configuration_id,plan_order,domain,pair,nA,nB,units,input_file,input_sha256,method,alpha,delta1,delta2,delta3,origin,attempt_path,status,validated,resource_limited,kA,kB,k,retained_A,retained_B,retained_total,solver_seconds,validation_seconds,warmup_seconds,total_seconds,peak_rss_mib,states,transitions,states_dequeued,completed_states_lower_bound,queue_size,chain_graphs_completed,graph_entered,solution_route,solver_optimality_claim,validation_status,limiting_phase,coupling_distance,coupling_feasible,raw_checkpoint_sha256,validation_proves_optimality,applicable_internal_seconds,effective_chain_cap,raw_status,supervisor_status,failure_reason,solver_time_kind,base_configuration_id,repetition,block_id,termination_reason,optional_measurement_status,configuration_sha256,raw_kA,raw_kB,raw_k,objective_consistency
hurricane:AL031854__AL011991:a0.5|Independent continuous|repetition1,1,hurricane,AL031854__AL011991,25,25,projected km,output\paper_v1\inputs\hurricane_AL031854__AL011991.npz,a2ab35b783cce3d389472b1841e85b92acc3171b29993a2566d04b6759b0b287,Independent continuous,0.5,85.27599670409697,82.01596010094092,426.1842176844774,new,output\paper_v1\expanded_comparison\timing_study\slots\01\attempts\timing001_ceb9016ca3104a1cb2a39ea5f0d2c6e8,validated,True,False,5.0,5.0,5.0,0.2,0.2,0.2,0.01117419998627156,0.0009735999919939786,8.921209899999667,9.634405899996636,210.88671875,,,0,0,,0,False,independent_optimization,True,validated,,725.5714648587692,False,4feb41c096a55c244ca54e72f954902d8644dc7f32baba56a877b422d4affd4e,False,,N/A,optimal_independent_baseline,worker_exited,,solution_return,hurricane:AL031854__AL011991:a0.5|Independent continuous,1,r1:AL031854__AL011991,validated,completed,0e10e43ff2d17de8e5fa80ce70bc8648c5101b2fe846959b4a45282a1b27bed2,5.0,5.0,5.0,agrees_with_primary
hurricane:AL031854__AL011991:a0.5|Independent discrete|repetition1,2,hurricane,AL031854__AL011991,25,25,projected km,output\paper_v1\inputs\hurricane_AL031854__AL011991.npz,a2ab35b783cce3d389472b1841e85b92acc3171b29993a2566d04b6759b0b287,Independent discrete,0.5,85.27599670409697,82.01596010094092,426.1842176844774,new,output\paper_v1\expanded_comparison\timing_study\slots\02\attempts\timing002_f2582108108a47ec810b171e03be260f,validated,True,False,20.0,19.0,20.0,0.8,0.76,0.78,0.006947600020794198,0.003429800010053441,6.757566600019345,7.431935900007375,193.94921875,,,0,0,,0,False,independent_optimization,True,validated,,426.1842176844774,True,828489dd434d381c3078878c49f7e4d354b1bc2b883fe026b90713a23dcbf021,False,,2000000 default,optimal_independent_baseline,worker_exited,,solution_return,hurricane:AL031854__AL011991:a0.5|Independent discrete,1,r1:AL031854__AL011991,validated,completed,48b9c4c3af6e44c78317a0ec6b3b5e7e10dce2e921aa901ed4421a966b26ae2b,20.0,19.0,20.0,agrees_with_primary
hurricane:AL031854__AL011991:a0.5|CPS-2F|repetition1,3,hurricane,AL031854__AL011991,25,25,projected km,output\paper_v1\inputs\hurricane_AL031854__AL011991.npz,a2ab35b783cce3d389472b1841e85b92acc3171b29993a2566d04b6759b0b287,CPS-2F,0.5,85.27599670409697,82.01596010094092,426.1842176844774,new,output\paper_v1\expanded_comparison\timing_study\slots\03\attempts\timing003_91287d00e9f34cdda177cb0c70d754f8,validated,True,False,5.0,5.0,5.0,0.2,0.2,0.2,9.980473000003258,0.0010614999919198453,9.911079499986954,20.53023549998761,223.1015625,5678.0,7076530.0,5678,5677,0.0,2,True,configuration_graph,True,validated,,426.1842176844774,True,fe744f6a2b4e068af99db4a63dcf9ba4267fa3447e7eab75484b8b8dfaca3f28,False,55.0,800000 main,optimal_configuration_graph,worker_exited,,solution_return,hurricane:AL031854__AL011991:a0.5|CPS-2F,1,r1:AL031854__AL011991,validated,completed,70535a3f63a00082859f1dd6df42816bae7e011ad2d116e7bd021a7145f8fd24,5.0,5.0,5.0,agrees_with_primary
hurricane:AL031854__AL011991:a0.5|CPS-3F|repetition1,4,hurricane,AL031854__AL011991,25,25,projected km,output\paper_v1\inputs\hurricane_AL031854__AL011991.npz,a2ab35b783cce3d389472b1841e85b92acc3171b29993a2566d04b6759b0b287,CPS-3F,0.5,85.27599670409697,82.01596010094092,426.1842176844774,new,output\paper_v1\expanded_comparison\timing_study\slots\04\attempts\timing004_22e5a2e3bf774d53a43b8e43cce41f84,validated,True,False,20.0,19.0,20.0,0.8,0.76,0.78,0.03635609999764711,0.0030934000096749514,6.845011900004465,7.515501399990171,195.12890625,522.0,6544.0,522,521,0.0,2,True,configuration_graph,True,validated,,426.1842176844774,True,b999f543d6935195a571f77ba77a535fc76df7df1c462984fec3b0f7018ce9e9,False,55.0,800000 main; 2000000 preprocessing,optimal_configuration_graph,worker_exited,,solution_return,hurricane:AL031854__AL011991:a0.5|CPS-3F,1,r1:AL031854__AL011991,validated,completed,c63c5b7f5185bbf0bdb30c5449dc01178064fb16ba10f03d02ad56f8e290ec43,20.0,19.0,20.0,agrees_with_primary
hurricane:EP021949__EP031949:a0.5|Independent continuous|repetition1,5,hurricane,EP021949__EP031949,25,25,projected km,output\paper_v1\inputs\hurricane_EP021949__EP031949.npz,bcd3a853b05dd5540a9e285ac6217db9ad9779bf00b033a2869181b105033790,Independent continuous,0.5,40.25507378715167,36.48157080151773,565.3421428246969,new,output\paper_v1\expanded_comparison\timing_study\slots\05\attempts\timing005_63d66b580c76492f8c20d6a55a783a33,validated,True,False,5.0,5.0,5.0,0.2,0.2,0.2,0.011127000005217269,0.0009349000174552202,8.794561399990926,9.455257399997208,211.26953125,,,0,0,,0,False,independent_optimization,True,validated,,790.6098883954147,False,a2e2c550d303fb6539ee49d75392fc03914587de01da8852009f36c3d56797c2,False,,N/A,optimal_independent_baseline,worker_exited,,solution_return,hurricane:EP021949__EP031949:a0.5|Independent continuous,1,r1:EP021949__EP031949,validated,completed,8e952770be4f023f6eebe25d0f54d3912d32c6e25bce738af4aec6d5f3bc9920,5.0,5.0,5.0,agrees_with_primary
hurricane:EP021949__EP031949:a0.5|Independent discrete|repetition1,6,hurricane,EP021949__EP031949,25,25,projected km,output\paper_v1\inputs\hurricane_EP021949__EP031949.npz,bcd3a853b05dd5540a9e285ac6217db9ad9779bf00b033a2869181b105033790,Independent discrete,0.5,40.25507378715167,36.48157080151773,565.3421428246969,new,output\paper_v1\expanded_comparison\timing_study\slots\06\attempts\timing006_32e247fbc1d54a12b378ee5da4837176,validated,True,False,25.0,18.0,25.0,1.0,0.72,0.86,0.005599099997198209,0.003316399990580976,6.808906399994157,7.465035300003365,194.4765625,,,0,0,,0,False,independent_optimization,True,validated,,565.3421428246969,True,86d339638d3d8d1b59f20c4b2d9b2a4d428eba7b7421c5e428e709bc789554fa,False,,2000000 default,optimal_independent_baseline,worker_exited,,solution_return,hurricane:EP021949__EP031949:a0.5|Independent discrete,1,r1:EP021949__EP031949,validated,completed,da79d3eb95902c1c23866f33028f7a5009090980f741e136a63f62a1b210544f,25.0,18.0,25.0,agrees_with_primary
hurricane:EP021949__EP031949:a0.5|CPS-2F|repetition1,7,hurricane,EP021949__EP031949,25,25,projected km,output\paper_v1\inputs\hurricane_EP021949__EP031949.npz,bcd3a853b05dd5540a9e285ac6217db9ad9779bf00b033a2869181b105033790,CPS-2F,0.5,40.25507378715167,36.48157080151773,565.3421428246969,new,output\paper_v1\expanded_comparison\timing_study\slots\07\attempts\timing007_f777e4017a074c799ee70cf9fb0b7ae3,validated,True,False,5.0,6.0,6.0,0.2,0.24,0.22,1.7414986999938264,0.0011251000105403364,9.759093900007429,12.105859200004488,222.6796875,2828.0,975595.0,2828,2827,0.0,2,True,configuration_graph,True,validated,,559.2493332576446,True,699ef2faee9f3ba8fd83816c08cb29215dab9e7cf3dd81ef419743c8cb51cb41,False,55.0,800000 main,optimal_configuration_graph,worker_exited,,solution_return,hurricane:EP021949__EP031949:a0.5|CPS-2F,1,r1:EP021949__EP031949,validated,completed,fdf1276b1054cbf62cace1ce955e121c11f8f589347b88e59896fd51ca81a19e,5.0,6.0,6.0,agrees_with_primary
hurricane:EP021949__EP031949:a0.5|CPS-3F|repetition1,8,hurricane,EP021949__EP031949,25,25,projected km,output\paper_v1\inputs\hurricane_EP021949__EP031949.npz,bcd3a853b05dd5540a9e285ac6217db9ad9779bf00b033a2869181b105033790,CPS-3F,0.5,40.25507378715167,36.48157080151773,565.3421428246969,new,output\paper_v1\expanded_comparison\timing_study\slots\08\attempts\timing008_db19840cf2ca485c80755c771660e2cc,validated,True,False,25.0,18.0,25.0,1.0,0.72,0.86,0.029696899990085512,0.003023199999006465,6.210817299986957,6.8672037000069395,195.1796875,301.0,1923.0,301,300,0.0,2,True,configuration_graph,True,validated,,565.3421428246969,True,b74319337018a3a9207e51bdd546686b95289dfdb5d052d2d26a5bc9317d35d4,False,55.0,800000 main; 2000000 preprocessing,optimal_configuration_graph,worker_exited,,solution_return,hurricane:EP021949__EP031949:a0.5|CPS-3F,1,r1:EP021949__EP031949,validated,completed,ac513c9cb2dfd7ea5ec5b1d3f208d137b1fc67173e399a7f8e1939dcce48f372,25.0,18.0,25.0,agrees_with_primary
protein:1o7j.a__1d9q.d:a0.5|Independent continuous|repetition1,9,protein,1o7j.a__1d9q.d,22,22,angstrom,output\paper_v1\inputs\protein_1o7j.a__1d9q.d.npz,6da737c8ea96bfb47844846e5920c7268988254098012fbdabfcb166eda79bc3,Independent continuous,0.5,9.476499139682725,10.101752088004297,47.96448297438429,new,output\paper_v1\expanded_comparison\timing_study\slots\09\attempts\timing009_0e304943d7634b6ebd5fd000f0050718,validated,True,False,16.0,15.0,16.0,0.7272727272727273,0.6818181818181818,0.7045454545454546,0.009765099996002391,0.002294600009918213,7.914212000003317,10.724911899975268,229.55078125,,,0,0,,0,False,independent_optimization,True,validated,,47.96448297438429,True,43b5aea74fbfe516d1376e45f16f59e54bb350e2f3fcc21bd6df8b087715680c,False,,N/A,optimal_independent_baseline,worker_exited,,solution_return,protein:1o7j.a__1d9q.d:a0.5|Independent continuous,1,r1:1o7j.a__1d9q.d,validated,completed,b0afd3fe917262a85133a12db7e4f6110117925f0730901017eaa952ddb8a476,16.0,15.0,16.0,agrees_with_primary
protein:1o7j.a__1d9q.d:a0.5|Independent discrete|repetition1,10,protein,1o7j.a__1d9q.d,22,22,angstrom,output\paper_v1\inputs\protein_1o7j.a__1d9q.d.npz,6da737c8ea96bfb47844846e5920c7268988254098012fbdabfcb166eda79bc3,Independent discrete,0.5,9.476499139682725,10.101752088004297,47.96448297438429,new,output\paper_v1\expanded_comparison\timing_study\slots\10\attempts\timing010_05359e8789814828b948f789b9e1022f,validated,True,False,20.0,19.0,20.0,0.9090909090909091,0.8636363636363636,0.8863636363636364,0.005184699984965846,0.00255279999691993,6.003299400006654,9.118056999985129,215.3203125,,,0,0,,0,False,independent_optimization,True,validated,,47.96448297438429,True,08ee34f0c5c3b9b13283b2503bf36b8b9d5752b0474c2a943f6d9343494c6c4f,False,,2000000 default,optimal_independent_baseline,worker_exited,,solution_return,protein:1o7j.a__1d9q.d:a0.5|Independent discrete,1,r1:1o7j.a__1d9q.d,validated,completed,752acccaf4056633600ec3fe023c377cf5c7e07008c97ad45596ff30afd7f143,20.0,19.0,20.0,agrees_with_primary
protein:1o7j.a__1d9q.d:a0.5|CPS-2F|repetition1,11,protein,1o7j.a__1d9q.d,22,22,angstrom,output\paper_v1\inputs\protein_1o7j.a__1d9q.d.npz,6da737c8ea96bfb47844846e5920c7268988254098012fbdabfcb166eda79bc3,CPS-2F,0.5,9.476499139682725,10.101752088004297,47.96448297438429,new,output\paper_v1\expanded_comparison\timing_study\slots\11\attempts\timing011_92955b14c2df45d8b4bf377aa3a4f8ba,validated,True,False,16.0,15.0,16.0,0.7272727272727273,0.6818181818181818,0.7045454545454546,7.021764400007669,0.006333600002108142,9.172764699993422,19.82888310000999,242.390625,22004.0,6617064.0,22004,22003,0.0,2,True,configuration_graph,True,validated,,47.96448297438429,True,375960148a4116dd8d4f243c3b67206fc64c6812c3bc6599323bff016947f7d3,False,55.0,800000 main,optimal_configuration_graph,worker_exited,,solution_return,protein:1o7j.a__1d9q.d:a0.5|CPS-2F,1,r1:1o7j.a__1d9q.d,validated,completed,7b48077deaffa42ee7a88afe5bdbf2941c913781e572d378a3ae329f3e4d5643,16.0,15.0,16.0,agrees_with_primary
protein:1o7j.a__1d9q.d:a0.5|CPS-3F|repetition1,12,protein,1o7j.a__1d9q.d,22,22,angstrom,output\paper_v1\inputs\protein_1o7j.a__1d9q.d.npz,6da737c8ea96bfb47844846e5920c7268988254098012fbdabfcb166eda79bc3,CPS-3F,0.5,9.476499139682725,10.101752088004297,47.96448297438429,new,output\paper_v1\expanded_comparison\timing_study\slots\12\attempts\timing012_2f895fc7d7634d7889d4728572b9e0f6,validated,True,False,20.0,19.0,20.0,0.9090909090909091,0.8636363636363636,0.8863636363636364,0.031105700007174164,0.0028725999873131514,6.640099400014151,10.570208599994658,216.71484375,669.0,3170.0,669,668,0.0,2,True,configuration_graph,True,validated,,47.96448297438429,True,a67cc4229db5a6ee6461d1871f8497a49cb3cd32e59c9e711a96a4281f09516a,False,55.0,800000 main; 2000000 preprocessing,optimal_configuration_graph,worker_exited,,solution_return,protein:1o7j.a__1d9q.d:a0.5|CPS-3F,1,r1:1o7j.a__1d9q.d,validated,completed,09da46f66c6f385e0b63853aff5b6d96c71b188d1a24e8b11cb5fca255d6e957,20.0,19.0,20.0,agrees_with_primary
protein:1o7j.a__1hfj.c:a0.5|Independent continuous|repetition1,13,protein,1o7j.a__1hfj.c,22,22,angstrom,output\paper_v1\inputs\protein_1o7j.a__1hfj.c.npz,7b773f6fd281824e25d8e444c9a70b1ca04a33b497237bdb6ee4b0605a6d1365,Independent continuous,0.5,9.476499139682725,9.537881702673165,0.9993252723713152,new,output\paper_v1\expanded_comparison\timing_study\slots\13\attempts\timing013_bb25fc5267e64b05a2cd916b1e685360,validated,True,False,16.0,16.0,16.0,0.7272727272727273,0.7272727272727273,0.7272727272727273,0.010239600000204518,0.002338399994187057,8.973726500000339,12.147162900015246,230.05078125,,,0,0,,0,False,independent_optimization,True,validated,,0.9993252723713151,True,70cf6f79f5ef4c08db3bcfce15f2950219837561ef6cc95df3a1c59a6c3cf827,False,,N/A,optimal_independent_baseline,worker_exited,,solution_return,protein:1o7j.a__1hfj.c:a0.5|Independent continuous,1,r1:1o7j.a__1hfj.c,validated,completed,b9a51752f23752e28f087201d98b34d46cbb998569c85b7bcf373b928f2f478b,16.0,16.0,16.0,agrees_with_primary
protein:1o7j.a__1hfj.c:a0.5|Independent discrete|repetition1,14,protein,1o7j.a__1hfj.c,22,22,angstrom,output\paper_v1\inputs\protein_1o7j.a__1hfj.c.npz,7b773f6fd281824e25d8e444c9a70b1ca04a33b497237bdb6ee4b0605a6d1365,Independent discrete,0.5,9.476499139682725,9.537881702673165,0.9993252723713152,new,output\paper_v1\expanded_comparison\timing_study\slots\14\attempts\timing014_dc8325fe6ac343b49fe136d8a1f97501,validated,True,False,20.0,20.0,20.0,0.9090909090909091,0.9090909090909091,0.9090909090909091,0.009255299984943122,0.0033292000007349998,6.844105199998012,10.681435099977534,215.6953125,,,0,0,,0,False,independent_optimization,True,validated,,0.9993252723713151,True,8ece78d097f319d937bfbb015f1ab4529ad2191faeddc7430eba0b2c070e9670,False,,2000000 default,optimal_independent_baseline,worker_exited,,solution_return,protein:1o7j.a__1hfj.c:a0.5|Independent discrete,1,r1:1o7j.a__1hfj.c,validated,completed,5d764045def44d9d2d6d43e6be8acc926869264e0ea207109b5b9ac68890d6dd,20.0,20.0,20.0,agrees_with_primary
protein:1o7j.a__1hfj.c:a0.5|CPS-2F|repetition1,15,protein,1o7j.a__1hfj.c,22,22,angstrom,output\paper_v1\inputs\protein_1o7j.a__1hfj.c.npz,7b773f6fd281824e25d8e444c9a70b1ca04a33b497237bdb6ee4b0605a6d1365,CPS-2F,0.5,9.476499139682725,9.537881702673165,0.9993252723713152,new,output\paper_v1\expanded_comparison\timing_study\slots\15\attempts\timing015_9fd298c018b0408a88f837f7bda657b1,validated,True,False,16.0,16.0,16.0,0.7272727272727273,0.7272727272727273,0.7272727272727273,0.38562050001928583,0.0025645999994594604,12.221793200005777,16.125700199976563,233.44921875,1273.0,168920.0,1273,1272,0.0,2,True,configuration_graph,True,validated,,0.9993252723713151,True,4c7dc3da062d21ca4040c9615722e27956b8fe84c3d6dd50715b30cc5bad0597,False,55.0,800000 main,optimal_configuration_graph,worker_exited,,solution_return,protein:1o7j.a__1hfj.c:a0.5|CPS-2F,1,r1:1o7j.a__1hfj.c,validated,completed,122a2843ef4ace21472aa77f29501d6c2c89d210949f327c461648c5e795ee1d,16.0,16.0,16.0,agrees_with_primary
protein:1o7j.a__1hfj.c:a0.5|CPS-3F|repetition1,16,protein,1o7j.a__1hfj.c,22,22,angstrom,output\paper_v1\inputs\protein_1o7j.a__1hfj.c.npz,7b773f6fd281824e25d8e444c9a70b1ca04a33b497237bdb6ee4b0605a6d1365,CPS-3F,0.5,9.476499139682725,9.537881702673165,0.9993252723713152,new,output\paper_v1\expanded_comparison\timing_study\slots\16\attempts\timing016_2f702bd5c05741d79a595ce58d63f3ea,validated,True,False,20.0,20.0,20.0,0.9090909090909091,0.9090909090909091,0.9090909090909091,0.025445700011914596,0.0030457999964710325,6.93393329999526,10.697278400009964,215.65625,42.0,108.0,42,41,0.0,2,True,configuration_graph,True,validated,,0.9993252723713151,True,8e187292b493969d51dfed3351ced3636380a44b2e03c89a57c7395596937baf,False,55.0,800000 main; 2000000 preprocessing,optimal_configuration_graph,worker_exited,,solution_return,protein:1o7j.a__1hfj.c:a0.5|CPS-3F,1,r1:1o7j.a__1hfj.c,validated,completed,82cb01184eee1be2368d6bf1f74b2d404edf97ccd7f934845d46e5529690da08,20.0,20.0,20.0,agrees_with_primary
protein:1o7j.a__1qd1.b:a0.5|Independent continuous|repetition1,17,protein,1o7j.a__1qd1.b,22,22,angstrom,output\paper_v1\expanded_comparison\inputs\protein_1o7j.a__1qd1.b.npz,ee71f8b3980b2ceeb3dfe43be7b165082559212dfed03bb475480ffc13dfaa10,Independent continuous,0.5,9.476499139682725,10.890797290213742,35.978995691931146,new,output\paper_v1\expanded_comparison\timing_study\slots\17\attempts\timing017_c0375172756848ceafc5944be4f76a79,validated,True,False,16.0,20.0,20.0,0.7272727272727273,0.9090909090909091,0.8181818181818182,0.009117099980358034,0.0031648000003769994,8.99300679998123,12.144583500019507,229.66015625,,,0,0,,0,False,independent_optimization,True,validated,,35.978995691931146,True,6e17ccec730dd5a0009a7e2f23e57c2f532e51b50fe811481525f84d970a3939,False,,N/A,optimal_independent_baseline,worker_exited,,solution_return,protein:1o7j.a__1qd1.b:a0.5|Independent continuous,1,r1:1o7j.a__1qd1.b,validated,completed,7fbee48331d84cd70cad4b54baa8e8834f26e2565c64e5fc9cc677c2410f557c,16.0,20.0,20.0,agrees_with_primary
protein:1o7j.a__1qd1.b:a0.5|Independent discrete|repetition1,18,protein,1o7j.a__1qd1.b,22,22,angstrom,output\paper_v1\expanded_comparison\inputs\protein_1o7j.a__1qd1.b.npz,ee71f8b3980b2ceeb3dfe43be7b165082559212dfed03bb475480ffc13dfaa10,Independent discrete,0.5,9.476499139682725,10.890797290213742,35.978995691931146,new,output\paper_v1\expanded_comparison\timing_study\slots\18\attempts\timing018_e2acd20ee8464abca4e7ea794434efb8,validated,True,False,20.0,20.0,20.0,0.9090909090909091,0.9090909090909091,0.9090909090909091,0.006517900008475408,0.005782299995189533,6.644285800022772,10.753708900010679,214.92578125,,,0,0,,0,False,independent_optimization,True,validated,,35.978995691931146,True,68b358273912cd84ac07a08bac50672c162011230afe3dacf19d5605a7850bad,False,,2000000 default,optimal_independent_baseline,worker_exited,,solution_return,protein:1o7j.a__1qd1.b:a0.5|Independent discrete,1,r1:1o7j.a__1qd1.b,validated,completed,c3da7037090132c24a754f6c1d8292dcd7189e89ca0283eca90baa7142ab3a24,20.0,20.0,20.0,agrees_with_primary
protein:1o7j.a__1qd1.b:a0.5|CPS-2F|repetition1,19,protein,1o7j.a__1qd1.b,22,22,angstrom,output\paper_v1\expanded_comparison\inputs\protein_1o7j.a__1qd1.b.npz,ee71f8b3980b2ceeb3dfe43be7b165082559212dfed03bb475480ffc13dfaa10,CPS-2F,0.5,9.476499139682725,10.890797290213742,35.978995691931146,new,output\paper_v1\expanded_comparison\timing_study\slots\19\attempts\timing019_a971951774f74c68a8ca0faedca0b421,validated,True,False,16.0,20.0,20.0,0.7272727272727273,0.9090909090909091,0.8181818181818182,4.28347280001617,0.00301059999037534,10.831944100005785,18.343110799993156,237.7578125,18848.0,3486971.0,18848,18847,0.0,2,True,configuration_graph,True,validated,,35.978995691931146,True,4cb16e5862dfacb2591d6c6832f3b85da0dc2f435f6fc01abd39c02cd21e5cad,False,55.0,800000 main,optimal_configuration_graph,worker_exited,,solution_return,protein:1o7j.a__1qd1.b:a0.5|CPS-2F,1,r1:1o7j.a__1qd1.b,validated,completed,a010567320a2fb052bbd33a096192f594b7590feccdabcbd2c6b948b627485d9,16.0,20.0,20.0,agrees_with_primary
protein:1o7j.a__1qd1.b:a0.5|CPS-3F|repetition1,20,protein,1o7j.a__1qd1.b,22,22,angstrom,output\paper_v1\expanded_comparison\inputs\protein_1o7j.a__1qd1.b.npz,ee71f8b3980b2ceeb3dfe43be7b165082559212dfed03bb475480ffc13dfaa10,CPS-3F,0.5,9.476499139682725,10.890797290213742,35.978995691931146,new,output\paper_v1\expanded_comparison\timing_study\slots\20\attempts\timing020_cfb56118975441eba348021ea9d4503f,validated,True,False,20.0,20.0,20.0,0.9090909090909091,0.9090909090909091,0.9090909090909091,0.02940680002211593,0.003028700011782348,7.12626829999499,10.88037389999954,215.65625,563.0,2448.0,563,562,0.0,2,True,configuration_graph,True,validated,,35.978995691931146,True,ff5d7c548898aec2a7daae87283c5e7d65dd942341733c904bbcc16124d4ab8b,False,55.0,800000 main; 2000000 preprocessing,optimal_configuration_graph,worker_exited,,solution_return,protein:1o7j.a__1qd1.b:a0.5|CPS-3F,1,r1:1o7j.a__1qd1.b,validated,completed,18eb124e8114e41d48da7588e09f8eec0ceba5e80523ff415f65fe4f6320d179,20.0,20.0,20.0,agrees_with_primary
protein:1o7j.a__4eca.d:a0.5|Independent continuous|repetition1,21,protein,1o7j.a__4eca.d,22,22,angstrom,output\paper_v1\expanded_comparison\inputs\protein_1o7j.a__4eca.d.npz,926bd75812d2daa4cb742c7dbd881611b05dc2d93343e85c35a1267077868b86,Independent continuous,0.5,9.476499139682725,8.78100160685718,15.364049921814237,new,output\paper_v1\expanded_comparison\timing_study\slots\21\attempts\timing021_3e9572229af84000be1bfbcdb5611276,validated,True,False,16.0,18.0,18.0,0.7272727272727273,0.8181818181818182,0.7727272727272727,0.010051700024632737,0.0028406000055838376,8.942757499986328,12.121302999992622,231.79296875,,,0,0,,0,False,independent_optimization,True,validated,,18.018355890591128,False,1b37876b854b3015c7506cfe9df02634b53e28807e908f484118456e61af32cd,False,,N/A,optimal_independent_baseline,worker_exited,,solution_return,protein:1o7j.a__4eca.d:a0.5|Independent continuous,1,r1:1o7j.a__4eca.d,validated,completed,45a831036d83c7a931e5e44953b10fc062adbdbef043823b17abd3e4dd790f4e,16.0,18.0,18.0,agrees_with_primary
protein:1o7j.a__4eca.d:a0.5|Independent discrete|repetition1,22,protein,1o7j.a__4eca.d,22,22,angstrom,output\paper_v1\expanded_comparison\inputs\protein_1o7j.a__4eca.d.npz,926bd75812d2daa4cb742c7dbd881611b05dc2d93343e85c35a1267077868b86,Independent discrete,0.5,9.476499139682725,8.78100160685718,15.364049921814237,new,output\paper_v1\expanded_comparison\timing_study\slots\22\attempts\timing022_14d0f66a20574c999bb01f8b012040f2,validated,True,False,20.0,21.0,21.0,0.9090909090909091,0.9545454545454546,0.9318181818181818,0.005585100007010624,0.003139199980068952,6.8263131999992765,11.025796300004004,214.71875,,,0,0,,0,False,independent_optimization,True,validated,,15.364049921814237,True,3e6d497f5def93940772814e5e9e9338e0a51f2688ba301c3c2c0fe6797ae737,False,,2000000 default,optimal_independent_baseline,worker_exited,,solution_return,protein:1o7j.a__4eca.d:a0.5|Independent discrete,1,r1:1o7j.a__4eca.d,validated,completed,464c50f5fb79113c911318a5327be32c3e1214234ba84675dc69f4459c2f0bec,20.0,21.0,21.0,agrees_with_primary
protein:1o7j.a__4eca.d:a0.5|CPS-2F|repetition1,23,protein,1o7j.a__4eca.d,22,22,angstrom,output\paper_v1\expanded_comparison\inputs\protein_1o7j.a__4eca.d.npz,926bd75812d2daa4cb742c7dbd881611b05dc2d93343e85c35a1267077868b86,CPS-2F,0.5,9.476499139682725,8.78100160685718,15.364049921814237,new,output\paper_v1\expanded_comparison\timing_study\slots\23\attempts\timing023_1e6f771f784047339785ff652d43d088,validated,True,False,17.0,18.0,18.0,0.7727272727272727,0.8181818181818182,0.7954545454545454,0.5070438999973703,0.002952100010588765,10.659940499986988,14.485351699986495,233.609375,2541.0,318922.0,2541,2540,0.0,2,True,configuration_graph,True,validated,,15.364049921814237,True,065983697a7b254f65a8ac8ab60fcff7dd5fd6f432abe4b90a777260621b7d2d,False,55.0,800000 main,optimal_configuration_graph,worker_exited,,solution_return,protein:1o7j.a__4eca.d:a0.5|CPS-2F,1,r1:1o7j.a__4eca.d,validated,completed,47b5cd2a51313a27268e321c797fa6ed3bcbdb4ce9c929ce63ee5cd0363a3351,17.0,18.0,18.0,agrees_with_primary
protein:1o7j.a__4eca.d:a0.5|CPS-3F|repetition1,24,protein,1o7j.a__4eca.d,22,22,angstrom,output\paper_v1\expanded_comparison\inputs\protein_1o7j.a__4eca.d.npz,926bd75812d2daa4cb742c7dbd881611b05dc2d93343e85c35a1267077868b86,CPS-3F,0.5,9.476499139682725,8.78100160685718,15.364049921814237,new,output\paper_v1\expanded_comparison\timing_study\slots\24\attempts\timing024_f7ae389af0384fcdaad3bc13143a16cb,validated,True,False,20.0,21.0,21.0,0.9090909090909091,0.9545454545454546,0.9318181818181818,0.026808700000401586,0.0033412999764550477,6.986862000019755,10.745258000009926,215.578125,109.0,638.0,109,108,0.0,2,True,configuration_graph,True,validated,,15.364049921814237,True,85081897dcec41e25d0c2ff7cd8b164632ba74c860b40d962d033a55c434550d,False,55.0,800000 main; 2000000 preprocessing,optimal_configuration_graph,worker_exited,,solution_return,protein:1o7j.a__4eca.d:a0.5|CPS-3F,1,r1:1o7j.a__4eca.d,validated,completed,fd1e5be853d5019dfafa0f6c33dd20a9a1088b939883a0b8cfd8f8829bcafdfa,20.0,21.0,21.0,agrees_with_primary
protein:1o7j.a__1toh.a:a0.5|Independent continuous|repetition1,25,protein,1o7j.a__1toh.a,22,22,angstrom,output\paper_v1\expanded_comparison\inputs\protein_1o7j.a__1toh.a.npz,5e6a2b9a37b78ae69edb4d6f22281db5d47f278893cbaca092fc6164e9b8337e,Independent continuous,0.5,9.476499139682725,10.346278485309295,37.12846564295379,new,output\paper_v1\expanded_comparison\timing_study\slots\25\attempts\timing025_464df60a5cad4c22bea1334b92097519,validated,True,False,16.0,16.0,16.0,0.7272727272727273,0.7272727272727273,0.7272727272727273,0.011045499995816499,0.0028708000027108938,10.203321900014998,13.518101199995726,230.7578125,,,0,0,,0,False,independent_optimization,True,validated,,37.12846564295379,True,095e63723efb3656e85d6ff462ec58a48a8fac3b3db7a2f476075ce84960778c,False,,N/A,optimal_independent_baseline,worker_exited,,solution_return,protein:1o7j.a__1toh.a:a0.5|Independent continuous,1,r1:1o7j.a__1toh.a,validated,completed,552159f9cf711331de32b8038bd1676d9f3de255a71b6cd6acb3a725a31e6792,16.0,16.0,16.0,agrees_with_primary
protein:1o7j.a__1toh.a:a0.5|Independent discrete|repetition1,26,protein,1o7j.a__1toh.a,22,22,angstrom,output\paper_v1\expanded_comparison\inputs\protein_1o7j.a__1toh.a.npz,5e6a2b9a37b78ae69edb4d6f22281db5d47f278893cbaca092fc6164e9b8337e,Independent discrete,0.5,9.476499139682725,10.346278485309295,37.12846564295379,new,output\paper_v1\expanded_comparison\timing_study\slots\26\attempts\timing026_3b8406749f514c60bc2c864580a87cbe,validated,True,False,20.0,21.0,21.0,0.9090909090909091,0.9545454545454546,0.9318181818181818,0.005089599988423288,0.0033678000036161393,7.866370300005656,11.690987399982987,214.91015625,,,0,0,,0,False,independent_optimization,True,validated,,37.12846564295379,True,a2c3651e90c4ff40a458b0e13409df7debd3e303a33e34001084733469728c76,False,,2000000 default,optimal_independent_baseline,worker_exited,,solution_return,protein:1o7j.a__1toh.a:a0.5|Independent discrete,1,r1:1o7j.a__1toh.a,validated,completed,1315d873c9674fc5cb8f5b9bf161c999f8650aa98349004b6863f6f229efad99,20.0,21.0,21.0,agrees_with_primary
protein:1o7j.a__1toh.a:a0.5|CPS-2F|repetition1,27,protein,1o7j.a__1toh.a,22,22,angstrom,output\paper_v1\expanded_comparison\inputs\protein_1o7j.a__1toh.a.npz,5e6a2b9a37b78ae69edb4d6f22281db5d47f278893cbaca092fc6164e9b8337e,CPS-2F,0.5,9.476499139682725,10.346278485309295,37.12846564295379,new,output\paper_v1\expanded_comparison\timing_study\slots\27\attempts\timing027_d65848d0c7744770b122ade1ff211840,validated,True,False,16.0,16.0,16.0,0.7272727272727273,0.7272727272727273,0.7272727272727273,3.577524499996798,0.0026757000014185905,11.181713099998888,18.103977699996904,236.74609375,16301.0,2930899.0,16301,16300,0.0,2,True,configuration_graph,True,validated,,37.12846564295379,True,dfa34f1f6ac0ec39c924730ce03b73af1e3ffeaa5092a0bf97ed845f9a1bc372,False,55.0,800000 main,optimal_configuration_graph,worker_exited,,solution_return,protein:1o7j.a__1toh.a:a0.5|CPS-2F,1,r1:1o7j.a__1toh.a,validated,completed,ee8d782d0d6629b37bef791b050bbbfffc6d932ada58365a10f5991c8a79ba6c,16.0,16.0,16.0,agrees_with_primary
protein:1o7j.a__1toh.a:a0.5|CPS-3F|repetition1,28,protein,1o7j.a__1toh.a,22,22,angstrom,output\paper_v1\expanded_comparison\inputs\protein_1o7j.a__1toh.a.npz,5e6a2b9a37b78ae69edb4d6f22281db5d47f278893cbaca092fc6164e9b8337e,CPS-3F,0.5,9.476499139682725,10.346278485309295,37.12846564295379,new,output\paper_v1\expanded_comparison\timing_study\slots\28\attempts\timing028_0e17c5b4953949f9b36ff91551f58f2c,validated,True,False,20.0,21.0,21.0,0.9090909090909091,0.9545454545454546,0.9318181818181818,0.0292736999981571,0.0029556999797932804,6.434221800009254,9.850580700003775,214.609375,473.0,1887.0,473,472,0.0,2,True,configuration_graph,True,validated,,37.12846564295379,True,a377ec70c794c950b2bd9a097c229edb0b9c386e2af88d8619073e550cf23166,False,55.0,800000 main; 2000000 preprocessing,optimal_configuration_graph,worker_exited,,solution_return,protein:1o7j.a__1toh.a:a0.5|CPS-3F,1,r1:1o7j.a__1toh.a,validated,completed,59db1227b5782965dfbc64f13bf219262e15ff856cd7670bcb5fd0a00358c72f,20.0,21.0,21.0,agrees_with_primary
hurricane:EP111954__EP021984:a0.5|Independent continuous|repetition1,29,hurricane,EP111954__EP021984,25,82,projected km,output\paper_v1\expanded_comparison\inputs\hurricane_EP111954__EP021984.npz,f6f69328452dbeb2c9b701abdb3760ce7a95f9de1a53ed1dcbd1261aa4023d20,Independent continuous,0.5,62.59116991555275,21.5881714404469,411.7453872318912,new,output\paper_v1\expanded_comparison\timing_study\slots\29\attempts\timing029_1c6aeb0885124fc8a8163ba726cc9654,validated,True,False,4.0,16.0,16.0,0.16,0.1951219512195122,0.18691588785046728,0.12898779998067766,0.0017646999913267791,7.8750681999954395,8.668797299993457,213.25390625,,,0,0,,0,False,independent_optimization,True,validated,,720.228597506722,False,8d9594e4b7c40ce8936b9d52a357a43fa0ef2f875208cc6f1ed61bb5db31df74,False,,N/A,optimal_independent_baseline,worker_exited,,solution_return,hurricane:EP111954__EP021984:a0.5|Independent continuous,1,r1:EP111954__EP021984,validated,completed,0544b676330a70c1e8c6d6722cf3e70128294ac99c9007e09543a79f1b07d1e9,4.0,16.0,16.0,agrees_with_primary
hurricane:EP111954__EP021984:a0.5|Independent discrete|repetition1,30,hurricane,EP111954__EP021984,25,82,projected km,output\paper_v1\expanded_comparison\inputs\hurricane_EP111954__EP021984.npz,f6f69328452dbeb2c9b701abdb3760ce7a95f9de1a53ed1dcbd1261aa4023d20,Independent discrete,0.5,62.59116991555275,21.5881714404469,411.7453872318912,new,output\paper_v1\expanded_comparison\timing_study\slots\30\attempts\timing030_1f298cd4a6b3436686499b86a3c02b7e,validated,True,False,25.0,79.0,79.0,1.0,0.9634146341463414,0.9719626168224299,0.012915900006191805,0.012247399979969487,5.763629599998239,6.46822570002405,194.5546875,,,0,0,,0,False,independent_optimization,True,validated,,411.7453872318912,True,4cdd3c3bda34ccf73ab7e10c70dc34da31e02305757ef93273b7608570659dbe,False,,2000000 default,optimal_independent_baseline,worker_exited,,solution_return,hurricane:EP111954__EP021984:a0.5|Independent discrete,1,r1:EP111954__EP021984,validated,completed,2e6bdc2fa3592a67849c3f7488d8fae3e69d82b5c7dd72c97b0bc77923f96e21,25.0,79.0,79.0,agrees_with_primary
hurricane:EP111954__EP021984:a0.5|CPS-2F|repetition1,31,hurricane,EP111954__EP021984,25,82,projected km,output\paper_v1\expanded_comparison\inputs\hurricane_EP111954__EP021984.npz,f6f69328452dbeb2c9b701abdb3760ce7a95f9de1a53ed1dcbd1261aa4023d20,CPS-2F,0.5,62.59116991555275,21.5881714404469,411.7453872318912,new,output\paper_v1\expanded_comparison\timing_study\slots\31\attempts\timing031_079ba8843417470f8fe743b1d3a2698c,validated,True,False,6.0,16.0,16.0,0.24,0.1951219512195122,0.205607476635514,14.106491499987897,0.0023339999897871166,8.790207699988969,23.48405629998888,231.9140625,7341.0,5699716.0,7341,7340,0.0,2,True,configuration_graph,True,validated,,391.07954231396457,True,825c3e64c8193b396aeb19622af7698bb4f3feb3ddea2f4e5ff559a655e8fcf2,False,55.0,800000 main,optimal_configuration_graph,worker_exited,,solution_return,hurricane:EP111954__EP021984:a0.5|CPS-2F,1,r1:EP111954__EP021984,validated,completed,a330da60fee33f05f7aa07bc8cbcbc15f5777f720f9770e72879ded0fdf543f8,6.0,16.0,16.0,agrees_with_primary
hurricane:EP111954__EP021984:a0.5|CPS-3F|repetition1,32,hurricane,EP111954__EP021984,25,82,projected km,output\paper_v1\expanded_comparison\inputs\hurricane_EP111954__EP021984.npz,f6f69328452dbeb2c9b701abdb3760ce7a95f9de1a53ed1dcbd1261aa4023d20,CPS-3F,0.5,62.59116991555275,21.5881714404469,411.7453872318912,new,output\paper_v1\expanded_comparison\timing_study\slots\32\attempts\timing032_9a42a8b3f99f475f921f50e6d9ba0720,validated,True,False,25.0,79.0,79.0,1.0,0.9634146341463414,0.9719626168224299,0.06484310000087135,0.01624739999533631,6.744585599983111,7.586961100023473,194.87890625,493.0,1406.0,493,492,0.0,2,True,configuration_graph,True,validated,,411.7453872318912,True,db47bcd34cd7a125128eec9693792fc2cd3359ae73b75321c91694d62f4e1cb8,False,55.0,800000 main; 2000000 preprocessing,optimal_configuration_graph,worker_exited,,solution_return,hurricane:EP111954__EP021984:a0.5|CPS-3F,1,r1:EP111954__EP021984,validated,completed,ff1c37d8d84679f80fc5b1aadb33f9f1e7029336f05f7c66b1aa45f2728ffe8f,25.0,79.0,79.0,agrees_with_primary
hurricane:AL072006__AL011900:a0.5|Independent continuous|repetition1,33,hurricane,AL072006__AL011900,62,81,projected km,output\paper_v1\expanded_comparison\inputs\hurricane_AL072006__AL011900.npz,d1c7ae57c312b1c5a78b6a809f85412f79e79e9cffd6209bda018544b7cd301f,Independent continuous,0.5,83.40813893161072,81.15849951823131,2969.784643498885,new,output\paper_v1\expanded_comparison\timing_study\slots\33\attempts\timing033_3bd88b7684ea447fa4bde243ff029888,validated,True,False,12.0,10.0,12.0,0.1935483870967742,0.12345679012345678,0.15384615384615385,0.16480450000381097,0.0024389999744016677,7.937202300003264,8.748311300005298,211.5390625,,,0,0,,0,False,independent_optimization,True,validated,,2961.871080312045,True,04a557e97fb808769619c8bd610bd8ed770394787f957b9cb02257aeea75f73e,False,,N/A,optimal_independent_baseline,worker_exited,,solution_return,hurricane:AL072006__AL011900:a0.5|Independent continuous,1,r1:AL072006__AL011900,validated,completed,8d741b21cb9cccf299f33006d89e4c65a88ea8d814b8ff89f81c1a93be118921,12.0,10.0,12.0,agrees_with_primary
hurricane:AL072006__AL011900:a0.5|Independent discrete|repetition1,34,hurricane,AL072006__AL011900,62,81,projected km,output\paper_v1\expanded_comparison\inputs\hurricane_AL072006__AL011900.npz,d1c7ae57c312b1c5a78b6a809f85412f79e79e9cffd6209bda018544b7cd301f,Independent discrete,0.5,83.40813893161072,81.15849951823131,2969.784643498885,new,output\paper_v1\expanded_comparison\timing_study\slots\34\attempts\timing034_66cb683d5f2a485d91574028b085146c,validated,True,False,60.0,75.0,75.0,0.967741935483871,0.9259259259259259,0.9440559440559441,0.02053380000870675,0.0304127000272274,5.793359100003727,6.602757599990582,194.7109375,,,0,0,,0,False,independent_optimization,True,validated,,2969.784643498885,True,d161c94bd0700502862b53e483d4abe601c33b94293dac915cef9ef5db189cb6,False,,2000000 default,optimal_independent_baseline,worker_exited,,solution_return,hurricane:AL072006__AL011900:a0.5|Independent discrete,1,r1:AL072006__AL011900,validated,completed,7a73687139619eb988ef129b1a00defd58f14f982f6d68a324f3b1a16abb712e,60.0,75.0,75.0,agrees_with_primary
hurricane:AL072006__AL011900:a0.5|CPS-2F|repetition1,35,hurricane,AL072006__AL011900,62,81,projected km,output\paper_v1\expanded_comparison\inputs\hurricane_AL072006__AL011900.npz,d1c7ae57c312b1c5a78b6a809f85412f79e79e9cffd6209bda018544b7cd301f,CPS-2F,0.5,83.40813893161072,81.15849951823131,2969.784643498885,new,output\paper_v1\expanded_comparison\timing_study\slots\35\attempts\timing035_4e3d313efe354c4594ff17aac3ca3a54,transition_budget_limit,False,True,,,,,,,26.5906797000207,,9.066385000012815,36.20201229999657,248.5859375,14181.0,20000001.0,2324,2323,11857.0,2,True,configuration_graph,False,not_run_no_solution,solver / configuration_graph,,,,False,55.0,800000 main,transition_budget_limit,worker_exited,product transition budget exceeded,time_to_termination,hurricane:AL072006__AL011900:a0.5|CPS-2F,1,r1:AL072006__AL011900,transition_budget_limit,,bba870ae238f35dbca02cc16a8b7c2b89c5d7ddfcecd9565af162bfafd5bf40b,,,,not_validated
hurricane:AL072006__AL011900:a0.5|CPS-3F|repetition1,36,hurricane,AL072006__AL011900,62,81,projected km,output\paper_v1\expanded_comparison\inputs\hurricane_AL072006__AL011900.npz,d1c7ae57c312b1c5a78b6a809f85412f79e79e9cffd6209bda018544b7cd301f,CPS-3F,0.5,83.40813893161072,81.15849951823131,2969.784643498885,new,output\paper_v1\expanded_comparison\timing_study\slots\36\attempts\timing036_ea5b72750dc64eda966a8a6669a9d1e1,validated,True,False,60.0,75.0,75.0,0.967741935483871,0.9259259259259259,0.9440559440559441,0.12982719999854453,0.02621700000599958,6.2299262000015005,7.181763300002785,195.9765625,2724.0,14141.0,2724,2723,0.0,2,True,configuration_graph,True,validated,,2969.784643498885,True,03135983c0d82c6ffd2ae69d32c1e69e4f0b6087b396dc4ddbdea8e98d82b111,False,55.0,800000 main; 2000000 preprocessing,optimal_configuration_graph,worker_exited,,solution_return,hurricane:AL072006__AL011900:a0.5|CPS-3F,1,r1:AL072006__AL011900,validated,completed,fa578e9fef73d9a9810305c7a43086380e2d4ce7c7c6d40b9f7e5ac5f0c28f88,60.0,75.0,75.0,agrees_with_primary
hurricane:EP012014__EP212006:a0.5|Independent continuous|repetition1,37,hurricane,EP012014__EP212006,30,29,projected km,output\paper_v1\expanded_comparison\inputs\hurricane_EP012014__EP212006.npz,b1ea8828119b71374fb3be9b07b5e3d7cd5ed7f81701351d279a01dd32677ddf,Independent continuous,0.5,22.088133009069068,20.773394823842597,628.8969388779135,new,output\paper_v1\expanded_comparison\timing_study\slots\37\attempts\timing037_348fd4c4bc29498eb2a8db42522cdda9,validated,True,False,5.0,7.0,7.0,0.16666666666666666,0.2413793103448276,0.2033898305084746,0.014473499992163852,0.001057099987519905,8.125448200007668,8.759973599982914,211.44140625,,,0,0,,0,False,independent_optimization,True,validated,,628.8969388779135,True,5db4cf689e6553939f1520a1c2f82ebfbab160e9940d30feabad1c83c8d6e4e2,False,,N/A,optimal_independent_baseline,worker_exited,,solution_return,hurricane:EP012014__EP212006:a0.5|Independent continuous,1,r1:EP012014__EP212006,validated,completed,ec930035c8c2f334833f41b32d1381500f3d0b7b053da1d0b4ddb1256fd56a3c,5.0,7.0,7.0,agrees_with_primary
hurricane:EP012014__EP212006:a0.5|Independent discrete|repetition1,38,hurricane,EP012014__EP212006,30,29,projected km,output\paper_v1\expanded_comparison\inputs\hurricane_EP012014__EP212006.npz,b1ea8828119b71374fb3be9b07b5e3d7cd5ed7f81701351d279a01dd32677ddf,Independent discrete,0.5,22.088133009069068,20.773394823842597,628.8969388779135,new,output\paper_v1\expanded_comparison\timing_study\slots\38\attempts\timing038_c2e1d19b946a40cfa1d18a1cca36310d,validated,True,False,28.0,27.0,28.0,0.9333333333333333,0.9310344827586207,0.9322033898305084,0.006387300003552809,0.004518300003837794,5.806186000001617,6.435890299995663,194.15234375,,,0,0,,0,False,independent_optimization,True,validated,,628.8969388779135,True,7aafac26de5db31ebebd0921f4154090ac518456593ffbe26050469339f6e211,False,,2000000 default,optimal_independent_baseline,worker_exited,,solution_return,hurricane:EP012014__EP212006:a0.5|Independent discrete,1,r1:EP012014__EP212006,validated,completed,02cb97ac4fca5f28fd6a71ce3e1d27ad34992d46a59edca45547cb6acbc8563e,28.0,27.0,28.0,agrees_with_primary
hurricane:EP012014__EP212006:a0.5|CPS-2F|repetition1,39,hurricane,EP012014__EP212006,30,29,projected km,output\paper_v1\expanded_comparison\inputs\hurricane_EP012014__EP212006.npz,b1ea8828119b71374fb3be9b07b5e3d7cd5ed7f81701351d279a01dd32677ddf,CPS-2F,0.5,22.088133009069068,20.773394823842597,628.8969388779135,new,output\paper_v1\expanded_comparison\timing_study\slots\39\attempts\timing039_1d58bc9a523a4e6d8fe5c5675fe3badd,validated,True,False,5.0,7.0,7.0,0.16666666666666666,0.2413793103448276,0.2033898305084746,1.8001885000267066,0.0015505000192206353,20.263501100009307,22.804340100003174,221.01171875,3254.0,724841.0,3254,3253,0.0,2,True,configuration_graph,True,validated,,628.8969388779135,True,b6e9484c1f419eace82eda1f4627512eb5325458bd1f9df66f3c795f74c6f4bf,False,55.0,800000 main,optimal_configuration_graph,worker_exited,,solution_return,hurricane:EP012014__EP212006:a0.5|CPS-2F,1,r1:EP012014__EP212006,validated,completed,f74ffceadf19ed201855c8bf9e4e36a58afe6f7380668feee6144348b410d62c,5.0,7.0,7.0,agrees_with_primary
hurricane:EP012014__EP212006:a0.5|CPS-3F|repetition1,40,hurricane,EP012014__EP212006,30,29,projected km,output\paper_v1\expanded_comparison\inputs\hurricane_EP012014__EP212006.npz,b1ea8828119b71374fb3be9b07b5e3d7cd5ed7f81701351d279a01dd32677ddf,CPS-3F,0.5,22.088133009069068,20.773394823842597,628.8969388779135,new,output\paper_v1\expanded_comparison\timing_study\slots\40\attempts\timing040_e17c0a68843a465fa02d8de49eb131d7,validated,True,False,28.0,27.0,28.0,0.9333333333333333,0.9310344827586207,0.9322033898305084,0.028642100020078942,0.00535449999733828,6.044324199989205,6.991500699979952,194.65625,269.0,777.0,269,268,0.0,2,True,configuration_graph,True,validated,,628.8969388779135,True,29eef2717da889947a4c3361ae56f7a758616ec1770bd2e5fa965b15e177567c,False,55.0,800000 main; 2000000 preprocessing,optimal_configuration_graph,worker_exited,,solution_return,hurricane:EP012014__EP212006:a0.5|CPS-3F,1,r1:EP012014__EP212006,validated,completed,31885fe8ccc0017931c14ea3e2a1acb32bb5f36df1b7d0249f5727dede2d71c1,28.0,27.0,28.0,agrees_with_primary
hurricane:AL031854__AL011991:a0.5|Independent discrete|repetition2,41,hurricane,AL031854__AL011991,25,25,projected km,output\paper_v1\inputs\hurricane_AL031854__AL011991.npz,a2ab35b783cce3d389472b1841e85b92acc3171b29993a2566d04b6759b0b287,Independent discrete,0.5,85.27599670409697,82.01596010094092,426.1842176844774,new,output\paper_v1\expanded_comparison\timing_study\slots\41\attempts\timing041_08d1e334250148b4b88b6880f4b9c806,validated,True,False,20.0,19.0,20.0,0.8,0.76,0.78,0.005955600005108863,0.002750999992713332,5.769841800007271,6.354025599983288,193.37109375,,,0,0,,0,False,independent_optimization,True,validated,,426.1842176844774,True,818a5ac5b843682704e871a9c90767bd673966d2c6d42effcf7553cf5256d722,False,,2000000 default,optimal_independent_baseline,worker_exited,,solution_return,hurricane:AL031854__AL011991:a0.5|Independent discrete,2,r2:AL031854__AL011991,validated,completed,d23da482a159c0f0ff61eb63561620c77f8fbaedc6da116db7ef894e4b4ec7e0,20.0,19.0,20.0,agrees_with_primary
hurricane:AL031854__AL011991:a0.5|CPS-2F|repetition2,42,hurricane,AL031854__AL011991,25,25,projected km,output\paper_v1\inputs\hurricane_AL031854__AL011991.npz,a2ab35b783cce3d389472b1841e85b92acc3171b29993a2566d04b6759b0b287,CPS-2F,0.5,85.27599670409697,82.01596010094092,426.1842176844774,new,output\paper_v1\expanded_comparison\timing_study\slots\42\attempts\timing042_d18a2b6bd85448878d2ccba032709fd8,validated,True,False,5.0,5.0,5.0,0.2,0.2,0.2,8.125591099989833,0.0010211000044364482,8.796588700002758,17.56663009998738,223.33203125,5678.0,7076530.0,5678,5677,0.0,2,True,configuration_graph,True,validated,,426.1842176844774,True,4cd4532113c3f643c6cfac6b3406c0ee0e2cc83c69698aa30ef9812f8d0f056b,False,55.0,800000 main,optimal_configuration_graph,worker_exited,,solution_return,hurricane:AL031854__AL011991:a0.5|CPS-2F,2,r2:AL031854__AL011991,validated,completed,a72b2c7c2a4f12940e70606476e338c5889d935082f85f4b03dd81f16f8ba94d,5.0,5.0,5.0,agrees_with_primary
hurricane:AL031854__AL011991:a0.5|CPS-3F|repetition2,43,hurricane,AL031854__AL011991,25,25,projected km,output\paper_v1\inputs\hurricane_AL031854__AL011991.npz,a2ab35b783cce3d389472b1841e85b92acc3171b29993a2566d04b6759b0b287,CPS-3F,0.5,85.27599670409697,82.01596010094092,426.1842176844774,new,output\paper_v1\expanded_comparison\timing_study\slots\43\attempts\timing043_091929f2c4b84236b7484b694975b242,validated,True,False,20.0,19.0,20.0,0.8,0.76,0.78,0.03585010001552291,0.0029786000086460263,6.160598199989181,6.77189350000117,194.8125,522.0,6544.0,522,521,0.0,2,True,configuration_graph,True,validated,,426.1842176844774,True,2d19133bc4bc7a8c4c0fa036ea0d877d900591f3f8471fc5546a11b856f1dcc0,False,55.0,800000 main; 2000000 preprocessing,optimal_configuration_graph,worker_exited,,solution_return,hurricane:AL031854__AL011991:a0.5|CPS-3F,2,r2:AL031854__AL011991,validated,completed,e38c0c4b67d1c0566a36c7da38b7222a4d91a15b0c78fac6c8ad570acd0741da,20.0,19.0,20.0,agrees_with_primary
hurricane:AL031854__AL011991:a0.5|Independent continuous|repetition2,44,hurricane,AL031854__AL011991,25,25,projected km,output\paper_v1\inputs\hurricane_AL031854__AL011991.npz,a2ab35b783cce3d389472b1841e85b92acc3171b29993a2566d04b6759b0b287,Independent continuous,0.5,85.27599670409697,82.01596010094092,426.1842176844774,new,output\paper_v1\expanded_comparison\timing_study\slots\44\attempts\timing044_5358bd0ba1d348c784532407cfe089a5,validated,True,False,5.0,5.0,5.0,0.2,0.2,0.2,0.010371000011218712,0.0009420999849680811,8.541258400015067,9.186406399996486,211.71875,,,0,0,,0,False,independent_optimization,True,validated,,725.5714648587692,False,ae6b65231dd229ae3756caf1f2869607e9d2dd4fa7ea5849fdcc61b0e082a6dc,False,,N/A,optimal_independent_baseline,worker_exited,,solution_return,hurricane:AL031854__AL011991:a0.5|Independent continuous,2,r2:AL031854__AL011991,validated,completed,ab497246d1169f631371a9ea0b99a3bd576120f8fb2a16c10417796ac07765a9,5.0,5.0,5.0,agrees_with_primary
hurricane:EP021949__EP031949:a0.5|Independent discrete|repetition2,45,hurricane,EP021949__EP031949,25,25,projected km,output\paper_v1\inputs\hurricane_EP021949__EP031949.npz,bcd3a853b05dd5540a9e285ac6217db9ad9779bf00b033a2869181b105033790,Independent discrete,0.5,40.25507378715167,36.48157080151773,565.3421428246969,new,output\paper_v1\expanded_comparison\timing_study\slots\45\attempts\timing045_6e220ac265ab4522a3d797dacb752db0,validated,True,False,25.0,18.0,25.0,1.0,0.72,0.86,0.007275400013895705,0.0031518000178039074,5.743936800019583,6.35659450001549,193.8359375,,,0,0,,0,False,independent_optimization,True,validated,,565.3421428246969,True,5eaaf5acf569a060fe11175ab51f4c215498bcedc5b423752cc2ac10dba648cc,False,,2000000 default,optimal_independent_baseline,worker_exited,,solution_return,hurricane:EP021949__EP031949:a0.5|Independent discrete,2,r2:EP021949__EP031949,validated,completed,138939914f6ae5522042d23211dd8d224bb7e37b678fa1a44246cabd46c70df7,25.0,18.0,25.0,agrees_with_primary
hurricane:EP021949__EP031949:a0.5|CPS-2F|repetition2,46,hurricane,EP021949__EP031949,25,25,projected km,output\paper_v1\inputs\hurricane_EP021949__EP031949.npz,bcd3a853b05dd5540a9e285ac6217db9ad9779bf00b033a2869181b105033790,CPS-2F,0.5,40.25507378715167,36.48157080151773,565.3421428246969,new,output\paper_v1\expanded_comparison\timing_study\slots\46\attempts\timing046_88107b88146047538150a92cf209fbc7,validated,True,False,5.0,6.0,6.0,0.2,0.24,0.22,1.5719833999755792,0.0010742000013124198,8.80285670000012,10.993371899996419,222.87890625,2828.0,975595.0,2828,2827,0.0,2,True,configuration_graph,True,validated,,559.2493332576446,True,caa8a8824a0b899d4186edc9d310baf8e8326d893af9d8eb12b608882b262c13,False,55.0,800000 main,optimal_configuration_graph,worker_exited,,solution_return,hurricane:EP021949__EP031949:a0.5|CPS-2F,2,r2:EP021949__EP031949,validated,completed,034dfb1d4420d6dff11102ba39f67d42ad454f50f49359d9e6dc1ff349d753b9,5.0,6.0,6.0,agrees_with_primary
hurricane:EP021949__EP031949:a0.5|CPS-3F|repetition2,47,hurricane,EP021949__EP031949,25,25,projected km,output\paper_v1\inputs\hurricane_EP021949__EP031949.npz,bcd3a853b05dd5540a9e285ac6217db9ad9779bf00b033a2869181b105033790,CPS-3F,0.5,40.25507378715167,36.48157080151773,565.3421428246969,new,output\paper_v1\expanded_comparison\timing_study\slots\47\attempts\timing047_229e01b22b014da5a1879c5da22ab554,validated,True,False,25.0,18.0,25.0,1.0,0.72,0.86,0.048412400006782264,0.004888499999651685,6.311955799988937,6.976548100006767,194.87890625,301.0,1923.0,301,300,0.0,2,True,configuration_graph,True,validated,,565.3421428246969,True,26bd04872be771ad10e6df164dd35d6218fcfd550c50c8bf54250c48254897c5,False,55.0,800000 main; 2000000 preprocessing,optimal_configuration_graph,worker_exited,,solution_return,hurricane:EP021949__EP031949:a0.5|CPS-3F,2,r2:EP021949__EP031949,validated,completed,86444ddc84b81dd0774f69191287d7752607b97b9700d20af4c154b03ecff0f3,25.0,18.0,25.0,agrees_with_primary
hurricane:EP021949__EP031949:a0.5|Independent continuous|repetition2,48,hurricane,EP021949__EP031949,25,25,projected km,output\paper_v1\inputs\hurricane_EP021949__EP031949.npz,bcd3a853b05dd5540a9e285ac6217db9ad9779bf00b033a2869181b105033790,Independent continuous,0.5,40.25507378715167,36.48157080151773,565.3421428246969,new,output\paper_v1\expanded_comparison\timing_study\slots\48\attempts\timing048_0061b62f345144a6bb1c4c8d33303e74,validated,True,False,5.0,5.0,5.0,0.2,0.2,0.2,0.01070300000719726,0.0009511999960523099,9.149852599977748,9.915792899992084,211.65234375,,,0,0,,0,False,independent_optimization,True,validated,,790.6098883954147,False,3c33b8cf0b1942455c8d0e23527dfad3f0f5e9354176a34567057cb367fa341b,False,,N/A,optimal_independent_baseline,worker_exited,,solution_return,hurricane:EP021949__EP031949:a0.5|Independent continuous,2,r2:EP021949__EP031949,validated,completed,4ce2d5b73a741bc145c7130ad3ff598ecfd4bda86fce30687347b2b48ec2b19e,5.0,5.0,5.0,agrees_with_primary
protein:1o7j.a__1d9q.d:a0.5|Independent discrete|repetition2,49,protein,1o7j.a__1d9q.d,22,22,angstrom,output\paper_v1\inputs\protein_1o7j.a__1d9q.d.npz,6da737c8ea96bfb47844846e5920c7268988254098012fbdabfcb166eda79bc3,Independent discrete,0.5,9.476499139682725,10.101752088004297,47.96448297438429,new,output\paper_v1\expanded_comparison\timing_study\slots\49\attempts\timing049_82402c9475b542c994e0308f8177c44c,validated,True,False,20.0,19.0,20.0,0.9090909090909091,0.8636363636363636,0.8863636363636364,0.0058182000066153705,0.002421900018816814,6.211593799991533,9.393187200010289,214.69140625,,,0,0,,0,False,independent_optimization,True,validated,,47.96448297438429,True,3acdb6f751202ecabd5bf3f1a8bec63b0b1e8da0c2e699cf5c137253e6be1353,False,,2000000 default,optimal_independent_baseline,worker_exited,,solution_return,protein:1o7j.a__1d9q.d:a0.5|Independent discrete,2,r2:1o7j.a__1d9q.d,validated,completed,4f067e28ccffd2b6c21c8793db0c634fbd66b2a33be0adf87cdcc6809172a2bc,20.0,19.0,20.0,agrees_with_primary
protein:1o7j.a__1d9q.d:a0.5|CPS-2F|repetition2,50,protein,1o7j.a__1d9q.d,22,22,angstrom,output\paper_v1\inputs\protein_1o7j.a__1d9q.d.npz,6da737c8ea96bfb47844846e5920c7268988254098012fbdabfcb166eda79bc3,CPS-2F,0.5,9.476499139682725,10.101752088004297,47.96448297438429,new,output\paper_v1\expanded_comparison\timing_study\slots\50\attempts\timing050_55548b9a12924858b5eac2d2766166e8,validated,True,False,16.0,15.0,16.0,0.7272727272727273,0.6818181818181818,0.7045454545454546,7.010161899990635,0.002405499981250614,8.861293899972225,18.853732499992475,241.88671875,22004.0,6617064.0,22004,22003,0.0,2,True,configuration_graph,True,validated,,47.96448297438429,True,03dd5bf3a286e13215dce1f9d9dd0eae0451919337b996b280f6b095f4154a47,False,55.0,800000 main,optimal_configuration_graph,worker_exited,,solution_return,protein:1o7j.a__1d9q.d:a0.5|CPS-2F,2,r2:1o7j.a__1d9q.d,validated,completed,d017bb61c820cbb1b0730b3f532cf1ad76e0cd85c6fc631dad1779070273190d,16.0,15.0,16.0,agrees_with_primary
protein:1o7j.a__1d9q.d:a0.5|CPS-3F|repetition2,51,protein,1o7j.a__1d9q.d,22,22,angstrom,output\paper_v1\inputs\protein_1o7j.a__1d9q.d.npz,6da737c8ea96bfb47844846e5920c7268988254098012fbdabfcb166eda79bc3,CPS-3F,0.5,9.476499139682725,10.101752088004297,47.96448297438429,new,output\paper_v1\expanded_comparison\timing_study\slots\51\attempts\timing051_f591bfa4f05d408fb892311de66c3dc5,validated,True,False,20.0,19.0,20.0,0.9090909090909091,0.8636363636363636,0.8863636363636364,0.03027629997814074,0.0027599000022746623,6.27259789998061,9.665018700005021,216.05078125,669.0,3170.0,669,668,0.0,2,True,configuration_graph,True,validated,,47.96448297438429,True,76c8b609d28d5f4a75bb945fba6691ccacd3a8d479cab50966f48be0949c47d3,False,55.0,800000 main; 2000000 preprocessing,optimal_configuration_graph,worker_exited,,solution_return,protein:1o7j.a__1d9q.d:a0.5|CPS-3F,2,r2:1o7j.a__1d9q.d,validated,completed,a288169b1527cb12cb669e08a7b78363d608b64a9ab76ab55694bc002e0d8066,20.0,19.0,20.0,agrees_with_primary
protein:1o7j.a__1d9q.d:a0.5|Independent continuous|repetition2,52,protein,1o7j.a__1d9q.d,22,22,angstrom,output\paper_v1\inputs\protein_1o7j.a__1d9q.d.npz,6da737c8ea96bfb47844846e5920c7268988254098012fbdabfcb166eda79bc3,Independent continuous,0.5,9.476499139682725,10.101752088004297,47.96448297438429,new,output\paper_v1\expanded_comparison\timing_study\slots\52\attempts\timing052_44dc1fc77da94152a3c2f91297b16ebe,validated,True,False,16.0,15.0,16.0,0.7272727272727273,0.6818181818181818,0.7045454545454546,0.009896900010062382,0.002452499989885837,8.62611489999108,11.631963199994061,229.25390625,,,0,0,,0,False,independent_optimization,True,validated,,47.96448297438429,True,2fb5c235e7ac06cb15eccc47897c03c439b8dcd1551dd454ef1a40380fd0d685,False,,N/A,optimal_independent_baseline,worker_exited,,solution_return,protein:1o7j.a__1d9q.d:a0.5|Independent continuous,2,r2:1o7j.a__1d9q.d,validated,completed,86b3a03e3414ae1a64ea0f43cc5f84c9b059cb2065f81db7b646da5d628e3c16,16.0,15.0,16.0,agrees_with_primary
protein:1o7j.a__1hfj.c:a0.5|Independent discrete|repetition2,53,protein,1o7j.a__1hfj.c,22,22,angstrom,output\paper_v1\inputs\protein_1o7j.a__1hfj.c.npz,7b773f6fd281824e25d8e444c9a70b1ca04a33b497237bdb6ee4b0605a6d1365,Independent discrete,0.5,9.476499139682725,9.537881702673165,0.9993252723713152,new,output\paper_v1\expanded_comparison\timing_study\slots\53\attempts\timing053_991badb6bf13459f8a76251c4adbb213,validated,True,False,20.0,20.0,20.0,0.9090909090909091,0.9090909090909091,0.9090909090909091,0.005102499999338761,0.0029121999978087842,5.786069599998882,8.908529700012878,214.89453125,,,0,0,,0,False,independent_optimization,True,validated,,0.9993252723713151,True,27960216d5ce8d0ec28e5a1e48fef67e6d830d3940fe1298a7f821d96582cc7a,False,,2000000 default,optimal_independent_baseline,worker_exited,,solution_return,protein:1o7j.a__1hfj.c:a0.5|Independent discrete,2,r2:1o7j.a__1hfj.c,validated,completed,ee3a6b125ae0f315486732f8ecf89864e467df44bd5ed19e8fa729c6ec22b01e,20.0,20.0,20.0,agrees_with_primary
protein:1o7j.a__1hfj.c:a0.5|CPS-2F|repetition2,54,protein,1o7j.a__1hfj.c,22,22,angstrom,output\paper_v1\inputs\protein_1o7j.a__1hfj.c.npz,7b773f6fd281824e25d8e444c9a70b1ca04a33b497237bdb6ee4b0605a6d1365,CPS-2F,0.5,9.476499139682725,9.537881702673165,0.9993252723713152,new,output\paper_v1\expanded_comparison\timing_study\slots\54\attempts\timing054_3084ca788d444633998d4f50a1b55dbb,validated,True,False,16.0,16.0,16.0,0.7272727272727273,0.7272727272727273,0.7272727272727273,0.32620630000019446,0.002203000010922551,8.797941800003173,11.964058299985481,233.265625,1273.0,168920.0,1273,1272,0.0,2,True,configuration_graph,True,validated,,0.9993252723713151,True,f16bdb1fedaea7311fa0b5cf42f950fd4d0403d33878d7b39c836e62b0ee1fda,False,55.0,800000 main,optimal_configuration_graph,worker_exited,,solution_return,protein:1o7j.a__1hfj.c:a0.5|CPS-2F,2,r2:1o7j.a__1hfj.c,validated,completed,ed2f52ee2ea2dd1b0826cae20ac71979a78ce704e57f15d1cf52c6b9c69417a9,16.0,16.0,16.0,agrees_with_primary
protein:1o7j.a__1hfj.c:a0.5|CPS-3F|repetition2,55,protein,1o7j.a__1hfj.c,22,22,angstrom,output\paper_v1\inputs\protein_1o7j.a__1hfj.c.npz,7b773f6fd281824e25d8e444c9a70b1ca04a33b497237bdb6ee4b0605a6d1365,CPS-3F,0.5,9.476499139682725,9.537881702673165,0.9993252723713152,new,output\paper_v1\expanded_comparison\timing_study\slots\55\attempts\timing055_0d97ca0520b6489fa260a8c48ea74133,validated,True,False,20.0,20.0,20.0,0.9090909090909091,0.9090909090909091,0.9090909090909091,0.028903900005389005,0.002825000003213063,6.188046700000996,9.703032600024017,216.10546875,42.0,108.0,42,41,0.0,2,True,configuration_graph,True,validated,,0.9993252723713151,True,65c91b9def98440a268b2a178f700a1be8d28639ca76e0bd4b7859400ea3deba,False,55.0,800000 main; 2000000 preprocessing,optimal_configuration_graph,worker_exited,,solution_return,protein:1o7j.a__1hfj.c:a0.5|CPS-3F,2,r2:1o7j.a__1hfj.c,validated,completed,5c67210de551d75cc07c40dea0d8b5d02b8d8976556dc1bb75576d1a4ecf47e8,20.0,20.0,20.0,agrees_with_primary
protein:1o7j.a__1hfj.c:a0.5|Independent continuous|repetition2,56,protein,1o7j.a__1hfj.c,22,22,angstrom,output\paper_v1\inputs\protein_1o7j.a__1hfj.c.npz,7b773f6fd281824e25d8e444c9a70b1ca04a33b497237bdb6ee4b0605a6d1365,Independent continuous,0.5,9.476499139682725,9.537881702673165,0.9993252723713152,new,output\paper_v1\expanded_comparison\timing_study\slots\56\attempts\timing056_6511efc3b975490f82acc666fe763e33,validated,True,False,16.0,16.0,16.0,0.7272727272727273,0.7272727272727273,0.7272727272727273,0.00981409999076277,0.0024329000152647495,8.586135799996555,11.572767200006638,230.4375,,,0,0,,0,False,independent_optimization,True,validated,,0.9993252723713151,True,6881cb65901172456806f1f8eecae3db1ed7dc11923e5a632486b9c7cb18b2fc,False,,N/A,optimal_independent_baseline,worker_exited,,solution_return,protein:1o7j.a__1hfj.c:a0.5|Independent continuous,2,r2:1o7j.a__1hfj.c,validated,completed,5564c8da038a437ac86488a32d9c057183f7b1daf0bc3d517365f973d2d3b21c,16.0,16.0,16.0,agrees_with_primary
protein:1o7j.a__1qd1.b:a0.5|Independent discrete|repetition2,57,protein,1o7j.a__1qd1.b,22,22,angstrom,output\paper_v1\expanded_comparison\inputs\protein_1o7j.a__1qd1.b.npz,ee71f8b3980b2ceeb3dfe43be7b165082559212dfed03bb475480ffc13dfaa10,Independent discrete,0.5,9.476499139682725,10.890797290213742,35.978995691931146,new,output\paper_v1\expanded_comparison\timing_study\slots\57\attempts\timing057_d405a7c2f66c4345878b1a35fca03348,validated,True,False,20.0,20.0,20.0,0.9090909090909091,0.9090909090909091,0.9090909090909091,0.007182400004239753,0.0026251999952364713,5.770991400000639,8.964314700016985,214.88671875,,,0,0,,0,False,independent_optimization,True,validated,,35.978995691931146,True,6b0aef3d01a848afd98f63604cd0947431f9df85abda455aa834b8a65ee5901a,False,,2000000 default,optimal_independent_baseline,worker_exited,,solution_return,protein:1o7j.a__1qd1.b:a0.5|Independent discrete,2,r2:1o7j.a__1qd1.b,validated,completed,230ef1680740350c4ad2f0aab73c513bb77da53ba75d6f13bcdf4dd0249eba30,20.0,20.0,20.0,agrees_with_primary
protein:1o7j.a__1qd1.b:a0.5|CPS-2F|repetition2,58,protein,1o7j.a__1qd1.b,22,22,angstrom,output\paper_v1\expanded_comparison\inputs\protein_1o7j.a__1qd1.b.npz,ee71f8b3980b2ceeb3dfe43be7b165082559212dfed03bb475480ffc13dfaa10,CPS-2F,0.5,9.476499139682725,10.890797290213742,35.978995691931146,new,output\paper_v1\expanded_comparison\timing_study\slots\58\attempts\timing058_c77ab514d8e846fc97c8c173e5219c68,validated,True,False,16.0,20.0,20.0,0.7272727272727273,0.9090909090909091,0.8181818181818182,4.0284270999836735,0.0031851000094320625,8.891039999987697,15.914823499973863,238.234375,18848.0,3486971.0,18848,18847,0.0,2,True,configuration_graph,True,validated,,35.978995691931146,True,a1a75bbe1cfb99ec05afdf8e62407de03511ec984a1a786cb527060d31e0653c,False,55.0,800000 main,optimal_configuration_graph,worker_exited,,solution_return,protein:1o7j.a__1qd1.b:a0.5|CPS-2F,2,r2:1o7j.a__1qd1.b,validated,completed,f9572057a92b301c3a3e931ccd7834ea7691e6c35a47948130ac036d1d9bfd73,16.0,20.0,20.0,agrees_with_primary
protein:1o7j.a__1qd1.b:a0.5|CPS-3F|repetition2,59,protein,1o7j.a__1qd1.b,22,22,angstrom,output\paper_v1\expanded_comparison\inputs\protein_1o7j.a__1qd1.b.npz,ee71f8b3980b2ceeb3dfe43be7b165082559212dfed03bb475480ffc13dfaa10,CPS-3F,0.5,9.476499139682725,10.890797290213742,35.978995691931146,new,output\paper_v1\expanded_comparison\timing_study\slots\59\attempts\timing059_672b86c301fa434abac160bd77d0667e,validated,True,False,20.0,20.0,20.0,0.9090909090909091,0.9090909090909091,0.9090909090909091,0.03431519999867305,0.003528300003381446,6.49499300000025,10.545391999999993,215.23046875,563.0,2448.0,563,562,0.0,2,True,configuration_graph,True,validated,,35.978995691931146,True,6ca175132a57a8043336777f4867987f49088bfdbc42f700b66057d82216ce6f,False,55.0,800000 main; 2000000 preprocessing,optimal_configuration_graph,worker_exited,,solution_return,protein:1o7j.a__1qd1.b:a0.5|CPS-3F,2,r2:1o7j.a__1qd1.b,validated,completed,37fdff24cdd75b2735ec40e7986cf7709d8ee56decf5db7e484707c44f77d86e,20.0,20.0,20.0,agrees_with_primary
protein:1o7j.a__1qd1.b:a0.5|Independent continuous|repetition2,60,protein,1o7j.a__1qd1.b,22,22,angstrom,output\paper_v1\expanded_comparison\inputs\protein_1o7j.a__1qd1.b.npz,ee71f8b3980b2ceeb3dfe43be7b165082559212dfed03bb475480ffc13dfaa10,Independent continuous,0.5,9.476499139682725,10.890797290213742,35.978995691931146,new,output\paper_v1\expanded_comparison\timing_study\slots\60\attempts\timing060_a5cae24be9bc42a4af9dc47f03053d8c,validated,True,False,16.0,20.0,20.0,0.7272727272727273,0.9090909090909091,0.8181818181818182,0.010337799991248176,0.0029326000076252967,8.951574799983064,12.069417699996848,229.58984375,,,0,0,,0,False,independent_optimization,True,validated,,35.978995691931146,True,d136997b7feb8b296410c3f55f1444eac660d1e322bb36298ae77af5c5c2c988,False,,N/A,optimal_independent_baseline,worker_exited,,solution_return,protein:1o7j.a__1qd1.b:a0.5|Independent continuous,2,r2:1o7j.a__1qd1.b,validated,completed,7494698265a630e4d0d5a8f2514c944aa4b836de1fa95bf9c54da0544c20e477,16.0,20.0,20.0,agrees_with_primary
protein:1o7j.a__4eca.d:a0.5|Independent discrete|repetition2,61,protein,1o7j.a__4eca.d,22,22,angstrom,output\paper_v1\expanded_comparison\inputs\protein_1o7j.a__4eca.d.npz,926bd75812d2daa4cb742c7dbd881611b05dc2d93343e85c35a1267077868b86,Independent discrete,0.5,9.476499139682725,8.78100160685718,15.364049921814237,new,output\paper_v1\expanded_comparison\timing_study\slots\61\attempts\timing061_2c4c7249321b4924938fdf8d2f2f877d,validated,True,False,20.0,21.0,21.0,0.9090909090909091,0.9545454545454546,0.9318181818181818,0.006147900014184415,0.003182299988111481,5.880044999998063,9.058958799985703,214.546875,,,0,0,,0,False,independent_optimization,True,validated,,15.364049921814237,True,5768c90adab2d89eb7fa2b31036ca1c25d7ebb80c2ec52789660269ad8fc28fd,False,,2000000 default,optimal_independent_baseline,worker_exited,,solution_return,protein:1o7j.a__4eca.d:a0.5|Independent discrete,2,r2:1o7j.a__4eca.d,validated,completed,e3f2e0a47aeba159eeccc04b162da65196de3aab6c3747b60599081b37e2d83e,20.0,21.0,21.0,agrees_with_primary
protein:1o7j.a__4eca.d:a0.5|CPS-2F|repetition2,62,protein,1o7j.a__4eca.d,22,22,angstrom,output\paper_v1\expanded_comparison\inputs\protein_1o7j.a__4eca.d.npz,926bd75812d2daa4cb742c7dbd881611b05dc2d93343e85c35a1267077868b86,CPS-2F,0.5,9.476499139682725,8.78100160685718,15.364049921814237,new,output\paper_v1\expanded_comparison\timing_study\slots\62\attempts\timing062_d650f9a8174d4523bb3b07ab5d10ef9f,validated,True,False,17.0,18.0,18.0,0.7727272727272727,0.8181818181818182,0.7954545454545454,0.4024850999994669,0.0025274999788962305,8.843953100004,12.043868800014025,233.88671875,2541.0,318922.0,2541,2540,0.0,2,True,configuration_graph,True,validated,,15.364049921814237,True,bc7092abccca3b238040bd7ebe354c2bc03c9f68b8e857151771a357a3e6ea6a,False,55.0,800000 main,optimal_configuration_graph,worker_exited,,solution_return,protein:1o7j.a__4eca.d:a0.5|CPS-2F,2,r2:1o7j.a__4eca.d,validated,completed,9a577439d812968757cb8ce8b85fc158322ce514e655a856af495e69fe89abde,17.0,18.0,18.0,agrees_with_primary
protein:1o7j.a__4eca.d:a0.5|CPS-3F|repetition2,63,protein,1o7j.a__4eca.d,22,22,angstrom,output\paper_v1\expanded_comparison\inputs\protein_1o7j.a__4eca.d.npz,926bd75812d2daa4cb742c7dbd881611b05dc2d93343e85c35a1267077868b86,CPS-3F,0.5,9.476499139682725,8.78100160685718,15.364049921814237,new,output\paper_v1\expanded_comparison\timing_study\slots\63\attempts\timing063_5877ae604c004791a4a98e15c9975a57,validated,True,False,20.0,21.0,21.0,0.9090909090909091,0.9545454545454546,0.9318181818181818,0.02530300000216812,0.0028315000236034393,6.209396499994909,9.626954400009708,215.20703125,109.0,638.0,109,108,0.0,2,True,configuration_graph,True,validated,,15.364049921814237,True,32ce5a688132dce771f2f7dad726e6bb319595434ab2db16966ae9af5bba0351,False,55.0,800000 main; 2000000 preprocessing,optimal_configuration_graph,worker_exited,,solution_return,protein:1o7j.a__4eca.d:a0.5|CPS-3F,2,r2:1o7j.a__4eca.d,validated,completed,3e8e61c46adcf6ce2b42e9c53f958e2a56e2829ee04d459791f95508b3fbd339,20.0,21.0,21.0,agrees_with_primary
protein:1o7j.a__4eca.d:a0.5|Independent continuous|repetition2,64,protein,1o7j.a__4eca.d,22,22,angstrom,output\paper_v1\expanded_comparison\inputs\protein_1o7j.a__4eca.d.npz,926bd75812d2daa4cb742c7dbd881611b05dc2d93343e85c35a1267077868b86,Independent continuous,0.5,9.476499139682725,8.78100160685718,15.364049921814237,new,output\paper_v1\expanded_comparison\timing_study\slots\64\attempts\timing064_b9761a4dba4c42be86681b537a68d7ae,validated,True,False,16.0,18.0,18.0,0.7272727272727273,0.8181818181818182,0.7727272727272727,0.009739399974932894,0.002707899984670803,8.686307199997827,12.471774499979801,229.984375,,,0,0,,0,False,independent_optimization,True,validated,,18.018355890591128,False,d32c799658ea77d99fd38c7039efd72d0ea74f60fb3873ba6d6e90fe01e42370,False,,N/A,optimal_independent_baseline,worker_exited,,solution_return,protein:1o7j.a__4eca.d:a0.5|Independent continuous,2,r2:1o7j.a__4eca.d,validated,completed,28c2fd9a1eb48ad7f9ddd4cce2cd21b656a7b1fcf0edbe57cf9566593e2969dc,16.0,18.0,18.0,agrees_with_primary
protein:1o7j.a__1toh.a:a0.5|Independent discrete|repetition2,65,protein,1o7j.a__1toh.a,22,22,angstrom,output\paper_v1\expanded_comparison\inputs\protein_1o7j.a__1toh.a.npz,5e6a2b9a37b78ae69edb4d6f22281db5d47f278893cbaca092fc6164e9b8337e,Independent discrete,0.5,9.476499139682725,10.346278485309295,37.12846564295379,new,output\paper_v1\expanded_comparison\timing_study\slots\65\attempts\timing065_8f3bc7bb9925483694b185daeb85314b,validated,True,False,20.0,21.0,21.0,0.9090909090909091,0.9545454545454546,0.9318181818181818,0.005803599982755259,0.002956000011181459,5.855625299998792,9.161327600013465,214.46875,,,0,0,,0,False,independent_optimization,True,validated,,37.12846564295379,True,76e328055aa59cb54bc02aa56b24d477dace6fc278e218d3070f273fc6159efe,False,,2000000 default,optimal_independent_baseline,worker_exited,,solution_return,protein:1o7j.a__1toh.a:a0.5|Independent discrete,2,r2:1o7j.a__1toh.a,validated,completed,f149cace49f89c5026a2394c2d2a52d7400375a5e2e341040a2d10a02e6f04f0,20.0,21.0,21.0,agrees_with_primary
protein:1o7j.a__1toh.a:a0.5|CPS-2F|repetition2,66,protein,1o7j.a__1toh.a,22,22,angstrom,output\paper_v1\expanded_comparison\inputs\protein_1o7j.a__1toh.a.npz,5e6a2b9a37b78ae69edb4d6f22281db5d47f278893cbaca092fc6164e9b8337e,CPS-2F,0.5,9.476499139682725,10.346278485309295,37.12846564295379,new,output\paper_v1\expanded_comparison\timing_study\slots\66\attempts\timing066_b98dd966c5604a43ae5d44d415809de6,validated,True,False,16.0,16.0,16.0,0.7272727272727273,0.7272727272727273,0.7272727272727273,2.9893426000198815,0.002597699989564717,8.900754600006621,14.892890799994348,236.85546875,16301.0,2930899.0,16301,16300,0.0,2,True,configuration_graph,True,validated,,37.12846564295379,True,ff25e67819b92e24cb9501d35e5b1a5c9e5a1212cabc0bd18a1138355be4b4e3,False,55.0,800000 main,optimal_configuration_graph,worker_exited,,solution_return,protein:1o7j.a__1toh.a:a0.5|CPS-2F,2,r2:1o7j.a__1toh.a,validated,completed,022af43887c06a83b06da6211f7f4be085ba7ef40949e1aab02836b136f9b874,16.0,16.0,16.0,agrees_with_primary
protein:1o7j.a__1toh.a:a0.5|CPS-3F|repetition2,67,protein,1o7j.a__1toh.a,22,22,angstrom,output\paper_v1\expanded_comparison\inputs\protein_1o7j.a__1toh.a.npz,5e6a2b9a37b78ae69edb4d6f22281db5d47f278893cbaca092fc6164e9b8337e,CPS-3F,0.5,9.476499139682725,10.346278485309295,37.12846564295379,new,output\paper_v1\expanded_comparison\timing_study\slots\67\attempts\timing067_1d6d2e6354df4fd4930be5e002581929,validated,True,False,20.0,21.0,21.0,0.9090909090909091,0.9545454545454546,0.9318181818181818,0.029750400019111112,0.0028599000070244074,6.377451100008329,9.817272499989485,215.12109375,473.0,1887.0,473,472,0.0,2,True,configuration_graph,True,validated,,37.12846564295379,True,c04087a597e64e1fff7f6145cd5fb445312d40506c42846a507348a8b73077de,False,55.0,800000 main; 2000000 preprocessing,optimal_configuration_graph,worker_exited,,solution_return,protein:1o7j.a__1toh.a:a0.5|CPS-3F,2,r2:1o7j.a__1toh.a,validated,completed,27775fab24c17d8d87abb859bb723722beae337f6e7d7991e9d851d765e63ef5,20.0,21.0,21.0,agrees_with_primary
protein:1o7j.a__1toh.a:a0.5|Independent continuous|repetition2,68,protein,1o7j.a__1toh.a,22,22,angstrom,output\paper_v1\expanded_comparison\inputs\protein_1o7j.a__1toh.a.npz,5e6a2b9a37b78ae69edb4d6f22281db5d47f278893cbaca092fc6164e9b8337e,Independent continuous,0.5,9.476499139682725,10.346278485309295,37.12846564295379,new,output\paper_v1\expanded_comparison\timing_study\slots\68\attempts\timing068_180ea4c21e2d45a28f7982fd572e6d81,validated,True,False,16.0,16.0,16.0,0.7272727272727273,0.7272727272727273,0.7272727272727273,0.010553999978583306,0.002330399991478771,8.620353599981172,11.636280100006843,229.640625,,,0,0,,0,False,independent_optimization,True,validated,,37.12846564295379,True,3a2790de950de12d019ff8bf4fa5330765a7d06f3cd47a561f18c112e312713f,False,,N/A,optimal_independent_baseline,worker_exited,,solution_return,protein:1o7j.a__1toh.a:a0.5|Independent continuous,2,r2:1o7j.a__1toh.a,validated,completed,3d82602f8c6c85c17a319f0aff53f0449a25f6ed700067e16c1cb0eb3751d04e,16.0,16.0,16.0,agrees_with_primary
hurricane:EP111954__EP021984:a0.5|Independent discrete|repetition2,69,hurricane,EP111954__EP021984,25,82,projected km,output\paper_v1\expanded_comparison\inputs\hurricane_EP111954__EP021984.npz,f6f69328452dbeb2c9b701abdb3760ce7a95f9de1a53ed1dcbd1261aa4023d20,Independent discrete,0.5,62.59116991555275,21.5881714404469,411.7453872318912,new,output\paper_v1\expanded_comparison\timing_study\slots\69\attempts\timing069_e11d2c5fcd5f4ac0a336ccbd603ede94,validated,True,False,25.0,79.0,79.0,1.0,0.9634146341463414,0.9719626168224299,0.01252849999582395,0.01169290000689216,5.802602100011427,6.536638299992774,194.875,,,0,0,,0,False,independent_optimization,True,validated,,411.7453872318912,True,14693408bdf7ffbfbf7a51c4cc2f705646edc4f9ce2653552fcdc29daa90e18d,False,,2000000 default,optimal_independent_baseline,worker_exited,,solution_return,hurricane:EP111954__EP021984:a0.5|Independent discrete,2,r2:EP111954__EP021984,validated,completed,c8703fa4c185fdacb6515467cf71caad8f793cdc8cbf98f3800289ba6acb1379,25.0,79.0,79.0,agrees_with_primary
hurricane:EP111954__EP021984:a0.5|CPS-2F|repetition2,70,hurricane,EP111954__EP021984,25,82,projected km,output\paper_v1\expanded_comparison\inputs\hurricane_EP111954__EP021984.npz,f6f69328452dbeb2c9b701abdb3760ce7a95f9de1a53ed1dcbd1261aa4023d20,CPS-2F,0.5,62.59116991555275,21.5881714404469,411.7453872318912,new,output\paper_v1\expanded_comparison\timing_study\slots\70\attempts\timing070_92bb131272a2424bb912d1300124ef65,validated,True,False,6.0,16.0,16.0,0.24,0.1951219512195122,0.205607476635514,11.8010541999829,0.0022684000141453,8.883711999980733,21.295362500008196,232.4921875,7341.0,5699716.0,7341,7340,0.0,2,True,configuration_graph,True,validated,,391.07954231396457,True,be2c0906c4c185a6a6bce83fa521c08be0d7ab5be0c9b30623cfeae584ef7dfb,False,55.0,800000 main,optimal_configuration_graph,worker_exited,,solution_return,hurricane:EP111954__EP021984:a0.5|CPS-2F,2,r2:EP111954__EP021984,validated,completed,8b1b22e53a9144731c06441b8fdd62a73459b25afee75b338879c74aa1c1c714,6.0,16.0,16.0,agrees_with_primary
hurricane:EP111954__EP021984:a0.5|CPS-3F|repetition2,71,hurricane,EP111954__EP021984,25,82,projected km,output\paper_v1\expanded_comparison\inputs\hurricane_EP111954__EP021984.npz,f6f69328452dbeb2c9b701abdb3760ce7a95f9de1a53ed1dcbd1261aa4023d20,CPS-3F,0.5,62.59116991555275,21.5881714404469,411.7453872318912,new,output\paper_v1\expanded_comparison\timing_study\slots\71\attempts\timing071_f2ccb8a3533f4ab1a6dd7038a9772661,validated,True,False,25.0,79.0,79.0,1.0,0.9634146341463414,0.9719626168224299,0.05883749999338761,0.01488870001048781,6.189890199981164,6.972049100004369,195.40234375,493.0,1406.0,493,492,0.0,2,True,configuration_graph,True,validated,,411.7453872318912,True,a8179b8f65e0d6f878eab4ff80cc75a8010cc0ba733a7861583f501ac11af66c,False,55.0,800000 main; 2000000 preprocessing,optimal_configuration_graph,worker_exited,,solution_return,hurricane:EP111954__EP021984:a0.5|CPS-3F,2,r2:EP111954__EP021984,validated,completed,958c09854df9d44ab8006329f2b1c86569715fe639939ebeef68f3279a335172,25.0,79.0,79.0,agrees_with_primary
hurricane:EP111954__EP021984:a0.5|Independent continuous|repetition2,72,hurricane,EP111954__EP021984,25,82,projected km,output\paper_v1\expanded_comparison\inputs\hurricane_EP111954__EP021984.npz,f6f69328452dbeb2c9b701abdb3760ce7a95f9de1a53ed1dcbd1261aa4023d20,Independent continuous,0.5,62.59116991555275,21.5881714404469,411.7453872318912,new,output\paper_v1\expanded_comparison\timing_study\slots\72\attempts\timing072_6b319c75c2c34bfea9b0dde9cad5b754,validated,True,False,4.0,16.0,16.0,0.16,0.1951219512195122,0.18691588785046728,0.13478890000260435,0.0020323999924585223,8.768450200004736,9.561010900011752,212.52734375,,,0,0,,0,False,independent_optimization,True,validated,,720.228597506722,False,057da7bf5d52542fca124d2db5c98d22fbdc16a30c248fbc88e4217b575d77d4,False,,N/A,optimal_independent_baseline,worker_exited,,solution_return,hurricane:EP111954__EP021984:a0.5|Independent continuous,2,r2:EP111954__EP021984,validated,completed,88fa67a549cbb367b7bf638d8d5e98ccf3a688821635bb40a7cfe81e65775e6c,4.0,16.0,16.0,agrees_with_primary
hurricane:AL072006__AL011900:a0.5|Independent discrete|repetition2,73,hurricane,AL072006__AL011900,62,81,projected km,output\paper_v1\expanded_comparison\inputs\hurricane_AL072006__AL011900.npz,d1c7ae57c312b1c5a78b6a809f85412f79e79e9cffd6209bda018544b7cd301f,Independent discrete,0.5,83.40813893161072,81.15849951823131,2969.784643498885,new,output\paper_v1\expanded_comparison\timing_study\slots\73\attempts\timing073_105498b722554d44920498117b37a8c6,validated,True,False,60.0,75.0,75.0,0.967741935483871,0.9259259259259259,0.9440559440559441,0.01673899998422712,0.030532199976732954,5.734280699980445,6.533697300008498,195.3046875,,,0,0,,0,False,independent_optimization,True,validated,,2969.784643498885,True,9ae705218870a33c99f2d0e6a23326d95a5d6452bad99e3b9d358bb9c232646b,False,,2000000 default,optimal_independent_baseline,worker_exited,,solution_return,hurricane:AL072006__AL011900:a0.5|Independent discrete,2,r2:AL072006__AL011900,validated,completed,2a39eea89a0acdde628745ffd82f10a2c3b558eb254da7e9511747301a1ac47f,60.0,75.0,75.0,agrees_with_primary
hurricane:AL072006__AL011900:a0.5|CPS-2F|repetition2,74,hurricane,AL072006__AL011900,62,81,projected km,output\paper_v1\expanded_comparison\inputs\hurricane_AL072006__AL011900.npz,d1c7ae57c312b1c5a78b6a809f85412f79e79e9cffd6209bda018544b7cd301f,CPS-2F,0.5,83.40813893161072,81.15849951823131,2969.784643498885,new,output\paper_v1\expanded_comparison\timing_study\slots\74\attempts\timing074_97d1a9346b4f4e0b9bd52194e83d1ff7,transition_budget_limit,False,True,,,,,,,25.176585799985332,,8.707325399998808,34.47257880002144,248.16015625,14181.0,20000001.0,2324,2323,11857.0,2,True,configuration_graph,False,not_run_no_solution,solver / configuration_graph,,,,False,55.0,800000 main,transition_budget_limit,worker_exited,product transition budget exceeded,time_to_termination,hurricane:AL072006__AL011900:a0.5|CPS-2F,2,r2:AL072006__AL011900,transition_budget_limit,,5a9d4de6818a8f2a6901caefb4c5baccc3bff76e24cfbbd8beae233aa55e3116,,,,not_validated
hurricane:AL072006__AL011900:a0.5|CPS-3F|repetition2,75,hurricane,AL072006__AL011900,62,81,projected km,output\paper_v1\expanded_comparison\inputs\hurricane_AL072006__AL011900.npz,d1c7ae57c312b1c5a78b6a809f85412f79e79e9cffd6209bda018544b7cd301f,CPS-3F,0.5,83.40813893161072,81.15849951823131,2969.784643498885,new,output\paper_v1\expanded_comparison\timing_study\slots\75\attempts\timing075_3694663095704e74a595e0788d4f26b1,validated,True,False,60.0,75.0,75.0,0.967741935483871,0.9259259259259259,0.9440559440559441,0.1255920999974478,0.02401240001199767,6.299741999973776,7.176109299995005,194.90234375,2724.0,14141.0,2724,2723,0.0,2,True,configuration_graph,True,validated,,2969.784643498885,True,a7c1f1435610aa0e3c9e551b13fa1288312fd2a3afe9c1ac4312999a4480d3b1,False,55.0,800000 main; 2000000 preprocessing,optimal_configuration_graph,worker_exited,,solution_return,hurricane:AL072006__AL011900:a0.5|CPS-3F,2,r2:AL072006__AL011900,validated,completed,ffda9234af9654cd3ea7bc64e1fe533b9b1546da9192518b83ed2019041415fa,60.0,75.0,75.0,agrees_with_primary
hurricane:AL072006__AL011900:a0.5|Independent continuous|repetition2,76,hurricane,AL072006__AL011900,62,81,projected km,output\paper_v1\expanded_comparison\inputs\hurricane_AL072006__AL011900.npz,d1c7ae57c312b1c5a78b6a809f85412f79e79e9cffd6209bda018544b7cd301f,Independent continuous,0.5,83.40813893161072,81.15849951823131,2969.784643498885,new,output\paper_v1\expanded_comparison\timing_study\slots\76\attempts\timing076_2106ac66808e4924bbfc7ab48e6e4bc7,validated,True,False,12.0,10.0,12.0,0.1935483870967742,0.12345679012345678,0.15384615384615385,0.19151869998313487,0.0024693000013940036,10.252745100005995,11.154360000015004,211.890625,,,0,0,,0,False,independent_optimization,True,validated,,2961.871080312045,True,65313f8c7471aa862fa7fe6d2d33526afb3d22a5f1f898d38ac36c8c4a42e3a2,False,,N/A,optimal_independent_baseline,worker_exited,,solution_return,hurricane:AL072006__AL011900:a0.5|Independent continuous,2,r2:AL072006__AL011900,validated,completed,9bb75d4a0d058756aebd71a6e1cbc8731d513c9f38ebe196818f0d3962109307,12.0,10.0,12.0,agrees_with_primary
hurricane:EP012014__EP212006:a0.5|Independent discrete|repetition2,77,hurricane,EP012014__EP212006,30,29,projected km,output\paper_v1\expanded_comparison\inputs\hurricane_EP012014__EP212006.npz,b1ea8828119b71374fb3be9b07b5e3d7cd5ed7f81701351d279a01dd32677ddf,Independent discrete,0.5,22.088133009069068,20.773394823842597,628.8969388779135,new,output\paper_v1\expanded_comparison\timing_study\slots\77\attempts\timing077_319189dc13d04b5bb066f349b58a0cbc,validated,True,False,28.0,27.0,28.0,0.9333333333333333,0.9310344827586207,0.9322033898305084,0.006551099999342114,0.004547799995634705,5.833427900011884,6.460817299986957,194.05078125,,,0,0,,0,False,independent_optimization,True,validated,,628.8969388779135,True,6913daf39fec359a18f04bc90478bba8f16c627f8d3421105c38fc9439abbe75,False,,2000000 default,optimal_independent_baseline,worker_exited,,solution_return,hurricane:EP012014__EP212006:a0.5|Independent discrete,2,r2:EP012014__EP212006,validated,completed,99605a313fba3f0453155399cbe7a29187c204abc5496a6baffcf345025c606e,28.0,27.0,28.0,agrees_with_primary
hurricane:EP012014__EP212006:a0.5|CPS-2F|repetition2,78,hurricane,EP012014__EP212006,30,29,projected km,output\paper_v1\expanded_comparison\inputs\hurricane_EP012014__EP212006.npz,b1ea8828119b71374fb3be9b07b5e3d7cd5ed7f81701351d279a01dd32677ddf,CPS-2F,0.5,22.088133009069068,20.773394823842597,628.8969388779135,new,output\paper_v1\expanded_comparison\timing_study\slots\78\attempts\timing078_c229e78196d9489283e8c89549d63081,validated,True,False,5.0,7.0,7.0,0.16666666666666666,0.2413793103448276,0.2033898305084746,1.062370400002692,0.0011579000274650753,8.788818400003947,10.49059010000201,220.53515625,3254.0,724841.0,3254,3253,0.0,2,True,configuration_graph,True,validated,,628.8969388779135,True,190acb80697766e1e43c596036f41c774940ba820c2c6c8df05fd4d708386fe9,False,55.0,800000 main,optimal_configuration_graph,worker_exited,,solution_return,hurricane:EP012014__EP212006:a0.5|CPS-2F,2,r2:EP012014__EP212006,validated,completed,229639f8bba9436e7974f504a4e5c18a18426057d87951ac66fcc6ad6b02370a,5.0,7.0,7.0,agrees_with_primary
hurricane:EP012014__EP212006:a0.5|CPS-3F|repetition2,79,hurricane,EP012014__EP212006,30,29,projected km,output\paper_v1\expanded_comparison\inputs\hurricane_EP012014__EP212006.npz,b1ea8828119b71374fb3be9b07b5e3d7cd5ed7f81701351d279a01dd32677ddf,CPS-3F,0.5,22.088133009069068,20.773394823842597,628.8969388779135,new,output\paper_v1\expanded_comparison\timing_study\slots\79\attempts\timing079_a3c4fcf86e9544a18b90f97efc92f060,validated,True,False,28.0,27.0,28.0,0.9333333333333333,0.9310344827586207,0.9322033898305084,0.03098760001012124,0.004485499986913055,5.786055399978068,6.465068700024858,195.0390625,269.0,777.0,269,268,0.0,2,True,configuration_graph,True,validated,,628.8969388779135,True,1dd683945ab7e7e74f208d7e5d9e6c5a621c84f985145fb4d81e10888ff26ac7,False,55.0,800000 main; 2000000 preprocessing,optimal_configuration_graph,worker_exited,,solution_return,hurricane:EP012014__EP212006:a0.5|CPS-3F,2,r2:EP012014__EP212006,validated,completed,82072d0bd5f610d8d8cb97a69901c4bd616710c09940d7a6678deb3c176a7238,28.0,27.0,28.0,agrees_with_primary
hurricane:EP012014__EP212006:a0.5|Independent continuous|repetition2,80,hurricane,EP012014__EP212006,30,29,projected km,output\paper_v1\expanded_comparison\inputs\hurricane_EP012014__EP212006.npz,b1ea8828119b71374fb3be9b07b5e3d7cd5ed7f81701351d279a01dd32677ddf,Independent continuous,0.5,22.088133009069068,20.773394823842597,628.8969388779135,new,output\paper_v1\expanded_comparison\timing_study\slots\80\attempts\timing080_5745ed0d6a704cc0aef80381d109e632,validated,True,False,5.0,7.0,7.0,0.16666666666666666,0.2413793103448276,0.2033898305084746,0.016403699992224574,0.0012275000044610351,8.530658800009405,9.188742700003786,211.88671875,,,0,0,,0,False,independent_optimization,True,validated,,628.8969388779135,True,b6065f2bdb4965f019e0ab2cd44ee0e8a96c92734eaf935792b8ff6e3301b447,False,,N/A,optimal_independent_baseline,worker_exited,,solution_return,hurricane:EP012014__EP212006:a0.5|Independent continuous,2,r2:EP012014__EP212006,validated,completed,7a4b0286b428e67e054f7a944e7ea2a230a4659481c2dc1dc345722400841b25,5.0,7.0,7.0,agrees_with_primary
hurricane:AL031854__AL011991:a0.5|CPS-2F|repetition3,81,hurricane,AL031854__AL011991,25,25,projected km,output\paper_v1\inputs\hurricane_AL031854__AL011991.npz,a2ab35b783cce3d389472b1841e85b92acc3171b29993a2566d04b6759b0b287,CPS-2F,0.5,85.27599670409697,82.01596010094092,426.1842176844774,new,output\paper_v1\expanded_comparison\timing_study\slots\81\attempts\timing081_b7e564b364004fabb2a3552cbcffb5f7,validated,True,False,5.0,5.0,5.0,0.2,0.2,0.2,8.219130400015274,0.0009197999897878617,8.873900300008245,17.667477699986193,223.84765625,5678.0,7076530.0,5678,5677,0.0,2,True,configuration_graph,True,validated,,426.1842176844774,True,221221724b592997082895e7ca8a20197c3137c09428373728a8fe08557b3391,False,55.0,800000 main,optimal_configuration_graph,worker_exited,,solution_return,hurricane:AL031854__AL011991:a0.5|CPS-2F,3,r3:AL031854__AL011991,validated,completed,8cebc225265b3d6549bb227424c43904f8f50e93a09a9d56189d06384758ecd5,5.0,5.0,5.0,agrees_with_primary
hurricane:AL031854__AL011991:a0.5|CPS-3F|repetition3,82,hurricane,AL031854__AL011991,25,25,projected km,output\paper_v1\inputs\hurricane_AL031854__AL011991.npz,a2ab35b783cce3d389472b1841e85b92acc3171b29993a2566d04b6759b0b287,CPS-3F,0.5,85.27599670409697,82.01596010094092,426.1842176844774,new,output\paper_v1\expanded_comparison\timing_study\slots\82\attempts\timing082_ed13f44e02264e70b16e4a0d3cd2936d,validated,True,False,20.0,19.0,20.0,0.8,0.76,0.78,0.03616330001386814,0.00269059999845922,5.825706200004788,6.486699200002477,194.5859375,522.0,6544.0,522,521,0.0,2,True,configuration_graph,True,validated,,426.1842176844774,True,56975f8cab9828045dee427ddaf2ffa341b4520992f06d5a4b3837cd4dee5605,False,55.0,800000 main; 2000000 preprocessing,optimal_configuration_graph,worker_exited,,solution_return,hurricane:AL031854__AL011991:a0.5|CPS-3F,3,r3:AL031854__AL011991,validated,completed,59b81a82548229576318e5d00c9d40136244a8504bac1424cee49bae6e63840a,20.0,19.0,20.0,agrees_with_primary
hurricane:AL031854__AL011991:a0.5|Independent continuous|repetition3,83,hurricane,AL031854__AL011991,25,25,projected km,output\paper_v1\inputs\hurricane_AL031854__AL011991.npz,a2ab35b783cce3d389472b1841e85b92acc3171b29993a2566d04b6759b0b287,Independent continuous,0.5,85.27599670409697,82.01596010094092,426.1842176844774,new,output\paper_v1\expanded_comparison\timing_study\slots\83\attempts\timing083_d84a638aceb1487ab978b20fbe0bef43,validated,True,False,5.0,5.0,5.0,0.2,0.2,0.2,0.011315200012177229,0.0010591000027488917,8.981399000011152,9.728027500008466,210.99609375,,,0,0,,0,False,independent_optimization,True,validated,,725.5714648587692,False,d69c2c3ba84d1291d69c8be43fc93f9b77e448f99583f2024295d86a457e250a,False,,N/A,optimal_independent_baseline,worker_exited,,solution_return,hurricane:AL031854__AL011991:a0.5|Independent continuous,3,r3:AL031854__AL011991,validated,completed,42630b4e77761585992ba11fa770541bb34dd1dbf0c235f7032044ce22d77b8f,5.0,5.0,5.0,agrees_with_primary
hurricane:AL031854__AL011991:a0.5|Independent discrete|repetition3,84,hurricane,AL031854__AL011991,25,25,projected km,output\paper_v1\inputs\hurricane_AL031854__AL011991.npz,a2ab35b783cce3d389472b1841e85b92acc3171b29993a2566d04b6759b0b287,Independent discrete,0.5,85.27599670409697,82.01596010094092,426.1842176844774,new,output\paper_v1\expanded_comparison\timing_study\slots\84\attempts\timing084_80703ecc324f4211bff59a6ec8b5d54c,validated,True,False,20.0,19.0,20.0,0.8,0.76,0.78,0.005722600006265566,0.0029242000018712133,6.229263999994146,6.881007999996655,194.2578125,,,0,0,,0,False,independent_optimization,True,validated,,426.1842176844774,True,b47de9eb63ad99773a87f8f272ace70c52e8a1a51fa60344586eda4afa1fa728,False,,2000000 default,optimal_independent_baseline,worker_exited,,solution_return,hurricane:AL031854__AL011991:a0.5|Independent discrete,3,r3:AL031854__AL011991,validated,completed,d0cd8f468c553d5445d4bdc7898da3b3367f6d283c973b783bf7e05c4310541d,20.0,19.0,20.0,agrees_with_primary
hurricane:EP021949__EP031949:a0.5|CPS-2F|repetition3,85,hurricane,EP021949__EP031949,25,25,projected km,output\paper_v1\inputs\hurricane_EP021949__EP031949.npz,bcd3a853b05dd5540a9e285ac6217db9ad9779bf00b033a2869181b105033790,CPS-2F,0.5,40.25507378715167,36.48157080151773,565.3421428246969,new,output\paper_v1\expanded_comparison\timing_study\slots\85\attempts\timing085_0386a812673f4e6bb740b94ff58740d4,validated,True,False,5.0,6.0,6.0,0.2,0.24,0.22,1.663749999977881,0.0009343999845441431,8.837104000005638,11.059025200025644,223.1875,2828.0,975595.0,2828,2827,0.0,2,True,configuration_graph,True,validated,,559.2493332576446,True,53265b61a5b0777ea5c2615377cc37336e3c94189c149861e393c3d1735db517,False,55.0,800000 main,optimal_configuration_graph,worker_exited,,solution_return,hurricane:EP021949__EP031949:a0.5|CPS-2F,3,r3:EP021949__EP031949,validated,completed,e7f9822ec90e90856244535207440494628a72c6df5846e16eb3ac9b26da8c14,5.0,6.0,6.0,agrees_with_primary
hurricane:EP021949__EP031949:a0.5|CPS-3F|repetition3,86,hurricane,EP021949__EP031949,25,25,projected km,output\paper_v1\inputs\hurricane_EP021949__EP031949.npz,bcd3a853b05dd5540a9e285ac6217db9ad9779bf00b033a2869181b105033790,CPS-3F,0.5,40.25507378715167,36.48157080151773,565.3421428246969,new,output\paper_v1\expanded_comparison\timing_study\slots\86\attempts\timing086_37650c94f3cb46fbbcf8cb191f844d34,validated,True,False,25.0,18.0,25.0,1.0,0.72,0.86,0.031276100024115294,0.0028074999863747507,5.735575799975777,6.351110299990978,193.828125,301.0,1923.0,301,300,0.0,2,True,configuration_graph,True,validated,,565.3421428246969,True,b8ac7de2d238ebae1f269a735dbfdfdd53fcdd35a12015fd3c4d2bde911ed1ed,False,55.0,800000 main; 2000000 preprocessing,optimal_configuration_graph,worker_exited,,solution_return,hurricane:EP021949__EP031949:a0.5|CPS-3F,3,r3:EP021949__EP031949,validated,completed,bfe7ff12584250796b1e4677abf34cf28c7519e4fb61375ead7e9aef20f0f668,25.0,18.0,25.0,agrees_with_primary
hurricane:EP021949__EP031949:a0.5|Independent continuous|repetition3,87,hurricane,EP021949__EP031949,25,25,projected km,output\paper_v1\inputs\hurricane_EP021949__EP031949.npz,bcd3a853b05dd5540a9e285ac6217db9ad9779bf00b033a2869181b105033790,Independent continuous,0.5,40.25507378715167,36.48157080151773,565.3421428246969,new,output\paper_v1\expanded_comparison\timing_study\slots\87\attempts\timing087_30db0f4fd2154870ad84f7df21d61a1d,validated,True,False,5.0,5.0,5.0,0.2,0.2,0.2,0.010556699999142438,0.000926099979551509,8.146136299998034,8.792801400006283,211.89453125,,,0,0,,0,False,independent_optimization,True,validated,,790.6098883954147,False,e8e7f8c5ece928b54e2048dfb95cec73ea13a6a93a6d2f01c2b0b0c3d9483425,False,,N/A,optimal_independent_baseline,worker_exited,,solution_return,hurricane:EP021949__EP031949:a0.5|Independent continuous,3,r3:EP021949__EP031949,validated,completed,4ed3b4d5e26d918cff5e5e8af2d26c28ccffa730d0f6352ad5d0f06af667ff79,5.0,5.0,5.0,agrees_with_primary
hurricane:EP021949__EP031949:a0.5|Independent discrete|repetition3,88,hurricane,EP021949__EP031949,25,25,projected km,output\paper_v1\inputs\hurricane_EP021949__EP031949.npz,bcd3a853b05dd5540a9e285ac6217db9ad9779bf00b033a2869181b105033790,Independent discrete,0.5,40.25507378715167,36.48157080151773,565.3421428246969,new,output\paper_v1\expanded_comparison\timing_study\slots\88\attempts\timing088_469bd66de5e54646bbe69f6a857aa395,validated,True,False,25.0,18.0,25.0,1.0,0.72,0.86,0.00630859998636879,0.0032094999914988875,6.290014700003667,6.8780301999941,193.96875,,,0,0,,0,False,independent_optimization,True,validated,,565.3421428246969,True,74ee6a2bbf08b78015292e53b17c4244c16b9c89d7d6f1f8c8823f92b16d6f2c,False,,2000000 default,optimal_independent_baseline,worker_exited,,solution_return,hurricane:EP021949__EP031949:a0.5|Independent discrete,3,r3:EP021949__EP031949,validated,completed,242f621df27ff5e3ed753a2425daae8649eb6ab3fb71671ebfa7a66403ca5e71,25.0,18.0,25.0,agrees_with_primary
protein:1o7j.a__1d9q.d:a0.5|CPS-2F|repetition3,89,protein,1o7j.a__1d9q.d,22,22,angstrom,output\paper_v1\inputs\protein_1o7j.a__1d9q.d.npz,6da737c8ea96bfb47844846e5920c7268988254098012fbdabfcb166eda79bc3,CPS-2F,0.5,9.476499139682725,10.101752088004297,47.96448297438429,new,output\paper_v1\expanded_comparison\timing_study\slots\89\attempts\timing089_76513a8a806a437eba938b48534deb91,validated,True,False,16.0,15.0,16.0,0.7272727272727273,0.6818181818181818,0.7045454545454546,6.7771302000037394,0.027854399988427758,8.87269789999118,26.3111360000039,242.37109375,22004.0,6617064.0,22004,22003,0.0,2,True,configuration_graph,True,validated,,47.96448297438429,True,c30957a4cc2bb0fae36e31e6c265a1eaa865381cf8775bd6021d7b052188c236,False,55.0,800000 main,optimal_configuration_graph,worker_exited,,solution_return,protein:1o7j.a__1d9q.d:a0.5|CPS-2F,3,r3:1o7j.a__1d9q.d,validated,completed,e3e17434b296a3ac2cd989dadd6caa1338b758df0b7ee82ed7759d8075aecb53,16.0,15.0,16.0,agrees_with_primary
protein:1o7j.a__1d9q.d:a0.5|CPS-3F|repetition3,90,protein,1o7j.a__1d9q.d,22,22,angstrom,output\paper_v1\inputs\protein_1o7j.a__1d9q.d.npz,6da737c8ea96bfb47844846e5920c7268988254098012fbdabfcb166eda79bc3,CPS-3F,0.5,9.476499139682725,10.101752088004297,47.96448297438429,new,output\paper_v1\expanded_comparison\timing_study\slots\90\attempts\timing090_3ea503329f7f4480bb4e1d89547c569d,validated,True,False,20.0,19.0,20.0,0.9090909090909091,0.8636363636363636,0.8863636363636364,0.10649790000752546,0.006300900015048683,10.331290599977365,14.013411799998721,215.15234375,669.0,3170.0,669,668,0.0,2,True,configuration_graph,True,validated,,47.96448297438429,True,a06625a9618b7df01bc635453d9bf34420510d03cc40f6088fa1206c8de24d3c,False,55.0,800000 main; 2000000 preprocessing,optimal_configuration_graph,worker_exited,,solution_return,protein:1o7j.a__1d9q.d:a0.5|CPS-3F,3,r3:1o7j.a__1d9q.d,validated,completed,c4d29558a7a49170504ee56b8e4015050de4c8f4118f7ae03df68c3d639a4d9f,20.0,19.0,20.0,agrees_with_primary
protein:1o7j.a__1d9q.d:a0.5|Independent continuous|repetition3,91,protein,1o7j.a__1d9q.d,22,22,angstrom,output\paper_v1\inputs\protein_1o7j.a__1d9q.d.npz,6da737c8ea96bfb47844846e5920c7268988254098012fbdabfcb166eda79bc3,Independent continuous,0.5,9.476499139682725,10.101752088004297,47.96448297438429,new,output\paper_v1\expanded_comparison\timing_study\slots\91\attempts\timing091_1355b8224b81406a85aaae8e366b4125,validated,True,False,16.0,15.0,16.0,0.7272727272727273,0.6818181818181818,0.7045454545454546,0.009854700008872896,0.002203900017775595,7.9776701999944635,10.969140599976527,229.5703125,,,0,0,,0,False,independent_optimization,True,validated,,47.96448297438429,True,440c998ab85487d3d8caff9adef4c84d355224507104865e0de1884a148eba35,False,,N/A,optimal_independent_baseline,worker_exited,,solution_return,protein:1o7j.a__1d9q.d:a0.5|Independent continuous,3,r3:1o7j.a__1d9q.d,validated,completed,e985aacee26e4ee248a7466fc3ea4959053de67d0aaa5cdbb6ee7f15ea047a3a,16.0,15.0,16.0,agrees_with_primary
protein:1o7j.a__1d9q.d:a0.5|Independent discrete|repetition3,92,protein,1o7j.a__1d9q.d,22,22,angstrom,output\paper_v1\inputs\protein_1o7j.a__1d9q.d.npz,6da737c8ea96bfb47844846e5920c7268988254098012fbdabfcb166eda79bc3,Independent discrete,0.5,9.476499139682725,10.101752088004297,47.96448297438429,new,output\paper_v1\expanded_comparison\timing_study\slots\92\attempts\timing092_5cb6f49df714490398d7382f6dd28c7c,validated,True,False,20.0,19.0,20.0,0.9090909090909091,0.8636363636363636,0.8863636363636364,0.005860899982508272,0.0028543999942485243,6.054762399988249,9.454461699991953,214.7265625,,,0,0,,0,False,independent_optimization,True,validated,,47.96448297438429,True,2f86beb94e6eb19e701bbd23441ae8b87441b1b71083e8b754a6b68afd7a04f6,False,,2000000 default,optimal_independent_baseline,worker_exited,,solution_return,protein:1o7j.a__1d9q.d:a0.5|Independent discrete,3,r3:1o7j.a__1d9q.d,validated,completed,48132b5120c49465c8c7183508b70b769f09a055d30256e1e1c056d1d8171c7d,20.0,19.0,20.0,agrees_with_primary
protein:1o7j.a__1hfj.c:a0.5|CPS-2F|repetition3,93,protein,1o7j.a__1hfj.c,22,22,angstrom,output\paper_v1\inputs\protein_1o7j.a__1hfj.c.npz,7b773f6fd281824e25d8e444c9a70b1ca04a33b497237bdb6ee4b0605a6d1365,CPS-2F,0.5,9.476499139682725,9.537881702673165,0.9993252723713152,new,output\paper_v1\expanded_comparison\timing_study\slots\93\attempts\timing093_fdad05574a6c41eaa261fad0b52f606e,validated,True,False,16.0,16.0,16.0,0.7272727272727273,0.7272727272727273,0.7272727272727273,0.3277652999968268,0.0024434999795630574,8.776002700004028,11.910189299989725,233.4921875,1273.0,168920.0,1273,1272,0.0,2,True,configuration_graph,True,validated,,0.9993252723713151,True,d225d78c69649cbdf7f36bd21ca3b374a09661d7800e9373fd523bb24259f1bc,False,55.0,800000 main,optimal_configuration_graph,worker_exited,,solution_return,protein:1o7j.a__1hfj.c:a0.5|CPS-2F,3,r3:1o7j.a__1hfj.c,validated,completed,41fcad2b48620a1dd061155fefc1a7a8efae19c8b4494f74246faa282e8396d0,16.0,16.0,16.0,agrees_with_primary
protein:1o7j.a__1hfj.c:a0.5|CPS-3F|repetition3,94,protein,1o7j.a__1hfj.c,22,22,angstrom,output\paper_v1\inputs\protein_1o7j.a__1hfj.c.npz,7b773f6fd281824e25d8e444c9a70b1ca04a33b497237bdb6ee4b0605a6d1365,CPS-3F,0.5,9.476499139682725,9.537881702673165,0.9993252723713152,new,output\paper_v1\expanded_comparison\timing_study\slots\94\attempts\timing094_c5a95295fe1a4cbb81eca1edf346e2cf,validated,True,False,20.0,20.0,20.0,0.9090909090909091,0.9090909090909091,0.9090909090909091,0.02742880000732839,0.0026498000079300255,5.728322400012985,8.898064699984388,216.34375,42.0,108.0,42,41,0.0,2,True,configuration_graph,True,validated,,0.9993252723713151,True,093d5c25235b98267ea83833b799baf27757f056883255610ab2bb1ce608f56e,False,55.0,800000 main; 2000000 preprocessing,optimal_configuration_graph,worker_exited,,solution_return,protein:1o7j.a__1hfj.c:a0.5|CPS-3F,3,r3:1o7j.a__1hfj.c,validated,completed,a42dd5f5097c0d150cd720b29bd856df95c85c3614c5103d2d1098c63d5e3f7a,20.0,20.0,20.0,agrees_with_primary
protein:1o7j.a__1hfj.c:a0.5|Independent continuous|repetition3,95,protein,1o7j.a__1hfj.c,22,22,angstrom,output\paper_v1\inputs\protein_1o7j.a__1hfj.c.npz,7b773f6fd281824e25d8e444c9a70b1ca04a33b497237bdb6ee4b0605a6d1365,Independent continuous,0.5,9.476499139682725,9.537881702673165,0.9993252723713152,new,output\paper_v1\expanded_comparison\timing_study\slots\95\attempts\timing095_32eb9d2072db499483fd8e9c6600884d,validated,True,False,16.0,16.0,16.0,0.7272727272727273,0.7272727272727273,0.7272727272727273,0.009650799998780712,0.0026695999840740114,8.26148600000306,11.19930989999557,230.0546875,,,0,0,,0,False,independent_optimization,True,validated,,0.9993252723713151,True,78a2c564c7a59c87382d19b4e850b217757b79f819853b329c6f686cb3f7afb8,False,,N/A,optimal_independent_baseline,worker_exited,,solution_return,protein:1o7j.a__1hfj.c:a0.5|Independent continuous,3,r3:1o7j.a__1hfj.c,validated,completed,b720478853e537a14293735f05c5c68d3f8631eac638c70d5a12e35700ae7317,16.0,16.0,16.0,agrees_with_primary
protein:1o7j.a__1hfj.c:a0.5|Independent discrete|repetition3,96,protein,1o7j.a__1hfj.c,22,22,angstrom,output\paper_v1\inputs\protein_1o7j.a__1hfj.c.npz,7b773f6fd281824e25d8e444c9a70b1ca04a33b497237bdb6ee4b0605a6d1365,Independent discrete,0.5,9.476499139682725,9.537881702673165,0.9993252723713152,new,output\paper_v1\expanded_comparison\timing_study\slots\96\attempts\timing096_529116392c4044aa85ccb3f56d044273,validated,True,False,20.0,20.0,20.0,0.9090909090909091,0.9090909090909091,0.9090909090909091,0.005933899985393509,0.002941699989605695,6.200401999987662,9.53050510000321,214.55078125,,,0,0,,0,False,independent_optimization,True,validated,,0.9993252723713151,True,ab163c5a99942b9eecc670f0e2098558b7da7a370d8209a4a6664e11221528cf,False,,2000000 default,optimal_independent_baseline,worker_exited,,solution_return,protein:1o7j.a__1hfj.c:a0.5|Independent discrete,3,r3:1o7j.a__1hfj.c,validated,completed,1215aee3f1bb168800e64c4e5ba7296a01b993b61cabe60c12a4063bae966720,20.0,20.0,20.0,agrees_with_primary
protein:1o7j.a__1qd1.b:a0.5|CPS-2F|repetition3,97,protein,1o7j.a__1qd1.b,22,22,angstrom,output\paper_v1\expanded_comparison\inputs\protein_1o7j.a__1qd1.b.npz,ee71f8b3980b2ceeb3dfe43be7b165082559212dfed03bb475480ffc13dfaa10,CPS-2F,0.5,9.476499139682725,10.890797290213742,35.978995691931146,new,output\paper_v1\expanded_comparison\timing_study\slots\97\attempts\timing097_2338dc81f7a44789bca355c1c4c3fa43,validated,True,False,16.0,20.0,20.0,0.7272727272727273,0.9090909090909091,0.8181818181818182,4.953680300008273,0.002630900009535253,20.255986899981508,27.94499899999937,237.11328125,18848.0,3486971.0,18848,18847,0.0,2,True,configuration_graph,True,validated,,35.978995691931146,True,e01d487c91c4e70c3c748c7d41d490fef937c81c98552674c4567c52f0a45171,False,55.0,800000 main,optimal_configuration_graph,worker_exited,,solution_return,protein:1o7j.a__1qd1.b:a0.5|CPS-2F,3,r3:1o7j.a__1qd1.b,validated,completed,6c62dcae4c313a4ba80f6df53917aff1466a07cf2be9a6cb7c24d23e56a1e8b1,16.0,20.0,20.0,agrees_with_primary
protein:1o7j.a__1qd1.b:a0.5|CPS-3F|repetition3,98,protein,1o7j.a__1qd1.b,22,22,angstrom,output\paper_v1\expanded_comparison\inputs\protein_1o7j.a__1qd1.b.npz,ee71f8b3980b2ceeb3dfe43be7b165082559212dfed03bb475480ffc13dfaa10,CPS-3F,0.5,9.476499139682725,10.890797290213742,35.978995691931146,new,output\paper_v1\expanded_comparison\timing_study\slots\98\attempts\timing098_959af2d522334ed384d55685a5054302,validated,True,False,20.0,20.0,20.0,0.9090909090909091,0.9090909090909091,0.9090909090909091,0.03497030001017265,0.0028328000043984503,5.724669500021264,8.903149999998277,216.8671875,563.0,2448.0,563,562,0.0,2,True,configuration_graph,True,validated,,35.978995691931146,True,e7617fb48d4b87e2c0eaa8241b75a676c717a7bbbdc2eddc1e429e9c1800205d,False,55.0,800000 main; 2000000 preprocessing,optimal_configuration_graph,worker_exited,,solution_return,protein:1o7j.a__1qd1.b:a0.5|CPS-3F,3,r3:1o7j.a__1qd1.b,validated,completed,0f2779d5150f31702b2b72a32f1715deda488cddd57ce7791328b051ba43d96c,20.0,20.0,20.0,agrees_with_primary
protein:1o7j.a__1qd1.b:a0.5|Independent continuous|repetition3,99,protein,1o7j.a__1qd1.b,22,22,angstrom,output\paper_v1\expanded_comparison\inputs\protein_1o7j.a__1qd1.b.npz,ee71f8b3980b2ceeb3dfe43be7b165082559212dfed03bb475480ffc13dfaa10,Independent continuous,0.5,9.476499139682725,10.890797290213742,35.978995691931146,new,output\paper_v1\expanded_comparison\timing_study\slots\99\attempts\timing099_a544b91d0e1d48608622021fae04a27e,validated,True,False,16.0,20.0,20.0,0.7272727272727273,0.9090909090909091,0.8181818181818182,0.009494500001892447,0.002500200003851205,7.9007586000079755,10.748484300012933,229.34375,,,0,0,,0,False,independent_optimization,True,validated,,35.978995691931146,True,0bb950b1dc359e31a0bea6b828a89149a43fa22b83363e5337853bf9254074d3,False,,N/A,optimal_independent_baseline,worker_exited,,solution_return,protein:1o7j.a__1qd1.b:a0.5|Independent continuous,3,r3:1o7j.a__1qd1.b,validated,completed,c5b28e084aafdd7898509f227045cd12c84b3bdf4d745ed14934ba2f1f59c691,16.0,20.0,20.0,agrees_with_primary
protein:1o7j.a__1qd1.b:a0.5|Independent discrete|repetition3,100,protein,1o7j.a__1qd1.b,22,22,angstrom,output\paper_v1\expanded_comparison\inputs\protein_1o7j.a__1qd1.b.npz,ee71f8b3980b2ceeb3dfe43be7b165082559212dfed03bb475480ffc13dfaa10,Independent discrete,0.5,9.476499139682725,10.890797290213742,35.978995691931146,new,output\paper_v1\expanded_comparison\timing_study\slots\100\attempts\timing100_6b7092fbc44842679891b9c6ddd6fa68,validated,True,False,20.0,20.0,20.0,0.9090909090909091,0.9090909090909091,0.9090909090909091,0.006131800008006394,0.002667299995664507,6.209257699985756,9.578025800001342,216.4921875,,,0,0,,0,False,independent_optimization,True,validated,,35.978995691931146,True,ac17fe5aaa390f41de2fde74e71205d3c7cf023c342bf568c4374682d17fd753,False,,2000000 default,optimal_independent_baseline,worker_exited,,solution_return,protein:1o7j.a__1qd1.b:a0.5|Independent discrete,3,r3:1o7j.a__1qd1.b,validated,completed,dec32e630338bd7babb1c4ca8d9e39f1df479320c7f824a9115f5e3a27b6c16a,20.0,20.0,20.0,agrees_with_primary
protein:1o7j.a__4eca.d:a0.5|CPS-2F|repetition3,101,protein,1o7j.a__4eca.d,22,22,angstrom,output\paper_v1\expanded_comparison\inputs\protein_1o7j.a__4eca.d.npz,926bd75812d2daa4cb742c7dbd881611b05dc2d93343e85c35a1267077868b86,CPS-2F,0.5,9.476499139682725,8.78100160685718,15.364049921814237,new,output\paper_v1\expanded_comparison\timing_study\slots\101\attempts\timing101_447c1d676aee4ec5b24e1a5d9b84313c,validated,True,False,17.0,18.0,18.0,0.7727272727272727,0.8181818181818182,0.7954545454545454,0.4184706000087317,0.0026625000173226,8.809974100004183,12.044516599999042,233.8046875,2541.0,318922.0,2541,2540,0.0,2,True,configuration_graph,True,validated,,15.364049921814237,True,d605aab51cb3dfbd0a5d94f0c28ce91d68582c1660ccd64a415862394c216bf9,False,55.0,800000 main,optimal_configuration_graph,worker_exited,,solution_return,protein:1o7j.a__4eca.d:a0.5|CPS-2F,3,r3:1o7j.a__4eca.d,validated,completed,43a8fcac9f981bfb7a0cc1e51c1b32bccf18a39ba4074ceeeb9299b01a052c1a,17.0,18.0,18.0,agrees_with_primary
protein:1o7j.a__4eca.d:a0.5|CPS-3F|repetition3,102,protein,1o7j.a__4eca.d,22,22,angstrom,output\paper_v1\expanded_comparison\inputs\protein_1o7j.a__4eca.d.npz,926bd75812d2daa4cb742c7dbd881611b05dc2d93343e85c35a1267077868b86,CPS-3F,0.5,9.476499139682725,8.78100160685718,15.364049921814237,new,output\paper_v1\expanded_comparison\timing_study\slots\102\attempts\timing102_05fedcd1a4074bf0977b8f1fd279c1b0,validated,True,False,20.0,21.0,21.0,0.9090909090909091,0.9545454545454546,0.9318181818181818,0.026829799986444414,0.0028938000032212585,5.739081400010036,8.901683400006732,215.70703125,109.0,638.0,109,108,0.0,2,True,configuration_graph,True,validated,,15.364049921814237,True,15cfc0010b5dcb02c7c0f7dfeb4efbc7b2ae92e7019fc21c2aabd2b75d589216,False,55.0,800000 main; 2000000 preprocessing,optimal_configuration_graph,worker_exited,,solution_return,protein:1o7j.a__4eca.d:a0.5|CPS-3F,3,r3:1o7j.a__4eca.d,validated,completed,f6e2cea7858af5f4d49429f8bc3007f0f7578c737d2df4ebf1b84af69affd65c,20.0,21.0,21.0,agrees_with_primary
protein:1o7j.a__4eca.d:a0.5|Independent continuous|repetition3,103,protein,1o7j.a__4eca.d,22,22,angstrom,output\paper_v1\expanded_comparison\inputs\protein_1o7j.a__4eca.d.npz,926bd75812d2daa4cb742c7dbd881611b05dc2d93343e85c35a1267077868b86,Independent continuous,0.5,9.476499139682725,8.78100160685718,15.364049921814237,new,output\paper_v1\expanded_comparison\timing_study\slots\103\attempts\timing103_afe8fefb02ee4b7db38bd4f5d37fc2a0,validated,True,False,16.0,18.0,18.0,0.7272727272727273,0.8181818181818182,0.7727272727272727,0.009629600011976436,0.002874600002542138,8.438663200009614,11.386123200005386,229.53515625,,,0,0,,0,False,independent_optimization,True,validated,,18.018355890591128,False,ce9971379a198940b2464c576a61b6e744ffab73cd900e93729fded4d4cb35db,False,,N/A,optimal_independent_baseline,worker_exited,,solution_return,protein:1o7j.a__4eca.d:a0.5|Independent continuous,3,r3:1o7j.a__4eca.d,validated,completed,0b2ab60cafb71b5d20207f2f50c1abb5a8cc58f8f3875bfb9391b86d610f46bd,16.0,18.0,18.0,agrees_with_primary
protein:1o7j.a__4eca.d:a0.5|Independent discrete|repetition3,104,protein,1o7j.a__4eca.d,22,22,angstrom,output\paper_v1\expanded_comparison\inputs\protein_1o7j.a__4eca.d.npz,926bd75812d2daa4cb742c7dbd881611b05dc2d93343e85c35a1267077868b86,Independent discrete,0.5,9.476499139682725,8.78100160685718,15.364049921814237,new,output\paper_v1\expanded_comparison\timing_study\slots\104\attempts\timing104_e94236ccf69249ca8fc7b87ae63ec935,validated,True,False,20.0,21.0,21.0,0.9090909090909091,0.9545454545454546,0.9318181818181818,0.005317600007401779,0.002815400017425418,6.197711900022114,9.588438200007658,214.55859375,,,0,0,,0,False,independent_optimization,True,validated,,15.364049921814237,True,42174ad7ac89326bdc023f784eb56e588b1856121a30fcfc68272727c437a250,False,,2000000 default,optimal_independent_baseline,worker_exited,,solution_return,protein:1o7j.a__4eca.d:a0.5|Independent discrete,3,r3:1o7j.a__4eca.d,validated,completed,4687c4529bb846803d5f8e08e3a0e39403cc6e275cb5acfabce6fb65ae19e929,20.0,21.0,21.0,agrees_with_primary
protein:1o7j.a__1toh.a:a0.5|CPS-2F|repetition3,105,protein,1o7j.a__1toh.a,22,22,angstrom,output\paper_v1\expanded_comparison\inputs\protein_1o7j.a__1toh.a.npz,5e6a2b9a37b78ae69edb4d6f22281db5d47f278893cbaca092fc6164e9b8337e,CPS-2F,0.5,9.476499139682725,10.346278485309295,37.12846564295379,new,output\paper_v1\expanded_comparison\timing_study\slots\105\attempts\timing105_f9e92df97183407aa90375c5cff6e409,validated,True,False,16.0,16.0,16.0,0.7272727272727273,0.7272727272727273,0.7272727272727273,3.27689539999119,0.0025747999898158014,10.211792699992657,17.838833500019973,237.80859375,16301.0,2930899.0,16301,16300,0.0,2,True,configuration_graph,True,validated,,37.12846564295379,True,83e295835d1a2b2cd4e5bb94bcabb51ef6f02b6b85b69493b69502bd1d8271fd,False,55.0,800000 main,optimal_configuration_graph,worker_exited,,solution_return,protein:1o7j.a__1toh.a:a0.5|CPS-2F,3,r3:1o7j.a__1toh.a,validated,completed,580ed82d71279186ce0d80a519644e367ab5dc95e527ea2e7b7e13593767a3f2,16.0,16.0,16.0,agrees_with_primary
protein:1o7j.a__1toh.a:a0.5|CPS-3F|repetition3,106,protein,1o7j.a__1toh.a,22,22,angstrom,output\paper_v1\expanded_comparison\inputs\protein_1o7j.a__1toh.a.npz,5e6a2b9a37b78ae69edb4d6f22281db5d47f278893cbaca092fc6164e9b8337e,CPS-3F,0.5,9.476499139682725,10.346278485309295,37.12846564295379,new,output\paper_v1\expanded_comparison\timing_study\slots\106\attempts\timing106_113ecd4b2f7a428297061f12e3067fcf,validated,True,False,20.0,21.0,21.0,0.9090909090909091,0.9545454545454546,0.9318181818181818,0.02867510000942275,0.0029725999920628965,6.963957800006028,10.448718899977393,215.2265625,473.0,1887.0,473,472,0.0,2,True,configuration_graph,True,validated,,37.12846564295379,True,5e2b77a97b0019cfb1554c47aed509dba3210add9d25a2cd22bd512712a1c387,False,55.0,800000 main; 2000000 preprocessing,optimal_configuration_graph,worker_exited,,solution_return,protein:1o7j.a__1toh.a:a0.5|CPS-3F,3,r3:1o7j.a__1toh.a,validated,completed,f1b921a32354669708db42fd93f01c13487adccfa781dda10e151302cb632a06,20.0,21.0,21.0,agrees_with_primary
protein:1o7j.a__1toh.a:a0.5|Independent continuous|repetition3,107,protein,1o7j.a__1toh.a,22,22,angstrom,output\paper_v1\expanded_comparison\inputs\protein_1o7j.a__1toh.a.npz,5e6a2b9a37b78ae69edb4d6f22281db5d47f278893cbaca092fc6164e9b8337e,Independent continuous,0.5,9.476499139682725,10.346278485309295,37.12846564295379,new,output\paper_v1\expanded_comparison\timing_study\slots\107\attempts\timing107_61ef0eaf2186463d8f1930cbfa2bb494,validated,True,False,16.0,16.0,16.0,0.7272727272727273,0.7272727272727273,0.7272727272727273,0.009499700012383983,0.0025332000222988427,9.248890599992592,12.774490399984643,229.39453125,,,0,0,,0,False,independent_optimization,True,validated,,37.12846564295379,True,e2c522f0cbe0788d25128d47b5e683c62053a5f583f4662eec545689d86fe12f,False,,N/A,optimal_independent_baseline,worker_exited,,solution_return,protein:1o7j.a__1toh.a:a0.5|Independent continuous,3,r3:1o7j.a__1toh.a,validated,completed,12f33ab579209a515d4653a9526e143121775c77cad98af55306a0e07e034fe8,16.0,16.0,16.0,agrees_with_primary
protein:1o7j.a__1toh.a:a0.5|Independent discrete|repetition3,108,protein,1o7j.a__1toh.a,22,22,angstrom,output\paper_v1\expanded_comparison\inputs\protein_1o7j.a__1toh.a.npz,5e6a2b9a37b78ae69edb4d6f22281db5d47f278893cbaca092fc6164e9b8337e,Independent discrete,0.5,9.476499139682725,10.346278485309295,37.12846564295379,new,output\paper_v1\expanded_comparison\timing_study\slots\108\attempts\timing108_cc6d624a1faf4a95a44d806a2f99659d,validated,True,False,20.0,21.0,21.0,0.9090909090909091,0.9545454545454546,0.9318181818181818,0.005684200004907325,0.0033878999820444733,7.281129499984672,11.185338800016325,215.30078125,,,0,0,,0,False,independent_optimization,True,validated,,37.12846564295379,True,5a006782b9f6a3e8036fec7e18950ae1a884f754844d63071cbc4b69cc9e2ca1,False,,2000000 default,optimal_independent_baseline,worker_exited,,solution_return,protein:1o7j.a__1toh.a:a0.5|Independent discrete,3,r3:1o7j.a__1toh.a,validated,completed,f6df53ab5e839b372265aacbc4360acde6ee7068b805cff91850bf0cd255e2a0,20.0,21.0,21.0,agrees_with_primary
hurricane:EP111954__EP021984:a0.5|CPS-2F|repetition3,109,hurricane,EP111954__EP021984,25,82,projected km,output\paper_v1\expanded_comparison\inputs\hurricane_EP111954__EP021984.npz,f6f69328452dbeb2c9b701abdb3760ce7a95f9de1a53ed1dcbd1261aa4023d20,CPS-2F,0.5,62.59116991555275,21.5881714404469,411.7453872318912,new,output\paper_v1\expanded_comparison\timing_study\slots\109\attempts\timing109_119becb1f43d4a029bcfdc3c68fbb5d4,validated,True,False,6.0,16.0,16.0,0.24,0.1951219512195122,0.205607476635514,26.118396399979247,0.01260860002366826,9.988398599991342,36.81484940001974,231.015625,7341.0,5699716.0,7341,7340,0.0,2,True,configuration_graph,True,validated,,391.07954231396457,True,115349c41433be06c251984da752052a98b2b99b29eb9be0f99928bcde2f06ba,False,55.0,800000 main,optimal_configuration_graph,worker_exited,,solution_return,hurricane:EP111954__EP021984:a0.5|CPS-2F,3,r3:EP111954__EP021984,validated,completed,73c4b41da1baa5ad8636fd78cf4446576a867ee980c33a865b2b4f90773f51dc,6.0,16.0,16.0,agrees_with_primary
hurricane:EP111954__EP021984:a0.5|CPS-3F|repetition3,110,hurricane,EP111954__EP021984,25,82,projected km,output\paper_v1\expanded_comparison\inputs\hurricane_EP111954__EP021984.npz,f6f69328452dbeb2c9b701abdb3760ce7a95f9de1a53ed1dcbd1261aa4023d20,CPS-3F,0.5,62.59116991555275,21.5881714404469,411.7453872318912,new,output\paper_v1\expanded_comparison\timing_study\slots\110\attempts\timing110_984ed68199f444b59f0eafff0fbe39d4,validated,True,False,25.0,79.0,79.0,1.0,0.9634146341463414,0.9719626168224299,0.0696765000175219,0.02183139999397099,7.0274309999949764,7.8739519999944605,194.32421875,493.0,1406.0,493,492,0.0,2,True,configuration_graph,True,validated,,411.7453872318912,True,fcf757fd99b789a8b83cbaf710d41307d0122e51d2e981874008f42dd494a1eb,False,55.0,800000 main; 2000000 preprocessing,optimal_configuration_graph,worker_exited,,solution_return,hurricane:EP111954__EP021984:a0.5|CPS-3F,3,r3:EP111954__EP021984,validated,completed,f7da579dd92ebda75309378e212d15f1e184e02290ee4e4d2eb76ecbcc39ba44,25.0,79.0,79.0,agrees_with_primary
hurricane:EP111954__EP021984:a0.5|Independent continuous|repetition3,111,hurricane,EP111954__EP021984,25,82,projected km,output\paper_v1\expanded_comparison\inputs\hurricane_EP111954__EP021984.npz,f6f69328452dbeb2c9b701abdb3760ce7a95f9de1a53ed1dcbd1261aa4023d20,Independent continuous,0.5,62.59116991555275,21.5881714404469,411.7453872318912,new,output\paper_v1\expanded_comparison\timing_study\slots\111\attempts\timing111_9ea07e405d4a46bca0691766d9ee9453,validated,True,False,4.0,16.0,16.0,0.16,0.1951219512195122,0.18691588785046728,0.15066859999205917,0.0023136999807320535,9.985627499991097,10.888569999980973,212.84375,,,0,0,,0,False,independent_optimization,True,validated,,720.228597506722,False,02be3ef64dc97164d20a368e5b2056d9dda944e823a40fb8b7c133890804c78a,False,,N/A,optimal_independent_baseline,worker_exited,,solution_return,hurricane:EP111954__EP021984:a0.5|Independent continuous,3,r3:EP111954__EP021984,validated,completed,8dc4af225821c83f3b0ea80b8166afeb8a3614751f993517b1c219dd9833523b,4.0,16.0,16.0,agrees_with_primary
hurricane:EP111954__EP021984:a0.5|Independent discrete|repetition3,112,hurricane,EP111954__EP021984,25,82,projected km,output\paper_v1\expanded_comparison\inputs\hurricane_EP111954__EP021984.npz,f6f69328452dbeb2c9b701abdb3760ce7a95f9de1a53ed1dcbd1261aa4023d20,Independent discrete,0.5,62.59116991555275,21.5881714404469,411.7453872318912,new,output\paper_v1\expanded_comparison\timing_study\slots\112\attempts\timing112_9656ba4eb6c04f658033f1d860117482,validated,True,False,25.0,79.0,79.0,1.0,0.9634146341463414,0.9719626168224299,0.016806500003440306,0.01728599998750724,7.246451099985279,8.331636400020216,194.59375,,,0,0,,0,False,independent_optimization,True,validated,,411.7453872318912,True,07724f239cc18a1ae4fc5e5aec004afa0f7ec16096d6139c3cccc44b8d69a17e,False,,2000000 default,optimal_independent_baseline,worker_exited,,solution_return,hurricane:EP111954__EP021984:a0.5|Independent discrete,3,r3:EP111954__EP021984,validated,completed,8456b537650f4eb18d1f6956fb3dd041387838b72d7d54a39db6ff120d9a77af,25.0,79.0,79.0,agrees_with_primary
hurricane:AL072006__AL011900:a0.5|CPS-2F|repetition3,113,hurricane,AL072006__AL011900,62,81,projected km,output\paper_v1\expanded_comparison\inputs\hurricane_AL072006__AL011900.npz,d1c7ae57c312b1c5a78b6a809f85412f79e79e9cffd6209bda018544b7cd301f,CPS-2F,0.5,83.40813893161072,81.15849951823131,2969.784643498885,new,output\paper_v1\expanded_comparison\timing_study\slots\113\attempts\timing113_88160483cbac4449af0e179cf1ead407,transition_budget_limit,False,True,,,,,,,32.40955920002307,,10.338714199984679,43.34877779998351,248.42578125,14181.0,20000001.0,2324,2323,11857.0,2,True,configuration_graph,False,not_run_no_solution,solver / configuration_graph,,,,False,55.0,800000 main,transition_budget_limit,worker_exited,product transition budget exceeded,time_to_termination,hurricane:AL072006__AL011900:a0.5|CPS-2F,3,r3:AL072006__AL011900,transition_budget_limit,,4143e37338d6091def6e1e0907e140b1b5e5176b671f2dba52a07cef871c9622,,,,not_validated
hurricane:AL072006__AL011900:a0.5|CPS-3F|repetition3,114,hurricane,AL072006__AL011900,62,81,projected km,output\paper_v1\expanded_comparison\inputs\hurricane_AL072006__AL011900.npz,d1c7ae57c312b1c5a78b6a809f85412f79e79e9cffd6209bda018544b7cd301f,CPS-3F,0.5,83.40813893161072,81.15849951823131,2969.784643498885,new,output\paper_v1\expanded_comparison\timing_study\slots\114\attempts\timing114_86b69cf2d538422b88863f33eaf02986,validated,True,False,60.0,75.0,75.0,0.967741935483871,0.9259259259259259,0.9440559440559441,0.15994189999764785,0.028899400000227615,6.860617400001502,7.951202800002648,194.99609375,2724.0,14141.0,2724,2723,0.0,2,True,configuration_graph,True,validated,,2969.784643498885,True,ef39c9508165889210265e1e95c1d31b4ced5a6ee16e0962613811f200760c04,False,55.0,800000 main; 2000000 preprocessing,optimal_configuration_graph,worker_exited,,solution_return,hurricane:AL072006__AL011900:a0.5|CPS-3F,3,r3:AL072006__AL011900,validated,completed,a05d497777a470dd019b8e61ffa0a79ce02faea075af5890853651b569cc1765,60.0,75.0,75.0,agrees_with_primary
hurricane:AL072006__AL011900:a0.5|Independent continuous|repetition3,115,hurricane,AL072006__AL011900,62,81,projected km,output\paper_v1\expanded_comparison\inputs\hurricane_AL072006__AL011900.npz,d1c7ae57c312b1c5a78b6a809f85412f79e79e9cffd6209bda018544b7cd301f,Independent continuous,0.5,83.40813893161072,81.15849951823131,2969.784643498885,new,output\paper_v1\expanded_comparison\timing_study\slots\115\attempts\timing115_a637dbd765394a5a91dc015dfa8a00c2,validated,True,False,12.0,10.0,12.0,0.1935483870967742,0.12345679012345678,0.15384615384615385,0.18790509999962524,0.0024914999958127737,9.719047899998259,10.64244160000817,211.046875,,,0,0,,0,False,independent_optimization,True,validated,,2961.871080312045,True,7d15636b2fee05722e50c6c92bd90314fa6344d8f3f272391fa270609c931f1e,False,,N/A,optimal_independent_baseline,worker_exited,,solution_return,hurricane:AL072006__AL011900:a0.5|Independent continuous,3,r3:AL072006__AL011900,validated,completed,20573b5867ab43d4ed17f6b112fbd9fafd0e609c887e3e8d34462268fbda7ae4,12.0,10.0,12.0,agrees_with_primary
hurricane:AL072006__AL011900:a0.5|Independent discrete|repetition3,116,hurricane,AL072006__AL011900,62,81,projected km,output\paper_v1\expanded_comparison\inputs\hurricane_AL072006__AL011900.npz,d1c7ae57c312b1c5a78b6a809f85412f79e79e9cffd6209bda018544b7cd301f,Independent discrete,0.5,83.40813893161072,81.15849951823131,2969.784643498885,new,output\paper_v1\expanded_comparison\timing_study\slots\116\attempts\timing116_35cab4658e804cd387f4a144553854ca,validated,True,False,60.0,75.0,75.0,0.967741935483871,0.9259259259259259,0.9440559440559441,0.02005669998470694,0.0355039999994915,7.310970000020461,8.308783899992704,194.75390625,,,0,0,,0,False,independent_optimization,True,validated,,2969.784643498885,True,513c1b31f11d227d2fc97fdcc5481cfb4749af9526e72eb1e2aae1406ee974fa,False,,2000000 default,optimal_independent_baseline,worker_exited,,solution_return,hurricane:AL072006__AL011900:a0.5|Independent discrete,3,r3:AL072006__AL011900,validated,completed,8d244a1c9c64526910953fdcdb6725dd0b4805376c92a05c98cc5e29d21fe4e2,60.0,75.0,75.0,agrees_with_primary
hurricane:EP012014__EP212006:a0.5|CPS-2F|repetition3,117,hurricane,EP012014__EP212006,30,29,projected km,output\paper_v1\expanded_comparison\inputs\hurricane_EP012014__EP212006.npz,b1ea8828119b71374fb3be9b07b5e3d7cd5ed7f81701351d279a01dd32677ddf,CPS-2F,0.5,22.088133009069068,20.773394823842597,628.8969388779135,new,output\paper_v1\expanded_comparison\timing_study\slots\117\attempts\timing117_83787c979fc04044ae202002a033b088,validated,True,False,5.0,7.0,7.0,0.16666666666666666,0.2413793103448276,0.2033898305084746,1.1899824000138324,0.0019370999943930656,10.958622100006323,12.79304480002611,220.76171875,3254.0,724841.0,3254,3253,0.0,2,True,configuration_graph,True,validated,,628.8969388779135,True,34a1cad939af5c7a6e368ed3e2c7e8c79d5b04e6ec2b084e46fe40d77b896f79,False,55.0,800000 main,optimal_configuration_graph,worker_exited,,solution_return,hurricane:EP012014__EP212006:a0.5|CPS-2F,3,r3:EP012014__EP212006,validated,completed,ab91f346e6ba71c4cb30de59e3c0b7e8343b4dd4f2219e008cc8174c3061a59a,5.0,7.0,7.0,agrees_with_primary
hurricane:EP012014__EP212006:a0.5|CPS-3F|repetition3,118,hurricane,EP012014__EP212006,30,29,projected km,output\paper_v1\expanded_comparison\inputs\hurricane_EP012014__EP212006.npz,b1ea8828119b71374fb3be9b07b5e3d7cd5ed7f81701351d279a01dd32677ddf,CPS-3F,0.5,22.088133009069068,20.773394823842597,628.8969388779135,new,output\paper_v1\expanded_comparison\timing_study\slots\118\attempts\timing118_f07a17d4b7c54689b71ce34171a63bde,validated,True,False,28.0,27.0,28.0,0.9333333333333333,0.9310344827586207,0.9322033898305084,0.03133150000940077,0.0049109999963548034,6.369701499992516,7.0768064000003505,194.4453125,269.0,777.0,269,268,0.0,2,True,configuration_graph,True,validated,,628.8969388779135,True,5f928288aeb44e88c5e6156d85632435346e9cc05cb2cf5b2664104cfb410239,False,55.0,800000 main; 2000000 preprocessing,optimal_configuration_graph,worker_exited,,solution_return,hurricane:EP012014__EP212006:a0.5|CPS-3F,3,r3:EP012014__EP212006,validated,completed,dddc3ddc97ccb45935898a47b546af4f56cec4c5c042b1f244a8aa06900dda91,28.0,27.0,28.0,agrees_with_primary
hurricane:EP012014__EP212006:a0.5|Independent continuous|repetition3,119,hurricane,EP012014__EP212006,30,29,projected km,output\paper_v1\expanded_comparison\inputs\hurricane_EP012014__EP212006.npz,b1ea8828119b71374fb3be9b07b5e3d7cd5ed7f81701351d279a01dd32677ddf,Independent continuous,0.5,22.088133009069068,20.773394823842597,628.8969388779135,new,output\paper_v1\expanded_comparison\timing_study\slots\119\attempts\timing119_de1ff1076acc4f588db81a46c00f317c,validated,True,False,5.0,7.0,7.0,0.16666666666666666,0.2413793103448276,0.2033898305084746,0.017031800001859665,0.0010691000206861645,9.168312299996614,9.836017299996456,211.0546875,,,0,0,,0,False,independent_optimization,True,validated,,628.8969388779135,True,121a9d37e99bea9d3bf7bb3ccc036975266f4a4817a37f04068f371756af3652,False,,N/A,optimal_independent_baseline,worker_exited,,solution_return,hurricane:EP012014__EP212006:a0.5|Independent continuous,3,r3:EP012014__EP212006,validated,completed,a7322053a56af69de8f03a936e0bb10dd534b390a6bf6a7eaeae1af98008052b,5.0,7.0,7.0,agrees_with_primary
hurricane:EP012014__EP212006:a0.5|Independent discrete|repetition3,120,hurricane,EP012014__EP212006,30,29,projected km,output\paper_v1\expanded_comparison\inputs\hurricane_EP012014__EP212006.npz,b1ea8828119b71374fb3be9b07b5e3d7cd5ed7f81701351d279a01dd32677ddf,Independent discrete,0.5,22.088133009069068,20.773394823842597,628.8969388779135,new,output\paper_v1\expanded_comparison\timing_study\slots\120\attempts\timing120_50e17e34fc99406db596d6fe696cdf90,validated,True,False,28.0,27.0,28.0,0.9333333333333333,0.9310344827586207,0.9322033898305084,0.005959600006463006,0.00562119999085553,6.958983700023964,7.657111500011524,194.484375,,,0,0,,0,False,independent_optimization,True,validated,,628.8969388779135,True,fdf6e566b2a35ad33b97ecaef69ecc4551331aa3b76ac15ff392a069c5c590e8,False,,2000000 default,optimal_independent_baseline,worker_exited,,solution_return,hurricane:EP012014__EP212006:a0.5|Independent discrete,3,r3:EP012014__EP212006,validated,completed,2889e7ee5e22967b2ce28f6493a81cae885cb9234cc33e3a919d42ba66a1a90f,28.0,27.0,28.0,agrees_with_primary
