curve_A,curve_B,name_A,year_A,name_B,year_B,basin,n_A,n_B,len_A_km,len_B_km,c_cube_A,c_cube_B,c_ball_A,c_ball_B,c_cube_pair,c_ball_pair,frechet_km,discrete_frechet_km,frechet_over_len
EP081969,EP152009,HEATHER,1969,LINDA,2009,pacific,27,38,1664.4,2032.4,2.819,3.322,2.0585,2.5784,3.322,2.5784,153.94,154.36,0.0925
EP041983,EP151967,DALILIA,1983,PRISCILLA,1967,pacific,26,27,3053.3,2883.9,2.6498,2.7901,2.0481,2.0918,2.7901,2.0918,164.11,161.47,0.0569
EP051990,EP151989,ELIDA,1990,LORENA,1989,pacific,26,40,3108.3,3059.6,2.5768,2.6521,2.0222,2.0831,2.6521,2.0831,164.56,161.79,0.0538
EP161990,EP121985,MARIE,1990,LINDA,1985,pacific,55,42,4374.9,4011.0,2.6101,2.7832,2.1778,2.0949,2.7832,2.1778,168.33,174.57,0.042
EP071995,EP061984,FLOSSIE,1995,FAUSTO,1984,pacific,27,27,1994.8,1852.1,2.8638,2.8643,2.0764,2.1482,2.8643,2.1482,169.45,167.78,0.0915
AL021895,AL091887,UNNAMED,1895,UNNAMED,1887,atlantic,36,47,4597.7,4967.3,2.738,2.8733,2.0165,2.1342,2.8733,2.1342,172.87,185.19,0.0376
EP171987,EP072012,RAMON,1987,GILMA,2012,pacific,27,33,2340.8,2276.0,2.8043,3.3391,2.0879,2.6973,3.3391,2.6973,203.16,201.28,0.0893
EP042006,EP051990,CARLOTTA,2006,ELIDA,1990,pacific,33,26,3342.9,3108.3,2.2134,2.5768,2.0248,2.0222,2.5768,2.0248,203.49,200.54,0.0655
AL041951,AL021903,CHARLIE,1951,UNNAMED,1903,atlantic,52,43,6103.1,6318.1,2.3552,2.6122,2.018,2.097,2.6122,2.097,205.74,199.86,0.0337
EP081990,EP101990,GENEVIEVE,1990,ISELLE,1990,pacific,35,38,3670.2,3312.3,2.6803,3.3338,2.0591,2.8177,3.3338,2.8177,211.19,214.4,0.0638
EP121993,EP091990,KENNETH,1993,HERNAN,1990,pacific,50,47,3830.2,3949.3,2.7141,2.7909,2.1322,2.1306,2.7909,2.1322,211.9,212.19,0.0553
EP042006,EP111985,CARLOTTA,2006,KEVIN,1985,pacific,33,36,3342.9,3463.1,2.2134,2.5263,2.0248,2.0471,2.5263,2.0471,214.99,219.92,0.0643
EP131987,EP042002,MAX,1987,CRISTINA,2002,pacific,29,30,2973.4,2784.4,2.9343,2.9566,2.1027,2.2326,2.9566,2.2326,215.42,215.51,0.0774
EP131983,EP181989,MANUEL,1983,OCTAVE,1989,pacific,34,33,3296.2,3136.5,2.7713,2.9085,2.1528,2.3092,2.9085,2.3092,221.97,219.35,0.0708
EP211990,EP152008,RACHEL,1990,NORBERT,2008,pacific,26,38,3194.3,3055.0,2.8494,2.9089,2.4273,2.3288,2.9089,2.4273,224.88,234.85,0.0736
EP092005,EP102008,IRWIN,2005,ISELLE,2008,pacific,34,41,2464.9,2546.8,2.7791,2.9246,2.1019,2.2553,2.9246,2.2553,225.21,224.83,0.0914
EP051979,EP091965,ENRIQUE,1979,GLENDA,1965,pacific,29,37,2719.3,2841.5,2.8486,2.8505,2.0898,2.0503,2.8505,2.0898,228.58,226.12,0.0841
EP031949,EP142014,UNNAMED,1949,NORBERT,2014,pacific,25,35,1751.1,2287.0,4.2162,4.6331,3.8278,4.3671,4.6331,4.3671,229.3,228.69,0.1309
EP101989,EP111983,GIL,1989,KIKO,1983,pacific,27,36,2425.7,2531.4,2.8082,2.8347,2.0463,2.0963,2.8347,2.0963,230.85,228.67,0.0952
EP042006,EP151989,CARLOTTA,2006,LORENA,1989,pacific,33,40,3342.9,3059.6,2.2134,2.6521,2.0248,2.0831,2.6521,2.0831,232.08,229.27,0.0759
AL021892,AL031890,UNNAMED,1892,UNNAMED,1890,atlantic,40,33,6894.2,7166.3,2.7966,2.8258,2.393,2.4197,2.8258,2.4197,233.44,269.88,0.0339
EP031975,EP021969,CARLOTTA,1975,BERNICE,1969,pacific,35,33,3223.3,3454.0,2.2725,2.6418,2.0371,2.1403,2.6418,2.1403,236.84,238.05,0.0735
EP051995,EP212015,DALILA,1995,RICK,2015,pacific,36,33,2395.2,2656.5,2.7656,3.0267,2.2575,2.7244,3.0267,2.7244,238.09,238.08,0.0994
EP092010,EP011969,FRANK,2010,AVA,1969,pacific,30,28,2425.7,2899.2,2.9161,3.0108,2.4849,2.3607,3.0108,2.4849,239.34,237.25,0.0987
EP082008,EP041978,GENEVIEVE,2008,DANIEL,1978,pacific,40,29,4342.9,4135.6,2.2337,2.4797,2.0577,2.0329,2.4797,2.0577,239.77,235.81,0.058
EP071973,EP231990,GLENDA,1973,TRUDY,1990,pacific,25,67,2916.4,3867.9,2.6344,6.0575,2.1244,5.801,6.0575,5.801,242.75,252.86,0.0832
EP162003,EP012002,PATRICIA,2003,ALMA,2002,pacific,25,31,1817.2,2231.6,2.8272,3.3669,2.093,2.7706,3.3669,2.7706,246.35,245.76,0.1356
EP011976,EP021984,ANNETTE,1976,BORIS,1984,pacific,44,82,2765.1,3497.3,4.5613,5.3132,4.0,4.6325,5.3132,4.6325,250.14,249.5,0.0905
EP012003,EP051968,ANDRES,2003,ESTELLE,1968,pacific,28,33,4391.3,4290.3,2.1177,2.3602,2.024,2.1319,2.3602,2.1319,253.58,249.47,0.0591
EP101970,EP081954,JOYCE,1970,UNNAMED,1954,pacific,25,27,1771.5,2334.9,2.3989,2.7349,2.0277,2.1917,2.7349,2.1917,254.16,252.49,0.1435
EP051951,EP091975,UNNAMED,1951,ILSA,1975,pacific,29,35,3882.8,3702.5,2.3032,2.4431,2.0438,2.0773,2.4431,2.0773,255.6,260.29,0.069
EP131970,EP102015,MAGGIE,1970,HILDA,2015,pacific,27,36,3153.9,3401.7,2.2078,3.3556,2.0154,2.6093,3.3556,2.6093,257.89,255.0,0.0818
EP041983,EP091972,DALILIA,1983,IVA,1972,pacific,26,33,3053.3,2969.9,2.6498,2.7878,2.0481,2.1127,2.7878,2.1127,259.66,263.49,0.0874
EP191985,EP071972,TERRY,1985,GWEN,1972,pacific,37,37,3239.6,3423.8,2.8053,2.8603,2.0796,2.1205,2.8603,2.1205,263.29,261.04,0.0813
EP112007,EP091993,HENRIETTE,2007,HILARY,1993,pacific,30,42,2676.4,3269.0,2.6406,5.238,2.103,4.5742,5.238,4.5742,263.39,261.07,0.0984
EP031995,EP111968,BARBARA,1995,KATHLEEN,1968,pacific,42,41,4513.7,4830.7,2.2179,2.5014,2.014,2.0933,2.5014,2.0933,265.41,267.2,0.0588
EP131983,EP071972,MANUEL,1983,GWEN,1972,pacific,34,37,3296.2,3423.8,2.7713,2.8603,2.1528,2.1205,2.8603,2.1528,265.5,266.36,0.0805
EP071973,EP042002,GLENDA,1973,CRISTINA,2002,pacific,25,30,2916.4,2784.4,2.6344,2.9566,2.1244,2.2326,2.9566,2.2326,266.2,269.35,0.0956
EP111995,EP182014,JULIETTE,1995,RACHEL,2014,pacific,41,36,2380.4,2266.9,4.4299,5.7717,3.7224,5.3855,5.7717,5.3855,266.85,265.55,0.1177
EP102006,EP071987,ILEANA,2006,GREG,1987,pacific,32,28,2634.7,2828.1,2.4888,2.6188,2.0755,2.1336,2.6188,2.1336,267.19,270.02,0.1014
EP051951,EP161970,UNNAMED,1951,PATRICIA,1970,pacific,29,31,3882.8,3843.2,2.3032,2.5225,2.0438,2.0684,2.5225,2.0684,269.14,269.75,0.07
EP091991,EP142000,HILDA,1991,LANE,2000,pacific,26,37,3276.4,3772.5,2.9094,5.0759,2.1219,4.4128,5.0759,4.4128,270.83,272.23,0.0827
EP131985,EP101980,MARTY,1985,JAVIER,1980,pacific,29,26,2793.0,2812.3,2.6219,2.6574,2.0863,2.0604,2.6574,2.0863,270.95,268.47,0.097
EP172000,EP032014,OLIVIA,2000,CRISTINA,2014,pacific,32,41,1858.6,2223.0,2.7196,5.2152,2.0964,4.3298,5.2152,4.3298,271.58,270.87,0.1461
EP031975,EP061982,CARLOTTA,1975,FABIO,1982,pacific,35,32,3223.3,3229.7,2.2725,2.8377,2.0371,2.0413,2.8377,2.0413,271.87,272.71,0.0843
EP042004,EP141990,CELIA,2004,KENNA,1990,pacific,30,35,2596.2,3297.7,2.2174,4.3385,2.0446,4.0,4.3385,4.0,272.5,272.66,0.105
EP081967,EP101980,ILSA,1967,JAVIER,1980,pacific,25,26,2807.9,2812.3,2.6302,2.6574,2.1478,2.0604,2.6574,2.1478,272.89,275.45,0.0972
EP112007,EP112006,HENRIETTE,2007,JOHN,2006,pacific,30,32,2676.4,2828.1,2.6406,2.9029,2.103,2.1071,2.9029,2.1071,273.7,271.48,0.1023
AL021923,AL102000,UNNAMED,1923,FLORENCE,2000,atlantic,38,29,2955.7,3246.1,3.191,5.9278,2.4123,5.0304,5.9278,5.0304,276.11,278.93,0.0934
EP031971,EP191990,CARLOTTA,1971,ODILE,1990,pacific,27,35,3215.9,3292.0,2.8193,4.0465,2.0608,3.3713,4.0465,3.3713,277.32,274.6,0.0862
EP041983,EP111975,DALILIA,1983,KATRINA,1975,pacific,26,37,3053.3,3428.8,2.6498,2.8206,2.0481,2.1006,2.8206,2.1006,278.43,275.67,0.0912
EP101975,EP091972,JEWEL,1975,IVA,1972,pacific,31,33,3215.6,2969.9,2.332,2.7878,2.0541,2.1127,2.7878,2.1127,280.07,285.54,0.0943
EP071972,EP181989,GWEN,1972,OCTAVE,1989,pacific,37,33,3423.8,3136.5,2.8603,2.9085,2.1205,2.3092,2.9085,2.3092,280.59,277.91,0.0895
EP051995,EP101983,DALILA,1995,JULIETTE,1983,pacific,36,31,2395.2,2490.7,2.7656,3.016,2.2575,2.2648,3.016,2.2648,281.17,286.98,0.1174
EP111954,EP141998,UNNAMED,1954,LESTER,1998,pacific,25,47,3004.4,2956.3,2.4601,3.8813,2.0571,3.4825,3.8813,3.4825,281.25,278.68,0.0951
EP181982,EP041992,SERGIO,1982,CELIA,1992,pacific,40,50,4695.8,4767.8,2.4564,2.7584,2.0487,2.1205,2.7584,2.1205,281.45,277.15,0.0599
EP091972,EP151967,IVA,1972,PRISCILLA,1967,pacific,33,27,2969.9,2883.9,2.7878,2.7901,2.1127,2.0918,2.7901,2.1127,282.5,279.92,0.098
EP112006,EP091993,JOHN,2006,HILARY,1993,pacific,32,42,2828.1,3269.0,2.9029,5.238,2.1071,4.5742,5.238,4.5742,282.59,281.24,0.0999
AL031931,AL011917,UNNAMED,1931,UNNAMED,1917,atlantic,34,33,4088.4,4454.7,2.58,2.8545,2.0297,2.0615,2.8545,2.0615,282.76,281.67,0.0692
EP031968,EP071971,CELESTE,1968,GEORGETTE,1971,pacific,27,29,2831.4,3063.9,2.2915,2.8533,2.0375,2.0997,2.8533,2.0997,282.86,280.2,0.0999
EP102002,EP092000,HERNAN,2002,GILMA,2000,pacific,31,25,2759.0,2151.0,2.7955,2.8266,2.1277,2.0738,2.8266,2.1277,283.62,281.57,0.1319
EP172000,EP182014,OLIVIA,2000,RACHEL,2014,pacific,32,36,1858.6,2266.9,2.7196,5.7717,2.0964,5.3855,5.7717,5.3855,284.86,284.04,0.1533
EP042006,EP061982,CARLOTTA,2006,FABIO,1982,pacific,33,32,3342.9,3229.7,2.2134,2.8377,2.0248,2.0413,2.8377,2.0413,285.2,282.27,0.0883
EP102006,EP021981,ILEANA,2006,BEATRIZ,1981,pacific,32,25,2634.7,2604.3,2.4888,2.8132,2.0755,2.1105,2.8132,2.1105,287.57,286.81,0.1104
EP081978,EP121968,HECTOR,1978,LIZA,1968,pacific,32,37,3427.7,3210.0,2.6082,2.8112,2.0779,2.2138,2.8112,2.2138,287.6,292.35,0.0896
AL031993,AL111988,BRET,1993,JOAN,1988,atlantic,33,53,5184.0,5079.2,2.4022,4.2871,2.0223,3.8659,4.2871,3.8659,288.48,292.13,0.0568
AL012010,AL152000,ALEX,2010,KEITH,2000,atlantic,32,34,2546.5,2231.6,3.0941,5.1064,2.2778,4.4405,5.1064,4.4405,288.88,292.8,0.1294
EP241990,EP111988,VANCE,1990,KRISTY,1988,pacific,41,34,2560.8,2329.5,5.5842,6.0905,4.6126,5.6866,6.0905,5.6866,289.53,288.3,0.1243
AL081968,AL102008,EDNA,1968,JOSEPHINE,2008,atlantic,31,33,3778.1,3551.4,2.0131,2.2293,2.0078,2.0687,2.2293,2.0687,290.78,287.46,0.0819
EP031968,EP031988,CELESTE,1968,CARLOTTA,1988,pacific,27,28,2831.4,2785.9,2.2915,2.411,2.0375,2.065,2.411,2.065,290.89,291.49,0.1044
EP031975,EP101975,CARLOTTA,1975,JEWEL,1975,pacific,35,31,3223.3,3215.6,2.2725,2.332,2.0371,2.0541,2.332,2.0541,292.1,289.11,0.0908
EP042006,EP071971,CARLOTTA,2006,GEORGETTE,1971,pacific,33,29,3342.9,3063.9,2.2134,2.8533,2.0248,2.0997,2.8533,2.0997,292.13,289.32,0.0953
EP092000,EP031984,GILMA,2000,CRISTINA,1984,pacific,25,36,2151.0,2384.8,2.8266,3.018,2.0738,2.2487,3.018,2.2487,292.43,291.95,0.136
EP041965,EP151991,BERNICE,1965,MARTY,1991,pacific,31,45,3270.7,3787.0,2.6861,3.5044,2.071,2.9298,3.5044,2.9298,292.66,292.39,0.0895
EP031994,EP061982,CARLOTTA,1994,FABIO,1982,pacific,29,32,3133.7,3229.7,2.601,2.8377,2.0157,2.0413,2.8377,2.0413,292.82,289.86,0.0934
EP031994,EP101985,CARLOTTA,1994,JIMENA,1985,pacific,29,37,3133.7,3442.1,2.601,2.8299,2.0157,2.0681,2.8299,2.0681,293.14,290.61,0.0935
EP132004,EP091993,JAVIER,2004,HILARY,1993,pacific,39,42,3473.6,3269.0,2.8645,5.238,2.2071,4.5742,5.238,4.5742,295.08,292.46,0.0903
EP112007,EP161968,HENRIETTE,2007,PAULINE,1968,pacific,30,31,2676.4,2638.5,2.6406,2.8614,2.103,2.1804,2.8614,2.1804,295.44,294.89,0.112
AL021931,AL031905,UNNAMED,1931,UNNAMED,1905,atlantic,26,28,2886.8,2514.7,2.726,2.8685,2.1527,2.2468,2.8685,2.2468,296.34,294.23,0.1178
EP031978,EP191990,CARLOTTA,1978,ODILE,1990,pacific,35,35,3463.0,3292.0,2.8311,4.0465,2.1831,3.3713,4.0465,3.3713,296.44,293.72,0.09
EP151989,EP061982,LORENA,1989,FABIO,1982,pacific,40,32,3059.6,3229.7,2.6521,2.8377,2.0831,2.0413,2.8377,2.0831,296.5,293.8,0.0969
EP051990,EP081978,ELIDA,1990,HECTOR,1978,pacific,26,32,3108.3,3427.7,2.5768,2.6082,2.0222,2.0779,2.6082,2.0779,296.51,293.56,0.0954
EP021981,EP081980,BEATRIZ,1981,HOWARD,1980,pacific,25,30,2604.3,2637.3,2.8132,2.8224,2.1105,2.0695,2.8224,2.1105,297.34,300.22,0.1142
EP032006,EP061997,BUD,2006,DOLORES,1997,pacific,27,30,3850.8,4000.0,2.329,2.7788,2.0073,2.0358,2.7788,2.0358,297.82,304.38,0.0773
AL031864,AL081971,UNNAMED,1864,CHLOE,1971,atlantic,26,29,3958.5,4017.2,2.1103,2.4763,2.0051,2.0757,2.4763,2.0757,298.44,294.64,0.0754
EP131990,EP082008,JULIO,1990,GENEVIEVE,2008,pacific,32,40,4291.8,4342.9,2.1848,2.2337,2.0464,2.0577,2.2337,2.0577,299.1,295.03,0.0697
EP202009,EP011958,RICK,2009,UNNAMED,1958,pacific,27,41,2786.8,2326.6,3.1735,3.2245,2.702,2.7701,3.2245,2.7701,299.74,298.24,0.1288
EP172009,EP122006,NORA,2009,KRISTY,2006,pacific,31,42,2345.4,2481.1,2.6893,4.4111,2.2379,4.0778,4.4111,4.0778,300.14,298.37,0.128
EP072011,EP151967,GREG,2011,PRISCILLA,1967,pacific,26,27,3069.5,2883.9,2.2809,2.7901,2.0218,2.0918,2.7901,2.0918,301.91,299.33,0.1047
EP111968,EP161974,KATHLEEN,1968,PATRICIA,1974,pacific,41,43,4830.7,4820.8,2.5014,2.8964,2.0933,2.4476,2.8964,2.4476,302.35,303.3,0.0627
EP181984,EP012011,RACHEL,1984,ADRIAN,2011,pacific,36,30,2561.1,2275.3,2.2594,3.1479,2.0621,2.6988,3.1479,2.6988,304.08,302.07,0.1336
EP031988,EP081967,CARLOTTA,1988,ILSA,1967,pacific,28,25,2785.9,2807.9,2.411,2.6302,2.065,2.1478,2.6302,2.1478,305.98,303.41,0.1098
AL031931,AL041941,UNNAMED,1931,UNNAMED,1941,atlantic,34,29,4088.4,4042.3,2.58,2.6233,2.0297,2.07,2.6233,2.07,306.68,302.99,0.0759
EP031975,EP031994,CARLOTTA,1975,CARLOTTA,1994,pacific,35,29,3223.3,3133.7,2.2725,2.601,2.0371,2.0157,2.601,2.0371,307.52,304.5,0.0981
EP031988,EP071971,CARLOTTA,1988,GEORGETTE,1971,pacific,28,29,2785.9,3063.9,2.411,2.8533,2.065,2.0997,2.8533,2.0997,307.77,305.14,0.1105
AL021895,AL131967,UNNAMED,1895,BEULAH,1967,atlantic,36,70,4597.7,5397.3,2.738,3.5721,2.0165,2.88,3.5721,2.88,309.07,308.32,0.0672
EP191985,EP052015,TERRY,1985,DOLORES,2015,pacific,37,45,3239.6,3950.3,2.8053,3.4444,2.0796,2.9632,3.4444,2.9632,309.21,307.87,0.0954
EP141997,EP071990,LINDA,1997,FAUSTO,1990,pacific,34,28,2843.1,2874.0,2.7992,2.8029,2.0408,2.0342,2.8029,2.0408,310.83,308.25,0.1093
EP091972,EP061982,IVA,1972,FABIO,1982,pacific,33,32,2969.9,3229.7,2.7878,2.8377,2.1127,2.0413,2.8377,2.1127,310.83,308.12,0.1047
EP032014,EP182014,CRISTINA,2014,RACHEL,2014,pacific,41,36,2223.0,2266.9,5.2152,5.7717,4.3298,5.3855,5.7717,5.3855,311.62,310.37,0.1402
EP102006,EP072007,ILEANA,2006,DALILA,2007,pacific,32,34,2634.7,2513.5,2.4888,2.8999,2.0755,2.3392,2.8999,2.3392,311.69,309.47,0.124
EP042014,EP032004,DOUGLAS,2014,BLAS,2004,pacific,42,28,2709.5,2945.4,2.861,2.9286,2.0793,2.4932,2.9286,2.4932,312.34,311.98,0.1153
EP032015,EP031996,CARLOS,2015,ALMA,1996,pacific,32,29,1646.1,1312.6,3.6615,7.2087,2.989,6.2586,7.2087,6.2586,312.74,311.84,0.2383
EP081967,EP141997,ILSA,1967,LINDA,1997,pacific,25,34,2807.9,2843.1,2.6302,2.7992,2.1478,2.0408,2.7992,2.1478,313.25,312.48,0.1116
EP031968,EP101980,CELESTE,1968,JAVIER,1980,pacific,27,26,2831.4,2812.3,2.2915,2.6574,2.0375,2.0604,2.6574,2.0604,314.3,311.91,0.1118
EP021999,EP021969,BEATRIZ,1999,BERNICE,1969,pacific,32,33,3468.8,3454.0,2.5217,2.6418,2.0478,2.1403,2.6418,2.1403,315.03,322.91,0.0912
EP101989,EP181989,GIL,1989,OCTAVE,1989,pacific,27,33,2425.7,3136.5,2.8082,2.9085,2.0463,2.3092,2.9085,2.3092,315.06,315.15,0.1299
EP092005,EP032010,IRWIN,2005,BLAS,2010,pacific,34,32,2464.9,2421.7,2.7791,6.4983,2.1019,5.883,6.4983,5.883,315.39,313.47,0.1302
EP111985,EP071971,KEVIN,1985,GEORGETTE,1971,pacific,36,29,3463.1,3063.9,2.5263,2.8533,2.0471,2.0997,2.8533,2.0997,315.69,312.84,0.103
AL071892,AL011917,UNNAMED,1892,UNNAMED,1917,atlantic,45,33,4792.8,4454.7,2.7889,2.8545,2.023,2.0615,2.8545,2.0615,316.59,312.38,0.0711
EP111985,EP101985,KEVIN,1985,JIMENA,1985,pacific,36,37,3463.1,3442.1,2.5263,2.8299,2.0471,2.0681,2.8299,2.0681,316.62,316.42,0.092
EP132011,EP011970,KENNETH,2011,ADELE,1970,pacific,31,31,3644.0,3614.8,2.2055,2.3398,2.0474,2.0493,2.3398,2.0493,316.64,313.24,0.0876
EP101980,EP102002,JAVIER,1980,HERNAN,2002,pacific,26,31,2812.3,2759.0,2.6574,2.7955,2.0604,2.1277,2.7955,2.1277,317.9,315.41,0.1152
EP102000,EP081981,HECTOR,2000,HILARY,1981,pacific,25,29,2342.3,2505.9,2.6403,2.736,2.1366,2.1001,2.736,2.1366,318.31,319.55,0.1359
EP041981,EP051995,DORA,1981,DALILA,1995,pacific,25,36,2550.6,2395.2,2.2209,2.7656,2.0216,2.2575,2.7656,2.2575,319.4,317.37,0.1334
EP131983,EP191985,MANUEL,1983,TERRY,1985,pacific,34,37,3296.2,3239.6,2.7713,2.8053,2.1528,2.0796,2.8053,2.1528,319.69,317.06,0.0987
EP151982,EP091991,OLIVIA,1982,HILDA,1991,pacific,29,26,3481.5,3276.4,2.7446,2.9094,2.2484,2.1219,2.9094,2.2484,320.6,322.54,0.0979
EP071995,EP112012,FLOSSIE,1995,KRISTY,2012,pacific,27,33,1994.8,2644.4,2.8638,5.4589,2.0764,4.2784,5.4589,4.2784,320.85,319.19,0.1608
AL041941,AL011917,UNNAMED,1941,UNNAMED,1917,atlantic,29,33,4042.3,4454.7,2.6233,2.8545,2.07,2.0615,2.8545,2.07,320.92,317.21,0.0794
EP112006,EP132009,JOHN,2006,JIMENA,2009,pacific,32,39,2828.1,2906.7,2.9029,6.193,2.1071,5.1536,6.193,5.1536,321.28,321.61,0.1136
EP152001,EP042002,MANUEL,2001,CRISTINA,2002,pacific,31,30,2919.0,2784.4,2.9444,2.9566,2.393,2.2326,2.9566,2.393,321.46,319.26,0.1155
EP081965,EP041988,FLORENCE,1965,DANIEL,1988,pacific,31,30,2685.9,2815.9,2.4369,2.7609,2.0298,2.255,2.7609,2.255,321.67,320.74,0.1198
EP052001,EP081987,DALILA,2001,HILARY,1987,pacific,31,35,3162.7,3655.6,2.2173,2.6461,2.0093,2.0357,2.6461,2.0357,321.83,319.27,0.1018
EP081969,EP062015,HEATHER,1969,ENRIQUE,2015,pacific,27,38,1664.4,2242.9,2.819,5.7853,2.0585,5.343,5.7853,5.343,322.64,321.09,0.1938
EP041954,EP122006,UNNAMED,1954,KRISTY,2006,pacific,31,42,2200.0,2481.1,2.8026,4.4111,2.1983,4.0778,4.4111,4.0778,322.73,320.95,0.1467
EP031966,EP121985,CONNIE,1966,LINDA,1985,pacific,39,42,3671.0,4011.0,2.2551,2.7832,2.0341,2.0949,2.7832,2.0949,323.26,319.76,0.0881
EP112001,EP132004,JULIETTE,2001,JAVIER,2004,pacific,48,39,3777.4,3473.6,2.8275,2.8645,2.3133,2.2071,2.8645,2.3133,323.39,320.72,0.0931
AL051942,AL062007,UNNAMED,1942,FELIX,2007,atlantic,32,28,3535.6,4171.3,2.2072,2.6764,2.0059,2.0372,2.6764,2.0372,323.45,320.03,0.0915
AL041944,AL031931,UNNAMED,1944,UNNAMED,1931,atlantic,32,34,4307.1,4088.4,2.5154,2.58,2.0442,2.0297,2.58,2.0442,323.73,332.77,0.0792
EP081978,EP151985,HECTOR,1978,OLAF,1985,pacific,32,38,3427.7,3777.1,2.6082,2.9436,2.0779,2.377,2.9436,2.377,323.87,324.94,0.0945
EP021949,EP111995,UNNAMED,1949,JULIETTE,1995,pacific,25,41,1932.2,2380.4,2.8231,4.4299,2.1257,3.7224,4.4299,3.7224,324.01,322.6,0.1677
EP031988,EP061982,CARLOTTA,1988,FABIO,1982,pacific,28,32,2785.9,3229.7,2.411,2.8377,2.065,2.0413,2.8377,2.065,324.05,321.53,0.1163
EP112001,EP091959,JULIETTE,2001,UNNAMED,1959,pacific,48,31,3777.4,3358.2,2.8275,2.9587,2.3133,2.1888,2.9587,2.3133,324.3,321.35,0.0966
EP031975,EP091972,CARLOTTA,1975,IVA,1972,pacific,35,33,3223.3,2969.9,2.2725,2.7878,2.0371,2.1127,2.7878,2.1127,324.34,321.61,0.1092
EP111975,EP061982,KATRINA,1975,FABIO,1982,pacific,37,32,3428.8,3229.7,2.8206,2.8377,2.1006,2.0413,2.8377,2.1006,324.54,321.61,0.1005
EP171987,EP031984,RAMON,1987,CRISTINA,1984,pacific,27,36,2340.8,2384.8,2.8043,3.018,2.0879,2.2487,3.018,2.2487,324.57,325.12,0.1387
EP091959,EP091993,UNNAMED,1959,HILARY,1993,pacific,31,42,3358.2,3269.0,2.9587,5.238,2.1888,4.5742,5.238,4.5742,324.95,322.35,0.0994
EP031988,EP141997,CARLOTTA,1988,LINDA,1997,pacific,28,34,2785.9,2843.1,2.411,2.7992,2.065,2.0408,2.7992,2.065,325.68,326.11,0.1169
EP061992,EP101968,ESTELLE,1992,JOANNE,1968,pacific,34,29,3046.5,3420.8,2.9778,3.1184,2.2551,2.2374,3.1184,2.2551,326.15,324.92,0.1071
AL021895,AL021878,UNNAMED,1895,UNNAMED,1878,atlantic,36,45,4597.7,4466.6,2.738,2.824,2.0165,2.1208,2.824,2.1208,326.16,322.13,0.073
EP011957,EP052006,KANOA,1957,DANIEL,2006,pacific,45,48,5049.4,4827.5,2.3031,2.3301,2.0324,2.0343,2.3301,2.0343,326.54,322.0,0.0676
EP021954,EP122003,UNNAMED,1954,LINDA,2003,pacific,25,38,2034.9,1942.6,2.5259,3.0414,2.0822,2.4099,3.0414,2.4099,327.19,325.87,0.1684
EP061984,EP112012,FAUSTO,1984,KRISTY,2012,pacific,27,33,1852.1,2644.4,2.8643,5.4589,2.1482,4.2784,5.4589,4.2784,327.27,326.46,0.1767
EP131990,EP052011,JULIO,1990,EUGENE,2011,pacific,32,44,4291.8,4964.3,2.1848,2.3789,2.0464,2.0682,2.3789,2.0682,327.54,327.25,0.0763
EP071984,EP011958,GENEVIEVE,1984,UNNAMED,1958,pacific,30,41,2415.4,2326.6,2.953,3.2245,2.2128,2.7701,3.2245,2.7701,327.7,326.04,0.1408
EP052006,EP081997,DANIEL,2006,FELICIA,1997,pacific,48,33,4827.5,4583.4,2.3301,2.5145,2.0343,2.0536,2.5145,2.0536,328.78,328.94,0.0717
EP081978,EP091971,HECTOR,1978,ILSA,1971,pacific,32,35,3427.7,3497.7,2.6082,2.876,2.0779,2.1304,2.876,2.1304,328.84,325.65,0.0959
EP091976,EP091971,IVA,1976,ILSA,1971,pacific,37,35,3791.8,3497.7,2.8339,2.876,2.0686,2.1304,2.876,2.1304,328.88,329.1,0.094
EP171982,EP032015,ROSA,1982,CARLOS,2015,pacific,25,32,1312.8,1646.1,2.6379,3.6615,2.03,2.989,3.6615,2.989,329.4,328.21,0.2509
EP102008,EP032010,ISELLE,2008,BLAS,2010,pacific,41,32,2546.8,2421.7,2.9246,6.4983,2.2553,5.883,6.4983,5.883,329.55,331.72,0.1361
AL021879,AL082008,UNNAMED,1879,HANNA,2008,atlantic,32,49,6010.8,6741.9,3.0799,5.257,2.3144,4.6536,5.257,4.6536,329.59,328.52,0.0548
EP071978,EP121968,GILMA,1978,LIZA,1968,pacific,29,37,3515.2,3210.0,2.737,2.8112,2.2197,2.2138,2.8112,2.2197,329.74,337.68,0.1027
EP041983,EP061982,DALILIA,1983,FABIO,1982,pacific,26,32,3053.3,3229.7,2.6498,2.8377,2.0481,2.0413,2.8377,2.0481,329.83,327.0,0.108
EP031988,EP212015,CARLOTTA,1988,RICK,2015,pacific,28,33,2785.9,2656.5,2.411,3.0267,2.065,2.7244,3.0267,2.7244,330.93,328.79,0.1246
EP071987,EP091971,GREG,1987,ILSA,1971,pacific,28,35,2828.1,3497.7,2.6188,2.876,2.1336,2.1304,2.876,2.1336,331.77,329.15,0.1173
EP121983,EP071990,LORENA,1983,FAUSTO,1990,pacific,34,28,2949.9,2874.0,2.3156,2.8029,2.0636,2.0342,2.8029,2.0636,331.93,329.41,0.1155
EP141987,EP142007,NORMA,1987,JULIETTE,2007,pacific,25,25,1383.8,1848.4,2.7957,4.2564,2.2892,3.7835,4.2564,3.7835,331.99,331.09,0.2399
EP031988,EP041983,CARLOTTA,1988,DALILIA,1983,pacific,28,26,2785.9,3053.3,2.411,2.6498,2.065,2.0481,2.6498,2.065,332.4,332.61,0.1193
EP071987,EP102002,GREG,1987,HERNAN,2002,pacific,28,31,2828.1,2759.0,2.6188,2.7955,2.1336,2.1277,2.7955,2.1336,332.95,330.47,0.1207
EP091988,EP032011,IVA,1988,CALVIN,2011,pacific,36,29,3148.6,2472.4,2.5953,2.7811,2.1418,2.2133,2.7811,2.2133,332.96,330.71,0.1347
AL021908,AL051888,UNNAMED,1908,UNNAMED,1888,atlantic,32,28,3433.0,3837.3,2.7993,2.9543,2.303,2.4476,2.9543,2.4476,333.03,331.57,0.097
EP092000,EP072012,GILMA,2000,GILMA,2012,pacific,25,33,2151.0,2276.0,2.8266,3.3391,2.0738,2.6973,3.3391,2.6973,333.13,335.88,0.1549
EP061984,EP032014,FAUSTO,1984,CRISTINA,2014,pacific,27,41,1852.1,2223.0,2.8643,5.2152,2.1482,4.3298,5.2152,4.3298,333.66,334.34,0.1802
EP131971,EP142007,MONICA,1971,JULIETTE,2007,pacific,29,25,1786.1,1848.4,2.8781,4.2564,2.2595,3.7835,4.2564,3.7835,333.68,332.73,0.1868
EP101980,EP151985,JAVIER,1980,OLAF,1985,pacific,26,38,2812.3,3777.1,2.6574,2.9436,2.0604,2.377,2.9436,2.377,333.68,331.03,0.1187
EP061970,EP061995,GRETCHEN,1970,ERICK,1995,pacific,29,26,1593.8,1607.0,2.8371,2.8954,2.2234,2.4649,2.8954,2.4649,335.47,334.92,0.2105
EP191968,EP061981,TARA,1968,FERNANDA,1981,pacific,33,27,3732.7,4031.5,2.4341,2.8343,2.0593,2.0435,2.8343,2.0593,335.65,332.24,0.0899
EP121982,EP061991,LANE,1982,ENRIQUE,1991,pacific,26,25,3382.9,3307.2,2.4314,2.8308,2.0316,2.0864,2.8308,2.0864,336.0,334.41,0.1016
EP141987,EP152005,NORMA,1987,OTIS,2005,pacific,25,31,1383.8,1807.8,2.7957,4.9107,2.2892,4.023,4.9107,4.023,336.06,335.11,0.2429
EP041983,EP151989,DALILIA,1983,LORENA,1989,pacific,26,40,3053.3,3059.6,2.6498,2.6521,2.0481,2.0831,2.6521,2.0831,336.33,333.53,0.1102
EP171984,EP011958,POLO,1984,UNNAMED,1958,pacific,31,41,2879.2,2326.6,2.9165,3.2245,2.5596,2.7701,3.2245,2.7701,336.68,335.78,0.1447
EP082008,EP121989,GENEVIEVE,2008,ISMAEL,1989,pacific,40,45,4342.9,4643.8,2.2337,2.6377,2.0577,2.0802,2.6377,2.0802,336.93,332.92,0.0776
EP102002,EP121968,HERNAN,2002,LIZA,1968,pacific,31,37,2759.0,3210.0,2.7955,2.8112,2.1277,2.2138,2.8112,2.2138,337.35,334.91,0.1223
EP031994,EP021969,CARLOTTA,1994,BERNICE,1969,pacific,29,33,3133.7,3454.0,2.601,2.6418,2.0157,2.1403,2.6418,2.1403,337.41,334.44,0.1077
EP051973,EP081995,EMILY,1973,GIL,1995,pacific,27,28,3038.9,2562.3,2.8746,3.0351,2.0982,2.3445,3.0351,2.3445,338.0,335.7,0.1319
EP032011,EP012011,CALVIN,2011,ADRIAN,2011,pacific,29,30,2472.4,2275.3,2.7811,3.1479,2.2133,2.6988,3.1479,2.6988,338.09,336.15,0.1486
EP162003,EP012011,PATRICIA,2003,ADRIAN,2011,pacific,25,30,1817.2,2275.3,2.8272,3.1479,2.093,2.6988,3.1479,2.6988,338.22,340.26,0.1861
AL041857,AL131967,UNNAMED,1857,BEULAH,1967,atlantic,29,70,5001.2,5397.3,2.7993,3.5721,2.0296,2.88,3.5721,2.88,338.48,334.07,0.0677
EP062003,EP041976,FELICIA,2003,DIANA,1976,pacific,28,30,4235.4,4851.4,2.1261,2.2208,2.0141,2.0265,2.2208,2.0265,338.67,334.59,0.08
EP021981,EP152015,BEATRIZ,1981,LINDA,2015,pacific,25,40,2604.3,2904.4,2.8132,4.1596,2.1105,4.0,4.1596,4.0,339.9,338.34,0.1305
EP141970,EP081996,NORMA,1970,ELIDA,1996,pacific,25,29,1903.1,1737.1,2.7682,3.2483,2.253,2.5362,3.2483,2.5362,340.1,338.65,0.1958
EP052009,EP051972,DOLORES,2009,ESTELLE,1972,pacific,25,31,3400.5,3165.3,2.8333,2.9182,2.1205,2.11,2.9182,2.1205,340.67,337.74,0.1076
AL041951,AL052005,CHARLIE,1951,EMILY,2005,atlantic,52,45,6103.1,6619.0,2.3552,2.7629,2.018,2.0527,2.7629,2.0527,341.27,342.21,0.0559
EP031988,EP051990,CARLOTTA,1988,ELIDA,1990,pacific,28,26,2785.9,3108.3,2.411,2.5768,2.065,2.0222,2.5768,2.065,341.66,341.7,0.1226
EP191968,EP031978,TARA,1968,CARLOTTA,1978,pacific,33,35,3732.7,3463.0,2.4341,2.8311,2.0593,2.1831,2.8311,2.1831,341.69,338.68,0.0987
EP171987,EP092000,RAMON,1987,GILMA,2000,pacific,27,25,2340.8,2151.0,2.8043,2.8266,2.0879,2.0738,2.8266,2.0879,341.88,345.92,0.1589
EP111995,EP082012,JULIETTE,1995,HECTOR,2012,pacific,41,35,2380.4,1887.5,4.4299,4.5223,3.7224,3.8648,4.5223,3.8648,342.29,343.66,0.1813
EP092008,EP081997,HERNAN,2008,FELICIA,1997,pacific,41,33,4412.5,4583.4,2.4154,2.5145,2.0804,2.0536,2.5145,2.0804,343.05,339.09,0.0777
EP072011,EP101975,GREG,2011,JEWEL,1975,pacific,26,31,3069.5,3215.6,2.2809,2.332,2.0218,2.0541,2.332,2.0541,343.14,344.9,0.1118
EP102006,EP071990,ILEANA,2006,FAUSTO,1990,pacific,32,28,2634.7,2874.0,2.4888,2.8029,2.0755,2.0342,2.8029,2.0755,343.17,340.64,0.1303
EP051990,EP041983,ELIDA,1990,DALILIA,1983,pacific,26,26,3108.3,3053.3,2.5768,2.6498,2.0222,2.0481,2.6498,2.0481,343.22,340.39,0.1124
EP092000,EP212015,GILMA,2000,RICK,2015,pacific,25,33,2151.0,2656.5,2.8266,3.0267,2.0738,2.7244,3.0267,2.7244,343.55,341.66,0.1597
EP161983,EP141982,PRISCILLA,1983,NORMAN,1982,pacific,26,36,2463.9,2672.0,2.6211,2.7347,2.1439,2.2232,2.7347,2.2232,343.95,344.73,0.1396
EP031988,EP121968,CARLOTTA,1988,LIZA,1968,pacific,28,37,2785.9,3210.0,2.411,2.8112,2.065,2.2138,2.8112,2.2138,344.35,341.72,0.1236
EP041981,EP031994,DORA,1981,CARLOTTA,1994,pacific,25,29,2550.6,3133.7,2.2209,2.601,2.0216,2.0157,2.601,2.0216,344.81,342.36,0.1352
EP141998,EP021984,LESTER,1998,BORIS,1984,pacific,47,82,2956.3,3497.3,3.8813,5.3132,3.4825,4.6325,5.3132,4.6325,344.83,344.99,0.1166
EP052002,EP032013,DOUGLAS,2002,COSME,2013,pacific,27,30,3731.9,4003.0,2.5075,2.7199,2.0927,2.0488,2.7199,2.0927,345.05,341.53,0.0925
EP081967,EP151989,ILSA,1967,LORENA,1989,pacific,25,40,2807.9,3059.6,2.6302,2.6521,2.1478,2.0831,2.6521,2.1478,345.49,344.45,0.123
EP051973,EP151991,EMILY,1973,MARTY,1991,pacific,27,45,3038.9,3787.0,2.8746,3.5044,2.0982,2.9298,3.5044,2.9298,345.62,345.03,0.1137
AL091932,AL031864,UNNAMED,1932,UNNAMED,1864,atlantic,31,26,3844.6,3958.5,2.0719,2.1103,2.0083,2.0051,2.1103,2.0083,346.15,347.73,0.09
EP031995,EP041976,BARBARA,1995,DIANA,1976,pacific,42,30,4513.7,4851.4,2.2179,2.2208,2.014,2.0265,2.2208,2.0265,346.62,342.26,0.0768
EP141987,EP181970,NORMA,1987,SELMA,1970,pacific,25,29,1383.8,1775.3,2.7957,3.8382,2.2892,3.6881,3.8382,3.6881,346.68,346.12,0.2505
EP161983,EP111967,PRISCILLA,1983,LILY,1967,pacific,26,27,2463.9,3183.7,2.6211,2.933,2.1439,2.4692,2.933,2.4692,346.69,344.71,0.1407
EP031988,EP151989,CARLOTTA,1988,LORENA,1989,pacific,28,40,2785.9,3059.6,2.411,2.6521,2.065,2.0831,2.6521,2.0831,346.95,345.84,0.1245
AL021940,AL021911,UNNAMED,1940,UNNAMED,1911,atlantic,31,26,1861.6,1731.8,2.7074,3.041,2.3201,2.3106,3.041,2.3201,347.15,345.97,0.2005
EP031968,EP151989,CELESTE,1968,LORENA,1989,pacific,27,40,2831.4,3059.6,2.2915,2.6521,2.0375,2.0831,2.6521,2.0831,347.58,345.08,0.1228
EP031968,EP051990,CELESTE,1968,ELIDA,1990,pacific,27,26,2831.4,3108.3,2.2915,2.5768,2.0375,2.0222,2.5768,2.0375,347.59,345.06,0.1228
EP051990,EP061982,ELIDA,1990,FABIO,1982,pacific,26,32,3108.3,3229.7,2.5768,2.8377,2.0222,2.0413,2.8377,2.0413,347.66,344.97,0.1118
EP151968,EP122004,ORLA,1968,ISIS,2004,pacific,35,52,3312.7,3477.4,2.151,4.4988,2.0395,3.6677,4.4988,3.6677,347.87,344.74,0.105
EP041991,EP111988,DELORES,1991,KRISTY,1988,pacific,26,34,1707.7,2329.5,3.0593,6.0905,2.6756,5.6866,6.0905,5.6866,348.03,347.37,0.2038
EP101980,EP141997,JAVIER,1980,LINDA,1997,pacific,26,34,2812.3,2843.1,2.6574,2.7992,2.0604,2.0408,2.7992,2.0604,348.59,353.83,0.124
EP102006,EP111983,ILEANA,2006,KIKO,1983,pacific,32,36,2634.7,2531.4,2.4888,2.8347,2.0755,2.0963,2.8347,2.0963,348.65,346.41,0.1377
EP012012,EP012014,ALETTA,2012,AMANDA,2014,pacific,26,30,1676.4,1281.1,3.5145,3.7335,3.2373,3.3889,3.7335,3.3889,349.24,348.66,0.2726
EP051951,EP151991,UNNAMED,1951,MARTY,1991,pacific,29,45,3882.8,3787.0,2.3032,3.5044,2.0438,2.9298,3.5044,2.9298,349.37,346.1,0.0923
EP032000,EP141971,CARLOTTA,2000,NANETTE,1971,pacific,27,27,2846.7,2785.4,2.6326,2.9325,2.0333,2.1728,2.9325,2.1728,349.97,353.67,0.1256
EP111975,EP091971,KATRINA,1975,ILSA,1971,pacific,37,35,3428.8,3497.7,2.8206,2.876,2.1006,2.1304,2.876,2.1304,350.13,347.12,0.1021
EP021999,EP031978,BEATRIZ,1999,CARLOTTA,1978,pacific,32,35,3468.8,3463.0,2.5217,2.8311,2.0478,2.1831,2.8311,2.1831,350.2,347.08,0.1011
EP061972,EP111980,FERNANDA,1972,KAY,1980,pacific,49,55,5943.5,6184.8,2.8566,2.8937,2.1707,2.2507,2.8937,2.2507,350.8,355.93,0.059
EP111954,EP021983,UNNAMED,1954,BARBARA,1983,pacific,25,38,3004.4,3112.4,2.4601,3.1154,2.0571,2.2504,3.1154,2.2504,351.02,348.41,0.1168
EP111985,EP051990,KEVIN,1985,ELIDA,1990,pacific,36,26,3463.1,3108.3,2.5263,2.5768,2.0471,2.0222,2.5768,2.0471,351.52,348.55,0.1131
EP071995,EP072007,FLOSSIE,1995,DALILA,2007,pacific,27,34,1994.8,2513.5,2.8638,2.8999,2.0764,2.3392,2.8999,2.3392,351.67,349.89,0.1763
EP032006,EP092006,BUD,2006,HECTOR,2006,pacific,27,35,3850.8,3492.3,2.329,2.9043,2.0073,2.1371,2.9043,2.1371,352.07,348.83,0.1008
EP191985,EP181989,TERRY,1985,OCTAVE,1989,pacific,37,33,3239.6,3136.5,2.8053,2.9085,2.0796,2.3092,2.9085,2.3092,352.39,349.78,0.1124
EP031994,EP081967,CARLOTTA,1994,ILSA,1967,pacific,29,25,3133.7,2807.9,2.601,2.6302,2.0157,2.1478,2.6302,2.1478,352.43,349.94,0.1255
EP101975,EP061982,JEWEL,1975,FABIO,1982,pacific,31,32,3215.6,3229.7,2.332,2.8377,2.0541,2.0413,2.8377,2.0541,353.25,350.35,0.1099
EP212015,EP171994,RICK,2015,OLIVIA,1994,pacific,33,31,2656.5,2470.6,3.0267,4.5709,2.7244,4.095,4.5709,4.095,353.95,352.83,0.1433
EP121993,EP061981,KENNETH,1993,FERNANDA,1981,pacific,50,27,3830.2,4031.5,2.7141,2.8343,2.1322,2.0435,2.8343,2.1322,354.08,355.89,0.0924
EP051951,EP031998,UNNAMED,1951,BLAS,1998,pacific,29,36,3882.8,4293.6,2.3032,2.6671,2.0438,2.0317,2.6671,2.0438,354.32,350.66,0.0913
EP031994,EP151989,CARLOTTA,1994,LORENA,1989,pacific,29,40,3133.7,3059.6,2.601,2.6521,2.0157,2.0831,2.6521,2.0831,354.58,359.1,0.1159
EP051973,EP092011,EMILY,1973,HILARY,2011,pacific,27,50,3038.9,3814.6,2.8746,3.078,2.0982,2.4882,3.078,2.4882,354.61,351.78,0.1167
EP032013,EP081976,COSME,2013,HYACINTH,1976,pacific,30,31,4003.0,4452.1,2.7199,3.166,2.0488,2.5432,3.166,2.5432,354.87,351.11,0.0887
AL011923,AL071871,UNNAMED,1923,UNNAMED,1871,atlantic,28,33,3268.7,3283.6,2.8331,3.0609,2.1832,2.6484,3.0609,2.6484,355.06,372.17,0.1086
EP121970,EP061986,LORRAINE,1970,FRANK,1986,pacific,47,38,5151.9,5521.7,2.4018,2.573,2.1198,2.0263,2.573,2.1198,355.12,350.35,0.0689
AL021960,AL011917,ABBY,1960,UNNAMED,1917,atlantic,34,33,4774.5,4454.7,2.6518,2.8545,2.0502,2.0615,2.8545,2.0615,355.24,351.06,0.0797
EP072008,EP091976,FAUSTO,2008,IVA,1976,pacific,33,37,3796.9,3791.8,2.8177,2.8339,2.0514,2.0686,2.8339,2.0686,355.79,352.34,0.0938
EP081988,EP121970,HECTOR,1988,LORRAINE,1970,pacific,41,47,5063.3,5151.9,2.3108,2.4018,2.0445,2.1198,2.4018,2.1198,355.82,357.24,0.0703
EP102002,EP141997,HERNAN,2002,LINDA,1997,pacific,31,34,2759.0,2843.1,2.7955,2.7992,2.1277,2.0408,2.7992,2.1277,356.61,354.18,0.1293
AL021895,AL051958,UNNAMED,1895,ELLA,1958,atlantic,36,35,4597.7,4739.1,2.738,2.7804,2.0165,2.0502,2.7804,2.0502,357.04,358.77,0.0777
EP031986,EP011976,CELIA,1986,ANNETTE,1976,pacific,25,44,2592.1,2765.1,2.7874,4.5613,2.0621,4.0,4.5613,4.0,357.08,354.87,0.1378
EP141970,EP031949,NORMA,1970,UNNAMED,1949,pacific,25,25,1903.1,1751.1,2.7682,4.2162,2.253,3.8278,4.2162,3.8278,357.89,357.28,0.2044
EP041994,EP101987,DANIEL,1994,JOVA,1987,pacific,26,34,3612.9,3971.1,2.3289,2.6766,2.0289,2.0977,2.6766,2.0977,358.05,354.79,0.0991
EP092007,EP102015,FLOSSIE,2007,HILDA,2015,pacific,32,36,3900.1,3401.7,2.4985,3.3556,2.0438,2.6093,3.3556,2.6093,358.3,355.21,0.1053
AL041944,AL141933,UNNAMED,1944,UNNAMED,1933,atlantic,32,38,4307.1,4759.0,2.5154,2.7187,2.0442,2.0314,2.7187,2.0442,358.56,354.54,0.0832
EP102006,EP031984,ILEANA,2006,CRISTINA,1984,pacific,32,36,2634.7,2384.8,2.4888,3.018,2.0755,2.2487,3.018,2.2487,359.67,360.98,0.1508
EP061970,EP072012,GRETCHEN,1970,GILMA,2012,pacific,29,33,1593.8,2276.0,2.8371,3.3391,2.2234,2.6973,3.3391,2.6973,360.23,358.85,0.226
AL021960,AL071892,ABBY,1960,UNNAMED,1892,atlantic,34,45,4774.5,4792.8,2.6518,2.7889,2.0502,2.023,2.7889,2.0502,360.89,368.4,0.0756
EP031998,EP091998,BLAS,1998,HOWARD,1998,pacific,36,40,4293.6,4244.9,2.6671,2.7162,2.0317,2.1645,2.7162,2.1645,360.9,356.98,0.085
EP072012,EP171994,GILMA,2012,OLIVIA,1994,pacific,33,31,2276.0,2470.6,3.3391,4.5709,2.6973,4.095,4.5709,4.095,360.98,359.08,0.1586
EP071987,EP031984,GREG,1987,CRISTINA,1984,pacific,28,36,2828.1,2384.8,2.6188,3.018,2.1336,2.2487,3.018,2.2487,361.03,364.33,0.1514
EP081981,EP211992,HILARY,1981,SEYMOUR,1992,pacific,29,40,2505.9,2673.6,2.736,2.8555,2.1001,2.4057,2.8555,2.4057,361.04,359.07,0.1441
AL131969,AL161978,FRANCELIA,1969,GRETA,1978,atlantic,27,26,3118.8,3443.8,2.2752,2.3083,2.0514,2.0602,2.3083,2.0602,361.11,358.13,0.1158
EP131985,EP141997,MARTY,1985,LINDA,1997,pacific,29,34,2793.0,2843.1,2.6219,2.7992,2.0863,2.0408,2.7992,2.0863,361.77,359.31,0.1295
EP161970,EP091998,PATRICIA,1970,HOWARD,1998,pacific,31,40,3843.2,4244.9,2.5225,2.7162,2.0684,2.1645,2.7162,2.1645,361.86,358.17,0.0942
EP072011,EP041983,GREG,2011,DALILIA,1983,pacific,26,26,3069.5,3053.3,2.2809,2.6498,2.0218,2.0481,2.6498,2.0481,362.19,366.33,0.1186
EP181982,EP031998,SERGIO,1982,BLAS,1998,pacific,40,36,4695.8,4293.6,2.4564,2.6671,2.0487,2.0317,2.6671,2.0487,362.51,358.51,0.0844
EP101983,EP171994,JULIETTE,1983,OLIVIA,1994,pacific,31,31,2490.7,2470.6,3.016,4.5709,2.2648,4.095,4.5709,4.095,362.62,363.44,0.1468
EP151982,EP131983,OLIVIA,1982,MANUEL,1983,pacific,29,34,3481.5,3296.2,2.7446,2.7713,2.2484,2.1528,2.7713,2.2484,362.88,365.59,0.1101
EP141998,EP011976,LESTER,1998,ANNETTE,1976,pacific,47,44,2956.3,2765.1,3.8813,4.5613,3.4825,4.0,4.5613,4.0,363.24,360.94,0.1314
EP021969,EP191982,BERNICE,1969,TARA,1982,pacific,33,27,3454.0,3357.3,2.6418,2.8328,2.1403,2.1091,2.8328,2.1403,363.34,360.48,0.1082
EP052001,EP101990,DALILA,2001,ISELLE,1990,pacific,31,38,3162.7,3312.3,2.2173,3.3338,2.0093,2.8177,3.3338,2.8177,363.47,362.86,0.1149
EP041991,EP012001,DELORES,1991,ADOLPH,2001,pacific,26,29,1707.7,1716.0,3.0593,4.4047,2.6756,3.95,4.4047,3.95,363.63,362.7,0.2129
EP031975,EP041983,CARLOTTA,1975,DALILIA,1983,pacific,35,26,3223.3,3053.3,2.2725,2.6498,2.0371,2.0481,2.6498,2.0481,364.14,361.33,0.1193
EP151967,EP231990,PRISCILLA,1967,TRUDY,1990,pacific,27,67,2883.9,3867.9,2.7901,6.0575,2.0918,5.801,6.0575,5.801,364.4,365.92,0.1264
EP131970,EP092007,MAGGIE,1970,FLOSSIE,2007,pacific,27,32,3153.9,3900.1,2.2078,2.4985,2.0154,2.0438,2.4985,2.0438,364.76,361.7,0.1157
EP031988,EP151967,CARLOTTA,1988,PRISCILLA,1967,pacific,28,27,2785.9,2883.9,2.411,2.7901,2.065,2.0918,2.7901,2.0918,364.81,364.95,0.1309
EP101983,EP212015,JULIETTE,1983,RICK,2015,pacific,31,33,2490.7,2656.5,3.016,3.0267,2.2648,2.7244,3.0267,2.7244,365.0,364.07,0.1465
EP122003,EP142005,LINDA,2003,NORMA,2005,pacific,38,33,1942.6,1963.6,3.0414,3.1656,2.4099,2.6365,3.1656,2.6365,365.04,364.0,0.1879
EP141987,EP122007,NORMA,1987,IVO,2007,pacific,25,28,1383.8,1752.5,2.7957,3.091,2.2892,2.4102,3.091,2.4102,365.47,364.42,0.2641
EP111985,EP031994,KEVIN,1985,CARLOTTA,1994,pacific,36,29,3463.1,3133.7,2.5263,2.601,2.0471,2.0157,2.601,2.0471,365.52,362.67,0.1166
EP081987,EP072008,HILARY,1987,FAUSTO,2008,pacific,35,33,3655.6,3796.9,2.6461,2.8177,2.0357,2.0514,2.8177,2.0514,365.57,362.08,0.1
EP081993,EP032013,GREG,1993,COSME,2013,pacific,56,30,4354.3,4003.0,2.5891,2.7199,2.2162,2.0488,2.7199,2.2162,366.93,363.26,0.0917
EP041981,EP031965,DORA,1981,AVA,1965,pacific,25,25,2550.6,2338.0,2.2209,2.305,2.0216,2.0339,2.305,2.0339,367.58,365.4,0.1572
EP151982,EP191985,OLIVIA,1982,TERRY,1985,pacific,29,37,3481.5,3239.6,2.7446,2.8053,2.2484,2.0796,2.8053,2.2484,367.89,365.16,0.1136
EP101970,EP172000,JOYCE,1970,OLIVIA,2000,pacific,25,32,1771.5,1858.6,2.3989,2.7196,2.0277,2.0964,2.7196,2.0964,367.9,366.32,0.2077
EP081998,EP101983,GEORGETTE,1998,JULIETTE,1983,pacific,26,31,2484.7,2490.7,2.7905,3.016,2.0273,2.2648,3.016,2.2648,368.26,366.11,0.1482
EP032005,EP051973,CALVIN,2005,EMILY,1973,pacific,30,27,3104.8,3038.9,2.7478,2.8746,2.3291,2.0982,2.8746,2.3291,368.36,367.23,0.1212
EP081998,EP171994,GEORGETTE,1998,OLIVIA,1994,pacific,26,31,2484.7,2470.6,2.7905,4.5709,2.0273,4.095,4.5709,4.095,368.71,366.77,0.1492
EP092002,EP171994,GENEVIEVE,2002,OLIVIA,1994,pacific,26,31,2291.9,2470.6,2.8155,4.5709,2.1319,4.095,4.5709,4.095,368.71,366.77,0.1609
EP152014,EP161968,ODILE,2014,PAULINE,1968,pacific,37,31,2674.4,2638.5,2.7771,2.8614,2.2596,2.1804,2.8614,2.2596,369.15,373.32,0.1399
EP032013,EP041966,COSME,2013,DOLORES,1966,pacific,30,38,4003.0,4065.1,2.7199,3.6252,2.0488,2.7822,3.6252,2.7822,369.2,371.71,0.0922
EP072011,EP071987,GREG,2011,GREG,1987,pacific,26,28,3069.5,2828.1,2.2809,2.6188,2.0218,2.1336,2.6188,2.1336,369.53,367.07,0.1307
EP121982,EP261992,LANE,1982,YOLANDA,1992,pacific,26,28,3382.9,4092.0,2.4314,2.9173,2.0316,2.5061,2.9173,2.5061,369.77,366.62,0.1093
EP042002,EP231990,CRISTINA,2002,TRUDY,1990,pacific,30,67,2784.4,3867.9,2.9566,6.0575,2.2326,5.801,6.0575,5.801,369.83,372.17,0.1328
EP111993,EP081995,JOVA,1993,GIL,1995,pacific,32,28,2920.1,2562.3,2.2906,3.0351,2.0346,2.3445,3.0351,2.3445,369.88,367.57,0.1444
EP071973,EP152001,GLENDA,1973,MANUEL,2001,pacific,25,31,2916.4,2919.0,2.6344,2.9444,2.1244,2.393,2.9444,2.393,370.02,370.07,0.1269
AL091999,AL101989,GERT,1999,GABRIELLE,1989,atlantic,49,58,6981.1,7503.5,2.8294,4.3281,2.2817,3.9177,4.3281,3.9177,370.25,365.77,0.053
EP021983,EP011976,BARBARA,1983,ANNETTE,1976,pacific,38,44,3112.4,2765.1,3.1154,4.5613,2.2504,4.0,4.5613,4.0,370.39,368.13,0.134
EP111993,EP032005,JOVA,1993,CALVIN,2005,pacific,32,30,2920.1,3104.8,2.2906,2.7478,2.0346,2.3291,2.7478,2.3291,370.54,368.14,0.1269
EP052002,EP121993,DOUGLAS,2002,KENNETH,1993,pacific,27,50,3731.9,3830.2,2.5075,2.7141,2.0927,2.1322,2.7141,2.1322,370.86,370.01,0.0994
AL051942,AL131969,UNNAMED,1942,FRANCELIA,1969,atlantic,32,27,3535.6,3118.8,2.2072,2.2752,2.0059,2.0514,2.2752,2.0514,371.12,368.18,0.119
EP172000,EP171987,OLIVIA,2000,RAMON,1987,pacific,32,27,1858.6,2340.8,2.7196,2.8043,2.0964,2.0879,2.8043,2.0964,371.27,371.77,0.1998
EP051966,EP032009,EILEEN,1966,BLANCA,2009,pacific,25,25,2426.8,2163.0,2.6612,2.7369,2.2814,2.1418,2.7369,2.2814,371.37,370.15,0.1717
EP121982,EP081971,LANE,1982,HILARY,1971,pacific,26,49,3382.9,3959.5,2.4314,2.8151,2.0316,2.3141,2.8151,2.3141,372.32,369.11,0.1101
AL051876,AL111909,UNNAMED,1876,UNNAMED,1909,atlantic,49,30,3885.2,4220.8,2.6824,2.9779,2.1333,2.5433,2.9779,2.5433,372.46,372.83,0.0959
EP031988,EP101980,CARLOTTA,1988,JAVIER,1980,pacific,28,26,2785.9,2812.3,2.411,2.6574,2.065,2.0604,2.6574,2.065,372.8,370.45,0.1338
EP081990,EP072008,GENEVIEVE,1990,FAUSTO,2008,pacific,35,33,3670.2,3796.9,2.6803,2.8177,2.0591,2.0514,2.8177,2.0591,372.86,369.55,0.1016
EP051992,EP091984,DARBY,1992,ISELLE,1984,pacific,31,36,4044.1,3422.5,2.6655,2.8124,2.1576,2.0841,2.8124,2.1576,373.24,370.17,0.1091
AL051876,AL071865,UNNAMED,1876,UNNAMED,1865,atlantic,49,34,3885.2,4062.8,2.6824,2.8102,2.1333,2.0838,2.8102,2.1333,373.26,370.36,0.0961
EP042006,EP111975,CARLOTTA,2006,KATRINA,1975,pacific,33,37,3342.9,3428.8,2.2134,2.8206,2.0248,2.1006,2.8206,2.1006,373.51,370.43,0.1117
EP011976,EP111988,ANNETTE,1976,KRISTY,1988,pacific,44,34,2765.1,2329.5,4.5613,6.0905,4.0,5.6866,6.0905,5.6866,373.73,371.84,0.1604
EP111983,EP072007,KIKO,1983,DALILA,2007,pacific,36,34,2531.4,2513.5,2.8347,2.8999,2.0963,2.3392,2.8999,2.3392,373.87,373.61,0.1487
EP091972,EP032010,IVA,1972,BLAS,2010,pacific,33,32,2969.9,2421.7,2.7878,6.4983,2.1127,5.883,6.4983,5.883,374.22,372.09,0.1545
EP152014,EP022015,ODILE,2014,BLANCA,2015,pacific,37,38,2674.4,2589.6,2.7771,4.427,2.2596,3.7822,4.427,3.7822,374.35,372.6,0.1446
EP071987,EP151967,GREG,1987,PRISCILLA,1967,pacific,28,27,2828.1,2883.9,2.6188,2.7901,2.1336,2.0918,2.7901,2.1336,374.52,372.15,0.1324
EP071990,EP091995,FAUSTO,1990,HENRIETTE,1995,pacific,28,29,2874.0,2968.8,2.8029,3.0336,2.0342,2.1887,3.0336,2.1887,374.58,372.64,0.1303
AL081968,AL022009,EDNA,1968,ANA,2009,atlantic,31,26,3778.1,3354.2,2.0131,2.1191,2.0078,2.0158,2.1191,2.0158,374.76,371.54,0.1117
AL061971,AL021954,BETH,1971,UNNAMED,1954,atlantic,29,27,3308.3,3259.3,2.9265,3.0371,2.1292,3.0,3.0371,3.0,375.18,372.27,0.1151
AL041908,AL021989,UNNAMED,1908,ALLISON,1989,atlantic,25,28,1164.3,1302.7,4.7089,6.8386,3.8606,6.1188,6.8386,6.1188,375.45,375.3,0.3225
EP042004,EP091965,CELIA,2004,GLENDA,1965,pacific,30,37,2596.2,2841.5,2.2174,2.8505,2.0446,2.0503,2.8505,2.0503,376.03,374.97,0.1448
EP102002,EP021981,HERNAN,2002,BEATRIZ,1981,pacific,31,25,2759.0,2604.3,2.7955,2.8132,2.1277,2.1105,2.8132,2.1277,376.32,377.51,0.1445
EP031968,EP151985,CELESTE,1968,OLAF,1985,pacific,27,38,2831.4,3777.1,2.2915,2.9436,2.0375,2.377,2.9436,2.377,376.42,373.79,0.1329
EP091975,EP041965,ILSA,1975,BERNICE,1965,pacific,35,31,3702.5,3270.7,2.4431,2.6861,2.0773,2.071,2.6861,2.0773,376.43,373.32,0.1151
EP091975,EP161970,ILSA,1975,PATRICIA,1970,pacific,35,31,3702.5,3843.2,2.4431,2.5225,2.0773,2.0684,2.5225,2.0773,376.76,378.66,0.1018
EP172000,EP111995,OLIVIA,2000,JULIETTE,1995,pacific,32,41,1858.6,2380.4,2.7196,4.4299,2.0964,3.7224,4.4299,3.7224,377.5,376.54,0.2031
EP141997,EP151985,LINDA,1997,OLAF,1985,pacific,34,38,2843.1,3777.1,2.7992,2.9436,2.0408,2.377,2.9436,2.377,378.23,375.58,0.133
EP021981,EP072007,BEATRIZ,1981,DALILA,2007,pacific,25,34,2604.3,2513.5,2.8132,2.8999,2.1105,2.3392,2.8999,2.3392,378.42,378.68,0.1506
EP052001,EP111993,DALILA,2001,JOVA,1993,pacific,31,32,3162.7,2920.1,2.2173,2.2906,2.0093,2.0346,2.2906,2.0346,378.43,375.66,0.1296
EP031975,EP021999,CARLOTTA,1975,BEATRIZ,1999,pacific,35,32,3223.3,3468.8,2.2725,2.5217,2.0371,2.0478,2.5217,2.0478,378.85,378.81,0.1175
EP032005,EP081995,CALVIN,2005,GIL,1995,pacific,30,28,3104.8,2562.3,2.7478,3.0351,2.3291,2.3445,3.0351,2.3445,379.11,376.84,0.148
EP191982,EP131986,TARA,1982,MADELINE,1986,pacific,27,28,3357.3,3514.4,2.8328,3.1286,2.1091,2.6228,3.1286,2.6228,379.19,377.19,0.1129
EP101970,EP061970,JOYCE,1970,GRETCHEN,1970,pacific,25,29,1771.5,1593.8,2.3989,2.8371,2.0277,2.2234,2.8371,2.2234,379.67,379.71,0.2382
AL101955,AL021960,JANET,1955,ABBY,1960,atlantic,40,34,5298.7,4774.5,2.4452,2.6518,2.036,2.0502,2.6518,2.0502,379.91,375.49,0.0796
EP041965,EP231990,BERNICE,1965,TRUDY,1990,pacific,31,67,3270.7,3867.9,2.6861,6.0575,2.071,5.801,6.0575,5.801,380.14,377.44,0.1162
EP102004,EP111978,GEORGETTE,2004,KRISTY,1978,pacific,33,38,4364.6,4575.6,2.4515,2.9432,2.0278,2.1868,2.9432,2.1868,380.19,376.0,0.0871
EP031971,EP011980,CARLOTTA,1971,AGATHA,1980,pacific,27,28,3215.9,3081.2,2.8193,3.1158,2.0608,2.3249,3.1158,2.3249,380.22,378.41,0.1234
EP171987,EP081980,RAMON,1987,HOWARD,1980,pacific,27,30,2340.8,2637.3,2.8043,2.8224,2.0879,2.0695,2.8224,2.0879,380.26,378.38,0.1624
EP101980,EP101983,JAVIER,1980,JULIETTE,1983,pacific,26,31,2812.3,2490.7,2.6574,3.016,2.0604,2.2648,3.016,2.2648,380.41,378.24,0.1527
EP071990,EP072007,FAUSTO,1990,DALILA,2007,pacific,28,34,2874.0,2513.5,2.8029,2.8999,2.0342,2.3392,2.8999,2.3392,380.6,378.38,0.1514
EP081954,EP092000,UNNAMED,1954,GILMA,2000,pacific,27,25,2334.9,2151.0,2.7349,2.8266,2.1917,2.0738,2.8266,2.1917,380.63,382.04,0.177
AL141933,AL021895,UNNAMED,1933,UNNAMED,1895,atlantic,38,36,4759.0,4597.7,2.7187,2.738,2.0314,2.0165,2.738,2.0314,380.85,379.04,0.0828
EP031991,EP191984,CARLOS,1991,SIMON,1984,pacific,45,33,4480.9,3895.8,2.2153,2.8192,2.0679,2.1999,2.8192,2.1999,380.98,377.33,0.0978
EP021949,EP092013,UNNAMED,1949,IVO,2013,pacific,25,31,1932.2,2188.1,2.8231,4.3133,2.1257,3.5845,4.3133,3.5845,381.61,381.43,0.1975
EP051986,EP092014,ESTELLE,1986,ISELLE,2014,pacific,40,45,5618.1,5301.7,2.3389,2.536,2.013,2.0721,2.536,2.0721,382.04,377.72,0.0721
EP042004,EP051979,CELIA,2004,ENRIQUE,1979,pacific,30,29,2596.2,2719.3,2.2174,2.8486,2.0446,2.0898,2.8486,2.0898,382.24,380.49,0.1472
EP062003,EP031995,FELICIA,2003,BARBARA,1995,pacific,28,42,4235.4,4513.7,2.1261,2.2179,2.0141,2.014,2.2179,2.0141,382.27,378.25,0.0903
EP042006,EP031994,CARLOTTA,2006,CARLOTTA,1994,pacific,33,29,3342.9,3133.7,2.2134,2.601,2.0248,2.0157,2.601,2.0248,382.48,379.6,0.1221
EP131985,EP102002,MARTY,1985,HERNAN,2002,pacific,29,31,2793.0,2759.0,2.6219,2.7955,2.0863,2.1277,2.7955,2.1277,382.57,380.07,0.1387
EP101980,EP071971,JAVIER,1980,GEORGETTE,1971,pacific,26,29,2812.3,3063.9,2.6574,2.8533,2.0604,2.0997,2.8533,2.0997,382.72,380.22,0.1361
EP091988,EP172014,IVA,1988,POLO,2014,pacific,36,44,3148.6,3352.7,2.5953,2.944,2.1418,2.3793,2.944,2.3793,382.95,382.02,0.1216
EP071990,EP042014,FAUSTO,1990,DOUGLAS,2014,pacific,28,42,2874.0,2709.5,2.8029,2.861,2.0342,2.0793,2.861,2.0793,383.15,380.62,0.1414
EP151989,EP141997,LORENA,1989,LINDA,1997,pacific,40,34,3059.6,2843.1,2.6521,2.7992,2.0831,2.0408,2.7992,2.0831,383.2,380.78,0.1348
EP051990,EP141997,ELIDA,1990,LINDA,1997,pacific,26,34,3108.3,2843.1,2.5768,2.7992,2.0222,2.0408,2.7992,2.0408,384.39,381.94,0.1352
EP051966,EP162009,EILEEN,1966,MARTY,2009,pacific,25,30,2426.8,2360.6,2.6612,2.8212,2.2814,2.051,2.8212,2.2814,384.42,383.17,0.1628
EP131974,EP031984,MAGGIE,1974,CRISTINA,1984,pacific,27,36,1971.7,2384.8,2.7761,3.018,2.0592,2.2487,3.018,2.2487,384.54,382.82,0.195
EP081997,EP041984,FELICIA,1997,DOUGLAS,1984,pacific,33,48,4583.4,4736.7,2.5145,2.5588,2.0536,2.0351,2.5588,2.0536,385.01,380.71,0.084
EP101975,EP011985,JEWEL,1975,ANDRES,1985,pacific,31,27,3215.6,3111.4,2.332,2.8576,2.0541,2.3069,2.8576,2.3069,385.35,382.76,0.1239
EP112001,EP112006,JULIETTE,2001,JOHN,2006,pacific,48,32,3777.4,2828.1,2.8275,2.9029,2.3133,2.1071,2.9029,2.3133,385.74,383.24,0.1364
EP071973,EP071978,GLENDA,1973,GILMA,1978,pacific,25,29,2916.4,3515.2,2.6344,2.737,2.1244,2.2197,2.737,2.2197,385.92,383.25,0.1323
EP072011,EP041965,GREG,2011,BERNICE,1965,pacific,26,31,3069.5,3270.7,2.2809,2.6861,2.0218,2.071,2.6861,2.071,385.98,383.05,0.1257
EP132004,EP112006,JAVIER,2004,JOHN,2006,pacific,39,32,3473.6,2828.1,2.8645,2.9029,2.2071,2.1071,2.9029,2.2071,386.19,388.18,0.1366
EP071995,EP032014,FLOSSIE,1995,CRISTINA,2014,pacific,27,41,1994.8,2223.0,2.8638,5.2152,2.0764,4.3298,5.2152,4.3298,386.47,384.72,0.1937
EP012001,EP111988,ADOLPH,2001,KRISTY,1988,pacific,29,34,1716.0,2329.5,4.4047,6.0905,3.95,5.6866,6.0905,5.6866,386.59,385.32,0.2253
EP102002,EP171987,HERNAN,2002,RAMON,1987,pacific,31,27,2759.0,2340.8,2.7955,2.8043,2.1277,2.0879,2.8043,2.1277,386.62,384.5,0.1652
EP111985,EP151989,KEVIN,1985,LORENA,1989,pacific,36,40,3463.1,3059.6,2.5263,2.6521,2.0471,2.0831,2.6521,2.0831,386.71,383.9,0.1264
EP191985,EP101989,TERRY,1985,GIL,1989,pacific,37,27,3239.6,2425.7,2.8053,2.8082,2.0796,2.0463,2.8082,2.0796,386.72,384.4,0.1594
EP092010,EP011976,FRANK,2010,ANNETTE,1976,pacific,30,44,2425.7,2765.1,2.9161,4.5613,2.4849,4.0,4.5613,4.0,386.8,384.8,0.1595
EP042006,EP101985,CARLOTTA,2006,JIMENA,1985,pacific,33,37,3342.9,3442.1,2.2134,2.8299,2.0248,2.0681,2.8299,2.0681,387.02,389.26,0.1158
EP041983,EP231990,DALILIA,1983,TRUDY,1990,pacific,26,67,3053.3,3867.9,2.6498,6.0575,2.0481,5.801,6.0575,5.801,387.36,389.39,0.1269
EP162009,EP211992,MARTY,2009,SEYMOUR,1992,pacific,30,40,2360.6,2673.6,2.8212,2.8555,2.051,2.4057,2.8555,2.4057,387.36,385.18,0.1641
EP031966,EP101987,CONNIE,1966,JOVA,1987,pacific,39,34,3671.0,3971.1,2.2551,2.6766,2.0341,2.0977,2.6766,2.0977,387.73,388.19,0.1056
EP131983,EP091991,MANUEL,1983,HILDA,1991,pacific,34,26,3296.2,3276.4,2.7713,2.9094,2.1528,2.1219,2.9094,2.1528,387.75,384.94,0.1183
AL041944,AL021878,UNNAMED,1944,UNNAMED,1878,atlantic,32,45,4307.1,4466.6,2.5154,2.824,2.0442,2.1208,2.824,2.1208,387.75,390.39,0.09
EP051990,EP101985,ELIDA,1990,JIMENA,1985,pacific,26,37,3108.3,3442.1,2.5768,2.8299,2.0222,2.0681,2.8299,2.0681,387.79,391.81,0.1248
EP071973,EP131987,GLENDA,1973,MAX,1987,pacific,25,29,2916.4,2973.4,2.6344,2.9343,2.1244,2.1027,2.9343,2.1244,387.97,391.52,0.133
EP212015,EP072012,RICK,2015,GILMA,2012,pacific,33,33,2656.5,2276.0,3.0267,3.3391,2.7244,2.6973,3.3391,2.7244,388.08,386.2,0.1705
EP122007,EP142003,IVO,2007,NORA,2003,pacific,28,28,1752.5,1906.6,3.091,3.9907,2.4102,3.2366,3.9907,3.2366,388.14,387.31,0.2215
EP141997,EP032004,LINDA,1997,BLAS,2004,pacific,34,28,2843.1,2945.4,2.7992,2.9286,2.0408,2.4932,2.9286,2.4932,388.45,385.97,0.1366
EP031968,EP131985,CELESTE,1968,MARTY,1985,pacific,27,29,2831.4,2793.0,2.2915,2.6219,2.0375,2.0863,2.6219,2.0863,388.45,386.07,0.1391
EP172000,EP082012,OLIVIA,2000,HECTOR,2012,pacific,32,35,1858.6,1887.5,2.7196,4.5223,2.0964,3.8648,4.5223,3.8648,388.72,387.48,0.2091
EP042012,EP111992,DANIEL,2012,JAVIER,1992,pacific,41,50,5641.3,6143.6,2.2233,2.342,2.0173,2.0518,2.342,2.0518,388.79,383.51,0.0689
EP171987,EP101983,RAMON,1987,JULIETTE,1983,pacific,27,31,2340.8,2490.7,2.8043,3.016,2.0879,2.2648,3.016,2.2648,388.98,389.65,0.1662
EP111983,EP182014,KIKO,1983,RACHEL,2014,pacific,36,36,2531.4,2266.9,2.8347,5.7717,2.0963,5.3855,5.7717,5.3855,389.83,388.44,0.172
AL021983,AL042015,UNNAMED,1983,DANNY,2015,atlantic,25,31,3985.9,3599.8,2.1068,2.2289,2.013,2.0282,2.2289,2.0282,390.15,386.83,0.1084
EP191985,EP091984,TERRY,1985,ISELLE,1984,pacific,37,36,3239.6,3422.5,2.8053,2.8124,2.0796,2.0841,2.8124,2.0841,390.2,387.53,0.1204
AL141933,AL071892,UNNAMED,1933,UNNAMED,1892,atlantic,38,45,4759.0,4792.8,2.7187,2.7889,2.0314,2.023,2.7889,2.0314,390.25,389.63,0.082
AL041891,AL051900,UNNAMED,1891,UNNAMED,1900,atlantic,34,42,5876.1,6190.3,2.7726,5.2676,2.2389,4.509,5.2676,4.509,390.67,386.56,0.0665
AL091933,AL052001,UNNAMED,1933,DEAN,2001,atlantic,34,27,4693.1,5127.3,2.8172,2.9045,2.2803,2.3175,2.9045,2.3175,391.29,392.46,0.0834
EP122007,EP181970,IVO,2007,SELMA,1970,pacific,28,29,1752.5,1775.3,3.091,3.8382,2.4102,3.6881,3.8382,3.6881,391.35,390.42,0.2233
EP042006,EP101975,CARLOTTA,2006,JEWEL,1975,pacific,33,31,3342.9,3215.6,2.2134,2.332,2.0248,2.0541,2.332,2.0541,391.65,388.59,0.1218
AL061971,AL101984,BETH,1971,DIANA,1984,atlantic,29,33,3308.3,3383.2,2.9265,4.6905,2.1292,4.2191,4.6905,4.2191,391.88,389.31,0.1185
EP022008,EP122004,BORIS,2008,ISIS,2004,pacific,37,52,3407.0,3477.4,2.6251,4.4988,2.122,3.6677,4.4988,3.6677,391.96,388.93,0.115
EP121968,EP151985,LIZA,1968,OLAF,1985,pacific,37,38,3210.0,3777.1,2.8112,2.9436,2.2138,2.377,2.9436,2.377,392.38,389.4,0.1222
EP072011,EP091972,GREG,2011,IVA,1972,pacific,26,33,3069.5,2969.9,2.2809,2.7878,2.0218,2.1127,2.7878,2.1127,392.75,390.05,0.1322
AL112009,AL011953,IDA,2009,ALICE,1953,atlantic,31,53,2742.4,3423.2,2.7538,5.3557,2.3305,4.9093,5.3557,4.9093,392.85,390.96,0.1433
EP031968,EP102002,CELESTE,1968,HERNAN,2002,pacific,27,31,2831.4,2759.0,2.2915,2.7955,2.0375,2.1277,2.7955,2.1277,393.08,390.66,0.1425
EP011969,EP021984,AVA,1969,BORIS,1984,pacific,28,82,2899.2,3497.3,3.0108,5.3132,2.3607,4.6325,5.3132,4.6325,393.37,406.99,0.1357
EP081978,EP082005,HECTOR,1978,HILARY,2005,pacific,32,34,3427.7,3819.8,2.6082,2.7923,2.0779,2.0646,2.7923,2.0779,393.39,390.16,0.1148
EP072008,EP091971,FAUSTO,2008,ILSA,1971,pacific,33,35,3796.9,3497.7,2.8177,2.876,2.0514,2.1304,2.876,2.1304,393.48,390.28,0.1125
AL101924,AL152001,UNNAMED,1924,MICHELLE,2001,atlantic,40,34,3359.3,3082.9,5.6083,6.12,5.0301,5.1674,6.12,5.1674,393.51,393.81,0.1276
EP121982,EP011980,LANE,1982,AGATHA,1980,pacific,26,28,3382.9,3081.2,2.4314,3.1158,2.0316,2.3249,3.1158,2.3249,393.52,390.7,0.1277
EP072013,EP061991,GIL,2013,ENRIQUE,1991,pacific,32,25,3328.6,3307.2,2.1258,2.8308,2.0595,2.0864,2.8308,2.0864,393.59,390.79,0.119
EP191968,EP021999,TARA,1968,BEATRIZ,1999,pacific,33,32,3732.7,3468.8,2.4341,2.5217,2.0593,2.0478,2.5217,2.0593,393.69,390.44,0.1135
EP092008,EP111973,HERNAN,2008,KATHERINE,1973,pacific,41,39,4412.5,4495.6,2.4154,2.4696,2.0804,2.0911,2.4696,2.0911,394.06,398.12,0.0893
EP052001,EP141971,DALILA,2001,NANETTE,1971,pacific,31,27,3162.7,2785.4,2.2173,2.9325,2.0093,2.1728,2.9325,2.1728,394.41,393.95,0.1416
EP121982,EP031971,LANE,1982,CARLOTTA,1971,pacific,26,27,3382.9,3215.9,2.4314,2.8193,2.0316,2.0608,2.8193,2.0608,394.56,391.56,0.1227
AL091887,AL131967,UNNAMED,1887,BEULAH,1967,atlantic,47,70,4967.3,5397.3,2.8733,3.5721,2.1342,2.88,3.5721,2.88,394.73,392.55,0.0795
EP051990,EP031994,ELIDA,1990,CARLOTTA,1994,pacific,26,29,3108.3,3133.7,2.5768,2.601,2.0222,2.0157,2.601,2.0222,395.04,392.24,0.1271
AL041857,AL091887,UNNAMED,1857,UNNAMED,1887,atlantic,29,47,5001.2,4967.3,2.7993,2.8733,2.0296,2.1342,2.8733,2.1342,395.11,390.83,0.0795
EP051966,EP092002,EILEEN,1966,GENEVIEVE,2002,pacific,25,26,2426.8,2291.9,2.6612,2.8155,2.2814,2.1319,2.8155,2.2814,395.21,396.63,0.1724
EP081995,EP182014,GIL,1995,RACHEL,2014,pacific,28,36,2562.3,2266.9,3.0351,5.7717,2.3445,5.3855,5.7717,5.3855,395.28,393.6,0.1744
AL111994,AL101950,FLORENCE,1994,JIG,1950,atlantic,28,27,3798.8,4484.6,2.9431,3.0785,2.4691,2.4948,3.0785,2.4948,395.69,393.24,0.1042
EP081967,EP051995,ILSA,1967,DALILA,1995,pacific,25,36,2807.9,2395.2,2.6302,2.7656,2.1478,2.2575,2.7656,2.2575,395.88,393.79,0.1653
EP171987,EP021981,RAMON,1987,BEATRIZ,1981,pacific,27,25,2340.8,2604.3,2.8043,2.8132,2.0879,2.1105,2.8132,2.1105,395.98,394.08,0.1692
EP051979,EP141990,ENRIQUE,1979,KENNA,1990,pacific,29,35,2719.3,3297.7,2.8486,4.3385,2.0898,4.0,4.3385,4.0,396.18,393.89,0.1457
EP052012,EP041971,EMILIA,2012,DENISE,1971,pacific,44,47,6048.2,6393.0,2.1299,2.4899,2.0106,2.0686,2.4899,2.0686,396.5,391.58,0.0656
EP081995,EP032014,GIL,1995,CRISTINA,2014,pacific,28,41,2562.3,2223.0,3.0351,5.2152,2.3445,4.3298,5.2152,4.3298,396.63,394.87,0.1784
EP071990,EP032004,FAUSTO,1990,BLAS,2004,pacific,28,28,2874.0,2945.4,2.8029,2.9286,2.0342,2.4932,2.9286,2.4932,397.03,394.39,0.1381
EP171982,EP031996,ROSA,1982,ALMA,1996,pacific,25,29,1312.8,1312.6,2.6379,7.2087,2.03,6.2586,7.2087,6.2586,397.04,396.14,0.3025
EP141987,EP082012,NORMA,1987,HECTOR,2012,pacific,25,35,1383.8,1887.5,2.7957,4.5223,2.2892,3.8648,4.5223,3.8648,397.32,396.44,0.2871
AL021903,AL052005,UNNAMED,1903,EMILY,2005,atlantic,43,45,6318.1,6619.0,2.6122,2.7629,2.097,2.0527,2.7629,2.097,397.64,391.83,0.0629
EP041975,EP021984,DENISE,1975,BORIS,1984,pacific,41,82,3430.7,3497.3,3.506,5.3132,3.3506,4.6325,5.3132,4.6325,398.53,397.45,0.1162
AL061909,AL021895,UNNAMED,1909,UNNAMED,1895,atlantic,34,36,4698.2,4597.7,2.424,2.738,2.0267,2.0165,2.738,2.0267,398.62,394.39,0.0867
EP102000,EP071971,HECTOR,2000,GEORGETTE,1971,pacific,25,29,2342.3,3063.9,2.6403,2.8533,2.1366,2.0997,2.8533,2.1366,398.81,396.63,0.1703
EP071965,EP132003,EMILY,1965,MARTY,2003,pacific,31,31,2122.7,2213.3,2.8742,4.7409,2.2333,4.1061,4.7409,4.1061,398.85,402.2,0.1879
EP102002,EP031984,HERNAN,2002,CRISTINA,1984,pacific,31,36,2759.0,2384.8,2.7955,3.018,2.1277,2.2487,3.018,2.2487,398.9,396.82,0.1673
EP042006,EP031975,CARLOTTA,2006,CARLOTTA,1975,pacific,33,35,3342.9,3223.3,2.2134,2.2725,2.0248,2.0371,2.2725,2.0371,399.3,398.88,0.1239
EP052011,EP121970,EUGENE,2011,LORRAINE,1970,pacific,44,47,4964.3,5151.9,2.3789,2.4018,2.0682,2.1198,2.4018,2.1198,399.33,394.74,0.0804
EP081999,EP082013,EUGENE,1999,HENRIETTE,2013,pacific,39,41,4659.6,4845.8,2.2293,2.5519,2.0466,2.179,2.5519,2.179,399.44,395.48,0.0857
EP121982,EP022008,LANE,1982,BORIS,2008,pacific,26,37,3382.9,3407.0,2.4314,2.6251,2.0316,2.122,2.6251,2.122,399.88,402.05,0.1182
EP031968,EP081978,CELESTE,1968,HECTOR,1978,pacific,27,32,2831.4,3427.7,2.2915,2.6082,2.0375,2.0779,2.6082,2.0779,400.42,397.73,0.1414
EP031984,EP072012,CRISTINA,1984,GILMA,2012,pacific,36,33,2384.8,2276.0,3.018,3.3391,2.2487,2.6973,3.3391,2.6973,400.47,400.04,0.176
EP031965,EP172009,AVA,1965,NORA,2009,pacific,25,31,2338.0,2345.4,2.305,2.6893,2.0339,2.2379,2.6893,2.2379,400.58,398.62,0.1713
EP112012,EP182014,KRISTY,2012,RACHEL,2014,pacific,33,36,2644.4,2266.9,5.4589,5.7717,4.2784,5.3855,5.7717,5.3855,400.66,399.86,0.1767
EP121989,EP181985,ISMAEL,1989,SANDRA,1985,pacific,45,46,4643.8,4778.5,2.6377,2.8266,2.0802,2.2004,2.8266,2.2004,400.93,401.73,0.0863
EP111985,EP021969,KEVIN,1985,BERNICE,1969,pacific,36,33,3463.1,3454.0,2.5263,2.6418,2.0471,2.1403,2.6418,2.1403,401.1,398.93,0.1161
EP041985,EP061981,DOLORES,1985,FERNANDA,1981,pacific,39,27,4364.3,4031.5,2.7869,2.8343,2.1089,2.0435,2.8343,2.1089,401.14,399.85,0.0995
EP051990,EP121968,ELIDA,1990,LIZA,1968,pacific,26,37,3108.3,3210.0,2.5768,2.8112,2.0222,2.2138,2.8112,2.2138,401.2,400.22,0.1291
EP071987,EP072007,GREG,1987,DALILA,2007,pacific,28,34,2828.1,2513.5,2.6188,2.8999,2.1336,2.3392,2.8999,2.3392,401.41,399.2,0.1597
EP021954,EP102008,UNNAMED,1954,ISELLE,2008,pacific,25,41,2034.9,2546.8,2.5259,2.9246,2.0822,2.2553,2.9246,2.2553,401.7,400.82,0.1974
EP021969,EP121991,BERNICE,1969,JIMENA,1991,pacific,33,46,3454.0,3878.5,2.6418,2.8339,2.1403,2.121,2.8339,2.1403,401.72,398.6,0.1163
EP051979,EP011980,ENRIQUE,1979,AGATHA,1980,pacific,29,28,2719.3,3081.2,2.8486,3.1158,2.0898,2.3249,3.1158,2.3249,401.8,399.27,0.1478
EP041965,EP051973,BERNICE,1965,EMILY,1973,pacific,31,27,3270.7,3038.9,2.6861,2.8746,2.071,2.0982,2.8746,2.0982,401.9,399.3,0.1323
AL041944,AL061931,UNNAMED,1944,UNNAMED,1931,atlantic,32,28,4307.1,4219.4,2.5154,2.7662,2.0442,2.0226,2.7662,2.0442,402.18,399.53,0.0953
AL121893,AL161984,UNNAMED,1893,JOSEPHINE,1984,atlantic,32,56,4609.3,5764.6,2.8416,6.3483,2.4665,5.3888,6.3483,5.3888,402.38,425.36,0.0873
EP021949,EP131971,UNNAMED,1949,MONICA,1971,pacific,25,29,1932.2,1786.1,2.8231,2.8781,2.1257,2.2595,2.8781,2.2595,402.43,401.57,0.2253
EP142003,EP111998,NORA,2003,JAVIER,1998,pacific,28,33,1906.6,1833.7,3.9907,6.5533,3.2366,5.6946,6.5533,5.6946,402.44,401.95,0.2195
EP031968,EP141997,CELESTE,1968,LINDA,1997,pacific,27,34,2831.4,2843.1,2.2915,2.7992,2.0375,2.0408,2.7992,2.0408,402.83,400.51,0.1423
EP131985,EP032004,MARTY,1985,BLAS,2004,pacific,29,28,2793.0,2945.4,2.6219,2.9286,2.0863,2.4932,2.9286,2.4932,402.91,403.22,0.1443
EP072010,EP111988,ESTELLE,2010,KRISTY,1988,pacific,26,34,2065.0,2329.5,2.5798,6.0905,2.3421,5.6866,6.0905,5.6866,402.94,401.19,0.1951
AL081967,AL161967,UNNAMED,1967,UNNAMED,1967,atlantic,25,33,2850.2,3258.7,2.1075,2.9488,2.0086,2.4664,2.9488,2.4664,403.09,400.39,0.1414
EP081967,EP101985,ILSA,1967,JIMENA,1985,pacific,25,37,2807.9,3442.1,2.6302,2.8299,2.1478,2.0681,2.8299,2.1478,403.69,401.09,0.1438
EP072011,EP092011,GREG,2011,HILARY,2011,pacific,26,50,3069.5,3814.6,2.2809,3.078,2.0218,2.4882,3.078,2.4882,403.86,401.59,0.1316
EP072011,EP091975,GREG,2011,ILSA,1975,pacific,26,35,3069.5,3702.5,2.2809,2.4431,2.0218,2.0773,2.4431,2.0773,403.88,400.94,0.1316
EP052001,EP032005,DALILA,2001,CALVIN,2005,pacific,31,30,3162.7,3104.8,2.2173,2.7478,2.0093,2.3291,2.7478,2.3291,404.07,401.34,0.1301
AL021895,AL031910,UNNAMED,1895,UNNAMED,1910,atlantic,36,44,4597.7,4569.1,2.738,2.8377,2.0165,2.0422,2.8377,2.0422,404.42,400.35,0.0885
EP012003,EP031995,ANDRES,2003,BARBARA,1995,pacific,28,42,4391.3,4513.7,2.1177,2.2179,2.024,2.014,2.2179,2.024,404.69,400.55,0.0922
EP041981,EP081967,DORA,1981,ILSA,1967,pacific,25,25,2550.6,2807.9,2.2209,2.6302,2.0216,2.1478,2.6302,2.1478,404.79,402.59,0.1587
EP061970,EP101996,GRETCHEN,1970,GENEVIEVE,1996,pacific,29,46,1593.8,2093.2,2.8371,7.7033,2.2234,6.8232,7.7033,6.8232,404.84,403.86,0.254
AL041857,AL031910,UNNAMED,1857,UNNAMED,1910,atlantic,29,44,5001.2,4569.1,2.7993,2.8377,2.0296,2.0422,2.8377,2.0422,404.96,400.67,0.0886
EP101980,EP121968,JAVIER,1980,LIZA,1968,pacific,26,37,2812.3,3210.0,2.6574,2.8112,2.0604,2.2138,2.8112,2.2138,405.06,402.42,0.144
EP061987,EP091985,FERNANDA,1987,IGNACIO,1985,pacific,30,25,3237.2,2664.6,2.1126,2.2806,2.023,2.0266,2.2806,2.0266,405.19,402.65,0.1521
EP011957,EP071991,KANOA,1957,FEFA,1991,pacific,45,40,5049.4,5258.9,2.3031,2.5033,2.0324,2.0224,2.5033,2.0324,405.21,407.36,0.0802
EP072011,EP051990,GREG,2011,ELIDA,1990,pacific,26,26,3069.5,3108.3,2.2809,2.5768,2.0218,2.0222,2.5768,2.0222,405.37,402.42,0.1321
EP072007,EP031984,DALILA,2007,CRISTINA,1984,pacific,34,36,2513.5,2384.8,2.8999,3.018,2.3392,2.2487,3.018,2.3392,405.39,404.66,0.17
AL061885,AL011860,UNNAMED,1885,UNNAMED,1860,atlantic,37,35,2146.3,2615.1,3.1883,3.7471,2.7176,3.284,3.7471,3.284,405.47,404.16,0.1889
EP091990,EP061981,HERNAN,1990,FERNANDA,1981,pacific,47,27,3949.3,4031.5,2.7909,2.8343,2.1306,2.0435,2.8343,2.1306,405.49,406.61,0.1027
EP042006,EP081978,CARLOTTA,2006,HECTOR,1978,pacific,33,32,3342.9,3427.7,2.2134,2.6082,2.0248,2.0779,2.6082,2.0779,405.57,402.55,0.1213
EP131994,EP101978,KRISTY,1994,JOHN,1978,pacific,30,50,4376.1,5285.6,2.0672,3.1748,2.0178,2.5553,3.1748,2.5553,405.63,401.39,0.0927
EP051995,EP092000,DALILA,1995,GILMA,2000,pacific,36,25,2395.2,2151.0,2.7656,2.8266,2.2575,2.0738,2.8266,2.2575,405.96,404.01,0.1887
EP111995,EP032014,JULIETTE,1995,CRISTINA,2014,pacific,41,41,2380.4,2223.0,4.4299,5.2152,3.7224,4.3298,5.2152,4.3298,406.03,405.63,0.1826
AL061936,AL051939,UNNAMED,1936,UNNAMED,1939,atlantic,31,30,5306.0,4701.6,2.824,2.8966,2.3694,2.2601,2.8966,2.3694,406.09,405.46,0.0864
EP072011,EP091971,GREG,2011,ILSA,1971,pacific,26,35,3069.5,3497.7,2.2809,2.876,2.0218,2.1304,2.876,2.1304,406.17,406.9,0.1323
EP032004,EP151985,BLAS,2004,OLAF,1985,pacific,28,38,2945.4,3777.1,2.9286,2.9436,2.4932,2.377,2.9436,2.4932,406.27,403.62,0.1379
EP191985,EP101990,TERRY,1985,ISELLE,1990,pacific,37,38,3239.6,3312.3,2.8053,3.3338,2.0796,2.8177,3.3338,2.8177,406.44,403.51,0.1255
EP101983,EP072012,JULIETTE,1983,GILMA,2012,pacific,31,33,2490.7,2276.0,3.016,3.3391,2.2648,2.6973,3.3391,2.6973,406.46,404.55,0.1786
EP161968,EP091993,PAULINE,1968,HILARY,1993,pacific,31,42,2638.5,3269.0,2.8614,5.238,2.1804,4.5742,5.238,4.5742,406.5,404.48,0.1541
EP051995,EP141991,DALILA,1995,LINDA,1991,pacific,36,42,2395.2,2907.1,2.7656,2.8388,2.2575,2.3671,2.8388,2.3671,406.51,406.46,0.1697
EP151989,EP091972,LORENA,1989,IVA,1972,pacific,40,33,3059.6,2969.9,2.6521,2.7878,2.0831,2.1127,2.7878,2.1127,406.65,404.05,0.1369
EP212014,EP031974,VANCE,2014,CONNIE,1974,pacific,27,61,2503.4,3047.1,3.6423,6.0068,3.1069,5.3342,6.0068,5.3342,406.67,405.36,0.1624
AL061909,AL031910,UNNAMED,1909,UNNAMED,1910,atlantic,34,44,4698.2,4569.1,2.424,2.8377,2.0267,2.0422,2.8377,2.0422,406.93,402.68,0.0891
EP102006,EP102002,ILEANA,2006,HERNAN,2002,pacific,32,31,2634.7,2759.0,2.4888,2.7955,2.0755,2.1277,2.7955,2.1277,407.17,407.12,0.1545
EP031975,EP111985,CARLOTTA,1975,KEVIN,1985,pacific,35,36,3223.3,3463.1,2.2725,2.5263,2.0371,2.0471,2.5263,2.0471,407.18,404.14,0.1263
EP082005,EP072008,HILARY,2005,FAUSTO,2008,pacific,34,33,3819.8,3796.9,2.7923,2.8177,2.0646,2.0514,2.8177,2.0646,407.79,404.28,0.1074
EP031975,EP071978,CARLOTTA,1975,GILMA,1978,pacific,35,29,3223.3,3515.2,2.2725,2.737,2.0371,2.2197,2.737,2.2197,407.83,404.84,0.1265
EP091965,EP141990,GLENDA,1965,KENNA,1990,pacific,37,35,2841.5,3297.7,2.8505,4.3385,2.0503,4.0,4.3385,4.0,408.03,405.6,0.1436
EP082005,EP091976,HILARY,2005,IVA,1976,pacific,34,37,3819.8,3791.8,2.7923,2.8339,2.0646,2.0686,2.8339,2.0686,408.25,406.95,0.1077
EP071978,EP061982,GILMA,1978,FABIO,1982,pacific,29,32,3515.2,3229.7,2.737,2.8377,2.2197,2.0413,2.8377,2.2197,408.48,405.51,0.1265
EP071984,EP132009,GENEVIEVE,1984,JIMENA,2009,pacific,30,39,2415.4,2906.7,2.953,6.193,2.2128,5.1536,6.193,5.1536,408.54,406.41,0.1691
EP061997,EP081971,DOLORES,1997,HILARY,1971,pacific,30,49,4000.0,3959.5,2.7788,2.8151,2.0358,2.3141,2.8151,2.3141,408.72,405.15,0.1032
EP081954,EP032010,UNNAMED,1954,BLAS,2010,pacific,27,32,2334.9,2421.7,2.7349,6.4983,2.1917,5.883,6.4983,5.883,408.99,407.89,0.1752
EP051995,EP171994,DALILA,1995,OLIVIA,1994,pacific,36,31,2395.2,2470.6,2.7656,4.5709,2.2575,4.095,4.5709,4.095,409.09,408.93,0.1708
EP091976,EP092011,IVA,1976,HILARY,2011,pacific,37,50,3791.8,3814.6,2.8339,3.078,2.0686,2.4882,3.078,2.4882,409.28,406.13,0.1079
EP102002,EP042014,HERNAN,2002,DOUGLAS,2014,pacific,31,42,2759.0,2709.5,2.7955,2.861,2.1277,2.0793,2.861,2.1277,409.55,408.69,0.1512
EP101980,EP051995,JAVIER,1980,DALILA,1995,pacific,26,36,2812.3,2395.2,2.6574,2.7656,2.0604,2.2575,2.7656,2.2575,409.57,407.51,0.171
EP041981,EP212015,DORA,1981,RICK,2015,pacific,25,33,2550.6,2656.5,2.2209,3.0267,2.0216,2.7244,3.0267,2.7244,409.77,407.6,0.1607
EP101985,EP151985,JIMENA,1985,OLAF,1985,pacific,37,38,3442.1,3777.1,2.8299,2.9436,2.0681,2.377,2.9436,2.377,409.81,406.86,0.1191
EP172000,EP031984,OLIVIA,2000,CRISTINA,1984,pacific,32,36,1858.6,2384.8,2.7196,3.018,2.0964,2.2487,3.018,2.2487,409.89,408.17,0.2205
AL022009,AL102008,ANA,2009,JOSEPHINE,2008,atlantic,26,33,3354.2,3551.4,2.1191,2.2293,2.0158,2.0687,2.2293,2.0687,410.03,414.2,0.1222
AL061909,AL041857,UNNAMED,1909,UNNAMED,1857,atlantic,34,29,4698.2,5001.2,2.424,2.7993,2.0267,2.0296,2.7993,2.0296,410.07,415.75,0.0873
EP081958,EP031965,UNNAMED,1958,AVA,1965,pacific,27,25,1751.1,2338.0,2.153,2.305,2.0223,2.0339,2.305,2.0339,410.09,408.51,0.2342
EP191968,EP121993,TARA,1968,KENNETH,1993,pacific,33,50,3732.7,3830.2,2.4341,2.7141,2.0593,2.1322,2.7141,2.1322,410.32,406.95,0.1099
EP152009,EP062015,LINDA,2009,ENRIQUE,2015,pacific,38,38,2032.4,2242.9,3.322,5.7853,2.5784,5.343,5.7853,5.343,410.44,408.89,0.2019
EP121988,EP081976,LANE,1988,HYACINTH,1976,pacific,38,31,4613.8,4452.1,2.3311,3.166,2.0376,2.5432,3.166,2.5432,410.73,406.74,0.0923
EP131983,EP052015,MANUEL,1983,DOLORES,2015,pacific,34,45,3296.2,3950.3,2.7713,3.4444,2.1528,2.9632,3.4444,2.9632,411.03,410.83,0.1247
EP121983,EP091995,LORENA,1983,HENRIETTE,1995,pacific,34,29,2949.9,2968.8,2.3156,3.0336,2.0636,2.1887,3.0336,2.1887,411.1,408.5,0.1394
EP151987,EP031959,OTIS,1987,UNNAMED,1959,pacific,28,25,2436.9,2650.9,2.7641,2.8315,2.0778,2.0621,2.8315,2.0778,411.11,409.02,0.1687
EP131994,EP092007,KRISTY,1994,FLOSSIE,2007,pacific,30,32,4376.1,3900.1,2.0672,2.4985,2.0178,2.0438,2.4985,2.0438,411.13,407.55,0.1054
EP111954,EP021984,UNNAMED,1954,BORIS,1984,pacific,25,82,3004.4,3497.3,2.4601,5.3132,2.0571,4.6325,5.3132,4.6325,411.56,411.75,0.137
AL061931,AL011917,UNNAMED,1931,UNNAMED,1917,atlantic,28,33,4219.4,4454.7,2.7662,2.8545,2.0226,2.0615,2.8545,2.0615,411.93,407.96,0.0976
EP131971,EP092013,MONICA,1971,IVO,2013,pacific,29,31,1786.1,2188.1,2.8781,4.3133,2.2595,3.5845,4.3133,3.5845,412.1,411.43,0.2307
EP022008,EP261992,BORIS,2008,YOLANDA,1992,pacific,37,28,3407.0,4092.0,2.6251,2.9173,2.122,2.5061,2.9173,2.5061,412.31,409.12,0.121
EP181984,EP032011,RACHEL,1984,CALVIN,2011,pacific,36,29,2561.1,2472.4,2.2594,2.7811,2.0621,2.2133,2.7811,2.2133,412.35,412.04,0.1668
AL071891,AL061882,UNNAMED,1891,UNNAMED,1882,atlantic,25,45,3447.3,3762.9,2.7368,2.7515,2.1716,2.0935,2.7515,2.1716,412.36,411.47,0.1196
EP101970,EP122003,JOYCE,1970,LINDA,2003,pacific,25,38,1771.5,1942.6,2.3989,3.0414,2.0277,2.4099,3.0414,2.4099,412.48,411.26,0.2328
EP071972,EP052015,GWEN,1972,DOLORES,2015,pacific,37,45,3423.8,3950.3,2.8603,3.4444,2.1205,2.9632,3.4444,2.9632,412.79,410.57,0.1206
EP051992,EP081990,DARBY,1992,GENEVIEVE,1990,pacific,31,35,4044.1,3670.2,2.6655,2.6803,2.1576,2.0591,2.6803,2.1576,412.93,409.49,0.1125
EP031975,EP051990,CARLOTTA,1975,ELIDA,1990,pacific,35,26,3223.3,3108.3,2.2725,2.5768,2.0371,2.0222,2.5768,2.0371,412.96,417.96,0.1329
EP031995,EP161974,BARBARA,1995,PATRICIA,1974,pacific,42,43,4513.7,4820.8,2.2179,2.8964,2.014,2.4476,2.8964,2.4476,412.99,411.98,0.0915
AL021943,AL041852,UNNAMED,1943,UNNAMED,1852,atlantic,26,36,3415.3,3366.3,2.8551,2.8718,2.3126,2.3519,2.8718,2.3519,413.43,418.88,0.1228
EP131990,EP041978,JULIO,1990,DANIEL,1978,pacific,32,29,4291.8,4135.6,2.1848,2.4797,2.0464,2.0329,2.4797,2.0464,413.47,410.14,0.1
EP131983,EP101989,MANUEL,1983,GIL,1989,pacific,34,27,3296.2,2425.7,2.7713,2.8082,2.1528,2.0463,2.8082,2.1528,413.72,411.56,0.1706
EP031968,EP121983,CELESTE,1968,LORENA,1983,pacific,27,34,2831.4,2949.9,2.2915,2.3156,2.0375,2.0636,2.3156,2.0636,413.79,414.4,0.1461
EP041953,EP111988,UNNAMED,1953,KRISTY,1988,pacific,25,34,1778.2,2329.5,2.8063,6.0905,2.0843,5.6866,6.0905,5.6866,414.04,412.46,0.2328
EP191985,EP091991,TERRY,1985,HILDA,1991,pacific,37,26,3239.6,3276.4,2.8053,2.9094,2.0796,2.1219,2.9094,2.1219,414.29,411.47,0.1279
EP081981,EP162009,HILARY,1981,MARTY,2009,pacific,29,30,2505.9,2360.6,2.736,2.8212,2.1001,2.051,2.8212,2.1001,414.65,412.5,0.1757
EP011969,EP011976,AVA,1969,ANNETTE,1976,pacific,28,44,2899.2,2765.1,3.0108,4.5613,2.3607,4.0,4.5613,4.0,414.77,412.58,0.15
AL021889,AL112000,UNNAMED,1889,GORDON,2000,atlantic,25,29,3658.1,3884.8,2.6781,4.0415,2.1477,3.301,4.0415,3.301,414.8,412.15,0.1134
EP051973,EP152001,EMILY,1973,MANUEL,2001,pacific,27,31,3038.9,2919.0,2.8746,2.9444,2.0982,2.393,2.9444,2.393,414.87,414.53,0.1421
EP091988,EP032005,IVA,1988,CALVIN,2005,pacific,36,30,3148.6,3104.8,2.5953,2.7478,2.1418,2.3291,2.7478,2.3291,414.95,412.57,0.1336
EP101975,EP071978,JEWEL,1975,GILMA,1978,pacific,31,29,3215.6,3515.2,2.332,2.737,2.0541,2.2197,2.737,2.2197,415.08,415.72,0.1291
EP081978,EP111975,HECTOR,1978,KATRINA,1975,pacific,32,37,3427.7,3428.8,2.6082,2.8206,2.0779,2.1006,2.8206,2.1006,415.19,416.35,0.1211
EP081978,EP151989,HECTOR,1978,LORENA,1989,pacific,32,40,3427.7,3059.6,2.6082,2.6521,2.0779,2.0831,2.6521,2.0831,415.22,412.43,0.1357
EP021949,EP082012,UNNAMED,1949,HECTOR,2012,pacific,25,35,1932.2,1887.5,2.8231,4.5223,2.1257,3.8648,4.5223,3.8648,415.37,414.28,0.2201
EP111985,EP061982,KEVIN,1985,FABIO,1982,pacific,36,32,3463.1,3229.7,2.5263,2.8377,2.0471,2.0413,2.8377,2.0471,415.74,412.78,0.1287
EP091975,EP071978,ILSA,1975,GILMA,1978,pacific,35,29,3702.5,3515.2,2.4431,2.737,2.0773,2.2197,2.737,2.2197,416.02,412.91,0.1183
EP021949,EP112012,UNNAMED,1949,KRISTY,2012,pacific,25,33,1932.2,2644.4,2.8231,5.4589,2.1257,4.2784,5.4589,4.2784,416.15,414.71,0.2154
EP052001,EP051973,DALILA,2001,EMILY,1973,pacific,31,27,3162.7,3038.9,2.2173,2.8746,2.0093,2.0982,2.8746,2.0982,416.51,413.67,0.1371
EP141997,EP121968,LINDA,1997,LIZA,1968,pacific,34,37,2843.1,3210.0,2.7992,2.8112,2.0408,2.2138,2.8112,2.2138,416.76,418.35,0.1466
EP031968,EP032004,CELESTE,1968,BLAS,2004,pacific,27,28,2831.4,2945.4,2.2915,2.9286,2.0375,2.4932,2.9286,2.4932,416.84,414.43,0.1472
EP081988,EP052011,HECTOR,1988,EUGENE,2011,pacific,41,44,5063.3,4964.3,2.3108,2.3789,2.0445,2.0682,2.3789,2.0682,416.9,412.24,0.084
EP081991,EP191984,GUILLERMO,1991,SIMON,1984,pacific,28,33,3900.0,3895.8,2.2427,2.8192,2.0199,2.1999,2.8192,2.1999,416.91,418.76,0.107
EP041983,EP091971,DALILIA,1983,ILSA,1971,pacific,26,35,3053.3,3497.7,2.6498,2.876,2.0481,2.1304,2.876,2.1304,417.14,416.07,0.1366
AL041865,AL031875,UNNAMED,1865,UNNAMED,1875,atlantic,37,45,5093.3,5701.7,2.7947,4.2247,2.1844,3.5379,4.2247,3.5379,417.17,419.16,0.0819
AL051907,AL132012,UNNAMED,1907,MICHAEL,2012,atlantic,28,42,2590.6,3631.4,3.8568,4.5303,3.3304,3.9677,4.5303,3.9677,417.23,415.63,0.1611
EP181970,EP142003,SELMA,1970,NORA,2003,pacific,29,28,1775.3,1906.6,3.8382,3.9907,3.6881,3.2366,3.9907,3.6881,417.46,416.82,0.2351
EP051988,EP032010,EMILIA,1988,BLAS,2010,pacific,25,32,2012.1,2421.7,2.7627,6.4983,2.1367,5.883,6.4983,5.883,417.57,417.51,0.2075
EP071971,EP151985,GEORGETTE,1971,OLAF,1985,pacific,29,38,3063.9,3777.1,2.8533,2.9436,2.0997,2.377,2.9436,2.377,417.61,414.89,0.1363
EP151989,EP121968,LORENA,1989,LIZA,1968,pacific,40,37,3059.6,3210.0,2.6521,2.8112,2.0831,2.2138,2.8112,2.2138,417.76,423.18,0.1365
EP031968,EP071990,CELESTE,1968,FAUSTO,1990,pacific,27,28,2831.4,2874.0,2.2915,2.8029,2.0375,2.0342,2.8029,2.0375,417.82,417.4,0.1476
EP051973,EP042002,EMILY,1973,CRISTINA,2002,pacific,27,30,3038.9,2784.4,2.8746,2.9566,2.0982,2.2326,2.9566,2.2326,418.02,415.66,0.1501
EP032014,EP112012,CRISTINA,2014,KRISTY,2012,pacific,41,33,2223.0,2644.4,5.2152,5.4589,4.3298,4.2784,5.4589,4.3298,418.31,417.9,0.1882
EP101970,EP071954,JOYCE,1970,UNNAMED,1954,pacific,25,25,1771.5,2035.8,2.3989,2.8408,2.0277,2.3824,2.8408,2.3824,418.39,416.74,0.2362
EP072008,EP151991,FAUSTO,2008,MARTY,1991,pacific,33,45,3796.9,3787.0,2.8177,3.5044,2.0514,2.9298,3.5044,2.9298,418.42,419.61,0.1105
EP092002,EP061992,GENEVIEVE,2002,ESTELLE,1992,pacific,26,34,2291.9,3046.5,2.8155,2.9778,2.1319,2.2551,2.9778,2.2551,418.46,418.67,0.1826
EP031988,EP071973,CARLOTTA,1988,GLENDA,1973,pacific,28,25,2785.9,2916.4,2.411,2.6344,2.065,2.1244,2.6344,2.1244,418.48,418.12,0.1502
EP031957,EP142014,UNNAMED,1957,NORBERT,2014,pacific,27,35,2269.0,2287.0,2.9228,4.6331,2.1816,4.3671,4.6331,4.3671,418.48,420.52,0.1844
EP041953,EP032014,UNNAMED,1953,CRISTINA,2014,pacific,25,41,1778.2,2223.0,2.8063,5.2152,2.0843,4.3298,5.2152,4.3298,418.7,417.38,0.2355
EP112006,EP091959,JOHN,2006,UNNAMED,1959,pacific,32,31,2828.1,3358.2,2.9029,2.9587,2.1071,2.1888,2.9587,2.1888,419.15,416.53,0.1482
EP101989,EP071995,GIL,1989,FLOSSIE,1995,pacific,27,27,2425.7,1994.8,2.8082,2.8638,2.0463,2.0764,2.8638,2.0764,419.59,417.75,0.2103
EP082008,EP161974,GENEVIEVE,2008,PATRICIA,1974,pacific,40,43,4342.9,4820.8,2.2337,2.8964,2.0577,2.4476,2.8964,2.4476,419.59,420.48,0.0966
EP051951,EP041965,UNNAMED,1951,BERNICE,1965,pacific,29,31,3882.8,3270.7,2.3032,2.6861,2.0438,2.071,2.6861,2.071,419.6,416.49,0.1283
EP161970,EP011973,PATRICIA,1970,AVA,1973,pacific,31,43,3843.2,4230.9,2.5225,2.6463,2.0684,2.2613,2.6463,2.2613,419.96,419.6,0.1093
EP021985,EP041965,BLANCA,1985,BERNICE,1965,pacific,41,31,3470.3,3270.7,2.184,2.6861,2.0533,2.071,2.6861,2.071,420.11,417.0,0.1284
AL071996,AL102015,GUSTAV,1996,IDA,2015,atlantic,29,51,3162.5,4358.3,2.6691,5.6136,2.195,4.8217,5.6136,4.8217,420.41,417.84,0.1329
EP121983,EP091984,LORENA,1983,ISELLE,1984,pacific,34,36,2949.9,3422.5,2.3156,2.8124,2.0636,2.0841,2.8124,2.0841,420.43,417.6,0.1425
EP111983,EP181989,KIKO,1983,OCTAVE,1989,pacific,36,33,2531.4,3136.5,2.8347,2.9085,2.0963,2.3092,2.9085,2.3092,420.52,418.37,0.1661
AL061880,AL051924,UNNAMED,1880,UNNAMED,1924,atlantic,26,29,4028.3,4404.9,2.8371,2.8823,2.0214,2.5109,2.8823,2.5109,420.57,416.94,0.1044
EP032000,EP011976,CARLOTTA,2000,ANNETTE,1976,pacific,27,44,2846.7,2765.1,2.6326,4.5613,2.0333,4.0,4.5613,4.0,420.86,418.58,0.1522
EP101989,EP061984,GIL,1989,FAUSTO,1984,pacific,27,27,2425.7,1852.1,2.8082,2.8643,2.0463,2.1482,2.8643,2.1482,421.05,419.38,0.2273
EP031949,EP132003,UNNAMED,1949,MARTY,2003,pacific,25,31,1751.1,2213.3,4.2162,4.7409,3.8278,4.1061,4.7409,4.1061,421.17,420.56,0.2405
EP041981,EP031988,DORA,1981,CARLOTTA,1988,pacific,25,28,2550.6,2785.9,2.2209,2.411,2.0216,2.065,2.411,2.065,421.44,420.1,0.1652
EP031994,EP141991,CARLOTTA,1994,LINDA,1991,pacific,29,42,3133.7,2907.1,2.601,2.8388,2.0157,2.3671,2.8388,2.3671,421.69,419.4,0.1451
EP151967,EP111975,PRISCILLA,1967,KATRINA,1975,pacific,27,37,2883.9,3428.8,2.7901,2.8206,2.0918,2.1006,2.8206,2.1006,421.72,419.13,0.1462
EP041991,EP042013,DELORES,1991,DALILA,2013,pacific,26,40,1707.7,2195.3,3.0593,4.8817,2.6756,4.3965,4.8817,4.3965,421.78,421.39,0.247
EP152001,EP081995,MANUEL,2001,GIL,1995,pacific,31,28,2919.0,2562.3,2.9444,3.0351,2.393,2.3445,3.0351,2.393,421.97,422.7,0.1647
EP111954,EP041975,UNNAMED,1954,DENISE,1975,pacific,25,41,3004.4,3430.7,2.4601,3.506,2.0571,3.3506,3.506,3.3506,422.08,419.44,0.1405
EP081987,EP101990,HILARY,1987,ISELLE,1990,pacific,35,38,3655.6,3312.3,2.6461,3.3338,2.0357,2.8177,3.3338,2.8177,422.11,420.79,0.1274
AL011893,AL061904,UNNAMED,1893,UNNAMED,1904,atlantic,36,26,4782.1,4823.6,2.7081,2.8247,2.0145,2.1773,2.8247,2.1773,422.12,433.77,0.0883
EP021954,EP032010,UNNAMED,1954,BLAS,2010,pacific,25,32,2034.9,2421.7,2.5259,6.4983,2.0822,5.883,6.4983,5.883,422.41,420.66,0.2076
EP031966,EP161990,CONNIE,1966,MARIE,1990,pacific,39,55,3671.0,4374.9,2.2551,2.6101,2.0341,2.1778,2.6101,2.1778,422.49,418.98,0.1151
AL101878,AL121995,UNNAMED,1878,KAREN,1995,atlantic,28,31,3420.3,3951.5,2.7434,2.8893,2.0904,2.2392,2.8893,2.2392,422.8,420.64,0.1236
AL192011,AL102000,SEAN,2011,FLORENCE,2000,atlantic,27,29,2854.3,3246.1,4.262,5.9278,3.835,5.0304,5.9278,5.0304,422.84,421.5,0.1481
AL021867,AL031862,UNNAMED,1867,UNNAMED,1862,atlantic,28,34,5192.9,4217.1,2.9482,3.0809,2.2367,2.2487,3.0809,2.2487,423.09,422.85,0.1003
AL041911,AL062007,UNNAMED,1911,FELIX,2007,atlantic,38,28,4091.5,4171.3,2.137,2.6764,2.0209,2.0372,2.6764,2.0372,423.51,419.92,0.1035
EP111993,EP051973,JOVA,1993,EMILY,1973,pacific,32,27,2920.1,3038.9,2.2906,2.8746,2.0346,2.0982,2.8746,2.0982,423.7,423.86,0.1451
EP112001,EP091993,JULIETTE,2001,HILARY,1993,pacific,48,42,3777.4,3269.0,2.8275,5.238,2.3133,4.5742,5.238,4.5742,423.78,421.23,0.1296
EP051990,EP071971,ELIDA,1990,GEORGETTE,1971,pacific,26,29,3108.3,3063.9,2.5768,2.8533,2.0222,2.0997,2.8533,2.0997,423.93,427.73,0.1384
EP081958,EP131967,UNNAMED,1958,NANETTE,1967,pacific,27,33,1751.1,2387.1,2.153,3.4672,2.0223,3.0215,3.4672,3.0215,423.97,422.74,0.2421
EP101975,EP031988,JEWEL,1975,CARLOTTA,1988,pacific,31,28,3215.6,2785.9,2.332,2.411,2.0541,2.065,2.411,2.065,424.09,421.46,0.1522
EP091988,EP041965,IVA,1988,BERNICE,1965,pacific,36,31,3148.6,3270.7,2.5953,2.6861,2.1418,2.071,2.6861,2.1418,424.3,425.07,0.1348
EP102011,EP212014,JOVA,2011,VANCE,2014,pacific,30,27,2172.9,2503.4,3.3277,3.6423,3.1284,3.1069,3.6423,3.1284,424.53,423.56,0.1954
EP131990,EP031991,JULIO,1990,CARLOS,1991,pacific,32,45,4291.8,4480.9,2.1848,2.2153,2.0464,2.0679,2.2153,2.0679,424.69,431.63,0.099
EP031988,EP081978,CARLOTTA,1988,HECTOR,1978,pacific,28,32,2785.9,3427.7,2.411,2.6082,2.065,2.0779,2.6082,2.0779,425.41,422.81,0.1527
EP081958,EP041954,UNNAMED,1958,UNNAMED,1954,pacific,27,31,1751.1,2200.0,2.153,2.8026,2.0223,2.1983,2.8026,2.1983,425.87,424.2,0.2432
EP091975,EP092011,ILSA,1975,HILARY,2011,pacific,35,50,3702.5,3814.6,2.4431,3.078,2.0773,2.4882,3.078,2.4882,425.87,423.77,0.115
AL101886,AL111973,UNNAMED,1886,UNNAMED,1973,atlantic,25,25,2086.8,2088.5,2.8383,3.6241,2.3113,3.1901,3.6241,3.1901,426.21,424.78,0.2042
EP021954,EP061970,UNNAMED,1954,GRETCHEN,1970,pacific,25,29,2034.9,1593.8,2.5259,2.8371,2.0822,2.2234,2.8371,2.2234,426.33,425.04,0.2675
EP091975,EP091971,ILSA,1975,ILSA,1971,pacific,35,35,3702.5,3497.7,2.4431,2.876,2.0773,2.1304,2.876,2.1304,426.68,428.81,0.122
EP151989,EP101985,LORENA,1989,JIMENA,1985,pacific,40,37,3059.6,3442.1,2.6521,2.8299,2.0831,2.0681,2.8299,2.0831,426.8,427.49,0.1395
EP041981,EP021999,DORA,1981,BEATRIZ,1999,pacific,25,32,2550.6,3468.8,2.2209,2.5217,2.0216,2.0478,2.5217,2.0478,427.5,425.03,0.1676
EP091991,EP062006,HILDA,1991,EMILIA,2006,pacific,26,41,3276.4,3547.6,2.9094,3.0499,2.1219,2.4644,3.0499,2.4644,427.55,434.78,0.1305
EP021999,EP131986,BEATRIZ,1999,MADELINE,1986,pacific,32,28,3468.8,3514.4,2.5217,3.1286,2.0478,2.6228,3.1286,2.6228,427.84,425.05,0.1233
AL021878,AL091887,UNNAMED,1878,UNNAMED,1887,atlantic,45,47,4466.6,4967.3,2.824,2.8733,2.1208,2.1342,2.8733,2.1342,427.94,423.87,0.0958
EP071978,EP091976,GILMA,1978,IVA,1976,pacific,29,37,3515.2,3791.8,2.737,2.8339,2.2197,2.0686,2.8339,2.2197,427.97,424.93,0.1217
AL041944,AL011917,UNNAMED,1944,UNNAMED,1917,atlantic,32,33,4307.1,4454.7,2.5154,2.8545,2.0442,2.0615,2.8545,2.0615,427.99,425.65,0.0994
EP021983,EP141998,BARBARA,1983,LESTER,1998,pacific,38,47,3112.4,2956.3,3.1154,3.8813,2.2504,3.4825,3.8813,3.4825,428.02,427.72,0.1448
AL031937,AL051881,UNNAMED,1937,UNNAMED,1881,atlantic,39,37,3877.7,4026.0,2.9745,2.9785,2.1918,2.1353,2.9785,2.1918,428.95,425.42,0.1106
EP061997,EP092006,DOLORES,1997,HECTOR,2006,pacific,30,35,4000.0,3492.3,2.7788,2.9043,2.0358,2.1371,2.9043,2.1371,429.1,425.83,0.1229
EP082005,EP091971,HILARY,2005,ILSA,1971,pacific,34,35,3819.8,3497.7,2.7923,2.876,2.0646,2.1304,2.876,2.1304,429.11,426.0,0.1227
EP141978,EP091991,NORMAN,1978,HILDA,1991,pacific,30,26,3921.7,3276.4,2.7288,2.9094,2.2713,2.1219,2.9094,2.2713,429.12,426.33,0.131
AL031854,AL011991,UNNAMED,1854,ANA,1991,atlantic,25,25,4093.2,3936.8,2.7976,3.1256,2.4558,2.7865,3.1256,2.7865,429.21,426.18,0.109
EP102002,EP032004,HERNAN,2002,BLAS,2004,pacific,31,28,2759.0,2945.4,2.7955,2.9286,2.1277,2.4932,2.9286,2.4932,429.42,427.93,0.1556
EP131994,EP061988,KRISTY,1994,FABIO,1988,pacific,30,49,4376.1,4813.3,2.0672,2.7686,2.0178,2.0729,2.7686,2.0729,429.58,425.44,0.0982
EP131974,EP182014,MAGGIE,1974,RACHEL,2014,pacific,27,36,1971.7,2266.9,2.7761,5.7717,2.0592,5.3855,5.7717,5.3855,429.65,428.19,0.2179
AL101984,AL011962,DIANA,1984,ALMA,1962,atlantic,33,30,3383.2,4165.7,4.6905,6.2304,4.2191,5.3661,6.2304,5.3661,429.73,427.18,0.127
EP021954,EP051988,UNNAMED,1954,EMILIA,1988,pacific,25,25,2034.9,2012.1,2.5259,2.7627,2.0822,2.1367,2.7627,2.1367,429.78,428.0,0.2136
EP021983,EP021984,BARBARA,1983,BORIS,1984,pacific,38,82,3112.4,3497.3,3.1154,5.3132,2.2504,4.6325,5.3132,4.6325,430.03,429.2,0.1382
EP071987,EP032005,GREG,1987,CALVIN,2005,pacific,28,30,2828.1,3104.8,2.6188,2.7478,2.1336,2.3291,2.7478,2.3291,430.13,427.61,0.1521
EP052001,EP032000,DALILA,2001,CARLOTTA,2000,pacific,31,27,3162.7,2846.7,2.2173,2.6326,2.0093,2.0333,2.6326,2.0333,430.17,427.58,0.1511
EP071990,EP152015,FAUSTO,1990,LINDA,2015,pacific,28,40,2874.0,2904.4,2.8029,4.1596,2.0342,4.0,4.1596,4.0,430.21,430.68,0.1497
EP101970,EP142005,JOYCE,1970,NORMA,2005,pacific,25,33,1771.5,1963.6,2.3989,3.1656,2.0277,2.6365,3.1656,2.6365,430.25,429.06,0.2429
AL081880,AL051880,UNNAMED,1880,UNNAMED,1880,atlantic,32,40,3820.2,3645.2,3.0002,3.4721,2.6926,2.9975,3.4721,2.9975,430.43,428.41,0.1181
EP011958,EP212014,UNNAMED,1958,VANCE,2014,pacific,41,27,2326.6,2503.4,3.2245,3.6423,2.7701,3.1069,3.6423,3.1069,430.77,431.59,0.1852
EP072001,EP112003,FLOSSIE,2001,KEVIN,2003,pacific,28,28,1754.5,1786.9,3.4463,5.1945,3.2472,4.5271,5.1945,4.5271,430.96,430.01,0.2456
EP042002,EP031984,CRISTINA,2002,CRISTINA,1984,pacific,30,36,2784.4,2384.8,2.9566,3.018,2.2326,2.2487,3.018,2.2487,431.07,428.92,0.1808
EP171984,EP132009,POLO,1984,JIMENA,2009,pacific,31,39,2879.2,2906.7,2.9165,6.193,2.5596,5.1536,6.193,5.1536,431.18,430.45,0.1498
EP042006,EP031988,CARLOTTA,2006,CARLOTTA,1988,pacific,33,28,3342.9,2785.9,2.2134,2.411,2.0248,2.065,2.411,2.065,431.37,428.76,0.1548
EP081980,EP152015,HOWARD,1980,LINDA,2015,pacific,30,40,2637.3,2904.4,2.8224,4.1596,2.0695,4.0,4.1596,4.0,431.38,433.53,0.1636
EP172000,EP081995,OLIVIA,2000,GIL,1995,pacific,32,28,1858.6,2562.3,2.7196,3.0351,2.0964,2.3445,3.0351,2.3445,431.49,429.8,0.2322
EP051998,EP111978,DARBY,1998,KRISTY,1978,pacific,37,38,4740.7,4575.6,2.7258,2.9432,2.0306,2.1868,2.9432,2.1868,431.98,427.72,0.0944
AL011991,AL021906,ANA,1991,UNNAMED,1906,atlantic,25,41,3936.8,3992.9,3.1256,3.4963,2.7865,2.9904,3.4963,2.9904,432.22,441.79,0.1098
EP031984,EP212015,CRISTINA,1984,RICK,2015,pacific,36,33,2384.8,2656.5,3.018,3.0267,2.2487,2.7244,3.0267,2.7244,432.5,430.47,0.1814
EP091972,EP231990,IVA,1972,TRUDY,1990,pacific,33,67,2969.9,3867.9,2.7878,6.0575,2.1127,5.801,6.0575,5.801,432.65,429.93,0.1457
EP151990,EP041978,LOWELL,1990,DANIEL,1978,pacific,36,29,4377.3,4135.6,2.2636,2.4797,2.0759,2.0329,2.4797,2.0759,432.84,428.93,0.1047
EP031986,EP111983,CELIA,1986,KIKO,1983,pacific,25,36,2592.1,2531.4,2.7874,2.8347,2.0621,2.0963,2.8347,2.0963,432.84,430.48,0.171
EP041953,EP182014,UNNAMED,1953,RACHEL,2014,pacific,25,36,1778.2,2266.9,2.8063,5.7717,2.0843,5.3855,5.7717,5.3855,433.2,431.83,0.2436
EP031988,EP101983,CARLOTTA,1988,JULIETTE,1983,pacific,28,31,2785.9,2490.7,2.411,3.016,2.065,2.2648,3.016,2.2648,433.36,431.36,0.174
AL011965,AL041902,UNNAMED,1965,UNNAMED,1902,atlantic,29,44,4966.9,5460.9,2.6331,3.0676,2.0765,2.2624,3.0676,2.2624,433.48,429.14,0.0873
EP161970,EP041992,PATRICIA,1970,CELIA,1992,pacific,31,50,3843.2,4767.8,2.5225,2.7584,2.0684,2.1205,2.7584,2.1205,433.69,430.0,0.1128
EP171987,EP042002,RAMON,1987,CRISTINA,2002,pacific,27,30,2340.8,2784.4,2.8043,2.9566,2.0879,2.2326,2.9566,2.2326,433.9,431.78,0.1854
EP112007,EP132009,HENRIETTE,2007,JIMENA,2009,pacific,30,39,2676.4,2906.7,2.6406,6.193,2.103,5.1536,6.193,5.1536,434.11,432.22,0.1622
EP152001,EP231990,MANUEL,2001,TRUDY,1990,pacific,31,67,2919.0,3867.9,2.9444,6.0575,2.393,5.801,6.0575,5.801,434.12,431.84,0.1487
EP041976,EP041984,DIANA,1976,DOUGLAS,1984,pacific,30,48,4851.4,4736.7,2.2208,2.5588,2.0265,2.0351,2.5588,2.0351,434.16,436.53,0.0917
EP041979,EP121968,DOLORES,1979,LIZA,1968,pacific,27,37,3344.6,3210.0,2.8028,2.8112,2.0829,2.2138,2.8112,2.2138,434.3,431.61,0.1353
EP031988,EP091972,CARLOTTA,1988,IVA,1972,pacific,28,33,2785.9,2969.9,2.411,2.7878,2.065,2.1127,2.7878,2.1127,434.45,434.05,0.1559
EP151982,EP181989,OLIVIA,1982,OCTAVE,1989,pacific,29,33,3481.5,3136.5,2.7446,2.9085,2.2484,2.3092,2.9085,2.3092,434.64,431.99,0.1386
EP121983,EP102006,LORENA,1983,ILEANA,2006,pacific,34,32,2949.9,2634.7,2.3156,2.4888,2.0636,2.0755,2.4888,2.0755,435.02,432.58,0.1651
EP151968,EP022008,ORLA,1968,BORIS,2008,pacific,35,37,3312.7,3407.0,2.151,2.6251,2.0395,2.122,2.6251,2.122,435.23,433.89,0.1314
EP031965,EP141991,AVA,1965,LINDA,1991,pacific,25,42,2338.0,2907.1,2.305,2.8388,2.0339,2.3671,2.8388,2.3671,435.34,434.69,0.1862
EP071987,EP041983,GREG,1987,DALILIA,1983,pacific,28,26,2828.1,3053.3,2.6188,2.6498,2.1336,2.0481,2.6498,2.1336,435.81,433.34,0.1541
EP081988,EP121989,HECTOR,1988,ISMAEL,1989,pacific,41,45,5063.3,4643.8,2.3108,2.6377,2.0445,2.0802,2.6377,2.0802,436.0,437.29,0.0939
AL052005,AL021933,EMILY,2005,UNNAMED,1933,atlantic,45,53,6619.0,6837.5,2.7629,2.9188,2.0527,2.1956,2.9188,2.1956,436.21,436.37,0.0659
EP031968,EP041983,CELESTE,1968,DALILIA,1983,pacific,27,26,2831.4,3053.3,2.2915,2.6498,2.0375,2.0481,2.6498,2.0481,436.74,434.14,0.1542
AL051924,AL071879,UNNAMED,1924,UNNAMED,1879,atlantic,29,25,4404.9,4439.6,2.8823,2.9643,2.5109,2.375,2.9643,2.5109,436.91,433.27,0.0992
EP061970,EP142005,GRETCHEN,1970,NORMA,2005,pacific,29,33,1593.8,1963.6,2.8371,3.1656,2.2234,2.6365,3.1656,2.6365,437.19,438.68,0.2743
EP181985,EP092012,SANDRA,1985,ILEANA,2012,pacific,46,47,4778.5,4321.6,2.8266,2.9081,2.2004,2.1872,2.9081,2.2004,437.23,433.62,0.1012
AL031864,AL062007,UNNAMED,1864,FELIX,2007,atlantic,26,28,3958.5,4171.3,2.1103,2.6764,2.0051,2.0372,2.6764,2.0372,437.44,433.75,0.1105
EP081987,EP081990,HILARY,1987,GENEVIEVE,1990,pacific,35,35,3655.6,3670.2,2.6461,2.6803,2.0357,2.0591,2.6803,2.0591,437.68,434.47,0.1197
EP051952,EP032004,UNNAMED,1952,BLAS,2004,pacific,29,28,2268.3,2945.4,2.7852,2.9286,2.0579,2.4932,2.9286,2.4932,437.69,435.55,0.193
EP071990,EP021981,FAUSTO,1990,BEATRIZ,1981,pacific,28,25,2874.0,2604.3,2.8029,2.8132,2.0342,2.1105,2.8132,2.1105,437.77,439.44,0.1681
EP121983,EP102002,LORENA,1983,HERNAN,2002,pacific,34,31,2949.9,2759.0,2.3156,2.7955,2.0636,2.1277,2.7955,2.1277,437.85,436.41,0.1587
EP132004,EP132009,JAVIER,2004,JIMENA,2009,pacific,39,39,3473.6,2906.7,2.8645,6.193,2.2071,5.1536,6.193,5.1536,437.98,435.77,0.1507
EP021985,EP042010,BLANCA,1985,CELIA,2010,pacific,41,50,3470.3,3576.2,2.184,5.2032,2.0533,4.6541,5.2032,4.6541,438.08,438.1,0.1262
AL011860,AL051912,UNNAMED,1860,UNNAMED,1912,atlantic,35,30,2615.1,2486.7,3.7471,6.6223,3.284,6.0121,6.6223,6.0121,438.15,436.49,0.1762
EP131974,EP171987,MAGGIE,1974,RAMON,1987,pacific,27,27,1971.7,2340.8,2.7761,2.8043,2.0592,2.0879,2.8043,2.0879,438.15,438.17,0.2222
EP121983,EP082005,LORENA,1983,HILARY,2005,pacific,34,34,2949.9,3819.8,2.3156,2.7923,2.0636,2.0646,2.7923,2.0646,438.33,435.5,0.1486
EP012011,EP241990,ADRIAN,2011,VANCE,1990,pacific,30,41,2275.3,2560.8,3.1479,5.5842,2.6988,4.6126,5.5842,4.6126,438.46,436.8,0.1927
EP131974,EP072012,MAGGIE,1974,GILMA,2012,pacific,27,33,1971.7,2276.0,2.7761,3.3391,2.0592,2.6973,3.3391,2.6973,438.46,438.67,0.2224
AL031910,AL091887,UNNAMED,1910,UNNAMED,1887,atlantic,44,47,4569.1,4967.3,2.8377,2.8733,2.0422,2.1342,2.8733,2.1342,438.62,434.46,0.096
EP141994,EP102004,LANE,1994,GEORGETTE,2004,pacific,28,33,3664.1,4364.6,2.1689,2.4515,2.0289,2.0278,2.4515,2.0289,438.8,435.36,0.1198
EP142014,EP112012,NORBERT,2014,KRISTY,2012,pacific,35,33,2287.0,2644.4,4.6331,5.4589,4.3671,4.2784,5.4589,4.3671,438.95,437.26,0.1919
EP181982,EP011973,SERGIO,1982,AVA,1973,pacific,40,43,4695.8,4230.9,2.4564,2.6463,2.0487,2.2613,2.6463,2.2613,439.07,439.61,0.1038
AL051880,AL031915,UNNAMED,1880,UNNAMED,1915,atlantic,40,59,3645.2,4832.0,3.4721,6.0432,2.9975,5.3938,6.0432,5.3938,439.17,437.79,0.1205
AL111972,AL021954,CARRIE,1972,UNNAMED,1954,atlantic,29,27,2848.5,3259.3,2.944,3.0371,2.433,3.0,3.0371,3.0,439.26,436.95,0.1542
EP151989,EP071971,LORENA,1989,GEORGETTE,1971,pacific,40,29,3059.6,3063.9,2.6521,2.8533,2.0831,2.0997,2.8533,2.0997,439.38,439.0,0.1436
EP211992,EP091995,SEYMOUR,1992,HENRIETTE,1995,pacific,40,29,2673.6,2968.8,2.8555,3.0336,2.4057,2.1887,3.0336,2.4057,439.38,437.17,0.1643
EP081991,EP091998,GUILLERMO,1991,HOWARD,1998,pacific,28,40,3900.0,4244.9,2.2427,2.7162,2.0199,2.1645,2.7162,2.1645,439.46,439.91,0.1127
EP161968,EP022015,PAULINE,1968,BLANCA,2015,pacific,31,38,2638.5,2589.6,2.8614,4.427,2.1804,3.7822,4.427,3.7822,439.48,437.6,0.1697
EP072011,EP091988,GREG,2011,IVA,1988,pacific,26,36,3069.5,3148.6,2.2809,2.5953,2.0218,2.1418,2.5953,2.1418,439.53,436.72,0.1432
EP141970,EP152005,NORMA,1970,OTIS,2005,pacific,25,31,1903.1,1807.8,2.7682,4.9107,2.253,4.023,4.9107,4.023,439.95,438.94,0.2434
EP111983,EP152015,KIKO,1983,LINDA,2015,pacific,36,40,2531.4,2904.4,2.8347,4.1596,2.0963,4.0,4.1596,4.0,439.99,438.99,0.1738
EP041965,EP042002,BERNICE,1965,CRISTINA,2002,pacific,31,30,3270.7,2784.4,2.6861,2.9566,2.071,2.2326,2.9566,2.2326,440.33,437.86,0.1581
EP062005,EP122004,FERNANDA,2005,ISIS,2004,pacific,33,52,3080.7,3477.4,2.6255,4.4988,2.0943,3.6677,4.4988,3.6677,440.72,437.9,0.1431
EP031975,EP121991,CARLOTTA,1975,JIMENA,1991,pacific,35,46,3223.3,3878.5,2.2725,2.8339,2.0371,2.121,2.8339,2.121,441.0,440.57,0.1368
EP041975,EP011976,DENISE,1975,ANNETTE,1976,pacific,41,44,3430.7,2765.1,3.506,4.5613,3.3506,4.0,4.5613,4.0,441.33,440.64,0.1596
EP051990,EP091972,ELIDA,1990,IVA,1972,pacific,26,33,3108.3,2969.9,2.5768,2.7878,2.0222,2.1127,2.7878,2.1127,441.41,438.8,0.1486
AL031931,AL141933,UNNAMED,1931,UNNAMED,1933,atlantic,34,38,4088.4,4759.0,2.58,2.7187,2.0297,2.0314,2.7187,2.0314,441.49,437.6,0.108
EP071954,EP211992,UNNAMED,1954,SEYMOUR,1992,pacific,25,40,2035.8,2673.6,2.8408,2.8555,2.3824,2.4057,2.8555,2.4057,441.52,439.81,0.2169
EP072011,EP161970,GREG,2011,PATRICIA,1970,pacific,26,31,3069.5,3843.2,2.2809,2.5225,2.0218,2.0684,2.5225,2.0684,441.78,438.84,0.1439
AL011928,AL011852,UNNAMED,1928,UNNAMED,1852,atlantic,46,45,4365.8,5020.5,3.3558,3.5373,2.5811,3.1299,3.5373,3.1299,441.79,440.26,0.1012
EP081978,EP101985,HECTOR,1978,JIMENA,1985,pacific,32,37,3427.7,3442.1,2.6082,2.8299,2.0779,2.0681,2.8299,2.0779,442.14,443.36,0.129
EP102009,EP102014,GUILLERMO,2009,JULIO,2014,pacific,46,65,6324.9,6901.2,2.7425,3.1608,2.3135,2.6648,3.1608,2.6648,442.21,437.46,0.0699
EP021991,EP091982,BLANCA,1991,IVA,1982,pacific,30,30,3089.1,2868.6,2.1791,2.2791,2.0425,2.0641,2.2791,2.0641,442.31,439.56,0.1542
AL051942,AL161978,UNNAMED,1942,GRETA,1978,atlantic,32,26,3535.6,3443.8,2.2072,2.3083,2.0059,2.0602,2.3083,2.0602,442.38,439.17,0.1285
EP061986,EP131991,FRANK,1986,KEVIN,1991,pacific,38,70,5521.7,6098.1,2.573,2.8748,2.0263,2.1759,2.8748,2.1759,442.56,444.45,0.0801
EP101980,EP032004,JAVIER,1980,BLAS,2004,pacific,26,28,2812.3,2945.4,2.6574,2.9286,2.0604,2.4932,2.9286,2.4932,442.8,440.61,0.1575
AL101955,AL071892,JANET,1955,UNNAMED,1892,atlantic,40,45,5298.7,4792.8,2.4452,2.7889,2.036,2.023,2.7889,2.036,442.83,438.46,0.0924
EP081987,EP041965,HILARY,1987,BERNICE,1965,pacific,35,31,3655.6,3270.7,2.6461,2.6861,2.0357,2.071,2.6861,2.071,442.86,439.75,0.1354
EP101975,EP041983,JEWEL,1975,DALILIA,1983,pacific,31,26,3215.6,3053.3,2.332,2.6498,2.0541,2.0481,2.6498,2.0541,443.05,441.9,0.1451
EP161968,EP112006,PAULINE,1968,JOHN,2006,pacific,31,32,2638.5,2828.1,2.8614,2.9029,2.1804,2.1071,2.9029,2.1804,443.09,441.04,0.1679
EP031988,EP071987,CARLOTTA,1988,GREG,1987,pacific,28,28,2785.9,2828.1,2.411,2.6188,2.065,2.1336,2.6188,2.1336,443.12,440.55,0.1591
EP121983,EP091971,LORENA,1983,ILSA,1971,pacific,34,35,2949.9,3497.7,2.3156,2.876,2.0636,2.1304,2.876,2.1304,443.16,440.41,0.1502
EP051995,EP031990,DALILA,1995,CRISTINA,1990,pacific,36,32,2395.2,1859.8,2.7656,3.0752,2.2575,2.4099,3.0752,2.4099,443.27,442.94,0.2383
EP101970,EP092000,JOYCE,1970,GILMA,2000,pacific,25,25,1771.5,2151.0,2.3989,2.8266,2.0277,2.0738,2.8266,2.0738,443.51,441.99,0.2504
EP102006,EP071995,ILEANA,2006,FLOSSIE,1995,pacific,32,27,2634.7,1994.8,2.4888,2.8638,2.0755,2.0764,2.8638,2.0764,444.46,442.63,0.2228
EP102002,EP152001,HERNAN,2002,MANUEL,2001,pacific,31,31,2759.0,2919.0,2.7955,2.9444,2.1277,2.393,2.9444,2.393,444.68,446.86,0.1612
EP081967,EP092002,ILSA,1967,GENEVIEVE,2002,pacific,25,26,2807.9,2291.9,2.6302,2.8155,2.1478,2.1319,2.8155,2.1478,444.69,446.17,0.194
EP051972,EP061992,ESTELLE,1972,ESTELLE,1992,pacific,31,34,3165.3,3046.5,2.9182,2.9778,2.11,2.2551,2.9778,2.2551,444.91,442.33,0.146
EP152001,EP031984,MANUEL,2001,CRISTINA,1984,pacific,31,36,2919.0,2384.8,2.9444,3.018,2.393,2.2487,3.018,2.393,445.12,443.01,0.1866
EP072010,EP092010,ESTELLE,2010,FRANK,2010,pacific,26,30,2065.0,2425.7,2.5798,2.9161,2.3421,2.4849,2.9161,2.4849,445.35,443.67,0.2157
EP111985,EP081978,KEVIN,1985,HECTOR,1978,pacific,36,32,3463.1,3427.7,2.5263,2.6082,2.0471,2.0779,2.6082,2.0779,445.41,442.27,0.1299
EP081998,EP092002,GEORGETTE,1998,GENEVIEVE,2002,pacific,26,26,2484.7,2291.9,2.7905,2.8155,2.0273,2.1319,2.8155,2.1319,445.52,443.55,0.1944
EP031995,EP261992,BARBARA,1995,YOLANDA,1992,pacific,42,28,4513.7,4092.0,2.2179,2.9173,2.014,2.5061,2.9173,2.5061,445.6,441.93,0.1089
AL141933,AL011917,UNNAMED,1933,UNNAMED,1917,atlantic,38,33,4759.0,4454.7,2.7187,2.8545,2.0314,2.0615,2.8545,2.0615,445.71,444.26,0.1001
AL051918,AL041943,UNNAMED,1918,UNNAMED,1943,atlantic,27,36,3574.3,3325.6,2.6677,3.3959,2.1163,3.16,3.3959,3.16,445.74,445.22,0.134
EP042004,EP081965,CELIA,2004,FLORENCE,1965,pacific,30,31,2596.2,2685.9,2.2174,2.4369,2.0446,2.0298,2.4369,2.0446,445.75,443.6,0.1717
AL051958,AL021880,ELLA,1958,UNNAMED,1880,atlantic,35,45,4739.1,5025.2,2.7804,2.8083,2.0502,2.1374,2.8083,2.1374,445.79,441.45,0.0941
EP151982,EP152015,OLIVIA,1982,LINDA,2015,pacific,29,40,3481.5,2904.4,2.7446,4.1596,2.2484,4.0,4.1596,4.0,446.0,445.6,0.1536
EP141997,EP071971,LINDA,1997,GEORGETTE,1971,pacific,34,29,2843.1,3063.9,2.7992,2.8533,2.0408,2.0997,2.8533,2.0997,446.05,448.05,0.1569
EP031968,EP121968,CELESTE,1968,LIZA,1968,pacific,27,37,2831.4,3210.0,2.2915,2.8112,2.0375,2.2138,2.8112,2.2138,446.22,443.6,0.1576
EP131994,EP161990,KRISTY,1994,MARIE,1990,pacific,30,55,4376.1,4374.9,2.0672,2.6101,2.0178,2.1778,2.6101,2.1778,446.28,442.26,0.102
EP151989,EP212015,LORENA,1989,RICK,2015,pacific,40,33,3059.6,2656.5,2.6521,3.0267,2.0831,2.7244,3.0267,2.7244,446.28,450.97,0.168
EP071987,EP121968,GREG,1987,LIZA,1968,pacific,28,37,2828.1,3210.0,2.6188,2.8112,2.1336,2.2138,2.8112,2.2138,446.37,443.76,0.1578
EP072011,EP151991,GREG,2011,MARTY,1991,pacific,26,45,3069.5,3787.0,2.2809,3.5044,2.0218,2.9298,3.5044,2.9298,446.4,443.45,0.1454
EP042006,EP071978,CARLOTTA,2006,GILMA,1978,pacific,33,29,3342.9,3515.2,2.2134,2.737,2.0248,2.2197,2.737,2.2197,446.47,446.23,0.1336
EP022001,EP101981,BARBARA,2001,JOVA,1981,pacific,26,27,3877.3,3972.4,2.3922,2.7009,2.0125,2.1159,2.7009,2.1159,446.47,442.94,0.1151
AL021911,AL052010,UNNAMED,1911,FIVE,2010,atlantic,26,32,1731.8,2334.4,3.041,6.0259,2.3106,5.2972,6.0259,5.2972,446.56,445.56,0.2579
EP021954,EP092005,UNNAMED,1954,IRWIN,2005,pacific,25,34,2034.9,2464.9,2.5259,2.7791,2.0822,2.1019,2.7791,2.1019,446.74,444.95,0.2195
EP212015,EP152007,RICK,2015,KIKO,2007,pacific,33,50,2656.5,3113.0,3.0267,3.8251,2.7244,3.5294,3.8251,3.5294,446.93,446.64,0.1682
EP111975,EP101985,KATRINA,1975,JIMENA,1985,pacific,37,37,3428.8,3442.1,2.8206,2.8299,2.1006,2.0681,2.8299,2.1006,447.01,443.87,0.1304
EP101975,EP041965,JEWEL,1975,BERNICE,1965,pacific,31,31,3215.6,3270.7,2.332,2.6861,2.0541,2.071,2.6861,2.071,447.12,444.05,0.139
EP072007,EP152015,DALILA,2007,LINDA,2015,pacific,34,40,2513.5,2904.4,2.8999,4.1596,2.3392,4.0,4.1596,4.0,447.4,445.33,0.178
EP081978,EP092011,HECTOR,1978,HILARY,2011,pacific,32,50,3427.7,3814.6,2.6082,3.078,2.0779,2.4882,3.078,2.4882,447.43,444.22,0.1305
EP071973,EP102002,GLENDA,1973,HERNAN,2002,pacific,25,31,2916.4,2759.0,2.6344,2.7955,2.1244,2.1277,2.7955,2.1277,447.62,445.23,0.1622
EP062011,EP182015,FERNANDA,2011,NORA,2015,pacific,29,27,3070.1,2634.3,2.6547,2.8547,2.0869,2.1022,2.8547,2.1022,447.85,445.49,0.17
EP041965,EP032005,BERNICE,1965,CALVIN,2005,pacific,31,30,3270.7,3104.8,2.6861,2.7478,2.071,2.3291,2.7478,2.3291,447.86,446.47,0.1442
EP022008,EP191990,BORIS,2008,ODILE,1990,pacific,37,35,3407.0,3292.0,2.6251,4.0465,2.122,3.3713,4.0465,3.3713,447.89,446.91,0.1361
EP141967,EP092013,OLIVIA,1967,IVO,2013,pacific,37,31,2259.8,2188.1,2.9693,4.3133,2.6987,3.5845,4.3133,3.5845,447.94,446.71,0.2047
EP172000,EP072012,OLIVIA,2000,GILMA,2012,pacific,32,33,1858.6,2276.0,2.7196,3.3391,2.0964,2.6973,3.3391,2.6973,448.0,446.38,0.241
EP021999,EP121991,BEATRIZ,1999,JIMENA,1991,pacific,32,46,3468.8,3878.5,2.5217,2.8339,2.0478,2.121,2.8339,2.121,448.03,444.78,0.1292
EP031971,EP031978,CARLOTTA,1971,CARLOTTA,1978,pacific,27,35,3215.9,3463.0,2.8193,2.8311,2.0608,2.1831,2.8311,2.1831,448.04,445.29,0.1393
EP092000,EP072007,GILMA,2000,DALILA,2007,pacific,25,34,2151.0,2513.5,2.8266,2.8999,2.0738,2.3392,2.8999,2.3392,448.11,447.75,0.2083
EP081980,EP031984,HOWARD,1980,CRISTINA,1984,pacific,30,36,2637.3,2384.8,2.8224,3.018,2.0695,2.2487,3.018,2.2487,448.12,446.3,0.1879
EP121989,EP081976,ISMAEL,1989,HYACINTH,1976,pacific,45,31,4643.8,4452.1,2.6377,3.166,2.0802,2.5432,3.166,2.5432,448.68,451.25,0.1008
EP031968,EP102000,CELESTE,1968,HECTOR,2000,pacific,27,25,2831.4,2342.3,2.2915,2.6403,2.0375,2.1366,2.6403,2.1366,448.94,446.76,0.1917
EP211992,EP032004,SEYMOUR,1992,BLAS,2004,pacific,40,28,2673.6,2945.4,2.8555,2.9286,2.4057,2.4932,2.9286,2.4932,449.04,446.97,0.168
EP191968,EP031994,TARA,1968,CARLOTTA,1994,pacific,33,29,3732.7,3133.7,2.4341,2.601,2.0593,2.0157,2.601,2.0593,449.05,446.03,0.1433
EP021983,EP041975,BARBARA,1983,DENISE,1975,pacific,38,41,3112.4,3430.7,3.1154,3.506,2.2504,3.3506,3.506,3.3506,449.06,450.65,0.1443
EP032000,EP031986,CARLOTTA,2000,CELIA,1986,pacific,27,25,2846.7,2592.1,2.6326,2.7874,2.0333,2.0621,2.7874,2.0621,449.18,447.04,0.1733
AL091974,AL032012,BECKY,1974,CHRIS,2012,atlantic,28,31,3847.8,5195.0,2.7348,6.0734,2.1478,5.2153,6.0734,5.2153,449.37,460.07,0.1168
EP021969,EP031978,BERNICE,1969,CARLOTTA,1978,pacific,33,35,3454.0,3463.0,2.6418,2.8311,2.1403,2.1831,2.8311,2.1831,449.62,446.5,0.1302
EP041981,EP071971,DORA,1981,GEORGETTE,1971,pacific,25,29,2550.6,3063.9,2.2209,2.8533,2.0216,2.0997,2.8533,2.0997,449.67,447.36,0.1763
EP081967,EP071971,ILSA,1967,GEORGETTE,1971,pacific,25,29,2807.9,3063.9,2.6302,2.8533,2.1478,2.0997,2.8533,2.1478,449.74,447.36,0.1602
EP091975,EP231990,ILSA,1975,TRUDY,1990,pacific,35,67,3702.5,3867.9,2.4431,6.0575,2.0773,5.801,6.0575,5.801,449.84,447.05,0.1215
EP021981,EP092000,BEATRIZ,1981,GILMA,2000,pacific,25,25,2604.3,2151.0,2.8132,2.8266,2.1105,2.0738,2.8266,2.1105,449.99,448.02,0.2092
EP101975,EP021969,JEWEL,1975,BERNICE,1969,pacific,31,33,3215.6,3454.0,2.332,2.6418,2.0541,2.1403,2.6418,2.1403,450.18,451.07,0.14
EP081978,EP071971,HECTOR,1978,GEORGETTE,1971,pacific,32,29,3427.7,3063.9,2.6082,2.8533,2.0779,2.0997,2.8533,2.0997,450.24,447.38,0.1469
EP051966,EP171990,EILEEN,1966,NORBERT,1990,pacific,25,39,2426.8,2873.0,2.6612,3.2445,2.2814,2.4441,3.2445,2.4441,450.39,448.52,0.1856
EP081987,EP151991,HILARY,1987,MARTY,1991,pacific,35,45,3655.6,3787.0,2.6461,3.5044,2.0357,2.9298,3.5044,2.9298,450.46,451.12,0.1232
EP011976,EP241990,ANNETTE,1976,VANCE,1990,pacific,44,41,2765.1,2560.8,4.5613,5.5842,4.0,4.6126,5.5842,4.6126,450.54,448.7,0.1759
EP101989,EP112012,GIL,1989,KRISTY,2012,pacific,27,33,2425.7,2644.4,2.8082,5.4589,2.0463,4.2784,5.4589,4.2784,450.58,448.65,0.1858
EP102006,EP091971,ILEANA,2006,ILSA,1971,pacific,32,35,2634.7,3497.7,2.4888,2.876,2.0755,2.1304,2.876,2.1304,450.9,448.48,0.1711
EP042011,EP151971,DORA,2011,OLIVIA,1971,pacific,33,45,3489.8,4197.9,2.726,2.9713,2.0708,2.3267,2.9713,2.3267,450.98,447.98,0.1292
EP052011,EP121989,EUGENE,2011,ISMAEL,1989,pacific,44,45,4964.3,4643.8,2.3789,2.6377,2.0682,2.0802,2.6377,2.0802,451.2,452.63,0.0972
EP181984,EP042010,RACHEL,1984,CELIA,2010,pacific,36,50,2561.1,3576.2,2.2594,5.2032,2.0621,4.6541,5.2032,4.6541,451.36,451.19,0.1762
EP041983,EP141997,DALILIA,1983,LINDA,1997,pacific,26,34,3053.3,2843.1,2.6498,2.7992,2.0481,2.0408,2.7992,2.0481,451.44,448.87,0.1588
EP061982,EP092012,FABIO,1982,ILEANA,2012,pacific,32,47,3229.7,4321.6,2.8377,2.9081,2.0413,2.1872,2.9081,2.1872,451.68,448.72,0.1399
EP031986,EP021984,CELIA,1986,BORIS,1984,pacific,25,82,2592.1,3497.3,2.7874,5.3132,2.0621,4.6325,5.3132,4.6325,451.69,450.56,0.1743
EP081980,EP131987,HOWARD,1980,MAX,1987,pacific,30,29,2637.3,2973.4,2.8224,2.9343,2.0695,2.1027,2.9343,2.1027,451.86,449.64,0.1713
EP111954,EP011976,UNNAMED,1954,ANNETTE,1976,pacific,25,44,3004.4,2765.1,2.4601,4.5613,2.0571,4.0,4.5613,4.0,452.02,449.81,0.1635
EP102004,EP071992,GEORGETTE,2004,FRANK,1992,pacific,33,42,4364.6,4585.7,2.4515,2.7802,2.0278,2.2598,2.7802,2.2598,452.02,448.21,0.1036
EP122003,EP132012,LINDA,2003,MIRIAM,2012,pacific,38,44,1942.6,2548.0,3.0414,5.9554,2.4099,5.1072,5.9554,5.1072,452.05,451.78,0.2327
EP101982,EP051985,JOHN,1982,ENRIQUE,1985,pacific,35,35,4162.5,3860.6,2.324,2.3631,2.0184,2.0977,2.3631,2.0977,452.27,448.67,0.1172
EP181970,EP152005,SELMA,1970,OTIS,2005,pacific,29,31,1775.3,1807.8,3.8382,4.9107,3.6881,4.023,4.9107,4.023,452.79,452.8,0.255
EP022008,EP031978,BORIS,2008,CARLOTTA,1978,pacific,37,35,3407.0,3463.0,2.6251,2.8311,2.122,2.1831,2.8311,2.1831,453.03,450.11,0.133
EP121983,EP071987,LORENA,1983,GREG,1987,pacific,34,28,2949.9,2828.1,2.3156,2.6188,2.0636,2.1336,2.6188,2.1336,453.11,450.61,0.1602
EP081965,EP171990,FLORENCE,1965,NORBERT,1990,pacific,31,39,2685.9,2873.0,2.4369,3.2445,2.0298,2.4441,3.2445,2.4441,453.37,451.03,0.1688
EP081996,EP152005,ELIDA,1996,OTIS,2005,pacific,29,31,1737.1,1807.8,3.2483,4.9107,2.5362,4.023,4.9107,4.023,453.57,452.34,0.2611
EP051990,EP111975,ELIDA,1990,KATRINA,1975,pacific,26,37,3108.3,3428.8,2.5768,2.8206,2.0222,2.1006,2.8206,2.1006,453.63,450.81,0.1459
EP071990,EP091971,FAUSTO,1990,ILSA,1971,pacific,28,35,2874.0,3497.7,2.8029,2.876,2.0342,2.1304,2.876,2.1304,453.68,450.94,0.1579
EP071992,EP061997,FRANK,1992,DOLORES,1997,pacific,42,30,4585.7,4000.0,2.7802,2.7788,2.2598,2.0358,2.7802,2.2598,453.71,449.99,0.1134
EP171987,EP212015,RAMON,1987,RICK,2015,pacific,27,33,2340.8,2656.5,2.8043,3.0267,2.0879,2.7244,3.0267,2.7244,453.8,451.81,0.1939
AL031910,AL131967,UNNAMED,1910,BEULAH,1967,atlantic,44,70,4569.1,5397.3,2.8377,3.5721,2.0422,2.88,3.5721,2.88,453.88,451.63,0.0993
EP061970,EP122003,GRETCHEN,1970,LINDA,2003,pacific,29,38,1593.8,1942.6,2.8371,3.0414,2.2234,2.4099,3.0414,2.4099,453.92,453.5,0.2848
EP121988,EP101986,LANE,1988,JAVIER,1986,pacific,38,44,4613.8,4825.6,2.3311,3.088,2.0376,2.2485,3.088,2.2485,454.0,451.88,0.0984
EP141970,EP141987,NORMA,1970,NORMA,1987,pacific,25,25,1903.1,1383.8,2.7682,2.7957,2.253,2.2892,2.7957,2.2892,454.08,453.14,0.3281
EP111993,EP091988,JOVA,1993,IVA,1988,pacific,32,36,2920.1,3148.6,2.2906,2.5953,2.0346,2.1418,2.5953,2.1418,454.13,451.72,0.1555
EP081967,EP101983,ILSA,1967,JULIETTE,1983,pacific,25,31,2807.9,2490.7,2.6302,3.016,2.1478,2.2648,3.016,2.2648,454.21,451.98,0.1824
AL081934,AL031901,UNNAMED,1934,UNNAMED,1901,atlantic,29,42,3425.4,4809.7,3.1619,4.3548,2.3964,4.0898,4.3548,4.0898,454.22,451.38,0.1326
EP081988,EP061986,HECTOR,1988,FRANK,1986,pacific,41,38,5063.3,5521.7,2.3108,2.573,2.0445,2.0263,2.573,2.0445,454.43,456.41,0.0897
EP131990,EP121989,JULIO,1990,ISMAEL,1989,pacific,32,45,4291.8,4643.8,2.1848,2.6377,2.0464,2.0802,2.6377,2.0802,454.49,453.16,0.1059
AL041872,AL091995,UNNAMED,1872,HUMBERTO,1995,atlantic,28,41,4516.1,4554.3,2.806,2.8696,2.2896,2.2799,2.8696,2.2896,454.53,453.4,0.1006
EP071973,EP171987,GLENDA,1973,RAMON,1987,pacific,25,27,2916.4,2340.8,2.6344,2.8043,2.1244,2.0879,2.8043,2.1244,454.58,455.46,0.1942
EP081967,EP211992,ILSA,1967,SEYMOUR,1992,pacific,25,40,2807.9,2673.6,2.6302,2.8555,2.1478,2.4057,2.8555,2.4057,454.84,453.88,0.1701
EP101975,EP231990,JEWEL,1975,TRUDY,1990,pacific,31,67,3215.6,3867.9,2.332,6.0575,2.0541,5.801,6.0575,5.801,454.91,452.11,0.1415
EP131985,EP151985,MARTY,1985,OLAF,1985,pacific,29,38,2793.0,3777.1,2.6219,2.9436,2.0863,2.377,2.9436,2.377,455.14,452.6,0.163
EP141997,EP212015,LINDA,1997,RICK,2015,pacific,34,33,2843.1,2656.5,2.7992,3.0267,2.0408,2.7244,3.0267,2.7244,455.22,457.18,0.1714
AL041924,AL051940,UNNAMED,1924,UNNAMED,1940,atlantic,48,49,7094.3,7443.0,3.1465,3.4011,2.3178,2.4953,3.4011,2.4953,455.27,456.63,0.0642
EP062006,EP142000,EMILIA,2006,LANE,2000,pacific,41,37,3547.6,3772.5,3.0499,5.0759,2.4644,4.4128,5.0759,4.4128,455.46,457.58,0.1284
AL041944,AL021960,UNNAMED,1944,ABBY,1960,atlantic,32,34,4307.1,4774.5,2.5154,2.6518,2.0442,2.0502,2.6518,2.0502,455.54,459.5,0.1058
EP111983,EP112012,KIKO,1983,KRISTY,2012,pacific,36,33,2531.4,2644.4,2.8347,5.4589,2.0963,4.2784,5.4589,4.2784,455.81,453.81,0.1801
EP071973,EP051973,GLENDA,1973,EMILY,1973,pacific,25,27,2916.4,3038.9,2.6344,2.8746,2.1244,2.0982,2.8746,2.1244,456.24,453.7,0.1564
EP041983,EP071978,DALILIA,1983,GILMA,1978,pacific,26,29,3053.3,3515.2,2.6498,2.737,2.0481,2.2197,2.737,2.2197,456.29,455.9,0.1494
EP041978,EP121989,DANIEL,1978,ISMAEL,1989,pacific,29,45,4135.6,4643.8,2.4797,2.6377,2.0329,2.0802,2.6377,2.0802,456.36,452.56,0.1103
EP121968,EP111975,LIZA,1968,KATRINA,1975,pacific,37,37,3210.0,3428.8,2.8112,2.8206,2.2138,2.1006,2.8206,2.2138,456.38,455.22,0.1422
EP101980,EP171994,JAVIER,1980,OLIVIA,1994,pacific,26,31,2812.3,2470.6,2.6574,4.5709,2.0604,4.095,4.5709,4.095,456.52,454.63,0.1848
EP151990,EP121989,LOWELL,1990,ISMAEL,1989,pacific,36,45,4377.3,4643.8,2.2636,2.6377,2.0759,2.0802,2.6377,2.0802,456.64,452.48,0.1043
EP071995,EP031949,FLOSSIE,1995,UNNAMED,1949,pacific,27,25,1994.8,1751.1,2.8638,4.2162,2.0764,3.8278,4.2162,3.8278,456.68,455.21,0.2608
AL061915,AL102002,UNNAMED,1915,ISIDORE,2002,atlantic,42,55,5646.7,6584.1,2.9134,4.6892,2.2993,4.2414,4.6892,4.2414,456.68,456.55,0.0809
EP162003,EP012001,PATRICIA,2003,ADOLPH,2001,pacific,25,29,1817.2,1716.0,2.8272,4.4047,2.093,3.95,4.4047,3.95,456.79,457.31,0.2662
EP022012,EP212014,BUD,2012,VANCE,2014,pacific,25,27,2039.8,2503.4,2.9769,3.6423,2.4497,3.1069,3.6423,3.1069,456.88,456.4,0.224
EP102002,EP131987,HERNAN,2002,MAX,1987,pacific,31,29,2759.0,2973.4,2.7955,2.9343,2.1277,2.1027,2.9343,2.1277,456.96,461.15,0.1656
EP031959,EP152009,UNNAMED,1959,LINDA,2009,pacific,25,38,2650.9,2032.4,2.8315,3.322,2.0621,2.5784,3.322,2.5784,456.99,455.34,0.2249
EP131974,EP041953,MAGGIE,1974,UNNAMED,1953,pacific,27,25,1971.7,1778.2,2.7761,2.8063,2.0592,2.0843,2.8063,2.0843,457.27,456.69,0.2572
EP081990,EP051960,GENEVIEVE,1990,ESTELLE,1960,pacific,35,47,3670.2,4196.9,2.6803,3.0974,2.0591,2.4853,3.0974,2.4853,457.32,456.31,0.1246
EP021981,EP131987,BEATRIZ,1981,MAX,1987,pacific,25,29,2604.3,2973.4,2.8132,2.9343,2.1105,2.1027,2.9343,2.1105,457.37,455.11,0.1756
EP141997,EP111975,LINDA,1997,KATRINA,1975,pacific,34,37,2843.1,3428.8,2.7992,2.8206,2.0408,2.1006,2.8206,2.1006,457.93,455.25,0.1611
EP031990,EP072012,CRISTINA,1990,GILMA,2012,pacific,32,33,1859.8,2276.0,3.0752,3.3391,2.4099,2.6973,3.3391,2.6973,457.95,456.36,0.2462
EP072011,EP071973,GREG,2011,GLENDA,1973,pacific,26,25,3069.5,2916.4,2.2809,2.6344,2.0218,2.1244,2.6344,2.1244,458.04,457.62,0.1571
EP081990,EP071972,GENEVIEVE,1990,GWEN,1972,pacific,35,37,3670.2,3423.8,2.6803,2.8603,2.0591,2.1205,2.8603,2.1205,458.05,455.1,0.1338
EP031988,EP051995,CARLOTTA,1988,DALILA,1995,pacific,28,36,2785.9,2395.2,2.411,2.7656,2.065,2.2575,2.7656,2.2575,458.08,456.01,0.1912
EP131985,EP081998,MARTY,1985,GEORGETTE,1998,pacific,29,26,2793.0,2484.7,2.6219,2.7905,2.0863,2.0273,2.7905,2.0863,458.29,456.17,0.1844
EP082012,EP182014,HECTOR,2012,RACHEL,2014,pacific,35,36,1887.5,2266.9,4.5223,5.7717,3.8648,5.3855,5.7717,5.3855,458.64,457.38,0.243
EP161968,EP152008,PAULINE,1968,NORBERT,2008,pacific,31,38,2638.5,3055.0,2.8614,2.9089,2.1804,2.3288,2.9089,2.3288,458.76,459.3,0.1739
EP141997,EP042014,LINDA,1997,DOUGLAS,2014,pacific,34,42,2843.1,2709.5,2.7992,2.861,2.0408,2.0793,2.861,2.0793,458.84,456.77,0.1693
EP161970,EP071978,PATRICIA,1970,GILMA,1978,pacific,31,29,3843.2,3515.2,2.5225,2.737,2.0684,2.2197,2.737,2.2197,458.97,455.86,0.1306
EP151967,EP032010,PRISCILLA,1967,BLAS,2010,pacific,27,32,2883.9,2421.7,2.7901,6.4983,2.0918,5.883,6.4983,5.883,458.99,456.84,0.1895
EP102000,EP081954,HECTOR,2000,UNNAMED,1954,pacific,25,27,2342.3,2334.9,2.6403,2.7349,2.1366,2.1917,2.7349,2.1917,459.09,457.02,0.1966
EP112007,EP152014,HENRIETTE,2007,ODILE,2014,pacific,30,37,2676.4,2674.4,2.6406,2.7771,2.103,2.2596,2.7771,2.2596,459.13,456.98,0.1717
EP131985,EP092002,MARTY,1985,GENEVIEVE,2002,pacific,29,26,2793.0,2291.9,2.6219,2.8155,2.0863,2.1319,2.8155,2.1319,459.33,457.35,0.2004
EP102006,EP152015,ILEANA,2006,LINDA,2015,pacific,32,40,2634.7,2904.4,2.4888,4.1596,2.0755,4.0,4.1596,4.0,459.44,457.13,0.1744
EP052006,EP071991,DANIEL,2006,FEFA,1991,pacific,48,40,4827.5,5258.9,2.3301,2.5033,2.0343,2.0224,2.5033,2.0343,459.51,456.99,0.0952
EP031988,EP031994,CARLOTTA,1988,CARLOTTA,1994,pacific,28,29,2785.9,3133.7,2.411,2.601,2.065,2.0157,2.601,2.065,459.54,456.92,0.165
EP072010,EP011976,ESTELLE,2010,ANNETTE,1976,pacific,26,44,2065.0,2765.1,2.5798,4.5613,2.3421,4.0,4.5613,4.0,459.74,458.01,0.2226
EP092005,EP011985,IRWIN,2005,ANDRES,1985,pacific,34,27,2464.9,3111.4,2.7791,2.8576,2.1019,2.3069,2.8576,2.3069,459.85,457.6,0.1866
EP071978,EP091972,GILMA,1978,IVA,1972,pacific,29,33,3515.2,2969.9,2.737,2.7878,2.2197,2.1127,2.7878,2.2197,460.11,457.46,0.1549
AL031883,AL011910,UNNAMED,1883,UNNAMED,1910,atlantic,39,27,4141.8,3792.6,2.7729,2.8,2.086,2.1252,2.8,2.1252,460.12,457.55,0.1213
EP091984,EP101990,ISELLE,1984,ISELLE,1990,pacific,36,38,3422.5,3312.3,2.8124,3.3338,2.0841,2.8177,3.3338,2.8177,460.12,457.18,0.1389
EP091988,EP151991,IVA,1988,MARTY,1991,pacific,36,45,3148.6,3787.0,2.5953,3.5044,2.1418,2.9298,3.5044,2.9298,460.3,457.58,0.1462
EP051973,EP041975,EMILY,1973,DENISE,1975,pacific,27,41,3038.9,3430.7,2.8746,3.506,2.0982,3.3506,3.506,3.3506,460.33,459.2,0.1515
EP081978,EP091976,HECTOR,1978,IVA,1976,pacific,32,37,3427.7,3791.8,2.6082,2.8339,2.0779,2.0686,2.8339,2.0779,460.41,457.18,0.1343
EP041981,EP131986,DORA,1981,MADELINE,1986,pacific,25,28,2550.6,3514.4,2.2209,3.1286,2.0216,2.6228,3.1286,2.6228,460.43,460.32,0.1805
EP111983,EP032014,KIKO,1983,CRISTINA,2014,pacific,36,41,2531.4,2223.0,2.8347,5.2152,2.0963,4.3298,5.2152,4.3298,460.61,458.86,0.2072
EP021985,EP151991,BLANCA,1985,MARTY,1991,pacific,41,45,3470.3,3787.0,2.184,3.5044,2.0533,2.9298,3.5044,2.9298,460.62,457.43,0.1327
EP021981,EP031984,BEATRIZ,1981,CRISTINA,1984,pacific,25,36,2604.3,2384.8,2.8132,3.018,2.1105,2.2487,3.018,2.2487,460.77,458.94,0.1932
EP172000,EP041953,OLIVIA,2000,UNNAMED,1953,pacific,32,25,1858.6,1778.2,2.7196,2.8063,2.0964,2.0843,2.8063,2.0964,460.91,460.48,0.2592
EP111993,EP141971,JOVA,1993,NANETTE,1971,pacific,32,27,2920.1,2785.4,2.2906,2.9325,2.0346,2.1728,2.9325,2.1728,461.01,458.53,0.1655
EP121993,EP032013,KENNETH,1993,COSME,2013,pacific,50,30,3830.2,4003.0,2.7141,2.7199,2.1322,2.0488,2.7199,2.1322,461.1,460.55,0.1204
EP141990,EP122004,KENNA,1990,ISIS,2004,pacific,35,52,3297.7,3477.4,4.3385,4.4988,4.0,3.6677,4.4988,4.0,461.22,458.69,0.1399
EP071973,EP031984,GLENDA,1973,CRISTINA,1984,pacific,25,36,2916.4,2384.8,2.6344,3.018,2.1244,2.2487,3.018,2.2487,461.34,459.32,0.1935
EP081993,EP121989,GREG,1993,ISMAEL,1989,pacific,56,45,4354.3,4643.8,2.5891,2.6377,2.2162,2.0802,2.6377,2.2162,461.4,457.38,0.106
EP071978,EP231990,GILMA,1978,TRUDY,1990,pacific,29,67,3515.2,3867.9,2.737,6.0575,2.2197,5.801,6.0575,5.801,461.56,458.77,0.1313
EP061997,EP111978,DOLORES,1997,KRISTY,1978,pacific,30,38,4000.0,4575.6,2.7788,2.9432,2.0358,2.1868,2.9432,2.1868,461.63,457.78,0.1154
EP032004,EP091995,BLAS,2004,HENRIETTE,1995,pacific,28,29,2945.4,2968.8,2.9286,3.0336,2.4932,2.1887,3.0336,2.4932,461.7,461.68,0.1568
AL021889,AL021886,UNNAMED,1889,UNNAMED,1886,atlantic,25,33,3658.1,4247.5,2.6781,2.7017,2.1477,2.1027,2.7017,2.1477,461.84,458.92,0.1263
EP032009,EP092002,BLANCA,2009,GENEVIEVE,2002,pacific,25,26,2163.0,2291.9,2.7369,2.8155,2.1418,2.1319,2.8155,2.1418,462.16,463.15,0.2137
AL091945,AL082008,UNNAMED,1945,HANNA,2008,atlantic,39,49,6848.9,6741.9,3.1169,5.257,2.4862,4.6536,5.257,4.6536,462.37,459.02,0.0686
AL061909,AL051958,UNNAMED,1909,ELLA,1958,atlantic,34,35,4698.2,4739.1,2.424,2.7804,2.0267,2.0502,2.7804,2.0502,462.52,458.32,0.0984
EP031988,EP111975,CARLOTTA,1988,KATRINA,1975,pacific,28,37,2785.9,3428.8,2.411,2.8206,2.065,2.1006,2.8206,2.1006,462.56,459.95,0.166
AL021960,AL141933,ABBY,1960,UNNAMED,1933,atlantic,34,38,4774.5,4759.0,2.6518,2.7187,2.0502,2.0314,2.7187,2.0502,462.63,459.95,0.0972
EP162005,EP181984,SIXTEEN,2005,RACHEL,1984,pacific,26,36,2119.0,2561.1,2.1713,2.2594,2.0586,2.0621,2.2594,2.0621,462.65,460.63,0.2183
EP141991,EP212015,LINDA,1991,RICK,2015,pacific,42,33,2907.1,2656.5,2.8388,3.0267,2.3671,2.7244,3.0267,2.7244,462.78,460.65,0.1742
EP092010,EP071984,FRANK,2010,GENEVIEVE,1984,pacific,30,30,2425.7,2415.4,2.9161,2.953,2.4849,2.2128,2.953,2.4849,462.83,461.13,0.1916
EP172000,EP111983,OLIVIA,2000,KIKO,1983,pacific,32,36,1858.6,2531.4,2.7196,2.8347,2.0964,2.0963,2.8347,2.0964,463.12,461.51,0.2492
EP011957,EP051998,KANOA,1957,DARBY,1998,pacific,45,37,5049.4,4740.7,2.3031,2.7258,2.0324,2.0306,2.7258,2.0324,463.26,470.3,0.0977
EP071987,EP071990,GREG,1987,FAUSTO,1990,pacific,28,28,2828.1,2874.0,2.6188,2.8029,2.1336,2.0342,2.8029,2.1336,463.26,460.77,0.1638
EP081995,EP112012,GIL,1995,KRISTY,2012,pacific,28,33,2562.3,2644.4,3.0351,5.4589,2.3445,4.2784,5.4589,4.2784,463.27,461.33,0.1808
EP021969,EP131986,BERNICE,1969,MADELINE,1986,pacific,33,28,3454.0,3514.4,2.6418,3.1286,2.1403,2.6228,3.1286,2.6228,463.63,463.21,0.1342
EP051973,EP091971,EMILY,1973,ILSA,1971,pacific,27,35,3038.9,3497.7,2.8746,2.876,2.0982,2.1304,2.876,2.1304,463.64,462.17,0.1526
EP011973,EP041992,AVA,1973,CELIA,1992,pacific,43,50,4230.9,4767.8,2.6463,2.7584,2.2613,2.1205,2.7584,2.2613,463.64,459.86,0.1096
EP081981,EP071971,HILARY,1981,GEORGETTE,1971,pacific,29,29,2505.9,3063.9,2.736,2.8533,2.1001,2.0997,2.8533,2.1001,463.99,461.68,0.1852
AL061879,AL041887,UNNAMED,1879,UNNAMED,1887,atlantic,33,37,4511.0,5051.9,2.784,2.8016,2.1031,2.2918,2.8016,2.2918,464.06,462.8,0.1029
EP091972,EP111975,IVA,1972,KATRINA,1975,pacific,33,37,2969.9,3428.8,2.7878,2.8206,2.1127,2.1006,2.8206,2.1127,464.2,461.68,0.1563
EP071987,EP141997,GREG,1987,LINDA,1997,pacific,28,34,2828.1,2843.1,2.6188,2.7992,2.1336,2.0408,2.7992,2.1336,464.54,461.93,0.1643
EP071973,EP121968,GLENDA,1973,LIZA,1968,pacific,25,37,2916.4,3210.0,2.6344,2.8112,2.1244,2.2138,2.8112,2.2138,464.62,462.0,0.1593
EP212015,EP031990,RICK,2015,CRISTINA,1990,pacific,33,32,2656.5,1859.8,3.0267,3.0752,2.7244,2.4099,3.0752,2.7244,464.62,464.31,0.2498
EP072004,EP182015,ESTELLE,2004,NORA,2015,pacific,27,27,2582.6,2634.3,2.8012,2.8547,2.0969,2.1022,2.8547,2.1022,464.63,465.71,0.1799
EP082012,EP112012,HECTOR,2012,KRISTY,2012,pacific,35,33,1887.5,2644.4,4.5223,5.4589,3.8648,4.2784,5.4589,4.2784,464.66,464.41,0.2462
EP101989,EP081995,GIL,1989,GIL,1995,pacific,27,28,2425.7,2562.3,2.8082,3.0351,2.0463,2.3445,3.0351,2.3445,464.78,462.9,0.1916
EP091965,EP191990,GLENDA,1965,ODILE,1990,pacific,37,35,2841.5,3292.0,2.8505,4.0465,2.0503,3.3713,4.0465,3.3713,464.8,462.32,0.1636
EP032005,EP032011,CALVIN,2005,CALVIN,2011,pacific,30,29,3104.8,2472.4,2.7478,2.7811,2.3291,2.2133,2.7811,2.3291,464.98,462.92,0.1881
EP131990,EP051968,JULIO,1990,ESTELLE,1968,pacific,32,33,4291.8,4290.3,2.1848,2.3602,2.0464,2.1319,2.3602,2.1319,465.38,464.02,0.1085
AL021908,AL061954,UNNAMED,1908,CAROL,1954,atlantic,32,30,3433.0,3033.0,2.7993,3.5608,2.303,2.9386,3.5608,2.9386,465.56,463.01,0.1535
EP131987,EP231990,MAX,1987,TRUDY,1990,pacific,29,67,2973.4,3867.9,2.9343,6.0575,2.1027,5.801,6.0575,5.801,465.62,465.52,0.1566
EP091985,CP012003,IGNACIO,1985,UNNAMED,2003,pacific,25,25,2664.6,2996.6,2.2806,4.9769,2.0266,4.1811,4.9769,4.1811,465.64,465.51,0.1748
EP072008,EP051973,FAUSTO,2008,EMILY,1973,pacific,33,27,3796.9,3038.9,2.8177,2.8746,2.0514,2.0982,2.8746,2.0982,465.67,462.85,0.1532
EP122007,EP142007,IVO,2007,JULIETTE,2007,pacific,28,25,1752.5,1848.4,3.091,4.2564,2.4102,3.7835,4.2564,3.7835,465.82,464.85,0.2658
EP031957,EP031949,UNNAMED,1957,UNNAMED,1949,pacific,27,25,2269.0,1751.1,2.9228,4.2162,2.1816,3.8278,4.2162,3.8278,465.83,466.44,0.266
EP062003,EP261992,FELICIA,2003,YOLANDA,1992,pacific,28,28,4235.4,4092.0,2.1261,2.9173,2.0141,2.5061,2.9173,2.5061,465.88,475.23,0.1139
EP081992,EP041982,GEORGETTE,1992,DANIEL,1982,pacific,48,62,6843.9,7333.4,2.2708,3.5229,2.0738,3.0415,3.5229,3.0415,465.88,459.6,0.0681
EP041994,EP112005,DANIEL,1994,KENNETH,2005,pacific,26,65,3612.9,4435.6,2.3289,3.1632,2.0289,2.836,3.1632,2.836,466.03,465.58,0.129
EP102000,EP071954,HECTOR,2000,UNNAMED,1954,pacific,25,25,2342.3,2035.8,2.6403,2.8408,2.1366,2.3824,2.8408,2.3824,466.06,464.46,0.2289
EP212006,EP022003,SERGIO,2006,BLANCA,2003,pacific,29,31,1163.3,914.1,4.5437,6.1106,3.941,5.1397,6.1106,5.1397,466.15,465.53,0.51
EP041984,EP061997,DOUGLAS,1984,DOLORES,1997,pacific,48,30,4736.7,4000.0,2.5588,2.7788,2.0351,2.0358,2.7788,2.0358,466.28,462.49,0.1166
EP051951,EP181982,UNNAMED,1951,SERGIO,1982,pacific,29,40,3882.8,4695.8,2.3032,2.4564,2.0438,2.0487,2.4564,2.0487,466.3,462.59,0.1201
EP081988,EP161974,HECTOR,1988,PATRICIA,1974,pacific,41,43,5063.3,4820.8,2.3108,2.8964,2.0445,2.4476,2.8964,2.4476,466.38,462.09,0.0967
EP061970,EP031990,GRETCHEN,1970,CRISTINA,1990,pacific,29,32,1593.8,1859.8,2.8371,3.0752,2.2234,2.4099,3.0752,2.4099,466.39,465.07,0.2926
AL061916,AL051886,UNNAMED,1916,UNNAMED,1886,atlantic,33,40,5568.9,5387.3,2.7633,2.861,2.0637,2.1276,2.861,2.1276,466.5,461.89,0.0866
EP151989,EP151967,LORENA,1989,PRISCILLA,1967,pacific,40,27,3059.6,2883.9,2.6521,2.7901,2.0831,2.0918,2.7901,2.0918,466.57,463.94,0.1618
EP041965,EP152001,BERNICE,1965,MANUEL,2001,pacific,31,31,3270.7,2919.0,2.6861,2.9444,2.071,2.393,2.9444,2.393,466.67,464.25,0.1599
EP061984,EP081996,FAUSTO,1984,ELIDA,1996,pacific,27,29,1852.1,1737.1,2.8643,3.2483,2.1482,2.5362,3.2483,2.5362,466.69,465.29,0.2687
EP171987,EP182014,RAMON,1987,RACHEL,2014,pacific,27,36,2340.8,2266.9,2.8043,5.7717,2.0879,5.3855,5.7717,5.3855,466.75,465.04,0.2059
EP032005,EP092011,CALVIN,2005,HILARY,2011,pacific,30,50,3104.8,3814.6,2.7478,3.078,2.3291,2.4882,3.078,2.4882,466.99,464.26,0.1504
EP032009,EP051952,BLANCA,2009,UNNAMED,1952,pacific,25,29,2163.0,2268.3,2.7369,2.7852,2.1418,2.0579,2.7852,2.1418,467.12,466.3,0.216
EP031971,EP091965,CARLOTTA,1971,GLENDA,1965,pacific,27,37,3215.9,2841.5,2.8193,2.8505,2.0608,2.0503,2.8505,2.0608,467.14,466.16,0.1644
EP051988,EP102008,EMILIA,1988,ISELLE,2008,pacific,25,41,2012.1,2546.8,2.7627,2.9246,2.1367,2.2553,2.9246,2.2553,467.16,465.43,0.2322
EP091984,EP091976,ISELLE,1984,IVA,1976,pacific,36,37,3422.5,3791.8,2.8124,2.8339,2.0841,2.0686,2.8339,2.0841,467.16,464.13,0.1365
EP051990,EP101980,ELIDA,1990,JAVIER,1980,pacific,26,26,3108.3,2812.3,2.5768,2.6574,2.0222,2.0604,2.6574,2.0604,467.27,464.92,0.1662
EP041981,EP061982,DORA,1981,FABIO,1982,pacific,25,32,2550.6,3229.7,2.2209,2.8377,2.0216,2.0413,2.8377,2.0413,467.46,465.0,0.1833
EP062008,EP121970,ELIDA,2008,LORRAINE,1970,pacific,41,47,5583.9,5151.9,2.1055,2.4018,2.0212,2.1198,2.4018,2.1198,467.5,462.74,0.0907
EP171986,EP202009,ROSLYN,1986,RICK,2009,pacific,28,27,3409.7,2786.8,3.0195,3.1735,2.5624,2.702,3.1735,2.702,467.58,465.82,0.1678
EP081967,EP061982,ILSA,1967,FABIO,1982,pacific,25,32,2807.9,3229.7,2.6302,2.8377,2.1478,2.0413,2.8377,2.1478,467.6,465.0,0.1665
EP021969,EP101985,BERNICE,1969,JIMENA,1985,pacific,33,37,3454.0,3442.1,2.6418,2.8299,2.1403,2.0681,2.8299,2.1403,467.61,472.08,0.1359
EP091998,EP121991,HOWARD,1998,JIMENA,1991,pacific,40,46,4244.9,3878.5,2.7162,2.8339,2.1645,2.121,2.8339,2.1645,467.61,464.21,0.1206
EP101980,EP041979,JAVIER,1980,DOLORES,1979,pacific,26,27,2812.3,3344.6,2.6574,2.8028,2.0604,2.0829,2.8028,2.0829,467.66,467.17,0.1663
EP031975,EP151989,CARLOTTA,1975,LORENA,1989,pacific,35,40,3223.3,3059.6,2.2725,2.6521,2.0371,2.0831,2.6521,2.0831,467.77,467.14,0.1529
EP111993,EP101990,JOVA,1993,ISELLE,1990,pacific,32,38,2920.1,3312.3,2.2906,3.3338,2.0346,2.8177,3.3338,2.8177,467.79,468.05,0.1602
EP161971,EP131976,PRISCILLA,1971,MADELINE,1976,pacific,27,40,2593.4,1948.7,2.7408,4.794,2.4027,3.8318,4.794,3.8318,467.83,467.41,0.2401
AL091943,AL011861,UNNAMED,1943,UNNAMED,1861,atlantic,25,28,3200.5,3003.5,2.6796,2.7822,2.1445,2.1007,2.7822,2.1445,467.87,469.62,0.1558
EP151982,EP142000,OLIVIA,1982,LANE,2000,pacific,29,37,3481.5,3772.5,2.7446,5.0759,2.2484,4.4128,5.0759,4.4128,468.07,465.46,0.1344
EP151967,EP031984,PRISCILLA,1967,CRISTINA,1984,pacific,27,36,2883.9,2384.8,2.7901,3.018,2.0918,2.2487,3.018,2.2487,468.19,466.21,0.1963
AL021880,AL041909,UNNAMED,1880,UNNAMED,1909,atlantic,45,38,5025.2,4673.8,2.8083,2.8205,2.1374,2.0663,2.8205,2.1374,468.2,469.7,0.1002
AL031890,AL031896,UNNAMED,1890,UNNAMED,1896,atlantic,33,43,7166.3,7870.6,2.8258,3.0719,2.4197,2.6522,3.0719,2.6522,468.64,463.64,0.0654
EP131974,EP092000,MAGGIE,1974,GILMA,2000,pacific,27,25,1971.7,2151.0,2.7761,2.8266,2.0592,2.0738,2.8266,2.0738,468.64,466.84,0.2377
AL051872,AL112000,UNNAMED,1872,GORDON,2000,atlantic,28,29,3625.1,3884.8,2.9609,4.0415,2.1332,3.301,4.0415,3.301,468.67,465.59,0.1293
EP011957,EP081997,KANOA,1957,FELICIA,1997,pacific,45,33,5049.4,4583.4,2.3031,2.5145,2.0324,2.0536,2.5145,2.0536,468.91,464.53,0.1023
EP071972,EP101990,GWEN,1972,ISELLE,1990,pacific,37,38,3423.8,3312.3,2.8603,3.3338,2.1205,2.8177,3.3338,2.8177,468.96,466.14,0.1416
EP191968,EP081976,TARA,1968,HYACINTH,1976,pacific,33,31,3732.7,4452.1,2.4341,3.166,2.0593,2.5432,3.166,2.5432,468.96,475.86,0.1256
EP031975,EP031988,CARLOTTA,1975,CARLOTTA,1988,pacific,35,28,3223.3,2785.9,2.2725,2.411,2.0371,2.065,2.411,2.065,469.0,467.76,0.1683
AL081891,AL061899,UNNAMED,1891,UNNAMED,1899,atlantic,35,26,4999.1,5447.7,2.8672,3.2922,2.0739,2.4995,3.2922,2.4995,469.09,466.28,0.0938
EP151989,EP101980,LORENA,1989,JAVIER,1980,pacific,40,26,3059.6,2812.3,2.6521,2.6574,2.0831,2.0604,2.6574,2.0831,469.24,466.95,0.1669
EP101975,EP151967,JEWEL,1975,PRISCILLA,1967,pacific,31,27,3215.6,2883.9,2.332,2.7901,2.0541,2.0918,2.7901,2.0918,469.37,470.78,0.1628
AL061936,AL052001,UNNAMED,1936,DEAN,2001,atlantic,31,27,5306.0,5127.3,2.824,2.9045,2.3694,2.3175,2.9045,2.3694,469.5,465.58,0.0916
EP021981,EP181989,BEATRIZ,1981,OCTAVE,1989,pacific,25,33,2604.3,3136.5,2.8132,2.9085,2.1105,2.3092,2.9085,2.3092,469.6,467.34,0.1803
EP032005,EP041975,CALVIN,2005,DENISE,1975,pacific,30,41,3104.8,3430.7,2.7478,3.506,2.3291,3.3506,3.506,3.3506,469.71,472.51,0.1513
EP112007,EP132004,HENRIETTE,2007,JAVIER,2004,pacific,30,39,2676.4,3473.6,2.6406,2.8645,2.103,2.2071,2.8645,2.2071,469.9,472.44,0.1756
EP051995,EP092002,DALILA,1995,GENEVIEVE,2002,pacific,36,26,2395.2,2291.9,2.7656,2.8155,2.2575,2.1319,2.8155,2.2575,470.08,468.23,0.2051
EP051995,EP081998,DALILA,1995,GEORGETTE,1998,pacific,36,26,2395.2,2484.7,2.7656,2.7905,2.2575,2.0273,2.7905,2.2575,470.08,468.23,0.1963
EP092014,EP061988,ISELLE,2014,FABIO,1988,pacific,45,49,5301.7,4813.3,2.536,2.7686,2.0721,2.0729,2.7686,2.0729,470.1,474.87,0.0977
EP081996,EP181970,ELIDA,1996,SELMA,1970,pacific,29,29,1737.1,1775.3,3.2483,3.8382,2.5362,3.6881,3.8382,3.6881,470.34,469.46,0.2708
EP171987,EP131987,RAMON,1987,MAX,1987,pacific,27,29,2340.8,2973.4,2.8043,2.9343,2.0879,2.1027,2.9343,2.1027,470.39,468.28,0.201
EP131987,EP031984,MAX,1987,CRISTINA,1984,pacific,29,36,2973.4,2384.8,2.9343,3.018,2.1027,2.2487,3.018,2.2487,470.41,468.27,0.1973
AL021983,AL011998,UNNAMED,1983,ALEX,1998,atlantic,25,26,3985.9,3916.8,2.1068,2.6073,2.013,2.0595,2.6073,2.0595,470.46,466.88,0.1201
EP071987,EP081995,GREG,1987,GIL,1995,pacific,28,28,2828.1,2562.3,2.6188,3.0351,2.1336,2.3445,3.0351,2.3445,470.78,468.59,0.1837
EP151967,EP092000,PRISCILLA,1967,GILMA,2000,pacific,27,25,2883.9,2151.0,2.7901,2.8266,2.0918,2.0738,2.8266,2.0918,470.8,468.75,0.2189
EP091988,EP231990,IVA,1988,TRUDY,1990,pacific,36,67,3148.6,3867.9,2.5953,6.0575,2.1418,5.801,6.0575,5.801,470.92,468.36,0.1496
EP082013,EP101987,HENRIETTE,2013,JOVA,1987,pacific,41,34,4845.8,3971.1,2.5519,2.6766,2.179,2.0977,2.6766,2.179,471.02,467.28,0.1186
EP051990,EP071978,ELIDA,1990,GILMA,1978,pacific,26,29,3108.3,3515.2,2.5768,2.737,2.0222,2.2197,2.737,2.2197,471.34,470.66,0.1516
EP052006,EP041984,DANIEL,2006,DOUGLAS,1984,pacific,48,48,4827.5,4736.7,2.3301,2.5588,2.0343,2.0351,2.5588,2.0351,471.48,467.11,0.0995
EP041983,EP071971,DALILIA,1983,GEORGETTE,1971,pacific,26,29,3053.3,3063.9,2.6498,2.8533,2.0481,2.0997,2.8533,2.0997,471.58,468.8,0.1544
EP041981,EP111985,DORA,1981,KEVIN,1985,pacific,25,36,2550.6,3463.1,2.2209,2.5263,2.0216,2.0471,2.5263,2.0471,471.65,469.19,0.1849
EP071987,EP051973,GREG,1987,EMILY,1973,pacific,28,27,2828.1,3038.9,2.6188,2.8746,2.1336,2.0982,2.8746,2.1336,471.69,469.22,0.1668
EP111985,EP081967,KEVIN,1985,ILSA,1967,pacific,36,25,3463.1,2807.9,2.5263,2.6302,2.0471,2.1478,2.6302,2.1478,471.73,469.19,0.168
EP101975,EP121991,JEWEL,1975,JIMENA,1991,pacific,31,46,3215.6,3878.5,2.332,2.8339,2.0541,2.121,2.8339,2.121,472.01,469.06,0.1468
EP081980,EP062012,HOWARD,1980,FABIO,2012,pacific,30,40,2637.3,3584.5,2.8224,3.0897,2.0695,2.484,3.0897,2.484,472.27,470.15,0.1791
EP141997,EP092000,LINDA,1997,GILMA,2000,pacific,34,25,2843.1,2151.0,2.7992,2.8266,2.0408,2.0738,2.8266,2.0738,472.28,470.23,0.2196
EP172000,EP032011,OLIVIA,2000,CALVIN,2011,pacific,32,29,1858.6,2472.4,2.7196,2.7811,2.0964,2.2133,2.7811,2.2133,472.32,470.6,0.2541
EP091993,EP132009,HILARY,1993,JIMENA,2009,pacific,42,39,3269.0,2906.7,5.238,6.193,4.5742,5.1536,6.193,5.1536,472.33,470.29,0.1625
EP181989,EP192014,OCTAVE,1989,SIMON,2014,pacific,33,35,3136.5,2992.3,2.9085,3.0425,2.3092,2.5536,3.0425,2.5536,472.38,470.37,0.1579
EP101975,EP051990,JEWEL,1975,ELIDA,1990,pacific,31,26,3215.6,3108.3,2.332,2.5768,2.0541,2.0222,2.5768,2.0541,472.38,478.36,0.152
EP051992,EP191985,DARBY,1992,TERRY,1985,pacific,31,37,4044.1,3239.6,2.6655,2.8053,2.1576,2.0796,2.8053,2.1576,472.44,469.53,0.1458
EP052002,EP081993,DOUGLAS,2002,GREG,1993,pacific,27,56,3731.9,4354.3,2.5075,2.5891,2.0927,2.2162,2.5891,2.2162,472.51,469.1,0.1266
EP111954,EP131988,UNNAMED,1954,MIRIAM,1988,pacific,25,42,3004.4,3718.0,2.4601,2.8159,2.0571,2.1343,2.8159,2.1343,472.52,469.67,0.1573
EP072013,EP022008,GIL,2013,BORIS,2008,pacific,32,37,3328.6,3407.0,2.1258,2.6251,2.0595,2.122,2.6251,2.122,472.67,469.56,0.142
EP021969,EP061982,BERNICE,1969,FABIO,1982,pacific,33,32,3454.0,3229.7,2.6418,2.8377,2.1403,2.0413,2.8377,2.1403,472.87,471.98,0.1464
EP151990,EP091998,LOWELL,1990,HOWARD,1998,pacific,36,40,4377.3,4244.9,2.2636,2.7162,2.0759,2.1645,2.7162,2.1645,473.02,472.34,0.1114
EP051952,EP042014,UNNAMED,1952,DOUGLAS,2014,pacific,29,42,2268.3,2709.5,2.7852,2.861,2.0579,2.0793,2.861,2.0793,473.19,471.06,0.2086
EP031966,EP041994,CONNIE,1966,DANIEL,1994,pacific,39,26,3671.0,3612.9,2.2551,2.3289,2.0341,2.0289,2.3289,2.0341,473.24,470.85,0.131
EP031965,EP122006,AVA,1965,KRISTY,2006,pacific,25,42,2338.0,2481.1,2.305,4.4111,2.0339,4.0778,4.4111,4.0778,473.32,471.39,0.2024
EP031991,EP011973,CARLOS,1991,AVA,1973,pacific,45,43,4480.9,4230.9,2.2153,2.6463,2.0679,2.2613,2.6463,2.2613,473.36,469.44,0.1119
EP081991,EP041978,GUILLERMO,1991,DANIEL,1978,pacific,28,29,3900.0,4135.6,2.2427,2.4797,2.0199,2.0329,2.4797,2.0329,473.6,469.9,0.1214
EP211990,EP202009,RACHEL,1990,RICK,2009,pacific,26,27,3194.3,2786.8,2.8494,3.1735,2.4273,2.702,3.1735,2.702,473.61,472.05,0.1699
AL041921,AL102001,UNNAMED,1921,HUMBERTO,2001,atlantic,28,26,3223.8,3413.1,2.7194,2.8863,2.2829,2.2211,2.8863,2.2829,473.88,471.52,0.147
AL021937,AL011940,UNNAMED,1937,UNNAMED,1940,atlantic,28,32,3112.9,2955.3,2.8167,3.3777,2.14,2.4384,3.3777,2.4384,473.89,474.51,0.1604
AL041909,AL051886,UNNAMED,1909,UNNAMED,1886,atlantic,38,40,4673.8,5387.3,2.8205,2.861,2.0663,2.1276,2.861,2.1276,473.92,478.51,0.1014
EP131994,EP081999,KRISTY,1994,EUGENE,1999,pacific,30,39,4376.1,4659.6,2.0672,2.2293,2.0178,2.0466,2.2293,2.0466,473.95,469.74,0.1083
EP141978,EP131983,NORMAN,1978,MANUEL,1983,pacific,30,34,3921.7,3296.2,2.7288,2.7713,2.2713,2.1528,2.7713,2.2713,474.26,471.62,0.1439
AL071931,AL021960,UNNAMED,1931,ABBY,1960,atlantic,33,34,4839.5,4774.5,2.2311,2.6518,2.023,2.0502,2.6518,2.0502,474.36,470.13,0.0994
EP032011,EP042002,CALVIN,2011,CRISTINA,2002,pacific,29,30,2472.4,2784.4,2.7811,2.9566,2.2133,2.2326,2.9566,2.2326,474.46,474.16,0.1919
EP031975,EP091982,CARLOTTA,1975,IVA,1982,pacific,35,30,3223.3,2868.6,2.2725,2.2791,2.0371,2.0641,2.2791,2.0641,474.51,471.77,0.1654
EP121983,EP081978,LORENA,1983,HECTOR,1978,pacific,34,32,2949.9,3427.7,2.3156,2.6082,2.0636,2.0779,2.6082,2.0779,474.61,471.88,0.1609
AL041865,AL101974,UNNAMED,1865,CARMEN,1974,atlantic,37,49,5093.3,5514.8,2.7947,2.944,2.1844,2.4453,2.944,2.4453,474.66,470.72,0.0932
EP072011,EP231990,GREG,2011,TRUDY,1990,pacific,26,67,3069.5,3867.9,2.2809,6.0575,2.0218,5.801,6.0575,5.801,474.66,474.78,0.1546
EP042006,EP021969,CARLOTTA,2006,BERNICE,1969,pacific,33,33,3342.9,3454.0,2.2134,2.6418,2.0248,2.1403,2.6418,2.1403,474.78,475.07,0.142
EP021985,EP181984,BLANCA,1985,RACHEL,1984,pacific,41,36,3470.3,2561.1,2.184,2.2594,2.0533,2.0621,2.2594,2.0621,474.8,472.34,0.1854
EP072012,EP012015,GILMA,2012,ANDRES,2015,pacific,33,40,2276.0,2669.1,3.3391,4.4998,2.6973,3.8035,4.4998,3.8035,475.0,473.28,0.2087
EP152001,EP151991,MANUEL,2001,MARTY,1991,pacific,31,45,2919.0,3787.0,2.9444,3.5044,2.393,2.9298,3.5044,2.9298,475.11,472.63,0.1628
EP031994,EP071971,CARLOTTA,1994,GEORGETTE,1971,pacific,29,29,3133.7,3063.9,2.601,2.8533,2.0157,2.0997,2.8533,2.0997,475.16,472.59,0.1551
EP091965,EP011980,GLENDA,1965,AGATHA,1980,pacific,37,28,2841.5,3081.2,2.8505,3.1158,2.0503,2.3249,3.1158,2.3249,475.27,472.85,0.1673
AL021911,AL032001,UNNAMED,1911,BARRY,2001,atlantic,26,25,1731.8,1783.4,3.041,4.4872,2.3106,3.9867,4.4872,3.9867,475.28,475.65,0.2744
EP141997,EP091995,LINDA,1997,HENRIETTE,1995,pacific,34,29,2843.1,2968.8,2.7992,3.0336,2.0408,2.1887,3.0336,2.1887,475.29,475.14,0.1672
EP151990,EP181985,LOWELL,1990,SANDRA,1985,pacific,36,46,4377.3,4778.5,2.2636,2.8266,2.0759,2.2004,2.8266,2.2004,475.43,474.49,0.1086
EP131985,EP042014,MARTY,1985,DOUGLAS,2014,pacific,29,42,2793.0,2709.5,2.6219,2.861,2.0863,2.0793,2.861,2.0863,475.5,474.31,0.1755
EP111983,EP081995,KIKO,1983,GIL,1995,pacific,36,28,2531.4,2562.3,2.8347,3.0351,2.0963,2.3445,3.0351,2.3445,475.89,474.0,0.188
EP141970,EP021949,NORMA,1970,UNNAMED,1949,pacific,25,25,1903.1,1932.2,2.7682,2.8231,2.253,2.1257,2.8231,2.253,476.04,474.77,0.2501
EP081980,EP181989,HOWARD,1980,OCTAVE,1989,pacific,30,33,2637.3,3136.5,2.8224,2.9085,2.0695,2.3092,2.9085,2.3092,476.05,479.85,0.1805
AL031927,AL091990,UNNAMED,1927,HORTENSE,1990,atlantic,28,26,3226.1,3403.0,2.7478,3.0295,2.1374,2.1844,3.0295,2.1844,476.11,473.37,0.1476
AL041941,AL062007,UNNAMED,1941,FELIX,2007,atlantic,29,28,4042.3,4171.3,2.6233,2.6764,2.07,2.0372,2.6764,2.07,476.19,472.47,0.1178
EP091984,EP072008,ISELLE,1984,FAUSTO,2008,pacific,36,33,3422.5,3796.9,2.8124,2.8177,2.0841,2.0514,2.8177,2.0841,476.25,473.24,0.1392
EP141987,EP081996,NORMA,1987,ELIDA,1996,pacific,25,29,1383.8,1737.1,2.7957,3.2483,2.2892,2.5362,3.2483,2.5362,476.48,475.45,0.3443
EP081967,EP081981,ILSA,1967,HILARY,1981,pacific,25,29,2807.9,2505.9,2.6302,2.736,2.1478,2.1001,2.736,2.1478,476.74,474.69,0.1902
EP151967,EP061982,PRISCILLA,1967,FABIO,1982,pacific,27,32,2883.9,3229.7,2.7901,2.8377,2.0918,2.0413,2.8377,2.0918,476.79,474.14,0.1653
EP031988,EP021969,CARLOTTA,1988,BERNICE,1969,pacific,28,33,2785.9,3454.0,2.411,2.6418,2.065,2.1403,2.6418,2.1403,476.83,474.3,0.1712
EP101975,EP091998,JEWEL,1975,HOWARD,1998,pacific,31,40,3215.6,4244.9,2.332,2.7162,2.0541,2.1645,2.7162,2.1645,477.01,473.94,0.1483
EP072001,EP082012,FLOSSIE,2001,HECTOR,2012,pacific,28,35,1754.5,1887.5,3.4463,4.5223,3.2472,3.8648,4.5223,3.8648,477.13,475.96,0.2719
EP172000,EP131974,OLIVIA,2000,MAGGIE,1974,pacific,32,27,1858.6,1971.7,2.7196,2.7761,2.0964,2.0592,2.7761,2.0964,477.26,475.93,0.2568
AL021867,AL082008,UNNAMED,1867,HANNA,2008,atlantic,28,49,5192.9,6741.9,2.9482,5.257,2.2367,4.6536,5.257,4.6536,477.27,476.64,0.0919
EP031968,EP042014,CELESTE,1968,DOUGLAS,2014,pacific,27,42,2831.4,2709.5,2.2915,2.861,2.0375,2.0793,2.861,2.0793,477.69,478.45,0.1763
EP152001,EP092011,MANUEL,2001,HILARY,2011,pacific,31,50,2919.0,3814.6,2.9444,3.078,2.393,2.4882,3.078,2.4882,477.71,475.24,0.1637
EP071990,EP092000,FAUSTO,1990,GILMA,2000,pacific,28,25,2874.0,2151.0,2.8029,2.8266,2.0342,2.0738,2.8266,2.0738,477.73,478.44,0.2221
EP091990,EP041966,HERNAN,1990,DOLORES,1966,pacific,47,38,3949.3,4065.1,2.7909,3.6252,2.1306,2.7822,3.6252,2.7822,477.85,482.87,0.121
EP041988,EP052009,DANIEL,1988,DOLORES,2009,pacific,30,25,2815.9,3400.5,2.7609,2.8333,2.255,2.1205,2.8333,2.255,477.86,475.31,0.1697
AL011928,AL021939,UNNAMED,1928,UNNAMED,1939,atlantic,46,49,4365.8,4610.9,3.3558,3.4349,2.5811,2.9726,3.4349,2.9726,477.94,481.3,0.1095
EP081965,EP141990,FLORENCE,1965,KENNA,1990,pacific,31,35,2685.9,3297.7,2.4369,4.3385,2.0298,4.0,4.3385,4.0,477.98,480.21,0.178
EP181984,EP162003,RACHEL,1984,PATRICIA,2003,pacific,36,25,2561.1,1817.2,2.2594,2.8272,2.0621,2.093,2.8272,2.093,478.02,476.34,0.2631
EP191985,EP111983,TERRY,1985,KIKO,1983,pacific,37,36,3239.6,2531.4,2.8053,2.8347,2.0796,2.0963,2.8347,2.0963,478.05,475.74,0.1888
EP101970,EP021954,JOYCE,1970,UNNAMED,1954,pacific,25,25,1771.5,2034.9,2.3989,2.5259,2.0277,2.0822,2.5259,2.0822,478.12,476.79,0.2699
EP071995,EP142014,FLOSSIE,1995,NORBERT,2014,pacific,27,35,1994.8,2287.0,2.8638,4.6331,2.0764,4.3671,4.6331,4.3671,478.28,478.2,0.2398
AL051958,AL041909,ELLA,1958,UNNAMED,1909,atlantic,35,38,4739.1,4673.8,2.7804,2.8205,2.0502,2.0663,2.8205,2.0663,478.36,477.26,0.1023
EP021949,EP182014,UNNAMED,1949,RACHEL,2014,pacific,25,36,1932.2,2266.9,2.8231,5.7717,2.1257,5.3855,5.7717,5.3855,478.39,476.92,0.2476
EP051973,EP101990,EMILY,1973,ISELLE,1990,pacific,27,38,3038.9,3312.3,2.8746,3.3338,2.0982,2.8177,3.3338,2.8177,478.67,477.79,0.1575
EP151982,EP071972,OLIVIA,1982,GWEN,1972,pacific,29,37,3481.5,3423.8,2.7446,2.8603,2.2484,2.1205,2.8603,2.2484,478.78,480.67,0.1398
AL141975,AL071964,FAYE,1975,ETHEL,1964,atlantic,46,49,7385.6,7486.9,3.3175,3.4559,2.6672,2.7972,3.4559,2.7972,478.81,478.32,0.0648
EP081981,EP141991,HILARY,1981,LINDA,1991,pacific,29,42,2505.9,2907.1,2.736,2.8388,2.1001,2.3671,2.8388,2.3671,478.84,476.97,0.1911
EP041981,EP051990,DORA,1981,ELIDA,1990,pacific,25,26,2550.6,3108.3,2.2209,2.5768,2.0216,2.0222,2.5768,2.0222,478.95,476.53,0.1878
EP051990,EP081967,ELIDA,1990,ILSA,1967,pacific,26,25,3108.3,2807.9,2.5768,2.6302,2.0222,2.1478,2.6302,2.1478,479.04,476.53,0.1706
EP032005,EP151991,CALVIN,2005,MARTY,1991,pacific,30,45,3104.8,3787.0,2.7478,3.5044,2.3291,2.9298,3.5044,2.9298,479.08,479.33,0.1543
EP171984,EP202009,POLO,1984,RICK,2009,pacific,31,27,2879.2,2786.8,2.9165,3.1735,2.5596,2.702,3.1735,2.702,479.11,477.46,0.1719
EP031986,EP101989,CELIA,1986,GIL,1989,pacific,25,27,2592.1,2425.7,2.7874,2.8082,2.0621,2.0463,2.8082,2.0621,479.13,476.82,0.1975
EP081978,EP071990,HECTOR,1978,FAUSTO,1990,pacific,32,28,3427.7,2874.0,2.6082,2.8029,2.0779,2.0342,2.8029,2.0779,479.25,476.64,0.1668
EP031995,EP082008,BARBARA,1995,GENEVIEVE,2008,pacific,42,40,4513.7,4342.9,2.2179,2.2337,2.014,2.0577,2.2337,2.0577,479.39,475.22,0.1104
EP051972,EP101968,ESTELLE,1972,JOANNE,1968,pacific,31,29,3165.3,3420.8,2.9182,3.1184,2.11,2.2374,3.1184,2.2374,479.46,476.62,0.1515
EP071978,EP151967,GILMA,1978,PRISCILLA,1967,pacific,29,27,3515.2,2883.9,2.737,2.7901,2.2197,2.0918,2.7901,2.2197,479.56,477.3,0.1663
EP032013,EP091990,COSME,2013,HERNAN,1990,pacific,30,47,4003.0,3949.3,2.7199,2.7909,2.0488,2.1306,2.7909,2.1306,479.66,478.62,0.1215
EP071987,EP231990,GREG,1987,TRUDY,1990,pacific,28,67,2828.1,3867.9,2.6188,6.0575,2.1336,5.801,6.0575,5.801,479.71,478.68,0.1696
EP061987,EP102015,FERNANDA,1987,HILDA,2015,pacific,30,36,3237.2,3401.7,2.1126,3.3556,2.023,2.6093,3.3556,2.6093,479.8,479.68,0.1482
EP072011,EP051973,GREG,2011,EMILY,1973,pacific,26,27,3069.5,3038.9,2.2809,2.8746,2.0218,2.0982,2.8746,2.0982,479.95,477.24,0.1579
EP102000,EP032010,HECTOR,2000,BLAS,2010,pacific,25,32,2342.3,2421.7,2.6403,6.4983,2.1366,5.883,6.4983,5.883,480.06,478.09,0.205
AL111898,AL041941,UNNAMED,1898,UNNAMED,1941,atlantic,35,29,3478.2,4042.3,2.0976,2.6233,2.0065,2.07,2.6233,2.07,480.08,476.99,0.138
EP121988,EP121989,LANE,1988,ISMAEL,1989,pacific,38,45,4613.8,4643.8,2.3311,2.6377,2.0376,2.0802,2.6377,2.0802,480.16,476.09,0.1041
EP081991,EP011973,GUILLERMO,1991,AVA,1973,pacific,28,43,3900.0,4230.9,2.2427,2.6463,2.0199,2.2613,2.6463,2.2613,480.17,481.25,0.1231
EP172012,EP011993,ROSA,2012,ADRIAN,1993,pacific,26,34,936.0,1192.1,2.8759,4.2383,2.5194,3.5219,4.2383,3.5219,480.23,480.12,0.5131
EP031966,EP051985,CONNIE,1966,ENRIQUE,1985,pacific,39,35,3671.0,3860.6,2.2551,2.3631,2.0341,2.0977,2.3631,2.0977,480.44,477.26,0.1309
AL091974,AL131981,BECKY,1974,EMILY,1981,atlantic,28,47,3847.8,4292.5,2.7348,5.3812,2.1478,5.2018,5.3812,5.2018,480.79,477.76,0.125
EP101985,EP071971,JIMENA,1985,GEORGETTE,1971,pacific,37,29,3442.1,3063.9,2.8299,2.8533,2.0681,2.0997,2.8533,2.0997,480.94,483.18,0.157
AL101964,AL011994,HILDA,1964,ALBERTO,1994,atlantic,30,32,2752.7,2008.9,3.3633,5.0954,2.8375,4.3903,5.0954,4.3903,481.02,480.01,0.2394
EP161970,EP031998,PATRICIA,1970,BLAS,1998,pacific,31,36,3843.2,4293.6,2.5225,2.6671,2.0684,2.0317,2.6671,2.0684,481.03,477.57,0.1252
EP081990,EP091984,GENEVIEVE,1990,ISELLE,1984,pacific,35,36,3670.2,3422.5,2.6803,2.8124,2.0591,2.0841,2.8124,2.0841,481.19,478.13,0.1406
EP142007,EP082012,JULIETTE,2007,HECTOR,2012,pacific,25,35,1848.4,1887.5,4.2564,4.5223,3.7835,3.8648,4.5223,3.8648,481.48,480.65,0.2605
EP072008,EP101990,FAUSTO,2008,ISELLE,1990,pacific,33,38,3796.9,3312.3,2.8177,3.3338,2.0514,2.8177,3.3338,2.8177,481.54,478.48,0.1454
EP032006,EP111978,BUD,2006,KRISTY,1978,pacific,27,38,3850.8,4575.6,2.329,2.9432,2.0073,2.1868,2.9432,2.1868,482.07,478.34,0.1252
EP081998,EP101968,GEORGETTE,1998,JOANNE,1968,pacific,26,29,2484.7,3420.8,2.7905,3.1184,2.0273,2.2374,3.1184,2.2374,482.11,479.75,0.194
EP041972,EP112005,DIANA,1972,KENNETH,2005,pacific,37,65,4547.1,4435.6,2.8374,3.1632,2.12,2.836,3.1632,2.836,482.22,481.41,0.1087
EP061984,EP072007,FAUSTO,1984,DALILA,2007,pacific,27,34,1852.1,2513.5,2.8643,2.8999,2.1482,2.3392,2.8999,2.3392,482.23,480.99,0.2604
EP131985,EP081967,MARTY,1985,ILSA,1967,pacific,29,25,2793.0,2807.9,2.6219,2.6302,2.0863,2.1478,2.6302,2.1478,482.25,480.09,0.1727
EP081988,EP111968,HECTOR,1988,KATHLEEN,1968,pacific,41,41,5063.3,4830.7,2.3108,2.5014,2.0445,2.0933,2.5014,2.0933,482.42,482.13,0.0999
AL031897,AL061971,UNNAMED,1897,BETH,1971,atlantic,25,29,4070.7,3308.3,2.8259,2.9265,2.0383,2.1292,2.9265,2.1292,482.44,486.19,0.1458
EP092000,EP171994,GILMA,2000,OLIVIA,1994,pacific,25,31,2151.0,2470.6,2.8266,4.5709,2.0738,4.095,4.5709,4.095,482.59,480.87,0.2244
EP101975,EP131986,JEWEL,1975,MADELINE,1986,pacific,31,28,3215.6,3514.4,2.332,3.1286,2.0541,2.6228,3.1286,2.6228,482.64,482.55,0.1501
EP072011,EP031968,GREG,2011,CELESTE,1968,pacific,26,27,3069.5,2831.4,2.2809,2.2915,2.0218,2.0375,2.2915,2.0375,482.66,479.95,0.1705
EP041965,EP071978,BERNICE,1965,GILMA,1978,pacific,31,29,3270.7,3515.2,2.6861,2.737,2.071,2.2197,2.737,2.2197,482.73,480.63,0.1476
EP121968,EP071971,LIZA,1968,GEORGETTE,1971,pacific,37,29,3210.0,3063.9,2.8112,2.8533,2.2138,2.0997,2.8533,2.2138,482.8,480.01,0.1576
EP101975,EP071973,JEWEL,1975,GLENDA,1973,pacific,31,25,3215.6,2916.4,2.332,2.6344,2.0541,2.1244,2.6344,2.1244,482.84,480.25,0.1656
EP092010,EP171984,FRANK,2010,POLO,1984,pacific,30,31,2425.7,2879.2,2.9161,2.9165,2.4849,2.5596,2.9165,2.5596,483.19,481.34,0.1992
EP031994,EP111975,CARLOTTA,1994,KATRINA,1975,pacific,29,37,3133.7,3428.8,2.601,2.8206,2.0157,2.1006,2.8206,2.1006,483.59,480.57,0.1543
AL041884,AL181933,UNNAMED,1884,UNNAMED,1933,atlantic,42,55,2825.2,3636.2,2.9933,3.3458,2.4137,2.6448,3.3458,2.6448,483.69,481.35,0.1712
EP021949,EP031957,UNNAMED,1949,UNNAMED,1957,pacific,25,27,1932.2,2269.0,2.8231,2.9228,2.1257,2.1816,2.9228,2.1816,483.8,482.15,0.2504
EP081980,EP021949,HOWARD,1980,UNNAMED,1949,pacific,30,25,2637.3,1932.2,2.8224,2.8231,2.0695,2.1257,2.8231,2.1257,484.14,482.5,0.2506
EP181989,EP152015,OCTAVE,1989,LINDA,2015,pacific,33,40,3136.5,2904.4,2.9085,4.1596,2.3092,4.0,4.1596,4.0,484.41,481.9,0.1668
EP081954,EP071954,UNNAMED,1954,UNNAMED,1954,pacific,27,25,2334.9,2035.8,2.7349,2.8408,2.1917,2.3824,2.8408,2.3824,484.72,482.98,0.2381
EP151968,EP091982,ORLA,1968,IVA,1982,pacific,35,30,3312.7,2868.6,2.151,2.2791,2.0395,2.0641,2.2791,2.0641,484.73,483.36,0.169
EP071995,EP092013,FLOSSIE,1995,IVO,2013,pacific,27,31,1994.8,2188.1,2.8638,4.3133,2.0764,3.5845,4.3133,3.5845,484.8,484.85,0.243
EP132011,EP011973,KENNETH,2011,AVA,1973,pacific,31,43,3644.0,4230.9,2.2055,2.6463,2.0474,2.2613,2.6463,2.2613,484.95,481.68,0.1331
EP062006,EP152015,EMILIA,2006,LINDA,2015,pacific,41,40,3547.6,2904.4,3.0499,4.1596,2.4644,4.0,4.1596,4.0,484.99,485.84,0.167
EP101980,EP092000,JAVIER,1980,GILMA,2000,pacific,26,25,2812.3,2151.0,2.6574,2.8266,2.0604,2.0738,2.8266,2.0738,485.27,483.23,0.2256
AL051876,AL071891,UNNAMED,1876,UNNAMED,1891,atlantic,49,25,3885.2,3447.3,2.6824,2.7368,2.1333,2.1716,2.7368,2.1716,485.67,483.01,0.1409
EP071978,EP102002,GILMA,1978,HERNAN,2002,pacific,29,31,3515.2,2759.0,2.737,2.7955,2.2197,2.1277,2.7955,2.2197,485.83,483.34,0.1761
EP031984,EP081995,CRISTINA,1984,GIL,1995,pacific,36,28,2384.8,2562.3,3.018,3.0351,2.2487,2.3445,3.0351,2.3445,485.94,483.9,0.2038
AL061947,AL051852,UNNAMED,1947,UNNAMED,1852,atlantic,27,25,3244.4,4580.0,2.7091,3.0499,2.2497,2.428,3.0499,2.428,486.07,483.98,0.1498
EP031968,EP071987,CELESTE,1968,GREG,1987,pacific,27,28,2831.4,2828.1,2.2915,2.6188,2.0375,2.1336,2.6188,2.1336,486.15,483.54,0.1719
EP051973,EP231990,EMILY,1973,TRUDY,1990,pacific,27,67,3038.9,3867.9,2.8746,6.0575,2.0982,5.801,6.0575,5.801,486.22,486.48,0.16
EP081990,EP051973,GENEVIEVE,1990,EMILY,1973,pacific,35,27,3670.2,3038.9,2.6803,2.8746,2.0591,2.0982,2.8746,2.0982,486.26,483.51,0.16
EP072013,EP261992,GIL,2013,YOLANDA,1992,pacific,32,28,3328.6,4092.0,2.1258,2.9173,2.0595,2.5061,2.9173,2.5061,486.47,483.28,0.1461
EP062008,EP081988,ELIDA,2008,HECTOR,1988,pacific,41,41,5583.9,5063.3,2.1055,2.3108,2.0212,2.0445,2.3108,2.0445,486.47,481.64,0.0961
EP111983,EP071995,KIKO,1983,FLOSSIE,1995,pacific,36,27,2531.4,1994.8,2.8347,2.8638,2.0963,2.0764,2.8638,2.0963,486.52,484.68,0.2439
EP141978,EP081972,NORMAN,1978,HYACINTH,1972,pacific,30,41,3921.7,5342.3,2.7288,2.7673,2.2713,2.5907,2.7673,2.5907,486.62,485.64,0.1241
EP061968,EP061981,FERNANDA,1968,FERNANDA,1981,pacific,41,27,4586.5,4031.5,2.8185,2.8343,2.3866,2.0435,2.8343,2.3866,486.8,483.11,0.1207
EP051951,EP091998,UNNAMED,1951,HOWARD,1998,pacific,29,40,3882.8,4244.9,2.3032,2.7162,2.0438,2.1645,2.7162,2.1645,486.82,483.11,0.1254
EP152008,EP202009,NORBERT,2008,RICK,2009,pacific,38,27,3055.0,2786.8,2.9089,3.1735,2.3288,2.702,3.1735,2.702,486.85,485.23,0.1747
EP071992,EP061968,FRANK,1992,FERNANDA,1968,pacific,42,41,4585.7,4586.5,2.7802,2.8185,2.2598,2.3866,2.8185,2.3866,486.94,482.88,0.1062
EP151989,EP111975,LORENA,1989,KATRINA,1975,pacific,40,37,3059.6,3428.8,2.6521,2.8206,2.0831,2.1006,2.8206,2.1006,486.98,484.22,0.1592
EP081978,EP061982,HECTOR,1978,FABIO,1982,pacific,32,32,3427.7,3229.7,2.6082,2.8377,2.0779,2.0413,2.8377,2.0779,487.42,484.67,0.1509
AL031879,AL051898,UNNAMED,1879,UNNAMED,1898,atlantic,25,43,3285.7,4101.3,2.736,2.8369,2.1627,2.187,2.8369,2.187,487.58,485.24,0.1484
EP041981,EP141991,DORA,1981,LINDA,1991,pacific,25,42,2550.6,2907.1,2.2209,2.8388,2.0216,2.3671,2.8388,2.3671,487.72,485.72,0.1912
EP171985,EP161985,RICK,1985,PAULINE,1985,pacific,45,53,5065.2,5762.1,2.8364,2.8964,2.1969,2.3853,2.8964,2.3853,487.79,486.06,0.0963
EP041981,EP031968,DORA,1981,CELESTE,1968,pacific,25,27,2550.6,2831.4,2.2209,2.2915,2.0216,2.0375,2.2915,2.0375,487.8,485.48,0.1912
AL031931,AL061931,UNNAMED,1931,UNNAMED,1931,atlantic,34,28,4088.4,4219.4,2.58,2.7662,2.0297,2.0226,2.7662,2.0297,487.82,484.19,0.1193
EP161990,EP061988,MARIE,1990,FABIO,1988,pacific,55,49,4374.9,4813.3,2.6101,2.7686,2.1778,2.0729,2.7686,2.1778,487.84,488.09,0.1115
EP031968,EP081967,CELESTE,1968,ILSA,1967,pacific,27,25,2831.4,2807.9,2.2915,2.6302,2.0375,2.1478,2.6302,2.1478,487.87,485.48,0.1737
AL021879,AL091945,UNNAMED,1879,UNNAMED,1945,atlantic,32,39,6010.8,6848.9,3.0799,3.1169,2.3144,2.4862,3.1169,2.4862,487.99,484.81,0.0812
EP101985,EP101968,JIMENA,1985,JOANNE,1968,pacific,37,29,3442.1,3420.8,2.8299,3.1184,2.0681,2.2374,3.1184,2.2374,488.02,485.34,0.1427
EP121993,EP061968,KENNETH,1993,FERNANDA,1968,pacific,50,41,3830.2,4586.5,2.7141,2.8185,2.1322,2.3866,2.8185,2.3866,488.03,484.6,0.1274
EP031968,EP101975,CELESTE,1968,JEWEL,1975,pacific,27,31,2831.4,3215.6,2.2915,2.332,2.0375,2.0541,2.332,2.0541,488.07,485.43,0.1724
EP101989,EP072007,GIL,1989,DALILA,2007,pacific,27,34,2425.7,2513.5,2.8082,2.8999,2.0463,2.3392,2.8999,2.3392,488.16,486.12,0.2012
EP072011,EP031984,GREG,2011,CRISTINA,1984,pacific,26,36,3069.5,2384.8,2.2809,3.018,2.0218,2.2487,3.018,2.2487,488.16,486.06,0.2047
EP101983,EP031990,JULIETTE,1983,CRISTINA,1990,pacific,31,32,2490.7,1859.8,3.016,3.0752,2.2648,2.4099,3.0752,2.4099,488.38,486.88,0.2626
EP121991,EP191982,JIMENA,1991,TARA,1982,pacific,46,27,3878.5,3357.3,2.8339,2.8328,2.121,2.1091,2.8339,2.121,488.6,490.51,0.1455
EP051951,EP041992,UNNAMED,1951,CELIA,1992,pacific,29,50,3882.8,4767.8,2.3032,2.7584,2.0438,2.1205,2.7584,2.1205,488.98,485.24,0.1259
EP011970,EP191984,ADELE,1970,SIMON,1984,pacific,31,33,3614.8,3895.8,2.3398,2.8192,2.0493,2.1999,2.8192,2.1999,489.23,496.51,0.1353
EP031965,EP191990,AVA,1965,ODILE,1990,pacific,25,35,2338.0,3292.0,2.305,4.0465,2.0339,3.3713,4.0465,3.3713,489.27,488.82,0.2093
EP162003,EP012012,PATRICIA,2003,ALETTA,2012,pacific,25,26,1817.2,1676.4,2.8272,3.5145,2.093,3.2373,3.5145,3.2373,489.32,488.23,0.2919
EP051992,EP051960,DARBY,1992,ESTELLE,1960,pacific,31,47,4044.1,4196.9,2.6655,3.0974,2.1576,2.4853,3.0974,2.4853,489.36,485.8,0.121
EP062005,EP141990,FERNANDA,2005,KENNA,1990,pacific,33,35,3080.7,3297.7,2.6255,4.3385,2.0943,4.0,4.3385,4.0,489.56,486.94,0.1589
AL021895,AL041857,UNNAMED,1895,UNNAMED,1857,atlantic,36,29,4597.7,5001.2,2.738,2.7993,2.0165,2.0296,2.7993,2.0296,489.92,485.74,0.1066
EP132004,EP091959,JAVIER,2004,UNNAMED,1959,pacific,39,31,3473.6,3358.2,2.8645,2.9587,2.2071,2.1888,2.9587,2.2071,489.99,487.27,0.1459
EP032014,EP241990,CRISTINA,2014,VANCE,1990,pacific,41,41,2223.0,2560.8,5.2152,5.5842,4.3298,4.6126,5.5842,4.6126,490.25,488.94,0.2205
AL051934,AL091949,UNNAMED,1934,UNNAMED,1949,atlantic,27,27,1675.2,1440.6,3.2914,3.4033,2.7055,2.8702,3.4033,2.8702,490.34,489.52,0.3404
EP081978,EP101980,HECTOR,1978,JAVIER,1980,pacific,32,26,3427.7,2812.3,2.6082,2.6574,2.0779,2.0604,2.6574,2.0779,490.38,487.79,0.1744
EP102002,EP081995,HERNAN,2002,GIL,1995,pacific,31,28,2759.0,2562.3,2.7955,3.0351,2.1277,2.3445,3.0351,2.3445,490.57,488.26,0.1915
AL051876,AL061882,UNNAMED,1876,UNNAMED,1882,atlantic,49,45,3885.2,3762.9,2.6824,2.7515,2.1333,2.0935,2.7515,2.1333,490.77,488.12,0.1304
EP091975,EP031998,ILSA,1975,BLAS,1998,pacific,35,36,3702.5,4293.6,2.4431,2.6671,2.0773,2.0317,2.6671,2.0773,490.81,487.46,0.1326
EP041981,EP151989,DORA,1981,LORENA,1989,pacific,25,40,2550.6,3059.6,2.2209,2.6521,2.0216,2.0831,2.6521,2.0831,490.89,492.14,0.1925
EP032005,EP151967,CALVIN,2005,PRISCILLA,1967,pacific,30,27,3104.8,2883.9,2.7478,2.7901,2.3291,2.0918,2.7901,2.3291,490.91,488.3,0.1702
EP091985,EP072004,IGNACIO,1985,ESTELLE,2004,pacific,25,27,2664.6,2582.6,2.2806,2.8012,2.0266,2.0969,2.8012,2.0969,490.94,488.57,0.1901
EP031986,EP071984,CELIA,1986,GENEVIEVE,1984,pacific,25,30,2592.1,2415.4,2.7874,2.953,2.0621,2.2128,2.953,2.2128,491.0,488.92,0.2033
EP011958,EP191983,UNNAMED,1958,TICO,1983,pacific,41,34,2326.6,2626.9,3.2245,3.5646,2.7701,3.0303,3.5646,3.0303,491.21,489.84,0.2111
EP021981,EP062012,BEATRIZ,1981,FABIO,2012,pacific,25,40,2604.3,3584.5,2.8132,3.0897,2.1105,2.484,3.0897,2.484,491.63,489.49,0.1888
EP071981,EP201992,GREG,1981,ROSLYN,1992,pacific,38,69,3966.7,4957.5,2.6712,5.415,2.0763,4.7556,5.415,4.7556,491.72,488.16,0.124
EP062008,EP052011,ELIDA,2008,EUGENE,2011,pacific,41,44,5583.9,4964.3,2.1055,2.3789,2.0212,2.0682,2.3789,2.0682,491.76,487.09,0.0991
EP031975,EP111975,CARLOTTA,1975,KATRINA,1975,pacific,35,37,3223.3,3428.8,2.2725,2.8206,2.0371,2.1006,2.8206,2.1006,492.12,491.06,0.1527
EP081998,EP061992,GEORGETTE,1998,ESTELLE,1992,pacific,26,34,2484.7,3046.5,2.7905,2.9778,2.0273,2.2551,2.9778,2.2551,492.25,491.99,0.1981
EP121968,EP131987,LIZA,1968,MAX,1987,pacific,37,29,3210.0,2973.4,2.8112,2.9343,2.2138,2.1027,2.9343,2.2138,492.26,489.57,0.1656
AL061971,AL111972,BETH,1971,CARRIE,1972,atlantic,29,29,3308.3,2848.5,2.9265,2.944,2.1292,2.433,2.944,2.433,492.31,489.95,0.1728
EP081967,EP081998,ILSA,1967,GEORGETTE,1998,pacific,25,26,2807.9,2484.7,2.6302,2.7905,2.1478,2.0273,2.7905,2.1478,492.44,490.67,0.1982
EP102006,EP121968,ILEANA,2006,LIZA,1968,pacific,32,37,2634.7,3210.0,2.4888,2.8112,2.0755,2.2138,2.8112,2.2138,492.88,490.4,0.1871
EP081990,EP191985,GENEVIEVE,1990,TERRY,1985,pacific,35,37,3670.2,3239.6,2.6803,2.8053,2.0591,2.0796,2.8053,2.0796,492.91,489.95,0.1522
AL111898,AL031931,UNNAMED,1898,UNNAMED,1931,atlantic,35,34,3478.2,4088.4,2.0976,2.58,2.0065,2.0297,2.58,2.0297,493.09,489.78,0.1418
EP042006,EP092012,CARLOTTA,2006,ILEANA,2012,pacific,33,47,3342.9,4321.6,2.2134,2.9081,2.0248,2.1872,2.9081,2.1872,493.31,490.19,0.1476
EP041981,EP091972,DORA,1981,IVA,1972,pacific,25,33,2550.6,2969.9,2.2209,2.7878,2.0216,2.1127,2.7878,2.1127,493.43,490.96,0.1935
EP191982,EP101983,TARA,1982,JULIETTE,1983,pacific,27,31,3357.3,2490.7,2.8328,3.016,2.1091,2.2648,3.016,2.2648,493.46,491.23,0.1981
EP031975,EP131986,CARLOTTA,1975,MADELINE,1986,pacific,35,28,3223.3,3514.4,2.2725,3.1286,2.0371,2.6228,3.1286,2.6228,493.66,498.58,0.1532
AL101916,AL251967,UNNAMED,1916,HEIDI,1967,atlantic,35,54,4252.3,5852.2,3.3577,4.4107,2.6543,4.0705,4.4107,4.0705,493.74,492.33,0.1161
AL061947,AL071891,UNNAMED,1947,UNNAMED,1891,atlantic,27,25,3244.4,3447.3,2.7091,2.7368,2.2497,2.1716,2.7368,2.2497,493.82,491.58,0.1522
EP032013,EP041985,COSME,2013,DOLORES,1985,pacific,30,39,4003.0,4364.3,2.7199,2.7869,2.0488,2.1089,2.7869,2.1089,493.91,494.23,0.1234
EP071973,EP041965,GLENDA,1973,BERNICE,1965,pacific,25,31,2916.4,3270.7,2.6344,2.6861,2.1244,2.071,2.6861,2.1244,493.93,491.31,0.1694
EP081958,EP071954,UNNAMED,1958,UNNAMED,1954,pacific,27,25,1751.1,2035.8,2.153,2.8408,2.0223,2.3824,2.8408,2.3824,493.96,492.31,0.2821
EP071987,EP101980,GREG,1987,JAVIER,1980,pacific,28,26,2828.1,2812.3,2.6188,2.6574,2.1336,2.0604,2.6574,2.1336,494.0,491.41,0.1757
EP021969,EP091972,BERNICE,1969,IVA,1972,pacific,33,33,3454.0,2969.9,2.6418,2.7878,2.1403,2.1127,2.7878,2.1403,494.04,493.96,0.1663
EP071987,EP071978,GREG,1987,GILMA,1978,pacific,28,29,2828.1,3515.2,2.6188,2.737,2.1336,2.2197,2.737,2.2197,494.1,495.79,0.1747
EP131987,EP152001,MAX,1987,MANUEL,2001,pacific,29,31,2973.4,2919.0,2.9343,2.9444,2.1027,2.393,2.9444,2.393,494.16,495.54,0.1693
EP042011,EP112001,DORA,2011,JULIETTE,2001,pacific,33,48,3489.8,3777.4,2.726,2.8275,2.0708,2.3133,2.8275,2.3133,494.22,492.52,0.1416
AL031897,AL061899,UNNAMED,1897,UNNAMED,1899,atlantic,25,26,4070.7,5447.7,2.8259,3.2922,2.0383,2.4995,3.2922,2.4995,494.22,490.34,0.1214
EP021981,EP021949,BEATRIZ,1981,UNNAMED,1949,pacific,25,25,2604.3,1932.2,2.8132,2.8231,2.1105,2.1257,2.8231,2.1257,494.54,492.9,0.2559
EP101975,EP091975,JEWEL,1975,ILSA,1975,pacific,31,35,3215.6,3702.5,2.332,2.4431,2.0541,2.0773,2.4431,2.0773,494.55,491.49,0.1538
EP101980,EP212015,JAVIER,1980,RICK,2015,pacific,26,33,2812.3,2656.5,2.6574,3.0267,2.0604,2.7244,3.0267,2.7244,494.65,492.59,0.1862
EP151967,EP051973,PRISCILLA,1967,EMILY,1973,pacific,27,27,2883.9,3038.9,2.7901,2.8746,2.0918,2.0982,2.8746,2.0982,494.87,492.26,0.1716
EP021954,EP081954,UNNAMED,1954,UNNAMED,1954,pacific,25,27,2034.9,2334.9,2.5259,2.7349,2.0822,2.1917,2.7349,2.1917,495.28,493.79,0.2434
EP032000,EP011969,CARLOTTA,2000,AVA,1969,pacific,27,28,2846.7,2899.2,2.6326,3.0108,2.0333,2.3607,3.0108,2.3607,495.28,492.84,0.174
EP102006,EP101980,ILEANA,2006,JAVIER,1980,pacific,32,26,2634.7,2812.3,2.4888,2.6574,2.0755,2.0604,2.6574,2.0755,495.29,492.78,0.188
EP151967,EP091971,PRISCILLA,1967,ILSA,1971,pacific,27,35,2883.9,3497.7,2.7901,2.876,2.0918,2.1304,2.876,2.1304,495.29,500.57,0.1717
AL201971,AL151979,UNNAMED,1971,HENRI,1979,atlantic,33,39,2229.4,2554.9,3.4481,5.7076,3.0312,5.3905,5.7076,5.3905,495.43,494.71,0.2222
EP051988,EP031990,EMILIA,1988,CRISTINA,1990,pacific,25,32,2012.1,1859.8,2.7627,3.0752,2.1367,2.4099,3.0752,2.4099,495.51,494.27,0.2664
EP031968,EP101985,CELESTE,1968,JIMENA,1985,pacific,27,37,2831.4,3442.1,2.2915,2.8299,2.0375,2.0681,2.8299,2.0681,495.57,495.99,0.175
EP151989,EP051995,LORENA,1989,DALILA,1995,pacific,40,36,3059.6,2395.2,2.6521,2.7656,2.0831,2.2575,2.7656,2.2575,495.61,494.64,0.2069
AL122005,AL051995,KATRINA,2005,ERIN,1995,atlantic,34,30,3455.7,3304.1,3.2892,4.6484,2.4413,3.8769,4.6484,3.8769,495.65,495.38,0.15
EP172000,EP061970,OLIVIA,2000,GRETCHEN,1970,pacific,32,29,1858.6,1593.8,2.7196,2.8371,2.0964,2.2234,2.8371,2.2234,495.92,494.48,0.3112
EP081996,EP032014,ELIDA,1996,CRISTINA,2014,pacific,29,41,1737.1,2223.0,3.2483,5.2152,2.5362,4.3298,5.2152,4.3298,495.93,495.46,0.2855
AL051923,AL051962,UNNAMED,1923,ELLA,1962,atlantic,41,36,5959.1,5501.1,3.0114,3.1867,2.341,2.6051,3.1867,2.6051,496.21,491.65,0.0902
EP081965,EP162009,FLORENCE,1965,MARTY,2009,pacific,31,30,2685.9,2360.6,2.4369,2.8212,2.0298,2.051,2.8212,2.051,496.37,494.67,0.2103
AL061971,AL031908,BETH,1971,UNNAMED,1908,atlantic,29,43,3308.3,4302.1,2.9265,6.4259,2.1292,5.4654,6.4259,5.4654,496.38,493.47,0.15
EP032005,EP111983,CALVIN,2005,KIKO,1983,pacific,30,36,3104.8,2531.4,2.7478,2.8347,2.3291,2.0963,2.8347,2.3291,496.4,494.19,0.1961
EP102006,EP081995,ILEANA,2006,GIL,1995,pacific,32,28,2634.7,2562.3,2.4888,3.0351,2.0755,2.3445,3.0351,2.3445,496.44,494.32,0.1937
AL081979,AL031943,UNNAMED,1979,UNNAMED,1943,atlantic,25,34,5430.5,5677.5,2.8962,2.9264,2.2041,2.1688,2.9264,2.2041,496.53,503.64,0.0914
EP121982,EP051979,LANE,1982,ENRIQUE,1979,pacific,26,29,3382.9,2719.3,2.4314,2.8486,2.0316,2.0898,2.8486,2.0898,496.57,494.08,0.1826
EP061982,EP212015,FABIO,1982,RICK,2015,pacific,32,33,3229.7,2656.5,2.8377,3.0267,2.0413,2.7244,3.0267,2.7244,496.64,494.48,0.187
EP031968,EP092000,CELESTE,1968,GILMA,2000,pacific,27,25,2831.4,2151.0,2.2915,2.8266,2.0375,2.0738,2.8266,2.0738,496.74,494.69,0.2309
EP101989,EP182014,GIL,1989,RACHEL,2014,pacific,27,36,2425.7,2266.9,2.8082,5.7717,2.0463,5.3855,5.7717,5.3855,496.84,497.63,0.2192
EP092000,EP061970,GILMA,2000,GRETCHEN,1970,pacific,25,29,2151.0,1593.8,2.8266,2.8371,2.0738,2.2234,2.8371,2.2234,496.85,495.53,0.3117
EP092000,EP101983,GILMA,2000,JULIETTE,1983,pacific,25,31,2151.0,2490.7,2.8266,3.016,2.0738,2.2648,3.016,2.2648,496.95,495.76,0.231
AL021895,AL061931,UNNAMED,1895,UNNAMED,1931,atlantic,36,28,4597.7,4219.4,2.738,2.7662,2.0165,2.0226,2.7662,2.0226,496.98,493.09,0.1178
EP012001,EP042013,ADOLPH,2001,DALILA,2013,pacific,29,40,1716.0,2195.3,4.4047,4.8817,3.95,4.3965,4.8817,4.3965,497.01,496.39,0.2896
EP041953,EP041991,UNNAMED,1953,DELORES,1991,pacific,25,26,1778.2,1707.7,2.8063,3.0593,2.0843,2.6756,3.0593,2.6756,497.07,495.84,0.2911
AL111950,AL051950,KING,1950,EASY,1950,atlantic,31,38,2550.7,2646.5,2.7572,4.8203,2.3058,3.7935,4.8203,3.7935,497.08,497.42,0.1949
EP131990,EP091998,JULIO,1990,HOWARD,1998,pacific,32,40,4291.8,4244.9,2.1848,2.7162,2.0464,2.1645,2.7162,2.1645,497.13,493.21,0.1171
EP041981,EP101983,DORA,1981,JULIETTE,1983,pacific,25,31,2550.6,2490.7,2.2209,3.016,2.0216,2.2648,3.016,2.2648,497.43,495.41,0.1997
EP051995,EP061992,DALILA,1995,ESTELLE,1992,pacific,36,34,2395.2,3046.5,2.7656,2.9778,2.2575,2.2551,2.9778,2.2575,497.43,498.73,0.2077
EP021991,EP011970,BLANCA,1991,ADELE,1970,pacific,30,31,3089.1,3614.8,2.1791,2.3398,2.0425,2.0493,2.3398,2.0493,497.47,494.55,0.161
AL031879,AL031905,UNNAMED,1879,UNNAMED,1905,atlantic,25,28,3285.7,2514.7,2.736,2.8685,2.1627,2.2468,2.8685,2.2468,497.48,495.61,0.1978
EP102002,EP072007,HERNAN,2002,DALILA,2007,pacific,31,34,2759.0,2513.5,2.7955,2.8999,2.1277,2.3392,2.8999,2.3392,497.56,496.59,0.198
EP081980,EP182014,HOWARD,1980,RACHEL,2014,pacific,30,36,2637.3,2266.9,2.8224,5.7717,2.0695,5.3855,5.7717,5.3855,497.65,495.9,0.2195
AL091932,AL111898,UNNAMED,1932,UNNAMED,1898,atlantic,31,35,3844.6,3478.2,2.0719,2.0976,2.0083,2.0065,2.0976,2.0083,497.66,494.29,0.1431
EP081999,EP101982,EUGENE,1999,JOHN,1982,pacific,39,35,4659.6,4162.5,2.2293,2.324,2.0466,2.0184,2.324,2.0466,497.72,493.8,0.1196
EP111983,EP071972,KIKO,1983,GWEN,1972,pacific,36,37,2531.4,3423.8,2.8347,2.8603,2.0963,2.1205,2.8603,2.1205,497.97,495.64,0.1967
EP041976,EP161974,DIANA,1976,PATRICIA,1974,pacific,30,43,4851.4,4820.8,2.2208,2.8964,2.0265,2.4476,2.8964,2.4476,497.98,493.66,0.1033
AL201971,AL011994,UNNAMED,1971,ALBERTO,1994,atlantic,33,32,2229.4,2008.9,3.4481,5.0954,3.0312,4.3903,5.0954,4.3903,497.99,497.1,0.2479
AL031904,AL221971,UNNAMED,1904,LAURA,1971,atlantic,28,39,1740.2,2451.4,2.6796,5.4142,2.0814,4.5027,5.4142,4.5027,498.03,497.59,0.2862
EP071978,EP072008,GILMA,1978,FAUSTO,2008,pacific,29,33,3515.2,3796.9,2.737,2.8177,2.2197,2.0514,2.8177,2.2197,498.14,494.96,0.1417
EP061968,EP171985,FERNANDA,1968,RICK,1985,pacific,41,45,4586.5,5065.2,2.8185,2.8364,2.3866,2.1969,2.8364,2.3866,498.15,497.26,0.1086
EP101975,EP151989,JEWEL,1975,LORENA,1989,pacific,31,40,3215.6,3059.6,2.332,2.6521,2.0541,2.0831,2.6521,2.0831,498.15,500.59,0.1628
EP032006,EP102004,BUD,2006,GEORGETTE,2004,pacific,27,33,3850.8,4364.6,2.329,2.4515,2.0073,2.0278,2.4515,2.0278,498.27,494.66,0.1294
EP041976,EP111968,DIANA,1976,KATHLEEN,1968,pacific,30,41,4851.4,4830.7,2.2208,2.5014,2.0265,2.0933,2.5014,2.0933,498.28,499.19,0.1031
EP131974,EP061970,MAGGIE,1974,GRETCHEN,1970,pacific,27,29,1971.7,1593.8,2.7761,2.8371,2.0592,2.2234,2.8371,2.2234,498.36,496.98,0.3127
EP081999,EP161990,EUGENE,1999,MARIE,1990,pacific,39,55,4659.6,4374.9,2.2293,2.6101,2.0466,2.1778,2.6101,2.1778,498.36,494.57,0.1139
AL051950,AL011994,EASY,1950,ALBERTO,1994,atlantic,38,32,2646.5,2008.9,4.8203,5.0954,3.7935,4.3903,5.0954,4.3903,498.4,498.29,0.2481
EP092007,EP121984,FLOSSIE,2007,LALA,1984,pacific,32,41,3900.1,3920.0,2.4985,2.8581,2.0438,2.1383,2.8581,2.1383,498.5,494.97,0.1278
EP011970,EP011973,ADELE,1970,AVA,1973,pacific,31,43,3614.8,4230.9,2.3398,2.6463,2.0493,2.2613,2.6463,2.2613,498.58,495.16,0.1379
EP012011,EP012002,ADRIAN,2011,ALMA,2002,pacific,30,31,2275.3,2231.6,3.1479,3.3669,2.6988,2.7706,3.3669,2.7706,498.92,498.52,0.2236
EP081980,EP092000,HOWARD,1980,GILMA,2000,pacific,30,25,2637.3,2151.0,2.8224,2.8266,2.0695,2.0738,2.8266,2.0738,499.08,501.23,0.232
EP131970,EP062011,MAGGIE,1970,FERNANDA,2011,pacific,27,29,3153.9,3070.1,2.2078,2.6547,2.0154,2.0869,2.6547,2.0869,499.18,496.3,0.1626
EP102002,EP212015,HERNAN,2002,RICK,2015,pacific,31,33,2759.0,2656.5,2.7955,3.0267,2.1277,2.7244,3.0267,2.7244,499.39,497.39,0.188
AL021880,AL031910,UNNAMED,1880,UNNAMED,1910,atlantic,45,44,5025.2,4569.1,2.8083,2.8377,2.1374,2.0422,2.8377,2.1374,499.4,495.38,0.1093
EP071978,EP131987,GILMA,1978,MAX,1987,pacific,29,29,3515.2,2973.4,2.737,2.9343,2.2197,2.1027,2.9343,2.2197,499.42,496.77,0.168
EP031988,EP092000,CARLOTTA,1988,GILMA,2000,pacific,28,25,2785.9,2151.0,2.411,2.8266,2.065,2.0738,2.8266,2.0738,499.49,497.52,0.2322
EP101985,EP061982,JIMENA,1985,FABIO,1982,pacific,37,32,3442.1,3229.7,2.8299,2.8377,2.0681,2.0413,2.8377,2.0681,499.55,496.7,0.1547
EP102006,EP092000,ILEANA,2006,GILMA,2000,pacific,32,25,2634.7,2151.0,2.4888,2.8266,2.0755,2.0738,2.8266,2.0755,499.58,497.55,0.2323
EP122007,EP081996,IVO,2007,ELIDA,1996,pacific,28,29,1752.5,1737.1,3.091,3.2483,2.4102,2.5362,3.2483,2.5362,499.93,498.92,0.2878
EP111985,EP111975,KEVIN,1985,KATRINA,1975,pacific,36,37,3463.1,3428.8,2.5263,2.8206,2.0471,2.1006,2.8206,2.1006,499.95,496.83,0.1458
EP131985,EP071990,MARTY,1985,FAUSTO,1990,pacific,29,28,2793.0,2874.0,2.6219,2.8029,2.0863,2.0342,2.8029,2.0863,499.98,499.38,0.179
EP131974,EP111995,MAGGIE,1974,JULIETTE,1995,pacific,27,41,1971.7,2380.4,2.7761,4.4299,2.0592,3.7224,4.4299,3.7224,500.16,499.11,0.2537
EP052012,EP081992,EMILIA,2012,GEORGETTE,1992,pacific,44,48,6048.2,6843.9,2.1299,2.2708,2.0106,2.0738,2.2708,2.0738,500.43,494.61,0.0827
EP051990,EP091995,ELIDA,1990,HENRIETTE,1995,pacific,26,29,3108.3,2968.8,2.5768,3.0336,2.0222,2.1887,3.0336,2.1887,500.55,498.23,0.1686
EP131971,EP141967,MONICA,1971,OLIVIA,1967,pacific,29,37,1786.1,2259.8,2.8781,2.9693,2.2595,2.6987,2.9693,2.6987,500.56,500.26,0.2803
EP042014,EP152015,DOUGLAS,2014,LINDA,2015,pacific,42,40,2709.5,2904.4,2.861,4.1596,2.0793,4.0,4.1596,4.0,500.56,498.09,0.1847
EP121968,EP091971,LIZA,1968,ILSA,1971,pacific,37,35,3210.0,3497.7,2.8112,2.876,2.2138,2.1304,2.876,2.2138,500.59,501.02,0.1559
EP041983,EP121968,DALILIA,1983,LIZA,1968,pacific,26,37,3053.3,3210.0,2.6498,2.8112,2.0481,2.2138,2.8112,2.2138,500.62,501.76,0.164
EP031988,EP141991,CARLOTTA,1988,LINDA,1991,pacific,28,42,2785.9,2907.1,2.411,2.8388,2.065,2.3671,2.8388,2.3671,500.64,498.37,0.1797
EP191985,EP062006,TERRY,1985,EMILIA,2006,pacific,37,41,3239.6,3547.6,2.8053,3.0499,2.0796,2.4644,3.0499,2.4644,500.79,500.65,0.1546
AL061898,AL031926,UNNAMED,1898,UNNAMED,1926,atlantic,35,31,2931.7,3397.9,2.6482,2.8302,2.1255,2.2873,2.8302,2.2873,500.92,498.47,0.1709
EP031975,EP072011,CARLOTTA,1975,GREG,2011,pacific,35,26,3223.3,3069.5,2.2725,2.2809,2.0371,2.0218,2.2809,2.0371,500.92,505.27,0.1632
EP062011,EP091974,FERNANDA,2011,IONE,1974,pacific,29,42,3070.1,3636.5,2.6547,3.9162,2.0869,3.4584,3.9162,3.4584,500.99,501.27,0.1632
AL061971,AL011962,BETH,1971,ALMA,1962,atlantic,29,30,3308.3,4165.7,2.9265,6.2304,2.1292,5.3661,6.2304,5.3661,501.05,498.28,0.1515
EP032006,EP071992,BUD,2006,FRANK,1992,pacific,27,42,3850.8,4585.7,2.329,2.7802,2.0073,2.2598,2.7802,2.2598,501.27,497.61,0.1302
EP031991,EP041992,CARLOS,1991,CELIA,1992,pacific,45,50,4480.9,4767.8,2.2153,2.7584,2.0679,2.1205,2.7584,2.1205,501.29,504.56,0.1119
EP131990,EP081991,JULIO,1990,GUILLERMO,1991,pacific,32,28,4291.8,3900.0,2.1848,2.2427,2.0464,2.0199,2.2427,2.0464,501.36,497.68,0.1286
AL061916,AL042003,UNNAMED,1916,CLAUDETTE,2003,atlantic,33,45,5568.9,6434.7,2.7633,2.9949,2.0637,2.2977,2.9949,2.2977,501.56,496.46,0.0901
EP112007,EP152008,HENRIETTE,2007,NORBERT,2008,pacific,30,38,2676.4,3055.0,2.6406,2.9089,2.103,2.3288,2.9089,2.3288,501.71,501.19,0.1875
EP091975,EP081978,ILSA,1975,HECTOR,1978,pacific,35,32,3702.5,3427.7,2.4431,2.6082,2.0773,2.0779,2.6082,2.0779,501.84,498.59,0.1464
EP041978,EP191984,DANIEL,1978,SIMON,1984,pacific,29,33,4135.6,3895.8,2.4797,2.8192,2.0329,2.1999,2.8192,2.1999,501.92,498.26,0.1288
EP121982,EP141990,LANE,1982,KENNA,1990,pacific,26,35,3382.9,3297.7,2.4314,4.3385,2.0316,4.0,4.3385,4.0,501.93,499.32,0.1522
EP071982,EP061988,GILMA,1982,FABIO,1988,pacific,28,49,4706.1,4813.3,2.6626,2.7686,2.0205,2.0729,2.7686,2.0729,502.26,497.73,0.1067
EP091984,EP071972,ISELLE,1984,GWEN,1972,pacific,36,37,3422.5,3423.8,2.8124,2.8603,2.0841,2.1205,2.8603,2.1205,502.27,500.71,0.1468
EP132011,EP101976,KENNETH,2011,JOANNE,1976,pacific,31,41,3644.0,4340.3,2.2055,3.7182,2.0474,3.1734,3.7182,3.1734,502.28,498.78,0.1378
EP111983,EP051973,KIKO,1983,EMILY,1973,pacific,36,27,2531.4,3038.9,2.8347,2.8746,2.0963,2.0982,2.8746,2.0982,502.28,502.61,0.1984
EP031991,EP181982,CARLOS,1991,SERGIO,1982,pacific,45,40,4480.9,4695.8,2.2153,2.4564,2.0679,2.0487,2.4564,2.0679,502.42,498.2,0.1121
EP041979,EP042014,DOLORES,1979,DOUGLAS,2014,pacific,27,42,3344.6,2709.5,2.8028,2.861,2.0829,2.0793,2.861,2.0829,503.1,503.41,0.1857
EP041985,EP041966,DOLORES,1985,DOLORES,1966,pacific,39,38,4364.3,4065.1,2.7869,3.6252,2.1089,2.7822,3.6252,2.7822,503.17,499.56,0.1238
EP072011,EP121968,GREG,2011,LIZA,1968,pacific,26,37,3069.5,3210.0,2.2809,2.8112,2.0218,2.2138,2.8112,2.2138,503.29,501.56,0.164
AL041865,AL011918,UNNAMED,1865,UNNAMED,1918,atlantic,37,28,5093.3,5091.7,2.7947,2.802,2.1844,2.0787,2.802,2.1844,503.35,499.45,0.0989
AL141933,AL021878,UNNAMED,1933,UNNAMED,1878,atlantic,38,45,4759.0,4466.6,2.7187,2.824,2.0314,2.1208,2.824,2.1208,503.42,499.43,0.1127
AL041851,AL122000,UNNAMED,1851,HELENE,2000,atlantic,49,42,8284.2,8408.8,3.2659,3.4624,2.7592,2.8493,3.4624,2.8493,503.5,499.68,0.0608
EP011973,EP191984,AVA,1973,SIMON,1984,pacific,43,33,4230.9,3895.8,2.6463,2.8192,2.2613,2.1999,2.8192,2.2613,503.6,499.94,0.1293
EP051995,EP141997,DALILA,1995,LINDA,1997,pacific,36,34,2395.2,2843.1,2.7656,2.7992,2.2575,2.0408,2.7992,2.2575,503.66,503.63,0.2103
AL011970,AL111964,ALMA,1970,ISBELL,1964,atlantic,39,35,3879.4,3349.8,4.5904,5.1412,3.8034,4.4715,5.1412,4.4715,503.86,503.68,0.1504
EP102002,EP081980,HERNAN,2002,HOWARD,1980,pacific,31,30,2759.0,2637.3,2.7955,2.8224,2.1277,2.0695,2.8224,2.1277,504.02,501.91,0.1911
EP011969,EP141998,AVA,1969,LESTER,1998,pacific,28,47,2899.2,2956.3,3.0108,3.8813,2.3607,3.4825,3.8813,3.4825,504.43,504.18,0.174
EP072008,EP092011,FAUSTO,2008,HILARY,2011,pacific,33,50,3796.9,3814.6,2.8177,3.078,2.0514,2.4882,3.078,2.4882,504.62,504.21,0.1329
EP032000,EP021984,CARLOTTA,2000,BORIS,1984,pacific,27,82,2846.7,3497.3,2.6326,5.3132,2.0333,4.6325,5.3132,4.6325,504.71,506.82,0.1773
AL041944,AL041941,UNNAMED,1944,UNNAMED,1941,atlantic,32,29,4307.1,4042.3,2.5154,2.6233,2.0442,2.07,2.6233,2.07,504.88,507.52,0.1249
AL061879,AL021950,UNNAMED,1879,BAKER,1950,atlantic,33,60,4511.0,5607.3,2.784,3.0523,2.1031,2.4276,3.0523,2.4276,505.04,502.5,0.112
EP192014,EP062012,SIMON,2014,FABIO,2012,pacific,35,40,2992.3,3584.5,3.0425,3.0897,2.5536,2.484,3.0897,2.5536,505.85,505.07,0.1691
EP022012,EP191983,BUD,2012,TICO,1983,pacific,25,34,2039.8,2626.9,2.9769,3.5646,2.4497,3.0303,3.5646,3.0303,506.64,507.14,0.2484
EP152001,EP182014,MANUEL,2001,RACHEL,2014,pacific,31,36,2919.0,2266.9,2.9444,5.7717,2.393,5.3855,5.7717,5.3855,506.69,506.58,0.2235
EP111993,EP041965,JOVA,1993,BERNICE,1965,pacific,32,31,2920.1,3270.7,2.2906,2.6861,2.0346,2.071,2.6861,2.071,506.89,505.78,0.1736
EP071978,EP121991,GILMA,1978,JIMENA,1991,pacific,29,46,3515.2,3878.5,2.737,2.8339,2.2197,2.121,2.8339,2.2197,507.16,512.1,0.1443
AL061885,AL051912,UNNAMED,1885,UNNAMED,1912,atlantic,37,30,2146.3,2486.7,3.1883,6.6223,2.7176,6.0121,6.6223,6.0121,507.39,506.5,0.2364
EP122007,EP042013,IVO,2007,DALILA,2013,pacific,28,40,1752.5,2195.3,3.091,4.8817,2.4102,4.3965,4.8817,4.3965,507.95,508.32,0.2898
AL061906,AL021916,UNNAMED,1906,UNNAMED,1916,atlantic,45,51,3732.9,3430.4,3.1362,3.7624,2.7529,3.145,3.7624,3.145,508.16,507.19,0.1481
EP031986,EP141971,CELIA,1986,NANETTE,1971,pacific,25,27,2592.1,2785.4,2.7874,2.9325,2.0621,2.1728,2.9325,2.1728,508.68,508.4,0.1962
AL041911,AL051942,UNNAMED,1911,UNNAMED,1942,atlantic,38,32,4091.5,3535.6,2.137,2.2072,2.0209,2.0059,2.2072,2.0209,509.13,508.15,0.144
EP032005,EP101990,CALVIN,2005,ISELLE,1990,pacific,30,38,3104.8,3312.3,2.7478,3.3338,2.3291,2.8177,3.3338,2.8177,509.28,512.53,0.164
EP102002,EP111983,HERNAN,2002,KIKO,1983,pacific,31,36,2759.0,2531.4,2.7955,2.8347,2.1277,2.0963,2.8347,2.1277,509.69,508.15,0.2013
EP101989,EP021981,GIL,1989,BEATRIZ,1981,pacific,27,25,2425.7,2604.3,2.8082,2.8132,2.0463,2.1105,2.8132,2.1105,509.72,508.73,0.2101
AL111950,AL172008,KING,1950,PALOMA,2008,atlantic,31,35,2550.7,2803.1,2.7572,5.5955,2.3058,4.4116,5.5955,4.4116,509.94,508.63,0.1999
EP031991,EP091998,CARLOS,1991,HOWARD,1998,pacific,45,40,4480.9,4244.9,2.2153,2.7162,2.0679,2.1645,2.7162,2.1645,510.13,506.97,0.1202
EP171983,EP132015,RAYMOND,1983,JIMENA,2015,pacific,51,63,6234.4,6222.8,2.905,3.0906,2.2005,2.2811,3.0906,2.2811,510.29,505.33,0.082
EP161971,EP011983,PRISCILLA,1971,ADOLPH,1983,pacific,27,31,2593.4,2890.9,2.7408,2.7723,2.4027,2.192,2.7723,2.4027,510.62,512.61,0.1969
EP021999,EP031994,BEATRIZ,1999,CARLOTTA,1994,pacific,32,29,3468.8,3133.7,2.5217,2.601,2.0478,2.0157,2.601,2.0478,510.63,511.47,0.1629
EP081972,EP041963,HYACINTH,1972,JEN-KATH,1963,pacific,41,39,5342.3,4724.2,2.7673,3.3479,2.5907,2.7539,3.3479,2.7539,510.96,511.19,0.1082
EP031994,EP191990,CARLOTTA,1994,ODILE,1990,pacific,29,35,3133.7,3292.0,2.601,4.0465,2.0157,3.3713,4.0465,3.3713,510.96,513.51,0.1631
EP072001,EP031949,FLOSSIE,2001,UNNAMED,1949,pacific,28,25,1754.5,1751.1,3.4463,4.2162,3.2472,3.8278,4.2162,3.8278,511.99,512.36,0.2924
EP031966,EP062011,CONNIE,1966,FERNANDA,2011,pacific,39,29,3671.0,3070.1,2.2551,2.6547,2.0341,2.0869,2.6547,2.0869,512.16,512.91,0.1668
EP171984,EP071984,POLO,1984,GENEVIEVE,1984,pacific,31,30,2879.2,2415.4,2.9165,2.953,2.5596,2.2128,2.953,2.5596,512.34,511.99,0.2121
EP092011,EP151991,HILARY,2011,MARTY,1991,pacific,50,45,3814.6,3787.0,3.078,3.5044,2.4882,2.9298,3.5044,2.9298,513.21,513.21,0.1355
EP102006,EP081980,ILEANA,2006,HOWARD,1980,pacific,32,30,2634.7,2637.3,2.4888,2.8224,2.0755,2.0695,2.8224,2.0755,513.28,516.08,0.1948
EP102004,EP061997,GEORGETTE,2004,DOLORES,1997,pacific,33,30,4364.6,4000.0,2.4515,2.7788,2.0278,2.0358,2.7788,2.0358,513.32,513.34,0.1283
AL071867,AL011923,UNNAMED,1867,UNNAMED,1923,atlantic,34,28,2945.1,3268.7,2.6537,2.8331,2.296,2.1832,2.8331,2.296,513.52,517.18,0.1744
EP041988,EP162009,DANIEL,1988,MARTY,2009,pacific,30,30,2815.9,2360.6,2.7609,2.8212,2.255,2.051,2.8212,2.255,514.47,514.5,0.2179
AL182011,AL101943,RINA,2011,UNNAMED,1943,atlantic,31,26,1667.2,1658.5,3.2447,5.2887,2.8272,4.4117,5.2887,4.4117,514.48,515.15,0.3102
EP121983,EP051973,LORENA,1983,EMILY,1973,pacific,34,27,2949.9,3038.9,2.3156,2.8746,2.0636,2.0982,2.8746,2.0982,514.5,513.38,0.1744
AL061909,AL091887,UNNAMED,1909,UNNAMED,1887,atlantic,34,47,4698.2,4967.3,2.424,2.8733,2.0267,2.1342,2.8733,2.1342,514.8,514.97,0.1096
EP081980,EP111995,HOWARD,1980,JULIETTE,1995,pacific,30,41,2637.3,2380.4,2.8224,4.4299,2.0695,3.7224,4.4299,3.7224,514.96,517.11,0.2163
EP121970,EP121989,LORRAINE,1970,ISMAEL,1989,pacific,47,45,5151.9,4643.8,2.4018,2.6377,2.1198,2.0802,2.6377,2.1198,515.22,517.14,0.1109
AL071951,AL022008,FOX,1951,BERTHA,2008,atlantic,35,74,9211.5,9967.2,3.0585,5.3617,2.4731,4.4096,5.3617,4.4096,515.23,533.57,0.0559
EP131971,EP111995,MONICA,1971,JULIETTE,1995,pacific,29,41,1786.1,2380.4,2.8781,4.4299,2.2595,3.7224,4.4299,3.7224,515.25,518.3,0.2885
EP052002,EP041966,DOUGLAS,2002,DOLORES,1966,pacific,27,38,3731.9,4065.1,2.5075,3.6252,2.0927,2.7822,3.6252,2.7822,515.4,517.04,0.1381
AL011861,AL021943,UNNAMED,1861,UNNAMED,1943,atlantic,28,26,3003.5,3415.3,2.7822,2.8551,2.1007,2.3126,2.8551,2.3126,515.47,513.95,0.1716
EP031975,EP191982,CARLOTTA,1975,TARA,1982,pacific,35,27,3223.3,3357.3,2.2725,2.8328,2.0371,2.1091,2.8328,2.1091,515.48,514.23,0.1599
EP082008,EP051968,GENEVIEVE,2008,ESTELLE,1968,pacific,40,33,4342.9,4290.3,2.2337,2.3602,2.0577,2.1319,2.3602,2.1319,515.54,514.86,0.1202
EP181970,EP142007,SELMA,1970,JULIETTE,2007,pacific,29,25,1775.3,1848.4,3.8382,4.2564,3.6881,3.7835,4.2564,3.7835,515.94,515.55,0.2906
EP051995,EP152007,DALILA,1995,KIKO,2007,pacific,36,50,2395.2,3113.0,2.7656,3.8251,2.2575,3.5294,3.8251,3.5294,516.29,514.52,0.2156
AL142011,AL011963,MARIA,2011,ARLENE,1963,atlantic,42,43,7039.7,6706.8,2.8539,3.1704,2.262,2.5347,3.1704,2.5347,516.55,561.35,0.077
EP202009,EP212014,RICK,2009,VANCE,2014,pacific,27,27,2786.8,2503.4,3.1735,3.6423,2.702,3.1069,3.6423,3.1069,516.9,517.02,0.2065
AL071921,AL011987,UNNAMED,1921,UNNAMED,1987,atlantic,28,31,2407.2,2266.1,2.6361,6.5419,2.2139,5.6844,6.5419,5.6844,517.29,516.96,0.2283
EP012003,EP111968,ANDRES,2003,KATHLEEN,1968,pacific,28,41,4391.3,4830.7,2.1177,2.5014,2.024,2.0933,2.5014,2.0933,517.61,517.45,0.1179
EP031994,EP031971,CARLOTTA,1994,CARLOTTA,1971,pacific,29,27,3133.7,3215.9,2.601,2.8193,2.0157,2.0608,2.8193,2.0608,517.71,518.22,0.1652
EP102006,EP171987,ILEANA,2006,RAMON,1987,pacific,32,27,2634.7,2340.8,2.4888,2.8043,2.0755,2.0879,2.8043,2.0879,517.82,515.86,0.2212
EP032005,EP141971,CALVIN,2005,NANETTE,1971,pacific,30,27,3104.8,2785.4,2.7478,2.9325,2.3291,2.1728,2.9325,2.3291,518.15,518.24,0.186
EP181989,EP052015,OCTAVE,1989,DOLORES,2015,pacific,33,45,3136.5,3950.3,2.9085,3.4444,2.3092,2.9632,3.4444,2.9632,518.16,516.42,0.1652
EP102002,EP071990,HERNAN,2002,FAUSTO,1990,pacific,31,28,2759.0,2874.0,2.7955,2.8029,2.1277,2.0342,2.8029,2.1277,518.27,519.94,0.1878
AL091909,AL182005,UNNAMED,1909,RITA,2005,atlantic,35,36,3543.6,4042.9,2.8433,2.8927,2.1384,2.3709,2.8927,2.3709,518.35,520.43,0.1463
EP071994,EP062007,GILMA,1994,COSME,2007,pacific,40,42,6226.6,5906.2,2.619,2.7965,2.0863,2.0505,2.7965,2.0863,518.36,512.98,0.0878
EP161970,EP191984,PATRICIA,1970,SIMON,1984,pacific,31,33,3843.2,3895.8,2.5225,2.8192,2.0684,2.1999,2.8192,2.1999,519.48,518.92,0.1352
EP141970,EP082012,NORMA,1970,HECTOR,2012,pacific,25,35,1903.1,1887.5,2.7682,4.5223,2.253,3.8648,4.5223,3.8648,519.72,521.16,0.2753
AL051958,AL091887,ELLA,1958,UNNAMED,1887,atlantic,35,47,4739.1,4967.3,2.7804,2.8733,2.0502,2.1342,2.8733,2.1342,519.77,516.35,0.1097
EP102006,EP152001,ILEANA,2006,MANUEL,2001,pacific,32,31,2634.7,2919.0,2.4888,2.9444,2.0755,2.393,2.9444,2.393,519.89,519.2,0.1973
EP031965,EP081981,AVA,1965,HILARY,1981,pacific,25,29,2338.0,2505.9,2.305,2.736,2.0339,2.1001,2.736,2.1001,519.99,520.67,0.2224
EP021949,EP081996,UNNAMED,1949,ELIDA,1996,pacific,25,29,1932.2,1737.1,2.8231,3.2483,2.1257,2.5362,3.2483,2.5362,520.12,519.32,0.2994
EP041981,EP061992,DORA,1981,ESTELLE,1992,pacific,25,34,2550.6,3046.5,2.2209,2.9778,2.0216,2.2551,2.9778,2.2551,520.8,520.53,0.2042
EP061984,EP031949,FAUSTO,1984,UNNAMED,1949,pacific,27,25,1852.1,1751.1,2.8643,4.2162,2.1482,3.8278,4.2162,3.8278,520.83,520.02,0.2974
EP111993,EP231990,JOVA,1993,TRUDY,1990,pacific,32,67,2920.1,3867.9,2.2906,6.0575,2.0346,5.801,6.0575,5.801,520.89,522.7,0.1784
EP172013,EP182014,RAYMOND,2013,RACHEL,2014,pacific,48,36,3159.2,2266.9,5.3323,5.7717,4.6727,5.3855,5.7717,5.3855,520.9,523.44,0.2298
AL032004,AL041877,CHARLEY,2004,UNNAMED,1877,atlantic,30,61,5391.4,7200.6,2.8824,2.9966,2.2454,2.3916,2.9966,2.3916,521.0,520.44,0.0966
EP211990,EP161968,RACHEL,1990,PAULINE,1968,pacific,26,31,3194.3,2638.5,2.8494,2.8614,2.4273,2.1804,2.8614,2.4273,521.34,522.82,0.1976
EP191968,EP052002,TARA,1968,DOUGLAS,2002,pacific,33,27,3732.7,3731.9,2.4341,2.5075,2.0593,2.0927,2.5075,2.0927,521.79,527.47,0.1398
EP032005,EP231990,CALVIN,2005,TRUDY,1990,pacific,30,67,3104.8,3867.9,2.7478,6.0575,2.3291,5.801,6.0575,5.801,521.97,520.71,0.1681
EP131983,EP062012,MANUEL,1983,FABIO,2012,pacific,34,40,3296.2,3584.5,2.7713,3.0897,2.1528,2.484,3.0897,2.484,522.09,521.51,0.1584
AL052005,AL072012,EMILY,2005,HELENE,2012,atlantic,45,38,6619.0,6462.7,2.7629,2.993,2.0527,2.1979,2.993,2.1979,522.62,522.19,0.0809
AL021916,AL011953,UNNAMED,1916,ALICE,1953,atlantic,51,53,3430.4,3423.2,3.7624,5.3557,3.145,4.9093,5.3557,4.9093,522.69,521.31,0.1527
EP081998,EP141997,GEORGETTE,1998,LINDA,1997,pacific,26,34,2484.7,2843.1,2.7905,2.7992,2.0273,2.0408,2.7992,2.0408,522.88,520.83,0.2104
EP071978,EP191982,GILMA,1978,TARA,1982,pacific,29,27,3515.2,3357.3,2.737,2.8328,2.2197,2.1091,2.8328,2.2197,523.73,523.16,0.156
EP161983,EP021949,PRISCILLA,1983,UNNAMED,1949,pacific,26,25,2463.9,1932.2,2.6211,2.8231,2.1439,2.1257,2.8231,2.1439,523.75,523.25,0.2711
AL021895,AL011917,UNNAMED,1895,UNNAMED,1917,atlantic,36,33,4597.7,4454.7,2.738,2.8545,2.0165,2.0615,2.8545,2.0615,523.92,524.02,0.1176
EP041953,EP111995,UNNAMED,1953,JULIETTE,1995,pacific,25,41,1778.2,2380.4,2.8063,4.4299,2.0843,3.7224,4.4299,3.7224,524.23,523.77,0.2948
EP032005,EP152001,CALVIN,2005,MANUEL,2001,pacific,30,31,3104.8,2919.0,2.7478,2.9444,2.3291,2.393,2.9444,2.393,524.32,527.61,0.1796
EP031995,EP121989,BARBARA,1995,ISMAEL,1989,pacific,42,45,4513.7,4643.8,2.2179,2.6377,2.014,2.0802,2.6377,2.0802,524.36,527.05,0.1162
EP141971,EP241990,NANETTE,1971,VANCE,1990,pacific,27,41,2785.4,2560.8,2.9325,5.5842,2.1728,4.6126,5.5842,4.6126,524.43,523.81,0.2048
EP071978,EP111975,GILMA,1978,KATRINA,1975,pacific,29,37,3515.2,3428.8,2.737,2.8206,2.2197,2.1006,2.8206,2.2197,524.86,522.63,0.1531
EP072011,EP111975,GREG,2011,KATRINA,1975,pacific,26,37,3069.5,3428.8,2.2809,2.8206,2.0218,2.1006,2.8206,2.1006,525.01,529.53,0.171
EP072013,EP062005,GIL,2013,FERNANDA,2005,pacific,32,33,3328.6,3080.7,2.1258,2.6255,2.0595,2.0943,2.6255,2.0943,525.31,524.14,0.1705
EP171986,EP161982,ROSLYN,1986,PAUL,1982,pacific,28,47,3409.7,3682.7,3.0195,3.0828,2.5624,2.5545,3.0828,2.5624,525.37,524.6,0.1541
EP071987,EP152001,GREG,1987,MANUEL,2001,pacific,28,31,2828.1,2919.0,2.6188,2.9444,2.1336,2.393,2.9444,2.393,526.18,525.8,0.1861
EP031994,EP191982,CARLOTTA,1994,TARA,1982,pacific,29,27,3133.7,3357.3,2.601,2.8328,2.0157,2.1091,2.8328,2.1091,526.72,528.55,0.1681
AL101984,AL061897,DIANA,1984,UNNAMED,1897,atlantic,33,36,3383.2,3954.8,4.6905,5.3181,4.2191,4.9004,5.3181,4.9004,527.09,538.21,0.1558
AL011910,AL011928,UNNAMED,1910,UNNAMED,1928,atlantic,27,46,3792.6,4365.8,2.8,3.3558,2.1252,2.5811,3.3558,2.5811,527.21,526.26,0.139
EP101980,EP101968,JAVIER,1980,JOANNE,1968,pacific,26,29,2812.3,3420.8,2.6574,3.1184,2.0604,2.2374,3.1184,2.2374,527.86,528.23,0.1877
EP101972,EP141967,JOANNE,1972,OLIVIA,1967,pacific,29,37,2978.3,2259.8,2.7894,2.9693,2.1554,2.6987,2.9693,2.6987,527.93,529.49,0.2336
EP102006,EP091995,ILEANA,2006,HENRIETTE,1995,pacific,32,29,2634.7,2968.8,2.4888,3.0336,2.0755,2.1887,3.0336,2.1887,528.1,528.67,0.2004
AL091880,AL101924,UNNAMED,1880,UNNAMED,1924,atlantic,25,40,3262.5,3359.3,4.5916,5.6083,3.999,5.0301,5.6083,5.0301,528.14,529.28,0.1619
AL111972,AL101984,CARRIE,1972,DIANA,1984,atlantic,29,33,2848.5,3383.2,2.944,4.6905,2.433,4.2191,4.6905,4.2191,528.46,527.55,0.1855
EP021949,EP061984,UNNAMED,1949,FAUSTO,1984,pacific,25,27,1932.2,1852.1,2.8231,2.8643,2.1257,2.1482,2.8643,2.1482,528.76,528.36,0.2855
EP081978,EP071978,HECTOR,1978,GILMA,1978,pacific,32,29,3427.7,3515.2,2.6082,2.737,2.0779,2.2197,2.737,2.2197,528.81,528.5,0.1543
EP172013,EP241990,RAYMOND,2013,VANCE,1990,pacific,48,41,3159.2,2560.8,5.3323,5.5842,4.6727,4.6126,5.5842,4.6727,528.87,527.96,0.2065
EP101975,EP111975,JEWEL,1975,KATRINA,1975,pacific,31,37,3215.6,3428.8,2.332,2.8206,2.0541,2.1006,2.8206,2.1006,528.9,529.48,0.1645
EP122014,EP061965,LOWELL,2014,DOREEN,1965,pacific,48,41,3565.1,4340.2,2.8785,3.5006,2.1067,3.1705,3.5006,3.1705,529.08,529.13,0.1484
AL041990,AL102015,CESAR,1990,IDA,2015,atlantic,31,51,3380.3,4358.3,3.9052,5.6136,2.8955,4.8217,5.6136,4.8217,529.14,528.71,0.1565
EP072001,EP142014,FLOSSIE,2001,NORBERT,2014,pacific,28,35,1754.5,2287.0,3.4463,4.6331,3.2472,4.3671,4.6331,4.3671,529.26,529.11,0.3017
EP111973,EP081997,KATHERINE,1973,FELICIA,1997,pacific,39,33,4495.6,4583.4,2.4696,2.5145,2.0911,2.0536,2.5145,2.0911,529.89,535.23,0.1179
EP121993,EP041966,KENNETH,1993,DOLORES,1966,pacific,50,38,3830.2,4065.1,2.7141,3.6252,2.1322,2.7822,3.6252,2.7822,530.2,531.22,0.1384
AL021920,AL051898,UNNAMED,1920,UNNAMED,1898,atlantic,30,43,3892.6,4101.3,2.6879,2.8369,2.1097,2.187,2.8369,2.187,530.21,531.41,0.1362
AL021895,AL071892,UNNAMED,1895,UNNAMED,1892,atlantic,36,45,4597.7,4792.8,2.738,2.7889,2.0165,2.023,2.7889,2.023,530.26,526.97,0.1153
AL131981,AL032012,EMILY,1981,CHRIS,2012,atlantic,47,31,4292.5,5195.0,5.3812,6.0734,5.2018,5.2153,6.0734,5.2153,530.33,535.04,0.1235
EP101982,EP092007,JOHN,1982,FLOSSIE,2007,pacific,35,32,4162.5,3900.1,2.324,2.4985,2.0184,2.0438,2.4985,2.0438,530.52,528.99,0.136
EP151968,EP191990,ORLA,1968,ODILE,1990,pacific,35,35,3312.7,3292.0,2.151,4.0465,2.0395,3.3713,4.0465,3.3713,530.6,530.48,0.1612
EP032011,EP172014,CALVIN,2011,POLO,2014,pacific,29,44,2472.4,3352.7,2.7811,2.944,2.2133,2.3793,2.944,2.3793,530.85,530.31,0.2147
AL021975,AL062005,AMY,1975,FRANKLIN,2005,atlantic,31,37,3932.8,4255.8,3.0228,3.576,2.4158,2.8945,3.576,2.8945,531.22,528.17,0.1351
EP032004,EP062006,BLAS,2004,EMILIA,2006,pacific,28,41,2945.4,3547.6,2.9286,3.0499,2.4932,2.4644,3.0499,2.4932,531.24,530.39,0.1804
EP041953,EP012011,UNNAMED,1953,ADRIAN,2011,pacific,25,30,1778.2,2275.3,2.8063,3.1479,2.0843,2.6988,3.1479,2.6988,531.77,530.81,0.299
AL011994,AL052010,ALBERTO,1994,FIVE,2010,atlantic,32,32,2008.9,2334.4,5.0954,6.0259,4.3903,5.2972,6.0259,5.2972,531.84,531.48,0.2647
EP111995,EP112012,JULIETTE,1995,KRISTY,2012,pacific,41,33,2380.4,2644.4,4.4299,5.4589,3.7224,4.2784,5.4589,4.2784,531.85,530.8,0.2234
EP091971,EP092011,ILSA,1971,HILARY,2011,pacific,35,50,3497.7,3814.6,2.876,3.078,2.1304,2.4882,3.078,2.4882,531.92,535.48,0.1521
AL041951,AL021933,CHARLIE,1951,UNNAMED,1933,atlantic,52,53,6103.1,6837.5,2.3552,2.9188,2.018,2.1956,2.9188,2.1956,532.12,533.89,0.0872
AL021903,AL021933,UNNAMED,1903,UNNAMED,1933,atlantic,43,53,6318.1,6837.5,2.6122,2.9188,2.097,2.1956,2.9188,2.1956,532.32,539.24,0.0843
AL081889,AL141999,UNNAMED,1889,JOSE,1999,atlantic,29,34,4406.7,4682.3,2.7691,2.887,2.1342,2.3361,2.887,2.3361,532.76,531.67,0.1209
EP132013,EP152005,MANUEL,2013,OTIS,2005,pacific,26,31,1459.5,1807.8,3.1153,4.9107,2.5352,4.023,4.9107,4.023,533.02,532.67,0.3652
AL061909,AL131967,UNNAMED,1909,BEULAH,1967,atlantic,34,70,4698.2,5397.3,2.424,3.5721,2.0267,2.88,3.5721,2.88,533.28,531.62,0.1135
EP041992,EP181985,CELIA,1992,SANDRA,1985,pacific,50,46,4767.8,4778.5,2.7584,2.8266,2.1205,2.2004,2.8266,2.2004,533.32,535.41,0.1119
EP052011,EP181985,EUGENE,2011,SANDRA,1985,pacific,44,46,4964.3,4778.5,2.3789,2.8266,2.0682,2.2004,2.8266,2.2004,534.32,533.01,0.1118
EP091998,EP181985,HOWARD,1998,SANDRA,1985,pacific,40,46,4244.9,4778.5,2.7162,2.8266,2.1645,2.2004,2.8266,2.2004,534.42,534.34,0.1259
AL081961,AL131949,GERDA,1961,UNNAMED,1949,atlantic,28,35,4858.4,4582.4,2.8555,5.1408,2.2026,4.625,5.1408,4.625,534.44,546.78,0.1166
AL091999,AL031950,GERT,1999,CHARLIE,1950,atlantic,49,61,6981.1,7093.4,2.8294,3.752,2.2817,3.1622,3.752,3.1622,534.51,536.17,0.0766
EP011980,EP191990,AGATHA,1980,ODILE,1990,pacific,28,35,3081.2,3292.0,3.1158,4.0465,2.3249,3.3713,4.0465,3.3713,535.1,534.9,0.1737
EP101980,EP071990,JAVIER,1980,FAUSTO,1990,pacific,26,28,2812.3,2874.0,2.6574,2.8029,2.0604,2.0342,2.8029,2.0604,535.76,534.62,0.1905
EP111993,EP092011,JOVA,1993,HILARY,2011,pacific,32,50,2920.1,3814.6,2.2906,3.078,2.0346,2.4882,3.078,2.4882,536.28,537.85,0.1837
AL171980,AL172008,UNNAMED,1980,PALOMA,2008,atlantic,25,35,2215.8,2803.1,2.7255,5.5955,2.211,4.4116,5.5955,4.4116,536.48,535.69,0.2421
EP051951,EP092011,UNNAMED,1951,HILARY,2011,pacific,29,50,3882.8,3814.6,2.3032,3.078,2.0438,2.4882,3.078,2.4882,536.91,535.19,0.1408
AL021884,AL131978,UNNAMED,1884,FLOSSIE,1978,atlantic,56,50,6707.0,8121.3,3.149,4.3785,2.5971,3.7088,4.3785,3.7088,537.03,534.44,0.0801
EP041981,EP141997,DORA,1981,LINDA,1997,pacific,25,34,2550.6,2843.1,2.2209,2.7992,2.0216,2.0408,2.7992,2.0408,537.15,537.72,0.2106
EP081993,EP081976,GREG,1993,HYACINTH,1976,pacific,56,31,4354.3,4452.1,2.5891,3.166,2.2162,2.5432,3.166,2.5432,537.36,536.78,0.1234
EP101970,EP031984,JOYCE,1970,CRISTINA,1984,pacific,25,36,1771.5,2384.8,2.3989,3.018,2.0277,2.2487,3.018,2.2487,537.76,537.48,0.3036
EP032005,EP021983,CALVIN,2005,BARBARA,1983,pacific,30,38,3104.8,3112.4,2.7478,3.1154,2.3291,2.2504,3.1154,2.3291,537.83,537.65,0.1732
EP081954,EP031984,UNNAMED,1954,CRISTINA,1984,pacific,27,36,2334.9,2384.8,2.7349,3.018,2.1917,2.2487,3.018,2.2487,537.86,537.61,0.2304
EP092000,EP211992,GILMA,2000,SEYMOUR,1992,pacific,25,40,2151.0,2673.6,2.8266,2.8555,2.0738,2.4057,2.8555,2.4057,537.93,537.47,0.2501
AL021868,AL012001,UNNAMED,1868,ALLISON,2001,atlantic,29,57,4243.3,4677.1,2.6337,5.8775,2.0479,5.0172,5.8775,5.0172,538.04,538.0,0.1268
EP111993,EP151991,JOVA,1993,MARTY,1991,pacific,32,45,2920.1,3787.0,2.2906,3.5044,2.0346,2.9298,3.5044,2.9298,538.39,536.49,0.1844
EP081980,EP072007,HOWARD,1980,DALILA,2007,pacific,30,34,2637.3,2513.5,2.8224,2.8999,2.0695,2.3392,2.8999,2.3392,538.5,538.61,0.2142
AL041865,AL021950,UNNAMED,1865,BAKER,1950,atlantic,37,60,5093.3,5607.3,2.7947,3.0523,2.1844,2.4276,3.0523,2.4276,538.55,537.62,0.1057
AL051958,AL131967,ELLA,1958,BEULAH,1967,atlantic,35,70,4739.1,5397.3,2.7804,3.5721,2.0502,2.88,3.5721,2.88,538.79,540.76,0.1137
AL151936,AL071961,UNNAMED,1936,FRANCES,1961,atlantic,28,41,4158.7,5260.3,2.7267,3.1045,2.2993,2.659,3.1045,2.659,539.16,537.5,0.1296
EP151990,EP092012,LOWELL,1990,ILEANA,2012,pacific,36,47,4377.3,4321.6,2.2636,2.9081,2.0759,2.1872,2.9081,2.1872,539.46,539.9,0.1248
EP071990,EP151985,FAUSTO,1990,OLAF,1985,pacific,28,38,2874.0,3777.1,2.8029,2.9436,2.0342,2.377,2.9436,2.377,539.62,537.14,0.1878
EP141970,EP132003,NORMA,1970,MARTY,2003,pacific,25,31,1903.1,2213.3,2.7682,4.7409,2.253,4.1061,4.7409,4.1061,539.7,538.29,0.2836
AL171933,AL252005,UNNAMED,1933,WILMA,2005,atlantic,33,47,4589.4,5648.5,3.0504,3.9461,2.2551,3.6028,3.9461,3.6028,540.74,539.2,0.1178
EP031949,EP092013,UNNAMED,1949,IVO,2013,pacific,25,31,1751.1,2188.1,4.2162,4.3133,3.8278,3.5845,4.3133,3.8278,541.23,540.68,0.3091
AL011964,AL021886,UNNAMED,1964,UNNAMED,1886,atlantic,38,33,4310.8,4247.5,2.6589,2.7017,2.1982,2.1027,2.7017,2.1982,541.65,542.06,0.1275
AL071944,AL021879,UNNAMED,1944,UNNAMED,1879,atlantic,32,32,5751.1,6010.8,3.0256,3.0799,2.3227,2.3144,3.0799,2.3227,541.85,538.6,0.0942
AL041922,AL221971,UNNAMED,1922,LAURA,1971,atlantic,46,39,2497.2,2451.4,2.924,5.4142,2.2267,4.5027,5.4142,4.5027,542.03,541.74,0.2211
EP031991,EP081991,CARLOS,1991,GUILLERMO,1991,pacific,45,28,4480.9,3900.0,2.2153,2.2427,2.0679,2.0199,2.2427,2.0679,542.45,541.19,0.1391
EP081991,EP021969,GUILLERMO,1991,BERNICE,1969,pacific,28,33,3900.0,3454.0,2.2427,2.6418,2.0199,2.1403,2.6418,2.1403,542.49,542.51,0.1571
AL041887,AL041917,UNNAMED,1887,UNNAMED,1917,atlantic,37,43,5051.9,4830.6,2.8016,3.1971,2.2918,2.6686,3.1971,2.6686,543.27,544.92,0.1125
EP021999,EP191982,BEATRIZ,1999,TARA,1982,pacific,32,27,3468.8,3357.3,2.5217,2.8328,2.0478,2.1091,2.8328,2.1091,543.33,541.58,0.1618
EP141970,EP142014,NORMA,1970,NORBERT,2014,pacific,25,35,1903.1,2287.0,2.7682,4.6331,2.253,4.3671,4.6331,4.3671,543.45,543.08,0.2856
EP131985,EP041979,MARTY,1985,DOLORES,1979,pacific,29,27,2793.0,3344.6,2.6219,2.8028,2.0863,2.0829,2.8028,2.0863,543.93,546.29,0.1947
EP172000,EP072007,OLIVIA,2000,DALILA,2007,pacific,32,34,1858.6,2513.5,2.7196,2.8999,2.0964,2.3392,2.8999,2.3392,544.6,543.21,0.293
AL182005,AL051985,RITA,2005,ELENA,1985,atlantic,36,33,4042.9,3913.5,2.8927,4.73,2.3709,4.3935,4.73,4.3935,545.26,544.76,0.1393
AL081886,AL071958,UNNAMED,1886,GERDA,1958,atlantic,36,34,4031.6,4666.2,2.7199,2.9766,2.3174,2.5708,2.9766,2.5708,545.36,546.09,0.1353
AL181887,AL211976,UNNAMED,1887,HOLLY,1976,atlantic,26,26,5089.8,4339.5,3.0323,3.0451,2.5917,2.2585,3.0451,2.5917,545.93,544.9,0.1258
EP042006,EP191968,CARLOTTA,2006,TARA,1968,pacific,33,33,3342.9,3732.7,2.2134,2.4341,2.0248,2.0593,2.4341,2.0593,546.02,544.85,0.1633
EP051966,EP211992,EILEEN,1966,SEYMOUR,1992,pacific,25,40,2426.8,2673.6,2.6612,2.8555,2.2814,2.4057,2.8555,2.4057,546.22,544.62,0.2251
AL031982,AL011998,BERYL,1982,ALEX,1998,atlantic,37,26,4485.4,3916.8,2.037,2.6073,2.0181,2.0595,2.6073,2.0595,546.55,544.08,0.1395
EP092007,EP121985,FLOSSIE,2007,LINDA,1985,pacific,32,42,3900.1,4011.0,2.4985,2.7832,2.0438,2.0949,2.7832,2.0949,546.99,545.52,0.1403
EP021981,EP111983,BEATRIZ,1981,KIKO,1983,pacific,25,36,2604.3,2531.4,2.8132,2.8347,2.1105,2.0963,2.8347,2.1105,547.06,544.91,0.2161
EP021969,EP041983,BERNICE,1969,DALILIA,1983,pacific,33,26,3454.0,3053.3,2.6418,2.6498,2.1403,2.0481,2.6498,2.1403,547.34,549.5,0.1793
EP091972,EP011985,IVA,1972,ANDRES,1985,pacific,33,27,2969.9,3111.4,2.7878,2.8576,2.1127,2.3069,2.8576,2.3069,548.05,551.06,0.1845
EP042013,EP031974,DALILA,2013,CONNIE,1974,pacific,40,61,2195.3,3047.1,4.8817,6.0068,4.3965,5.3342,6.0068,5.3342,548.08,547.5,0.2497
EP071984,EP212014,GENEVIEVE,1984,VANCE,2014,pacific,30,27,2415.4,2503.4,2.953,3.6423,2.2128,3.1069,3.6423,3.1069,549.54,551.94,0.2275
EP011973,EP031998,AVA,1973,BLAS,1998,pacific,43,36,4230.9,4293.6,2.6463,2.6671,2.2613,2.0317,2.6671,2.2613,549.55,548.81,0.1299
EP071987,EP171987,GREG,1987,RAMON,1987,pacific,28,27,2828.1,2340.8,2.6188,2.8043,2.1336,2.0879,2.8043,2.1336,549.57,552.29,0.2348
AL071879,AL031895,UNNAMED,1879,UNNAMED,1895,atlantic,25,39,4439.6,5138.5,2.9643,3.1572,2.375,3.0425,3.1572,3.0425,550.14,550.86,0.1239
EP071978,EP082005,GILMA,1978,HILARY,2005,pacific,29,34,3515.2,3819.8,2.737,2.7923,2.2197,2.0646,2.7923,2.2197,550.18,550.33,0.1565
AL141933,AL091887,UNNAMED,1933,UNNAMED,1887,atlantic,38,47,4759.0,4967.3,2.7187,2.8733,2.0314,2.1342,2.8733,2.1342,550.92,548.1,0.1158
EP031986,EP041975,CELIA,1986,DENISE,1975,pacific,25,41,2592.1,3430.7,2.7874,3.506,2.0621,3.3506,3.506,3.3506,551.79,551.64,0.2129
EP021969,EP071971,BERNICE,1969,GEORGETTE,1971,pacific,33,29,3454.0,3063.9,2.6418,2.8533,2.1403,2.0997,2.8533,2.1403,551.94,550.22,0.1801
EP131974,EP072007,MAGGIE,1974,DALILA,2007,pacific,27,34,1971.7,2513.5,2.7761,2.8999,2.0592,2.3392,2.8999,2.3392,553.02,552.66,0.2805
EP051951,EP091971,UNNAMED,1951,ILSA,1971,pacific,29,35,3882.8,3497.7,2.3032,2.876,2.0438,2.1304,2.876,2.1304,553.29,555.14,0.1582
AL111973,AL071938,UNNAMED,1973,UNNAMED,1938,atlantic,25,30,2088.5,2979.7,3.6241,5.2881,3.1901,4.28,5.2881,4.28,553.5,552.73,0.265
EP022008,EP141990,BORIS,2008,KENNA,1990,pacific,37,35,3407.0,3297.7,2.6251,4.3385,2.122,4.0,4.3385,4.0,553.56,553.47,0.1679
AL091898,AL051897,UNNAMED,1898,UNNAMED,1897,atlantic,51,54,5778.6,6480.2,3.2306,3.9228,2.5719,2.8784,3.9228,2.8784,553.62,561.6,0.0958
EP091975,EP151991,ILSA,1975,MARTY,1991,pacific,35,45,3702.5,3787.0,2.4431,3.5044,2.0773,2.9298,3.5044,2.9298,554.43,551.78,0.1497
EP212015,EP032010,RICK,2015,BLAS,2010,pacific,33,32,2656.5,2421.7,3.0267,6.4983,2.7244,5.883,6.4983,5.883,555.35,555.21,0.2293
AL041951,AL072012,CHARLIE,1951,HELENE,2012,atlantic,52,38,6103.1,6462.7,2.3552,2.993,2.018,2.1979,2.993,2.1979,555.65,550.28,0.091
EP031975,EP031978,CARLOTTA,1975,CARLOTTA,1978,pacific,35,35,3223.3,3463.0,2.2725,2.8311,2.0371,2.1831,2.8311,2.1831,555.88,554.87,0.1725
EP021949,EP071995,UNNAMED,1949,FLOSSIE,1995,pacific,25,27,1932.2,1994.8,2.8231,2.8638,2.1257,2.0764,2.8638,2.1257,556.16,555.94,0.2878
EP011958,EP032015,UNNAMED,1958,CARLOS,2015,pacific,41,32,2326.6,1646.1,3.2245,3.6615,2.7701,2.989,3.6615,2.989,556.75,556.72,0.3382
EP091982,EP061982,IVA,1982,FABIO,1982,pacific,30,32,2868.6,3229.7,2.2791,2.8377,2.0641,2.0413,2.8377,2.0641,556.89,556.59,0.1941
EP051990,EP021969,ELIDA,1990,BERNICE,1969,pacific,26,33,3108.3,3454.0,2.5768,2.6418,2.0222,2.1403,2.6418,2.1403,556.98,558.73,0.1792
AL011926,AL042005,UNNAMED,1926,DENNIS,2005,atlantic,47,59,5865.2,6197.4,3.0748,5.658,2.6651,5.3281,5.658,5.3281,557.09,558.83,0.095
EP142014,EP132003,NORBERT,2014,MARTY,2003,pacific,35,31,2287.0,2213.3,4.6331,4.7409,4.3671,4.1061,4.7409,4.3671,557.63,557.43,0.2519
EP071978,EP091971,GILMA,1978,ILSA,1971,pacific,29,35,3515.2,3497.7,2.737,2.876,2.2197,2.1304,2.876,2.2197,558.13,559.34,0.1596
EP161970,EP151991,PATRICIA,1970,MARTY,1991,pacific,31,45,3843.2,3787.0,2.5225,3.5044,2.0684,2.9298,3.5044,2.9298,559.44,562.45,0.1477
AL121995,AL101953,KAREN,1995,GAIL,1953,atlantic,31,41,3951.5,4869.7,2.8893,4.3806,2.2392,3.3155,4.3806,3.3155,559.48,561.88,0.1416
EP051951,EP011973,UNNAMED,1951,AVA,1973,pacific,29,43,3882.8,4230.9,2.3032,2.6463,2.0438,2.2613,2.6463,2.2613,559.66,559.05,0.1441
EP092013,EP142014,IVO,2013,NORBERT,2014,pacific,31,35,2188.1,2287.0,4.3133,4.6331,3.5845,4.3671,4.6331,4.3671,559.72,560.2,0.2558
EP041965,EP092011,BERNICE,1965,HILARY,2011,pacific,31,50,3270.7,3814.6,2.6861,3.078,2.071,2.4882,3.078,2.4882,560.16,561.6,0.1713
EP072011,EP042002,GREG,2011,CRISTINA,2002,pacific,26,30,3069.5,2784.4,2.2809,2.9566,2.0218,2.2326,2.9566,2.2326,560.45,560.33,0.2013
AL171972,AL101987,UNNAMED,1972,DENNIS,1987,atlantic,41,49,5612.6,6003.3,2.7262,3.0988,2.1957,2.6582,3.0988,2.6582,560.53,558.53,0.0999
EP071973,EP041983,GLENDA,1973,DALILIA,1983,pacific,25,26,2916.4,3053.3,2.6344,2.6498,2.1244,2.0481,2.6498,2.1244,560.97,561.27,0.1924
AL021928,AL061915,UNNAMED,1928,UNNAMED,1915,atlantic,42,42,4714.8,5646.7,2.7098,2.9134,2.2324,2.2993,2.9134,2.2993,561.31,562.21,0.1191
AL101886,AL031905,UNNAMED,1886,UNNAMED,1905,atlantic,25,28,2086.8,2514.7,2.8383,2.8685,2.3113,2.2468,2.8685,2.3113,561.59,561.5,0.2691
EP032011,EP141971,CALVIN,2011,NANETTE,1971,pacific,29,27,2472.4,2785.4,2.7811,2.9325,2.2133,2.1728,2.9325,2.2133,562.07,563.01,0.2273
AL021878,AL011917,UNNAMED,1878,UNNAMED,1917,atlantic,45,33,4466.6,4454.7,2.824,2.8545,2.1208,2.0615,2.8545,2.1208,562.15,561.86,0.1262
EP191968,EP032013,TARA,1968,COSME,2013,pacific,33,30,3732.7,4003.0,2.4341,2.7199,2.0593,2.0488,2.7199,2.0593,562.16,562.04,0.1506
EP021969,EP151989,BERNICE,1969,LORENA,1989,pacific,33,40,3454.0,3059.6,2.6418,2.6521,2.1403,2.0831,2.6521,2.1403,563.13,562.34,0.1841
EP131987,EP081995,MAX,1987,GIL,1995,pacific,29,28,2973.4,2562.3,2.9343,3.0351,2.1027,2.3445,3.0351,2.3445,563.14,562.88,0.2198
EP071971,EP211992,GEORGETTE,1971,SEYMOUR,1992,pacific,29,40,3063.9,2673.6,2.8533,2.8555,2.0997,2.4057,2.8555,2.4057,563.22,563.69,0.2107
EP172009,EP142009,NORA,2009,KEVIN,2009,pacific,31,39,2345.4,2830.1,2.6893,4.2237,2.2379,3.8065,4.2237,3.8065,563.39,563.55,0.2402
EP072011,EP011985,GREG,2011,ANDRES,1985,pacific,26,27,3069.5,3111.4,2.2809,2.8576,2.0218,2.3069,2.8576,2.3069,563.83,561.69,0.1837
EP052006,EP092008,DANIEL,2006,HERNAN,2008,pacific,48,41,4827.5,4412.5,2.3301,2.4154,2.0343,2.0804,2.4154,2.0804,563.84,562.07,0.1278
EP122003,EP031990,LINDA,2003,CRISTINA,1990,pacific,38,32,1942.6,1859.8,3.0414,3.0752,2.4099,2.4099,3.0752,2.4099,564.04,564.49,0.3033
EP021949,EP031949,UNNAMED,1949,UNNAMED,1949,pacific,25,25,1932.2,1751.1,2.8231,4.2162,2.1257,3.8278,4.2162,3.8278,564.4,565.34,0.3223
EP021949,EP142014,UNNAMED,1949,NORBERT,2014,pacific,25,35,1932.2,2287.0,2.8231,4.6331,2.1257,4.3671,4.6331,4.3671,564.74,563.4,0.2923
EP012002,EP172013,ALMA,2002,RAYMOND,2013,pacific,31,48,2231.6,3159.2,3.3669,5.3323,2.7706,4.6727,5.3323,4.6727,565.25,565.72,0.2533
EP101975,EP092011,JEWEL,1975,HILARY,2011,pacific,31,50,3215.6,3814.6,2.332,3.078,2.0541,2.4882,3.078,2.4882,565.28,567.65,0.1758
EP011970,EP161970,ADELE,1970,PATRICIA,1970,pacific,31,31,3614.8,3843.2,2.3398,2.5225,2.0493,2.0684,2.5225,2.0684,566.46,565.38,0.1567
EP031994,EP031978,CARLOTTA,1994,CARLOTTA,1978,pacific,29,35,3133.7,3463.0,2.601,2.8311,2.0157,2.1831,2.8311,2.1831,568.15,569.75,0.1813
EP121983,EP121968,LORENA,1983,LIZA,1968,pacific,34,37,2949.9,3210.0,2.3156,2.8112,2.0636,2.2138,2.8112,2.2138,569.83,568.83,0.1932
AL161970,AL041983,GRETA,1970,BARRY,1983,atlantic,35,26,2745.0,2710.7,2.5457,2.7496,2.2216,2.3052,2.7496,2.3052,569.91,572.62,0.2102
EP172013,EP111988,RAYMOND,2013,KRISTY,1988,pacific,48,34,3159.2,2329.5,5.3323,6.0905,4.6727,5.6866,6.0905,5.6866,570.25,569.98,0.2448
EP041965,EP091971,BERNICE,1965,ILSA,1971,pacific,31,35,3270.7,3497.7,2.6861,2.876,2.071,2.1304,2.876,2.1304,571.09,570.64,0.1746
EP061984,EP142014,FAUSTO,1984,NORBERT,2014,pacific,27,35,1852.1,2287.0,2.8643,4.6331,2.1482,4.3671,4.6331,4.3671,571.42,570.44,0.3085
EP041984,EP111978,DOUGLAS,1984,KRISTY,1978,pacific,48,38,4736.7,4575.6,2.5588,2.9432,2.0351,2.1868,2.9432,2.1868,572.14,572.13,0.125
AL021926,AL091964,UNNAMED,1926,GLADYS,1964,atlantic,42,48,4851.6,5959.9,2.877,3.0616,2.2299,2.3892,3.0616,2.3892,572.5,572.39,0.118
EP091998,EP191984,HOWARD,1998,SIMON,1984,pacific,40,33,4244.9,3895.8,2.7162,2.8192,2.1645,2.1999,2.8192,2.1999,572.86,572.09,0.147
EP072013,EP122004,GIL,2013,ISIS,2004,pacific,32,52,3328.6,3477.4,2.1258,4.4988,2.0595,3.6677,4.4988,3.6677,573.93,576.51,0.1724
EP141987,EP131971,NORMA,1987,MONICA,1971,pacific,25,29,1383.8,1786.1,2.7957,2.8781,2.2892,2.2595,2.8781,2.2892,574.45,573.59,0.4151
EP042014,EP062006,DOUGLAS,2014,EMILIA,2006,pacific,42,41,2709.5,3547.6,2.861,3.0499,2.0793,2.4644,3.0499,2.4644,575.04,574.99,0.2122
EP082009,EP112005,FELICIA,2009,KENNETH,2005,pacific,33,65,3772.3,4435.6,2.6616,3.1632,2.0327,2.836,3.1632,2.836,575.23,572.79,0.1525
AL091933,AL051863,UNNAMED,1933,UNNAMED,1863,atlantic,34,32,4693.1,4849.0,2.8172,2.8417,2.2803,2.1159,2.8417,2.2803,575.31,575.76,0.1226
EP172000,EP071995,OLIVIA,2000,FLOSSIE,1995,pacific,32,27,1858.6,1994.8,2.7196,2.8638,2.0964,2.0764,2.8638,2.0964,575.33,575.17,0.3096
EP041965,EP042010,BERNICE,1965,CELIA,2010,pacific,31,50,3270.7,3576.2,2.6861,5.2032,2.071,4.6541,5.2032,4.6541,575.59,575.21,0.176
EP092008,EP071981,HERNAN,2008,GREG,1981,pacific,41,38,4412.5,3966.7,2.4154,2.6712,2.0804,2.0763,2.6712,2.0804,575.61,575.09,0.1451
AL091889,AL011995,UNNAMED,1889,ALLISON,1995,atlantic,27,35,5466.8,6795.6,2.8155,2.9467,2.0484,2.3129,2.9467,2.3129,575.82,585.37,0.1053
AL061931,AL021878,UNNAMED,1931,UNNAMED,1878,atlantic,28,45,4219.4,4466.6,2.7662,2.824,2.0226,2.1208,2.824,2.1208,576.12,576.59,0.1365
EP061993,EP061989,EUGENE,1993,DALILIA,1989,pacific,38,42,5278.5,6262.2,2.8737,3.1341,2.1682,2.3329,3.1341,2.3329,577.68,580.21,0.1094
EP081967,EP101968,ILSA,1967,JOANNE,1968,pacific,25,29,2807.9,3420.8,2.6302,3.1184,2.1478,2.2374,3.1184,2.2374,578.73,591.73,0.2061
EP191990,EP141990,ODILE,1990,KENNA,1990,pacific,35,35,3292.0,3297.7,4.0465,4.3385,3.3713,4.0,4.3385,4.0,579.07,577.33,0.1759
EP102004,EP061968,GEORGETTE,2004,FERNANDA,1968,pacific,33,41,4364.6,4586.5,2.4515,2.8185,2.0278,2.3866,2.8185,2.3866,579.15,578.92,0.1327
EP131985,EP211992,MARTY,1985,SEYMOUR,1992,pacific,29,40,2793.0,2673.6,2.6219,2.8555,2.0863,2.4057,2.8555,2.4057,579.61,578.95,0.2168
EP122003,EP101996,LINDA,2003,GENEVIEVE,1996,pacific,38,46,1942.6,2093.2,3.0414,7.7033,2.4099,6.8232,7.7033,6.8232,579.66,579.43,0.2984
EP102006,EP072012,ILEANA,2006,GILMA,2012,pacific,32,33,2634.7,2276.0,2.4888,3.3391,2.0755,2.6973,3.3391,2.6973,579.67,579.35,0.2547
AL021937,AL061897,UNNAMED,1937,UNNAMED,1897,atlantic,28,36,3112.9,3954.8,2.8167,5.3181,2.14,4.9004,5.3181,4.9004,579.82,587.57,0.1863
AL041944,AL071892,UNNAMED,1944,UNNAMED,1892,atlantic,32,45,4307.1,4792.8,2.5154,2.7889,2.0442,2.023,2.7889,2.0442,579.96,578.58,0.1347
EP131974,EP061984,MAGGIE,1974,FAUSTO,1984,pacific,27,27,1971.7,1852.1,2.7761,2.8643,2.0592,2.1482,2.8643,2.1482,580.08,580.34,0.3132
EP171984,EP212014,POLO,1984,VANCE,2014,pacific,31,27,2879.2,2503.4,2.9165,3.6423,2.5596,3.1069,3.6423,3.1069,580.65,581.66,0.2319
EP131985,EP051952,MARTY,1985,UNNAMED,1952,pacific,29,29,2793.0,2268.3,2.6219,2.7852,2.0863,2.0579,2.7852,2.0863,580.85,579.14,0.2561
AL141933,AL131967,UNNAMED,1933,BEULAH,1967,atlantic,38,70,4759.0,5397.3,2.7187,3.5721,2.0314,2.88,3.5721,2.88,580.91,576.68,0.1221
AL061874,AL032005,UNNAMED,1874,CINDY,2005,atlantic,27,34,4527.5,4920.4,2.8251,3.1635,2.188,2.334,3.1635,2.334,580.95,588.35,0.1283
EP041981,EP081981,DORA,1981,HILARY,1981,pacific,25,29,2550.6,2505.9,2.2209,2.736,2.0216,2.1001,2.736,2.1001,581.27,580.3,0.232
EP192014,EP132009,SIMON,2014,JIMENA,2009,pacific,35,39,2992.3,2906.7,3.0425,6.193,2.5536,5.1536,6.193,5.1536,581.28,580.8,0.2
EP031986,EP132009,CELIA,1986,JIMENA,2009,pacific,25,39,2592.1,2906.7,2.7874,6.193,2.0621,5.1536,6.193,5.1536,581.37,580.98,0.2243
EP071996,EP041992,DOUGLAS,1996,CELIA,1992,pacific,33,50,4448.7,4767.8,2.3377,2.7584,2.0298,2.1205,2.7584,2.1205,581.43,580.36,0.1307
EP101980,EP042014,JAVIER,1980,DOUGLAS,2014,pacific,26,42,2812.3,2709.5,2.6574,2.861,2.0604,2.0793,2.861,2.0793,581.8,581.0,0.2147
EP061984,EP182014,FAUSTO,1984,RACHEL,2014,pacific,27,36,1852.1,2266.9,2.8643,5.7717,2.1482,5.3855,5.7717,5.3855,581.9,580.93,0.3142
EP051973,EP131987,EMILY,1973,MAX,1987,pacific,27,29,3038.9,2973.4,2.8746,2.9343,2.0982,2.1027,2.9343,2.1027,582.23,581.43,0.1958
EP101989,EP111995,GIL,1989,JULIETTE,1995,pacific,27,41,2425.7,2380.4,2.8082,4.4299,2.0463,3.7224,4.4299,3.7224,582.42,581.56,0.2447
EP082008,EP081976,GENEVIEVE,2008,HYACINTH,1976,pacific,40,31,4342.9,4452.1,2.2337,3.166,2.0577,2.5432,3.166,2.5432,582.63,580.28,0.1342
EP241990,EP031974,VANCE,1990,CONNIE,1974,pacific,41,61,2560.8,3047.1,5.5842,6.0068,4.6126,5.3342,6.0068,5.3342,582.68,581.83,0.2275
AL171980,AL112009,UNNAMED,1980,IDA,2009,atlantic,25,31,2215.8,2742.4,2.7255,2.7538,2.211,2.3305,2.7538,2.3305,582.71,581.98,0.263
EP051992,EP052015,DARBY,1992,DOLORES,2015,pacific,31,45,4044.1,3950.3,2.6655,3.4444,2.1576,2.9632,3.4444,2.9632,583.13,585.19,0.1476
EP142005,EP072012,NORMA,2005,GILMA,2012,pacific,33,33,1963.6,2276.0,3.1656,3.3391,2.6365,2.6973,3.3391,2.6973,583.27,584.51,0.297
EP121983,EP092011,LORENA,1983,HILARY,2011,pacific,34,50,2949.9,3814.6,2.3156,3.078,2.0636,2.4882,3.078,2.4882,583.76,581.79,0.1979
EP042006,EP021999,CARLOTTA,2006,BEATRIZ,1999,pacific,33,32,3342.9,3468.8,2.2134,2.5217,2.0248,2.0478,2.5217,2.0478,583.95,583.8,0.1747
EP121968,EP121991,LIZA,1968,JIMENA,1991,pacific,37,46,3210.0,3878.5,2.8112,2.8339,2.2138,2.121,2.8339,2.2138,584.1,581.53,0.182
EP102011,EP191983,JOVA,2011,TICO,1983,pacific,30,34,2172.9,2626.9,3.3277,3.5646,3.1284,3.0303,3.5646,3.1284,584.66,585.45,0.2691
EP092002,EP131967,GENEVIEVE,2002,NANETTE,1967,pacific,26,33,2291.9,2387.1,2.8155,3.4672,2.1319,3.0215,3.4672,3.0215,584.69,587.4,0.2551
EP022012,EP011958,BUD,2012,UNNAMED,1958,pacific,25,41,2039.8,2326.6,2.9769,3.2245,2.4497,2.7701,3.2245,2.7701,585.03,584.81,0.2868
EP191968,EP111985,TARA,1968,KEVIN,1985,pacific,33,36,3732.7,3463.1,2.4341,2.5263,2.0593,2.0471,2.5263,2.0593,585.51,583.72,0.1691
EP021969,EP191984,BERNICE,1969,SIMON,1984,pacific,33,33,3454.0,3895.8,2.6418,2.8192,2.1403,2.1999,2.8192,2.1999,586.05,585.25,0.1697
EP021999,EP071971,BEATRIZ,1999,GEORGETTE,1971,pacific,32,29,3468.8,3063.9,2.5217,2.8533,2.0478,2.0997,2.8533,2.0997,586.58,586.53,0.1914
EP131990,EP151990,JULIO,1990,LOWELL,1990,pacific,32,36,4291.8,4377.3,2.1848,2.2636,2.0464,2.0759,2.2636,2.0759,586.69,590.51,0.1367
EP192014,EP022015,SIMON,2014,BLANCA,2015,pacific,35,38,2992.3,2589.6,3.0425,4.427,2.5536,3.7822,4.427,3.7822,587.25,589.02,0.2268
EP032005,EP131987,CALVIN,2005,MAX,1987,pacific,30,29,3104.8,2973.4,2.7478,2.9343,2.3291,2.1027,2.9343,2.3291,588.37,587.06,0.1979
EP021981,EP061984,BEATRIZ,1981,FAUSTO,1984,pacific,25,27,2604.3,1852.1,2.8132,2.8643,2.1105,2.1482,2.8643,2.1482,588.46,587.26,0.3177
AL021890,AL031933,UNNAMED,1890,UNNAMED,1933,atlantic,41,55,4468.7,5806.1,2.756,3.3073,2.1607,2.6841,3.3073,2.6841,588.5,585.89,0.1317
AL021873,AL122012,UNNAMED,1873,LESLIE,2012,atlantic,64,60,8581.6,7931.7,2.9373,2.9426,2.449,2.3966,2.9426,2.449,589.09,586.8,0.0743
EP151967,EP072012,PRISCILLA,1967,GILMA,2012,pacific,27,33,2883.9,2276.0,2.7901,3.3391,2.0918,2.6973,3.3391,2.6973,589.31,588.37,0.2589
AL101878,AL101953,UNNAMED,1878,GAIL,1953,atlantic,28,41,3420.3,4869.7,2.7434,4.3806,2.0904,3.3155,4.3806,3.3155,589.7,589.37,0.1724
EP071990,EP121968,FAUSTO,1990,LIZA,1968,pacific,28,37,2874.0,3210.0,2.8029,2.8112,2.0342,2.2138,2.8112,2.2138,589.88,589.11,0.2052
AL141968,AL171933,GLADYS,1968,UNNAMED,1933,atlantic,34,33,4633.4,4589.4,2.8365,3.0504,2.1847,2.2551,3.0504,2.2551,590.15,594.75,0.1286
EP021999,EP061982,BEATRIZ,1999,FABIO,1982,pacific,32,32,3468.8,3229.7,2.5217,2.8377,2.0478,2.0413,2.8377,2.0478,590.63,589.62,0.1829
EP041965,EP131987,BERNICE,1965,MAX,1987,pacific,31,29,3270.7,2973.4,2.6861,2.9343,2.071,2.1027,2.9343,2.1027,591.02,589.49,0.1988
EP121970,EP081976,LORRAINE,1970,HYACINTH,1976,pacific,47,31,5151.9,4452.1,2.4018,3.166,2.1198,2.5432,3.166,2.5432,591.02,598.75,0.1328
EP052001,EP021983,DALILA,2001,BARBARA,1983,pacific,31,38,3162.7,3112.4,2.2173,3.1154,2.0093,2.2504,3.1154,2.2504,591.67,591.15,0.1901
EP051968,EP161974,ESTELLE,1968,PATRICIA,1974,pacific,33,43,4290.3,4820.8,2.3602,2.8964,2.1319,2.4476,2.8964,2.4476,591.76,589.43,0.1379
EP061988,EP111982,FABIO,1988,KRISTY,1982,pacific,49,34,4813.3,4607.4,2.7686,2.9495,2.0729,2.0873,2.9495,2.0873,592.15,592.71,0.1285
EP061995,EP142005,ERICK,1995,NORMA,2005,pacific,26,33,1607.0,1963.6,2.8954,3.1656,2.4649,2.6365,3.1656,2.6365,593.1,592.77,0.3691
EP071973,EP151967,GLENDA,1973,PRISCILLA,1967,pacific,25,27,2916.4,2883.9,2.6344,2.7901,2.1244,2.0918,2.7901,2.1244,593.15,591.79,0.2057
EP191968,EP101985,TARA,1968,JIMENA,1985,pacific,33,37,3732.7,3442.1,2.4341,2.8299,2.0593,2.0681,2.8299,2.0681,593.29,592.13,0.1724
EP121968,EP191982,LIZA,1968,TARA,1982,pacific,37,27,3210.0,3357.3,2.8112,2.8328,2.2138,2.1091,2.8328,2.2138,594.11,594.93,0.1851
EP042002,EP081995,CRISTINA,2002,GIL,1995,pacific,30,28,2784.4,2562.3,2.9566,3.0351,2.2326,2.3445,3.0351,2.3445,594.4,593.99,0.232
EP101975,EP091971,JEWEL,1975,ILSA,1971,pacific,31,35,3215.6,3497.7,2.332,2.876,2.0541,2.1304,2.876,2.1304,595.09,594.51,0.1851
EP172000,EP061984,OLIVIA,2000,FAUSTO,1984,pacific,32,27,1858.6,1852.1,2.7196,2.8643,2.0964,2.1482,2.8643,2.1482,595.37,594.21,0.3215
EP021969,EP111975,BERNICE,1969,KATRINA,1975,pacific,33,37,3454.0,3428.8,2.6418,2.8206,2.1403,2.1006,2.8206,2.1403,595.83,593.35,0.1738
EP141978,EP161997,NORMAN,1978,NORA,1997,pacific,30,43,3921.7,3381.1,2.7288,2.7529,2.2713,2.3289,2.7529,2.3289,596.23,596.07,0.1763
EP191968,EP041966,TARA,1968,DOLORES,1966,pacific,33,38,3732.7,4065.1,2.4341,3.6252,2.0593,2.7822,3.6252,2.7822,596.27,594.93,0.1597
EP012002,EP012001,ALMA,2002,ADOLPH,2001,pacific,31,29,2231.6,1716.0,3.3669,4.4047,2.7706,3.95,4.4047,3.95,597.22,597.63,0.348
AL121953,AL011945,HAZEL,1953,UNNAMED,1945,atlantic,40,59,6960.5,7294.3,2.7799,3.0611,2.1729,2.2301,3.0611,2.2301,597.76,610.21,0.0859
EP031991,EP031998,CARLOS,1991,BLAS,1998,pacific,45,36,4480.9,4293.6,2.2153,2.6671,2.0679,2.0317,2.6671,2.0679,598.41,599.69,0.1394
EP131990,EP081976,JULIO,1990,HYACINTH,1976,pacific,32,31,4291.8,4452.1,2.1848,3.166,2.0464,2.5432,3.166,2.5432,599.43,605.6,0.1397
AL011912,AL011957,UNNAMED,1912,UNNAMED,1957,atlantic,42,32,3769.3,3786.8,3.665,4.9405,3.2059,4.0484,4.9405,4.0484,599.67,598.31,0.1591
AL111950,AL011953,KING,1950,ALICE,1953,atlantic,31,53,2550.7,3423.2,2.7572,5.3557,2.3058,4.9093,5.3557,4.9093,599.87,597.99,0.2352
EP111983,EP062012,KIKO,1983,FABIO,2012,pacific,36,40,2531.4,3584.5,2.8347,3.0897,2.0963,2.484,3.0897,2.484,599.87,598.38,0.237
AL081968,AL061989,EDNA,1968,UNNAMED,1989,atlantic,31,36,3778.1,4661.5,2.0131,4.1905,2.0078,4.0196,4.1905,4.0196,600.72,599.26,0.159
EP102006,EP131987,ILEANA,2006,MAX,1987,pacific,32,29,2634.7,2973.4,2.4888,2.9343,2.0755,2.1027,2.9343,2.1027,601.15,602.46,0.2282
EP142003,EP152005,NORA,2003,OTIS,2005,pacific,28,31,1906.6,1807.8,3.9907,4.9107,3.2366,4.023,4.9107,4.023,602.11,601.7,0.3331
EP102002,EP041979,HERNAN,2002,DOLORES,1979,pacific,31,27,2759.0,3344.6,2.7955,2.8028,2.1277,2.0829,2.8028,2.1277,602.31,604.09,0.2183
EP091965,EP061992,GLENDA,1965,ESTELLE,1992,pacific,37,34,2841.5,3046.5,2.8505,2.9778,2.0503,2.2551,2.9778,2.2551,602.89,602.28,0.2122
EP211992,EP042014,SEYMOUR,1992,DOUGLAS,2014,pacific,40,42,2673.6,2709.5,2.8555,2.861,2.4057,2.0793,2.861,2.4057,602.96,601.94,0.2255
AL071966,AL061984,GRETA,1966,ARTHUR,1984,atlantic,26,33,2981.1,2659.4,2.7745,3.066,2.0938,2.1907,3.066,2.1907,602.99,603.02,0.2267
EP151985,EP091995,OLAF,1985,HENRIETTE,1995,pacific,38,29,3777.1,2968.8,2.9436,3.0336,2.377,2.1887,3.0336,2.377,603.26,603.18,0.2032
EP131990,EP181985,JULIO,1990,SANDRA,1985,pacific,32,46,4291.8,4778.5,2.1848,2.8266,2.0464,2.2004,2.8266,2.2004,603.47,600.7,0.1406
EP181989,EP022015,OCTAVE,1989,BLANCA,2015,pacific,33,38,3136.5,2589.6,2.9085,4.427,2.3092,3.7822,4.427,3.7822,603.99,603.28,0.2332
AL011917,AL091887,UNNAMED,1917,UNNAMED,1887,atlantic,33,47,4454.7,4967.3,2.8545,2.8733,2.0615,2.1342,2.8733,2.1342,604.08,603.82,0.1356
AL021878,AL131967,UNNAMED,1878,BEULAH,1967,atlantic,45,70,4466.6,5397.3,2.824,3.5721,2.1208,2.88,3.5721,2.88,604.23,603.55,0.1353
AL131887,AL061889,UNNAMED,1887,UNNAMED,1889,atlantic,53,61,6947.0,8267.9,3.8166,4.0967,3.0483,3.4185,4.0967,3.4185,604.49,601.13,0.087
EP011970,EP021969,ADELE,1970,BERNICE,1969,pacific,31,33,3614.8,3454.0,2.3398,2.6418,2.0493,2.1403,2.6418,2.1403,605.35,603.62,0.1753
AL041925,AL091880,UNNAMED,1925,UNNAMED,1880,atlantic,36,25,3393.3,3262.5,4.0202,4.5916,3.7245,3.999,4.5916,3.999,605.48,604.3,0.1856
EP021981,EP071995,BEATRIZ,1981,FLOSSIE,1995,pacific,25,27,2604.3,1994.8,2.8132,2.8638,2.1105,2.0764,2.8638,2.1105,605.7,604.51,0.3036
EP071973,EP141997,GLENDA,1973,LINDA,1997,pacific,25,34,2916.4,2843.1,2.6344,2.7992,2.1244,2.0408,2.7992,2.1244,607.51,607.04,0.2137
EP071995,EP182014,FLOSSIE,1995,RACHEL,2014,pacific,27,36,1994.8,2266.9,2.8638,5.7717,2.0764,5.3855,5.7717,5.3855,607.6,609.36,0.3046
EP111983,EP031984,KIKO,1983,CRISTINA,1984,pacific,36,36,2531.4,2384.8,2.8347,3.018,2.0963,2.2487,3.018,2.2487,607.99,610.26,0.2549
AL062005,AL131949,FRANKLIN,2005,UNNAMED,1949,atlantic,37,35,4255.8,4582.4,3.576,5.1408,2.8945,4.625,5.1408,4.625,607.99,606.71,0.1429
EP012003,EP082008,ANDRES,2003,GENEVIEVE,2008,pacific,28,40,4391.3,4342.9,2.1177,2.2337,2.024,2.0577,2.2337,2.0577,608.53,612.01,0.1401
EP091971,EP151991,ILSA,1971,MARTY,1991,pacific,35,45,3497.7,3787.0,2.876,3.5044,2.1304,2.9298,3.5044,2.9298,608.96,608.04,0.1741
EP042014,EP151985,DOUGLAS,2014,OLAF,1985,pacific,42,38,2709.5,3777.1,2.861,2.9436,2.0793,2.377,2.9436,2.377,609.56,609.4,0.225
AL111898,AL041888,UNNAMED,1898,UNNAMED,1888,atlantic,35,34,3478.2,3795.4,2.0976,2.3014,2.0065,2.0402,2.3014,2.0402,609.7,610.88,0.1753
EP021985,EP101976,BLANCA,1985,JOANNE,1976,pacific,41,41,3470.3,4340.3,2.184,3.7182,2.0533,3.1734,3.7182,3.1734,609.76,608.61,0.1757
EP091971,EP231990,ILSA,1971,TRUDY,1990,pacific,35,67,3497.7,3867.9,2.876,6.0575,2.1304,5.801,6.0575,5.801,609.89,609.49,0.1744
AL071931,AL101955,UNNAMED,1931,JANET,1955,atlantic,33,40,4839.5,5298.7,2.2311,2.4452,2.023,2.036,2.4452,2.036,610.22,608.14,0.1261
EP141997,EP112004,LINDA,1997,HOWARD,2004,pacific,34,44,2843.1,3817.7,2.7992,3.4043,2.0408,2.9561,3.4043,2.9561,610.58,611.16,0.2148
EP102000,EP211992,HECTOR,2000,SEYMOUR,1992,pacific,25,40,2342.3,2673.6,2.6403,2.8555,2.1366,2.4057,2.8555,2.4057,610.94,611.36,0.2608
EP071995,EP031984,FLOSSIE,1995,CRISTINA,1984,pacific,27,36,1994.8,2384.8,2.8638,3.018,2.0764,2.2487,3.018,2.2487,611.04,610.89,0.3063
EP021991,EP091972,BLANCA,1991,IVA,1972,pacific,30,33,3089.1,2969.9,2.1791,2.7878,2.0425,2.1127,2.7878,2.1127,612.06,613.24,0.2061
EP052002,EP061968,DOUGLAS,2002,FERNANDA,1968,pacific,27,41,3731.9,4586.5,2.5075,2.8185,2.0927,2.3866,2.8185,2.3866,613.41,612.56,0.1644
EP071972,EP062012,GWEN,1972,FABIO,2012,pacific,37,40,3423.8,3584.5,2.8603,3.0897,2.1205,2.484,3.0897,2.484,614.1,614.34,0.1794
EP172000,EP112012,OLIVIA,2000,KRISTY,2012,pacific,32,33,1858.6,2644.4,2.7196,5.4589,2.0964,4.2784,5.4589,4.2784,615.57,614.68,0.3312
EP121983,EP151985,LORENA,1983,OLAF,1985,pacific,34,38,2949.9,3777.1,2.3156,2.9436,2.0636,2.377,2.9436,2.377,617.12,614.48,0.2092
EP081990,EP052015,GENEVIEVE,1990,DOLORES,2015,pacific,35,45,3670.2,3950.3,2.6803,3.4444,2.0591,2.9632,3.4444,2.9632,618.34,616.54,0.1685
AL021931,AL101886,UNNAMED,1931,UNNAMED,1886,atlantic,26,25,2886.8,2086.8,2.726,2.8383,2.1527,2.3113,2.8383,2.3113,618.52,618.01,0.2964
EP042006,EP121991,CARLOTTA,2006,JIMENA,1991,pacific,33,46,3342.9,3878.5,2.2134,2.8339,2.0248,2.121,2.8339,2.121,619.46,619.48,0.1853
EP131985,EP101968,MARTY,1985,JOANNE,1968,pacific,29,29,2793.0,3420.8,2.6219,3.1184,2.0863,2.2374,3.1184,2.2374,619.82,620.38,0.2219
EP061972,EP132015,FERNANDA,1972,JIMENA,2015,pacific,49,63,5943.5,6222.8,2.8566,3.0906,2.1707,2.2811,3.0906,2.2811,619.82,623.16,0.1043
EP091984,EP052015,ISELLE,1984,DOLORES,2015,pacific,36,45,3422.5,3950.3,2.8124,3.4444,2.0841,2.9632,3.4444,2.9632,619.97,618.8,0.1811
EP071978,EP151991,GILMA,1978,MARTY,1991,pacific,29,45,3515.2,3787.0,2.737,3.5044,2.2197,2.9298,3.5044,2.9298,620.74,618.8,0.1766
EP052002,EP061981,DOUGLAS,2002,FERNANDA,1981,pacific,27,27,3731.9,4031.5,2.5075,2.8343,2.0927,2.0435,2.8343,2.0927,621.47,624.04,0.1665
EP101980,EP191982,JAVIER,1980,TARA,1982,pacific,26,27,2812.3,3357.3,2.6574,2.8328,2.0604,2.1091,2.8328,2.1091,621.6,620.29,0.221
EP051968,EP052011,ESTELLE,1968,EUGENE,2011,pacific,33,44,4290.3,4964.3,2.3602,2.3789,2.1319,2.0682,2.3789,2.1319,621.66,618.91,0.1449
EP051988,EP012007,EMILIA,1988,ALVIN,2007,pacific,25,43,2012.1,1953.9,2.7627,2.7914,2.1367,2.2391,2.7914,2.2391,623.3,623.56,0.319
EP031994,EP131986,CARLOTTA,1994,MADELINE,1986,pacific,29,28,3133.7,3514.4,2.601,3.1286,2.0157,2.6228,3.1286,2.6228,623.61,624.1,0.199
AL061941,AL011987,UNNAMED,1941,UNNAMED,1987,atlantic,29,31,2358.8,2266.1,3.9545,6.5419,3.4561,5.6844,6.5419,5.6844,623.9,623.4,0.2753
EP162003,EP111988,PATRICIA,2003,KRISTY,1988,pacific,25,34,1817.2,2329.5,2.8272,6.0905,2.093,5.6866,6.0905,5.6866,624.1,624.85,0.3434
EP032005,EP042002,CALVIN,2005,CRISTINA,2002,pacific,30,30,3104.8,2784.4,2.7478,2.9566,2.3291,2.2326,2.9566,2.3291,624.11,624.72,0.2241
EP052002,EP031978,DOUGLAS,2002,CARLOTTA,1978,pacific,27,35,3731.9,3463.0,2.5075,2.8311,2.0927,2.1831,2.8311,2.1831,624.4,624.18,0.1803
EP052001,EP041975,DALILA,2001,DENISE,1975,pacific,31,41,3162.7,3430.7,2.2173,3.506,2.0093,3.3506,3.506,3.3506,624.43,622.37,0.1974
EP041971,EP041982,DENISE,1971,DANIEL,1982,pacific,47,62,6393.0,7333.4,2.4899,3.5229,2.0686,3.0415,3.5229,3.0415,624.46,627.51,0.0977
EP041979,EP151985,DOLORES,1979,OLAF,1985,pacific,27,38,3344.6,3777.1,2.8028,2.9436,2.0829,2.377,2.9436,2.377,624.5,627.75,0.1867
EP181984,EP091988,RACHEL,1984,IVA,1988,pacific,36,36,2561.1,3148.6,2.2594,2.5953,2.0621,2.1418,2.5953,2.1418,624.97,623.51,0.244
EP142005,EP132012,NORMA,2005,MIRIAM,2012,pacific,33,44,1963.6,2548.0,3.1656,5.9554,2.6365,5.1072,5.9554,5.1072,625.54,624.95,0.3186
AL091964,AL041962,GLADYS,1964,DAISY,1962,atlantic,48,41,5959.9,5757.0,3.0616,3.0805,2.3892,2.4553,3.0805,2.4553,626.17,625.1,0.1088
AL091943,AL041852,UNNAMED,1943,UNNAMED,1852,atlantic,25,36,3200.5,3366.3,2.6796,2.8718,2.1445,2.3519,2.8718,2.3519,626.19,628.67,0.1957
EP081991,EP092012,GUILLERMO,1991,ILEANA,2012,pacific,28,47,3900.0,4321.6,2.2427,2.9081,2.0199,2.1872,2.9081,2.1872,626.25,622.8,0.1606
EP011973,EP091998,AVA,1973,HOWARD,1998,pacific,43,40,4230.9,4244.9,2.6463,2.7162,2.2613,2.1645,2.7162,2.2613,626.85,626.21,0.1482
AL031931,AL021878,UNNAMED,1931,UNNAMED,1878,atlantic,34,45,4088.4,4466.6,2.58,2.824,2.0297,2.1208,2.824,2.1208,626.86,626.64,0.1533
AL031889,AL111985,UNNAMED,1889,ISABEL,1985,atlantic,39,36,2770.8,3323.7,2.6594,3.9105,2.0984,3.463,3.9105,3.463,627.23,625.81,0.2264
AL051873,AL051897,UNNAMED,1873,UNNAMED,1897,atlantic,59,54,6229.8,6480.2,3.8019,3.9228,3.2756,2.8784,3.9228,3.2756,627.27,628.57,0.1007
EP121970,EP111968,LORRAINE,1970,KATHLEEN,1968,pacific,47,41,5151.9,4830.7,2.4018,2.5014,2.1198,2.0933,2.5014,2.1198,627.73,627.67,0.1299
AL061909,AL101955,UNNAMED,1909,JANET,1955,atlantic,34,40,4698.2,5298.7,2.424,2.4452,2.0267,2.036,2.4452,2.036,628.13,631.97,0.1337
AL021903,AL072012,UNNAMED,1903,HELENE,2012,atlantic,43,38,6318.1,6462.7,2.6122,2.993,2.097,2.1979,2.993,2.1979,628.25,628.51,0.0994
EP032011,EP012002,CALVIN,2011,ALMA,2002,pacific,29,31,2472.4,2231.6,2.7811,3.3669,2.2133,2.7706,3.3669,2.7706,628.88,629.2,0.2818
EP012014,EP212006,AMANDA,2014,SERGIO,2006,pacific,30,29,1281.1,1163.3,3.7335,4.5437,3.3889,3.941,4.5437,3.941,628.93,628.9,0.5406
EP071978,EP071990,GILMA,1978,FAUSTO,1990,pacific,29,28,3515.2,2874.0,2.737,2.8029,2.2197,2.0342,2.8029,2.2197,628.98,628.94,0.2189
EP021949,EP141967,UNNAMED,1949,OLIVIA,1967,pacific,25,37,1932.2,2259.8,2.8231,2.9693,2.1257,2.6987,2.9693,2.6987,628.98,628.42,0.3255
EP121989,EP161974,ISMAEL,1989,PATRICIA,1974,pacific,45,43,4643.8,4820.8,2.6377,2.8964,2.0802,2.4476,2.8964,2.4476,629.66,630.54,0.1356
EP181989,EP062012,OCTAVE,1989,FABIO,2012,pacific,33,40,3136.5,3584.5,2.9085,3.0897,2.3092,2.484,3.0897,2.484,629.98,629.7,0.2009
EP101982,EP161990,JOHN,1982,MARIE,1990,pacific,35,55,4162.5,4374.9,2.324,2.6101,2.0184,2.1778,2.6101,2.1778,630.04,629.55,0.1514
AL051958,AL051933,ELLA,1958,UNNAMED,1933,atlantic,35,51,4739.1,5012.8,2.7804,2.9093,2.0502,2.0897,2.9093,2.0897,631.49,631.93,0.1333
EP041978,EP081976,DANIEL,1978,HYACINTH,1976,pacific,29,31,4135.6,4452.1,2.4797,3.166,2.0329,2.5432,3.166,2.5432,631.96,636.0,0.1528
EP072011,EP131987,GREG,2011,MAX,1987,pacific,26,29,3069.5,2973.4,2.2809,2.9343,2.0218,2.1027,2.9343,2.1027,632.22,633.65,0.2126
EP131971,EP181970,MONICA,1971,SELMA,1970,pacific,29,29,1786.1,1775.3,2.8781,3.8382,2.2595,3.6881,3.8382,3.6881,634.0,633.53,0.3571
EP071973,EP032005,GLENDA,1973,CALVIN,2005,pacific,25,30,2916.4,3104.8,2.6344,2.7478,2.1244,2.3291,2.7478,2.3291,634.18,634.62,0.2175
AL041865,AL031933,UNNAMED,1865,UNNAMED,1933,atlantic,37,55,5093.3,5806.1,2.7947,3.3073,2.1844,2.6841,3.3073,2.6841,634.4,632.45,0.1246
EP141997,EP171994,LINDA,1997,OLIVIA,1994,pacific,34,31,2843.1,2470.6,2.7992,4.5709,2.0408,4.095,4.5709,4.095,634.61,634.98,0.2569
EP102006,EP042002,ILEANA,2006,CRISTINA,2002,pacific,32,30,2634.7,2784.4,2.4888,2.9566,2.0755,2.2326,2.9566,2.2326,634.84,633.3,0.241
EP031975,EP092012,CARLOTTA,1975,ILEANA,2012,pacific,35,47,3223.3,4321.6,2.2725,2.9081,2.0371,2.1872,2.9081,2.1872,635.34,634.17,0.1971
EP151982,EP062006,OLIVIA,1982,EMILIA,2006,pacific,29,41,3481.5,3547.6,2.7446,3.0499,2.2484,2.4644,3.0499,2.4644,635.74,635.88,0.1826
EP121991,EP061982,JIMENA,1991,FABIO,1982,pacific,46,32,3878.5,3229.7,2.8339,2.8377,2.121,2.0413,2.8377,2.121,636.34,638.45,0.197
EP081998,EP072007,GEORGETTE,1998,DALILA,2007,pacific,26,34,2484.7,2513.5,2.7905,2.8999,2.0273,2.3392,2.8999,2.3392,636.75,636.19,0.2563
EP071987,EP131987,GREG,1987,MAX,1987,pacific,28,29,2828.1,2973.4,2.6188,2.9343,2.1336,2.1027,2.9343,2.1336,637.32,638.2,0.2254
EP101982,EP121985,JOHN,1982,LINDA,1985,pacific,35,42,4162.5,4011.0,2.324,2.7832,2.0184,2.0949,2.7832,2.0949,637.64,637.79,0.159
EP061997,EP171985,DOLORES,1997,RICK,1985,pacific,30,45,4000.0,5065.2,2.7788,2.8364,2.0358,2.1969,2.8364,2.1969,637.99,636.33,0.1595
EP111975,EP112004,KATRINA,1975,HOWARD,2004,pacific,37,44,3428.8,3817.7,2.8206,3.4043,2.1006,2.9561,3.4043,2.9561,638.09,635.82,0.1861
EP121988,EP081983,LANE,1988,HENRIETTE,1983,pacific,38,42,4613.8,5428.9,2.3311,2.7524,2.0376,2.2058,2.7524,2.2058,638.32,635.29,0.1384
AL011861,AL041852,UNNAMED,1861,UNNAMED,1852,atlantic,28,36,3003.5,3366.3,2.7822,2.8718,2.1007,2.3519,2.8718,2.3519,638.37,637.83,0.2125
EP041983,EP131987,DALILIA,1983,MAX,1987,pacific,26,29,3053.3,2973.4,2.6498,2.9343,2.0481,2.1027,2.9343,2.1027,639.21,638.08,0.215
EP071973,EP111975,GLENDA,1973,KATRINA,1975,pacific,25,37,2916.4,3428.8,2.6344,2.8206,2.1244,2.1006,2.8206,2.1244,639.33,638.13,0.2192
EP121976,EP141967,LIZA,1976,OLIVIA,1967,pacific,26,37,1962.6,2259.8,2.7204,2.9693,2.3272,2.6987,2.9693,2.6987,639.99,639.46,0.3261
AL061897,AL011962,UNNAMED,1897,ALMA,1962,atlantic,36,30,3954.8,4165.7,5.3181,6.2304,4.9004,5.3661,6.2304,5.3661,640.06,640.87,0.1618
AL121968,AL121893,FRANCES,1968,UNNAMED,1893,atlantic,30,32,4056.5,4609.3,2.722,2.8416,2.1409,2.4665,2.8416,2.4665,641.0,643.34,0.158
EP081965,EP091965,FLORENCE,1965,GLENDA,1965,pacific,31,37,2685.9,2841.5,2.4369,2.8505,2.0298,2.0503,2.8505,2.0503,641.38,641.14,0.2388
AL171976,AL101916,GLORIA,1976,UNNAMED,1916,atlantic,35,35,3603.2,4252.3,2.8177,3.3577,2.3698,2.6543,3.3577,2.6543,641.94,639.74,0.1782
EP191968,EP081993,TARA,1968,GREG,1993,pacific,33,56,3732.7,4354.3,2.4341,2.5891,2.0593,2.2162,2.5891,2.2162,642.0,641.21,0.172
EP051968,EP041978,ESTELLE,1968,DANIEL,1978,pacific,33,29,4290.3,4135.6,2.3602,2.4797,2.1319,2.0329,2.4797,2.1319,642.45,643.88,0.1553
AL091909,AL051985,UNNAMED,1909,ELENA,1985,atlantic,35,33,3543.6,3913.5,2.8433,4.73,2.1384,4.3935,4.73,4.3935,642.65,641.67,0.1814
EP111985,EP031978,KEVIN,1985,CARLOTTA,1978,pacific,36,35,3463.1,3463.0,2.5263,2.8311,2.0471,2.1831,2.8311,2.1831,643.02,642.23,0.1857
EP091998,EP092012,HOWARD,1998,ILEANA,2012,pacific,40,47,4244.9,4321.6,2.7162,2.9081,2.1645,2.1872,2.9081,2.1872,643.04,644.11,0.1515
EP071987,EP071973,GREG,1987,GLENDA,1973,pacific,28,25,2828.1,2916.4,2.6188,2.6344,2.1336,2.1244,2.6344,2.1336,643.11,644.06,0.2274
EP141971,EP011969,NANETTE,1971,AVA,1969,pacific,27,28,2785.4,2899.2,2.9325,3.0108,2.1728,2.3607,3.0108,2.3607,643.28,644.12,0.2309
EP132012,EP101996,MIRIAM,2012,GENEVIEVE,1996,pacific,44,46,2548.0,2093.2,5.9554,7.7033,5.1072,6.8232,7.7033,6.8232,643.37,642.79,0.3074
EP022012,EP202009,BUD,2012,RICK,2009,pacific,25,27,2039.8,2786.8,2.9769,3.1735,2.4497,2.702,3.1735,2.702,643.44,644.19,0.3154
EP061981,EP081976,FERNANDA,1981,HYACINTH,1976,pacific,27,31,4031.5,4452.1,2.8343,3.166,2.0435,2.5432,3.166,2.5432,643.86,652.96,0.1597
EP111967,EP152015,LILY,1967,LINDA,2015,pacific,27,40,3183.7,2904.4,2.933,4.1596,2.4692,4.0,4.1596,4.0,643.92,644.78,0.2217
EP032000,EP021983,CARLOTTA,2000,BARBARA,1983,pacific,27,38,2846.7,3112.4,2.6326,3.1154,2.0333,2.2504,3.1154,2.2504,644.14,644.35,0.2263
EP131987,EP092011,MAX,1987,HILARY,2011,pacific,29,50,2973.4,3814.6,2.9343,3.078,2.1027,2.4882,3.078,2.4882,644.45,643.16,0.2167
EP032000,EP132009,CARLOTTA,2000,JIMENA,2009,pacific,27,39,2846.7,2906.7,2.6326,6.193,2.0333,5.1536,6.193,5.1536,644.98,647.35,0.2266
AL011953,AL172008,ALICE,1953,PALOMA,2008,atlantic,53,35,3423.2,2803.1,5.3557,5.5955,4.9093,4.4116,5.5955,4.9093,645.49,644.16,0.2303
EP141971,EP011976,NANETTE,1971,ANNETTE,1976,pacific,27,44,2785.4,2765.1,2.9325,4.5613,2.1728,4.0,4.5613,4.0,645.66,645.25,0.2335
EP032013,EP061981,COSME,2013,FERNANDA,1981,pacific,30,27,4003.0,4031.5,2.7199,2.8343,2.0488,2.0435,2.8343,2.0488,646.09,645.46,0.1614
AL091974,AL121893,BECKY,1974,UNNAMED,1893,atlantic,28,32,3847.8,4609.3,2.7348,2.8416,2.1478,2.4665,2.8416,2.4665,646.51,647.03,0.168
EP152014,EP192014,ODILE,2014,SIMON,2014,pacific,37,35,2674.4,2992.3,2.7771,3.0425,2.2596,2.5536,3.0425,2.5536,647.04,648.64,0.2419
EP092013,EP111995,IVO,2013,JULIETTE,1995,pacific,31,41,2188.1,2380.4,4.3133,4.4299,3.5845,3.7224,4.4299,3.7224,647.47,646.47,0.2959
AL071957,AL102000,FRIEDA,1957,FLORENCE,2000,atlantic,29,29,4269.1,3246.1,5.3257,5.9278,4.0191,5.0304,5.9278,5.0304,647.95,646.15,0.1996
EP101980,EP061992,JAVIER,1980,ESTELLE,1992,pacific,26,34,2812.3,3046.5,2.6574,2.9778,2.0604,2.2551,2.9778,2.2551,650.21,648.65,0.2312
EP101972,EP022015,JOANNE,1972,BLANCA,2015,pacific,29,38,2978.3,2589.6,2.7894,4.427,2.1554,3.7822,4.427,3.7822,650.38,650.82,0.2512
EP051972,EP171990,ESTELLE,1972,NORBERT,1990,pacific,31,39,3165.3,2873.0,2.9182,3.2445,2.11,2.4441,3.2445,2.4441,651.05,650.44,0.2266
EP111985,EP121991,KEVIN,1985,JIMENA,1991,pacific,36,46,3463.1,3878.5,2.5263,2.8339,2.0471,2.121,2.8339,2.121,651.21,648.27,0.188
EP051998,EP102005,DARBY,1998,JOVA,2005,pacific,37,53,4740.7,4857.7,2.7258,2.9194,2.0306,2.1603,2.9194,2.1603,651.67,654.81,0.1375
EP191983,EP212014,TICO,1983,VANCE,2014,pacific,34,27,2626.9,2503.4,3.5646,3.6423,3.0303,3.1069,3.6423,3.1069,651.68,651.44,0.2603
EP041994,EP091974,DANIEL,1994,IONE,1974,pacific,26,42,3612.9,3636.5,2.3289,3.9162,2.0289,3.4584,3.9162,3.4584,651.78,651.64,0.1804
EP041988,EP051979,DANIEL,1988,ENRIQUE,1979,pacific,30,29,2815.9,2719.3,2.7609,2.8486,2.255,2.0898,2.8486,2.255,651.89,653.01,0.2397
AL091932,AL041888,UNNAMED,1932,UNNAMED,1888,atlantic,31,34,3844.6,3795.4,2.0719,2.3014,2.0083,2.0402,2.3014,2.0402,652.16,652.56,0.1718
AL112009,AL061940,IDA,2009,UNNAMED,1940,atlantic,31,29,2742.4,3262.2,2.7538,2.9051,2.3305,2.3869,2.9051,2.3869,652.46,651.63,0.2379
EP021999,EP111985,BEATRIZ,1999,KEVIN,1985,pacific,32,36,3468.8,3463.1,2.5217,2.5263,2.0478,2.0471,2.5263,2.0478,653.52,652.03,0.1887
EP071990,EP081980,FAUSTO,1990,HOWARD,1980,pacific,28,30,2874.0,2637.3,2.8029,2.8224,2.0342,2.0695,2.8224,2.0695,653.56,653.1,0.2478
EP121983,EP071978,LORENA,1983,GILMA,1978,pacific,34,29,2949.9,3515.2,2.3156,2.737,2.0636,2.2197,2.737,2.2197,653.8,652.2,0.2216
AL011910,AL021943,UNNAMED,1910,UNNAMED,1943,atlantic,27,26,3792.6,3415.3,2.8,2.8551,2.1252,2.3126,2.8551,2.3126,653.8,657.1,0.1914
EP071995,EP111995,FLOSSIE,1995,JULIETTE,1995,pacific,27,41,1994.8,2380.4,2.8638,4.4299,2.0764,3.7224,4.4299,3.7224,654.36,654.99,0.328
EP091982,EP141991,IVA,1982,LINDA,1991,pacific,30,42,2868.6,2907.1,2.2791,2.8388,2.0641,2.3671,2.8388,2.3671,654.42,655.13,0.2281
EP041988,EP091965,DANIEL,1988,GLENDA,1965,pacific,30,37,2815.9,2841.5,2.7609,2.8505,2.255,2.0503,2.8505,2.255,655.7,657.29,0.2329
AL041894,AL081901,UNNAMED,1894,UNNAMED,1901,atlantic,57,44,6250.9,7032.4,3.1358,3.2536,2.4854,3.0848,3.2536,3.0848,655.9,655.37,0.1049
EP032000,EP041975,CARLOTTA,2000,DENISE,1975,pacific,27,41,2846.7,3430.7,2.6326,3.506,2.0333,3.3506,3.506,3.3506,656.27,654.01,0.2305
EP142005,EP101996,NORMA,2005,GENEVIEVE,1996,pacific,33,46,1963.6,2093.2,3.1656,7.7033,2.6365,6.8232,7.7033,6.8232,657.33,656.99,0.3348
EP071987,EP112004,GREG,1987,HOWARD,2004,pacific,28,44,2828.1,3817.7,2.6188,3.4043,2.1336,2.9561,3.4043,2.9561,657.52,657.3,0.2325
EP082012,EP142014,HECTOR,2012,NORBERT,2014,pacific,35,35,1887.5,2287.0,4.5223,4.6331,3.8648,4.3671,4.6331,4.3671,657.93,657.79,0.3486
EP151989,EP112004,LORENA,1989,HOWARD,2004,pacific,40,44,3059.6,3817.7,2.6521,3.4043,2.0831,2.9561,3.4043,2.9561,658.97,658.85,0.2154
EP111980,EP132015,KAY,1980,JIMENA,2015,pacific,55,63,6184.8,6222.8,2.8937,3.0906,2.2507,2.2811,3.0906,2.2811,659.54,657.35,0.1066
EP081992,EP041971,GEORGETTE,1992,DENISE,1971,pacific,48,47,6843.9,6393.0,2.2708,2.4899,2.0738,2.0686,2.4899,2.0738,660.08,658.0,0.1033
EP021999,EP101985,BEATRIZ,1999,JIMENA,1985,pacific,32,37,3468.8,3442.1,2.5217,2.8299,2.0478,2.0681,2.8299,2.0681,660.22,658.22,0.1918
AL021928,AL031883,UNNAMED,1928,UNNAMED,1883,atlantic,42,39,4714.8,4141.8,2.7098,2.7729,2.2324,2.086,2.7729,2.2324,660.34,660.06,0.1594
EP061984,EP111995,FAUSTO,1984,JULIETTE,1995,pacific,27,41,1852.1,2380.4,2.8643,4.4299,2.1482,3.7224,4.4299,3.7224,661.61,661.34,0.3572
EP072011,EP071978,GREG,2011,GILMA,1978,pacific,26,29,3069.5,3515.2,2.2809,2.737,2.0218,2.2197,2.737,2.2197,662.17,663.95,0.2157
AL171969,AL171974,HOLLY,1969,GERTRUDE,1974,atlantic,27,27,2286.9,2546.4,2.8377,4.8819,2.1407,3.831,4.8819,3.831,663.3,663.95,0.29
EP061995,EP112003,ERICK,1995,KEVIN,2003,pacific,26,28,1607.0,1786.9,2.8954,5.1945,2.4649,4.5271,5.1945,4.5271,663.38,662.69,0.4128
EP131982,EP071992,MIRIAM,1982,FRANK,1992,pacific,32,42,5566.0,4585.7,2.7731,2.7802,2.4098,2.2598,2.7802,2.4098,664.07,668.13,0.1448
EP061984,EP082012,FAUSTO,1984,HECTOR,2012,pacific,27,35,1852.1,1887.5,2.8643,4.5223,2.1482,3.8648,4.5223,3.8648,664.13,662.97,0.3586
EP091988,EP131987,IVA,1988,MAX,1987,pacific,36,29,3148.6,2973.4,2.5953,2.9343,2.1418,2.1027,2.9343,2.1418,664.23,665.73,0.2234
EP041983,EP011985,DALILIA,1983,ANDRES,1985,pacific,26,27,3053.3,3111.4,2.6498,2.8576,2.0481,2.3069,2.8576,2.3069,664.54,666.33,0.2176
AL061909,AL021960,UNNAMED,1909,ABBY,1960,atlantic,34,34,4698.2,4774.5,2.424,2.6518,2.0267,2.0502,2.6518,2.0502,666.78,666.61,0.1419
EP071987,EP042002,GREG,1987,CRISTINA,2002,pacific,28,30,2828.1,2784.4,2.6188,2.9566,2.1336,2.2326,2.9566,2.2326,666.82,669.03,0.2395
AL011927,AL081955,UNNAMED,1927,IONE,1955,atlantic,45,69,10760.7,12033.2,3.1985,3.5199,2.6846,2.9849,3.5199,2.9849,667.27,667.09,0.062
EP171987,EP111983,RAMON,1987,KIKO,1983,pacific,27,36,2340.8,2531.4,2.8043,2.8347,2.0879,2.0963,2.8347,2.0963,667.82,666.81,0.2853
AL111994,AL051891,FLORENCE,1994,UNNAMED,1891,atlantic,28,44,3798.8,4849.9,2.9431,3.2591,2.4691,2.5914,3.2591,2.5914,668.09,667.4,0.1759
EP091975,EP011973,ILSA,1975,AVA,1973,pacific,35,43,3702.5,4230.9,2.4431,2.6463,2.0773,2.2613,2.6463,2.2613,668.49,671.33,0.1806
AL111916,AL041955,UNNAMED,1916,EDITH,1955,atlantic,31,60,4928.6,6729.0,2.8072,8.1524,2.2611,6.6487,8.1524,6.6487,668.82,670.58,0.1357
EP051992,EP062002,DARBY,1992,ELIDA,2002,pacific,31,35,4044.1,4755.3,2.6655,2.7539,2.1576,2.1542,2.7539,2.1576,669.59,670.92,0.1656
EP131987,EP101990,MAX,1987,ISELLE,1990,pacific,29,38,2973.4,3312.3,2.9343,3.3338,2.1027,2.8177,3.3338,2.8177,669.78,667.51,0.2253
AL071944,AL091945,UNNAMED,1944,UNNAMED,1945,atlantic,32,39,5751.1,6848.9,3.0256,3.1169,2.3227,2.4862,3.1169,2.4862,669.89,666.75,0.1165
AL011918,AL031933,UNNAMED,1918,UNNAMED,1933,atlantic,28,55,5091.7,5806.1,2.802,3.3073,2.0787,2.6841,3.3073,2.6841,669.91,666.14,0.1316
AL022011,AL071977,BRET,2011,CLARA,1977,atlantic,29,27,2903.3,2928.6,3.9896,5.3339,3.4202,4.5001,5.3339,4.5001,670.52,670.44,0.231
AL061878,AL061958,UNNAMED,1878,FIFI,1958,atlantic,28,30,2857.1,3544.0,2.6377,2.838,2.1001,2.2816,2.838,2.2816,671.39,669.37,0.235
AL031941,AL012015,UNNAMED,1941,ANA,2015,atlantic,32,28,2795.5,2454.4,4.6063,5.4904,4.4111,4.768,5.4904,4.768,671.48,671.05,0.2736
AL071892,AL091887,UNNAMED,1892,UNNAMED,1887,atlantic,45,47,4792.8,4967.3,2.7889,2.8733,2.023,2.1342,2.8733,2.1342,671.79,670.71,0.1402
AL061879,AL041865,UNNAMED,1879,UNNAMED,1865,atlantic,33,37,4511.0,5093.3,2.784,2.7947,2.1031,2.1844,2.7947,2.1844,672.27,670.55,0.149
AL031854,AL041958,UNNAMED,1854,DAISY,1958,atlantic,25,30,4093.2,3949.3,2.7976,3.0398,2.4558,2.4959,3.0398,2.4959,673.41,675.07,0.1705
AL081954,AL051900,EDNA,1954,UNNAMED,1900,atlantic,41,42,5828.7,6190.3,2.8094,5.2676,2.3483,4.509,5.2676,4.509,673.62,671.8,0.1156
EP102006,EP071973,ILEANA,2006,GLENDA,1973,pacific,32,25,2634.7,2916.4,2.4888,2.6344,2.0755,2.1244,2.6344,2.1244,673.69,674.19,0.2557
EP092000,EP091995,GILMA,2000,HENRIETTE,1995,pacific,25,29,2151.0,2968.8,2.8266,3.0336,2.0738,2.1887,3.0336,2.1887,674.04,674.15,0.3134
EP091971,EP131987,ILSA,1971,MAX,1987,pacific,35,29,3497.7,2973.4,2.876,2.9343,2.1304,2.1027,2.9343,2.1304,674.64,675.06,0.2269
AL031874,AL041893,UNNAMED,1874,UNNAMED,1893,atlantic,42,47,6146.2,7756.8,2.742,3.0487,2.2582,2.4754,3.0487,2.4754,675.62,683.73,0.1099
EP102002,EP091995,HERNAN,2002,HENRIETTE,1995,pacific,31,29,2759.0,2968.8,2.7955,3.0336,2.1277,2.1887,3.0336,2.1887,676.07,677.93,0.245
EP021969,EP092012,BERNICE,1969,ILEANA,2012,pacific,33,47,3454.0,4321.6,2.6418,2.9081,2.1403,2.1872,2.9081,2.1872,676.84,678.41,0.196
AL111989,AL051960,HUGO,1989,DONNA,1960,atlantic,64,72,11435.4,11378.7,3.0183,3.2682,2.4902,2.613,3.2682,2.613,677.57,673.01,0.0595
EP151968,EP031978,ORLA,1968,CARLOTTA,1978,pacific,35,35,3312.7,3463.0,2.151,2.8311,2.0395,2.1831,2.8311,2.1831,677.69,678.68,0.2046
AL031889,AL011948,UNNAMED,1889,UNNAMED,1948,atlantic,39,28,2770.8,2353.3,2.6594,4.5231,2.0984,3.8205,4.5231,3.8205,678.15,679.18,0.2882
AL091974,AL082005,BECKY,1974,HARVEY,2005,atlantic,28,44,3847.8,4667.5,2.7348,4.782,2.1478,3.8254,4.782,3.8254,678.91,677.1,0.1764
EP022012,EP032015,BUD,2012,CARLOS,2015,pacific,25,32,2039.8,1646.1,2.9769,3.6615,2.4497,2.989,3.6615,2.989,679.91,679.32,0.413
EP081991,EP011970,GUILLERMO,1991,ADELE,1970,pacific,28,31,3900.0,3614.8,2.2427,2.3398,2.0199,2.0493,2.3398,2.0493,680.99,687.95,0.1884
AL142013,AL082012,MELISSA,2013,GORDON,2012,atlantic,26,26,4540.0,4253.4,2.7688,2.8873,2.3382,2.318,2.8873,2.3382,681.29,692.22,0.1602
EP171987,EP072007,RAMON,1987,DALILA,2007,pacific,27,34,2340.8,2513.5,2.8043,2.8999,2.0879,2.3392,2.8999,2.3392,681.76,680.15,0.2913
EP161968,EP192014,PAULINE,1968,SIMON,2014,pacific,31,35,2638.5,2992.3,2.8614,3.0425,2.1804,2.5536,3.0425,2.5536,681.99,680.72,0.2585
EP122003,EP012015,LINDA,2003,ANDRES,2015,pacific,38,40,1942.6,2669.1,3.0414,4.4998,2.4099,3.8035,4.4998,3.8035,682.94,683.08,0.3516
EP071978,EP092011,GILMA,1978,HILARY,2011,pacific,29,50,3515.2,3814.6,2.737,3.078,2.2197,2.4882,3.078,2.4882,683.8,681.82,0.1945
EP141978,EP041963,NORMAN,1978,JEN-KATH,1963,pacific,30,39,3921.7,4724.2,2.7288,3.3479,2.2713,2.7539,3.3479,2.7539,683.92,683.31,0.1744
EP162003,EP241990,PATRICIA,2003,VANCE,1990,pacific,25,41,1817.2,2560.8,2.8272,5.5842,2.093,4.6126,5.5842,4.6126,684.31,685.39,0.3766
EP111978,EP201992,KRISTY,1978,ROSLYN,1992,pacific,38,69,4575.6,4957.5,2.9432,5.415,2.1868,4.7556,5.415,4.7556,684.76,687.74,0.1497
EP071995,EP082012,FLOSSIE,1995,HECTOR,2012,pacific,27,35,1994.8,1887.5,2.8638,4.5223,2.0764,3.8648,4.5223,3.8648,685.5,685.54,0.3632
AL021940,AL032001,UNNAMED,1940,BARRY,2001,atlantic,31,25,1861.6,1783.4,2.7074,4.4872,2.3201,3.9867,4.4872,3.9867,685.54,685.44,0.3844
EP052002,EP031971,DOUGLAS,2002,CARLOTTA,1971,pacific,27,27,3731.9,3215.9,2.5075,2.8193,2.0927,2.0608,2.8193,2.0927,685.55,685.56,0.2132
EP031957,EP111967,UNNAMED,1957,LILY,1967,pacific,27,27,2269.0,3183.7,2.9228,2.933,2.1816,2.4692,2.933,2.4692,687.2,687.77,0.3029
EP102002,EP152015,HERNAN,2002,LINDA,2015,pacific,31,40,2759.0,2904.4,2.7955,4.1596,2.1277,4.0,4.1596,4.0,688.46,687.08,0.2495
AL051863,AL052001,UNNAMED,1863,DEAN,2001,atlantic,32,27,4849.0,5127.3,2.8417,2.9045,2.1159,2.3175,2.9045,2.3175,688.9,688.29,0.1421
EP091972,EP131986,IVA,1972,MADELINE,1986,pacific,33,28,2969.9,3514.4,2.7878,3.1286,2.1127,2.6228,3.1286,2.6228,689.03,691.2,0.232
EP161971,EP171986,PRISCILLA,1971,ROSLYN,1986,pacific,27,28,2593.4,3409.7,2.7408,3.0195,2.4027,2.5624,3.0195,2.5624,690.15,689.02,0.2661
AL021926,AL041962,UNNAMED,1926,DAISY,1962,atlantic,42,41,4851.6,5757.0,2.877,3.0805,2.2299,2.4553,3.0805,2.4553,690.52,689.17,0.1423
EP071978,EP131986,GILMA,1978,MADELINE,1986,pacific,29,28,3515.2,3514.4,2.737,3.1286,2.2197,2.6228,3.1286,2.6228,690.67,689.97,0.1965
EP101985,EP121991,JIMENA,1985,JIMENA,1991,pacific,37,46,3442.1,3878.5,2.8299,2.8339,2.0681,2.121,2.8339,2.121,690.93,689.34,0.2007
EP031994,EP061992,CARLOTTA,1994,ESTELLE,1992,pacific,29,34,3133.7,3046.5,2.601,2.9778,2.0157,2.2551,2.9778,2.2551,691.36,692.03,0.2269
AL051905,AL061885,UNNAMED,1905,UNNAMED,1885,atlantic,28,37,2703.2,2146.3,2.8203,3.1883,2.3443,2.7176,3.1883,2.7176,691.49,692.73,0.3222
EP131985,EP061992,MARTY,1985,ESTELLE,1992,pacific,29,34,2793.0,3046.5,2.6219,2.9778,2.0863,2.2551,2.9778,2.2551,691.82,692.03,0.2477
EP061982,EP131986,FABIO,1982,MADELINE,1986,pacific,32,28,3229.7,3514.4,2.8377,3.1286,2.0413,2.6228,3.1286,2.6228,691.86,691.17,0.2142
AL151936,AL031966,UNNAMED,1936,CELIA,1966,atlantic,28,36,4158.7,5654.6,2.7267,3.9638,2.2993,3.1503,3.9638,3.1503,691.92,688.92,0.1664
EP031988,EP191982,CARLOTTA,1988,TARA,1982,pacific,28,27,2785.9,3357.3,2.411,2.8328,2.065,2.1091,2.8328,2.1091,692.18,692.24,0.2485
EP031975,EP011970,CARLOTTA,1975,ADELE,1970,pacific,35,31,3223.3,3614.8,2.2725,2.3398,2.0371,2.0493,2.3398,2.0493,692.5,698.56,0.2148
EP172009,EP141991,NORA,2009,LINDA,1991,pacific,31,42,2345.4,2907.1,2.6893,2.8388,2.2379,2.3671,2.8388,2.3671,692.66,691.35,0.2953
AL032009,AL041998,BILL,2009,DANIELLE,1998,atlantic,46,61,10117.7,10969.9,2.9967,3.7446,2.345,3.1381,3.7446,3.1381,692.95,694.56,0.0685
EP211992,EP212015,SEYMOUR,1992,RICK,2015,pacific,40,33,2673.6,2656.5,2.8555,3.0267,2.4057,2.7244,3.0267,2.7244,693.29,692.87,0.261
EP041979,EP152015,DOLORES,1979,LINDA,2015,pacific,27,40,3344.6,2904.4,2.8028,4.1596,2.0829,4.0,4.1596,4.0,694.21,693.28,0.239
EP091988,EP042002,IVA,1988,CRISTINA,2002,pacific,36,30,3148.6,2784.4,2.5953,2.9566,2.1418,2.2326,2.9566,2.2326,694.34,694.04,0.2494
EP111954,EP141971,UNNAMED,1954,NANETTE,1971,pacific,25,27,3004.4,2785.4,2.4601,2.9325,2.0571,2.1728,2.9325,2.1728,694.43,695.28,0.2493
EP071973,EP091971,GLENDA,1973,ILSA,1971,pacific,25,35,2916.4,3497.7,2.6344,2.876,2.1244,2.1304,2.876,2.1304,694.8,693.87,0.2382
EP011983,EP171986,ADOLPH,1983,ROSLYN,1986,pacific,31,28,2890.9,3409.7,2.7723,3.0195,2.192,2.5624,3.0195,2.5624,697.51,697.6,0.2413
EP031968,EP091995,CELESTE,1968,HENRIETTE,1995,pacific,27,29,2831.4,2968.8,2.2915,3.0336,2.0375,2.1887,3.0336,2.1887,697.53,697.89,0.2464
EP012003,EP161974,ANDRES,2003,PATRICIA,1974,pacific,28,43,4391.3,4820.8,2.1177,2.8964,2.024,2.4476,2.8964,2.4476,697.79,699.46,0.1589
EP101985,EP191982,JIMENA,1985,TARA,1982,pacific,37,27,3442.1,3357.3,2.8299,2.8328,2.0681,2.1091,2.8328,2.1091,699.32,699.73,0.2083
AL061915,AL041896,UNNAMED,1915,UNNAMED,1896,atlantic,42,35,5646.7,5126.8,2.9134,3.0424,2.2993,2.3782,3.0424,2.3782,699.77,700.23,0.1365
AL051899,AL041926,UNNAMED,1899,UNNAMED,1926,atlantic,52,95,7647.1,8485.3,3.2465,5.8145,2.6084,5.0897,5.8145,5.0897,700.04,701.06,0.0915
EP141997,EP101983,LINDA,1997,JULIETTE,1983,pacific,34,31,2843.1,2490.7,2.7992,3.016,2.0408,2.2648,3.016,2.2648,700.43,700.6,0.2812
AL021880,AL101974,UNNAMED,1880,CARMEN,1974,atlantic,45,49,5025.2,5514.8,2.8083,2.944,2.1374,2.4453,2.944,2.4453,700.91,696.96,0.1395
EP151967,EP131987,PRISCILLA,1967,MAX,1987,pacific,27,29,2883.9,2973.4,2.7901,2.9343,2.0918,2.1027,2.9343,2.1027,701.33,699.39,0.2432
AL102008,AL061989,JOSEPHINE,2008,UNNAMED,1989,atlantic,33,36,3551.4,4661.5,2.2293,4.1905,2.0687,4.0196,4.1905,4.0196,701.71,700.52,0.1976
AL051905,AL021972,UNNAMED,1905,AGNES,1972,atlantic,28,35,2703.2,3426.9,2.8203,3.1446,2.3443,2.4025,3.1446,2.4025,701.94,702.11,0.2597
EP151989,EP101983,LORENA,1989,JULIETTE,1983,pacific,40,31,3059.6,2490.7,2.6521,3.016,2.0831,2.2648,3.016,2.2648,702.02,702.92,0.2819
EP131974,EP112012,MAGGIE,1974,KRISTY,2012,pacific,27,33,1971.7,2644.4,2.7761,5.4589,2.0592,4.2784,5.4589,4.2784,702.12,701.72,0.3561
EP151967,EP042002,PRISCILLA,1967,CRISTINA,2002,pacific,27,30,2883.9,2784.4,2.7901,2.9566,2.0918,2.2326,2.9566,2.2326,702.68,702.25,0.2524
EP091982,EP191990,IVA,1982,ODILE,1990,pacific,30,35,2868.6,3292.0,2.2791,4.0465,2.0641,3.3713,4.0465,3.3713,703.23,704.4,0.2451
EP081978,EP121991,HECTOR,1978,JIMENA,1991,pacific,32,46,3427.7,3878.5,2.6082,2.8339,2.0779,2.121,2.8339,2.121,703.81,703.22,0.2053
AL111924,AL061939,UNNAMED,1924,UNNAMED,1939,atlantic,38,39,3600.4,3738.4,2.9806,3.5487,2.1901,3.2012,3.5487,3.2012,704.56,702.8,0.1957
EP081967,EP091995,ILSA,1967,HENRIETTE,1995,pacific,25,29,2807.9,2968.8,2.6302,3.0336,2.1478,2.1887,3.0336,2.1887,705.8,705.25,0.2514
EP032013,EP061968,COSME,2013,FERNANDA,1968,pacific,30,41,4003.0,4586.5,2.7199,2.8185,2.0488,2.3866,2.8185,2.3866,706.95,703.97,0.1766
EP072012,EP152007,GILMA,2012,KIKO,2007,pacific,33,50,2276.0,3113.0,3.3391,3.8251,2.6973,3.5294,3.8251,3.5294,708.11,707.64,0.3111
AL081989,AL141979,FELIX,1989,GLORIA,1979,atlantic,63,44,6264.8,5607.2,3.4582,3.8092,3.1675,3.2448,3.8092,3.2448,708.46,709.01,0.1263
AL091980,AL081996,GEORGES,1980,HORTENSE,1996,atlantic,32,53,6791.1,7347.0,3.0092,3.289,2.4101,2.445,3.289,2.445,708.58,712.63,0.1043
EP131974,EP012002,MAGGIE,1974,ALMA,2002,pacific,27,31,1971.7,2231.6,2.7761,3.3669,2.0592,2.7706,3.3669,2.7706,709.58,708.35,0.3599
EP191982,EP061982,TARA,1982,FABIO,1982,pacific,27,32,3357.3,3229.7,2.8328,2.8377,2.1091,2.0413,2.8377,2.1091,709.79,709.98,0.2198
AL021892,AL121933,UNNAMED,1892,UNNAMED,1933,atlantic,40,60,6894.2,7533.5,2.7966,2.9834,2.393,2.5195,2.9834,2.5195,711.12,706.11,0.1031
EP151967,EP011985,PRISCILLA,1967,ANDRES,1985,pacific,27,27,2883.9,3111.4,2.7901,2.8576,2.0918,2.3069,2.8576,2.3069,711.18,710.71,0.2466
EP131990,EP092012,JULIO,1990,ILEANA,2012,pacific,32,47,4291.8,4321.6,2.1848,2.9081,2.0464,2.1872,2.9081,2.1872,711.49,711.68,0.1658
EP051990,EP112004,ELIDA,1990,HOWARD,2004,pacific,26,44,3108.3,3817.7,2.5768,3.4043,2.0222,2.9561,3.4043,2.9561,712.38,713.47,0.2292
EP041978,EP092012,DANIEL,1978,ILEANA,2012,pacific,29,47,4135.6,4321.6,2.4797,2.9081,2.0329,2.1872,2.9081,2.1872,712.78,713.57,0.1724
EP111993,EP021983,JOVA,1993,BARBARA,1983,pacific,32,38,2920.1,3112.4,2.2906,3.1154,2.0346,2.2504,3.1154,2.2504,712.79,711.96,0.2441
EP101983,EP131986,JULIETTE,1983,MADELINE,1986,pacific,31,28,2490.7,3514.4,3.016,3.1286,2.2648,2.6228,3.1286,2.6228,715.01,714.4,0.2871
EP141991,EP191990,LINDA,1991,ODILE,1990,pacific,42,35,2907.1,3292.0,2.8388,4.0465,2.3671,3.3713,4.0465,3.3713,715.34,715.28,0.2461
EP061981,EP041966,FERNANDA,1981,DOLORES,1966,pacific,27,38,4031.5,4065.1,2.8343,3.6252,2.0435,2.7822,3.6252,2.7822,717.23,718.44,0.1779
AL041941,AL021878,UNNAMED,1941,UNNAMED,1878,atlantic,29,45,4042.3,4466.6,2.6233,2.824,2.07,2.1208,2.824,2.1208,718.16,717.91,0.1777
EP081978,EP091995,HECTOR,1978,HENRIETTE,1995,pacific,32,29,3427.7,2968.8,2.6082,3.0336,2.0779,2.1887,3.0336,2.1887,718.63,719.52,0.2421
AL051876,AL181933,UNNAMED,1876,UNNAMED,1933,atlantic,49,55,3885.2,3636.2,2.6824,3.3458,2.1333,2.6448,3.3458,2.6448,718.9,722.02,0.1977
EP042006,EP131986,CARLOTTA,2006,MADELINE,1986,pacific,33,28,3342.9,3514.4,2.2134,3.1286,2.0248,2.6228,3.1286,2.6228,719.72,719.28,0.2153
AL071989,AL121980,ERIN,1989,FRANCES,1980,atlantic,37,61,5993.9,7835.2,2.864,3.0113,2.2455,2.4616,3.0113,2.4616,720.11,721.63,0.1201
AL041928,AL061938,UNNAMED,1928,UNNAMED,1938,atlantic,62,57,9511.2,8924.5,2.8954,3.3651,2.3954,3.1728,3.3651,3.1728,721.87,722.24,0.0809
EP131987,EP112004,MAX,1987,HOWARD,2004,pacific,29,44,2973.4,3817.7,2.9343,3.4043,2.1027,2.9561,3.4043,2.9561,722.48,723.22,0.243
EP031986,EP062012,CELIA,1986,FABIO,2012,pacific,25,40,2592.1,3584.5,2.7874,3.0897,2.0621,2.484,3.0897,2.484,723.59,723.42,0.2792
EP031988,EP112004,CARLOTTA,1988,HOWARD,2004,pacific,28,44,2785.9,3817.7,2.411,3.4043,2.065,2.9561,3.4043,2.9561,724.36,724.21,0.26
AL071891,AL111878,UNNAMED,1891,UNNAMED,1878,atlantic,25,33,3447.3,4473.2,2.7368,2.8972,2.1716,2.5201,2.8972,2.5201,725.32,724.0,0.2104
EP041983,EP191982,DALILIA,1983,TARA,1982,pacific,26,27,3053.3,3357.3,2.6498,2.8328,2.0481,2.1091,2.8328,2.1091,725.7,725.45,0.2377
EP072007,EP101983,DALILA,2007,JULIETTE,1983,pacific,34,31,2513.5,2490.7,2.8999,3.016,2.3392,2.2648,3.016,2.3392,726.89,727.06,0.2918
EP141971,EP012011,NANETTE,1971,ADRIAN,2011,pacific,27,30,2785.4,2275.3,2.9325,3.1479,2.1728,2.6988,3.1479,2.6988,727.03,726.06,0.3195
AL091943,AL021943,UNNAMED,1943,UNNAMED,1943,atlantic,25,26,3200.5,3415.3,2.6796,2.8551,2.1445,2.3126,2.8551,2.3126,728.66,727.42,0.2277
AL021880,AL021919,UNNAMED,1880,UNNAMED,1919,atlantic,45,59,5025.2,5116.6,2.8083,3.0694,2.1374,2.2353,3.0694,2.2353,729.97,726.93,0.1453
EP042006,EP031978,CARLOTTA,2006,CARLOTTA,1978,pacific,33,35,3342.9,3463.0,2.2134,2.8311,2.0248,2.1831,2.8311,2.1831,730.91,728.09,0.2186
EP072007,EP072012,DALILA,2007,GILMA,2012,pacific,34,33,2513.5,2276.0,2.8999,3.3391,2.3392,2.6973,3.3391,2.6973,731.16,731.19,0.3212
AL061909,AL051933,UNNAMED,1909,UNNAMED,1933,atlantic,34,51,4698.2,5012.8,2.424,2.9093,2.0267,2.0897,2.9093,2.0897,732.26,730.93,0.1559
AL062006,AL021896,ERNESTO,2006,UNNAMED,1896,atlantic,47,52,5174.4,4985.0,2.8083,3.0351,2.2148,2.6073,3.0351,2.6073,734.76,737.04,0.1474
AL081969,AL062001,DEBBIE,1969,ERIN,2001,atlantic,45,62,8034.3,8898.8,3.1324,3.404,2.5706,2.6974,3.404,2.6974,735.92,738.77,0.0916
AL141916,AL051985,UNNAMED,1916,ELENA,1985,atlantic,43,33,3979.4,3913.5,2.9376,4.73,2.4142,4.3935,4.73,4.3935,736.45,737.25,0.1882
AL182011,AL071912,RINA,2011,UNNAMED,1912,atlantic,31,42,1667.2,1985.1,3.2447,4.6894,2.8272,4.0919,4.6894,4.0919,737.44,737.17,0.4423
EP111993,EP152001,JOVA,1993,MANUEL,2001,pacific,32,31,2920.1,2919.0,2.2906,2.9444,2.0346,2.393,2.9444,2.393,737.45,738.47,0.2526
EP041994,EP082009,DANIEL,1994,FELICIA,2009,pacific,26,33,3612.9,3772.3,2.3289,2.6616,2.0289,2.0327,2.6616,2.0327,738.19,738.43,0.2043
AL021896,AL021876,UNNAMED,1896,UNNAMED,1876,atlantic,52,33,4985.0,5345.6,3.0351,3.1854,2.6073,2.6632,3.1854,2.6632,738.66,741.24,0.1482
EP111993,EP041975,JOVA,1993,DENISE,1975,pacific,32,41,2920.1,3430.7,2.2906,3.506,2.0346,3.3506,3.506,3.3506,739.17,739.4,0.2531
AL111916,AL041962,UNNAMED,1916,DAISY,1962,atlantic,31,41,4928.6,5757.0,2.8072,3.0805,2.2611,2.4553,3.0805,2.4553,740.18,737.8,0.1502
EP101989,EP081980,GIL,1989,HOWARD,1980,pacific,27,30,2425.7,2637.3,2.8082,2.8224,2.0463,2.0695,2.8224,2.0695,742.11,740.99,0.3059
EP141978,EP091959,NORMAN,1978,UNNAMED,1959,pacific,30,31,3921.7,3358.2,2.7288,2.9587,2.2713,2.1888,2.9587,2.2713,742.78,740.96,0.2212
EP161970,EP092012,PATRICIA,1970,ILEANA,2012,pacific,31,47,3843.2,4321.6,2.5225,2.9081,2.0684,2.1872,2.9081,2.1872,743.15,742.88,0.1934
AL071891,AL061939,UNNAMED,1891,UNNAMED,1939,atlantic,25,39,3447.3,3738.4,2.7368,3.5487,2.1716,3.2012,3.5487,3.2012,743.24,743.76,0.2156
EP031986,EP172013,CELIA,1986,RAYMOND,2013,pacific,25,48,2592.1,3159.2,2.7874,5.3323,2.0621,4.6727,5.3323,4.6727,743.39,746.53,0.2868
EP081967,EP131986,ILSA,1967,MADELINE,1986,pacific,25,28,2807.9,3514.4,2.6302,3.1286,2.1478,2.6228,3.1286,2.6228,743.75,742.59,0.2649
EP042014,EP091995,DOUGLAS,2014,HENRIETTE,1995,pacific,42,29,2709.5,2968.8,2.861,3.0336,2.0793,2.1887,3.0336,2.1887,743.75,743.03,0.2745
AL061935,AL221971,UNNAMED,1935,LAURA,1971,atlantic,36,39,2723.3,2451.4,4.427,5.4142,4.0086,4.5027,5.4142,4.5027,744.69,745.61,0.3038
EP131985,EP091995,MARTY,1985,HENRIETTE,1995,pacific,29,29,2793.0,2968.8,2.6219,3.0336,2.0863,2.1887,3.0336,2.1887,745.72,744.9,0.267
EP111985,EP131986,KEVIN,1985,MADELINE,1986,pacific,36,28,3463.1,3514.4,2.5263,3.1286,2.0471,2.6228,3.1286,2.6228,747.01,747.91,0.2157
EP212015,EP131986,RICK,2015,MADELINE,1986,pacific,33,28,2656.5,3514.4,3.0267,3.1286,2.7244,2.6228,3.1286,2.7244,748.84,747.25,0.2819
EP121968,EP112004,LIZA,1968,HOWARD,2004,pacific,37,44,3210.0,3817.7,2.8112,3.4043,2.2138,2.9561,3.4043,2.9561,750.07,750.18,0.2337
EP141997,EP041979,LINDA,1997,DOLORES,1979,pacific,34,27,2843.1,3344.6,2.7992,2.8028,2.0408,2.0829,2.8028,2.0829,750.65,750.44,0.264
AL051876,AL061939,UNNAMED,1876,UNNAMED,1939,atlantic,49,39,3885.2,3738.4,2.6824,3.5487,2.1333,3.2012,3.5487,3.2012,751.28,750.12,0.201
EP071992,EP161985,FRANK,1992,PAULINE,1985,pacific,42,53,4585.7,5762.1,2.7802,2.8964,2.2598,2.3853,2.8964,2.3853,752.54,751.22,0.1641
EP032014,EP172013,CRISTINA,2014,RAYMOND,2013,pacific,41,48,2223.0,3159.2,5.2152,5.3323,4.3298,4.6727,5.3323,4.6727,754.25,754.2,0.3393
AL061940,AL021916,UNNAMED,1940,UNNAMED,1916,atlantic,29,51,3262.2,3430.4,2.9051,3.7624,2.3869,3.145,3.7624,3.145,754.53,755.31,0.2313
EP101975,EP191982,JEWEL,1975,TARA,1982,pacific,31,27,3215.6,3357.3,2.332,2.8328,2.0541,2.1091,2.8328,2.1091,755.19,753.27,0.2349
EP101980,EP131986,JAVIER,1980,MADELINE,1986,pacific,26,28,2812.3,3514.4,2.6574,3.1286,2.0604,2.6228,3.1286,2.6228,756.96,756.39,0.2692
EP031991,EP151990,CARLOS,1991,LOWELL,1990,pacific,45,36,4480.9,4377.3,2.2153,2.2636,2.0679,2.0759,2.2636,2.0759,757.0,754.47,0.1729
EP112004,EP231990,HOWARD,2004,TRUDY,1990,pacific,44,67,3817.7,3867.9,3.4043,6.0575,2.9561,5.801,6.0575,5.801,757.39,757.47,0.1984
EP071971,EP131986,GEORGETTE,1971,MADELINE,1986,pacific,29,28,3063.9,3514.4,2.8533,3.1286,2.0997,2.6228,3.1286,2.6228,758.71,757.76,0.2476
EP021999,EP051990,BEATRIZ,1999,ELIDA,1990,pacific,32,26,3468.8,3108.3,2.5217,2.5768,2.0478,2.0222,2.5768,2.0478,761.62,764.13,0.245
EP071972,EP041963,GWEN,1972,JEN-KATH,1963,pacific,37,39,3423.8,4724.2,2.8603,3.3479,2.1205,2.7539,3.3479,2.7539,762.14,760.08,0.2226
EP091972,EP191982,IVA,1972,TARA,1982,pacific,33,27,2969.9,3357.3,2.7878,2.8328,2.1127,2.1091,2.8328,2.1127,762.45,763.45,0.2567
EP081980,EP111983,HOWARD,1980,KIKO,1983,pacific,30,36,2637.3,2531.4,2.8224,2.8347,2.0695,2.0963,2.8347,2.0963,763.46,765.17,0.3016
AL041999,AL101989,CINDY,1999,GABRIELLE,1989,atlantic,51,58,6340.4,7503.5,2.8712,4.3281,2.4753,3.9177,4.3281,3.9177,764.49,763.09,0.1206
EP111993,EP131987,JOVA,1993,MAX,1987,pacific,32,29,2920.1,2973.4,2.2906,2.9343,2.0346,2.1027,2.9343,2.1027,764.71,765.11,0.2619
EP111983,EP152001,KIKO,1983,MANUEL,2001,pacific,36,31,2531.4,2919.0,2.8347,2.9444,2.0963,2.393,2.9444,2.393,764.83,763.09,0.3021
EP111995,EP142014,JULIETTE,1995,NORBERT,2014,pacific,41,35,2380.4,2287.0,4.4299,4.6331,3.7224,4.3671,4.6331,4.3671,767.13,767.1,0.3354
AL111932,AL021916,UNNAMED,1932,UNNAMED,1916,atlantic,47,51,3795.5,3430.4,2.9879,3.7624,2.4064,3.145,3.7624,3.145,767.31,766.86,0.2237
EP012002,EP032014,ALMA,2002,CRISTINA,2014,pacific,31,41,2231.6,2223.0,3.3669,5.2152,2.7706,4.3298,5.2152,4.3298,769.14,768.43,0.346
EP112007,EP192014,HENRIETTE,2007,SIMON,2014,pacific,30,35,2676.4,2992.3,2.6406,3.0425,2.103,2.5536,3.0425,2.5536,770.03,771.47,0.2877
EP102004,EP041984,GEORGETTE,2004,DOUGLAS,1984,pacific,33,48,4364.6,4736.7,2.4515,2.5588,2.0278,2.0351,2.5588,2.0351,770.69,773.55,0.1766
EP071973,EP072007,GLENDA,1973,DALILA,2007,pacific,25,34,2916.4,2513.5,2.6344,2.8999,2.1244,2.3392,2.8999,2.3392,771.46,770.54,0.3069
AL121980,AL121973,FRANCES,1980,ELLEN,1973,atlantic,61,37,7835.2,7795.5,3.0113,3.2404,2.4616,2.6566,3.2404,2.6566,771.48,773.39,0.099
EP141971,EP141998,NANETTE,1971,LESTER,1998,pacific,27,47,2785.4,2956.3,2.9325,3.8813,2.1728,3.4825,3.8813,3.4825,771.73,772.26,0.2771
EP081993,EP061968,GREG,1993,FERNANDA,1968,pacific,56,41,4354.3,4586.5,2.5891,2.8185,2.2162,2.3866,2.8185,2.3866,771.93,771.45,0.1773
EP041979,EP032004,DOLORES,1979,BLAS,2004,pacific,27,28,3344.6,2945.4,2.8028,2.9286,2.0829,2.4932,2.9286,2.4932,772.42,773.69,0.2622
EP042006,EP191982,CARLOTTA,2006,TARA,1982,pacific,33,27,3342.9,3357.3,2.2134,2.8328,2.0248,2.1091,2.8328,2.1091,773.07,773.94,0.2313
EP071990,EP131987,FAUSTO,1990,MAX,1987,pacific,28,29,2874.0,2973.4,2.8029,2.9343,2.0342,2.1027,2.9343,2.1027,773.66,771.94,0.2692
EP121991,EP151985,JIMENA,1991,OLAF,1985,pacific,46,38,3878.5,3777.1,2.8339,2.9436,2.121,2.377,2.9436,2.377,776.23,779.0,0.2055
EP031968,EP112004,CELESTE,1968,HOWARD,2004,pacific,27,44,2831.4,3817.7,2.2915,3.4043,2.0375,2.9561,3.4043,2.9561,776.32,775.68,0.2742
EP072007,EP171994,DALILA,2007,OLIVIA,1994,pacific,34,31,2513.5,2470.6,2.8999,4.5709,2.3392,4.095,4.5709,4.095,777.02,777.58,0.3145
EP101983,EP152007,JULIETTE,1983,KIKO,2007,pacific,31,50,2490.7,3113.0,3.016,3.8251,2.2648,3.5294,3.8251,3.5294,777.07,778.72,0.312
EP081967,EP061992,ILSA,1967,ESTELLE,1992,pacific,25,34,2807.9,3046.5,2.6302,2.9778,2.1478,2.2551,2.9778,2.2551,777.21,777.87,0.2768
EP072007,EP042002,DALILA,2007,CRISTINA,2002,pacific,34,30,2513.5,2784.4,2.8999,2.9566,2.3392,2.2326,2.9566,2.3392,777.54,775.82,0.3093
EP092002,EP211992,GENEVIEVE,2002,SEYMOUR,1992,pacific,26,40,2291.9,2673.6,2.8155,2.8555,2.1319,2.4057,2.8555,2.4057,778.08,776.71,0.3395
EP041981,EP211992,DORA,1981,SEYMOUR,1992,pacific,25,40,2550.6,2673.6,2.2209,2.8555,2.0216,2.4057,2.8555,2.4057,778.92,779.35,0.3054
EP081980,EP071995,HOWARD,1980,FLOSSIE,1995,pacific,30,27,2637.3,1994.8,2.8224,2.8638,2.0695,2.0764,2.8638,2.0764,779.18,779.61,0.3906
AL091944,AL031917,UNNAMED,1944,UNNAMED,1917,atlantic,29,35,6831.3,7529.5,2.7522,2.9348,2.3201,2.4959,2.9348,2.4959,779.24,780.78,0.1141
EP041953,EP162003,UNNAMED,1953,PATRICIA,2003,pacific,25,25,1778.2,1817.2,2.8063,2.8272,2.0843,2.093,2.8272,2.093,780.08,779.27,0.4387
EP021949,EP132003,UNNAMED,1949,MARTY,2003,pacific,25,31,1932.2,2213.3,2.8231,4.7409,2.1257,4.1061,4.7409,4.1061,780.44,781.24,0.4039
AL021972,AL171995,AGNES,1972,OPAL,1995,atlantic,35,39,3426.9,3919.8,3.1446,3.9687,2.4025,3.5222,3.9687,3.5222,780.45,778.51,0.2277
EP142005,EP012015,NORMA,2005,ANDRES,2015,pacific,33,40,1963.6,2669.1,3.1656,4.4998,2.6365,3.8035,4.4998,3.8035,780.66,780.34,0.3976
AL151988,AL021958,UNNAMED,1988,BECKY,1958,atlantic,45,37,7446.4,7970.5,2.9555,2.9785,2.7454,2.6437,2.9785,2.7454,781.22,779.06,0.1049
EP111975,EP191982,KATRINA,1975,TARA,1982,pacific,37,27,3428.8,3357.3,2.8206,2.8328,2.1006,2.1091,2.8328,2.1091,781.6,780.82,0.2328
AL052001,AL071887,DEAN,2001,UNNAMED,1887,atlantic,27,39,5127.3,6531.7,2.9045,3.0438,2.3175,2.7666,3.0438,2.7666,781.96,781.2,0.1525
AL081999,AL041851,FLOYD,1999,UNNAMED,1851,atlantic,50,49,7702.3,8284.2,3.1819,3.2659,2.5279,2.7592,3.2659,2.7592,781.98,780.27,0.1015
EP101972,EP132003,JOANNE,1972,MARTY,2003,pacific,29,31,2978.3,2213.3,2.7894,4.7409,2.1554,4.1061,4.7409,4.1061,782.01,781.87,0.3533
EP041983,EP112004,DALILIA,1983,HOWARD,2004,pacific,26,44,3053.3,3817.7,2.6498,3.4043,2.0481,2.9561,3.4043,2.9561,782.53,781.63,0.2563
AL052006,AL092013,DEBBY,2006,HUMBERTO,2013,atlantic,26,46,3877.4,4423.9,2.7136,3.5844,2.1596,2.8756,3.5844,2.8756,782.58,785.02,0.2018
AL111979,AL021915,FREDERIC,1979,UNNAMED,1915,atlantic,68,75,10356.8,10909.0,3.0315,3.1269,2.8498,2.8772,3.1269,2.8772,783.06,782.93,0.0756
EP051966,EP051952,EILEEN,1966,UNNAMED,1952,pacific,25,29,2426.8,2268.3,2.6612,2.7852,2.2814,2.0579,2.7852,2.2814,783.32,784.12,0.3453
AL111901,AL121987,UNNAMED,1901,EMILY,1987,atlantic,39,30,5970.8,7375.4,2.8926,3.0292,2.3448,2.5718,3.0292,2.5718,783.53,780.41,0.1312
EP081967,EP112004,ILSA,1967,HOWARD,2004,pacific,25,44,2807.9,3817.7,2.6302,3.4043,2.1478,2.9561,3.4043,2.9561,784.05,782.6,0.2792
EP031988,EP091995,CARLOTTA,1988,HENRIETTE,1995,pacific,28,29,2785.9,2968.8,2.411,3.0336,2.065,2.1887,3.0336,2.1887,784.77,783.84,0.2817
EP081996,EP111995,ELIDA,1996,JULIETTE,1995,pacific,29,41,1737.1,2380.4,3.2483,4.4299,2.5362,3.7224,4.4299,3.7224,785.27,784.82,0.4521
AL182011,AL061926,RINA,2011,UNNAMED,1926,atlantic,31,27,1667.2,1840.3,3.2447,4.0624,2.8272,3.428,4.0624,3.428,785.82,785.74,0.4713
AL061887,AL071894,UNNAMED,1887,UNNAMED,1894,atlantic,38,42,7405.7,6512.5,2.9443,3.4457,2.7551,2.9982,3.4457,2.9982,786.71,789.62,0.1208
AL041994,AL011963,CHRIS,1994,ARLENE,1963,atlantic,30,43,5360.2,6706.8,2.8326,3.1704,2.2511,2.5347,3.1704,2.5347,787.44,784.94,0.1469
EP031988,EP131986,CARLOTTA,1988,MADELINE,1986,pacific,28,28,2785.9,3514.4,2.411,3.1286,2.065,2.6228,3.1286,2.6228,787.79,788.87,0.2828
EP152007,EP171994,KIKO,2007,OLIVIA,1994,pacific,50,31,3113.0,2470.6,3.8251,4.5709,3.5294,4.095,4.5709,4.095,788.29,788.43,0.3191
EP081993,EP061981,GREG,1993,FERNANDA,1981,pacific,56,27,4354.3,4031.5,2.5891,2.8343,2.2162,2.0435,2.8343,2.2162,789.82,787.44,0.1959
AL021879,AL031966,UNNAMED,1879,CELIA,1966,atlantic,32,36,6010.8,5654.6,3.0799,3.9638,2.3144,3.1503,3.9638,3.1503,790.22,794.21,0.1397
EP051995,EP211992,DALILA,1995,SEYMOUR,1992,pacific,36,40,2395.2,2673.6,2.7656,2.8555,2.2575,2.4057,2.8555,2.4057,790.28,789.58,0.3299
EP051952,EP092002,UNNAMED,1952,GENEVIEVE,2002,pacific,29,26,2268.3,2291.9,2.7852,2.8155,2.0579,2.1319,2.8155,2.1319,790.79,789.34,0.3486
EP172013,EP112012,RAYMOND,2013,KRISTY,2012,pacific,48,33,3159.2,2644.4,5.3323,5.4589,4.6727,4.2784,5.4589,4.6727,791.51,789.54,0.2993
EP161983,EP031957,PRISCILLA,1983,UNNAMED,1957,pacific,26,27,2463.9,2269.0,2.6211,2.9228,2.1439,2.1816,2.9228,2.1816,791.54,792.53,0.3488
EP151967,EP191982,PRISCILLA,1967,TARA,1982,pacific,27,27,2883.9,3357.3,2.7901,2.8328,2.0918,2.1091,2.8328,2.1091,791.93,791.84,0.2746
AL181887,AL011930,UNNAMED,1887,UNNAMED,1930,atlantic,26,50,5089.8,6382.9,3.0323,4.5207,2.5917,4.0,4.5207,4.0,793.81,798.24,0.156
AL061882,AL111878,UNNAMED,1882,UNNAMED,1878,atlantic,45,33,3762.9,4473.2,2.7515,2.8972,2.0935,2.5201,2.8972,2.5201,794.59,793.95,0.2112
AL051898,AL061906,UNNAMED,1898,UNNAMED,1906,atlantic,43,45,4101.3,3732.9,2.8369,3.1362,2.187,2.7529,3.1362,2.7529,795.0,792.95,0.213
AL112009,AL172008,IDA,2009,PALOMA,2008,atlantic,31,35,2742.4,2803.1,2.7538,5.5955,2.3305,4.4116,5.5955,4.4116,795.57,795.4,0.2901
AL091878,AL061950,UNNAMED,1878,FOX,1950,atlantic,32,38,4632.6,5329.6,2.8348,2.9589,2.2409,2.3452,2.9589,2.3452,796.96,794.54,0.172
AL031948,AL011949,UNNAMED,1948,UNNAMED,1949,atlantic,44,37,7505.4,8305.8,3.0154,3.3884,2.6418,3.0248,3.3884,3.0248,797.63,803.57,0.1063
EP012002,EP111988,ALMA,2002,KRISTY,1988,pacific,31,34,2231.6,2329.5,3.3669,6.0905,2.7706,5.6866,6.0905,5.6866,798.96,798.43,0.358
EP121983,EP131987,LORENA,1983,MAX,1987,pacific,34,29,2949.9,2973.4,2.3156,2.9343,2.0636,2.1027,2.9343,2.1027,800.2,800.72,0.2713
EP111993,EP042002,JOVA,1993,CRISTINA,2002,pacific,32,30,2920.1,2784.4,2.2906,2.9566,2.0346,2.2326,2.9566,2.2326,801.03,799.19,0.2877
EP021999,EP151989,BEATRIZ,1999,LORENA,1989,pacific,32,40,3468.8,3059.6,2.5217,2.6521,2.0478,2.0831,2.6521,2.0831,801.43,801.28,0.2619
EP101980,EP091995,JAVIER,1980,HENRIETTE,1995,pacific,26,29,2812.3,2968.8,2.6574,3.0336,2.0604,2.1887,3.0336,2.1887,805.41,804.68,0.2864
EP141997,EP101968,LINDA,1997,JOANNE,1968,pacific,34,29,2843.1,3420.8,2.7992,3.1184,2.0408,2.2374,3.1184,2.2374,805.69,804.95,0.2834
AL022009,AL061989,ANA,2009,UNNAMED,1989,atlantic,26,36,3354.2,4661.5,2.1191,4.1905,2.0158,4.0196,4.1905,4.0196,805.9,804.85,0.2403
AL011923,AL041979,UNNAMED,1923,BOB,1979,atlantic,28,29,3268.7,3701.1,2.8331,3.1548,2.1832,2.6895,3.1548,2.6895,806.22,808.75,0.2466
AL031940,AL062008,UNNAMED,1940,FAY,2008,atlantic,38,59,3458.7,4408.9,3.2755,4.5745,2.7612,3.9267,4.5745,3.9267,806.68,805.8,0.2332
EP141997,EP191982,LINDA,1997,TARA,1982,pacific,34,27,2843.1,3357.3,2.7992,2.8328,2.0408,2.1091,2.8328,2.1091,807.45,806.62,0.284
AL101893,AL011968,UNNAMED,1893,ABBY,1968,atlantic,35,51,3927.8,3579.5,2.8915,5.1018,2.282,4.1848,5.1018,4.1848,808.74,809.13,0.2259
AL031890,AL121933,UNNAMED,1890,UNNAMED,1933,atlantic,33,60,7166.3,7533.5,2.8258,2.9834,2.4197,2.5195,2.9834,2.5195,811.74,812.66,0.1133
AL012005,AL171995,ARLENE,2005,OPAL,1995,atlantic,25,39,3717.9,3919.8,2.7802,3.9687,2.134,3.5222,3.9687,3.5222,811.77,812.76,0.2183
AL021891,AL151988,UNNAMED,1891,UNNAMED,1988,atlantic,51,45,5921.2,7446.4,2.815,2.9555,2.1238,2.7454,2.9555,2.7454,814.83,812.6,0.1376
AL061909,AL071892,UNNAMED,1909,UNNAMED,1892,atlantic,34,45,4698.2,4792.8,2.424,2.7889,2.0267,2.023,2.7889,2.0267,816.29,816.58,0.1737
AL091988,AL031894,HELENE,1988,UNNAMED,1894,atlantic,44,44,6832.0,6876.0,2.8442,3.0381,2.3321,2.3253,3.0381,2.3321,816.43,816.61,0.1195
EP161990,EP111982,MARIE,1990,KRISTY,1982,pacific,55,34,4374.9,4607.4,2.6101,2.9495,2.1778,2.0873,2.9495,2.1778,817.53,815.46,0.1869
AL011897,AL101936,UNNAMED,1897,UNNAMED,1936,atlantic,43,49,7063.0,8658.6,3.1219,3.4751,2.3714,2.5752,3.4751,2.5752,818.45,815.49,0.1159
EP031988,EP061966,CARLOTTA,1988,FRANCESCA,1966,pacific,28,43,2785.9,3955.3,2.411,4.2473,2.065,4.1213,4.2473,4.1213,818.68,817.59,0.2939
EP071992,EP171985,FRANK,1992,RICK,1985,pacific,42,45,4585.7,5065.2,2.7802,2.8364,2.2598,2.1969,2.8364,2.2598,819.57,817.73,0.1787
AL101886,AL051950,UNNAMED,1886,EASY,1950,atlantic,25,38,2086.8,2646.5,2.8383,4.8203,2.3113,3.7935,4.8203,3.7935,820.47,820.0,0.3932
EP161983,EP092013,PRISCILLA,1983,IVO,2013,pacific,26,31,2463.9,2188.1,2.6211,4.3133,2.1439,3.5845,4.3133,3.5845,820.73,820.4,0.3751
AL061936,AL071887,UNNAMED,1936,UNNAMED,1887,atlantic,31,39,5306.0,6531.7,2.824,3.0438,2.3694,2.7666,3.0438,2.7666,821.91,821.75,0.1549
EP041983,EP131986,DALILIA,1983,MADELINE,1986,pacific,26,28,3053.3,3514.4,2.6498,3.1286,2.0481,2.6228,3.1286,2.6228,823.53,821.94,0.2697
EP092006,EP161967,HECTOR,2006,RAMONA,1967,pacific,35,55,3492.3,4465.2,2.9043,3.3674,2.1371,2.6053,3.3674,2.6053,824.09,824.91,0.236
AL061870,AL031909,UNNAMED,1870,UNNAMED,1909,atlantic,40,36,2760.7,3008.8,3.0081,4.0943,2.6024,3.5594,4.0943,3.5594,824.34,824.05,0.2986
AL071951,AL121973,FOX,1951,ELLEN,1973,atlantic,35,37,9211.5,7795.5,3.0585,3.2404,2.4731,2.6566,3.2404,2.6566,826.2,826.81,0.106
AL081892,AL062005,UNNAMED,1892,FRANKLIN,2005,atlantic,30,37,3484.3,4255.8,2.7939,3.576,2.1317,2.8945,3.576,2.8945,826.81,831.29,0.2373
AL041952,AL061908,BAKER,1952,UNNAMED,1908,atlantic,40,50,6451.3,7357.9,2.9144,3.4506,2.4659,2.7424,3.4506,2.7424,831.12,829.26,0.1288
AL061891,AL031995,UNNAMED,1891,CHANTAL,1995,atlantic,39,41,6310.5,7245.4,2.8295,3.0142,2.3193,2.5983,3.0142,2.5983,834.0,832.4,0.1322
EP121985,EP111982,LINDA,1985,KRISTY,1982,pacific,42,34,4011.0,4607.4,2.7832,2.9495,2.0949,2.0873,2.9495,2.0949,834.58,833.19,0.2081
AL031874,AL142011,UNNAMED,1874,MARIA,2011,atlantic,42,42,6146.2,7039.7,2.742,2.8539,2.2582,2.262,2.8539,2.262,835.01,833.06,0.1359
EP071971,EP112004,GEORGETTE,1971,HOWARD,2004,pacific,29,44,3063.9,3817.7,2.8533,3.4043,2.0997,2.9561,3.4043,2.9561,835.55,835.86,0.2727
AL021867,AL071961,UNNAMED,1867,FRANCES,1961,atlantic,28,41,5192.9,5260.3,2.9482,3.1045,2.2367,2.659,3.1045,2.659,837.28,842.03,0.1612
EP141982,EP141967,NORMAN,1982,OLIVIA,1967,pacific,36,37,2672.0,2259.8,2.7347,2.9693,2.2232,2.6987,2.9693,2.6987,838.83,837.95,0.3712
AL011852,AL081959,UNNAMED,1852,GRACIE,1959,atlantic,45,50,5020.5,5100.7,3.5373,4.9572,3.1299,4.218,4.9572,4.218,839.22,839.21,0.1672
AL091878,AL101903,UNNAMED,1878,UNNAMED,1903,atlantic,32,35,4632.6,4000.3,2.8348,3.2505,2.2409,2.7892,3.2505,2.7892,839.4,838.56,0.2098
EP111975,EP121991,KATRINA,1975,JIMENA,1991,pacific,37,46,3428.8,3878.5,2.8206,2.8339,2.1006,2.121,2.8339,2.121,842.44,843.02,0.2457
AL041953,AL112010,CAROL,1953,IGOR,2010,atlantic,52,61,9720.7,8797.9,2.7012,3.0086,2.207,2.4216,3.0086,2.4216,842.67,861.0,0.0958
EP141971,EP021984,NANETTE,1971,BORIS,1984,pacific,27,82,2785.4,3497.3,2.9325,5.3132,2.1728,4.6325,5.3132,4.6325,843.26,842.96,0.3027
EP161983,EP072007,PRISCILLA,1983,DALILA,2007,pacific,26,34,2463.9,2513.5,2.6211,2.8999,2.1439,2.3392,2.8999,2.3392,844.27,843.96,0.3427
EP091988,EP042010,IVA,1988,CELIA,2010,pacific,36,50,3148.6,3576.2,2.5953,5.2032,2.1418,4.6541,5.2032,4.6541,845.13,844.53,0.2684
AL021923,AL101984,UNNAMED,1923,DIANA,1984,atlantic,38,33,2955.7,3383.2,3.191,4.6905,2.4123,4.2191,4.6905,4.2191,846.96,866.19,0.2866
EP061992,EP171990,ESTELLE,1992,NORBERT,1990,pacific,34,39,3046.5,2873.0,2.9778,3.2445,2.2551,2.4441,3.2445,2.4441,850.03,847.96,0.2959
EP141994,EP201992,LANE,1994,ROSLYN,1992,pacific,28,69,3664.1,4957.5,2.1689,5.415,2.0289,4.7556,5.415,4.7556,850.23,847.53,0.232
EP041971,EP171992,DENISE,1971,ORLENE,1992,pacific,47,49,6393.0,6074.5,2.4899,3.0125,2.0686,2.1905,3.0125,2.1905,851.69,851.42,0.1402
AL091968,AL131981,UNNAMED,1968,EMILY,1981,atlantic,38,47,4375.1,4292.5,3.1729,5.3812,2.6766,5.2018,5.3812,5.2018,852.02,858.21,0.1985
EP151967,EP112004,PRISCILLA,1967,HOWARD,2004,pacific,27,44,2883.9,3817.7,2.7901,3.4043,2.0918,2.9561,3.4043,2.9561,852.04,852.94,0.2954
EP141971,EP152001,NANETTE,1971,MANUEL,2001,pacific,27,31,2785.4,2919.0,2.9325,2.9444,2.1728,2.393,2.9444,2.393,852.44,852.26,0.306
EP051990,EP131986,ELIDA,1990,MADELINE,1986,pacific,26,28,3108.3,3514.4,2.5768,3.1286,2.0222,2.6228,3.1286,2.6228,852.96,855.4,0.2744
AL041858,AL061950,UNNAMED,1858,FOX,1950,atlantic,32,38,5052.8,5329.6,2.9515,2.9589,2.4844,2.3452,2.9589,2.4844,854.29,854.05,0.1691
AL031895,AL071956,UNNAMED,1895,FLOSSY,1956,atlantic,39,52,5138.5,6595.4,3.1572,4.8717,3.0425,4.1819,4.8717,4.1819,854.93,855.1,0.1664
EP041979,EP071990,DOLORES,1979,FAUSTO,1990,pacific,27,28,3344.6,2874.0,2.8028,2.8029,2.0829,2.0342,2.8029,2.0829,855.75,854.11,0.2978
EP081978,EP131986,HECTOR,1978,MADELINE,1986,pacific,32,28,3427.7,3514.4,2.6082,3.1286,2.0779,2.6228,3.1286,2.6228,856.12,854.06,0.2498
AL071871,AL041979,UNNAMED,1871,BOB,1979,atlantic,33,29,3283.6,3701.1,3.0609,3.1548,2.6484,2.6895,3.1548,2.6895,857.89,856.14,0.2613
EP121968,EP091995,LIZA,1968,HENRIETTE,1995,pacific,37,29,3210.0,2968.8,2.8112,3.0336,2.2138,2.1887,3.0336,2.2138,858.28,858.01,0.2891
AL041994,AL142011,CHRIS,1994,MARIA,2011,atlantic,30,42,5360.2,7039.7,2.8326,2.8539,2.2511,2.262,2.8539,2.262,859.36,858.18,0.1603
AL021942,AL051950,UNNAMED,1942,EASY,1950,atlantic,26,38,3056.0,2646.5,3.1668,4.8203,2.7872,3.7935,4.8203,3.7935,859.83,859.42,0.3249
EP032006,EP171985,BUD,2006,RICK,1985,pacific,27,45,3850.8,5065.2,2.329,2.8364,2.0073,2.1969,2.8364,2.1969,863.01,862.61,0.2241
EP012002,EP241990,ALMA,2002,VANCE,1990,pacific,31,41,2231.6,2560.8,3.3669,5.5842,2.7706,4.6126,5.5842,4.6126,864.56,864.02,0.3874
AL121893,AL082005,UNNAMED,1893,HARVEY,2005,atlantic,32,44,4609.3,4667.5,2.8416,4.782,2.4665,3.8254,4.782,3.8254,867.77,871.54,0.1883
EP081983,EP101986,HENRIETTE,1983,JAVIER,1986,pacific,42,44,5428.9,4825.6,2.7524,3.088,2.2058,2.2485,3.088,2.2485,868.54,867.79,0.18
AL021943,AL011928,UNNAMED,1943,UNNAMED,1928,atlantic,26,46,3415.3,4365.8,2.8551,3.3558,2.3126,2.5811,3.3558,2.5811,869.1,868.03,0.2545
AL031872,AL071961,UNNAMED,1872,FRANCES,1961,atlantic,48,41,3835.8,5260.3,2.7313,3.1045,2.0706,2.659,3.1045,2.659,869.26,867.23,0.2266
EP151967,EP131986,PRISCILLA,1967,MADELINE,1986,pacific,27,28,2883.9,3514.4,2.7901,3.1286,2.0918,2.6228,3.1286,2.6228,870.09,870.44,0.3017
EP132014,EP221992,MARIE,2014,TINA,1992,pacific,46,98,4995.6,6818.3,3.0031,4.4122,2.2353,3.7553,4.4122,3.7553,870.28,868.86,0.1742
EP012012,EP042013,ALETTA,2012,DALILA,2013,pacific,26,40,1676.4,2195.3,3.5145,4.8817,3.2373,4.3965,4.8817,4.3965,870.79,870.22,0.5194
EP051979,EP171990,ENRIQUE,1979,NORBERT,1990,pacific,29,39,2719.3,2873.0,2.8486,3.2445,2.0898,2.4441,3.2445,2.4441,875.06,875.08,0.3218
EP151989,EP191982,LORENA,1989,TARA,1982,pacific,40,27,3059.6,3357.3,2.6521,2.8328,2.0831,2.1091,2.8328,2.1091,879.16,880.21,0.2873
AL041958,AL192011,DAISY,1958,SEAN,2011,atlantic,30,27,3949.3,2854.3,3.0398,4.262,2.4959,3.835,4.262,3.835,879.23,877.34,0.308
AL081931,AL091958,UNNAMED,1931,ILSA,1958,atlantic,25,26,3111.7,4287.5,2.3205,2.9607,2.0606,2.3304,2.9607,2.3304,880.95,880.72,0.2831
AL021900,AL031950,UNNAMED,1900,CHARLIE,1950,atlantic,50,61,6793.7,7093.4,3.084,3.752,2.5508,3.1622,3.752,3.1622,880.96,878.42,0.1297
AL011892,AL011968,UNNAMED,1892,ABBY,1968,atlantic,33,51,2509.9,3579.5,4.843,5.1018,3.9753,4.1848,5.1018,4.1848,882.3,881.89,0.3515
AL111909,AL111924,UNNAMED,1909,UNNAMED,1924,atlantic,30,38,4220.8,3600.4,2.9779,2.9806,2.5433,2.1901,2.9806,2.5433,882.42,882.31,0.2451
AL072010,AL112010,EARL,2010,IGOR,2010,atlantic,55,61,10032.8,8797.9,2.9662,3.0086,2.5116,2.4216,3.0086,2.5116,882.49,881.04,0.1003
EP031968,EP131986,CELESTE,1968,MADELINE,1986,pacific,27,28,2831.4,3514.4,2.2915,3.1286,2.0375,2.6228,3.1286,2.6228,882.99,882.95,0.3119
AL121893,AL131981,UNNAMED,1893,EMILY,1981,atlantic,32,47,4609.3,4292.5,2.8416,5.3812,2.4665,5.2018,5.3812,5.2018,884.03,882.52,0.2059
EP011970,EP091972,ADELE,1970,IVA,1972,pacific,31,33,3614.8,2969.9,2.3398,2.7878,2.0493,2.1127,2.7878,2.1127,884.22,890.3,0.2977
EP091965,EP171990,GLENDA,1965,NORBERT,1990,pacific,37,39,2841.5,2873.0,2.8505,3.2445,2.0503,2.4441,3.2445,2.4441,884.53,883.65,0.3113
EP041991,EP012002,DELORES,1991,ALMA,2002,pacific,26,31,1707.7,2231.6,3.0593,3.3669,2.6756,2.7706,3.3669,2.7706,885.19,884.16,0.5184
AL061882,AL041985,UNNAMED,1882,DANNY,1985,atlantic,45,37,3762.9,4433.0,2.7515,3.1531,2.0935,2.5282,3.1531,2.5282,885.19,885.29,0.2352
EP101985,EP131986,JIMENA,1985,MADELINE,1986,pacific,37,28,3442.1,3514.4,2.8299,3.1286,2.0681,2.6228,3.1286,2.6228,886.51,885.08,0.2575
AL051935,AL121988,UNNAMED,1935,KEITH,1988,atlantic,39,39,5600.8,7810.3,3.0026,3.5108,2.4503,2.8518,3.5108,2.8518,887.2,900.93,0.1584
EP071971,EP091995,GEORGETTE,1971,HENRIETTE,1995,pacific,29,29,3063.9,2968.8,2.8533,3.0336,2.0997,2.1887,3.0336,2.1887,888.33,888.12,0.2992
AL021922,AL101995,UNNAMED,1922,IRIS,1995,atlantic,62,66,9344.7,8847.8,3.0293,3.9597,2.6409,3.4946,3.9597,3.4946,889.47,885.14,0.1005
AL031894,AL162011,UNNAMED,1894,OPHELIA,2011,atlantic,44,59,6876.0,8249.4,3.0381,6.418,2.3253,5.9253,6.418,5.9253,891.54,900.03,0.1297
AL091964,AL081996,GLADYS,1964,HORTENSE,1996,atlantic,48,53,5959.9,7347.0,3.0616,3.289,2.3892,2.445,3.289,2.445,891.98,890.4,0.1497
EP061982,EP112004,FABIO,1982,HOWARD,2004,pacific,32,44,3229.7,3817.7,2.8377,3.4043,2.0413,2.9561,3.4043,2.9561,892.05,891.66,0.2762
EP151989,EP131986,LORENA,1989,MADELINE,1986,pacific,40,28,3059.6,3514.4,2.6521,3.1286,2.0831,2.6228,3.1286,2.6228,892.61,892.91,0.2917
EP071978,EP112004,GILMA,1978,HOWARD,2004,pacific,29,44,3515.2,3817.7,2.737,3.4043,2.2197,2.9561,3.4043,2.9561,893.03,892.09,0.254
AL082014,AL011950,GONZALO,2014,ABLE,1950,atlantic,39,51,6468.0,7587.0,2.8715,3.0971,2.4339,2.5879,3.0971,2.5879,893.25,891.14,0.1381
EP171987,EP061984,RAMON,1987,FAUSTO,1984,pacific,27,27,2340.8,1852.1,2.8043,2.8643,2.0879,2.1482,2.8643,2.1482,894.74,893.45,0.4831
AL092011,AL031966,IRENE,2011,CELIA,1966,atlantic,43,36,5803.7,5654.6,2.8098,3.9638,2.2123,3.1503,3.9638,3.1503,898.54,901.1,0.1589
AL041893,AL091979,UNNAMED,1893,DAVID,1979,atlantic,47,55,7756.8,9360.5,3.0487,3.0528,2.4754,2.458,3.0528,2.4754,898.75,896.73,0.1159
EP061972,EP071976,FERNANDA,1972,GWEN,1976,pacific,49,54,5943.5,6936.6,2.8566,3.9564,2.1707,3.6706,3.9564,3.6706,901.44,902.73,0.1517
EP171987,EP071995,RAMON,1987,FLOSSIE,1995,pacific,27,27,2340.8,1994.8,2.8043,2.8638,2.0879,2.0764,2.8638,2.0879,902.19,903.53,0.4523
EP171983,EP071976,RAYMOND,1983,GWEN,1976,pacific,51,54,6234.4,6936.6,2.905,3.9564,2.2005,3.6706,3.9564,3.6706,903.2,903.19,0.1449
EP141997,EP131986,LINDA,1997,MADELINE,1986,pacific,34,28,2843.1,3514.4,2.7992,3.1286,2.0408,2.6228,3.1286,2.6228,904.47,908.41,0.3181
AL021877,AL041979,UNNAMED,1877,BOB,1979,atlantic,34,29,2711.2,3701.1,2.9208,3.1548,2.5379,2.6895,3.1548,2.6895,907.43,907.74,0.3347
AL111950,AL021942,KING,1950,UNNAMED,1942,atlantic,31,26,2550.7,3056.0,2.7572,3.1668,2.3058,2.7872,3.1668,2.7872,908.72,908.13,0.3563
AL061886,AL122000,UNNAMED,1886,HELENE,2000,atlantic,52,42,6901.3,8408.8,3.2385,3.4624,2.4956,2.8493,3.4624,2.8493,909.55,909.98,0.1318
AL011897,AL071901,UNNAMED,1897,UNNAMED,1901,atlantic,43,55,7063.0,9039.2,3.1219,3.8909,2.3714,3.0687,3.8909,3.0687,911.15,911.08,0.129
AL011963,AL081996,ARLENE,1963,HORTENSE,1996,atlantic,43,53,6706.8,7347.0,3.1704,3.289,2.5347,2.445,3.289,2.5347,911.47,913.61,0.1359
AL071865,AL111924,UNNAMED,1865,UNNAMED,1924,atlantic,34,38,4062.8,3600.4,2.8102,2.9806,2.0838,2.1901,2.9806,2.1901,912.88,910.56,0.2535
EP111975,EP131986,KATRINA,1975,MADELINE,1986,pacific,37,28,3428.8,3514.4,2.8206,3.1286,2.1006,2.6228,3.1286,2.6228,913.84,912.1,0.2665
AL061879,AL051881,UNNAMED,1879,UNNAMED,1881,atlantic,33,37,4511.0,4026.0,2.784,2.9785,2.1031,2.1353,2.9785,2.1353,915.6,914.19,0.2274
AL041917,AL131971,UNNAMED,1917,EDITH,1971,atlantic,43,51,4830.6,6499.3,3.1971,3.4761,2.6686,2.7679,3.4761,2.7679,915.79,915.11,0.1896
EP181984,EP172014,RACHEL,1984,POLO,2014,pacific,36,44,2561.1,3352.7,2.2594,2.944,2.0621,2.3793,2.944,2.3793,919.13,918.65,0.3589
AL071898,AL082008,UNNAMED,1898,HANNA,2008,atlantic,49,49,7151.9,6741.9,3.5613,5.257,2.7143,4.6536,5.257,4.6536,920.76,919.81,0.1366
EP141971,EP041975,NANETTE,1971,DENISE,1975,pacific,27,41,2785.4,3430.7,2.9325,3.506,2.1728,3.3506,3.506,3.3506,921.5,922.49,0.3308
AL061940,AL011953,UNNAMED,1940,ALICE,1953,atlantic,29,53,3262.2,3423.2,2.9051,5.3557,2.3869,4.9093,5.3557,4.9093,921.51,921.44,0.2825
EP132015,EP071976,JIMENA,2015,GWEN,1976,pacific,63,54,6222.8,6936.6,3.0906,3.9564,2.2811,3.6706,3.9564,3.6706,922.77,918.97,0.1483
AL061891,AL082014,UNNAMED,1891,GONZALO,2014,atlantic,39,39,6310.5,6468.0,2.8295,2.8715,2.3193,2.4339,2.8715,2.4339,926.86,924.62,0.1469
EP121991,EP091971,JIMENA,1991,ILSA,1971,pacific,46,35,3878.5,3497.7,2.8339,2.876,2.121,2.1304,2.876,2.1304,928.3,926.92,0.2654
EP012015,EP132012,ANDRES,2015,MIRIAM,2012,pacific,40,44,2669.1,2548.0,4.4998,5.9554,3.8035,5.1072,5.9554,5.1072,930.7,929.24,0.3653
EP101980,EP061966,JAVIER,1980,FRANCESCA,1966,pacific,26,43,2812.3,3955.3,2.6574,4.2473,2.0604,4.1213,4.2473,4.1213,931.24,931.12,0.3311
AL061921,AL181933,UNNAMED,1921,UNNAMED,1933,atlantic,43,55,4946.6,3636.2,3.0707,3.3458,2.572,2.6448,3.3458,2.6448,932.03,930.17,0.2563
AL061936,AL071944,UNNAMED,1936,UNNAMED,1944,atlantic,31,32,5306.0,5751.1,2.824,3.0256,2.3694,2.3227,3.0256,2.3694,934.46,936.08,0.1761
EP191984,EP092012,SIMON,1984,ILEANA,2012,pacific,33,47,3895.8,4321.6,2.8192,2.9081,2.1999,2.1872,2.9081,2.1999,935.82,934.85,0.2402
EP101958,EP211989,UNNAMED,1958,RAYMOND,1989,pacific,27,46,2973.2,4109.5,2.8194,3.2696,2.3415,2.5975,3.2696,2.5975,936.91,936.85,0.3151
EP141982,EP031957,NORMAN,1982,UNNAMED,1957,pacific,36,27,2672.0,2269.0,2.7347,2.9228,2.2232,2.1816,2.9228,2.2232,938.88,941.06,0.4138
EP102004,EP171985,GEORGETTE,2004,RICK,1985,pacific,33,45,4364.6,5065.2,2.4515,2.8364,2.0278,2.1969,2.8364,2.1969,939.55,939.72,0.2153
EP111980,EP071976,KAY,1980,GWEN,1976,pacific,55,54,6184.8,6936.6,2.8937,3.9564,2.2507,3.6706,3.9564,3.6706,939.68,936.75,0.1519
EP071973,EP112004,GLENDA,1973,HOWARD,2004,pacific,25,44,2916.4,3817.7,2.6344,3.4043,2.1244,2.9561,3.4043,2.9561,941.96,941.6,0.323
AL021895,AL051933,UNNAMED,1895,UNNAMED,1933,atlantic,36,51,4597.7,5012.8,2.738,2.9093,2.0165,2.0897,2.9093,2.0897,944.6,944.62,0.2055
EP121968,EP131986,LIZA,1968,MADELINE,1986,pacific,37,28,3210.0,3514.4,2.8112,3.1286,2.2138,2.6228,3.1286,2.6228,945.1,944.64,0.2944
AL101980,AL011897,EARL,1980,UNNAMED,1897,atlantic,27,43,5682.9,7063.0,2.7438,3.1219,2.2328,2.3714,3.1219,2.3714,948.69,947.86,0.1669
AL061891,AL031896,UNNAMED,1891,UNNAMED,1896,atlantic,39,43,6310.5,7870.6,2.8295,3.0719,2.3193,2.6522,3.0719,2.6522,948.92,946.54,0.1504
EP041953,EP012002,UNNAMED,1953,ALMA,2002,pacific,25,31,1778.2,2231.6,2.8063,3.3669,2.0843,2.7706,3.3669,2.7706,949.67,949.26,0.5341
AL031905,AL051950,UNNAMED,1905,EASY,1950,atlantic,28,38,2514.7,2646.5,2.8685,4.8203,2.2468,3.7935,4.8203,3.7935,951.35,950.85,0.3783
EP032006,EP201992,BUD,2006,ROSLYN,1992,pacific,27,69,3850.8,4957.5,2.329,5.415,2.0073,4.7556,5.415,4.7556,953.64,950.72,0.2476
AL111950,AL201971,KING,1950,UNNAMED,1971,atlantic,31,33,2550.7,2229.4,2.7572,3.4481,2.3058,3.0312,3.4481,3.0312,954.99,954.82,0.4284
AL051892,AL042004,UNNAMED,1892,DANIELLE,2004,atlantic,48,46,5077.1,4787.4,2.8789,4.4751,2.5309,4.0541,4.4751,4.0541,956.44,957.09,0.1998
AL021876,AL112004,UNNAMED,1876,JEANNE,2004,atlantic,33,69,5345.6,5933.4,3.1854,5.8828,2.6632,5.3993,5.8828,5.3993,961.67,961.28,0.1799
AL121978,AL051892,UNNAMED,1978,UNNAMED,1892,atlantic,33,48,4937.8,5077.1,2.6712,2.8789,2.1764,2.5309,2.8789,2.5309,962.11,960.78,0.1948
AL061947,AL041985,UNNAMED,1947,DANNY,1985,atlantic,27,37,3244.4,4433.0,2.7091,3.1531,2.2497,2.5282,3.1531,2.5282,963.72,964.86,0.297
AL142011,AL041893,MARIA,2011,UNNAMED,1893,atlantic,42,47,7039.7,7756.8,2.8539,3.0487,2.262,2.4754,3.0487,2.4754,964.76,982.36,0.137
EP031991,EP181985,CARLOS,1991,SANDRA,1985,pacific,45,46,4480.9,4778.5,2.2153,2.8266,2.0679,2.2004,2.8266,2.2004,964.97,966.32,0.2154
AL111901,AL021998,UNNAMED,1901,BONNIE,1998,atlantic,39,49,5970.8,7523.1,2.8926,3.1557,2.3448,2.489,3.1557,2.489,969.48,976.51,0.1624
EP021999,EP092012,BEATRIZ,1999,ILEANA,2012,pacific,32,47,3468.8,4321.6,2.5217,2.9081,2.0478,2.1872,2.9081,2.1872,969.58,968.84,0.2795
EP062012,EP132009,FABIO,2012,JIMENA,2009,pacific,40,39,3584.5,2906.7,3.0897,6.193,2.484,5.1536,6.193,5.1536,970.89,971.3,0.334
EP111967,EP062006,LILY,1967,EMILIA,2006,pacific,27,41,3183.7,3547.6,2.933,3.0499,2.4692,2.4644,3.0499,2.4692,971.03,972.21,0.305
EP141971,EP021983,NANETTE,1971,BARBARA,1983,pacific,27,38,2785.4,3112.4,2.9325,3.1154,2.1728,2.2504,3.1154,2.2504,972.43,971.38,0.3491
EP111967,EP142014,LILY,1967,NORBERT,2014,pacific,27,35,3183.7,2287.0,2.933,4.6331,2.4692,4.3671,4.6331,4.3671,977.63,979.94,0.4275
AL021928,AL102002,UNNAMED,1928,ISIDORE,2002,atlantic,42,55,4714.8,6584.1,2.7098,4.6892,2.2324,4.2414,4.6892,4.2414,979.53,978.55,0.2078
AL121973,AL022008,ELLEN,1973,BERTHA,2008,atlantic,37,74,7795.5,9967.2,3.2404,5.3617,2.6566,4.4096,5.3617,4.4096,982.72,984.27,0.1261
AL061870,AL011948,UNNAMED,1870,UNNAMED,1948,atlantic,40,28,2760.7,2353.3,3.0081,4.5231,2.6024,3.8205,4.5231,3.8205,989.08,987.69,0.4203
EP141997,EP061992,LINDA,1997,ESTELLE,1992,pacific,34,34,2843.1,3046.5,2.7992,2.9778,2.0408,2.2551,2.9778,2.2551,992.36,991.75,0.349
AL142013,AL111966,MELISSA,2013,LOIS,1966,atlantic,26,39,4540.0,5867.9,2.7688,4.3067,2.3382,3.6713,4.3067,3.6713,993.29,992.45,0.2188
EP091972,EP112004,IVA,1972,HOWARD,2004,pacific,33,44,2969.9,3817.7,2.7878,3.4043,2.1127,2.9561,3.4043,2.9561,993.29,992.18,0.3345
EP062012,EP022015,FABIO,2012,BLANCA,2015,pacific,40,38,3584.5,2589.6,3.0897,4.427,2.484,3.7822,4.427,3.7822,993.83,994.15,0.3838
AL031889,AL072013,UNNAMED,1889,GABRIELLE,2013,atlantic,39,36,2770.8,2921.8,2.6594,2.9857,2.0984,2.4777,2.9857,2.4777,993.95,993.86,0.3587
AL061915,AL011926,UNNAMED,1915,UNNAMED,1926,atlantic,42,47,5646.7,5865.2,2.9134,3.0748,2.2993,2.6651,3.0748,2.6651,995.35,993.04,0.1763
AL041872,AL121990,UNNAMED,1872,JOSEPHINE,1990,atlantic,28,62,4516.1,5167.8,2.806,6.3096,2.2896,5.883,6.3096,5.883,999.9,1005.2,0.2214
AL081979,AL041899,UNNAMED,1979,UNNAMED,1899,atlantic,25,43,5430.5,5916.8,2.8962,3.7055,2.2041,2.8811,3.7055,2.8811,1000.33,1007.49,0.1842
EP141971,EP172013,NANETTE,1971,RAYMOND,2013,pacific,27,48,2785.4,3159.2,2.9325,5.3323,2.1728,4.6727,5.3323,4.6727,1001.03,1001.43,0.3594
EP152007,EP012015,KIKO,2007,ANDRES,2015,pacific,50,40,3113.0,2669.1,3.8251,4.4998,3.5294,3.8035,4.4998,3.8035,1001.13,1000.28,0.3751
AL051876,AL111924,UNNAMED,1876,UNNAMED,1924,atlantic,49,38,3885.2,3600.4,2.6824,2.9806,2.1333,2.1901,2.9806,2.1901,1005.05,1006.58,0.2791
AL061879,AL031933,UNNAMED,1879,UNNAMED,1933,atlantic,33,55,4511.0,5806.1,2.784,3.3073,2.1031,2.6841,3.3073,2.6841,1005.83,1006.61,0.223
AL081999,AL051964,FLOYD,1999,CLEO,1964,atlantic,50,64,7702.3,9735.5,3.1819,3.9386,2.5279,3.3846,3.9386,3.3846,1006.25,1013.59,0.1306
AL052001,AL021885,DEAN,2001,UNNAMED,1885,atlantic,27,32,5127.3,6417.8,2.9045,3.1636,2.3175,2.8475,3.1636,2.8475,1007.5,1009.96,0.1965
AL051888,AL011940,UNNAMED,1888,UNNAMED,1940,atlantic,28,32,3837.3,2955.3,2.9543,3.3777,2.4476,2.4384,3.3777,2.4476,1010.39,1011.0,0.3419
AL091947,AL011953,UNNAMED,1947,ALICE,1953,atlantic,36,53,3660.7,3423.2,4.281,5.3557,3.4515,4.9093,5.3557,4.9093,1010.96,1009.52,0.2953
AL041857,AL051933,UNNAMED,1857,UNNAMED,1933,atlantic,29,51,5001.2,5012.8,2.7993,2.9093,2.0296,2.0897,2.9093,2.0897,1014.59,1013.33,0.2029
AL112009,AL091947,IDA,2009,UNNAMED,1947,atlantic,31,36,2742.4,3660.7,2.7538,4.281,2.3305,3.4515,4.281,3.4515,1015.28,1013.79,0.3702
EP131967,EP152007,NANETTE,1967,KIKO,2007,pacific,33,50,2387.1,3113.0,3.4672,3.8251,3.0215,3.5294,3.8251,3.5294,1015.7,1014.05,0.4255
AL051903,AL171887,UNNAMED,1903,UNNAMED,1887,atlantic,32,30,3186.3,3021.2,2.7534,4.7144,2.2313,4.5639,4.7144,4.5639,1017.51,1017.46,0.3368
EP041979,EP062006,DOLORES,1979,EMILIA,2006,pacific,27,41,3344.6,3547.6,2.8028,3.0499,2.0829,2.4644,3.0499,2.4644,1019.62,1019.09,0.3049
AL121893,AL032012,UNNAMED,1893,CHRIS,2012,atlantic,32,31,4609.3,5195.0,2.8416,6.0734,2.4665,5.2153,6.0734,5.2153,1021.79,1019.83,0.2217
AL031943,AL031924,UNNAMED,1943,UNNAMED,1924,atlantic,34,50,5677.5,7328.3,2.9264,3.2818,2.1688,2.5737,3.2818,2.5737,1022.52,1022.28,0.1801
AL051906,AL041992,UNNAMED,1906,ANDREW,1992,atlantic,63,52,6213.1,7473.2,2.8859,3.0832,2.1345,2.873,3.0832,2.873,1022.71,1023.05,0.1646
AL082012,AL111966,GORDON,2012,LOIS,1966,atlantic,26,39,4253.4,5867.9,2.8873,4.3067,2.318,3.6713,4.3067,3.6713,1024.57,1025.83,0.2409
AL092013,AL042004,HUMBERTO,2013,DANIELLE,2004,atlantic,46,46,4423.9,4787.4,3.5844,4.4751,2.8756,4.0541,4.4751,4.0541,1027.16,1029.58,0.2322
EP051984,EP241990,ELIDA,1984,VANCE,1990,pacific,44,41,3560.0,2560.8,4.5306,5.5842,4.2786,4.6126,5.5842,4.6126,1028.87,1027.06,0.4018
EP101975,EP112004,JEWEL,1975,HOWARD,2004,pacific,31,44,3215.6,3817.7,2.332,3.4043,2.0541,2.9561,3.4043,2.9561,1028.88,1028.8,0.32
AL011920,AL111976,UNNAMED,1920,FRANCES,1976,atlantic,38,45,5834.9,6683.5,3.0215,5.222,2.1959,4.9156,5.222,4.9156,1031.19,1031.71,0.1767
AL061866,AL092005,UNNAMED,1866,IRENE,2005,atlantic,48,56,8160.4,7003.1,3.1636,3.3989,2.9505,3.0994,3.3989,3.0994,1031.83,1030.53,0.1473
AL071867,AL041979,UNNAMED,1867,BOB,1979,atlantic,34,29,2945.1,3701.1,2.6537,3.1548,2.296,2.6895,3.1548,2.6895,1032.77,1031.69,0.3507
AL111932,AL111964,UNNAMED,1932,ISBELL,1964,atlantic,47,35,3795.5,3349.8,2.9879,5.1412,2.4064,4.4715,5.1412,4.4715,1034.17,1034.02,0.3087
AL062006,AL042005,ERNESTO,2006,DENNIS,2005,atlantic,47,59,5174.4,6197.4,2.8083,5.658,2.2148,5.3281,5.658,5.3281,1037.19,1036.37,0.2004
EP141982,EP092013,NORMAN,1982,IVO,2013,pacific,36,31,2672.0,2188.1,2.7347,4.3133,2.2232,3.5845,4.3133,3.5845,1037.51,1037.43,0.4742
AL091958,AL131974,ILSA,1958,ELAINE,1974,atlantic,26,38,4287.5,5683.0,2.9607,3.215,2.3304,2.6369,3.215,2.6369,1040.78,1038.86,0.2427
AL031988,AL091964,CHRIS,1988,GLADYS,1964,atlantic,39,48,7495.1,5959.9,2.9744,3.0616,2.3927,2.3892,3.0616,2.3927,1041.61,1039.93,0.1748
AL041887,AL131971,UNNAMED,1887,EDITH,1971,atlantic,37,51,5051.9,6499.3,2.8016,3.4761,2.2918,2.7679,3.4761,2.7679,1047.38,1044.29,0.2073
AL041889,AL081934,UNNAMED,1889,UNNAMED,1934,atlantic,48,29,4180.1,3425.4,2.7694,3.1619,2.4559,2.3964,3.1619,2.4559,1052.86,1053.72,0.3074
AL051881,AL031875,UNNAMED,1881,UNNAMED,1875,atlantic,37,45,4026.0,5701.7,2.9785,4.2247,2.1353,3.5379,4.2247,3.5379,1056.86,1054.22,0.2625
AL031943,AL061908,UNNAMED,1943,UNNAMED,1908,atlantic,34,50,5677.5,7357.9,2.9264,3.4506,2.1688,2.7424,3.4506,2.7424,1057.17,1054.66,0.1862
AL021904,AL071961,UNNAMED,1904,FRANCES,1961,atlantic,33,41,5291.1,5260.3,2.9995,3.1045,2.4898,2.659,3.1045,2.659,1058.32,1055.43,0.2012
AL091933,AL021885,UNNAMED,1933,UNNAMED,1885,atlantic,34,32,4693.1,6417.8,2.8172,3.1636,2.2803,2.8475,3.1636,2.8475,1059.49,1058.45,0.2258
AL131916,AL031943,UNNAMED,1916,UNNAMED,1943,atlantic,36,34,5145.5,5677.5,2.8308,2.9264,2.2814,2.1688,2.9264,2.2814,1059.88,1069.27,0.206
EP141997,EP061966,LINDA,1997,FRANCESCA,1966,pacific,34,43,2843.1,3955.3,2.7992,4.2473,2.0408,4.1213,4.2473,4.1213,1060.49,1060.4,0.373
EP031968,EP061966,CELESTE,1968,FRANCESCA,1966,pacific,27,43,2831.4,3955.3,2.2915,4.2473,2.0375,4.1213,4.2473,4.1213,1062.54,1062.33,0.3753
AL061879,AL031875,UNNAMED,1879,UNNAMED,1875,atlantic,33,45,4511.0,5701.7,2.784,4.2247,2.1031,3.5379,4.2247,3.5379,1063.0,1063.24,0.2356
AL031965,AL061979,BETSY,1965,CLAUDETTE,1979,atlantic,68,57,7229.7,8060.0,4.699,4.9338,4.3858,4.364,4.9338,4.3858,1067.26,1068.84,0.1476
AL021902,AL011939,UNNAMED,1902,UNNAMED,1939,atlantic,37,28,3988.2,3107.3,2.6309,4.8925,2.0984,4.1885,4.8925,4.1885,1068.44,1067.8,0.3438
AL021890,AL031937,UNNAMED,1890,UNNAMED,1937,atlantic,41,39,4468.7,3877.7,2.756,2.9745,2.1607,2.1918,2.9745,2.1918,1069.91,1067.55,0.2759
AL031962,AL031915,CELIA,1962,UNNAMED,1915,atlantic,40,59,5004.4,4832.0,5.4494,6.0432,4.8657,5.3938,6.0432,5.3938,1070.22,1069.04,0.2215
AL141933,AL051933,UNNAMED,1933,UNNAMED,1933,atlantic,38,51,4759.0,5012.8,2.7187,2.9093,2.0314,2.0897,2.9093,2.0897,1070.54,1066.5,0.225
AL031893,AL121987,UNNAMED,1893,EMILY,1987,atlantic,50,30,8259.3,7375.4,2.9977,3.0292,2.424,2.5718,3.0292,2.5718,1071.64,1112.92,0.1453
AL091947,AL172008,UNNAMED,1947,PALOMA,2008,atlantic,36,35,3660.7,2803.1,4.281,5.5955,3.4515,4.4116,5.5955,4.4116,1074.48,1074.46,0.3833
AL061887,AL011950,UNNAMED,1887,ABLE,1950,atlantic,38,51,7405.7,7587.0,2.9443,3.0971,2.7551,2.5879,3.0971,2.7551,1074.48,1075.47,0.1451
AL021879,AL071898,UNNAMED,1879,UNNAMED,1898,atlantic,32,49,6010.8,7151.9,3.0799,3.5613,2.3144,2.7143,3.5613,2.7143,1075.74,1087.0,0.179
EP152007,EP061966,KIKO,2007,FRANCESCA,1966,pacific,50,43,3113.0,3955.3,3.8251,4.2473,3.5294,4.1213,4.2473,4.1213,1077.94,1075.71,0.3463
AL041858,AL091980,UNNAMED,1858,GEORGES,1980,atlantic,32,32,5052.8,6791.1,2.9515,3.0092,2.4844,2.4101,3.0092,2.4844,1080.04,1082.43,0.2138
AL051933,AL131967,UNNAMED,1933,BEULAH,1967,atlantic,51,70,5012.8,5397.3,2.9093,3.5721,2.0897,2.88,3.5721,2.88,1085.6,1081.75,0.2166
EP021969,EP112004,BERNICE,1969,HOWARD,2004,pacific,33,44,3454.0,3817.7,2.6418,3.4043,2.1403,2.9561,3.4043,2.9561,1086.44,1084.4,0.3145
AL071891,AL111924,UNNAMED,1891,UNNAMED,1924,atlantic,25,38,3447.3,3600.4,2.7368,2.9806,2.1716,2.1901,2.9806,2.1901,1097.0,1098.56,0.3182
AL021963,AL041924,BEULAH,1963,UNNAMED,1924,atlantic,34,48,5735.7,7094.3,2.6455,3.1465,2.2764,2.3178,3.1465,2.3178,1097.14,1102.62,0.1913
AL061882,AL061939,UNNAMED,1882,UNNAMED,1939,atlantic,45,39,3762.9,3738.4,2.7515,3.5487,2.0935,3.2012,3.5487,3.2012,1101.22,1103.28,0.2946
AL041961,AL092006,DEBBIE,1961,HELENE,2006,atlantic,40,62,7785.7,9871.5,3.335,3.6256,2.8635,2.7937,3.6256,2.8635,1106.21,1102.81,0.1421
AL102003,AL062010,FABIAN,2003,DANIELLE,2010,atlantic,53,51,9172.0,9345.1,3.4681,3.469,2.6758,2.8068,3.469,2.8068,1107.88,1107.19,0.1208
AL091887,AL051933,UNNAMED,1887,UNNAMED,1933,atlantic,47,51,4967.3,5012.8,2.8733,2.9093,2.1342,2.0897,2.9093,2.1342,1108.54,1110.07,0.2232
AL061991,AL061976,CLAUDETTE,1991,ANNA,1976,atlantic,43,37,4899.1,5072.8,3.5382,4.7178,3.1781,4.3358,4.7178,4.3358,1108.79,1107.2,0.2263
AL041994,AL081996,CHRIS,1994,HORTENSE,1996,atlantic,30,53,5360.2,7347.0,2.8326,3.289,2.2511,2.445,3.289,2.445,1110.41,1112.92,0.2072
AL091980,AL041893,GEORGES,1980,UNNAMED,1893,atlantic,32,47,6791.1,7756.8,3.0092,3.0487,2.4101,2.4754,3.0487,2.4754,1114.1,1113.9,0.1641
EP031991,EP092012,CARLOS,1991,ILEANA,2012,pacific,45,47,4480.9,4321.6,2.2153,2.9081,2.0679,2.1872,2.9081,2.1872,1122.92,1121.33,0.2598
AL061940,AL172008,UNNAMED,1940,PALOMA,2008,atlantic,29,35,3262.2,2803.1,2.9051,5.5955,2.3869,4.4116,5.5955,4.4116,1122.94,1122.28,0.4006
EP021991,EP092012,BLANCA,1991,ILEANA,2012,pacific,30,47,3089.1,4321.6,2.1791,2.9081,2.0425,2.1872,2.9081,2.1872,1123.89,1124.06,0.3638
EP031975,EP112004,CARLOTTA,1975,HOWARD,2004,pacific,35,44,3223.3,3817.7,2.2725,3.4043,2.0371,2.9561,3.4043,2.9561,1124.1,1123.14,0.3487
AL031961,AL051894,CARLA,1961,UNNAMED,1894,atlantic,51,49,7633.4,6033.8,2.9452,3.0366,2.4912,2.334,3.0366,2.4912,1125.45,1133.2,0.1865
EP172014,EP042010,POLO,2014,CELIA,2010,pacific,44,50,3352.7,3576.2,2.944,5.2032,2.3793,4.6541,5.2032,4.6541,1126.41,1124.86,0.336
AL021867,AL061886,UNNAMED,1867,UNNAMED,1886,atlantic,28,52,5192.9,6901.3,2.9482,3.2385,2.2367,2.4956,3.2385,2.4956,1126.43,1125.12,0.2169
AL082014,AL061887,GONZALO,2014,UNNAMED,1887,atlantic,39,38,6468.0,7405.7,2.8715,2.9443,2.4339,2.7551,2.9443,2.7551,1134.2,1134.59,0.1754
AL071869,AL091990,UNNAMED,1869,HORTENSE,1990,atlantic,32,26,4620.3,3403.0,2.7482,3.0295,2.1588,2.1844,3.0295,2.1844,1135.8,1134.68,0.3338
EP061989,EP071976,DALILIA,1989,GWEN,1976,pacific,42,54,6262.2,6936.6,3.1341,3.9564,2.3329,3.6706,3.9564,3.6706,1139.24,1136.33,0.1819
AL021902,AL021972,UNNAMED,1902,AGNES,1972,atlantic,37,35,3988.2,3426.9,2.6309,3.1446,2.0984,2.4025,3.1446,2.4025,1140.97,1138.96,0.3329
AL031916,AL021935,UNNAMED,1916,UNNAMED,1935,atlantic,52,43,6211.6,5543.3,2.8455,2.8776,2.1803,2.5334,2.8776,2.5334,1142.46,1142.89,0.2061
AL021961,AL131978,BETSY,1961,FLOSSIE,1978,atlantic,41,50,7139.8,8121.3,3.153,4.3785,2.6255,3.7088,4.3785,3.7088,1144.55,1141.99,0.1603
AL021879,AL041899,UNNAMED,1879,UNNAMED,1899,atlantic,32,43,6010.8,5916.8,3.0799,3.7055,2.3144,2.8811,3.7055,2.8811,1147.19,1152.59,0.1939
EP011970,EP092012,ADELE,1970,ILEANA,2012,pacific,31,47,3614.8,4321.6,2.3398,2.9081,2.0493,2.1872,2.9081,2.1872,1148.93,1147.47,0.3178
AL031879,AL051950,UNNAMED,1879,EASY,1950,atlantic,25,38,3285.7,2646.5,2.736,4.8203,2.1627,3.7935,4.8203,3.7935,1151.0,1149.38,0.4349
AL061955,AL071964,FLORA,1955,ETHEL,1964,atlantic,31,49,5769.5,7486.9,3.0737,3.4559,2.2758,2.7972,3.4559,2.7972,1153.36,1151.36,0.1999
AL151975,AL071963,GLADYS,1975,FLORA,1963,atlantic,46,69,8702.3,10440.4,3.2019,5.0146,2.5875,4.5098,5.0146,4.5098,1159.52,1156.79,0.1332
AL031883,AL061915,UNNAMED,1883,UNNAMED,1915,atlantic,39,42,4141.8,5646.7,2.7729,2.9134,2.086,2.2993,2.9134,2.2993,1160.47,1159.22,0.2802
AL041889,AL031883,UNNAMED,1889,UNNAMED,1883,atlantic,48,39,4180.1,4141.8,2.7694,2.7729,2.4559,2.086,2.7729,2.4559,1161.69,1159.69,0.2805
AL081954,AL041949,EDNA,1954,UNNAMED,1949,atlantic,41,35,5828.7,5234.2,2.8094,3.2159,2.3483,2.3811,3.2159,2.3811,1183.37,1182.15,0.2261
AL041899,AL082008,UNNAMED,1899,HANNA,2008,atlantic,43,49,5916.8,6741.9,3.7055,5.257,2.8811,4.6536,5.257,4.6536,1202.69,1207.64,0.2033
AL021867,AL071898,UNNAMED,1867,UNNAMED,1898,atlantic,28,49,5192.9,7151.9,2.9482,3.5613,2.2367,2.7143,3.5613,2.7143,1213.82,1213.16,0.2337
AL062004,AL051961,FRANCES,2004,ESTHER,1961,atlantic,74,67,8606.7,8853.1,2.9499,5.951,2.8187,5.488,5.951,5.488,1215.7,1217.5,0.1413
AL132000,AL061948,ISAAC,2000,UNNAMED,1948,atlantic,52,54,10013.1,11103.2,3.3452,3.4492,2.6694,2.6266,3.4492,2.6694,1216.88,1217.08,0.1215
AL041999,AL031913,CINDY,1999,UNNAMED,1913,atlantic,51,70,6340.4,8811.5,2.8712,4.001,2.4753,3.1894,4.001,3.1894,1220.26,1218.11,0.1925
EP091995,EP061966,HENRIETTE,1995,FRANCESCA,1966,pacific,29,43,2968.8,3955.3,3.0336,4.2473,2.1887,4.1213,4.2473,4.1213,1223.89,1221.57,0.4123
AL061882,AL111924,UNNAMED,1882,UNNAMED,1924,atlantic,45,38,3762.9,3600.4,2.7515,2.9806,2.0935,2.1901,2.9806,2.1901,1226.13,1225.9,0.3406
AL071944,AL041899,UNNAMED,1944,UNNAMED,1899,atlantic,32,43,5751.1,5916.8,3.0256,3.7055,2.3227,2.8811,3.7055,2.8811,1226.35,1226.32,0.2132
AL061921,AL101926,UNNAMED,1921,UNNAMED,1926,atlantic,43,57,4946.6,7037.0,3.0707,3.8274,2.572,3.6898,3.8274,3.6898,1230.67,1227.85,0.2488
AL111985,AL011948,ISABEL,1985,UNNAMED,1948,atlantic,36,28,3323.7,2353.3,3.9105,4.5231,3.463,3.8205,4.5231,3.8205,1238.97,1238.92,0.5265
AL041865,AL051881,UNNAMED,1865,UNNAMED,1881,atlantic,37,37,5093.3,4026.0,2.7947,2.9785,2.1844,2.1353,2.9785,2.1844,1239.74,1237.76,0.3079
AL031879,AL111950,UNNAMED,1879,KING,1950,atlantic,25,31,3285.7,2550.7,2.736,2.7572,2.1627,2.3058,2.7572,2.3058,1258.25,1259.16,0.4933
AL021916,AL091947,UNNAMED,1916,UNNAMED,1947,atlantic,51,36,3430.4,3660.7,3.7624,4.281,3.145,3.4515,4.281,3.4515,1258.46,1256.98,0.3669
AL071891,AL041985,UNNAMED,1891,DANNY,1985,atlantic,25,37,3447.3,4433.0,2.7368,3.1531,2.1716,2.5282,3.1531,2.5282,1261.53,1259.54,0.3659
AL041917,AL031901,UNNAMED,1917,UNNAMED,1901,atlantic,43,42,4830.6,4809.7,3.1971,4.3548,2.6686,4.0898,4.3548,4.0898,1279.88,1278.32,0.2661
AL041915,AL182012,UNNAMED,1915,SANDY,2012,atlantic,27,45,3400.5,4344.0,2.4725,5.1297,2.0546,4.3061,5.1297,4.3061,1282.94,1281.92,0.3773
AL111916,AL031962,UNNAMED,1916,CELIA,1962,atlantic,31,40,4928.6,5004.4,2.8072,5.4494,2.2611,4.8657,5.4494,4.8657,1286.09,1287.88,0.2609
EP091959,EP041963,UNNAMED,1959,JEN-KATH,1963,pacific,31,39,3358.2,4724.2,2.9587,3.3479,2.1888,2.7539,3.3479,2.7539,1291.14,1290.06,0.3845
AL031958,AL041965,CLEO,1958,CAROL,1965,atlantic,47,63,9621.6,7941.0,3.2362,7.0911,2.6376,6.5377,7.0911,6.5377,1302.09,1298.82,0.164
AL091945,AL041899,UNNAMED,1945,UNNAMED,1899,atlantic,39,43,6848.9,5916.8,3.1169,3.7055,2.4862,2.8811,3.7055,2.8811,1305.48,1303.85,0.2206
AL061940,AL091947,UNNAMED,1940,UNNAMED,1947,atlantic,29,36,3262.2,3660.7,2.9051,4.281,2.3869,3.4515,4.281,3.4515,1312.68,1311.04,0.4024
AL111967,AL091980,ARLENE,1967,GEORGES,1980,atlantic,29,32,4823.9,6791.1,2.8373,3.0092,2.2246,2.4101,3.0092,2.4101,1314.3,1313.59,0.2725
EP081972,EP112001,HYACINTH,1972,JULIETTE,2001,pacific,41,48,5342.3,3777.4,2.7673,2.8275,2.5907,2.3133,2.8275,2.5907,1316.9,1315.44,0.3486
EP191982,EP112004,TARA,1982,HOWARD,2004,pacific,27,44,3357.3,3817.7,2.8328,3.4043,2.1091,2.9561,3.4043,2.9561,1322.02,1320.43,0.3938
AL031932,AL051999,UNNAMED,1932,DENNIS,1999,atlantic,39,66,4960.8,4859.0,3.0429,7.6992,2.2224,6.8898,7.6992,6.8898,1330.08,1329.67,0.2737
AL061933,AL101989,UNNAMED,1933,GABRIELLE,1989,atlantic,62,58,9209.7,7503.5,3.7016,4.3281,3.2057,3.9177,4.3281,3.9177,1332.65,1327.22,0.1776
AL072006,AL031955,FLORENCE,2006,DIANE,1955,atlantic,62,67,10175.8,10958.3,3.6036,3.9496,3.043,3.5545,3.9496,3.5545,1335.06,1331.5,0.1312
AL132000,AL122011,ISAAC,2000,KATIA,2011,atlantic,52,64,10013.1,12543.6,3.3452,3.6183,2.6694,2.8518,3.6183,2.8518,1337.8,1334.15,0.1336
AL031894,AL151975,UNNAMED,1894,GLADYS,1975,atlantic,44,46,6876.0,8702.3,3.0381,3.2019,2.3253,2.5875,3.2019,2.5875,1339.62,1335.44,0.1948
AL061886,AL071898,UNNAMED,1886,UNNAMED,1898,atlantic,52,49,6901.3,7151.9,3.2385,3.5613,2.4956,2.7143,3.5613,2.7143,1339.7,1337.04,0.1941
AL091969,AL252005,CAMILLE,1969,WILMA,2005,atlantic,37,47,5835.6,5648.5,3.2061,3.9461,2.7203,3.6028,3.9461,3.6028,1339.97,1337.54,0.2372
AL101987,AL092013,DENNIS,1987,HUMBERTO,2013,atlantic,49,46,6003.3,4423.9,3.0988,3.5844,2.6582,2.8756,3.5844,2.8756,1349.27,1347.75,0.305
AL131974,AL061886,ELAINE,1974,UNNAMED,1886,atlantic,38,52,5683.0,6901.3,3.215,3.2385,2.6369,2.4956,3.2385,2.6369,1349.4,1349.57,0.2374
AL031913,AL101989,UNNAMED,1913,GABRIELLE,1989,atlantic,70,58,8811.5,7503.5,4.001,4.3281,3.1894,3.9177,4.3281,3.9177,1349.8,1346.71,0.1799
AL031916,AL041851,UNNAMED,1916,UNNAMED,1851,atlantic,52,49,6211.6,8284.2,2.8455,3.2659,2.1803,2.7592,3.2659,2.7592,1356.29,1353.89,0.2183
AL011885,AL211995,UNNAMED,1885,TANYA,1995,atlantic,36,29,5090.9,5167.7,2.7635,3.2693,2.1276,2.5546,3.2693,2.5546,1367.22,1363.96,0.2686
AL011885,AL071894,UNNAMED,1885,UNNAMED,1894,atlantic,36,42,5090.9,6512.5,2.7635,3.4457,2.1276,2.9982,3.4457,2.9982,1384.65,1380.19,0.272
AL032005,AL071956,CINDY,2005,FLOSSY,1956,atlantic,34,52,4920.4,6595.4,3.1635,4.8717,2.334,4.1819,4.8717,4.1819,1394.93,1393.79,0.2835
AL071892,AL051933,UNNAMED,1892,UNNAMED,1933,atlantic,45,51,4792.8,5012.8,2.7889,2.9093,2.023,2.0897,2.9093,2.0897,1412.16,1411.87,0.2946
AL111989,AL131995,HUGO,1989,LUIS,1995,atlantic,64,66,11435.4,10117.2,3.0183,3.2587,2.4902,2.609,3.2587,2.609,1413.92,1418.48,0.1398
AL051863,AL071887,UNNAMED,1863,UNNAMED,1887,atlantic,32,39,4849.0,6531.7,2.8417,3.0438,2.1159,2.7666,3.0438,2.7666,1433.44,1433.0,0.2956
AL181887,AL091888,UNNAMED,1887,UNNAMED,1888,atlantic,26,64,5089.8,6510.5,3.0323,3.1583,2.5917,2.6296,3.1583,2.6296,1458.6,1460.48,0.2866
AL091979,AL051899,DAVID,1979,UNNAMED,1899,atlantic,55,52,9360.5,7647.1,3.0528,3.2465,2.458,2.6084,3.2465,2.6084,1460.72,1464.93,0.191
AL041887,AL031901,UNNAMED,1887,UNNAMED,1901,atlantic,37,42,5051.9,4809.7,2.8016,4.3548,2.2918,4.0898,4.3548,4.0898,1462.89,1464.97,0.3042
AL091999,AL031913,GERT,1999,UNNAMED,1913,atlantic,49,70,6981.1,8811.5,2.8294,4.001,2.2817,3.1894,4.001,3.1894,1481.36,1482.41,0.2122
EP131986,EP112004,MADELINE,1986,HOWARD,2004,pacific,28,44,3514.4,3817.7,3.1286,3.4043,2.6228,2.9561,3.4043,2.9561,1507.63,1506.49,0.429
AL081969,AL072006,DEBBIE,1969,FLORENCE,2006,atlantic,45,62,8034.3,10175.8,3.1324,3.6036,2.5706,3.043,3.6036,3.043,1509.7,1530.44,0.1879
AL071924,AL051996,UNNAMED,1924,EDOUARD,1996,atlantic,48,73,7435.5,10073.9,2.8629,3.2231,2.2167,2.9035,3.2231,2.9035,1516.62,1512.25,0.204
AL211995,AL071894,TANYA,1995,UNNAMED,1894,atlantic,29,42,5167.7,6512.5,3.2693,3.4457,2.5546,2.9982,3.4457,2.9982,1531.21,1529.52,0.2963
AL091999,AL061933,GERT,1999,UNNAMED,1933,atlantic,49,62,6981.1,9209.7,2.8294,3.7016,2.2817,3.2057,3.7016,3.2057,1532.78,1532.3,0.2196
AL081969,AL021996,DEBBIE,1969,BERTHA,1996,atlantic,45,51,8034.3,10384.7,3.1324,3.2132,2.5706,2.4647,3.2132,2.5706,1553.84,1552.56,0.1934
AL171933,AL091969,UNNAMED,1933,CAMILLE,1969,atlantic,33,37,4589.4,5835.6,3.0504,3.2061,2.2551,2.7203,3.2061,2.7203,1561.11,1560.39,0.3402
AL082014,AL061937,GONZALO,2014,UNNAMED,1937,atlantic,39,31,6468.0,5261.7,2.8715,3.1099,2.4339,2.639,3.1099,2.639,1571.61,1571.04,0.2987
AL051989,AL051964,DEAN,1989,CLEO,1964,atlantic,38,64,6862.1,9735.5,3.1313,3.9386,2.3034,3.3846,3.9386,3.3846,1592.79,1593.35,0.2321
AL112010,AL111989,IGOR,2010,HUGO,1989,atlantic,61,64,8797.9,11435.4,3.0086,3.0183,2.4216,2.4902,3.0183,2.4902,1608.91,1607.32,0.1829
AL091964,AL041851,GLADYS,1964,UNNAMED,1851,atlantic,48,49,5959.9,8284.2,3.0616,3.2659,2.3892,2.7592,3.2659,2.7592,1625.28,1623.71,0.2727
AL112010,AL051960,IGOR,2010,DONNA,1960,atlantic,61,72,8797.9,11378.7,3.0086,3.2682,2.4216,2.613,3.2682,2.613,1633.31,1633.7,0.1856
AL071951,AL091985,FOX,1951,GLORIA,1985,atlantic,35,65,9211.5,11249.5,3.0585,3.0616,2.4731,2.6021,3.0616,2.6021,1647.42,1648.2,0.1788
AL141975,AL132004,FAYE,1975,LISA,2004,atlantic,46,55,7385.6,6154.9,3.3175,6.0648,2.6672,5.2226,6.0648,5.2226,1650.14,1648.08,0.2681
AL061891,AL061937,UNNAMED,1891,UNNAMED,1937,atlantic,39,31,6310.5,5261.7,2.8295,3.1099,2.3193,2.639,3.1099,2.639,1741.87,1743.6,0.331
AL092011,AL061889,IRENE,2011,UNNAMED,1889,atlantic,43,61,5803.7,8267.9,2.8098,4.0967,2.2123,3.4185,4.0967,3.4185,1751.85,1750.51,0.3019
AL101987,AL031900,DENNIS,1987,UNNAMED,1900,atlantic,49,62,6003.3,6103.9,3.0988,5.5835,2.6582,4.5785,5.5835,4.5785,1766.3,1763.81,0.2942
AL071951,AL041906,FOX,1951,UNNAMED,1906,atlantic,35,74,9211.5,12073.2,3.0585,4.0131,2.4731,3.1356,4.0131,3.1356,1817.7,1816.51,0.1973
AL091985,AL022008,GLORIA,1985,BERTHA,2008,atlantic,65,74,11249.5,9967.2,3.0616,5.3617,2.6021,4.4096,5.3617,4.4096,1829.42,1830.86,0.1835
AL071924,AL031853,UNNAMED,1924,UNNAMED,1853,atlantic,48,48,7435.5,9823.9,2.8629,3.1697,2.2167,2.9947,3.1697,2.9947,1835.41,1831.52,0.2468
AL071961,AL131887,FRANCES,1961,UNNAMED,1887,atlantic,41,53,5260.3,6947.0,3.1045,3.8166,2.659,3.0483,3.8166,3.0483,1975.85,1974.51,0.3756
AL071898,AL041899,UNNAMED,1898,UNNAMED,1899,atlantic,49,43,7151.9,5916.8,3.5613,3.7055,2.7143,2.8811,3.7055,2.8811,2121.45,2123.28,0.3585
AL081958,AL082006,HELENE,1958,GORDON,2006,atlantic,54,55,10121.5,10032.2,3.3461,5.1414,2.806,4.4497,5.1414,4.4497,2166.0,2166.97,0.2159
AL171972,AL031900,UNNAMED,1972,UNNAMED,1900,atlantic,41,62,5612.6,6103.9,2.7262,5.5835,2.1957,4.5785,5.5835,4.5785,2166.94,2164.81,0.3861
AL061933,AL031913,UNNAMED,1933,UNNAMED,1913,atlantic,62,70,9209.7,8811.5,3.7016,4.001,3.2057,3.1894,4.001,3.2057,2169.42,2170.22,0.2462
AL131971,AL031901,EDITH,1971,UNNAMED,1901,atlantic,51,42,6499.3,4809.7,3.4761,4.3548,2.7679,4.0898,4.3548,4.0898,2195.85,2193.38,0.4565
AL072006,AL011900,FLORENCE,2006,UNNAMED,1900,atlantic,62,81,10175.8,12985.4,3.6036,3.9068,3.043,3.2854,3.9068,3.2854,2973.45,2969.78,0.2922
