chain,frame,w,t,source_row,x,y,z
1o7j.a,deposited,1,0,0,36.574,39.355,23.921
1o7j.a,deposited,1,1,1,37.465,36.489,26.312
1o7j.a,deposited,1,2,2,35.086,35.351,29.039
1o7j.a,deposited,1,3,3,35.784,36.293,32.655
1o7j.a,deposited,1,4,4,36.02,33.093,34.72
1o7j.a,deposited,1,5,5,36.57,32.744,38.442
1o7j.a,deposited,1,6,6,38.39,29.568,39.561
1o7j.a,deposited,1,7,7,37.03,28.949,43.093
1o7j.a,deposited,1,8,8,39.19,26.365,44.844
1o7j.a,deposited,1,9,9,38.04,24.042,47.607
1o7j.a,deposited,1,10,10,40.837,21.402,47.75
1o7j.a,deposited,1,11,11,40.874,17.854,46.449
1o7j.a,deposited,1,12,12,43.405,15.515,44.851
1o7j.a,deposited,1,13,13,43.573,18.013,41.945
1o7j.a,deposited,1,14,14,45.48,20.187,44.495
1o7j.a,deposited,1,15,15,47.384,17.282,46.052
1o7j.a,deposited,1,16,16,51.246,16.97,45.956
1o7j.a,deposited,1,17,17,53.024,13.643,46.822
1o7j.a,deposited,1,18,18,56.751,12.999,47.355
1o7j.a,deposited,1,19,19,57.247,11.039,44.144
1o7j.a,deposited,1,20,20,55.634,10.834,40.685
1o7j.a,deposited,1,21,21,54.639,7.239,41.22
1o7j.a,deposited,1,22,22,52.523,7.822,44.325
1o7j.a,deposited,1,23,23,48.875,7.807,43.243
1o7j.a,deposited,1,24,24,47.422,6.496,46.48
1o7j.a,deposited,1,25,25,48.219,7.868,49.98
1o7j.a,deposited,1,26,26,49.143,11.476,49.12
1o7j.a,deposited,1,27,27,47.778,14.733,50.699
1o7j.a,deposited,1,28,28,44.622,16.119,48.996
1o7j.a,deposited,1,29,29,44.181,19.96,49.296
1o7j.a,deposited,1,30,30,47.808,21.165,49.524
1o7j.a,deposited,1,31,31,48.469,23.422,46.463
1o7j.a,deposited,1,32,32,47.0,26.917,46.08
1o7j.a,deposited,1,33,33,44.656,27.944,43.295
1o7j.a,deposited,1,34,34,47.276,30.094,41.573
1o7j.a,deposited,1,35,35,49.652,27.1,41.43
1o7j.a,deposited,1,36,36,46.93,25.072,39.671
1o7j.a,deposited,1,37,37,46.391,27.904,37.167
1o7j.a,deposited,1,38,38,50.106,28.384,36.573
1o7j.a,deposited,1,39,39,50.628,24.708,35.753
1o7j.a,deposited,1,40,40,48.375,25.288,32.672
1o7j.a,deposited,1,41,41,49.232,28.794,31.483
1o7j.a,deposited,1,42,42,47.377,27.84,28.18
1o7j.a,deposited,1,43,43,44.276,28.725,30.119
1o7j.a,deposited,1,44,44,44.952,32.422,29.454
1o7j.a,deposited,1,45,45,43.99,31.773,25.833
1o7j.a,deposited,1,46,46,40.556,30.486,26.897
1o7j.a,deposited,1,47,47,39.53,33.073,29.501
1o7j.a,deposited,1,48,48,40.575,35.913,31.697
1o7j.a,deposited,1,49,49,40.905,33.873,34.88
1o7j.a,deposited,1,50,50,41.037,34.88,38.546
1o7j.a,deposited,1,51,51,41.683,32.431,41.367
1o7j.a,deposited,1,52,52,39.953,32.558,44.765
1o7j.a,deposited,1,53,53,40.808,30.171,47.606
1o7j.a,deposited,1,54,54,37.515,29.129,49.271
1o7j.a,deposited,1,55,55,38.909,26.148,51.222
1o7j.a,deposited,1,56,56,41.667,23.532,50.886
1o7j.a,deposited,1,57,57,40.393,20.156,52.133
1o7j.a,deposited,1,58,58,40.084,16.542,50.982
1o7j.a,deposited,1,59,59,36.468,16.11,49.859
1o7j.a,deposited,1,60,60,35.623,13.334,52.318
1o7j.a,deposited,1,61,61,35.699,16.209,54.851
1o7j.a,deposited,1,62,62,33.33,18.562,52.967
1o7j.a,deposited,1,63,63,30.231,19.29,55.088
1o7j.a,deposited,1,64,64,26.734,20.692,54.413
1o7j.a,deposited,1,65,65,27.427,23.876,56.328
1o7j.a,deposited,1,66,66,30.452,24.498,54.092
1o7j.a,deposited,1,67,67,28.664,23.472,50.863
1o7j.a,deposited,1,68,68,25.95,25.973,51.817
1o7j.a,deposited,1,69,69,28.586,28.723,52.056
1o7j.a,deposited,1,70,70,30.015,27.611,48.695
1o7j.a,deposited,1,71,71,26.565,27.977,47.078
1o7j.a,deposited,1,72,72,26.157,31.428,48.655
1o7j.a,deposited,1,73,73,29.57,32.564,47.395
1o7j.a,deposited,1,74,74,28.878,31.285,43.879
1o7j.a,deposited,1,75,75,25.537,33.142,43.886
1o7j.a,deposited,1,76,76,27.394,36.33,44.884
1o7j.a,deposited,1,77,77,29.964,35.868,42.1
1o7j.a,deposited,1,78,78,27.434,35.142,39.371
1o7j.a,deposited,1,79,79,25.364,38.223,40.364
1o7j.a,deposited,1,80,80,28.332,40.338,39.153
1o7j.a,deposited,1,81,81,28.335,41.638,35.551
1o7j.a,deposited,1,82,82,32.116,41.033,35.369
1o7j.a,deposited,1,83,83,31.819,37.281,35.998
1o7j.a,deposited,1,84,84,30.667,35.063,33.108
1o7j.a,deposited,1,85,85,31.066,31.658,34.823
1o7j.a,deposited,1,86,86,32.749,29.809,37.666
1o7j.a,deposited,1,87,87,35.007,26.707,37.782
1o7j.a,deposited,1,88,88,35.086,25.024,41.205
1o7j.a,deposited,1,89,89,38.145,22.805,41.907
1o7j.a,deposited,1,90,90,37.056,20.03,44.265
1o7j.a,deposited,1,91,91,37.85,16.532,45.416
1o7j.a,deposited,1,92,92,36.359,13.584,43.543
1o7j.a,deposited,1,93,93,34.961,11.618,46.515
1o7j.a,deposited,1,94,94,32.019,13.935,47.256
1o7j.a,deposited,1,95,95,31.87,16.202,44.184
1o7j.a,deposited,1,96,96,28.513,14.625,43.295
1o7j.a,deposited,1,97,97,27.057,15.844,46.625
1o7j.a,deposited,1,98,98,28.434,19.419,46.424
1o7j.a,deposited,1,99,99,27.593,19.732,42.742
1o7j.a,deposited,1,100,100,23.992,18.546,43.156
1o7j.a,deposited,1,101,101,23.509,20.935,46.117
1o7j.a,deposited,1,102,102,24.617,23.882,43.919
1o7j.a,deposited,1,103,103,22.507,22.539,41.028
1o7j.a,deposited,1,104,104,19.437,23.077,43.211
1o7j.a,deposited,1,105,105,20.41,26.414,44.84
1o7j.a,deposited,1,106,106,22.357,28.563,42.301
1o7j.a,deposited,1,107,107,20.027,31.289,40.977
1o7j.a,deposited,1,108,108,21.788,31.944,37.652
1o7j.a,deposited,1,109,109,22.041,30.5,34.178
1o7j.a,deposited,1,110,110,25.763,31.3,33.974
1o7j.a,deposited,1,111,111,27.924,28.124,33.91
1o7j.a,deposited,1,112,112,29.008,26.5,37.145
1o7j.a,deposited,1,113,113,31.537,23.771,36.388
1o7j.a,deposited,1,114,114,33.015,21.523,39.079
1o7j.a,deposited,1,115,115,36.366,19.969,38.149
1o7j.a,deposited,1,116,116,38.421,17.308,39.944
1o7j.a,deposited,1,117,117,41.316,14.863,39.409
1o7j.a,deposited,1,118,118,41.853,11.189,40.223
1o7j.a,deposited,1,119,119,45.679,11.526,40.286
1o7j.a,deposited,1,120,120,47.53,14.18,42.36
1o7j.a,deposited,1,121,121,49.224,17.099,40.634
1o7j.a,deposited,1,122,122,52.662,15.447,41.078
1o7j.a,deposited,1,123,123,51.727,12.173,39.456
1o7j.a,deposited,1,124,124,53.062,10.718,36.246
1o7j.a,deposited,1,125,125,50.325,11.376,33.676
1o7j.a,deposited,1,126,126,48.318,13.51,36.132
1o7j.a,deposited,1,127,127,44.798,14.209,34.829
1o7j.a,deposited,1,128,128,44.155,17.503,36.623
1o7j.a,deposited,1,129,129,45.91,19.845,34.146
1o7j.a,deposited,1,130,130,43.797,18.748,31.176
1o7j.a,deposited,1,131,131,40.63,18.474,33.293
1o7j.a,deposited,1,132,132,41.062,22.096,34.439
1o7j.a,deposited,1,133,133,41.657,23.359,30.856
1o7j.a,deposited,1,134,134,38.517,21.527,29.727
1o7j.a,deposited,1,135,135,36.477,22.931,32.627
1o7j.a,deposited,1,136,136,37.538,26.529,31.773
1o7j.a,deposited,1,137,137,36.632,25.929,28.108
1o7j.a,deposited,1,138,138,33.179,24.654,29.181
1o7j.a,deposited,1,139,139,32.573,27.495,31.645
1o7j.a,deposited,1,140,140,33.477,30.152,29.065
1o7j.a,deposited,1,141,141,31.375,28.878,26.162
1o7j.a,deposited,1,142,142,28.071,30.728,25.574
1o7j.a,deposited,1,143,143,26.496,27.42,24.613
1o7j.a,deposited,1,144,144,27.067,26.189,28.168
1o7j.a,deposited,1,145,145,24.46,28.54,29.721
1o7j.a,deposited,1,146,146,21.274,27.136,31.295
1o7j.a,deposited,1,147,147,22.467,23.533,31.518
1o7j.a,deposited,1,148,148,22.392,23.159,35.28
1o7j.a,deposited,1,149,149,25.518,22.495,37.299
1o7j.a,deposited,1,150,150,28.179,20.413,35.497
1o7j.a,deposited,1,151,151,31.07,18.12,36.484
1o7j.a,deposited,1,152,152,33.974,18.079,33.952
1o7j.a,deposited,1,153,153,36.659,15.392,34.041
1o7j.a,deposited,1,154,154,38.276,12.96,31.574
1o7j.a,deposited,1,155,155,36.87,14.736,28.474
1o7j.a,deposited,1,156,156,33.277,14.382,29.752
1o7j.a,deposited,1,157,157,30.58,16.88,30.873
1o7j.a,deposited,1,158,158,28.21,15.311,33.427
1o7j.a,deposited,1,159,159,25.0,16.756,34.925
1o7j.a,deposited,1,160,160,25.187,17.131,38.687
1o7j.a,deposited,1,161,161,21.799,15.353,38.968
1o7j.a,deposited,1,162,162,23.018,12.152,37.211
1o7j.a,deposited,1,163,163,26.829,11.929,37.422
1o7j.a,deposited,1,164,164,28.396,9.814,40.165
1o7j.a,deposited,1,165,165,31.826,8.407,41.079
1o7j.a,deposited,1,166,166,31.344,4.756,40.007
1o7j.a,deposited,1,167,167,34.877,3.405,40.601
1o7j.a,deposited,1,168,168,37.142,3.82,43.625
1o7j.a,deposited,1,169,169,40.319,4.459,41.679
1o7j.a,deposited,1,170,170,40.16,4.924,37.852
1o7j.a,deposited,1,171,171,40.455,8.05,35.725
1o7j.a,deposited,1,172,172,37.14,7.216,33.999
1o7j.a,deposited,1,173,173,35.185,6.77,37.223
1o7j.a,deposited,1,174,174,32.584,9.5,36.626
1o7j.a,deposited,1,175,175,29.688,8.023,34.633
1o7j.a,deposited,1,176,176,25.893,8.237,34.45
1o7j.a,deposited,1,177,177,25.19,4.747,33.153
1o7j.a,deposited,1,178,178,21.481,5.232,32.269
1o7j.a,deposited,1,179,179,21.507,8.988,31.542
1o7j.a,deposited,1,180,180,24.847,9.532,29.753
1o7j.a,deposited,1,181,181,26.835,12.721,29.572
1o7j.a,deposited,1,182,182,25.484,16.173,28.775
1o7j.a,deposited,1,183,183,28.472,16.568,26.41
1o7j.a,deposited,1,184,184,32.125,15.745,25.667
1o7j.a,deposited,1,185,185,35.274,17.808,24.942
1o7j.a,deposited,1,186,186,37.418,16.333,22.112
1o7j.a,deposited,1,187,187,40.035,18.096,19.997
1o7j.a,deposited,1,188,188,39.545,21.365,21.887
1o7j.a,deposited,1,189,189,35.851,21.459,20.847
1o7j.a,deposited,1,190,190,32.668,20.97,22.944
1o7j.a,deposited,1,191,191,30.005,18.558,21.684
1o7j.a,deposited,1,192,192,26.684,18.998,23.561
1o7j.a,deposited,1,193,193,24.486,15.88,23.464
1o7j.a,deposited,1,194,194,21.638,16.303,25.95
1o7j.a,deposited,1,195,195,19.747,18.781,28.105
1o7j.a,deposited,1,196,196,18.521,17.324,31.408
1o7j.a,deposited,1,197,197,14.713,17.044,31.676
1o7j.a,deposited,1,198,198,14.536,18.137,35.327
1o7j.a,deposited,1,199,199,14.146,21.399,37.264
1o7j.a,deposited,1,200,200,17.348,23.138,38.411
1o7j.a,deposited,1,201,201,19.057,26.498,39.112
1o7j.a,deposited,1,202,202,16.803,29.393,37.962
1o7j.a,deposited,1,203,203,13.656,27.167,37.923
1o7j.a,deposited,1,204,204,14.289,25.64,41.369
1o7j.a,deposited,1,205,205,12.237,26.551,44.453
1o7j.a,deposited,1,206,206,15.185,25.845,46.795
1o7j.a,deposited,1,207,207,16.779,29.03,48.061
1o7j.a,deposited,1,208,208,19.203,28.869,50.907
1o7j.a,deposited,1,209,209,20.698,32.406,50.796
1o7j.a,deposited,1,210,210,19.036,33.112,54.133
1o7j.a,deposited,1,211,211,20.237,29.919,55.895
1o7j.a,deposited,1,212,212,23.438,28.852,57.672
1o7j.a,deposited,1,213,213,22.804,25.077,58.03
1o7j.a,deposited,1,214,214,20.546,22.354,56.656
1o7j.a,deposited,1,215,215,18.237,19.755,58.294
1o7j.a,deposited,1,216,216,20.119,16.643,59.472
1o7j.a,deposited,1,217,217,19.726,13.568,57.251
1o7j.a,deposited,1,218,218,21.553,10.23,57.698
1o7j.a,deposited,1,219,219,21.95,7.295,55.314
1o7j.a,deposited,1,220,220,21.385,3.669,56.426
1o7j.a,deposited,1,221,221,22.419,0.684,54.272
1o7j.a,deposited,1,222,222,20.26,-2.298,53.303
1o7j.a,deposited,1,223,223,21.693,-5.821,53.402
1o7j.a,deposited,1,224,224,20.998,-9.277,54.807
1o7j.a,deposited,1,225,225,20.598,-9.077,58.624
1o7j.a,deposited,1,226,226,20.397,-5.289,58.61
1o7j.a,deposited,1,227,227,19.761,-4.09,62.184
1o7j.a,deposited,1,228,228,16.764,-2.221,63.582
1o7j.a,deposited,1,229,229,18.99,-0.521,66.211
1o7j.a,deposited,1,230,230,20.621,1.823,63.63
1o7j.a,deposited,1,231,231,17.163,3.345,63.026
1o7j.a,deposited,1,232,232,16.763,3.815,66.779
1o7j.a,deposited,1,233,233,20.198,5.465,66.976
1o7j.a,deposited,1,234,234,19.425,7.894,64.112
1o7j.a,deposited,1,235,235,16.073,8.84,65.646
1o7j.a,deposited,1,236,236,17.666,9.42,69.048
1o7j.a,deposited,1,237,237,20.375,11.699,67.504
1o7j.a,deposited,1,238,238,17.796,14.092,66.089
1o7j.a,deposited,1,239,239,17.668,13.248,62.397
1o7j.a,deposited,1,240,240,14.966,15.036,60.373
1o7j.a,deposited,1,241,241,15.268,12.477,57.54
1o7j.a,deposited,1,242,242,16.662,9.027,56.852
1o7j.a,deposited,1,243,243,17.74,7.962,53.353
1o7j.a,deposited,1,244,244,17.736,4.153,52.977
1o7j.a,deposited,1,245,245,20.371,2.726,50.553
1o7j.a,deposited,1,246,246,18.071,-0.194,50.012
1o7j.a,deposited,1,247,247,18.305,-3.704,48.72
1o7j.a,deposited,1,248,248,17.155,-3.761,45.112
1o7j.a,deposited,1,249,249,14.253,-1.369,44.42
1o7j.a,deposited,1,250,250,14.182,0.091,47.944
1o7j.a,deposited,1,251,251,13.046,-3.216,49.432
1o7j.a,deposited,1,252,252,12.945,-3.432,53.217
1o7j.a,deposited,1,253,253,13.471,-6.331,55.628
1o7j.a,deposited,1,254,254,11.109,-6.921,58.576
1o7j.a,deposited,1,255,255,13.759,-5.179,60.763
1o7j.a,deposited,1,256,256,14.057,-2.157,58.486
1o7j.a,deposited,1,257,257,10.245,-1.824,58.382
1o7j.a,deposited,1,258,258,10.047,-1.751,62.174
1o7j.a,deposited,1,259,259,12.786,0.889,62.243
1o7j.a,deposited,1,260,260,11.104,3.012,59.591
1o7j.a,deposited,1,261,261,7.734,2.879,61.35
1o7j.a,deposited,1,262,262,9.414,4.14,64.569
1o7j.a,deposited,1,263,263,10.997,6.993,62.559
1o7j.a,deposited,1,264,264,7.672,7.957,60.979
1o7j.a,deposited,1,265,265,5.954,8.047,64.395
1o7j.a,deposited,1,266,266,8.598,10.613,65.486
1o7j.a,deposited,1,267,267,8.015,12.844,62.451
1o7j.a,deposited,1,268,268,11.202,11.768,60.628
1o7j.a,deposited,1,269,269,10.843,11.622,56.811
1o7j.a,deposited,1,270,270,11.963,8.256,55.406
1o7j.a,deposited,1,271,271,13.231,8.147,51.8
1o7j.a,deposited,1,272,272,13.847,4.763,50.144
1o7j.a,deposited,1,273,273,16.735,4.753,47.608
1o7j.a,deposited,1,274,274,18.934,1.844,46.395
1o7j.a,deposited,1,275,275,22.441,0.499,47.041
1o7j.a,deposited,1,276,276,22.599,-0.961,43.523
1o7j.a,deposited,1,277,277,24.052,2.107,41.788
1o7j.a,deposited,1,278,278,21.429,2.943,39.193
1o7j.a,deposited,1,279,279,17.758,3.031,38.23
1o7j.a,deposited,1,280,280,14.278,3.674,39.565
1o7j.a,deposited,1,281,281,12.864,2.981,43.022
1o7j.a,deposited,1,282,282,9.126,2.821,42.207
1o7j.a,deposited,1,283,283,6.231,3.726,44.529
1o7j.a,deposited,1,284,284,4.822,0.978,46.715
1o7j.a,deposited,1,285,285,2.012,1.851,49.199
1o7j.a,deposited,1,286,286,2.628,-1.379,51.104
1o7j.a,deposited,1,287,287,6.054,-0.123,52.271
1o7j.a,deposited,1,288,288,6.855,2.75,54.66
1o7j.a,deposited,1,289,289,8.3,6.021,53.455
1o7j.a,deposited,1,290,290,8.799,7.82,50.173
1o7j.a,deposited,1,291,291,10.733,6.672,47.086
1o7j.a,deposited,1,292,292,13.783,8.25,45.495
1o7j.a,deposited,1,293,293,12.994,7.993,41.78
1o7j.a,deposited,1,294,294,16.449,7.64,40.094
1o7j.a,deposited,1,295,295,18.356,9.514,42.844
1o7j.a,deposited,1,296,296,21.167,7.473,44.402
1o7j.a,deposited,1,297,297,21.629,7.689,48.203
1o7j.a,deposited,1,298,298,24.154,10.545,48.189
1o7j.a,deposited,1,299,299,21.974,12.671,45.844
1o7j.a,deposited,1,300,300,18.751,11.704,47.662
1o7j.a,deposited,1,301,301,20.193,12.956,50.946
1o7j.a,deposited,1,302,302,21.021,16.371,49.394
1o7j.a,deposited,1,303,303,17.535,16.774,47.925
1o7j.a,deposited,1,304,304,15.865,15.625,51.163
1o7j.a,deposited,1,305,305,17.869,18.155,53.219
1o7j.a,deposited,1,306,306,16.749,20.94,50.845
1o7j.a,deposited,1,307,307,13.118,19.662,50.759
1o7j.a,deposited,1,308,308,13.004,19.845,54.581
1o7j.a,deposited,1,309,309,13.872,23.569,54.469
1o7j.a,deposited,1,310,310,10.481,24.126,52.793
1o7j.a,deposited,1,311,311,8.047,21.48,53.975
1o7j.a,deposited,1,312,312,7.475,18.33,56.0
1o7j.a,deposited,1,313,313,4.465,17.278,53.883
1o7j.a,deposited,1,314,314,5.369,13.877,52.408
1o7j.a,deposited,1,315,315,3.222,14.502,49.293
1o7j.a,deposited,1,316,316,5.157,17.662,48.477
1o7j.a,deposited,1,317,317,8.52,16.008,49.151
1o7j.a,deposited,1,318,318,7.592,13.037,46.954
1o7j.a,deposited,1,319,319,6.758,15.395,44.077
1o7j.a,deposited,1,320,320,10.145,17.121,44.463
1o7j.a,deposited,1,321,321,11.855,13.719,44.089
1o7j.a,deposited,1,322,322,10.048,13.183,40.751
1o7j.a,deposited,1,323,323,10.859,16.633,39.364
1o7j.a,deposited,1,324,324,14.405,17.609,40.605
1hfj.c,deposited,1,0,0,34.631,40.142,28.916
1hfj.c,deposited,1,1,1,31.42,39.358,30.82
1hfj.c,deposited,1,2,2,30.198,41.955,33.352
1hfj.c,deposited,1,3,3,30.143,41.227,37.062
1hfj.c,deposited,1,4,4,26.612,41.003,38.399
1hfj.c,deposited,1,5,5,25.617,40.242,41.987
1hfj.c,deposited,1,6,6,22.223,38.651,42.588
1hfj.c,deposited,1,7,7,20.849,39.709,45.974
1hfj.c,deposited,1,8,8,17.956,37.501,47.047
1hfj.c,deposited,1,9,9,15.258,38.659,49.507
1hfj.c,deposited,1,10,10,12.693,35.902,48.997
1hfj.c,deposited,1,11,11,9.362,36.29,47.213
1hfj.c,deposited,1,12,12,7.224,34.105,44.947
1hfj.c,deposited,1,13,13,10.08,33.886,42.44
1hfj.c,deposited,1,14,14,11.675,31.652,45.102
1hfj.c,deposited,1,15,15,8.427,30.049,46.234
1hfj.c,deposited,1,16,16,7.2,26.488,45.794
1hfj.c,deposited,1,17,17,4.041,24.402,46.109
1hfj.c,deposited,1,18,18,3.376,20.654,46.307
1hfj.c,deposited,1,19,19,2.179,20.404,42.675
1hfj.c,deposited,1,20,20,2.973,22.025,39.33
1hfj.c,deposited,1,21,21,-0.63,23.178,38.981
1hfj.c,deposited,1,22,22,-0.71,25.035,42.302
1hfj.c,deposited,1,23,23,-0.295,28.757,41.634
1hfj.c,deposited,1,24,24,-1.948,30.06,44.831
1hfj.c,deposited,1,25,25,-1.517,29.198,48.512
1hfj.c,deposited,1,26,26,2.16,28.277,47.965
1hfj.c,deposited,1,27,27,5.074,29.169,50.3
1hfj.c,deposited,1,28,28,7.113,32.219,49.209
1hfj.c,deposited,1,29,29,10.788,32.567,50.057
1hfj.c,deposited,1,30,30,11.35,28.816,50.139
1hfj.c,deposited,1,31,31,14.25,28.363,47.703
1hfj.c,deposited,1,32,32,17.798,29.728,47.985
1hfj.c,deposited,1,33,33,19.433,32.053,45.488
1hfj.c,deposited,1,34,34,21.687,29.262,44.214
1hfj.c,deposited,1,35,35,18.77,26.982,43.432
1hfj.c,deposited,1,36,36,17.405,29.876,41.388
1hfj.c,deposited,1,37,37,20.7,30.465,39.632
1hfj.c,deposited,1,38,38,21.115,26.814,38.695
1hfj.c,deposited,1,39,39,17.58,26.629,37.33
1hfj.c,deposited,1,40,40,18.639,29.046,34.577
1hfj.c,deposited,1,41,41,22.275,28.141,33.762
1hfj.c,deposited,1,42,42,22.095,30.239,30.605
1hfj.c,deposited,1,43,43,22.401,33.225,32.915
1hfj.c,deposited,1,44,44,26.106,32.375,33.298
1hfj.c,deposited,1,45,45,26.764,33.182,29.64
1hfj.c,deposited,1,46,46,25.422,36.691,30.004
1hfj.c,deposited,1,47,47,27.604,37.615,32.957
1hfj.c,deposited,1,48,48,29.703,36.545,35.902
1hfj.c,deposited,1,49,49,27.121,36.048,38.628
1hfj.c,deposited,1,50,50,27.491,35.737,42.398
1hfj.c,deposited,1,51,51,24.428,35.068,44.483
1hfj.c,deposited,1,52,52,24.049,36.516,47.977
1hfj.c,deposited,1,53,53,21.176,35.587,50.273
1hfj.c,deposited,1,54,54,20.032,38.823,51.954
1hfj.c,deposited,1,55,55,16.817,37.305,53.319
1hfj.c,deposited,1,56,56,14.016,34.938,52.356
1hfj.c,deposited,1,57,57,10.525,36.204,53.058
1hfj.c,deposited,1,58,58,7.136,36.905,51.495
1hfj.c,deposited,1,59,59,7.222,40.57,50.501
1hfj.c,deposited,1,60,60,4.138,41.459,52.525
1hfj.c,deposited,1,61,61,6.418,41.148,55.555
1hfj.c,deposited,1,62,62,9.207,43.353,54.208
1hfj.c,deposited,1,63,63,9.708,46.34,56.534
1hfj.c,deposited,1,64,64,11.408,49.728,56.487
1hfj.c,deposited,1,65,65,14.254,48.397,58.63
1hfj.c,deposited,1,66,66,15.083,45.619,56.218
1hfj.c,deposited,1,67,67,14.68,47.919,53.203
1hfj.c,deposited,1,68,68,17.003,50.458,54.823
1hfj.c,deposited,1,69,69,19.695,47.796,55.335
1hfj.c,deposited,1,70,70,19.093,46.5,51.815
1hfj.c,deposited,1,71,71,19.678,50.004,50.514
1hfj.c,deposited,1,72,72,22.976,50.313,52.427
1hfj.c,deposited,1,73,73,24.13,46.867,51.325
1hfj.c,deposited,1,74,74,23.582,47.779,47.654
1hfj.c,deposited,1,75,75,25.469,51.066,48.062
1hfj.c,deposited,1,76,76,28.433,49.116,49.468
1hfj.c,deposited,1,77,77,28.464,46.632,46.582
1hfj.c,deposited,1,78,78,28.08,49.296,43.902
1hfj.c,deposited,1,79,79,31.062,51.143,45.372
1hfj.c,deposited,1,80,80,33.419,48.296,44.472
1hfj.c,deposited,1,81,81,35.149,48.099,41.085
1hfj.c,deposited,1,82,82,34.488,44.426,40.514
1hfj.c,deposited,1,83,83,30.689,44.914,40.551
1hfj.c,deposited,1,84,84,28.984,46.343,37.439
1hfj.c,deposited,1,85,85,25.35,45.891,38.43
1hfj.c,deposited,1,86,86,22.976,44.286,40.915
1hfj.c,deposited,1,87,87,19.835,42.214,40.409
1hfj.c,deposited,1,88,88,17.501,41.998,43.406
1hfj.c,deposited,1,89,89,15.037,39.094,43.571
1hfj.c,deposited,1,90,90,12.007,40.298,45.54
1hfj.c,deposited,1,91,91,8.334,39.498,46.108
1hfj.c,deposited,1,92,92,5.76,41.193,43.877
1hfj.c,deposited,1,93,93,3.415,42.472,46.557
1hfj.c,deposited,1,94,94,5.632,45.288,47.851
1hfj.c,deposited,1,95,95,8.328,45.482,45.191
1hfj.c,deposited,1,96,96,7.081,48.953,44.199
1hfj.c,deposited,1,97,97,7.835,50.183,47.713
1hfj.c,deposited,1,98,98,11.325,48.677,48.059
1hfj.c,deposited,1,99,99,12.268,49.556,44.488
1hfj.c,deposited,1,100,100,11.221,53.189,44.943
1hfj.c,deposited,1,101,101,13.083,53.462,48.272
1hfj.c,deposited,1,102,102,16.352,52.399,46.563
1hfj.c,deposited,1,103,103,15.489,54.607,43.542
1hfj.c,deposited,1,104,104,15.857,57.52,45.952
1hfj.c,deposited,1,105,105,18.828,56.332,48.017
1hfj.c,deposited,1,106,106,21.313,54.417,45.852
1hfj.c,deposited,1,107,107,24.174,56.733,44.962
1hfj.c,deposited,1,108,108,25.415,55.144,41.76
1hfj.c,deposited,1,109,109,24.785,55.158,38.035
1hfj.c,deposited,1,110,110,25.273,51.416,37.902
1hfj.c,deposited,1,111,111,22.134,49.352,37.13
1hfj.c,deposited,1,112,112,20.022,48.148,40.083
1hfj.c,deposited,1,113,113,17.327,45.804,38.757
1hfj.c,deposited,1,114,114,14.488,44.297,40.773
1hfj.c,deposited,1,115,115,13.009,41.044,39.469
1hfj.c,deposited,1,116,116,9.995,39.162,40.732
1hfj.c,deposited,1,117,117,7.55,36.502,39.527
1hfj.c,deposited,1,118,118,3.806,35.994,39.736
1hfj.c,deposited,1,119,119,3.987,32.155,39.676
1hfj.c,deposited,1,120,120,5.857,29.852,42.136
1hfj.c,deposited,1,121,121,9.101,28.355,40.803
1hfj.c,deposited,1,122,122,7.447,24.93,40.912
1hfj.c,deposited,1,123,123,4.582,25.972,38.658
1hfj.c,deposited,1,124,124,3.846,24.871,35.089
1hfj.c,deposited,1,125,125,4.903,27.818,32.937
1hfj.c,deposited,1,126,126,6.608,29.572,35.849
1hfj.c,deposited,1,127,127,7.586,33.085,34.752
1hfj.c,deposited,1,128,128,10.496,33.329,37.149
1hfj.c,deposited,1,129,129,13.261,31.784,35.008
1hfj.c,deposited,1,130,130,12.806,34.058,31.979
1hfj.c,deposited,1,131,131,12.285,37.092,34.247
1hfj.c,deposited,1,132,132,15.618,36.438,35.992
1hfj.c,deposited,1,133,133,17.392,35.882,32.695
1hfj.c,deposited,1,134,134,16.059,39.199,31.357
1hfj.c,deposited,1,135,135,16.954,40.934,34.621
1hfj.c,deposited,1,136,136,20.618,39.912,34.354
1hfj.c,deposited,1,137,137,20.697,40.909,30.712
1hfj.c,deposited,1,138,138,19.412,44.39,31.577
1hfj.c,deposited,1,139,139,21.776,44.721,34.553
1hfj.c,deposited,1,140,140,24.803,43.867,32.431
1hfj.c,deposited,1,141,141,24.026,46.153,29.503
1hfj.c,deposited,1,142,142,25.893,49.455,29.483
1hfj.c,deposited,1,143,143,22.89,51.219,27.901
1hfj.c,deposited,1,144,144,21.183,50.732,31.282
1hfj.c,deposited,1,145,145,23.386,53.081,33.301
1hfj.c,deposited,1,146,146,21.834,56.196,34.792
1hfj.c,deposited,1,147,147,18.197,55.248,34.305
1hfj.c,deposited,1,148,148,17.209,55.002,37.942
1hfj.c,deposited,1,149,149,16.109,51.814,39.676
1hfj.c,deposited,1,150,150,14.246,49.394,37.375
1hfj.c,deposited,1,151,151,11.759,46.55,37.793
1hfj.c,deposited,1,152,152,11.96,43.846,35.143
1hfj.c,deposited,1,153,153,9.193,41.324,34.62
1hfj.c,deposited,1,154,154,7.107,39.905,31.741
1hfj.c,deposited,1,155,155,9.452,41.315,29.029
1hfj.c,deposited,1,156,156,8.98,44.89,30.29
1hfj.c,deposited,1,157,157,11.366,47.342,31.968
1hfj.c,deposited,1,158,158,9.592,49.769,34.305
1hfj.c,deposited,1,159,159,10.776,52.735,36.365
1hfj.c,deposited,1,160,160,10.615,52.315,40.131
1hfj.c,deposited,1,161,161,8.884,55.736,40.18
1hfj.c,deposited,1,162,162,5.961,54.843,37.87
1hfj.c,deposited,1,163,163,5.592,51.1,37.936
1hfj.c,deposited,1,164,164,3.023,49.501,40.216
1hfj.c,deposited,1,165,165,1.212,46.137,40.642
1hfj.c,deposited,1,166,166,-2.222,46.772,39.076
1hfj.c,deposited,1,167,167,-3.769,43.319,39.195
1hfj.c,deposited,1,168,168,-4.042,41.046,42.198
1hfj.c,deposited,1,169,169,-2.89,38.002,40.252
1hfj.c,deposited,1,170,170,-2.07,38.142,36.535
1hfj.c,deposited,1,171,171,1.388,37.753,34.967
1hfj.c,deposited,1,172,172,1.074,41.105,33.23
1hfj.c,deposited,1,173,173,0.136,42.852,36.491
1hfj.c,deposited,1,174,174,2.952,45.457,36.411
1hfj.c,deposited,1,175,175,2.088,48.568,34.429
1hfj.c,deposited,1,176,176,2.392,52.352,34.413
1hfj.c,deposited,1,177,177,-0.81,53.341,32.585
1hfj.c,deposited,1,178,178,0.056,56.999,31.95
1hfj.c,deposited,1,179,179,3.835,56.728,31.902
1hfj.c,deposited,1,180,180,4.499,53.56,29.941
1hfj.c,deposited,1,181,181,7.653,51.46,30.235
1hfj.c,deposited,1,182,182,11.29,52.58,30.043
1hfj.c,deposited,1,183,183,11.793,49.766,27.546
1hfj.c,deposited,1,184,184,11.015,46.185,26.53
1hfj.c,deposited,1,185,185,13.11,43.01,26.043
1hfj.c,deposited,1,186,186,12.133,41.13,22.88
1hfj.c,deposited,1,187,187,14.24,38.416,21.264
1hfj.c,deposited,1,188,188,17.18,39.021,23.611
1hfj.c,deposited,1,189,189,17.648,42.642,22.467
1hfj.c,deposited,1,190,190,16.796,45.551,24.779
1hfj.c,deposited,1,191,191,14.669,48.356,23.374
1hfj.c,deposited,1,192,192,14.788,51.547,25.451
1hfj.c,deposited,1,193,193,12.075,54.067,24.707
1hfj.c,deposited,1,194,194,11.87,56.548,27.609
1hfj.c,deposited,1,195,195,13.96,58.257,30.26
1hfj.c,deposited,1,196,196,12.037,59.471,33.298
1hfj.c,deposited,1,197,197,11.975,63.215,33.763
1hfj.c,deposited,1,198,198,12.397,63.01,37.563
1hfj.c,deposited,1,199,199,15.302,63.191,40.031
1hfj.c,deposited,1,200,200,16.797,59.975,41.33
1hfj.c,deposited,1,201,201,19.838,57.983,42.501
1hfj.c,deposited,1,202,202,22.978,60.115,42.06
1hfj.c,deposited,1,203,203,20.995,63.344,41.883
1hfj.c,deposited,1,204,204,18.865,62.64,44.939
1hfj.c,deposited,1,205,205,19.321,64.478,48.276
1hfj.c,deposited,1,206,206,18.333,61.511,50.386
1hfj.c,deposited,1,207,207,21.053,59.597,52.139
1hfj.c,deposited,1,208,208,20.564,56.457,54.22
1hfj.c,deposited,1,209,209,24.187,55.966,55.273
1hfj.c,deposited,1,210,210,23.964,56.678,58.971
1hfj.c,deposited,1,211,211,20.264,56.104,59.563
1hfj.c,deposited,1,212,212,19.161,53.223,61.763
1hfj.c,deposited,1,213,213,15.406,53.89,61.749
1hfj.c,deposited,1,214,214,12.796,55.755,59.67
1hfj.c,deposited,1,215,215,9.933,58.13,60.555
1hfj.c,deposited,1,216,216,6.539,56.506,61.16
1hfj.c,deposited,1,217,217,4.046,57.042,58.317
1hfj.c,deposited,1,218,218,0.627,55.493,57.905
1hfj.c,deposited,1,219,219,-1.909,55.303,55.105
1hfj.c,deposited,1,220,220,-5.615,55.914,55.65
1hfj.c,deposited,1,221,221,-8.297,55.257,53.024
1hfj.c,deposited,1,222,222,-11.011,57.589,51.791
1hfj.c,deposited,1,223,223,-14.545,56.347,51.149
1hfj.c,deposited,1,224,224,-18.189,57.081,51.947
1hfj.c,deposited,1,225,225,-18.722,57.279,55.732
1hfj.c,deposited,1,226,226,-14.956,57.207,56.348
1hfj.c,deposited,1,227,227,-14.372,57.525,60.114
1hfj.c,deposited,1,228,228,-12.588,60.297,61.923
1hfj.c,deposited,1,229,229,-11.417,58.113,64.746
1hfj.c,deposited,1,230,230,-8.754,56.472,62.591
1hfj.c,deposited,1,231,231,-6.946,59.823,62.464
1hfj.c,deposited,1,232,232,-7.127,60.133,66.227
1hfj.c,deposited,1,233,233,-5.741,56.609,66.492
1hfj.c,deposited,1,234,234,-2.778,57.309,64.211
1hfj.c,deposited,1,235,235,-1.905,60.597,65.961
1hfj.c,deposited,1,236,236,-2.163,59.002,69.348
1hfj.c,deposited,1,237,237,0.35,56.39,68.154
1hfj.c,deposited,1,238,238,3.09,58.832,67.26
1hfj.c,deposited,1,239,239,2.991,58.862,63.462
1hfj.c,deposited,1,240,240,5.032,61.666,61.93
1hfj.c,deposited,1,241,241,3.03,61.69,58.714
1hfj.c,deposited,1,242,242,-0.218,60.465,57.195
1hfj.c,deposited,1,243,243,-0.694,59.517,53.569
1hfj.c,deposited,1,244,244,-4.378,59.811,52.664
1hfj.c,deposited,1,245,245,-5.548,57.511,49.81
1hfj.c,deposited,1,246,246,-8.404,59.809,48.872
1hfj.c,deposited,1,247,247,-11.523,59.705,46.777
1hfj.c,deposited,1,248,248,-10.883,61.141,43.327
1hfj.c,deposited,1,249,249,-8.253,63.857,43.355
1hfj.c,deposited,1,250,250,-7.507,63.653,47.067
1hfj.c,deposited,1,251,251,-11.02,64.779,48.1
1hfj.c,deposited,1,252,252,-11.9,64.758,51.79
1hfj.c,deposited,1,253,253,-15.21,64.31,53.61
1hfj.c,deposited,1,254,254,-16.173,66.609,56.502
1hfj.c,deposited,1,255,255,-15.057,63.818,58.858
1hfj.c,deposited,1,256,256,-11.697,63.439,57.138
1hfj.c,deposited,1,257,257,-11.142,67.2,57.201
1hfj.c,deposited,1,258,258,-11.749,67.22,60.962
1hfj.c,deposited,1,259,259,-9.26,64.406,61.401
1hfj.c,deposited,1,260,260,-6.652,66.131,59.239
1hfj.c,deposited,1,261,261,-6.945,69.49,60.971
1hfj.c,deposited,1,262,262,-6.48,67.64,64.235
1hfj.c,deposited,1,263,263,-3.372,65.834,62.979
1hfj.c,deposited,1,264,264,-2.027,69.2,61.748
1hfj.c,deposited,1,265,265,-2.399,70.929,65.103
1hfj.c,deposited,1,266,266,-0.495,67.972,66.488
1hfj.c,deposited,1,267,267,2.504,68.343,64.214
1hfj.c,deposited,1,268,268,1.651,65.519,61.839
1hfj.c,deposited,1,269,269,2.393,66.1,58.148
1hfj.c,deposited,1,270,270,-0.62,65.27,55.975
1hfj.c,deposited,1,271,271,-0.103,64.103,52.402
1hfj.c,deposited,1,272,272,-3.237,63.844,50.259
1hfj.c,deposited,1,273,273,-2.943,61.159,47.532
1hfj.c,deposited,1,274,274,-5.56,59.148,45.595
1hfj.c,deposited,1,275,275,-7.146,55.686,45.869
1hfj.c,deposited,1,276,276,-8.085,55.72,42.164
1hfj.c,deposited,1,277,277,-4.801,54.22,40.977
1hfj.c,deposited,1,278,278,-3.386,56.761,38.472
1hfj.c,deposited,1,279,279,-3.296,60.484,37.908
1hfj.c,deposited,1,280,280,-2.361,63.823,39.388
1hfj.c,deposited,1,281,281,-3.633,65.171,42.703
1hfj.c,deposited,1,282,282,-3.388,68.918,41.967
1hfj.c,deposited,1,283,283,-2.838,71.658,44.563
1hfj.c,deposited,1,284,284,-5.923,73.075,46.301
1hfj.c,deposited,1,285,285,-5.658,75.866,48.858
1hfj.c,deposited,1,286,286,-9.252,75.251,50.038
1hfj.c,deposited,1,287,287,-8.086,71.933,51.533
1hfj.c,deposited,1,288,288,-5.665,70.863,54.263
1hfj.c,deposited,1,289,289,-2.375,69.039,53.667
1hfj.c,deposited,1,290,290,0.083,68.627,50.809
1hfj.c,deposited,1,291,291,-0.668,66.925,47.469
1hfj.c,deposited,1,292,292,1.152,63.905,46.086
1hfj.c,deposited,1,293,293,1.56,64.851,42.411
1hfj.c,deposited,1,294,294,1.368,61.491,40.55
1hfj.c,deposited,1,295,295,2.697,59.431,43.463
1hfj.c,deposited,1,296,296,0.279,56.669,44.513
1hfj.c,deposited,1,297,297,-0.319,55.916,48.229
1hfj.c,deposited,1,298,298,2.422,53.265,48.44
1hfj.c,deposited,1,299,299,5.043,55.42,46.679
1hfj.c,deposited,1,300,300,3.949,58.602,48.507
1hfj.c,deposited,1,301,301,4.533,56.902,51.859
1hfj.c,deposited,1,302,302,8.119,56.043,50.886
1hfj.c,deposited,1,303,303,8.995,59.582,49.716
1hfj.c,deposited,1,304,304,7.315,61.056,52.778
1hfj.c,deposited,1,305,305,9.328,58.861,55.151
1hfj.c,deposited,1,306,306,12.587,59.938,53.476
1hfj.c,deposited,1,307,307,11.623,63.604,53.264
1hfj.c,deposited,1,308,308,11.087,63.607,57.034
1hfj.c,deposited,1,309,309,14.633,62.447,57.584
1hfj.c,deposited,1,310,310,15.641,65.833,56.228
1hfj.c,deposited,1,311,311,13.001,68.389,57.02
1hfj.c,deposited,1,312,312,9.475,68.952,58.188
1hfj.c,deposited,1,313,313,9.055,72.157,56.173
1hfj.c,deposited,1,314,314,5.779,71.762,54.242
1hfj.c,deposited,1,315,315,7.128,73.994,51.499
1hfj.c,deposited,1,316,316,10.239,71.842,50.932
1hfj.c,deposited,1,317,317,8.378,68.503,51.124
1hfj.c,deposited,1,318,318,5.854,69.719,48.557
1hfj.c,deposited,1,319,319,8.825,70.508,46.312
1hfj.c,deposited,1,320,320,10.209,66.982,46.701
1hfj.c,deposited,1,321,321,6.852,65.53,45.647
1hfj.c,deposited,1,322,322,6.944,67.454,42.38
1hfj.c,deposited,1,323,323,10.533,66.565,41.5
1hfj.c,deposited,1,324,324,11.089,62.987,42.719
4eca.b,deposited,1,0,0,0.554,79.111,37.875
4eca.b,deposited,1,1,1,0.408,76.563,40.664
4eca.b,deposited,1,2,2,0.741,77.567,44.222
4eca.b,deposited,1,3,3,3.577,75.429,45.509
4eca.b,deposited,1,4,4,4.58,75.601,49.138
4eca.b,deposited,1,5,5,8.284,75.055,49.911
4eca.b,deposited,1,6,6,8.83,73.786,53.437
4eca.b,deposited,1,7,7,12.474,73.962,54.481
4eca.b,deposited,1,8,8,14.219,71.664,56.866
4eca.b,deposited,1,9,9,17.837,72.667,56.191
4eca.b,deposited,1,10,10,20.259,70.254,54.551
4eca.b,deposited,1,11,11,20.561,72.203,49.599
4eca.b,deposited,1,12,12,20.884,75.212,51.946
4eca.b,deposited,1,13,13,24.5,74.581,53.0
4eca.b,deposited,1,14,14,27.517,76.613,52.085
4eca.b,deposited,1,15,15,31.217,75.891,52.24
4eca.b,deposited,1,16,16,34.304,78.142,52.211
4eca.b,deposited,1,17,17,35.271,77.192,48.633
4eca.b,deposited,1,18,18,33.64,76.27,45.33
4eca.b,deposited,1,19,19,36.412,73.634,44.945
4eca.b,deposited,1,20,20,36.775,72.364,48.501
4eca.b,deposited,1,21,21,34.479,69.494,49.466
4eca.b,deposited,1,22,22,34.045,71.048,52.889
4eca.b,deposited,1,23,23,30.691,72.565,53.918
4eca.b,deposited,1,24,24,28.039,73.181,56.563
4eca.b,deposited,1,25,25,24.265,72.757,56.326
4eca.b,deposited,1,26,26,21.737,75.372,57.353
4eca.b,deposited,1,27,27,23.626,78.46,56.052
4eca.b,deposited,1,28,28,20.846,79.741,53.737
4eca.b,deposited,1,29,29,17.159,80.409,54.385
4eca.b,deposited,1,30,30,14.099,79.337,52.33
4eca.b,deposited,1,31,31,13.648,82.873,51.003
4eca.b,deposited,1,32,32,17.231,82.823,49.706
4eca.b,deposited,1,33,33,16.872,79.279,48.421
4eca.b,deposited,1,34,34,13.713,80.254,46.531
4eca.b,deposited,1,35,35,15.159,83.545,45.228
4eca.b,deposited,1,36,36,18.323,81.874,44.099
4eca.b,deposited,1,37,37,16.346,80.001,41.431
4eca.b,deposited,1,38,38,14.069,82.788,40.133
4eca.b,deposited,1,39,39,12.878,80.72,37.181
4eca.b,deposited,1,40,40,10.726,79.078,39.831
4eca.b,deposited,1,41,41,8.537,82.146,39.386
4eca.b,deposited,1,42,42,7.808,81.159,35.819
4eca.b,deposited,1,43,43,6.172,77.879,36.798
4eca.b,deposited,1,44,44,4.786,78.352,40.238
4eca.b,deposited,1,45,45,3.616,80.712,42.91
4eca.b,deposited,1,46,46,6.14,79.718,45.492
4eca.b,deposited,1,47,47,5.572,80.322,49.191
4eca.b,deposited,1,48,48,8.592,79.351,51.294
4eca.b,deposited,1,49,49,8.187,78.366,54.903
4eca.b,deposited,1,50,50,11.24,77.402,56.945
4eca.b,deposited,1,51,51,9.998,74.517,59.074
4eca.b,deposited,1,52,52,13.404,73.688,60.613
4eca.b,deposited,1,53,53,17.06,74.229,59.672
4eca.b,deposited,1,54,54,19.134,71.078,60.389
4eca.b,deposited,1,55,55,21.434,68.553,58.731
4eca.b,deposited,1,56,56,19.293,65.525,57.983
4eca.b,deposited,1,57,57,21.831,63.438,59.859
4eca.b,deposited,1,58,58,19.959,65.0,62.778
4eca.b,deposited,1,59,59,16.415,64.375,61.61
4eca.b,deposited,1,60,60,14.119,63.082,64.307
4eca.b,deposited,1,61,61,10.609,62.038,65.231
4eca.b,deposited,1,62,62,9.651,65.623,66.11
4eca.b,deposited,1,63,63,10.536,67.1,62.752
4eca.b,deposited,1,64,64,8.656,64.177,61.142
4eca.b,deposited,1,65,65,5.444,64.643,63.233
4eca.b,deposited,1,66,66,5.602,68.426,62.607
4eca.b,deposited,1,67,67,6.227,67.927,58.899
4eca.b,deposited,1,68,68,3.277,65.489,58.519
4eca.b,deposited,1,69,69,1.025,67.727,60.553
4eca.b,deposited,1,70,70,1.955,70.761,58.428
4eca.b,deposited,1,71,71,1.295,69.236,55.019
4eca.b,deposited,1,72,72,-1.869,67.691,56.385
4eca.b,deposited,1,73,73,-3.206,70.959,57.772
4eca.b,deposited,1,74,74,-2.117,73.209,54.937
4eca.b,deposited,1,75,75,-3.122,70.758,52.228
4eca.b,deposited,1,76,76,-6.131,72.945,51.31
4eca.b,deposited,1,77,77,-4.168,76.227,51.124
4eca.b,deposited,1,78,78,-1.795,75.044,48.351
4eca.b,deposited,1,79,79,-1.482,72.995,45.103
4eca.b,deposited,1,80,80,1.742,71.105,45.903
4eca.b,deposited,1,81,81,4.472,70.878,48.505
4eca.b,deposited,1,82,82,8.262,70.775,47.926
4eca.b,deposited,1,83,83,10.256,69.835,51.05
4eca.b,deposited,1,84,84,13.965,70.82,50.875
4eca.b,deposited,1,85,85,15.98,68.431,53.01
4eca.b,deposited,1,86,86,19.379,66.995,53.724
4eca.b,deposited,1,87,87,20.192,63.928,51.595
4eca.b,deposited,1,88,88,21.452,61.771,54.555
4eca.b,deposited,1,89,89,18.099,60.714,56.037
4eca.b,deposited,1,90,90,15.943,61.905,53.126
4eca.b,deposited,1,91,91,14.811,58.397,52.143
4eca.b,deposited,1,92,92,13.536,58.125,55.763
4eca.b,deposited,1,93,93,11.508,61.347,55.975
4eca.b,deposited,1,94,94,10.277,60.651,52.469
4eca.b,deposited,1,95,95,8.924,57.367,53.719
4eca.b,deposited,1,96,96,7.574,58.773,57.008
4eca.b,deposited,1,97,97,5.543,61.365,55.206
4eca.b,deposited,1,98,98,4.558,58.668,52.734
4eca.b,deposited,1,99,99,2.628,56.818,55.407
4eca.b,deposited,1,100,100,1.317,59.733,57.502
4eca.b,deposited,1,101,101,0.494,62.466,55.004
4eca.b,deposited,1,102,102,-3.08,62.379,53.821
4eca.b,deposited,1,103,103,-2.548,65.144,51.277
4eca.b,deposited,1,104,104,-2.576,63.468,47.86
4eca.b,deposited,1,105,105,-1.666,66.667,46.043
4eca.b,deposited,1,106,106,2.041,66.462,44.942
4eca.b,deposited,1,107,107,4.24,66.241,48.091
4eca.b,deposited,1,108,108,7.854,66.296,46.727
4eca.b,deposited,1,109,109,11.182,66.117,48.65
4eca.b,deposited,1,110,110,14.402,67.618,47.256
4eca.b,deposited,1,111,111,17.991,67.948,48.457
4eca.b,deposited,1,112,112,21.454,68.48,46.978
4eca.b,deposited,1,113,113,24.734,66.57,47.251
4eca.b,deposited,1,114,114,26.944,69.571,46.499
4eca.b,deposited,1,115,115,26.733,72.529,48.885
4eca.b,deposited,1,116,116,25.311,75.729,47.402
4eca.b,deposited,1,117,117,28.694,77.427,47.335
4eca.b,deposited,1,118,118,30.17,74.733,45.076
4eca.b,deposited,1,119,119,31.091,74.608,41.428
4eca.b,deposited,1,120,120,28.345,72.946,39.362
4eca.b,deposited,1,121,121,26.072,72.921,42.453
4eca.b,deposited,1,122,122,23.241,70.464,41.959
4eca.b,deposited,1,123,123,20.91,72.322,44.342
4eca.b,deposited,1,124,124,19.526,74.911,41.831
4eca.b,deposited,1,125,125,18.225,72.618,39.127
4eca.b,deposited,1,126,126,17.147,69.959,41.665
4eca.b,deposited,1,127,127,14.947,72.543,43.356
4eca.b,deposited,1,128,128,13.685,73.798,40.004
4eca.b,deposited,1,129,129,12.912,70.234,38.882
4eca.b,deposited,1,130,130,11.278,69.423,42.235
4eca.b,deposited,1,131,131,8.892,72.333,41.709
4eca.b,deposited,1,132,132,8.229,71.123,38.133
4eca.b,deposited,1,133,133,7.241,67.835,39.719
4eca.b,deposited,1,134,134,5.087,69.308,42.471
4eca.b,deposited,1,135,135,3.312,71.438,39.909
4eca.b,deposited,1,136,136,2.575,68.629,37.521
4eca.b,deposited,1,137,137,-0.879,67.345,38.369
4eca.b,deposited,1,138,138,0.274,63.913,37.122
4eca.b,deposited,1,139,139,2.231,63.767,40.415
4eca.b,deposited,1,140,140,-0.905,63.758,42.471
4eca.b,deposited,1,141,141,-1.61,60.417,44.08
4eca.b,deposited,1,142,142,1.786,58.839,43.616
4eca.b,deposited,1,143,143,2.545,59.24,47.293
4eca.b,deposited,1,144,144,5.387,61.374,48.642
4eca.b,deposited,1,145,145,8.112,61.705,46.064
4eca.b,deposited,1,146,146,11.843,62.424,46.018
4eca.b,deposited,1,147,147,13.064,64.404,43.005
4eca.b,deposited,1,148,148,16.85,64.24,42.422
4eca.b,deposited,1,149,149,18.997,64.085,39.355
4eca.b,deposited,1,150,150,16.058,64.536,36.97
4eca.b,deposited,1,151,151,14.305,61.458,38.287
4eca.b,deposited,1,152,152,10.983,61.19,40.202
4eca.b,deposited,1,153,153,11.352,58.513,42.816
4eca.b,deposited,1,154,154,8.824,57.083,45.247
4eca.b,deposited,1,155,155,9.373,57.731,48.94
4eca.b,deposited,1,156,156,9.196,54.049,49.721
4eca.b,deposited,1,157,157,11.886,52.472,47.483
4eca.b,deposited,1,158,158,14.069,55.498,47.129
4eca.b,deposited,1,159,159,17.431,55.248,48.753
4eca.b,deposited,1,160,160,20.857,56.976,48.842
4eca.b,deposited,1,161,161,23.025,54.645,46.799
4eca.b,deposited,1,162,162,26.397,56.516,46.826
4eca.b,deposited,1,163,163,27.871,58.632,49.639
4eca.b,deposited,1,164,164,28.758,61.463,47.267
4eca.b,deposited,1,165,165,27.38,61.012,43.728
4eca.b,deposited,1,166,166,24.772,63.573,42.657
4eca.b,deposited,1,167,167,22.954,60.699,40.916
4eca.b,deposited,1,168,168,22.905,58.726,44.156
4eca.b,deposited,1,169,169,19.136,58.554,44.639
4eca.b,deposited,1,170,170,17.619,55.47,43.228
4eca.b,deposited,1,171,171,14.65,53.283,43.964
4eca.b,deposited,1,172,172,16.852,50.182,44.011
4eca.b,deposited,1,173,173,14.137,47.575,43.784
4eca.b,deposited,1,174,174,11.328,48.793,41.615
4eca.b,deposited,1,175,175,12.611,51.763,39.634
4eca.b,deposited,1,176,176,11.716,55.506,39.485
4eca.b,deposited,1,177,177,8.173,56.808,38.659
4eca.b,deposited,1,178,178,9.387,58.984,35.866
4eca.b,deposited,1,179,179,12.033,61.14,34.291
4eca.b,deposited,1,180,180,12.01,64.922,33.941
4eca.b,deposited,1,181,181,13.289,66.353,30.66
4eca.b,deposited,1,182,182,12.749,69.924,29.56
4eca.b,deposited,1,183,183,10.255,70.501,32.405
4eca.b,deposited,1,184,184,7.957,67.592,31.471
4eca.b,deposited,1,185,185,7.703,64.261,33.31
4eca.b,deposited,1,186,186,7.126,60.883,31.638
4eca.b,deposited,1,187,187,5.504,58.823,34.38
4eca.b,deposited,1,188,188,5.284,55.151,33.701
4eca.b,deposited,1,189,189,4.773,53.904,37.215
4eca.b,deposited,1,190,190,3.394,54.632,40.662
4eca.b,deposited,1,191,191,3.909,52.675,43.885
4eca.b,deposited,1,192,192,1.383,49.774,44.264
4eca.b,deposited,1,193,193,2.018,49.68,47.944
4eca.b,deposited,1,194,194,-0.466,51.723,50.016
4eca.b,deposited,1,195,195,0.569,55.233,50.923
4eca.b,deposited,1,196,196,-0.801,58.487,52.267
4eca.b,deposited,1,197,197,-4.608,58.363,52.706
4eca.b,deposited,1,198,198,-4.743,54.599,52.183
4eca.b,deposited,1,199,199,-2.727,54.023,55.31
4eca.b,deposited,1,200,200,-4.35,53.9,58.764
4eca.b,deposited,1,201,201,-1.475,55.885,60.168
4eca.b,deposited,1,202,202,-2.425,59.11,61.843
4eca.b,deposited,1,203,203,0.045,61.252,63.667
4eca.b,deposited,1,204,204,-2.186,64.33,63.814
4eca.b,deposited,1,205,205,-2.698,63.961,67.557
4eca.b,deposited,1,206,206,0.691,62.286,68.194
4eca.b,deposited,1,207,207,3.472,64.182,70.008
4eca.b,deposited,1,208,208,5.884,61.231,69.982
4eca.b,deposited,1,209,209,6.444,58.011,67.993
4eca.b,deposited,1,210,210,7.142,54.583,69.521
4eca.b,deposited,1,211,211,10.795,53.712,70.293
4eca.b,deposited,1,212,212,12.339,51.603,67.51
4eca.b,deposited,1,213,213,16.143,51.173,67.186
4eca.b,deposited,1,214,214,18.321,49.335,64.585
4eca.b,deposited,1,215,215,21.164,46.891,65.453
4eca.b,deposited,1,216,216,23.886,45.909,62.997
4eca.b,deposited,1,217,217,24.938,42.334,62.19
4eca.b,deposited,1,218,218,28.426,41.427,61.121
4eca.b,deposited,1,219,219,30.742,38.542,62.053
4eca.b,deposited,1,220,220,31.297,38.387,65.817
4eca.b,deposited,1,221,221,28.471,40.969,66.213
4eca.b,deposited,1,222,222,28.088,42.04,69.819
4eca.b,deposited,1,223,223,24.657,41.66,71.312
4eca.b,deposited,1,224,224,25.33,44.672,73.525
4eca.b,deposited,1,225,225,23.567,47.175,71.256
4eca.b,deposited,1,226,226,20.481,44.984,71.17
4eca.b,deposited,1,227,227,20.444,44.486,74.898
4eca.b,deposited,1,228,228,20.917,48.23,75.399
4eca.b,deposited,1,229,229,17.768,48.94,73.446
4eca.b,deposited,1,230,230,15.919,46.174,75.198
4eca.b,deposited,1,231,231,16.842,47.212,78.76
4eca.b,deposited,1,232,232,15.702,50.713,77.708
4eca.b,deposited,1,233,233,12.227,49.461,76.8
4eca.b,deposited,1,234,234,12.315,49.931,73.069
4eca.b,deposited,1,235,235,9.011,49.047,71.488
4eca.b,deposited,1,236,236,10.695,47.824,68.377
4eca.b,deposited,1,237,237,14.019,46.506,67.146
4eca.b,deposited,1,238,238,14.886,46.522,63.497
4eca.b,deposited,1,239,239,17.75,44.213,62.648
4eca.b,deposited,1,240,240,20.186,45.296,59.956
4eca.b,deposited,1,241,241,20.894,41.644,59.241
4eca.b,deposited,1,242,242,23.442,39.829,57.16
4eca.b,deposited,1,243,243,22.24,38.393,53.855
4eca.b,deposited,1,244,244,18.561,37.522,53.737
4eca.b,deposited,1,245,245,17.8,39.128,57.123
4eca.b,deposited,1,246,246,19.99,36.735,59.098
4eca.b,deposited,1,247,247,21.373,37.474,62.568
4eca.b,deposited,1,248,248,24.595,36.791,64.404
4eca.b,deposited,1,249,249,23.87,34.123,66.997
4eca.b,deposited,1,250,250,23.997,36.32,70.13
4eca.b,deposited,1,251,251,21.936,39.098,68.482
4eca.b,deposited,1,252,252,19.364,36.519,67.442
4eca.b,deposited,1,253,253,19.06,35.332,71.084
4eca.b,deposited,1,254,254,18.531,38.832,72.496
4eca.b,deposited,1,255,255,15.972,39.631,69.848
4eca.b,deposited,1,256,256,14.195,36.272,70.248
4eca.b,deposited,1,257,257,13.974,36.784,74.013
4eca.b,deposited,1,258,258,12.891,40.434,73.626
4eca.b,deposited,1,259,259,10.259,39.368,71.108
4eca.b,deposited,1,260,260,8.979,36.822,73.668
4eca.b,deposited,1,261,261,8.458,39.686,76.073
4eca.b,deposited,1,262,262,6.388,41.815,73.685
4eca.b,deposited,1,263,263,9.24,43.742,71.917
4eca.b,deposited,1,264,264,8.474,43.943,68.153
4eca.b,deposited,1,265,265,11.459,42.447,66.234
4eca.b,deposited,1,266,266,11.701,43.143,62.51
4eca.b,deposited,1,267,267,14.387,41.53,60.452
4eca.b,deposited,1,268,268,15.803,43.71,57.753
4eca.b,deposited,1,269,269,19.128,43.449,55.98
4eca.b,deposited,1,270,270,22.303,45.518,55.512
4eca.b,deposited,1,271,271,22.261,44.274,51.896
4eca.b,deposited,1,272,272,21.26,47.361,49.788
4eca.b,deposited,1,273,273,18.73,45.716,47.511
4eca.b,deposited,1,274,274,16.27,42.86,47.731
4eca.b,deposited,1,275,275,13.771,41.651,50.27
4eca.b,deposited,1,276,276,14.353,40.141,53.667
4eca.b,deposited,1,277,277,11.953,37.245,53.123
4eca.b,deposited,1,278,278,10.185,34.665,55.33
4eca.b,deposited,1,279,279,10.664,31.03,54.299
4eca.b,deposited,1,280,280,14.489,31.122,54.229
4eca.b,deposited,1,281,281,16.536,30.225,57.29
4eca.b,deposited,1,282,282,14.495,32.0,60.0
4eca.b,deposited,1,283,283,11.121,30.718,61.235
4eca.b,deposited,1,284,284,9.689,34.129,61.908
4eca.b,deposited,1,285,285,6.474,32.766,63.359
4eca.b,deposited,1,286,286,8.296,30.56,65.889
4eca.b,deposited,1,287,287,9.96,33.718,67.212
4eca.b,deposited,1,288,288,7.476,36.534,66.715
4eca.b,deposited,1,289,289,9.811,38.278,64.288
4eca.b,deposited,1,290,290,8.662,40.236,61.176
4eca.b,deposited,1,291,291,10.401,39.993,57.791
4eca.b,deposited,1,292,292,10.83,43.498,56.448
4eca.b,deposited,1,293,293,10.511,42.742,52.752
4eca.b,deposited,1,294,294,12.428,45.223,50.602
4eca.b,deposited,1,295,295,12.356,47.841,53.398
4eca.b,deposited,1,296,296,15.943,48.667,54.339
4eca.b,deposited,1,297,297,16.684,49.042,58.018
4eca.b,deposited,1,298,298,15.899,52.74,58.304
4eca.b,deposited,1,299,299,12.705,52.541,56.24
4eca.b,deposited,1,300,300,11.579,49.508,58.191
4eca.b,deposited,1,301,301,12.107,51.643,61.276
4eca.b,deposited,1,302,302,9.598,54.096,59.851
4eca.b,deposited,1,303,303,6.953,51.421,59.181
4eca.b,deposited,1,304,304,7.592,49.678,62.568
4eca.b,deposited,1,305,305,7.179,52.845,64.67
4eca.b,deposited,1,306,306,3.899,53.427,62.85
4eca.b,deposited,1,307,307,2.692,49.79,63.029
4eca.b,deposited,1,308,308,3.531,50.213,66.721
4eca.b,deposited,1,309,309,0.977,53.072,66.964
4eca.b,deposited,1,310,310,-1.757,50.568,66.006
4eca.b,deposited,1,311,311,-0.734,47.09,67.088
4eca.b,deposited,1,312,312,1.938,45.2,69.043
4eca.b,deposited,1,313,313,0.993,41.837,67.54
4eca.b,deposited,1,314,314,3.775,40.33,65.359
4eca.b,deposited,1,315,315,1.299,39.028,62.871
4eca.b,deposited,1,316,316,-0.61,42.272,62.563
4eca.b,deposited,1,317,317,2.726,44.078,62.266
4eca.b,deposited,1,318,318,3.671,41.534,59.579
4eca.b,deposited,1,319,319,0.544,42.129,57.528
4eca.b,deposited,1,320,320,1.314,45.872,57.792
4eca.b,deposited,1,321,321,4.721,45.115,56.294
4eca.b,deposited,1,322,322,3.013,43.242,53.51
4eca.b,deposited,1,323,323,0.76,46.157,52.68
4eca.b,deposited,1,324,324,2.586,49.37,53.264
4eca.c,deposited,1,0,0,-4.343,23.616,38.838
4eca.c,deposited,1,1,1,-4.247,26.446,36.238
4eca.c,deposited,1,2,2,-4.097,25.342,32.634
4eca.c,deposited,1,3,3,-0.917,26.85,31.281
4eca.c,deposited,1,4,4,0.053,26.618,27.645
4eca.c,deposited,1,5,5,3.752,26.501,26.75
4eca.c,deposited,1,6,6,4.512,27.822,23.245
4eca.c,deposited,1,7,7,8.059,26.678,22.516
4eca.c,deposited,1,8,8,10.077,28.594,19.946
4eca.c,deposited,1,9,9,13.569,27.219,20.589
4eca.c,deposited,1,10,10,16.472,29.111,22.101
4eca.c,deposited,1,11,11,16.702,26.843,27.001
4eca.c,deposited,1,12,12,16.331,24.075,24.45
4eca.c,deposited,1,13,13,20.016,24.187,23.486
4eca.c,deposited,1,14,14,22.648,21.793,24.651
4eca.c,deposited,1,15,15,26.342,21.424,23.977
4eca.c,deposited,1,16,16,29.302,19.057,24.415
4eca.c,deposited,1,17,17,29.438,19.402,28.175
4eca.c,deposited,1,18,18,28.409,21.125,31.374
4eca.c,deposited,1,19,19,31.854,22.545,31.953
4eca.c,deposited,1,20,20,32.165,23.794,28.378
4eca.c,deposited,1,21,21,30.376,26.83,27.101
4eca.c,deposited,1,22,22,29.671,25.515,23.562
4eca.c,deposited,1,23,23,26.131,24.751,22.498
4eca.c,deposited,1,24,24,23.649,25.045,19.664
4eca.c,deposited,1,25,25,20.091,26.235,19.97
4eca.c,deposited,1,26,26,17.076,23.919,19.837
4eca.c,deposited,1,27,27,18.403,20.47,20.693
4eca.c,deposited,1,28,28,15.219,19.524,22.625
4eca.c,deposited,1,29,29,11.464,19.766,22.16
4eca.c,deposited,1,30,30,8.705,21.278,24.303
4eca.c,deposited,1,31,31,7.932,17.963,25.959
4eca.c,deposited,1,32,32,11.485,17.206,27.093
4eca.c,deposited,1,33,33,11.743,20.701,28.592
4eca.c,deposited,1,34,34,8.581,20.081,30.513
4eca.c,deposited,1,35,35,9.353,16.5,31.514
4eca.c,deposited,1,36,36,12.774,17.784,32.644
4eca.c,deposited,1,37,37,10.926,20.027,35.136
4eca.c,deposited,1,38,38,8.353,17.692,36.691
4eca.c,deposited,1,39,39,7.625,20.207,39.394
4eca.c,deposited,1,40,40,5.621,22.016,36.856
4eca.c,deposited,1,41,41,2.996,19.341,37.518
4eca.c,deposited,1,42,42,2.446,20.589,41.04
4eca.c,deposited,1,43,43,1.703,24.127,39.957
4eca.c,deposited,1,44,44,0.022,24.069,36.619
4eca.c,deposited,1,45,45,-1.656,21.713,34.217
4eca.c,deposited,1,46,46,0.809,22.17,31.42
4eca.c,deposited,1,47,47,0.179,21.808,27.706
4eca.c,deposited,1,48,48,3.207,22.279,25.4
4eca.c,deposited,1,49,49,3.335,23.139,21.696
4eca.c,deposited,1,50,50,6.366,23.725,19.559
4eca.c,deposited,1,51,51,5.671,26.827,17.444
4eca.c,deposited,1,52,52,9.154,26.936,15.847
4eca.c,deposited,1,53,53,12.574,25.847,17.033
4eca.c,deposited,1,54,54,15.009,28.564,16.197
4eca.c,deposited,1,55,55,17.735,30.463,17.933
4eca.c,deposited,1,56,56,16.231,33.849,18.579
4eca.c,deposited,1,57,57,19.049,35.459,16.523
4eca.c,deposited,1,58,58,16.909,34.298,13.615
4eca.c,deposited,1,59,59,13.576,35.564,15.038
4eca.c,deposited,1,60,60,11.478,37.321,12.397
4eca.c,deposited,1,61,61,8.084,38.831,11.576
4eca.c,deposited,1,62,62,6.532,35.499,10.636
4eca.c,deposited,1,63,63,7.365,33.947,13.959
4eca.c,deposited,1,64,64,5.944,37.105,15.525
4eca.c,deposited,1,65,65,2.658,37.194,13.555
4eca.c,deposited,1,66,66,2.342,33.462,14.122
4eca.c,deposited,1,67,67,2.91,33.871,17.856
4eca.c,deposited,1,68,68,0.387,36.691,18.353
4eca.c,deposited,1,69,69,-2.26,35.047,16.245
4eca.c,deposited,1,70,70,-1.718,31.871,18.259
4eca.c,deposited,1,71,71,-1.951,33.579,21.629
4eca.c,deposited,1,72,72,-5.023,35.5,20.64
4eca.c,deposited,1,73,73,-6.691,32.461,19.087
4eca.c,deposited,1,74,74,-6.145,30.114,22.086
4eca.c,deposited,1,75,75,-6.45,32.681,24.813
4eca.c,deposited,1,76,76,-10.037,31.708,25.446
4eca.c,deposited,1,77,77,-8.882,28.049,25.758
4eca.c,deposited,1,78,78,-6.203,28.335,28.485
4eca.c,deposited,1,79,79,-5.376,30.194,31.745
4eca.c,deposited,1,80,80,-2.054,31.748,30.836
4eca.c,deposited,1,81,81,0.909,31.325,28.501
4eca.c,deposited,1,82,82,4.647,30.743,28.729
4eca.c,deposited,1,83,83,6.619,31.277,25.542
4eca.c,deposited,1,84,84,10.053,29.689,25.805
4eca.c,deposited,1,85,85,12.424,31.7,23.603
4eca.c,deposited,1,86,86,16.106,32.428,23.135
4eca.c,deposited,1,87,87,17.605,35.32,25.087
4eca.c,deposited,1,88,88,19.098,37.104,22.057
4eca.c,deposited,1,89,89,16.023,38.777,20.678
4eca.c,deposited,1,90,90,13.577,37.98,23.449
4eca.c,deposited,1,91,91,13.21,41.652,24.415
4eca.c,deposited,1,92,92,11.974,42.391,20.844
4eca.c,deposited,1,93,93,9.409,39.595,20.791
4eca.c,deposited,1,94,94,8.163,40.373,24.288
4eca.c,deposited,1,95,95,7.586,43.976,23.192
4eca.c,deposited,1,96,96,5.893,42.924,19.917
4eca.c,deposited,1,97,97,3.463,40.578,21.721
4eca.c,deposited,1,98,98,2.956,43.306,24.355
4eca.c,deposited,1,99,99,1.337,45.463,21.637
4eca.c,deposited,1,100,100,-0.434,42.876,19.424
4eca.c,deposited,1,101,101,-1.667,40.292,21.96
4eca.c,deposited,1,102,102,-5.265,41.01,22.972
4eca.c,deposited,1,103,103,-5.272,38.18,25.484
4eca.c,deposited,1,104,104,-4.861,39.806,28.901
4eca.c,deposited,1,105,105,-4.437,36.502,30.687
4eca.c,deposited,1,106,106,-0.833,36.031,31.993
4eca.c,deposited,1,107,107,1.564,36.004,29.01
4eca.c,deposited,1,108,108,5.126,35.147,30.096
4eca.c,deposited,1,109,109,8.308,34.754,28.044
4eca.c,deposited,1,110,110,11.192,32.697,29.452
4eca.c,deposited,1,111,111,14.7,31.862,28.283
4eca.c,deposited,1,112,112,18.039,30.524,29.527
4eca.c,deposited,1,113,113,21.545,31.961,29.449
4eca.c,deposited,1,114,114,23.131,28.534,29.997
4eca.c,deposited,1,115,115,22.179,25.696,27.627
4eca.c,deposited,1,116,116,20.346,22.758,29.164
4eca.c,deposited,1,117,117,23.605,20.748,29.334
4eca.c,deposited,1,118,118,25.496,23.087,31.655
4eca.c,deposited,1,119,119,26.25,22.755,35.31
4eca.c,deposited,1,120,120,23.907,24.924,37.322
4eca.c,deposited,1,121,121,21.779,25.303,34.2
4eca.c,deposited,1,122,122,19.411,28.18,34.709
4eca.c,deposited,1,123,123,16.683,26.793,32.414
4eca.c,deposited,1,124,124,14.79,24.518,34.887
4eca.c,deposited,1,125,125,14.028,27.034,37.585
4eca.c,deposited,1,126,126,13.586,29.703,34.961
4eca.c,deposited,1,127,127,10.821,27.718,33.223
4eca.c,deposited,1,128,128,9.451,26.72,36.602
4eca.c,deposited,1,129,129,9.326,30.363,37.701
4eca.c,deposited,1,130,130,7.899,31.403,34.335
4eca.c,deposited,1,131,131,4.952,29.067,34.947
4eca.c,deposited,1,132,132,4.609,30.334,38.535
4eca.c,deposited,1,133,133,3.989,33.736,36.865
4eca.c,deposited,1,134,134,1.711,32.605,34.004
4eca.c,deposited,1,135,135,-0.284,30.885,36.739
4eca.c,deposited,1,136,136,-0.521,33.825,39.139
4eca.c,deposited,1,137,137,-3.755,35.711,38.627
4eca.c,deposited,1,138,138,-2.044,38.921,39.68
4eca.c,deposited,1,139,139,-0.066,38.682,36.378
4eca.c,deposited,1,140,140,-3.063,39.338,34.269
4eca.c,deposited,1,141,141,-3.318,42.755,32.732
4eca.c,deposited,1,142,142,0.309,43.606,33.281
4eca.c,deposited,1,143,143,0.984,43.247,29.559
4eca.c,deposited,1,144,144,3.359,40.637,28.058
4eca.c,deposited,1,145,145,5.995,39.668,30.581
4eca.c,deposited,1,146,146,9.552,38.306,30.666
4eca.c,deposited,1,147,147,10.456,36.171,33.734
4eca.c,deposited,1,148,148,14.154,35.545,34.238
4eca.c,deposited,1,149,149,16.281,35.32,37.344
4eca.c,deposited,1,150,150,13.402,35.258,39.795
4eca.c,deposited,1,151,151,12.189,38.516,38.389
4eca.c,deposited,1,152,152,9.007,39.512,36.538
4eca.c,deposited,1,153,153,9.924,42.143,33.931
4eca.c,deposited,1,154,154,7.568,44.193,31.702
4eca.c,deposited,1,155,155,7.983,43.496,27.994
4eca.c,deposited,1,156,156,8.473,47.129,27.052
4eca.c,deposited,1,157,157,11.348,47.992,29.364
4eca.c,deposited,1,158,158,13.07,44.609,29.666
4eca.c,deposited,1,159,159,16.343,44.396,27.789
4eca.c,deposited,1,160,160,19.395,42.1,27.731
4eca.c,deposited,1,161,161,22.059,43.83,29.796
4eca.c,deposited,1,162,162,25.024,41.39,29.655
4eca.c,deposited,1,163,163,26.162,38.941,27.04
4eca.c,deposited,1,164,164,26.412,35.952,29.354
4eca.c,deposited,1,165,165,25.265,36.735,32.927
4eca.c,deposited,1,166,166,22.266,34.766,34.167
4eca.c,deposited,1,167,167,21.073,38.066,35.666
4eca.c,deposited,1,168,168,21.248,39.84,32.312
4eca.c,deposited,1,169,169,17.519,40.75,31.935
4eca.c,deposited,1,170,170,16.575,43.999,33.575
4eca.c,deposited,1,171,171,14.093,46.769,33.008
4eca.c,deposited,1,172,172,16.771,49.456,32.723
4eca.c,deposited,1,173,173,14.705,52.707,32.717
4eca.c,deposited,1,174,174,11.674,51.851,34.823
4eca.c,deposited,1,175,175,12.534,48.717,36.797
4eca.c,deposited,1,176,176,10.825,45.298,37.283
4eca.c,deposited,1,177,177,7.15,44.696,38.107
4eca.c,deposited,1,178,178,7.961,42.115,40.739
4eca.c,deposited,1,179,179,10.204,39.514,42.266
4eca.c,deposited,1,180,180,9.491,35.802,42.791
4eca.c,deposited,1,181,181,10.394,34.057,46.03
4eca.c,deposited,1,182,182,9.375,30.544,47.145
4eca.c,deposited,1,183,183,6.764,30.374,44.372
4eca.c,deposited,1,184,184,5.292,33.793,45.234
4eca.c,deposited,1,185,185,5.375,37.143,43.451
4eca.c,deposited,1,186,186,5.043,40.554,45.076
4eca.c,deposited,1,187,187,3.993,42.811,42.221
4eca.c,deposited,1,188,188,4.632,46.446,43.119
4eca.c,deposited,1,189,189,4.378,47.969,39.631
4eca.c,deposited,1,190,190,2.729,47.726,36.211
4eca.c,deposited,1,191,191,3.736,49.572,33.055
4eca.c,deposited,1,192,192,1.56,52.634,32.569
4eca.c,deposited,1,193,193,2.167,52.646,28.794
4eca.c,deposited,1,194,194,-0.627,51.147,26.752
4eca.c,deposited,1,195,195,-0.326,47.466,26.102
4eca.c,deposited,1,196,196,-2.187,44.528,24.702
4eca.c,deposited,1,197,197,-5.937,45.04,24.541
4eca.c,deposited,1,198,198,-5.536,48.82,25.026
4eca.c,deposited,1,199,199,-3.648,49.252,21.758
4eca.c,deposited,1,200,200,-4.971,49.51,18.214
4eca.c,deposited,1,201,201,-2.44,47.159,16.619
4eca.c,deposited,1,202,202,-4.192,44.241,14.987
4eca.c,deposited,1,203,203,-1.923,41.72,13.235
4eca.c,deposited,1,204,204,-4.761,39.192,13.065
4eca.c,deposited,1,205,205,-5.176,39.801,9.379
4eca.c,deposited,1,206,206,-1.54,40.758,8.846
4eca.c,deposited,1,207,207,0.56,38.17,6.996
4eca.c,deposited,1,208,208,3.543,40.553,6.975
4eca.c,deposited,1,209,209,4.824,43.559,8.947
4eca.c,deposited,1,210,210,6.154,46.686,7.184
4eca.c,deposited,1,211,211,9.941,46.791,6.478
4eca.c,deposited,1,212,212,11.725,48.771,9.214
4eca.c,deposited,1,213,213,15.517,48.626,9.383
4eca.c,deposited,1,214,214,18.138,49.868,11.881
4eca.c,deposited,1,215,215,21.301,51.932,11.319
4eca.c,deposited,1,216,216,24.179,52.325,13.805
4eca.c,deposited,1,217,217,25.842,55.701,14.48
4eca.c,deposited,1,218,218,29.406,56.142,15.646
4eca.c,deposited,1,219,219,32.424,58.207,14.579
4eca.c,deposited,1,220,220,33.002,58.436,10.871
4eca.c,deposited,1,221,221,29.822,56.411,10.366
4eca.c,deposited,1,222,222,29.192,55.448,6.742
4eca.c,deposited,1,223,223,25.866,56.367,5.176
4eca.c,deposited,1,224,224,25.849,53.338,2.918
4eca.c,deposited,1,225,225,23.703,51.3,5.361
4eca.c,deposited,1,226,226,20.997,54.031,5.536
4eca.c,deposited,1,227,227,21.102,54.455,1.798
4eca.c,deposited,1,228,228,20.914,50.741,1.179
4eca.c,deposited,1,229,229,17.658,50.628,3.197
4eca.c,deposited,1,230,230,16.292,53.728,1.524
4eca.c,deposited,1,231,231,17.075,52.462,-2.029
4eca.c,deposited,1,232,232,15.272,49.219,-1.137
4eca.c,deposited,1,233,233,12.244,51.3,-0.126
4eca.c,deposited,1,234,234,11.935,50.624,3.591
4eca.c,deposited,1,235,235,8.754,51.849,5.207
4eca.c,deposited,1,236,236,10.797,52.989,8.166
4eca.c,deposited,1,237,237,14.36,53.314,9.466
4eca.c,deposited,1,238,238,15.358,53.572,13.127
4eca.c,deposited,1,239,239,18.619,55.234,14.042
4eca.c,deposited,1,240,240,20.709,53.644,16.73
4eca.c,deposited,1,241,241,22.082,57.122,17.365
4eca.c,deposited,1,242,242,24.915,58.433,19.479
4eca.c,deposited,1,243,243,24.269,60.021,22.823
4eca.c,deposited,1,244,244,20.816,61.482,23.066
4eca.c,deposited,1,245,245,19.619,60.268,19.671
4eca.c,deposited,1,246,246,22.124,62.063,17.474
4eca.c,deposited,1,247,247,23.241,61.014,14.005
4eca.c,deposited,1,248,248,26.614,61.108,12.239
4eca.c,deposited,1,249,249,26.308,64.002,9.771
4eca.c,deposited,1,250,250,26.209,61.868,6.67
4eca.c,deposited,1,251,251,23.716,59.455,8.177
4eca.c,deposited,1,252,252,21.645,62.471,9.217
4eca.c,deposited,1,253,253,21.72,63.596,5.582
4eca.c,deposited,1,254,254,20.335,60.385,4.189
4eca.c,deposited,1,255,255,17.703,60.143,6.886
4eca.c,deposited,1,256,256,16.446,63.721,6.462
4eca.c,deposited,1,257,257,16.102,63.12,2.725
4eca.c,deposited,1,258,258,14.31,59.897,3.574
4eca.c,deposited,1,259,259,11.894,61.471,6.041
4eca.c,deposited,1,260,260,11.046,64.322,3.617
4eca.c,deposited,1,261,261,10.235,61.905,0.816
4eca.c,deposited,1,262,262,8.101,59.498,2.764
4eca.c,deposited,1,263,263,10.235,57.172,4.864
4eca.c,deposited,1,264,264,9.269,56.975,8.541
4eca.c,deposited,1,265,265,12.434,57.665,10.539
4eca.c,deposited,1,266,266,12.793,57.109,14.249
4eca.c,deposited,1,267,267,15.64,58.466,16.328
4eca.c,deposited,1,268,268,16.635,56.01,19.06
4eca.c,deposited,1,269,269,20.08,55.635,20.698
4eca.c,deposited,1,270,270,22.773,52.929,20.973
4eca.c,deposited,1,271,271,23.083,54.188,24.563
4eca.c,deposited,1,272,272,21.631,51.381,26.801
4eca.c,deposited,1,273,273,19.522,53.442,29.144
4eca.c,deposited,1,274,274,17.657,56.716,28.891
4eca.c,deposited,1,275,275,15.212,58.375,26.541
4eca.c,deposited,1,276,276,16.037,59.729,23.13
4eca.c,deposited,1,277,277,14.283,62.982,23.725
4eca.c,deposited,1,278,278,13.048,65.641,21.392
4eca.c,deposited,1,279,279,13.974,69.243,22.395
4eca.c,deposited,1,280,280,17.639,68.514,22.552
4eca.c,deposited,1,281,281,19.968,69.083,19.659
4eca.c,deposited,1,282,282,17.619,67.795,16.958
4eca.c,deposited,1,283,283,14.567,69.559,15.488
4eca.c,deposited,1,284,284,12.41,66.578,14.678
4eca.c,deposited,1,285,285,9.477,68.759,13.699
4eca.c,deposited,1,286,286,11.626,70.315,10.981
4eca.c,deposited,1,287,287,12.84,66.921,9.658
4eca.c,deposited,1,288,288,9.782,64.812,10.325
4eca.c,deposited,1,289,289,11.777,62.651,12.665
4eca.c,deposited,1,290,290,10.214,60.839,15.621
4eca.c,deposited,1,291,291,12.104,60.707,18.96
4eca.c,deposited,1,292,292,11.739,57.198,20.411
4eca.c,deposited,1,293,293,11.603,57.743,24.155
4eca.c,deposited,1,294,294,13.146,54.978,26.334
4eca.c,deposited,1,295,295,12.719,52.644,23.366
4eca.c,deposited,1,296,296,16.054,51.237,22.229
4eca.c,deposited,1,297,297,16.623,50.554,18.46
4eca.c,deposited,1,298,298,15.241,46.995,18.133
4eca.c,deposited,1,299,299,12.179,47.944,20.262
4eca.c,deposited,1,300,300,11.674,51.171,18.444
4eca.c,deposited,1,301,301,11.588,49.028,15.233
4eca.c,deposited,1,302,302,8.873,46.81,16.784
4eca.c,deposited,1,303,303,6.712,49.865,17.501
4eca.c,deposited,1,304,304,7.42,51.708,14.207
4eca.c,deposited,1,305,305,6.382,48.613,12.233
4eca.c,deposited,1,306,306,3.123,48.368,14.093
4eca.c,deposited,1,307,307,2.619,52.137,13.867
4eca.c,deposited,1,308,308,3.314,52.081,10.197
4eca.c,deposited,1,309,309,0.49,49.533,9.895
4eca.c,deposited,1,310,310,-1.824,52.381,10.888
4eca.c,deposited,1,311,311,-0.032,55.518,9.73
4eca.c,deposited,1,312,312,2.739,57.006,7.685
4eca.c,deposited,1,313,313,2.585,60.501,9.323
4eca.c,deposited,1,314,314,5.57,61.489,11.587
4eca.c,deposited,1,315,315,3.326,63.398,13.906
4eca.c,deposited,1,316,316,1.078,60.38,14.217
4eca.c,deposited,1,317,317,3.883,57.96,14.751
4eca.c,deposited,1,318,318,5.269,60.327,17.339
4eca.c,deposited,1,319,319,1.971,60.297,19.248
4eca.c,deposited,1,320,320,2.051,56.501,19.111
4eca.c,deposited,1,321,321,5.693,56.514,20.442
4eca.c,deposited,1,322,322,4.339,58.714,23.153
4eca.c,deposited,1,323,323,1.503,56.386,24.221
4eca.c,deposited,1,324,324,2.816,52.881,23.672
4eca.d,deposited,1,0,0,46.845,19.064,37.644
4eca.d,deposited,1,1,1,47.115,21.797,40.276
4eca.d,deposited,1,2,2,46.777,20.588,43.801
4eca.d,deposited,1,3,3,43.968,22.705,45.279
4eca.d,deposited,1,4,4,42.932,22.652,48.916
4eca.d,deposited,1,5,5,39.284,23.111,49.732
4eca.d,deposited,1,6,6,38.888,24.43,53.253
4eca.d,deposited,1,7,7,35.158,24.266,53.856
4eca.d,deposited,1,8,8,33.504,26.376,56.559
4eca.d,deposited,1,9,9,29.872,25.435,55.784
4eca.d,deposited,1,10,10,27.229,27.859,54.57
4eca.d,deposited,1,11,11,26.631,25.781,49.41
4eca.d,deposited,1,12,12,26.796,22.832,51.826
4eca.d,deposited,1,13,13,23.208,23.392,52.995
4eca.d,deposited,1,14,14,19.89,21.871,52.068
4eca.d,deposited,1,15,15,16.201,22.435,51.903
4eca.d,deposited,1,16,16,13.331,19.96,51.876
4eca.d,deposited,1,17,17,12.515,21.051,48.318
4eca.d,deposited,1,18,18,14.019,22.161,44.979
4eca.d,deposited,1,19,19,11.164,24.658,44.558
4eca.d,deposited,1,20,20,10.848,25.904,48.144
4eca.d,deposited,1,21,21,13.24,28.639,49.295
4eca.d,deposited,1,22,22,13.555,27.232,52.816
4eca.d,deposited,1,23,23,16.801,25.82,54.074
4eca.d,deposited,1,24,24,19.426,25.121,56.664
4eca.d,deposited,1,25,25,23.21,25.453,56.406
4eca.d,deposited,1,26,26,25.898,22.9,57.06
4eca.d,deposited,1,27,27,24.047,19.838,55.799
4eca.d,deposited,1,28,28,26.802,18.565,53.465
4eca.d,deposited,1,29,29,30.405,17.628,54.354
4eca.d,deposited,1,30,30,33.443,18.663,52.258
4eca.d,deposited,1,31,31,33.752,15.28,50.623
4eca.d,deposited,1,32,32,30.107,15.127,49.649
4eca.d,deposited,1,33,33,30.437,18.707,48.442
4eca.d,deposited,1,34,34,33.61,18.107,46.367
4eca.d,deposited,1,35,35,32.328,14.754,45.191
4eca.d,deposited,1,36,36,29.134,16.308,43.825
4eca.d,deposited,1,37,37,31.139,18.11,41.125
4eca.d,deposited,1,38,38,33.161,15.151,39.817
4eca.d,deposited,1,39,39,34.374,17.441,37.027
4eca.d,deposited,1,40,40,36.59,19.017,39.673
4eca.d,deposited,1,41,41,39.088,16.158,39.457
4eca.d,deposited,1,42,42,39.503,16.949,35.787
4eca.d,deposited,1,43,43,41.01,20.383,36.398
4eca.d,deposited,1,44,44,42.504,19.9,39.843
4eca.d,deposited,1,45,45,43.722,17.425,42.418
4eca.d,deposited,1,46,46,41.386,18.496,45.18
4eca.d,deposited,1,47,47,41.886,17.784,48.848
4eca.d,deposited,1,48,48,39.081,18.932,51.131
4eca.d,deposited,1,49,49,39.152,19.824,54.812
4eca.d,deposited,1,50,50,36.302,20.941,56.978
4eca.d,deposited,1,51,51,37.492,23.857,59.177
4eca.d,deposited,1,52,52,34.042,24.534,60.69
4eca.d,deposited,1,53,53,30.494,23.987,59.429
4eca.d,deposited,1,54,54,28.423,27.007,60.405
4eca.d,deposited,1,55,55,26.314,29.588,58.581
4eca.d,deposited,1,56,56,28.417,32.732,58.042
4eca.d,deposited,1,57,57,25.855,34.703,59.994
4eca.d,deposited,1,58,58,27.573,33.196,63.014
4eca.d,deposited,1,59,59,31.025,33.651,61.503
4eca.d,deposited,1,60,60,33.572,35.037,63.943
4eca.d,deposited,1,61,61,37.106,36.035,65.031
4eca.d,deposited,1,62,62,38.186,32.532,65.775
4eca.d,deposited,1,63,63,37.338,31.061,62.404
4eca.d,deposited,1,64,64,39.093,34.018,60.797
4eca.d,deposited,1,65,65,42.272,33.414,62.8
4eca.d,deposited,1,66,66,41.921,29.648,62.22
4eca.d,deposited,1,67,67,41.541,30.042,58.453
4eca.d,deposited,1,68,68,44.41,32.583,58.387
4eca.d,deposited,1,69,69,46.796,30.316,60.323
4eca.d,deposited,1,70,70,45.701,27.331,58.319
4eca.d,deposited,1,71,71,46.201,29.007,54.955
4eca.d,deposited,1,72,72,49.603,30.288,56.021
4eca.d,deposited,1,73,73,50.769,27.055,57.605
4eca.d,deposited,1,74,74,49.672,25.093,54.528
4eca.d,deposited,1,75,75,50.731,27.531,51.819
4eca.d,deposited,1,76,76,53.693,25.292,51.117
4eca.d,deposited,1,77,77,51.794,21.963,50.647
4eca.d,deposited,1,78,78,49.369,23.152,47.988
4eca.d,deposited,1,79,79,49.111,25.246,44.758
4eca.d,deposited,1,80,80,46.017,27.307,45.776
4eca.d,deposited,1,81,81,42.99,27.375,48.094
4eca.d,deposited,1,82,82,39.184,27.486,47.777
4eca.d,deposited,1,83,83,37.227,28.423,50.898
4eca.d,deposited,1,84,84,33.556,27.412,50.792
4eca.d,deposited,1,85,85,31.711,29.869,52.945
4eca.d,deposited,1,86,86,28.206,31.116,53.572
4eca.d,deposited,1,87,87,27.259,34.239,51.571
4eca.d,deposited,1,88,88,26.114,36.415,54.463
4eca.d,deposited,1,89,89,29.527,37.495,55.763
4eca.d,deposited,1,90,90,31.792,36.185,52.933
4eca.d,deposited,1,91,91,32.805,39.747,52.113
4eca.d,deposited,1,92,92,34.188,40.207,55.661
4eca.d,deposited,1,93,93,36.221,37.005,55.783
4eca.d,deposited,1,94,94,37.452,37.678,52.24
4eca.d,deposited,1,95,95,38.847,41.025,53.358
4eca.d,deposited,1,96,96,40.164,39.702,56.638
4eca.d,deposited,1,97,97,42.106,36.972,54.856
4eca.d,deposited,1,98,98,43.088,39.573,52.245
4eca.d,deposited,1,99,99,45.018,41.415,54.985
4eca.d,deposited,1,100,100,46.293,38.484,57.056
4eca.d,deposited,1,101,101,47.131,35.649,54.635
4eca.d,deposited,1,102,102,50.762,35.753,53.668
4eca.d,deposited,1,103,103,50.214,33.031,51.094
4eca.d,deposited,1,104,104,50.245,34.563,47.589
4eca.d,deposited,1,105,105,49.143,31.452,45.765
4eca.d,deposited,1,106,106,45.477,31.654,44.586
4eca.d,deposited,1,107,107,43.096,31.996,47.605
4eca.d,deposited,1,108,108,39.427,31.914,46.426
4eca.d,deposited,1,109,109,36.242,32.119,48.485
4eca.d,deposited,1,110,110,32.965,30.726,47.163
4eca.d,deposited,1,111,111,29.353,30.309,48.173
4eca.d,deposited,1,112,112,25.967,29.52,46.67
4eca.d,deposited,1,113,113,22.863,31.691,47.054
4eca.d,deposited,1,114,114,20.543,28.671,46.593
4eca.d,deposited,1,115,115,20.819,25.494,48.757
4eca.d,deposited,1,116,116,22.355,22.444,47.122
4eca.d,deposited,1,117,117,18.877,20.894,46.96
4eca.d,deposited,1,118,118,17.306,23.534,44.762
4eca.d,deposited,1,119,119,16.421,23.619,41.103
4eca.d,deposited,1,120,120,19.168,25.31,39.083
4eca.d,deposited,1,121,121,21.207,25.367,42.344
4eca.d,deposited,1,122,122,24.251,27.645,41.849
4eca.d,deposited,1,123,123,26.839,25.985,44.113
4eca.d,deposited,1,124,124,28.185,23.368,41.679
4eca.d,deposited,1,125,125,29.251,25.733,38.915
4eca.d,deposited,1,126,126,30.277,28.234,41.57
4eca.d,deposited,1,127,127,32.635,25.725,43.123
4eca.d,deposited,1,128,128,33.822,24.539,39.721
4eca.d,deposited,1,129,129,34.598,28.12,38.782
4eca.d,deposited,1,130,130,36.178,28.773,42.203
4eca.d,deposited,1,131,131,38.647,25.97,41.369
4eca.d,deposited,1,132,132,39.184,27.144,37.803
4eca.d,deposited,1,133,133,40.396,30.291,39.57
4eca.d,deposited,1,134,134,42.369,28.85,42.441
4eca.d,deposited,1,135,135,44.016,26.711,39.724
4eca.d,deposited,1,136,136,44.825,29.62,37.422
4eca.d,deposited,1,137,137,48.363,30.749,38.065
4eca.d,deposited,1,138,138,47.244,34.214,36.909
4eca.d,deposited,1,139,139,45.11,34.437,40.079
4eca.d,deposited,1,140,140,48.232,34.658,42.182
4eca.d,deposited,1,141,141,49.266,37.905,43.836
4eca.d,deposited,1,142,142,45.821,39.454,43.599
4eca.d,deposited,1,143,143,45.056,38.986,47.236
4eca.d,deposited,1,144,144,42.116,36.943,48.459
4eca.d,deposited,1,145,145,39.376,36.594,45.905
4eca.d,deposited,1,146,146,35.695,35.747,45.878
4eca.d,deposited,1,147,147,34.501,33.821,42.913
4eca.d,deposited,1,148,148,30.762,33.989,42.244
4eca.d,deposited,1,149,149,28.608,34.226,39.174
4eca.d,deposited,1,150,150,31.426,33.728,36.744
4eca.d,deposited,1,151,151,33.215,36.761,38.133
4eca.d,deposited,1,152,152,36.524,37.1,40.086
4eca.d,deposited,1,153,153,36.209,39.89,42.627
4eca.d,deposited,1,154,154,38.949,41.207,44.893
4eca.d,deposited,1,155,155,38.352,40.522,48.595
4eca.d,deposited,1,156,156,38.52,44.192,49.445
4eca.d,deposited,1,157,157,35.775,45.747,47.308
4eca.d,deposited,1,158,158,33.45,42.797,46.961
4eca.d,deposited,1,159,159,30.131,42.977,48.722
4eca.d,deposited,1,160,160,26.724,41.267,48.842
4eca.d,deposited,1,161,161,24.583,43.584,46.795
4eca.d,deposited,1,162,162,21.28,41.643,46.893
4eca.d,deposited,1,163,163,19.618,39.476,49.562
4eca.d,deposited,1,164,164,18.746,36.607,47.201
4eca.d,deposited,1,165,165,20.02,37.164,43.615
4eca.d,deposited,1,166,166,22.573,34.59,42.488
4eca.d,deposited,1,167,167,24.393,37.607,41.0
4eca.d,deposited,1,168,168,24.433,39.452,44.314
4eca.d,deposited,1,169,169,28.258,39.566,44.724
4eca.d,deposited,1,170,170,29.863,42.656,43.244
4eca.d,deposited,1,171,171,32.901,44.888,43.774
4eca.d,deposited,1,172,172,30.663,47.983,43.908
4eca.d,deposited,1,173,173,33.29,50.653,43.937
4eca.d,deposited,1,174,174,36.077,49.474,41.725
4eca.d,deposited,1,175,175,34.846,46.439,39.755
4eca.d,deposited,1,176,176,35.655,42.75,39.203
4eca.d,deposited,1,177,177,39.249,41.642,38.393
4eca.d,deposited,1,178,178,38.179,39.297,35.638
4eca.d,deposited,1,179,179,35.367,37.213,34.155
4eca.d,deposited,1,180,180,35.227,33.492,33.741
4eca.d,deposited,1,181,181,34.047,32.13,30.478
4eca.d,deposited,1,182,182,34.515,28.512,29.476
4eca.d,deposited,1,183,183,37.061,27.881,32.23
4eca.d,deposited,1,184,184,39.366,30.742,31.296
4eca.d,deposited,1,185,185,39.712,34.106,33.087
4eca.d,deposited,1,186,186,40.438,37.419,31.318
4eca.d,deposited,1,187,187,41.848,39.456,34.17
4eca.d,deposited,1,188,188,42.051,43.175,33.35
4eca.d,deposited,1,189,189,42.519,44.533,36.835
4eca.d,deposited,1,190,190,44.139,43.814,40.162
4eca.d,deposited,1,191,191,43.574,45.543,43.507
4eca.d,deposited,1,192,192,45.976,48.479,44.046
4eca.d,deposited,1,193,193,45.648,48.613,47.821
4eca.d,deposited,1,194,194,48.182,46.545,49.853
4eca.d,deposited,1,195,195,47.095,42.967,50.429
4eca.d,deposited,1,196,196,48.489,39.798,51.947
4eca.d,deposited,1,197,197,52.303,39.736,52.13
4eca.d,deposited,1,198,198,52.404,43.53,51.736
4eca.d,deposited,1,199,199,50.598,44.145,54.982
4eca.d,deposited,1,200,200,52.026,44.217,58.534
4eca.d,deposited,1,201,201,49.257,42.098,60.017
4eca.d,deposited,1,202,202,50.398,38.865,61.536
4eca.d,deposited,1,203,203,47.701,36.839,63.259
4eca.d,deposited,1,204,204,49.926,33.746,63.533
4eca.d,deposited,1,205,205,50.476,34.419,67.221
4eca.d,deposited,1,206,206,47.057,36.06,67.855
4eca.d,deposited,1,207,207,44.364,34.073,69.658
4eca.d,deposited,1,208,208,41.921,36.966,69.873
4eca.d,deposited,1,209,209,41.344,40.174,67.97
4eca.d,deposited,1,210,210,40.614,43.596,69.471
4eca.d,deposited,1,211,211,36.896,44.239,70.135
4eca.d,deposited,1,212,212,35.3,46.405,67.409
4eca.d,deposited,1,213,213,31.574,47.137,67.261
4eca.d,deposited,1,214,214,29.42,48.755,64.553
4eca.d,deposited,1,215,215,26.59,51.21,65.412
4eca.d,deposited,1,216,216,24.014,52.23,62.817
4eca.d,deposited,1,217,217,22.97,55.9,62.263
4eca.d,deposited,1,218,218,19.463,56.829,61.206
4eca.d,deposited,1,219,219,16.901,59.589,62.004
4eca.d,deposited,1,220,220,16.319,59.767,65.757
4eca.d,deposited,1,221,221,19.316,57.469,66.352
4eca.d,deposited,1,222,222,19.76,56.036,69.844
4eca.d,deposited,1,223,223,23.15,56.549,71.537
4eca.d,deposited,1,224,224,22.537,53.464,73.684
4eca.d,deposited,1,225,225,24.21,50.983,71.338
4eca.d,deposited,1,226,226,27.34,53.146,71.057
4eca.d,deposited,1,227,227,27.236,53.631,74.814
4eca.d,deposited,1,228,228,27.071,49.874,75.357
4eca.d,deposited,1,229,229,30.161,49.341,73.208
4eca.d,deposited,1,230,230,32.1,52.061,75.031
4eca.d,deposited,1,231,231,30.744,50.809,78.42
4eca.d,deposited,1,232,232,32.066,47.303,77.678
4eca.d,deposited,1,233,233,35.402,48.926,76.965
4eca.d,deposited,1,234,234,35.519,48.307,73.232
4eca.d,deposited,1,235,235,38.694,49.053,71.385
4eca.d,deposited,1,236,236,37.175,50.331,68.25
4eca.d,deposited,1,237,237,33.774,51.445,67.115
4eca.d,deposited,1,238,238,32.894,51.681,63.464
4eca.d,deposited,1,239,239,30.017,53.994,62.711
4eca.d,deposited,1,240,240,27.694,53.019,59.871
4eca.d,deposited,1,241,241,26.689,56.604,59.222
4eca.d,deposited,1,242,242,24.207,58.427,57.117
4eca.d,deposited,1,243,243,25.252,59.801,53.745
4eca.d,deposited,1,244,244,28.921,60.711,53.64
4eca.d,deposited,1,245,245,29.724,59.148,56.997
4eca.d,deposited,1,246,246,27.541,61.386,59.103
4eca.d,deposited,1,247,247,26.536,60.675,62.663
4eca.d,deposited,1,248,248,23.329,61.485,64.405
4eca.d,deposited,1,249,249,23.889,63.956,67.24
4eca.d,deposited,1,250,250,23.638,61.644,70.254
4eca.d,deposited,1,251,251,25.765,59.122,68.366
4eca.d,deposited,1,252,252,28.225,61.791,67.292
4eca.d,deposited,1,253,253,28.276,62.683,71.005
4eca.d,deposited,1,254,254,29.022,59.261,72.551
4eca.d,deposited,1,255,255,31.73,58.852,69.891
4eca.d,deposited,1,256,256,33.454,62.237,70.094
4eca.d,deposited,1,257,257,33.856,61.46,73.809
4eca.d,deposited,1,258,258,34.766,57.801,73.386
4eca.d,deposited,1,259,259,37.386,58.954,70.897
4eca.d,deposited,1,260,260,38.561,61.522,73.482
4eca.d,deposited,1,261,261,39.051,58.755,76.004
4eca.d,deposited,1,262,262,40.945,56.226,73.838
4eca.d,deposited,1,263,263,38.489,54.382,71.579
4eca.d,deposited,1,264,264,39.355,54.194,67.836
4eca.d,deposited,1,265,265,36.308,55.547,65.9
4eca.d,deposited,1,266,266,35.979,55.014,62.182
4eca.d,deposited,1,267,267,33.306,56.907,60.405
4eca.d,deposited,1,268,268,31.931,54.667,57.694
4eca.d,deposited,1,269,269,28.541,54.711,56.032
4eca.d,deposited,1,270,270,25.227,52.793,55.757
4eca.d,deposited,1,271,271,25.396,54.015,52.097
4eca.d,deposited,1,272,272,26.393,50.953,49.93
4eca.d,deposited,1,273,273,28.84,52.492,47.495
4eca.d,deposited,1,274,274,31.198,55.424,47.543
4eca.d,deposited,1,275,275,33.531,56.644,50.226
4eca.d,deposited,1,276,276,33.167,58.058,53.637
4eca.d,deposited,1,277,277,35.661,60.806,52.979
4eca.d,deposited,1,278,278,37.645,63.294,55.02
4eca.d,deposited,1,279,279,36.822,66.971,54.455
4eca.d,deposited,1,280,280,33.057,66.858,54.341
4eca.d,deposited,1,281,281,31.116,68.063,57.379
4eca.d,deposited,1,282,282,33.131,66.244,60.066
4eca.d,deposited,1,283,283,36.485,67.405,61.452
4eca.d,deposited,1,284,284,38.126,64.067,61.836
4eca.d,deposited,1,285,285,41.215,65.89,63.126
4eca.d,deposited,1,286,286,39.356,67.717,65.896
4eca.d,deposited,1,287,287,37.701,64.46,66.924
4eca.d,deposited,1,288,288,40.374,61.912,66.261
4eca.d,deposited,1,289,289,38.006,60.117,63.912
4eca.d,deposited,1,290,290,39.289,57.848,61.071
4eca.d,deposited,1,291,291,37.345,58.06,57.768
4eca.d,deposited,1,292,292,36.786,54.562,56.341
4eca.d,deposited,1,293,293,37.243,55.363,52.683
4eca.d,deposited,1,294,294,35.36,53.045,50.306
4eca.d,deposited,1,295,295,35.165,50.383,53.116
4eca.d,deposited,1,296,296,31.588,49.532,54.232
4eca.d,deposited,1,297,297,30.953,49.282,58.036
4eca.d,deposited,1,298,298,31.842,45.617,58.347
4eca.d,deposited,1,299,299,34.955,45.785,56.106
4eca.d,deposited,1,300,300,36.018,48.824,58.182
4eca.d,deposited,1,301,301,35.622,46.65,61.267
4eca.d,deposited,1,302,302,38.039,44.128,59.737
4eca.d,deposited,1,303,303,40.627,46.837,59.04
4eca.d,deposited,1,304,304,40.279,48.572,62.446
4eca.d,deposited,1,305,305,40.646,45.385,64.484
4eca.d,deposited,1,306,306,43.848,44.581,62.544
4eca.d,deposited,1,307,307,45.163,48.147,62.851
4eca.d,deposited,1,308,308,44.321,47.947,66.499
4eca.d,deposited,1,309,309,46.821,45.108,66.686
4eca.d,deposited,1,310,310,49.473,47.535,65.413
4eca.d,deposited,1,311,311,48.463,50.918,66.857
4eca.d,deposited,1,312,312,45.829,52.891,68.813
4eca.d,deposited,1,313,313,46.716,56.182,67.167
4eca.d,deposited,1,314,314,43.908,57.78,65.07
4eca.d,deposited,1,315,315,46.315,59.231,62.571
4eca.d,deposited,1,316,316,48.321,56.015,62.21
4eca.d,deposited,1,317,317,45.013,54.23,61.808
4eca.d,deposited,1,318,318,43.839,56.723,59.194
4eca.d,deposited,1,319,319,46.988,55.954,57.282
4eca.d,deposited,1,320,320,46.274,52.242,57.558
4eca.d,deposited,1,321,321,42.802,53.098,56.233
4eca.d,deposited,1,322,322,44.59,54.795,53.419
4eca.d,deposited,1,323,323,46.705,51.92,52.318
4eca.d,deposited,1,324,324,44.965,48.674,52.955
1qd1.b,deposited,1,0,0,40.683,36.814,66.231
1qd1.b,deposited,1,1,1,40.143,40.571,66.445
1qd1.b,deposited,1,2,2,37.611,42.026,64.03
1qd1.b,deposited,1,3,3,36.814,45.681,63.35
1qd1.b,deposited,1,4,4,34.214,47.063,60.949
1qd1.b,deposited,1,5,5,35.152,50.073,58.797
1qd1.b,deposited,1,6,6,32.354,51.915,57.006
1qd1.b,deposited,1,7,7,33.856,54.8,54.974
1qd1.b,deposited,1,8,8,31.591,57.103,52.934
1qd1.b,deposited,1,9,9,32.816,58.611,49.654
1qd1.b,deposited,1,10,10,31.346,61.502,47.685
1qd1.b,deposited,1,11,11,30.673,59.617,44.457
1qd1.b,deposited,1,12,12,27.535,57.667,43.675
1qd1.b,deposited,1,13,13,27.205,58.038,39.897
1qd1.b,deposited,1,14,14,30.461,57.024,38.204
1qd1.b,deposited,1,15,15,30.666,53.224,38.444
1qd1.b,deposited,1,16,16,34.307,53.183,37.313
1qd1.b,deposited,1,17,17,35.31,55.334,40.281
1qd1.b,deposited,1,18,18,33.095,53.364,42.66
1qd1.b,deposited,1,19,19,34.628,50.08,41.484
1qd1.b,deposited,1,20,20,38.199,51.391,41.673
1qd1.b,deposited,1,21,21,37.671,52.224,45.334
1qd1.b,deposited,1,22,22,36.1,48.793,45.872
1qd1.b,deposited,1,23,23,39.212,47.143,44.427
1qd1.b,deposited,1,24,24,41.491,49.249,46.64
1qd1.b,deposited,1,25,25,39.7,47.842,49.69
1qd1.b,deposited,1,26,26,39.196,44.246,48.534
1qd1.b,deposited,1,27,27,42.82,43.934,47.434
1qd1.b,deposited,1,28,28,44.225,45.111,50.775
1qd1.b,deposited,1,29,29,45.638,42.195,52.808
1qd1.b,deposited,1,30,30,43.298,41.208,55.639
1qd1.b,deposited,1,31,31,40.302,43.185,54.38
1qd1.b,deposited,1,32,32,37.02,41.62,53.31
1qd1.b,deposited,1,33,33,34.598,43.911,51.466
1qd1.b,deposited,1,34,34,31.049,43.044,52.518
1qd1.b,deposited,1,35,35,28.951,45.684,50.795
1qd1.b,deposited,1,36,36,28.999,48.688,48.468
1qd1.b,deposited,1,37,37,25.873,50.862,48.529
1qd1.b,deposited,1,38,38,25.777,53.727,46.012
1qd1.b,deposited,1,39,39,23.117,56.338,45.298
1qd1.b,deposited,1,40,40,23.12,58.769,42.319
1qd1.b,deposited,1,41,41,20.889,61.575,43.627
1qd1.b,deposited,1,42,42,22.363,61.378,47.109
1qd1.b,deposited,1,43,43,25.624,61.026,45.11
1qd1.b,deposited,1,44,44,27.39,59.038,47.798
1qd1.b,deposited,1,45,45,28.646,55.494,48.331
1qd1.b,deposited,1,46,46,29.21,53.663,51.588
1qd1.b,deposited,1,47,47,31.675,50.763,51.701
1qd1.b,deposited,1,48,48,31.44,48.22,54.51
1qd1.b,deposited,1,49,49,34.401,45.95,55.23
1qd1.b,deposited,1,50,50,35.962,44.039,58.1
1qd1.b,deposited,1,51,51,39.343,42.812,59.253
1qd1.b,deposited,1,52,52,41.91,43.075,62.031
1qd1.b,deposited,1,53,53,42.375,46.621,63.45
1qd1.b,deposited,1,54,54,45.64,47.324,61.62
1qd1.b,deposited,1,55,55,44.359,45.807,58.385
1qd1.b,deposited,1,56,56,41.213,47.932,58.131
1qd1.b,deposited,1,57,57,43.299,51.071,58.672
1qd1.b,deposited,1,58,58,45.433,50.073,55.677
1qd1.b,deposited,1,59,59,42.316,49.299,53.656
1qd1.b,deposited,1,60,60,40.785,52.672,54.467
1qd1.b,deposited,1,61,61,43.993,54.412,53.405
1qd1.b,deposited,1,62,62,44.224,52.503,50.129
1qd1.b,deposited,1,63,63,40.634,53.508,49.405
1qd1.b,deposited,1,64,64,41.397,57.134,50.258
1qd1.b,deposited,1,65,65,44.477,57.193,48.018
1qd1.b,deposited,1,66,66,42.432,55.928,45.075
1qd1.b,deposited,1,67,67,39.683,58.455,45.821
1qd1.b,deposited,1,68,68,42.183,61.327,45.917
1qd1.b,deposited,1,69,69,42.968,60.669,42.256
1qd1.b,deposited,1,70,70,39.389,60.016,41.142
1qd1.b,deposited,1,71,71,37.158,62.478,42.988
1qd1.b,deposited,1,72,72,37.105,66.25,42.475
1qd1.b,deposited,1,73,73,35.002,67.819,45.226
1qd1.b,deposited,1,74,74,34.965,71.173,43.427
1qd1.b,deposited,1,75,75,32.445,69.554,41.065
1qd1.b,deposited,1,76,76,30.481,67.446,43.551
1qd1.b,deposited,1,77,77,26.834,68.009,44.454
1qd1.b,deposited,1,78,78,24.296,65.666,46.011
1qd1.b,deposited,1,79,79,21.349,65.39,48.374
1qd1.b,deposited,1,80,80,23.465,63.958,51.173
1qd1.b,deposited,1,81,81,25.501,66.433,53.23
1qd1.b,deposited,1,82,82,29.252,66.209,52.738
1qd1.b,deposited,1,83,83,32.521,68.073,53.04
1qd1.b,deposited,1,84,84,35.106,65.57,51.819
1qd1.b,deposited,1,85,85,35.923,63.092,49.028
1qd1.b,deposited,1,86,86,36.168,60.508,51.803
1qd1.b,deposited,1,87,87,33.589,62.197,54.017
1qd1.b,deposited,1,88,88,33.588,60.004,57.126
1qd1.b,deposited,1,89,89,35.691,56.987,58.058
1qd1.b,deposited,1,90,90,34.407,55.147,61.163
1qd1.b,deposited,1,91,91,35.972,52.17,62.943
1qd1.b,deposited,1,92,92,33.614,49.945,64.93
1qd1.b,deposited,1,93,93,34.531,47.141,67.345
1qd1.b,deposited,1,94,94,33.044,43.814,66.221
1qd1.b,deposited,1,95,95,34.941,41.069,68.043
1qd1.b,deposited,1,96,96,37.821,40.894,70.503
1qd1.b,deposited,1,97,97,38.441,44.634,70.213
1qd1.b,deposited,1,98,98,37.821,47.477,72.659
1qd1.b,deposited,1,99,99,36.364,50.846,71.688
1qd1.b,deposited,1,100,100,39.649,52.335,72.874
1qd1.b,deposited,1,101,101,41.639,50.424,70.259
1qd1.b,deposited,1,102,102,39.214,51.536,67.552
1qd1.b,deposited,1,103,103,39.852,55.094,68.728
1qd1.b,deposited,1,104,104,43.556,54.376,68.248
1qd1.b,deposited,1,105,105,42.797,53.11,64.735
1qd1.b,deposited,1,106,106,40.935,56.332,63.967
1qd1.b,deposited,1,107,107,43.893,58.366,65.239
1qd1.b,deposited,1,108,108,46.402,56.317,63.251
1qd1.b,deposited,1,109,109,44.259,56.55,60.113
1qd1.b,deposited,1,110,110,43.658,60.268,60.514
1qd1.b,deposited,1,111,111,47.291,61.125,61.095
1qd1.b,deposited,1,112,112,48.494,59.115,58.1
1qd1.b,deposited,1,113,113,45.747,60.411,55.805
1qd1.b,deposited,1,114,114,46.549,64.022,56.696
1qd1.b,deposited,1,115,115,50.302,63.516,56.291
1qd1.b,deposited,1,116,116,50.078,61.816,52.899
1qd1.b,deposited,1,117,117,47.449,63.999,51.223
1qd1.b,deposited,1,118,118,48.011,67.225,53.13
1qd1.b,deposited,1,119,119,44.326,67.555,53.971
1qd1.b,deposited,1,120,120,42.465,68.551,57.153
1qd1.b,deposited,1,121,121,41.147,65.67,59.265
1qd1.b,deposited,1,122,122,38.708,65.857,62.179
1qd1.b,deposited,1,123,123,38.112,63.224,64.873
1qd1.b,deposited,1,124,124,34.52,62.447,65.879
1qd1.b,deposited,1,125,125,32.474,60.035,67.959
1qd1.b,deposited,1,126,126,34.391,58.217,70.678
1qd1.b,deposited,1,127,127,37.619,59.614,69.203
1qd1.b,deposited,1,128,128,36.507,63.25,69.541
1qd1.b,deposited,1,129,129,38.926,65.447,71.503
1qd1.b,deposited,1,130,130,36.158,67.906,72.433
1qd1.b,deposited,1,131,131,32.395,67.54,72.904
1qd1.b,deposited,1,132,132,31.766,69.828,69.946
1qd1.b,deposited,1,133,133,33.419,67.371,67.57
1qd1.b,deposited,1,134,134,31.552,64.293,68.771
1qd1.b,deposited,1,135,135,28.735,64.884,66.268
1qd1.b,deposited,1,136,136,29.377,64.388,62.555
1qd1.b,deposited,1,137,137,26.552,66.769,61.565
1qd1.b,deposited,1,138,138,28.129,69.436,63.79
1qd1.b,deposited,1,139,139,31.511,69.023,62.096
1qd1.b,deposited,1,140,140,29.814,68.919,58.694
1qd1.b,deposited,1,141,141,27.676,72.045,59.238
1qd1.b,deposited,1,142,142,28.004,74.3,56.2
1qd1.b,deposited,1,143,143,29.445,71.391,54.235
1qd1.b,deposited,1,144,144,32.2,71.578,51.608
1qd1.b,deposited,1,145,145,31.155,75.116,50.696
1qd1.b,deposited,1,146,146,31.887,76.416,54.212
1qd1.b,deposited,1,147,147,35.401,74.956,54.514
1qd1.b,deposited,1,148,148,37.355,77.944,53.136
1qd1.b,deposited,1,149,149,35.897,80.17,55.852
1qd1.b,deposited,1,150,150,35.996,77.568,58.629
1qd1.b,deposited,1,151,151,39.658,76.718,58.018
1qd1.b,deposited,1,152,152,40.627,80.323,58.776
1qd1.b,deposited,1,153,153,39.311,79.986,62.329
1qd1.b,deposited,1,154,154,41.244,78.579,65.283
1qd1.b,deposited,1,155,155,38.207,76.723,66.625
1qd1.b,deposited,1,156,156,38.146,74.723,63.388
1qd1.b,deposited,1,157,157,41.837,73.821,63.467
1qd1.b,deposited,1,158,158,41.875,70.175,62.301
1qd1.b,deposited,1,159,159,42.947,67.346,64.595
1qd1.b,deposited,1,160,160,45.452,66.298,61.925
1qd1.b,deposited,1,161,161,46.815,67.997,58.835
1qd1.b,deposited,1,162,162,47.168,71.633,57.708
1qd1.b,deposited,1,163,163,44.353,74.17,57.991
1qd1.b,deposited,1,164,164,44.398,74.419,54.204
1qd1.b,deposited,1,165,165,41.553,74.261,51.713
1qd1.b,deposited,1,166,166,42.267,71.545,49.161
1qd1.b,deposited,1,167,167,39.604,71.993,46.407
1qd1.b,deposited,1,168,168,39.63,68.428,45.092
1qd1.b,deposited,1,169,169,39.302,66.857,48.539
1qd1.b,deposited,1,170,170,37.759,69.093,51.173
1qd1.b,deposited,1,171,171,37.985,67.658,54.693
1qd1.b,deposited,1,172,172,37.714,64.169,56.184
1qd1.b,deposited,1,173,173,36.149,63.057,59.465
1qd1.b,deposited,1,174,174,37.533,59.948,61.141
1qd1.b,deposited,1,175,175,36.452,58.255,64.33
1qd1.b,deposited,1,176,176,35.191,55.317,66.339
1qd1.b,deposited,1,177,177,31.636,54.433,67.286
1qd1.b,deposited,1,178,178,29.245,51.581,67.988
1qd1.b,deposited,1,179,179,27.092,50.122,65.209
1qd1.b,deposited,1,180,180,25.048,52.773,63.41
1qd1.b,deposited,1,181,181,21.972,52.161,61.27
1qd1.b,deposited,1,182,182,21.457,54.384,58.199
1qd1.b,deposited,1,183,183,17.685,54.161,57.709
1qd1.b,deposited,1,184,184,15.544,56.184,55.273
1qd1.b,deposited,1,185,185,11.753,56.321,55.446
1qd1.b,deposited,1,186,186,9.898,56.918,52.167
1qd1.b,deposited,1,187,187,7.048,59.392,51.992
1qd1.b,deposited,1,188,188,4.993,60.943,49.232
1qd1.b,deposited,1,189,189,5.519,64.573,50.203
1qd1.b,deposited,1,190,190,7.663,67.605,49.457
1qd1.b,deposited,1,191,191,11.243,67.772,50.702
1qd1.b,deposited,1,192,192,10.095,70.591,52.987
1qd1.b,deposited,1,193,193,7.512,68.363,54.678
1qd1.b,deposited,1,194,194,10.005,65.512,55.061
1qd1.b,deposited,1,195,195,12.54,67.876,56.602
1qd1.b,deposited,1,196,196,9.925,69.237,59.022
1qd1.b,deposited,1,197,197,9.359,65.703,60.286
1qd1.b,deposited,1,198,198,13.118,65.109,60.475
1qd1.b,deposited,1,199,199,13.594,68.187,62.648
1qd1.b,deposited,1,200,200,10.73,67.212,64.958
1qd1.b,deposited,1,201,201,12.138,63.722,65.526
1qd1.b,deposited,1,202,202,15.929,64.08,65.622
1qd1.b,deposited,1,203,203,17.425,64.51,69.098
1qd1.b,deposited,1,204,204,19.101,67.842,68.287
1qd1.b,deposited,1,205,205,15.802,69.131,66.925
1qd1.b,deposited,1,206,206,16.042,72.719,65.716
1qd1.b,deposited,1,207,207,18.56,73.8,68.335
1qd1.b,deposited,1,208,208,19.552,73.589,71.996
1qd1.b,deposited,1,209,209,16.333,75.372,72.971
1qd1.b,deposited,1,210,210,14.281,73.125,70.68
1qd1.b,deposited,1,211,211,15.215,69.444,71.273
1qd1.b,deposited,1,212,212,13.657,66.689,69.174
1qd1.b,deposited,1,213,213,11.556,63.685,70.191
1qd1.b,deposited,1,214,214,13.961,60.768,69.696
1qd1.b,deposited,1,215,215,17.218,60.252,71.572
1qd1.b,deposited,1,216,216,20.209,58.99,69.595
1qd1.b,deposited,1,217,217,18.606,59.823,66.259
1qd1.b,deposited,1,218,218,19.94,62.149,63.547
1qd1.b,deposited,1,219,219,17.77,63.075,60.56
1qd1.b,deposited,1,220,220,17.184,65.343,57.574
1qd1.b,deposited,1,221,221,14.609,65.423,54.807
1qd1.b,deposited,1,222,222,15.195,65.33,51.063
1qd1.b,deposited,1,223,223,13.74,64.385,47.677
1qd1.b,deposited,1,224,224,15.424,61.971,45.248
1qd1.b,deposited,1,225,225,15.129,62.626,41.507
1qd1.b,deposited,1,226,226,16.17,59.003,41.005
1qd1.b,deposited,1,227,227,13.136,57.544,42.793
1qd1.b,deposited,1,228,228,10.712,60.455,42.533
1qd1.b,deposited,1,229,229,9.848,60.507,46.224
1qd1.b,deposited,1,230,230,10.852,62.185,49.457
1qd1.b,deposited,1,231,231,12.543,60.542,52.413
1qd1.b,deposited,1,232,232,13.092,61.263,56.064
1qd1.b,deposited,1,233,233,16.737,60.172,56.171
1qd1.b,deposited,1,234,234,17.873,59.024,59.611
1qd1.b,deposited,1,235,235,20.873,57.689,61.487
1qd1.b,deposited,1,236,236,20.174,55.499,64.514
1qd1.b,deposited,1,237,237,23.25,56.059,66.677
1qd1.b,deposited,1,238,238,22.293,53.43,69.262
1qd1.b,deposited,1,239,239,19.481,51.11,68.195
1qd1.b,deposited,1,240,240,19.415,49.647,71.711
1qd1.b,deposited,1,241,241,18.21,53.058,72.913
1qd1.b,deposited,1,242,242,15.993,53.959,69.945
1qd1.b,deposited,1,243,243,15.308,51.215,67.408
1qd1.b,deposited,1,244,244,14.074,50.877,63.83
1qd1.b,deposited,1,245,245,10.478,50.246,64.848
1qd1.b,deposited,1,246,246,10.407,53.396,66.976
1qd1.b,deposited,1,247,247,11.857,55.653,64.284
1qd1.b,deposited,1,248,248,9.562,54.163,61.646
1qd1.b,deposited,1,249,249,6.394,54.322,63.746
1qd1.b,deposited,1,250,250,7.066,57.883,64.899
1qd1.b,deposited,1,251,251,7.764,59.041,61.349
1qd1.b,deposited,1,252,252,4.535,57.374,60.255
1qd1.b,deposited,1,253,253,2.597,59.158,63.011
1qd1.b,deposited,1,254,254,3.975,62.577,62.102
1qd1.b,deposited,1,255,255,3.315,61.954,58.419
1qd1.b,deposited,1,256,256,-0.244,60.843,59.206
1qd1.b,deposited,1,257,257,-0.935,64.065,61.109
1qd1.b,deposited,1,258,258,-0.159,65.906,57.863
1qd1.b,deposited,1,259,259,-2.084,63.461,55.656
1qd1.b,deposited,1,260,260,1.156,62.318,54.03
1qd1.b,deposited,1,261,261,1.625,58.618,53.292
1qd1.b,deposited,1,262,262,4.705,56.655,54.281
1qd1.b,deposited,1,263,263,5.536,54.043,51.661
1qd1.b,deposited,1,264,264,8.158,51.745,53.12
1qd1.b,deposited,1,265,265,11.789,52.313,53.956
1qd1.b,deposited,1,266,266,15.361,51.723,52.917
1qd1.b,deposited,1,267,267,18.324,50.425,54.883
1qd1.b,deposited,1,268,268,21.637,51.877,53.721
1qd1.b,deposited,1,269,269,24.474,49.409,54.048
1qd1.b,deposited,1,270,270,24.354,46.621,56.639
1qd1.b,deposited,1,271,271,22.416,45.989,59.854
1qd1.b,deposited,1,272,272,23.09,43.903,63.005
1qd1.b,deposited,1,273,273,20.672,40.99,63.421
1qd1.b,deposited,1,274,274,19.561,42.239,66.83
1qd1.b,deposited,1,275,275,18.261,45.506,65.36
1qd1.b,deposited,1,276,276,15.798,43.542,63.236
1qd1.b,deposited,1,277,277,14.869,41.129,66.019
1qd1.b,deposited,1,278,278,14.225,44.053,68.379
1qd1.b,deposited,1,279,279,11.798,45.443,65.817
1qd1.b,deposited,1,280,280,10.165,42.035,65.369
1qd1.b,deposited,1,281,281,9.593,41.827,69.125
1qd1.b,deposited,1,282,282,7.856,45.21,68.983
1qd1.b,deposited,1,283,283,5.409,44.208,66.259
1qd1.b,deposited,1,284,284,4.768,40.809,67.825
1qd1.b,deposited,1,285,285,3.801,42.514,71.084
1qd1.b,deposited,1,286,286,1.697,45.163,69.356
1qd1.b,deposited,1,287,287,-0.087,42.515,67.28
1qd1.b,deposited,1,288,288,-0.099,39.724,69.893
1qd1.b,deposited,1,289,289,1.878,37.406,67.614
1qd1.b,deposited,1,290,290,3.799,34.238,68.438
1qd1.b,deposited,1,291,291,6.849,33.437,66.3
1qd1.b,deposited,1,292,292,9.832,31.218,67.127
1qd1.b,deposited,1,293,293,11.769,31.256,63.848
1qd1.b,deposited,1,294,294,14.186,34.108,63.144
1qd1.b,deposited,1,295,295,13.415,33.848,59.435
1qd1.b,deposited,1,296,296,9.78,34.603,60.244
1qd1.b,deposited,1,297,297,10.735,37.418,62.608
1qd1.b,deposited,1,298,298,12.799,38.945,59.808
1qd1.b,deposited,1,299,299,10.072,38.419,57.192
1qd1.b,deposited,1,300,300,7.634,40.197,59.534
1qd1.b,deposited,1,301,301,9.904,43.206,60.092
1qd1.b,deposited,1,302,302,10.775,43.476,56.409
1qd1.b,deposited,1,303,303,7.076,43.732,55.62
1qd1.b,deposited,1,304,304,6.122,46.079,58.454
1qd1.b,deposited,1,305,305,8.971,48.527,57.738
1qd1.b,deposited,1,306,306,8.637,47.949,54.002
1qd1.b,deposited,1,307,307,12.365,47.305,53.579
1qd1.b,deposited,1,308,308,11.742,45.846,50.097
1qd1.b,deposited,1,309,309,10.192,49.098,48.853
1qd1.b,deposited,1,310,310,13.049,50.33,46.652
1qd1.b,deposited,1,311,311,14.849,47.02,46.111
1qd1.b,deposited,1,312,312,14.721,43.43,47.401
1qd1.b,deposited,1,313,313,15.953,43.071,50.97
1qd1.b,deposited,1,314,314,18.071,39.917,51.122
1qd1.b,deposited,1,315,315,18.813,38.968,54.775
1qd1.b,deposited,1,316,316,21.868,36.901,53.857
1qd1.b,deposited,1,317,317,23.425,39.908,52.113
1qd1.b,deposited,1,318,318,22.343,42.663,54.516
1qd1.b,deposited,1,319,319,22.653,41.234,58.023
1qd1.b,deposited,1,320,320,26.255,41.378,59.202
1qd1.b,deposited,1,321,321,26.068,38.198,61.293
1qd1.b,deposited,1,322,322,24.835,36.335,58.212
1qd1.b,deposited,1,323,323,27.74,37.708,56.157
1qd1.b,deposited,1,324,324,30.348,37.016,58.833
1toh.a,deposited,1,0,0,62.727,49.237,15.756
1toh.a,deposited,1,1,1,63.004,48.359,19.421
1toh.a,deposited,1,2,2,66.51,49.249,20.483
1toh.a,deposited,1,3,3,68.653,46.535,21.986
1toh.a,deposited,1,4,4,68.605,46.154,25.766
1toh.a,deposited,1,5,5,70.412,43.732,28.097
1toh.a,deposited,1,6,6,68.355,40.696,29.277
1toh.a,deposited,1,7,7,71.007,39.18,31.575
1toh.a,deposited,1,8,8,73.055,41.148,34.182
1toh.a,deposited,1,9,9,76.208,39.786,32.408
1toh.a,deposited,1,10,10,75.383,41.915,29.415
1toh.a,deposited,1,11,11,75.91,45.124,31.252
1toh.a,deposited,1,12,12,79.603,44.515,30.329
1toh.a,deposited,1,13,13,78.53,45.631,26.834
1toh.a,deposited,1,14,14,76.9,48.734,28.283
1toh.a,deposited,1,15,15,87.017,71.053,31.857
1toh.a,deposited,1,16,16,88.83,74.421,32.049
1toh.a,deposited,1,17,17,86.711,75.249,35.078
1toh.a,deposited,1,18,18,87.317,71.912,36.867
1toh.a,deposited,1,19,19,89.258,72.326,40.177
1toh.a,deposited,1,20,20,91.939,69.832,39.167
1toh.a,deposited,1,21,21,92.272,70.445,35.497
1toh.a,deposited,1,22,22,95.686,71.916,36.125
1toh.a,deposited,1,23,23,96.996,69.293,38.556
1toh.a,deposited,1,24,24,98.87,66.503,36.792
1toh.a,deposited,1,25,25,99.206,64.277,39.856
1toh.a,deposited,1,26,26,95.439,64.313,40.141
1toh.a,deposited,1,27,27,94.827,63.719,36.44
1toh.a,deposited,1,28,28,96.961,60.579,36.854
1toh.a,deposited,1,29,29,95.131,59.427,39.964
1toh.a,deposited,1,30,30,92.033,59.59,37.867
1toh.a,deposited,1,31,31,93.344,57.569,34.926
1toh.a,deposited,1,32,32,94.483,54.969,37.44
1toh.a,deposited,1,33,33,90.98,54.916,39.012
1toh.a,deposited,1,34,34,89.049,54.996,35.696
1toh.a,deposited,1,35,35,91.286,52.031,34.867
1toh.a,deposited,1,36,36,89.39,49.836,37.356
1toh.a,deposited,1,37,37,86.064,50.668,35.738
1toh.a,deposited,1,38,38,87.339,49.9,32.244
1toh.a,deposited,1,39,39,88.817,46.471,33.233
1toh.a,deposited,1,40,40,85.867,45.435,35.397
1toh.a,deposited,1,41,41,83.608,42.449,34.463
1toh.a,deposited,1,42,42,80.271,41.416,36.103
1toh.a,deposited,1,43,43,80.764,39.143,39.095
1toh.a,deposited,1,44,44,84.289,40.121,40.151
1toh.a,deposited,1,45,45,84.978,41.615,43.611
1toh.a,deposited,1,46,46,85.382,45.386,43.023
1toh.a,deposited,1,47,47,89.076,46.268,43.375
1toh.a,deposited,1,48,48,90.034,48.278,46.439
1toh.a,deposited,1,49,49,91.512,51.708,46.025
1toh.a,deposited,1,50,50,94.167,52.877,48.539
1toh.a,deposited,1,51,51,93.139,56.472,49.138
1toh.a,deposited,1,52,52,95.94,59.001,49.882
1toh.a,deposited,1,53,53,95.688,61.022,53.088
1toh.a,deposited,1,54,54,94.664,64.15,51.278
1toh.a,deposited,1,55,55,91.888,62.265,49.401
1toh.a,deposited,1,56,56,90.787,60.987,52.793
1toh.a,deposited,1,57,57,90.887,64.623,53.93
1toh.a,deposited,1,58,58,88.557,65.89,51.206
1toh.a,deposited,1,59,59,86.146,63.046,52.169
1toh.a,deposited,1,60,60,86.321,64.014,55.871
1toh.a,deposited,1,61,61,85.257,67.633,55.077
1toh.a,deposited,1,62,62,82.318,66.759,52.822
1toh.a,deposited,1,63,63,81.306,64.12,55.33
1toh.a,deposited,1,64,64,81.343,66.191,58.517
1toh.a,deposited,1,65,65,79.679,69.189,56.848
1toh.a,deposited,1,66,66,76.712,67.3,55.271
1toh.a,deposited,1,67,67,76.535,64.992,58.321
1toh.a,deposited,1,68,68,75.639,68.183,60.248
1toh.a,deposited,1,69,69,72.469,68.805,58.073
1toh.a,deposited,1,70,70,71.031,65.265,57.841
1toh.a,deposited,1,71,71,69.048,65.27,61.138
1toh.a,deposited,1,72,72,67.075,68.318,60.036
1toh.a,deposited,1,73,73,67.075,68.174,56.276
1toh.a,deposited,1,74,74,67.044,64.502,55.237
1toh.a,deposited,1,75,75,64.183,62.083,54.838
1toh.a,deposited,1,76,76,64.015,59.348,57.409
1toh.a,deposited,1,77,77,65.059,56.6,54.866
1toh.a,deposited,1,78,78,68.353,58.409,54.443
1toh.a,deposited,1,79,79,68.936,58.739,58.207
1toh.a,deposited,1,80,80,68.204,55.013,58.811
1toh.a,deposited,1,81,81,70.326,53.877,55.884
1toh.a,deposited,1,82,82,73.178,56.237,56.856
1toh.a,deposited,1,83,83,72.99,54.8,60.391
1toh.a,deposited,1,84,84,73.092,51.183,58.959
1toh.a,deposited,1,85,85,76.112,52.11,56.829
1toh.a,deposited,1,86,86,77.891,53.403,59.923
1toh.a,deposited,1,87,87,77.046,50.316,61.935
1toh.a,deposited,1,88,88,77.953,47.751,59.295
1toh.a,deposited,1,89,89,79.87,49.291,56.506
1toh.a,deposited,1,90,90,82.406,51.329,58.403
1toh.a,deposited,1,91,91,81.174,54.764,57.344
1toh.a,deposited,1,92,92,83.228,57.435,59.195
1toh.a,deposited,1,93,93,84.968,60.751,58.603
1toh.a,deposited,1,94,94,88.508,59.387,58.659
1toh.a,deposited,1,95,95,88.398,56.826,55.835
1toh.a,deposited,1,96,96,86.752,56.527,52.414
1toh.a,deposited,1,97,97,84.62,53.278,52.218
1toh.a,deposited,1,98,98,85.552,50.626,49.612
1toh.a,deposited,1,99,99,82.926,49.96,46.873
1toh.a,deposited,1,100,100,83.137,46.242,47.382
1toh.a,deposited,1,101,101,82.156,46.494,51.043
1toh.a,deposited,1,102,102,79.23,48.892,50.223
1toh.a,deposited,1,103,103,77.986,46.565,47.405
1toh.a,deposited,1,104,104,77.928,43.552,49.755
1toh.a,deposited,1,105,105,76.004,45.691,52.169
1toh.a,deposited,1,106,106,73.462,46.739,49.502
1toh.a,deposited,1,107,107,73.115,43.115,48.124
1toh.a,deposited,1,108,108,72.066,41.89,51.534
1toh.a,deposited,1,109,109,69.729,44.703,52.292
1toh.a,deposited,1,110,110,67.875,45.417,49.098
1toh.a,deposited,1,111,111,69.568,43.301,46.428
1toh.a,deposited,1,112,112,71.276,46.272,44.848
1toh.a,deposited,1,113,113,74.955,46.066,43.922
1toh.a,deposited,1,114,114,77.575,48.48,42.679
1toh.a,deposited,1,115,115,79.654,48.533,39.563
1toh.a,deposited,1,116,116,82.657,50.847,39.194
1toh.a,deposited,1,117,117,82.083,53.305,36.328
1toh.a,deposited,1,118,118,84.505,55.706,34.683
1toh.a,deposited,1,119,119,82.26,58.797,34.745
1toh.a,deposited,1,120,120,78.785,59.749,33.53
1toh.a,deposited,1,121,121,77.301,56.935,31.404
1toh.a,deposited,1,122,122,74.834,57.262,28.459
1toh.a,deposited,1,123,123,71.27,57.756,29.735
1toh.a,deposited,1,124,124,69.979,54.431,28.25
1toh.a,deposited,1,125,125,72.916,52.389,29.656
1toh.a,deposited,1,126,126,72.509,54.016,33.04
1toh.a,deposited,1,127,127,68.792,53.293,33.309
1toh.a,deposited,1,128,128,69.377,49.776,31.765
1toh.a,deposited,1,129,129,71.766,49.048,34.695
1toh.a,deposited,1,130,130,69.221,50.333,37.24
1toh.a,deposited,1,131,131,66.896,47.612,35.763
1toh.a,deposited,1,132,132,69.076,44.865,37.271
1toh.a,deposited,1,133,133,69.482,46.693,40.601
1toh.a,deposited,1,134,134,73.017,47.625,39.592
1toh.a,deposited,1,135,135,74.177,51.169,40.464
1toh.a,deposited,1,136,136,76.968,52.371,38.135
1toh.a,deposited,1,137,137,79.222,54.016,40.764
1toh.a,deposited,1,138,138,82.326,56.347,40.558
1toh.a,deposited,1,139,139,85.341,55.461,42.64
1toh.a,deposited,1,140,140,87.534,58.654,42.417
1toh.a,deposited,1,141,141,87.371,61.678,44.725
1toh.a,deposited,1,142,142,86.837,65.374,43.91
1toh.a,deposited,1,143,143,89.918,67.64,43.761
1toh.a,deposited,1,144,144,91.022,68.63,47.247
1toh.a,deposited,1,145,145,90.958,72.366,46.342
1toh.a,deposited,1,146,146,87.143,72.684,46.321
1toh.a,deposited,1,147,147,85.807,70.06,48.776
1toh.a,deposited,1,148,148,82.418,71.727,49.093
1toh.a,deposited,1,149,149,81.783,71.719,45.366
1toh.a,deposited,1,150,150,82.098,69.105,42.562
1toh.a,deposited,1,151,151,80.906,69.451,38.913
1toh.a,deposited,1,152,152,80.71,65.702,38.315
1toh.a,deposited,1,153,153,79.536,62.833,40.542
1toh.a,deposited,1,154,154,82.485,61.646,42.663
1toh.a,deposited,1,155,155,82.564,58.931,45.263
1toh.a,deposited,1,156,156,81.421,61.389,47.883
1toh.a,deposited,1,157,157,78.235,62.146,45.908
1toh.a,deposited,1,158,158,77.693,58.39,45.285
1toh.a,deposited,1,159,159,78.364,57.105,48.769
1toh.a,deposited,1,160,160,76.708,59.861,50.782
1toh.a,deposited,1,161,161,74.114,60.932,48.227
1toh.a,deposited,1,162,162,72.815,57.709,46.631
1toh.a,deposited,1,163,163,73.76,54.661,48.605
1toh.a,deposited,1,164,164,71.88,55.326,51.806
1toh.a,deposited,1,165,165,68.417,55.686,50.026
1toh.a,deposited,1,166,166,69.206,52.416,48.09
1toh.a,deposited,1,167,167,69.216,50.671,51.449
1toh.a,deposited,1,168,168,65.461,51.348,51.723
1toh.a,deposited,1,169,169,63.179,48.538,50.255
1toh.a,deposited,1,170,170,60.609,50.916,48.673
1toh.a,deposited,1,171,171,63.092,53.397,47.149
1toh.a,deposited,1,172,172,65.305,50.63,45.785
1toh.a,deposited,1,173,173,62.153,49.242,43.947
1toh.a,deposited,1,174,174,61.297,52.808,42.698
1toh.a,deposited,1,175,175,64.8,53.184,41.206
1toh.a,deposited,1,176,176,64.738,49.721,39.533
1toh.a,deposited,1,177,177,61.262,50.514,38.224
1toh.a,deposited,1,178,178,62.606,53.535,36.326
1toh.a,deposited,1,179,179,65.235,51.309,34.825
1toh.a,deposited,1,180,180,62.71,48.536,34.005
1toh.a,deposited,1,181,181,60.497,51.099,32.244
1toh.a,deposited,1,182,182,63.385,52.317,30.125
1toh.a,deposited,1,183,183,64.327,48.949,28.561
1toh.a,deposited,1,184,184,63.998,49.147,24.784
1toh.a,deposited,1,185,185,62.154,52.464,25.036
1toh.a,deposited,1,186,186,62.691,55.151,22.35
1toh.a,deposited,1,187,187,65.306,57.893,22.736
1toh.a,deposited,1,188,188,62.53,60.356,23.444
1toh.a,deposited,1,189,189,61.238,58.089,26.135
1toh.a,deposited,1,190,190,64.755,57.699,27.528
1toh.a,deposited,1,191,191,65.114,61.555,27.878
1toh.a,deposited,1,192,192,61.767,61.779,29.64
1toh.a,deposited,1,193,193,62.687,58.989,32.062
1toh.a,deposited,1,194,194,66.098,60.635,32.648
1toh.a,deposited,1,195,195,64.135,63.776,33.584
1toh.a,deposited,1,196,196,61.837,61.958,35.976
1toh.a,deposited,1,197,197,65.036,60.413,37.424
1toh.a,deposited,1,198,198,66.562,63.898,37.726
1toh.a,deposited,1,199,199,63.587,65.188,39.754
1toh.a,deposited,1,200,200,63.347,62.247,42.021
1toh.a,deposited,1,201,201,66.476,60.107,42.574
1toh.a,deposited,1,202,202,68.773,63.135,42.079
1toh.a,deposited,1,203,203,66.763,66.142,43.367
1toh.a,deposited,1,204,204,63.479,64.857,44.795
1toh.a,deposited,1,205,205,61.789,66.159,47.958
1toh.a,deposited,1,206,206,59.252,64.268,49.998
1toh.a,deposited,1,207,207,56.837,65.127,52.734
1toh.a,deposited,1,208,208,56.999,63.29,56.072
1toh.a,deposited,1,209,209,54.707,64.145,59.043
1toh.a,deposited,1,210,210,53.788,67.461,57.499
1toh.a,deposited,1,211,211,57.451,68.426,57.006
1toh.a,deposited,1,212,212,59.353,68.784,53.778
1toh.a,deposited,1,213,213,62.586,66.684,53.424
1toh.a,deposited,1,214,214,65.189,65.812,50.843
1toh.a,deposited,1,215,215,65.938,62.369,49.323
1toh.a,deposited,1,216,216,67.578,63.351,46.087
1toh.a,deposited,1,217,217,71.236,62.363,46.024
1toh.a,deposited,1,218,218,72.206,65.64,44.465
1toh.a,deposited,1,219,219,70.698,67.345,47.506
1toh.a,deposited,1,220,220,72.069,64.967,50.071
1toh.a,deposited,1,221,221,75.684,65.376,48.867
1toh.a,deposited,1,222,222,75.381,69.142,48.477
1toh.a,deposited,1,223,223,75.731,71.42,51.506
1toh.a,deposited,1,224,224,74.338,74.554,49.873
1toh.a,deposited,1,225,225,71.675,72.976,47.701
1toh.a,deposited,1,226,226,70.501,70.978,50.614
1toh.a,deposited,1,227,227,69.75,74.222,52.593
1toh.a,deposited,1,228,228,68.235,75.971,49.591
1toh.a,deposited,1,229,229,65.886,73.044,48.617
1toh.a,deposited,1,230,230,64.075,73.335,51.905
1toh.a,deposited,1,231,231,64.003,77.164,51.891
1toh.a,deposited,1,232,232,61.421,79.66,50.75
1toh.a,deposited,1,233,233,63.327,80.359,47.521
1toh.a,deposited,1,234,234,62.636,77.563,44.892
1toh.a,deposited,1,235,235,59.14,76.575,43.78
1toh.a,deposited,1,236,236,58.035,73.085,45.008
1toh.a,deposited,1,237,237,55.421,71.213,42.913
1toh.a,deposited,1,238,238,53.395,68.058,43.672
1toh.a,deposited,1,239,239,55.245,65.126,42.048
1toh.a,deposited,1,240,240,53.696,63.941,38.853
1toh.a,deposited,1,241,241,55.746,61.788,36.426
1toh.a,deposited,1,242,242,54.101,63.472,33.437
1toh.a,deposited,1,243,243,54.817,67.006,34.636
1toh.a,deposited,1,244,244,58.396,66.192,35.735
1toh.a,deposited,1,245,245,59.306,64.397,32.518
1toh.a,deposited,1,246,246,59.049,67.64,30.548
1toh.a,deposited,1,247,247,60.418,70.116,33.08
1toh.a,deposited,1,248,248,63.589,71.647,31.653
1toh.a,deposited,1,249,249,66.501,71.819,34.095
1toh.a,deposited,1,250,250,70.178,72.719,34.121
1toh.a,deposited,1,251,251,73.409,71.568,35.63
1toh.a,deposited,1,252,252,75.388,74.514,37.109
1toh.a,deposited,1,253,253,73.251,76.456,39.581
1toh.a,deposited,1,254,254,70.808,75.222,42.195
1toh.a,deposited,1,255,255,67.381,74.026,40.964
1toh.a,deposited,1,256,256,64.62,76.742,40.982
1toh.a,deposited,1,257,257,61.874,74.03,40.928
1toh.a,deposited,1,258,258,61.575,70.67,42.796
1toh.a,deposited,1,259,259,58.828,67.988,43.058
1toh.a,deposited,1,260,260,57.566,66.62,46.377
1toh.a,deposited,1,261,261,56.244,63.117,46.647
1toh.a,deposited,1,262,262,53.77,62.207,49.452
1toh.a,deposited,1,263,263,55.352,58.856,50.136
1toh.a,deposited,1,264,264,57.662,56.542,48.266
1toh.a,deposited,1,265,265,54.834,54.077,47.737
1toh.a,deposited,1,266,266,52.731,56.907,46.246
1toh.a,deposited,1,267,267,55.509,57.998,43.941
1toh.a,deposited,1,268,268,56.12,54.398,42.954
1toh.a,deposited,1,269,269,52.461,53.929,42.12
1toh.a,deposited,1,270,270,52.471,57.211,40.109
1toh.a,deposited,1,271,271,55.633,56.121,38.261
1toh.a,deposited,1,272,272,54.103,52.815,37.228
1toh.a,deposited,1,273,273,50.824,54.24,35.982
1toh.a,deposited,1,274,274,53.223,56.517,33.946
1toh.a,deposited,1,275,275,55.092,53.481,32.69
1toh.a,deposited,1,276,276,51.743,51.934,31.574
1toh.a,deposited,1,277,277,51.217,54.776,29.055
1toh.a,deposited,1,278,278,54.643,54.207,27.441
1toh.a,deposited,1,279,279,54.08,53.002,23.804
1toh.a,deposited,1,280,280,55.193,49.331,23.791
1toh.a,deposited,1,281,281,54.326,45.882,22.432
1toh.a,deposited,1,282,282,55.683,44.148,25.622
1toh.a,deposited,1,283,283,56.483,44.487,29.306
1toh.a,deposited,1,284,284,59.435,43.269,31.245
1toh.a,deposited,1,285,285,59.579,41.654,34.654
1toh.a,deposited,1,286,286,62.752,41.161,36.606
1toh.a,deposited,1,287,287,63.691,37.606,37.519
1toh.a,deposited,1,288,288,65.634,38.066,40.856
1toh.a,deposited,1,289,289,66.795,34.431,40.97
1toh.a,deposited,1,290,290,68.9,34.781,37.831
1toh.a,deposited,1,291,291,69.289,38.6,37.534
1toh.a,deposited,1,292,292,67.606,38.416,34.168
1toh.a,deposited,1,293,293,64.918,40.408,32.418
1toh.a,deposited,1,294,294,61.931,38.287,31.193
1toh.a,deposited,1,295,295,60.178,39.772,28.221
1toh.a,deposited,1,296,296,56.433,39.377,28.486
1toh.a,deposited,1,297,297,55.174,39.439,24.945
1toh.a,deposited,1,298,298,52.653,36.57,24.724
1toh.a,deposited,1,299,299,49.976,34.807,26.785
1toh.a,deposited,1,300,300,52.501,32.044,27.51
1toh.a,deposited,1,301,301,55.324,34.184,28.918
1toh.a,deposited,1,302,302,52.734,35.987,31.069
1toh.a,deposited,1,303,303,51.375,32.632,32.221
1toh.a,deposited,1,304,304,54.883,31.521,33.162
1toh.a,deposited,1,305,305,55.429,34.459,35.546
1toh.a,deposited,1,306,306,51.899,34.052,36.927
1toh.a,deposited,1,307,307,52.925,30.577,38.096
1toh.a,deposited,1,308,308,55.753,32.066,40.179
1toh.a,deposited,1,309,309,53.168,34.392,41.725
1toh.a,deposited,1,310,310,50.715,31.58,42.433
1toh.a,deposited,1,311,311,53.521,29.62,44.233
1toh.a,deposited,1,312,312,54.114,32.646,46.369
1toh.a,deposited,1,313,313,50.459,33.043,47.258
1toh.a,deposited,1,314,314,50.555,29.365,48.292
1toh.a,deposited,1,315,315,53.348,30.196,50.715
1toh.a,deposited,1,316,316,51.305,33.061,52.277
1toh.a,deposited,1,317,317,48.278,30.789,52.663
1toh.a,deposited,1,318,318,50.45,28.347,54.566
1toh.a,deposited,1,319,319,51.895,31.092,56.734
1toh.a,deposited,1,320,320,48.34,32.065,57.636
1toh.a,deposited,1,321,321,47.384,28.622,59.028
1toh.a,deposited,1,322,322,50.767,28.338,60.83
1toh.a,deposited,1,323,323,50.048,31.518,62.842
1toh.a,deposited,1,324,324,46.418,30.225,63.184
1d9q.d,deposited,1,0,0,-13.499,-20.165,18.17
1d9q.d,deposited,1,1,1,-11.416,-17.42,16.482
1d9q.d,deposited,1,2,2,-10.947,-18.107,12.719
1d9q.d,deposited,1,3,3,-8.503,-15.973,10.725
1d9q.d,deposited,1,4,4,-8.466,-15.677,6.923
1d9q.d,deposited,1,5,5,-5.262,-17.737,6.838
1d9q.d,deposited,1,6,6,-6.767,-20.594,8.866
1d9q.d,deposited,1,7,7,-9.989,-20.465,6.848
1d9q.d,deposited,1,8,8,-8.113,-20.615,3.515
1d9q.d,deposited,1,9,9,-6.013,-23.542,4.745
1d9q.d,deposited,1,10,10,-9.166,-25.433,5.759
1d9q.d,deposited,1,11,11,-10.712,-24.963,2.294
1d9q.d,deposited,1,12,12,-7.431,-26.228,0.845
1d9q.d,deposited,1,13,13,-7.576,-29.31,3.081
1d9q.d,deposited,1,14,14,-11.165,-29.773,1.871
1d9q.d,deposited,1,15,15,-9.811,-29.734,-1.662
1d9q.d,deposited,1,16,16,-12.026,-26.763,-2.525
1d9q.d,deposited,1,17,17,-9.056,-24.616,-3.671
1d9q.d,deposited,1,18,18,-5.42,-25.471,-4.437
1d9q.d,deposited,1,19,19,-2.344,-24.128,-2.627
1d9q.d,deposited,1,20,20,-1.563,-21.827,-5.507
1d9q.d,deposited,1,21,21,-4.938,-20.11,-5.2
1d9q.d,deposited,1,22,22,-4.543,-20.064,-1.406
1d9q.d,deposited,1,23,23,-1.395,-17.973,-1.894
1d9q.d,deposited,1,24,24,-3.081,-15.635,-4.403
1d9q.d,deposited,1,25,25,-6.002,-14.958,-2.064
1d9q.d,deposited,1,26,26,-3.711,-14.6,0.935
1d9q.d,deposited,1,27,27,-1.534,-12.174,-1.03
1d9q.d,deposited,1,28,28,-4.557,-10.12,-2.138
1d9q.d,deposited,1,29,29,-5.722,-9.671,1.467
1d9q.d,deposited,1,30,30,-2.21,-8.508,2.293
1d9q.d,deposited,1,31,31,-2.407,-5.834,-0.375
1d9q.d,deposited,1,32,32,-5.737,-4.723,1.128
1d9q.d,deposited,1,33,33,-4.277,-4.272,4.62
1d9q.d,deposited,1,34,34,-1.695,-1.909,3.139
1d9q.d,deposited,1,35,35,-4.174,0.023,0.977
1d9q.d,deposited,1,36,36,-6.394,0.461,4.049
1d9q.d,deposited,1,37,37,-3.484,2.178,5.817
1d9q.d,deposited,1,38,38,-2.872,4.462,2.829
1d9q.d,deposited,1,39,39,-6.528,5.502,2.898
1d9q.d,deposited,1,40,40,-6.474,6.195,6.662
1d9q.d,deposited,1,41,41,-3.387,8.441,6.438
1d9q.d,deposited,1,42,42,-4.158,10.147,3.117
1d9q.d,deposited,1,43,43,-4.605,13.609,4.706
1d9q.d,deposited,1,44,44,-1.262,13.303,6.523
1d9q.d,deposited,1,45,45,0.704,11.866,3.592
1d9q.d,deposited,1,46,46,-0.588,14.772,1.474
1d9q.d,deposited,1,47,47,0.893,17.331,3.888
1d9q.d,deposited,1,48,48,4.295,16.101,2.725
1d9q.d,deposited,1,49,49,-7.41,15.031,-6.85
1d9q.d,deposited,1,50,50,-6.117,12.888,-3.961
1d9q.d,deposited,1,51,51,-8.085,9.765,-4.923
1d9q.d,deposited,1,52,52,-6.496,9.357,-8.385
1d9q.d,deposited,1,53,53,-2.889,9.385,-7.101
1d9q.d,deposited,1,54,54,-4.014,6.876,-4.485
1d9q.d,deposited,1,55,55,-5.256,4.635,-7.353
1d9q.d,deposited,1,56,56,-1.688,4.343,-8.757
1d9q.d,deposited,1,57,57,0.072,3.655,-5.435
1d9q.d,deposited,1,58,58,-2.521,1.005,-4.606
1d9q.d,deposited,1,59,59,-1.853,-0.796,-7.889
1d9q.d,deposited,1,60,60,1.868,-0.809,-7.033
1d9q.d,deposited,1,61,61,1.141,-2.336,-3.619
1d9q.d,deposited,1,62,62,-0.941,-5.02,-5.352
1d9q.d,deposited,1,63,63,1.864,-5.799,-7.823
1d9q.d,deposited,1,64,64,4.437,-6.187,-5.033
1d9q.d,deposited,1,65,65,2.234,-8.45,-2.935
1d9q.d,deposited,1,66,66,1.48,-10.72,-5.908
1d9q.d,deposited,1,67,67,4.993,-10.928,-7.362
1d9q.d,deposited,1,68,68,5.415,-14.522,-6.114
1d9q.d,deposited,1,69,69,2.34,-15.725,-8.007
1d9q.d,deposited,1,70,70,2.701,-13.912,-11.317
1d9q.d,deposited,1,71,71,3.318,-10.761,-13.329
1d9q.d,deposited,1,72,72,0.964,-7.781,-13.349
1d9q.d,deposited,1,73,73,0.03,-5.256,-16.035
1d9q.d,deposited,1,74,74,-2.082,-2.1,-15.872
1d9q.d,deposited,1,75,75,-5.095,-1.256,-18.026
1d9q.d,deposited,1,76,76,-4.863,2.557,-18.2
1d9q.d,deposited,1,77,77,-7.873,4.812,-17.489
1d9q.d,deposited,1,78,78,-9.829,5.664,-20.636
1d9q.d,deposited,1,79,79,-11.556,8.709,-19.137
1d9q.d,deposited,1,80,80,-12.242,9.626,-15.49
1d9q.d,deposited,1,81,81,-11.892,5.968,-14.502
1d9q.d,deposited,1,82,82,-9.679,4.029,-12.16
1d9q.d,deposited,1,83,83,-6.705,2.173,-13.704
1d9q.d,deposited,1,84,84,-7.108,-1.591,-13.359
1d9q.d,deposited,1,85,85,-4.343,-3.983,-12.345
1d9q.d,deposited,1,86,86,-4.297,-7.334,-14.106
1d9q.d,deposited,1,87,87,-2.082,-10.081,-12.691
1d9q.d,deposited,1,88,88,-1.293,-13.248,-14.637
1d9q.d,deposited,1,89,89,0.21,-16.215,-12.778
1d9q.d,deposited,1,90,90,3.551,-17.602,-13.971
1d9q.d,deposited,1,91,91,1.916,-21.043,-14.178
1d9q.d,deposited,1,92,92,-0.84,-19.744,-16.47
1d9q.d,deposited,1,93,93,-3.521,-21.112,-14.15
1d9q.d,deposited,1,94,94,-4.957,-17.845,-12.833
1d9q.d,deposited,1,95,95,-5.602,-14.246,-13.783
1d9q.d,deposited,1,96,96,-6.565,-11.653,-11.176
1d9q.d,deposited,1,97,97,-8.373,-8.488,-12.308
1d9q.d,deposited,1,98,98,-7.904,-5.925,-9.534
1d9q.d,deposited,1,99,99,-9.727,-2.606,-9.225
1d9q.d,deposited,1,100,100,-7.619,-0.8,-6.521
1d9q.d,deposited,1,101,101,-10.227,1.794,-5.474
1d9q.d,deposited,1,102,102,-13.921,2.147,-6.368
1d9q.d,deposited,1,103,103,-13.608,5.664,-7.756
1d9q.d,deposited,1,104,104,-11.456,8.661,-8.631
1d9q.d,deposited,1,105,105,-13.593,11.315,-6.878
1d9q.d,deposited,1,106,106,-12.732,12.864,-3.49
1d9q.d,deposited,1,107,107,-16.419,13.576,-2.839
1d9q.d,deposited,1,108,108,-17.462,9.937,-3.272
1d9q.d,deposited,1,109,109,-14.603,8.787,-1.041
1d9q.d,deposited,1,110,110,-15.295,11.163,1.849
1d9q.d,deposited,1,111,111,-16.32,8.302,4.2
1d9q.d,deposited,1,112,112,-15.632,5.058,2.335
1d9q.d,deposited,1,113,113,-14.038,3.351,-0.632
1d9q.d,deposited,1,114,114,-12.747,-0.121,-1.482
1d9q.d,deposited,1,115,115,-10.987,-2.68,-3.682
1d9q.d,deposited,1,116,116,-12.739,-5.112,-6.026
1d9q.d,deposited,1,117,117,-11.227,-8.244,-7.544
1d9q.d,deposited,1,118,118,-12.102,-11.223,-9.699
1d9q.d,deposited,1,119,119,-10.106,-14.417,-10.257
1d9q.d,deposited,1,120,120,-10.361,-16.263,-13.604
1d9q.d,deposited,1,121,121,-9.056,-19.533,-15.07
1d9q.d,deposited,1,122,122,-8.053,-18.781,-18.705
1d9q.d,deposited,1,123,123,-7.797,-21.0,-21.744
1d9q.d,deposited,1,124,124,-4.816,-18.889,-22.997
1d9q.d,deposited,1,125,125,-1.762,-16.751,-21.99
1d9q.d,deposited,1,126,126,-1.989,-12.965,-22.51
1d9q.d,deposited,1,127,127,0.681,-10.941,-20.647
1d9q.d,deposited,1,128,128,4.33,-10.616,-21.889
1d9q.d,deposited,1,129,129,8.52,2.531,-18.429
1d9q.d,deposited,1,130,130,5.036,1.236,-19.389
1d9q.d,deposited,1,131,131,3.763,-1.667,-17.239
1d9q.d,deposited,1,132,132,0.658,-0.748,-19.243
1d9q.d,deposited,1,133,133,-0.974,-3.399,-21.463
1d9q.d,deposited,1,134,134,-1.205,-2.719,-25.205
1d9q.d,deposited,1,135,135,-4.081,-3.093,-27.669
1d9q.d,deposited,1,136,136,-3.073,-6.694,-28.414
1d9q.d,deposited,1,137,137,-2.857,-7.552,-24.678
1d9q.d,deposited,1,138,138,-6.092,-5.753,-23.826
1d9q.d,deposited,1,139,139,-7.963,-7.555,-26.599
1d9q.d,deposited,1,140,140,-6.584,-10.811,-25.164
1d9q.d,deposited,1,141,141,-7.807,-10.263,-21.596
1d9q.d,deposited,1,142,142,-11.403,-9.389,-22.635
1d9q.d,deposited,1,143,143,-11.658,-12.685,-24.551
1d9q.d,deposited,1,144,144,-9.732,-14.65,-21.915
1d9q.d,deposited,1,145,145,-11.78,-13.452,-18.914
1d9q.d,deposited,1,146,146,-15.392,-14.576,-19.239
1d9q.d,deposited,1,147,147,-17.391,-13.963,-16.022
1d9q.d,deposited,1,148,148,-20.114,-16.239,-17.347
1d9q.d,deposited,1,149,149,-17.921,-19.359,-17.533
1d9q.d,deposited,1,150,150,-14.463,-18.947,-15.919
1d9q.d,deposited,1,151,151,-14.873,-16.626,-12.914
1d9q.d,deposited,1,152,152,-13.65,-18.799,-9.999
1d9q.d,deposited,1,153,153,-13.599,-16.325,-7.132
1d9q.d,deposited,1,154,154,-14.549,-12.734,-6.431
1d9q.d,deposited,1,155,155,-14.669,-10.284,-3.56
1d9q.d,deposited,1,156,156,-13.948,-6.821,-2.263
1d9q.d,deposited,1,157,157,-12.392,-5.037,0.67
1d9q.d,deposited,1,158,158,-14.262,-2.063,2.099
1d9q.d,deposited,1,159,159,-12.366,0.755,3.807
1d9q.d,deposited,1,160,160,-14.743,2.613,6.113
1d9q.d,deposited,1,161,161,-15.3,2.891,9.889
1d9q.d,deposited,1,162,162,-14.41,-0.783,9.699
1d9q.d,deposited,1,163,163,-12.183,-2.629,7.205
1d9q.d,deposited,1,164,164,-14.226,-5.536,5.767
1d9q.d,deposited,1,165,165,-13.03,-8.304,3.423
1d9q.d,deposited,1,166,166,-15.835,-10.097,1.596
1d9q.d,deposited,1,167,167,-15.034,-13.254,-0.35
1d9q.d,deposited,1,168,168,-16.697,-16.042,-2.339
1d9q.d,deposited,1,169,169,-14.856,-19.018,-3.842
1d9q.d,deposited,1,170,170,-18.037,-20.475,-5.319
1d9q.d,deposited,1,171,171,-19.784,-21.852,-2.215
1d9q.d,deposited,1,172,172,-21.296,-18.943,-0.302
1d9q.d,deposited,1,173,173,-20.22,-15.509,0.836
1d9q.d,deposited,1,174,174,-17.876,-15.054,3.789
1d9q.d,deposited,1,175,175,-17.181,-11.861,5.735
1d9q.d,deposited,1,176,176,-13.84,-11.083,7.427
1d9q.d,deposited,1,177,177,-13.241,-8.095,9.706
1d9q.d,deposited,1,178,178,-9.75,-6.668,10.171
1d9q.d,deposited,1,179,179,-8.583,-6.554,13.766
1d9q.d,deposited,1,180,180,-6.68,-3.221,14.049
1d9q.d,deposited,1,181,181,-4.937,-4.695,17.091
1d9q.d,deposited,1,182,182,-3.337,-7.849,15.712
1d9q.d,deposited,1,183,183,-3.343,-7.009,12.008
1d9q.d,deposited,1,184,184,-5.348,-10.052,10.941
1d9q.d,deposited,1,185,185,-8.667,-10.654,9.186
1d9q.d,deposited,1,186,186,-11.085,-12.486,11.465
1d9q.d,deposited,1,187,187,-14.111,-14.428,10.21
1d9q.d,deposited,1,188,188,-17.214,-12.659,11.517
1d9q.d,deposited,1,189,189,-19.919,-14.085,9.241
1d9q.d,deposited,1,190,190,-20.362,-17.322,7.32
1d9q.d,deposited,1,191,191,-22.705,-17.975,4.386
1d9q.d,deposited,1,192,192,-24.131,-14.456,4.307
1d9q.d,deposited,1,193,193,-27.618,-14.216,2.773
1d9q.d,deposited,1,194,194,-28.965,-10.937,1.371
1d9q.d,deposited,1,195,195,-32.638,-10.452,2.408
1d9q.d,deposited,1,196,196,-35.265,-11.31,-0.266
1d9q.d,deposited,1,197,197,-36.78,-7.823,-0.101
1d9q.d,deposited,1,198,198,-35.831,-4.476,1.34
1d9q.d,deposited,1,199,199,-37.626,-1.168,1.543
1d9q.d,deposited,1,200,200,-34.406,0.794,0.766
1d9q.d,deposited,1,201,201,-33.256,2.185,-2.555
1d9q.d,deposited,1,202,202,-29.845,3.495,-3.561
1d9q.d,deposited,1,203,203,-29.9,5.83,-6.62
1d9q.d,deposited,1,204,204,-28.498,9.335,-7.381
1d9q.d,deposited,1,205,205,-31.835,11.128,-7.724
1d9q.d,deposited,1,206,206,-30.055,14.27,-8.806
1d9q.d,deposited,1,207,207,-30.163,12.705,-12.295
1d9q.d,deposited,1,208,208,-33.922,12.14,-12.137
1d9q.d,deposited,1,209,209,-34.708,14.308,-15.175
1d9q.d,deposited,1,210,210,-32.076,12.534,-17.248
1d9q.d,deposited,1,211,211,-33.725,9.124,-16.735
1d9q.d,deposited,1,212,212,-36.239,7.387,-18.995
1d9q.d,deposited,1,213,213,-39.937,7.637,-18.16
1d9q.d,deposited,1,214,214,-39.762,3.912,-17.278
1d9q.d,deposited,1,215,215,-37.385,4.463,-14.384
1d9q.d,deposited,1,216,216,-38.95,7.746,-13.317
1d9q.d,deposited,1,217,217,-42.197,5.85,-12.797
1d9q.d,deposited,1,218,218,-40.443,3.199,-10.747
1d9q.d,deposited,1,219,219,-38.626,5.839,-8.65
1d9q.d,deposited,1,220,220,-41.861,7.817,-8.133
1d9q.d,deposited,1,221,221,-43.863,4.807,-6.943
1d9q.d,deposited,1,222,222,-41.255,3.973,-4.306
1d9q.d,deposited,1,223,223,-42.189,7.233,-2.585
1d9q.d,deposited,1,224,224,-45.802,6.157,-2.175
1d9q.d,deposited,1,225,225,-46.408,5.339,1.478
1d9q.d,deposited,1,226,226,-47.858,1.847,0.736
1d9q.d,deposited,1,227,227,-49.517,-0.643,3.08
1d9q.d,deposited,1,228,228,-48.77,1.044,6.42
1d9q.d,deposited,1,229,229,-47.72,4.663,5.862
1d9q.d,deposited,1,230,230,-44.001,4.226,5.486
1d9q.d,deposited,1,231,231,-42.36,4.887,2.123
1d9q.d,deposited,1,232,232,-38.984,3.432,1.027
1d9q.d,deposited,1,233,233,-35.846,4.828,2.693
1d9q.d,deposited,1,234,234,-33.237,6.433,0.455
1d9q.d,deposited,1,235,235,-29.5,5.938,1.087
1d9q.d,deposited,1,236,236,-26.727,6.799,-1.402
1d9q.d,deposited,1,237,237,-23.142,7.221,-0.249
1d9q.d,deposited,1,238,238,-21.64,7.57,-3.723
1d9q.d,deposited,1,239,239,-19.157,4.805,-2.985
1d9q.d,deposited,1,240,240,-19.873,1.654,-5.029
1d9q.d,deposited,1,241,241,-18.371,-0.704,-2.441
1d9q.d,deposited,1,242,242,-20.037,1.133,0.438
1d9q.d,deposited,1,243,243,-23.48,1.225,-1.152
1d9q.d,deposited,1,244,244,-23.149,-2.394,-2.283
1d9q.d,deposited,1,245,245,-22.014,-3.637,1.138
1d9q.d,deposited,1,246,246,-24.963,-1.974,2.911
1d9q.d,deposited,1,247,247,-27.322,-3.518,0.327
1d9q.d,deposited,1,248,248,-25.738,-6.932,0.944
1d9q.d,deposited,1,249,249,-26.257,-6.776,4.724
1d9q.d,deposited,1,250,250,-29.616,-5.027,5.022
1d9q.d,deposited,1,251,251,-31.314,-5.718,1.702
1d9q.d,deposited,1,252,252,-32.792,-3.336,-0.827
1d9q.d,deposited,1,253,253,-31.785,-2.197,-4.302
1d9q.d,deposited,1,254,254,-28.836,-0.271,-5.701
1d9q.d,deposited,1,255,255,-28.895,1.128,-9.176
1d9q.d,deposited,1,256,256,-26.697,2.943,-11.632
1d9q.d,deposited,1,257,257,-29.0,3.25,-14.688
1d9q.d,deposited,1,258,258,-28.333,4.721,-18.086
1d9q.d,deposited,1,259,259,-29.158,8.392,-18.56
1d9q.d,deposited,1,260,260,-29.184,11.073,-21.253
1d9q.d,deposited,1,261,261,-25.558,11.921,-20.421
1d9q.d,deposited,1,262,262,-24.31,8.293,-20.243
1d9q.d,deposited,1,263,263,-26.135,6.094,-22.773
1d9q.d,deposited,1,264,264,-24.69,2.78,-21.488
1d9q.d,deposited,1,265,265,-24.338,3.381,-17.758
1d9q.d,deposited,1,266,266,-21.122,4.328,-15.991
1d9q.d,deposited,1,267,267,-20.004,1.149,-14.234
1d9q.d,deposited,1,268,268,-17.609,-1.096,-16.122
1d9q.d,deposited,1,269,269,-18.847,-4.613,-16.81
1d9q.d,deposited,1,270,270,-15.655,-6.647,-16.357
1d9q.d,deposited,1,271,271,-13.997,-4.684,-13.56
1d9q.d,deposited,1,272,272,-16.955,-3.735,-11.368
1d9q.d,deposited,1,273,273,-20.287,-5.27,-12.299
1d9q.d,deposited,1,274,274,-19.098,-8.84,-12.898
1d9q.d,deposited,1,275,275,-17.473,-9.412,-9.463
1d9q.d,deposited,1,276,276,-20.356,-7.692,-7.637
1d9q.d,deposited,1,277,277,-22.986,-9.772,-9.486
1d9q.d,deposited,1,278,278,-21.21,-13.057,-8.767
1d9q.d,deposited,1,279,279,-21.044,-12.161,-5.063
1d9q.d,deposited,1,280,280,-24.681,-11.059,-4.874
1d9q.d,deposited,1,281,281,-25.842,-14.298,-6.541
1d9q.d,deposited,1,282,282,-23.804,-16.315,-4.034
1d9q.d,deposited,1,283,283,-25.614,-14.451,-1.232
1d9q.d,deposited,1,284,284,-28.999,-15.24,-2.778
1d9q.d,deposited,1,285,285,-29.546,-11.989,-4.635
1d9q.d,deposited,1,286,286,-29.764,-10.659,-8.178
1d9q.d,deposited,1,287,287,-27.525,-8.562,-10.436
1d9q.d,deposited,1,288,288,-29.249,-7.237,-13.559
1d9q.d,deposited,1,289,289,-28.72,-4.626,-16.255
1d9q.d,deposited,1,290,290,-32.459,-4.023,-16.207
1d9q.d,deposited,1,291,291,-33.547,-6.642,-18.722
1d9q.d,deposited,1,292,292,-31.044,-9.475,-18.214
1d9q.d,deposited,1,293,293,-28.56,-11.19,-15.877
1d9q.d,deposited,1,294,294,-25.297,-9.236,-15.856
1d9q.d,deposited,1,295,295,-23.071,-12.319,-15.827
1d9q.d,deposited,1,296,296,-24.759,-13.589,-19.03
1d9q.d,deposited,1,297,297,-23.401,-10.617,-20.966
1d9q.d,deposited,1,298,298,-20.009,-11.157,-22.62
1d9q.d,deposited,1,299,299,-17.43,-8.293,-22.705
1d9q.d,deposited,1,300,300,-16.372,-7.12,-26.136
1d9q.d,deposited,1,301,301,-14.687,-3.747,-25.566
1d9q.d,deposited,1,302,302,-11.923,-3.27,-22.935
1d9q.d,deposited,1,303,303,-13.842,-0.586,-21.001
1d9q.d,deposited,1,304,304,-17.412,-1.711,-21.857
1d9q.d,deposited,1,305,305,-20.058,-0.226,-19.533
1d9q.d,deposited,1,306,306,-23.492,-1.394,-18.456
1d9q.d,deposited,1,307,307,-26.438,-0.17,-16.327
1d9q.d,deposited,1,308,308,-26.709,-1.916,-12.976
1d9q.d,deposited,1,309,309,-29.596,-2.918,-10.732
1d9q.d,deposited,1,310,310,-28.32,-5.104,-7.913
1d9q.d,deposited,1,311,311,-29.595,-6.338,-4.555
1d9q.d,deposited,1,312,312,-32.58,-8.188,-3.1
1d9q.d,deposited,1,313,313,-34.218,-10.536,-5.639
1d9q.d,deposited,1,314,314,-37.777,-9.145,-5.228
1d9q.d,deposited,1,315,315,-36.539,-5.547,-5.51
1d9q.d,deposited,1,316,316,-34.501,-6.201,-8.652
1d9q.d,deposited,1,317,317,-37.422,-8.146,-10.148
1d9q.d,deposited,1,318,318,-39.662,-5.152,-9.433
1d9q.d,deposited,1,319,319,-37.505,-2.663,-11.332
1d9q.d,deposited,1,320,320,-37.248,-5.124,-14.214
1d9q.d,deposited,1,321,321,-41.059,-5.186,-14.271
1d9q.d,deposited,1,322,322,-41.084,-1.406,-14.881
1d9q.d,deposited,1,323,323,-38.334,-1.456,-17.537
1d9q.d,deposited,1,324,324,-39.834,-4.157,-19.774
1o7j.a,aligned,1,0,0,36.574,39.355,23.921
1o7j.a,aligned,1,1,1,37.465,36.489,26.312
1o7j.a,aligned,1,2,2,35.086,35.351,29.039
1o7j.a,aligned,1,3,3,35.784,36.293,32.655
1o7j.a,aligned,1,4,4,36.02,33.093,34.72
1o7j.a,aligned,1,5,5,36.57,32.744,38.442
1o7j.a,aligned,1,6,6,38.39,29.568,39.561
1o7j.a,aligned,1,7,7,37.03,28.949,43.093
1o7j.a,aligned,1,8,8,39.19,26.365,44.844
1o7j.a,aligned,1,9,9,38.04,24.042,47.607
1o7j.a,aligned,1,10,10,40.837,21.402,47.75
1o7j.a,aligned,1,11,11,40.874,17.854,46.449
1o7j.a,aligned,1,12,12,43.405,15.515,44.851
1o7j.a,aligned,1,13,13,43.573,18.013,41.945
1o7j.a,aligned,1,14,14,45.48,20.187,44.495
1o7j.a,aligned,1,15,15,47.384,17.282,46.052
1o7j.a,aligned,1,16,16,51.246,16.97,45.956
1o7j.a,aligned,1,17,17,53.024,13.643,46.822
1o7j.a,aligned,1,18,18,56.751,12.999,47.355
1o7j.a,aligned,1,19,19,57.247,11.039,44.144
1o7j.a,aligned,1,20,20,55.634,10.834,40.685
1o7j.a,aligned,1,21,21,54.639,7.239,41.22
1o7j.a,aligned,1,22,22,52.523,7.822,44.325
1o7j.a,aligned,1,23,23,48.875,7.807,43.243
1o7j.a,aligned,1,24,24,47.422,6.496,46.48
1o7j.a,aligned,1,25,25,48.219,7.868,49.98
1o7j.a,aligned,1,26,26,49.143,11.476,49.12
1o7j.a,aligned,1,27,27,47.778,14.733,50.699
1o7j.a,aligned,1,28,28,44.622,16.119,48.996
1o7j.a,aligned,1,29,29,44.181,19.96,49.296
1o7j.a,aligned,1,30,30,47.808,21.165,49.524
1o7j.a,aligned,1,31,31,48.469,23.422,46.463
1o7j.a,aligned,1,32,32,47.0,26.917,46.08
1o7j.a,aligned,1,33,33,44.656,27.944,43.295
1o7j.a,aligned,1,34,34,47.276,30.094,41.573
1o7j.a,aligned,1,35,35,49.652,27.1,41.43
1o7j.a,aligned,1,36,36,46.93,25.072,39.671
1o7j.a,aligned,1,37,37,46.391,27.904,37.167
1o7j.a,aligned,1,38,38,50.106,28.384,36.573
1o7j.a,aligned,1,39,39,50.628,24.708,35.753
1o7j.a,aligned,1,40,40,48.375,25.288,32.672
1o7j.a,aligned,1,41,41,49.232,28.794,31.483
1o7j.a,aligned,1,42,42,47.377,27.84,28.18
1o7j.a,aligned,1,43,43,44.276,28.725,30.119
1o7j.a,aligned,1,44,44,44.952,32.422,29.454
1o7j.a,aligned,1,45,45,43.99,31.773,25.833
1o7j.a,aligned,1,46,46,40.556,30.486,26.897
1o7j.a,aligned,1,47,47,39.53,33.073,29.501
1o7j.a,aligned,1,48,48,40.575,35.913,31.697
1o7j.a,aligned,1,49,49,40.905,33.873,34.88
1o7j.a,aligned,1,50,50,41.037,34.88,38.546
1o7j.a,aligned,1,51,51,41.683,32.431,41.367
1o7j.a,aligned,1,52,52,39.953,32.558,44.765
1o7j.a,aligned,1,53,53,40.808,30.171,47.606
1o7j.a,aligned,1,54,54,37.515,29.129,49.271
1o7j.a,aligned,1,55,55,38.909,26.148,51.222
1o7j.a,aligned,1,56,56,41.667,23.532,50.886
1o7j.a,aligned,1,57,57,40.393,20.156,52.133
1o7j.a,aligned,1,58,58,40.084,16.542,50.982
1o7j.a,aligned,1,59,59,36.468,16.11,49.859
1o7j.a,aligned,1,60,60,35.623,13.334,52.318
1o7j.a,aligned,1,61,61,35.699,16.209,54.851
1o7j.a,aligned,1,62,62,33.33,18.562,52.967
1o7j.a,aligned,1,63,63,30.231,19.29,55.088
1o7j.a,aligned,1,64,64,26.734,20.692,54.413
1o7j.a,aligned,1,65,65,27.427,23.876,56.328
1o7j.a,aligned,1,66,66,30.452,24.498,54.092
1o7j.a,aligned,1,67,67,28.664,23.472,50.863
1o7j.a,aligned,1,68,68,25.95,25.973,51.817
1o7j.a,aligned,1,69,69,28.586,28.723,52.056
1o7j.a,aligned,1,70,70,30.015,27.611,48.695
1o7j.a,aligned,1,71,71,26.565,27.977,47.078
1o7j.a,aligned,1,72,72,26.157,31.428,48.655
1o7j.a,aligned,1,73,73,29.57,32.564,47.395
1o7j.a,aligned,1,74,74,28.878,31.285,43.879
1o7j.a,aligned,1,75,75,25.537,33.142,43.886
1o7j.a,aligned,1,76,76,27.394,36.33,44.884
1o7j.a,aligned,1,77,77,29.964,35.868,42.1
1o7j.a,aligned,1,78,78,27.434,35.142,39.371
1o7j.a,aligned,1,79,79,25.364,38.223,40.364
1o7j.a,aligned,1,80,80,28.332,40.338,39.153
1o7j.a,aligned,1,81,81,28.335,41.638,35.551
1o7j.a,aligned,1,82,82,32.116,41.033,35.369
1o7j.a,aligned,1,83,83,31.819,37.281,35.998
1o7j.a,aligned,1,84,84,30.667,35.063,33.108
1o7j.a,aligned,1,85,85,31.066,31.658,34.823
1o7j.a,aligned,1,86,86,32.749,29.809,37.666
1o7j.a,aligned,1,87,87,35.007,26.707,37.782
1o7j.a,aligned,1,88,88,35.086,25.024,41.205
1o7j.a,aligned,1,89,89,38.145,22.805,41.907
1o7j.a,aligned,1,90,90,37.056,20.03,44.265
1o7j.a,aligned,1,91,91,37.85,16.532,45.416
1o7j.a,aligned,1,92,92,36.359,13.584,43.543
1o7j.a,aligned,1,93,93,34.961,11.618,46.515
1o7j.a,aligned,1,94,94,32.019,13.935,47.256
1o7j.a,aligned,1,95,95,31.87,16.202,44.184
1o7j.a,aligned,1,96,96,28.513,14.625,43.295
1o7j.a,aligned,1,97,97,27.057,15.844,46.625
1o7j.a,aligned,1,98,98,28.434,19.419,46.424
1o7j.a,aligned,1,99,99,27.593,19.732,42.742
1o7j.a,aligned,1,100,100,23.992,18.546,43.156
1o7j.a,aligned,1,101,101,23.509,20.935,46.117
1o7j.a,aligned,1,102,102,24.617,23.882,43.919
1o7j.a,aligned,1,103,103,22.507,22.539,41.028
1o7j.a,aligned,1,104,104,19.437,23.077,43.211
1o7j.a,aligned,1,105,105,20.41,26.414,44.84
1o7j.a,aligned,1,106,106,22.357,28.563,42.301
1o7j.a,aligned,1,107,107,20.027,31.289,40.977
1o7j.a,aligned,1,108,108,21.788,31.944,37.652
1o7j.a,aligned,1,109,109,22.041,30.5,34.178
1o7j.a,aligned,1,110,110,25.763,31.3,33.974
1o7j.a,aligned,1,111,111,27.924,28.124,33.91
1o7j.a,aligned,1,112,112,29.008,26.5,37.145
1o7j.a,aligned,1,113,113,31.537,23.771,36.388
1o7j.a,aligned,1,114,114,33.015,21.523,39.079
1o7j.a,aligned,1,115,115,36.366,19.969,38.149
1o7j.a,aligned,1,116,116,38.421,17.308,39.944
1o7j.a,aligned,1,117,117,41.316,14.863,39.409
1o7j.a,aligned,1,118,118,41.853,11.189,40.223
1o7j.a,aligned,1,119,119,45.679,11.526,40.286
1o7j.a,aligned,1,120,120,47.53,14.18,42.36
1o7j.a,aligned,1,121,121,49.224,17.099,40.634
1o7j.a,aligned,1,122,122,52.662,15.447,41.078
1o7j.a,aligned,1,123,123,51.727,12.173,39.456
1o7j.a,aligned,1,124,124,53.062,10.718,36.246
1o7j.a,aligned,1,125,125,50.325,11.376,33.676
1o7j.a,aligned,1,126,126,48.318,13.51,36.132
1o7j.a,aligned,1,127,127,44.798,14.209,34.829
1o7j.a,aligned,1,128,128,44.155,17.503,36.623
1o7j.a,aligned,1,129,129,45.91,19.845,34.146
1o7j.a,aligned,1,130,130,43.797,18.748,31.176
1o7j.a,aligned,1,131,131,40.63,18.474,33.293
1o7j.a,aligned,1,132,132,41.062,22.096,34.439
1o7j.a,aligned,1,133,133,41.657,23.359,30.856
1o7j.a,aligned,1,134,134,38.517,21.527,29.727
1o7j.a,aligned,1,135,135,36.477,22.931,32.627
1o7j.a,aligned,1,136,136,37.538,26.529,31.773
1o7j.a,aligned,1,137,137,36.632,25.929,28.108
1o7j.a,aligned,1,138,138,33.179,24.654,29.181
1o7j.a,aligned,1,139,139,32.573,27.495,31.645
1o7j.a,aligned,1,140,140,33.477,30.152,29.065
1o7j.a,aligned,1,141,141,31.375,28.878,26.162
1o7j.a,aligned,1,142,142,28.071,30.728,25.574
1o7j.a,aligned,1,143,143,26.496,27.42,24.613
1o7j.a,aligned,1,144,144,27.067,26.189,28.168
1o7j.a,aligned,1,145,145,24.46,28.54,29.721
1o7j.a,aligned,1,146,146,21.274,27.136,31.295
1o7j.a,aligned,1,147,147,22.467,23.533,31.518
1o7j.a,aligned,1,148,148,22.392,23.159,35.28
1o7j.a,aligned,1,149,149,25.518,22.495,37.299
1o7j.a,aligned,1,150,150,28.179,20.413,35.497
1o7j.a,aligned,1,151,151,31.07,18.12,36.484
1o7j.a,aligned,1,152,152,33.974,18.079,33.952
1o7j.a,aligned,1,153,153,36.659,15.392,34.041
1o7j.a,aligned,1,154,154,38.276,12.96,31.574
1o7j.a,aligned,1,155,155,36.87,14.736,28.474
1o7j.a,aligned,1,156,156,33.277,14.382,29.752
1o7j.a,aligned,1,157,157,30.58,16.88,30.873
1o7j.a,aligned,1,158,158,28.21,15.311,33.427
1o7j.a,aligned,1,159,159,25.0,16.756,34.925
1o7j.a,aligned,1,160,160,25.187,17.131,38.687
1o7j.a,aligned,1,161,161,21.799,15.353,38.968
1o7j.a,aligned,1,162,162,23.018,12.152,37.211
1o7j.a,aligned,1,163,163,26.829,11.929,37.422
1o7j.a,aligned,1,164,164,28.396,9.814,40.165
1o7j.a,aligned,1,165,165,31.826,8.407,41.079
1o7j.a,aligned,1,166,166,31.344,4.756,40.007
1o7j.a,aligned,1,167,167,34.877,3.405,40.601
1o7j.a,aligned,1,168,168,37.142,3.82,43.625
1o7j.a,aligned,1,169,169,40.319,4.459,41.679
1o7j.a,aligned,1,170,170,40.16,4.924,37.852
1o7j.a,aligned,1,171,171,40.455,8.05,35.725
1o7j.a,aligned,1,172,172,37.14,7.216,33.999
1o7j.a,aligned,1,173,173,35.185,6.77,37.223
1o7j.a,aligned,1,174,174,32.584,9.5,36.626
1o7j.a,aligned,1,175,175,29.688,8.023,34.633
1o7j.a,aligned,1,176,176,25.893,8.237,34.45
1o7j.a,aligned,1,177,177,25.19,4.747,33.153
1o7j.a,aligned,1,178,178,21.481,5.232,32.269
1o7j.a,aligned,1,179,179,21.507,8.988,31.542
1o7j.a,aligned,1,180,180,24.847,9.532,29.753
1o7j.a,aligned,1,181,181,26.835,12.721,29.572
1o7j.a,aligned,1,182,182,25.484,16.173,28.775
1o7j.a,aligned,1,183,183,28.472,16.568,26.41
1o7j.a,aligned,1,184,184,32.125,15.745,25.667
1o7j.a,aligned,1,185,185,35.274,17.808,24.942
1o7j.a,aligned,1,186,186,37.418,16.333,22.112
1o7j.a,aligned,1,187,187,40.035,18.096,19.997
1o7j.a,aligned,1,188,188,39.545,21.365,21.887
1o7j.a,aligned,1,189,189,35.851,21.459,20.847
1o7j.a,aligned,1,190,190,32.668,20.97,22.944
1o7j.a,aligned,1,191,191,30.005,18.558,21.684
1o7j.a,aligned,1,192,192,26.684,18.998,23.561
1o7j.a,aligned,1,193,193,24.486,15.88,23.464
1o7j.a,aligned,1,194,194,21.638,16.303,25.95
1o7j.a,aligned,1,195,195,19.747,18.781,28.105
1o7j.a,aligned,1,196,196,18.521,17.324,31.408
1o7j.a,aligned,1,197,197,14.713,17.044,31.676
1o7j.a,aligned,1,198,198,14.536,18.137,35.327
1o7j.a,aligned,1,199,199,14.146,21.399,37.264
1o7j.a,aligned,1,200,200,17.348,23.138,38.411
1o7j.a,aligned,1,201,201,19.057,26.498,39.112
1o7j.a,aligned,1,202,202,16.803,29.393,37.962
1o7j.a,aligned,1,203,203,13.656,27.167,37.923
1o7j.a,aligned,1,204,204,14.289,25.64,41.369
1o7j.a,aligned,1,205,205,12.237,26.551,44.453
1o7j.a,aligned,1,206,206,15.185,25.845,46.795
1o7j.a,aligned,1,207,207,16.779,29.03,48.061
1o7j.a,aligned,1,208,208,19.203,28.869,50.907
1o7j.a,aligned,1,209,209,20.698,32.406,50.796
1o7j.a,aligned,1,210,210,19.036,33.112,54.133
1o7j.a,aligned,1,211,211,20.237,29.919,55.895
1o7j.a,aligned,1,212,212,23.438,28.852,57.672
1o7j.a,aligned,1,213,213,22.804,25.077,58.03
1o7j.a,aligned,1,214,214,20.546,22.354,56.656
1o7j.a,aligned,1,215,215,18.237,19.755,58.294
1o7j.a,aligned,1,216,216,20.119,16.643,59.472
1o7j.a,aligned,1,217,217,19.726,13.568,57.251
1o7j.a,aligned,1,218,218,21.553,10.23,57.698
1o7j.a,aligned,1,219,219,21.95,7.295,55.314
1o7j.a,aligned,1,220,220,21.385,3.669,56.426
1o7j.a,aligned,1,221,221,22.419,0.684,54.272
1o7j.a,aligned,1,222,222,20.26,-2.298,53.303
1o7j.a,aligned,1,223,223,21.693,-5.821,53.402
1o7j.a,aligned,1,224,224,20.998,-9.277,54.807
1o7j.a,aligned,1,225,225,20.598,-9.077,58.624
1o7j.a,aligned,1,226,226,20.397,-5.289,58.61
1o7j.a,aligned,1,227,227,19.761,-4.09,62.184
1o7j.a,aligned,1,228,228,16.764,-2.221,63.582
1o7j.a,aligned,1,229,229,18.99,-0.521,66.211
1o7j.a,aligned,1,230,230,20.621,1.823,63.63
1o7j.a,aligned,1,231,231,17.163,3.345,63.026
1o7j.a,aligned,1,232,232,16.763,3.815,66.779
1o7j.a,aligned,1,233,233,20.198,5.465,66.976
1o7j.a,aligned,1,234,234,19.425,7.894,64.112
1o7j.a,aligned,1,235,235,16.073,8.84,65.646
1o7j.a,aligned,1,236,236,17.666,9.42,69.048
1o7j.a,aligned,1,237,237,20.375,11.699,67.504
1o7j.a,aligned,1,238,238,17.796,14.092,66.089
1o7j.a,aligned,1,239,239,17.668,13.248,62.397
1o7j.a,aligned,1,240,240,14.966,15.036,60.373
1o7j.a,aligned,1,241,241,15.268,12.477,57.54
1o7j.a,aligned,1,242,242,16.662,9.027,56.852
1o7j.a,aligned,1,243,243,17.74,7.962,53.353
1o7j.a,aligned,1,244,244,17.736,4.153,52.977
1o7j.a,aligned,1,245,245,20.371,2.726,50.553
1o7j.a,aligned,1,246,246,18.071,-0.194,50.012
1o7j.a,aligned,1,247,247,18.305,-3.704,48.72
1o7j.a,aligned,1,248,248,17.155,-3.761,45.112
1o7j.a,aligned,1,249,249,14.253,-1.369,44.42
1o7j.a,aligned,1,250,250,14.182,0.091,47.944
1o7j.a,aligned,1,251,251,13.046,-3.216,49.432
1o7j.a,aligned,1,252,252,12.945,-3.432,53.217
1o7j.a,aligned,1,253,253,13.471,-6.331,55.628
1o7j.a,aligned,1,254,254,11.109,-6.921,58.576
1o7j.a,aligned,1,255,255,13.759,-5.179,60.763
1o7j.a,aligned,1,256,256,14.057,-2.157,58.486
1o7j.a,aligned,1,257,257,10.245,-1.824,58.382
1o7j.a,aligned,1,258,258,10.047,-1.751,62.174
1o7j.a,aligned,1,259,259,12.786,0.889,62.243
1o7j.a,aligned,1,260,260,11.104,3.012,59.591
1o7j.a,aligned,1,261,261,7.734,2.879,61.35
1o7j.a,aligned,1,262,262,9.414,4.14,64.569
1o7j.a,aligned,1,263,263,10.997,6.993,62.559
1o7j.a,aligned,1,264,264,7.672,7.957,60.979
1o7j.a,aligned,1,265,265,5.954,8.047,64.395
1o7j.a,aligned,1,266,266,8.598,10.613,65.486
1o7j.a,aligned,1,267,267,8.015,12.844,62.451
1o7j.a,aligned,1,268,268,11.202,11.768,60.628
1o7j.a,aligned,1,269,269,10.843,11.622,56.811
1o7j.a,aligned,1,270,270,11.963,8.256,55.406
1o7j.a,aligned,1,271,271,13.231,8.147,51.8
1o7j.a,aligned,1,272,272,13.847,4.763,50.144
1o7j.a,aligned,1,273,273,16.735,4.753,47.608
1o7j.a,aligned,1,274,274,18.934,1.844,46.395
1o7j.a,aligned,1,275,275,22.441,0.499,47.041
1o7j.a,aligned,1,276,276,22.599,-0.961,43.523
1o7j.a,aligned,1,277,277,24.052,2.107,41.788
1o7j.a,aligned,1,278,278,21.429,2.943,39.193
1o7j.a,aligned,1,279,279,17.758,3.031,38.23
1o7j.a,aligned,1,280,280,14.278,3.674,39.565
1o7j.a,aligned,1,281,281,12.864,2.981,43.022
1o7j.a,aligned,1,282,282,9.126,2.821,42.207
1o7j.a,aligned,1,283,283,6.231,3.726,44.529
1o7j.a,aligned,1,284,284,4.822,0.978,46.715
1o7j.a,aligned,1,285,285,2.012,1.851,49.199
1o7j.a,aligned,1,286,286,2.628,-1.379,51.104
1o7j.a,aligned,1,287,287,6.054,-0.123,52.271
1o7j.a,aligned,1,288,288,6.855,2.75,54.66
1o7j.a,aligned,1,289,289,8.3,6.021,53.455
1o7j.a,aligned,1,290,290,8.799,7.82,50.173
1o7j.a,aligned,1,291,291,10.733,6.672,47.086
1o7j.a,aligned,1,292,292,13.783,8.25,45.495
1o7j.a,aligned,1,293,293,12.994,7.993,41.78
1o7j.a,aligned,1,294,294,16.449,7.64,40.094
1o7j.a,aligned,1,295,295,18.356,9.514,42.844
1o7j.a,aligned,1,296,296,21.167,7.473,44.402
1o7j.a,aligned,1,297,297,21.629,7.689,48.203
1o7j.a,aligned,1,298,298,24.154,10.545,48.189
1o7j.a,aligned,1,299,299,21.974,12.671,45.844
1o7j.a,aligned,1,300,300,18.751,11.704,47.662
1o7j.a,aligned,1,301,301,20.193,12.956,50.946
1o7j.a,aligned,1,302,302,21.021,16.371,49.394
1o7j.a,aligned,1,303,303,17.535,16.774,47.925
1o7j.a,aligned,1,304,304,15.865,15.625,51.163
1o7j.a,aligned,1,305,305,17.869,18.155,53.219
1o7j.a,aligned,1,306,306,16.749,20.94,50.845
1o7j.a,aligned,1,307,307,13.118,19.662,50.759
1o7j.a,aligned,1,308,308,13.004,19.845,54.581
1o7j.a,aligned,1,309,309,13.872,23.569,54.469
1o7j.a,aligned,1,310,310,10.481,24.126,52.793
1o7j.a,aligned,1,311,311,8.047,21.48,53.975
1o7j.a,aligned,1,312,312,7.475,18.33,56.0
1o7j.a,aligned,1,313,313,4.465,17.278,53.883
1o7j.a,aligned,1,314,314,5.369,13.877,52.408
1o7j.a,aligned,1,315,315,3.222,14.502,49.293
1o7j.a,aligned,1,316,316,5.157,17.662,48.477
1o7j.a,aligned,1,317,317,8.52,16.008,49.151
1o7j.a,aligned,1,318,318,7.592,13.037,46.954
1o7j.a,aligned,1,319,319,6.758,15.395,44.077
1o7j.a,aligned,1,320,320,10.145,17.121,44.463
1o7j.a,aligned,1,321,321,11.855,13.719,44.089
1o7j.a,aligned,1,322,322,10.048,13.183,40.751
1o7j.a,aligned,1,323,323,10.859,16.633,39.364
1o7j.a,aligned,1,324,324,14.405,17.609,40.605
1hfj.c,aligned,1,0,0,37.05,39.489,23.949
1hfj.c,aligned,1,1,1,37.853,36.696,26.419
1hfj.c,aligned,1,2,2,35.169,35.801,28.996
1hfj.c,aligned,1,3,3,35.688,36.42,32.69
1hfj.c,aligned,1,4,4,35.977,33.187,34.631
1hfj.c,aligned,1,5,5,36.575,32.862,38.37
1hfj.c,aligned,1,6,6,38.263,29.704,39.629
1hfj.c,aligned,1,7,7,37.072,28.882,43.148
1hfj.c,aligned,1,8,8,39.33,26.328,44.814
1hfj.c,aligned,1,9,9,38.143,24.039,47.647
1hfj.c,aligned,1,10,10,41.025,21.563,47.726
1hfj.c,aligned,1,11,11,40.871,17.96,46.533
1hfj.c,aligned,1,12,12,43.263,15.574,44.783
1hfj.c,aligned,1,13,13,43.509,17.964,41.83
1hfj.c,aligned,1,14,14,45.524,20.1,44.279
1hfj.c,aligned,1,15,15,47.189,17.177,46.035
1hfj.c,aligned,1,16,16,50.815,16.069,45.989
1hfj.c,aligned,1,17,17,53.004,13.117,46.95
1hfj.c,aligned,1,18,18,56.759,12.68,47.442
1hfj.c,aligned,1,19,19,57.26,10.89,44.091
1hfj.c,aligned,1,20,20,55.799,11.017,40.584
1hfj.c,aligned,1,21,21,54.812,7.356,40.813
1hfj.c,aligned,1,22,22,52.776,7.757,44.003
1hfj.c,aligned,1,23,23,49.084,7.868,43.093
1hfj.c,aligned,1,24,24,47.67,6.728,46.462
1hfj.c,aligned,1,25,25,48.306,7.826,50.049
1hfj.c,aligned,1,26,26,49.109,11.395,48.915
1hfj.c,aligned,1,27,27,47.972,14.62,50.661
1hfj.c,aligned,1,28,28,44.909,16.289,49.085
1hfj.c,aligned,1,29,29,44.368,20.034,49.262
1hfj.c,aligned,1,30,30,48.083,20.785,49.427
1hfj.c,aligned,1,31,31,48.557,23.241,46.548
1hfj.c,aligned,1,32,32,47.038,26.714,46.141
1hfj.c,aligned,1,33,33,44.793,27.78,43.287
1hfj.c,aligned,1,34,34,47.56,29.915,41.777
1hfj.c,aligned,1,35,35,49.994,27.022,41.627
1hfj.c,aligned,1,36,36,47.277,25.186,39.714
1hfj.c,aligned,1,37,37,46.656,28.098,37.384
1hfj.c,aligned,1,38,38,50.335,28.524,36.567
1hfj.c,aligned,1,39,39,50.737,24.82,35.85
1hfj.c,aligned,1,40,40,48.438,25.271,32.84
1hfj.c,aligned,1,41,41,49.242,28.752,31.449
1hfj.c,aligned,1,42,42,47.334,27.93,28.274
1hfj.c,aligned,1,43,43,44.213,28.482,30.348
1hfj.c,aligned,1,44,44,44.892,32.235,30.12
1hfj.c,aligned,1,45,45,44.266,32.214,26.369
1hfj.c,aligned,1,46,46,40.798,30.784,26.791
1hfj.c,aligned,1,47,47,39.624,33.394,29.27
1hfj.c,aligned,1,48,48,40.442,36.017,31.853
1hfj.c,aligned,1,49,49,40.887,33.97,35.008
1hfj.c,aligned,1,50,50,40.971,34.997,38.666
1hfj.c,aligned,1,51,51,41.643,32.374,41.283
1hfj.c,aligned,1,52,52,40.017,32.531,44.715
1hfj.c,aligned,1,53,53,40.929,30.144,47.519
1hfj.c,aligned,1,54,54,37.652,29.149,49.214
1hfj.c,aligned,1,55,55,39.218,26.294,51.191
1hfj.c,aligned,1,56,56,41.745,23.489,50.846
1hfj.c,aligned,1,57,57,40.581,20.113,52.083
1hfj.c,aligned,1,58,58,40.105,16.475,51.102
1hfj.c,aligned,1,59,59,36.501,16.21,49.932
1hfj.c,aligned,1,60,60,35.623,13.48,52.417
1hfj.c,aligned,1,61,61,35.672,16.259,55.015
1hfj.c,aligned,1,62,62,33.437,18.664,53.097
1hfj.c,aligned,1,63,63,30.307,19.41,55.153
1hfj.c,aligned,1,64,64,26.862,20.909,54.646
1hfj.c,aligned,1,65,65,27.956,24.142,56.323
1hfj.c,aligned,1,66,66,30.83,24.68,53.941
1hfj.c,aligned,1,67,67,28.721,23.652,50.934
1hfj.c,aligned,1,68,68,26.004,26.092,52.0
1hfj.c,aligned,1,69,69,28.524,28.959,52.163
1hfj.c,aligned,1,70,70,30.039,27.825,48.869
1hfj.c,aligned,1,71,71,26.593,28.006,47.318
1hfj.c,aligned,1,72,72,26.046,31.564,48.61
1hfj.c,aligned,1,73,73,29.499,32.679,47.492
1hfj.c,aligned,1,74,74,28.818,31.464,43.933
1hfj.c,aligned,1,75,75,25.441,33.23,43.846
1hfj.c,aligned,1,76,76,27.189,36.484,44.807
1hfj.c,aligned,1,77,77,29.828,36.14,42.084
1hfj.c,aligned,1,78,78,27.336,35.171,39.386
1hfj.c,aligned,1,79,79,25.292,38.267,40.222
1hfj.c,aligned,1,80,80,28.089,40.571,39.065
1hfj.c,aligned,1,81,81,28.407,41.701,35.442
1hfj.c,aligned,1,82,82,32.13,41.132,35.173
1hfj.c,aligned,1,83,83,31.792,37.377,35.848
1hfj.c,aligned,1,84,84,30.61,35.094,33.015
1hfj.c,aligned,1,85,85,31.15,31.711,34.644
1hfj.c,aligned,1,86,86,32.706,29.881,37.58
1hfj.c,aligned,1,87,87,34.926,26.805,37.73
1hfj.c,aligned,1,88,88,35.066,25.034,41.094
1hfj.c,aligned,1,89,89,38.052,22.78,41.827
1hfj.c,aligned,1,90,90,36.861,20.079,44.233
1hfj.c,aligned,1,91,91,37.773,16.601,45.47
1hfj.c,aligned,1,92,92,36.31,13.603,43.642
1hfj.c,aligned,1,93,93,34.977,11.693,46.624
1hfj.c,aligned,1,94,94,32.007,13.959,47.374
1hfj.c,aligned,1,95,95,31.855,16.145,44.279
1hfj.c,aligned,1,96,96,28.498,14.578,43.352
1hfj.c,aligned,1,97,97,27.043,15.863,46.617
1hfj.c,aligned,1,98,98,28.387,19.43,46.423
1hfj.c,aligned,1,99,99,27.674,19.701,42.704
1hfj.c,aligned,1,100,100,24.065,18.572,43.157
1hfj.c,aligned,1,101,101,23.532,20.962,46.094
1hfj.c,aligned,1,102,102,24.558,23.937,43.895
1hfj.c,aligned,1,103,103,22.559,22.461,40.967
1hfj.c,aligned,1,104,104,19.503,23.094,43.132
1hfj.c,aligned,1,105,105,20.454,26.431,44.703
1hfj.c,aligned,1,106,106,22.387,28.597,42.234
1hfj.c,aligned,1,107,107,20.013,31.146,40.748
1hfj.c,aligned,1,108,108,21.729,31.894,37.46
1hfj.c,aligned,1,109,109,21.949,30.634,33.905
1hfj.c,aligned,1,110,110,25.67,31.274,33.871
1hfj.c,aligned,1,111,111,27.898,28.154,33.758
1hfj.c,aligned,1,112,112,29.017,26.643,37.089
1hfj.c,aligned,1,113,113,31.537,23.878,36.368
1hfj.c,aligned,1,114,114,33.041,21.505,38.918
1hfj.c,aligned,1,115,115,36.418,19.985,38.051
1hfj.c,aligned,1,116,116,38.345,17.328,39.909
1hfj.c,aligned,1,117,117,41.163,14.846,39.279
1hfj.c,aligned,1,118,118,41.807,11.223,40.161
1hfj.c,aligned,1,119,119,45.633,11.579,40.257
1hfj.c,aligned,1,120,120,47.718,13.954,42.462
1hfj.c,aligned,1,121,121,49.157,16.99,40.659
1hfj.c,aligned,1,122,122,52.634,15.549,41.22
1hfj.c,aligned,1,123,123,51.835,12.292,39.452
1hfj.c,aligned,1,124,124,53.164,11.008,36.123
1hfj.c,aligned,1,125,125,50.303,11.534,33.68
1hfj.c,aligned,1,126,126,48.321,13.626,36.162
1hfj.c,aligned,1,127,127,44.839,14.228,34.742
1hfj.c,aligned,1,128,128,44.345,17.491,36.581
1hfj.c,aligned,1,129,129,45.897,19.919,34.068
1hfj.c,aligned,1,130,130,43.817,18.84,31.058
1hfj.c,aligned,1,131,131,40.683,18.568,33.233
1hfj.c,aligned,1,132,132,41.105,22.18,34.4
1hfj.c,aligned,1,133,133,41.774,23.386,30.875
1hfj.c,aligned,1,134,134,38.593,21.682,29.631
1hfj.c,aligned,1,135,135,36.643,23.038,32.601
1hfj.c,aligned,1,136,136,37.532,26.648,31.75
1hfj.c,aligned,1,137,137,36.739,26.051,28.106
1hfj.c,aligned,1,138,138,33.269,24.765,29.011
1hfj.c,aligned,1,139,139,32.677,27.586,31.511
1hfj.c,aligned,1,140,140,33.528,30.241,28.938
1hfj.c,aligned,1,141,141,31.443,28.862,26.082
1hfj.c,aligned,1,142,142,28.075,30.533,25.578
1hfj.c,aligned,1,143,143,26.524,27.221,24.459
1hfj.c,aligned,1,144,144,26.888,26.146,28.105
1hfj.c,aligned,1,145,145,24.343,28.545,29.594
1hfj.c,aligned,1,146,146,21.214,27.122,31.179
1hfj.c,aligned,1,147,147,22.331,23.506,31.38
1hfj.c,aligned,1,148,148,22.412,23.171,35.141
1hfj.c,aligned,1,149,149,25.539,22.543,37.192
1hfj.c,aligned,1,150,150,28.156,20.433,35.371
1hfj.c,aligned,1,151,151,31.069,18.197,36.353
1hfj.c,aligned,1,152,152,33.908,18.072,33.843
1hfj.c,aligned,1,153,153,36.563,15.383,33.933
1hfj.c,aligned,1,154,154,38.224,12.905,31.534
1hfj.c,aligned,1,155,155,36.876,14.678,28.389
1hfj.c,aligned,1,156,156,33.258,14.255,29.539
1hfj.c,aligned,1,157,157,30.622,16.771,30.654
1hfj.c,aligned,1,158,158,28.14,15.308,33.144
1hfj.c,aligned,1,159,159,25.018,16.682,34.82
1hfj.c,aligned,1,160,160,25.232,17.191,38.573
1hfj.c,aligned,1,161,161,21.885,15.329,38.757
1hfj.c,aligned,1,162,162,23.022,12.1,37.037
1hfj.c,aligned,1,163,163,26.767,11.931,37.348
1hfj.c,aligned,1,164,164,28.337,9.874,40.115
1hfj.c,aligned,1,165,165,31.741,8.33,41.013
1hfj.c,aligned,1,166,166,31.332,4.651,40.04
1hfj.c,aligned,1,167,167,34.832,3.318,40.594
1hfj.c,aligned,1,168,168,36.942,3.677,43.705
1hfj.c,aligned,1,169,169,40.042,4.625,41.738
1hfj.c,aligned,1,170,170,40.078,4.786,37.933
1hfj.c,aligned,1,171,171,40.417,7.938,35.807
1hfj.c,aligned,1,172,172,37.183,7.167,33.991
1hfj.c,aligned,1,173,173,35.294,6.719,37.277
1hfj.c,aligned,1,174,174,32.588,9.348,36.581
1hfj.c,aligned,1,175,175,29.63,8.005,34.632
1hfj.c,aligned,1,176,176,25.844,8.116,34.38
1hfj.c,aligned,1,177,177,25.087,4.603,33.091
1hfj.c,aligned,1,178,178,21.439,5.167,32.139
1hfj.c,aligned,1,179,179,21.562,8.89,31.446
1hfj.c,aligned,1,180,180,24.806,9.362,29.556
1hfj.c,aligned,1,181,181,26.759,12.618,29.397
1hfj.c,aligned,1,182,182,25.508,16.109,28.521
1hfj.c,aligned,1,183,183,28.435,16.312,26.113
1hfj.c,aligned,1,184,184,32.096,15.548,25.423
1hfj.c,aligned,1,185,185,35.207,17.681,24.733
1hfj.c,aligned,1,186,186,37.3,16.268,21.884
1hfj.c,aligned,1,187,187,40.014,18.196,20.059
1hfj.c,aligned,1,188,188,39.162,21.462,21.826
1hfj.c,aligned,1,189,189,35.595,21.549,20.444
1hfj.c,aligned,1,190,190,32.597,20.966,22.725
1hfj.c,aligned,1,191,191,29.962,18.494,21.578
1hfj.c,aligned,1,192,192,26.657,18.812,23.445
1hfj.c,aligned,1,193,193,24.293,15.891,23.064
1hfj.c,aligned,1,194,194,21.663,16.067,25.833
1hfj.c,aligned,1,195,195,19.726,18.495,27.994
1hfj.c,aligned,1,196,196,18.42,17.066,31.258
1hfj.c,aligned,1,197,197,14.662,16.901,31.544
1hfj.c,aligned,1,198,198,14.636,17.98,35.218
1hfj.c,aligned,1,199,199,14.201,21.253,37.131
1hfj.c,aligned,1,200,200,17.277,23.105,38.304
1hfj.c,aligned,1,201,201,19.077,26.396,39.022
1hfj.c,aligned,1,202,202,16.85,29.305,37.938
1hfj.c,aligned,1,203,203,13.717,27.165,37.953
1hfj.c,aligned,1,204,204,14.333,25.629,41.364
1hfj.c,aligned,1,205,205,12.293,26.561,44.477
1hfj.c,aligned,1,206,206,15.174,26.097,46.869
1hfj.c,aligned,1,207,207,16.877,29.168,48.212
1hfj.c,aligned,1,208,208,19.912,29.198,50.496
1hfj.c,aligned,1,209,209,20.198,32.968,50.924
1hfj.c,aligned,1,210,210,19.289,33.349,54.565
1hfj.c,aligned,1,211,211,19.975,29.839,55.82
1hfj.c,aligned,1,212,212,22.77,29.273,58.315
1hfj.c,aligned,1,213,213,22.255,25.543,58.923
1hfj.c,aligned,1,214,214,20.615,22.526,57.243
1hfj.c,aligned,1,215,215,18.31,19.745,58.497
1hfj.c,aligned,1,216,216,20.031,16.589,59.762
1hfj.c,aligned,1,217,217,19.755,13.622,57.374
1hfj.c,aligned,1,218,218,21.46,10.263,57.64
1hfj.c,aligned,1,219,219,21.908,7.296,55.337
1hfj.c,aligned,1,220,220,21.415,3.713,56.489
1hfj.c,aligned,1,221,221,22.325,0.655,54.405
1hfj.c,aligned,1,222,222,20.176,-2.341,53.552
1hfj.c,aligned,1,223,223,21.592,-5.868,53.596
1hfj.c,aligned,1,224,224,20.96,-9.352,54.98
1hfj.c,aligned,1,225,225,20.571,-9.236,58.786
1hfj.c,aligned,1,226,226,20.458,-5.421,58.74
1hfj.c,aligned,1,227,227,19.906,-4.215,62.326
1hfj.c,aligned,1,228,228,16.968,-2.284,63.66
1hfj.c,aligned,1,229,229,18.941,-0.54,66.339
1hfj.c,aligned,1,230,230,20.593,1.79,63.835
1hfj.c,aligned,1,231,231,17.185,3.383,63.233
1hfj.c,aligned,1,232,232,16.672,3.837,66.95
1hfj.c,aligned,1,233,233,20.117,5.418,67.14
1hfj.c,aligned,1,234,234,19.429,7.907,64.347
1hfj.c,aligned,1,235,235,16.016,8.906,65.756
1hfj.c,aligned,1,236,236,17.427,9.312,69.21
1hfj.c,aligned,1,237,237,20.0,11.708,67.724
1hfj.c,aligned,1,238,238,17.505,14.13,66.249
1hfj.c,aligned,1,239,239,17.692,13.379,62.53
1hfj.c,aligned,1,240,240,14.9,14.986,60.532
1hfj.c,aligned,1,241,241,15.137,12.463,57.716
1hfj.c,aligned,1,242,242,16.573,9.066,56.847
1hfj.c,aligned,1,243,243,17.742,8.021,53.41
1hfj.c,aligned,1,244,244,17.646,4.226,53.147
1hfj.c,aligned,1,245,245,20.148,2.697,50.656
1hfj.c,aligned,1,246,246,18.022,-0.386,50.119
1hfj.c,aligned,1,247,247,18.367,-3.81,48.607
1hfj.c,aligned,1,248,248,17.103,-3.844,45.033
1hfj.c,aligned,1,249,249,14.287,-1.384,44.471
1hfj.c,aligned,1,250,250,14.253,-0.002,48.002
1hfj.c,aligned,1,251,251,13.211,-3.336,49.575
1hfj.c,aligned,1,252,252,13.06,-3.567,53.358
1hfj.c,aligned,1,253,253,13.536,-6.489,55.747
1hfj.c,aligned,1,254,254,11.118,-7.052,58.647
1hfj.c,aligned,1,255,255,13.726,-5.413,60.905
1hfj.c,aligned,1,256,256,14.067,-2.384,58.647
1hfj.c,aligned,1,257,257,10.289,-2.011,58.43
1hfj.c,aligned,1,258,258,10.082,-1.963,62.234
1hfj.c,aligned,1,259,259,12.765,0.699,62.368
1hfj.c,aligned,1,260,260,11.062,2.809,59.704
1hfj.c,aligned,1,261,261,7.625,2.654,61.296
1hfj.c,aligned,1,262,262,9.269,3.763,64.514
1hfj.c,aligned,1,263,263,11.018,6.694,62.825
1hfj.c,aligned,1,264,264,7.675,7.641,61.217
1hfj.c,aligned,1,265,265,5.776,7.767,64.498
1hfj.c,aligned,1,266,266,8.573,10.023,65.672
1hfj.c,aligned,1,267,267,8.211,12.565,62.895
1hfj.c,aligned,1,268,268,11.196,11.455,60.844
1hfj.c,aligned,1,269,269,10.794,11.523,57.057
1hfj.c,aligned,1,270,270,11.864,8.226,55.485
1hfj.c,aligned,1,271,271,13.209,8.177,51.937
1hfj.c,aligned,1,272,272,13.712,4.738,50.388
1hfj.c,aligned,1,273,273,16.533,4.69,47.785
1hfj.c,aligned,1,274,274,18.752,1.881,46.433
1hfj.c,aligned,1,275,275,22.254,0.537,47.147
1hfj.c,aligned,1,276,276,22.465,-1.025,43.665
1hfj.c,aligned,1,277,277,23.898,2.075,41.998
1hfj.c,aligned,1,278,278,21.447,2.913,39.164
1hfj.c,aligned,1,279,279,17.761,2.722,38.414
1hfj.c,aligned,1,280,280,14.31,3.733,39.544
1hfj.c,aligned,1,281,281,12.829,2.985,42.961
1hfj.c,aligned,1,282,282,9.123,2.916,42.013
1hfj.c,aligned,1,283,283,6.221,3.769,44.337
1hfj.c,aligned,1,284,284,4.833,0.963,46.516
1hfj.c,aligned,1,285,285,1.894,1.527,48.849
1hfj.c,aligned,1,286,286,2.585,-1.776,50.665
1hfj.c,aligned,1,287,287,5.764,-0.21,52.093
1hfj.c,aligned,1,288,288,6.582,2.694,54.409
1hfj.c,aligned,1,289,289,8.304,5.918,53.338
1hfj.c,aligned,1,290,290,8.778,7.865,50.119
1hfj.c,aligned,1,291,291,10.693,6.636,47.047
1hfj.c,aligned,1,292,292,13.711,8.336,45.516
1hfj.c,aligned,1,293,293,12.958,8.06,41.785
1hfj.c,aligned,1,294,294,16.422,7.716,40.151
1hfj.c,aligned,1,295,295,18.261,9.625,42.884
1hfj.c,aligned,1,296,296,21.053,7.561,44.472
1hfj.c,aligned,1,297,297,21.62,7.648,48.267
1hfj.c,aligned,1,298,298,24.143,10.511,48.126
1hfj.c,aligned,1,299,299,21.988,12.682,45.833
1hfj.c,aligned,1,300,300,18.754,11.764,47.667
1hfj.c,aligned,1,301,301,20.239,12.998,50.944
1hfj.c,aligned,1,302,302,21.008,16.401,49.405
1hfj.c,aligned,1,303,303,17.508,16.889,47.93
1hfj.c,aligned,1,304,304,15.932,15.69,51.162
1hfj.c,aligned,1,305,305,17.908,18.186,53.252
1hfj.c,aligned,1,306,306,16.798,21.052,50.985
1hfj.c,aligned,1,307,307,13.191,19.887,50.766
1hfj.c,aligned,1,308,308,12.998,20.008,54.568
1hfj.c,aligned,1,309,309,13.983,23.648,54.547
1hfj.c,aligned,1,310,310,10.641,24.241,52.874
1hfj.c,aligned,1,311,311,8.152,21.654,53.989
1hfj.c,aligned,1,312,312,7.665,18.358,55.724
1hfj.c,aligned,1,313,313,4.597,17.442,53.66
1hfj.c,aligned,1,314,314,5.23,13.906,52.351
1hfj.c,aligned,1,315,315,3.104,14.653,49.31
1hfj.c,aligned,1,316,316,5.159,17.721,48.315
1hfj.c,aligned,1,317,317,8.553,16.087,48.99
1hfj.c,aligned,1,318,318,7.585,13.103,46.846
1hfj.c,aligned,1,319,319,6.806,15.602,44.082
1hfj.c,aligned,1,320,320,10.247,17.203,44.394
1hfj.c,aligned,1,321,321,11.888,13.79,44.013
1hfj.c,aligned,1,322,322,10.149,13.225,40.69
1hfj.c,aligned,1,323,323,10.942,16.648,39.243
1hfj.c,aligned,1,324,324,14.421,17.58,40.518
4eca.b,aligned,1,0,0,38.748,36.331,26.245
4eca.b,aligned,1,1,1,36.132,35.196,28.727
4eca.b,aligned,1,2,2,36.247,36.257,32.282
4eca.b,aligned,1,3,3,36.186,33.006,34.204
4eca.b,aligned,1,4,4,36.101,33.038,37.972
4eca.b,aligned,1,5,5,37.882,30.154,39.742
4eca.b,aligned,1,6,6,36.473,29.519,43.199
4eca.b,aligned,1,7,7,38.682,27.214,45.251
4eca.b,aligned,1,8,8,37.55,24.826,47.902
4eca.b,aligned,1,9,9,40.751,22.801,48.35
4eca.b,aligned,1,10,10,40.91,19.15,47.339
4eca.b,aligned,1,11,11,43.692,19.391,42.799
4eca.b,aligned,1,12,12,45.556,21.606,45.306
4eca.b,aligned,1,13,13,47.153,18.777,47.314
4eca.b,aligned,1,14,14,50.782,17.837,47.418
4eca.b,aligned,1,15,15,52.576,14.729,48.585
4eca.b,aligned,1,16,16,56.203,14.041,49.569
4eca.b,aligned,1,17,17,56.961,12.083,46.37
4eca.b,aligned,1,18,18,56.018,12.05,42.692
4eca.b,aligned,1,19,19,55.942,8.216,42.969
4eca.b,aligned,1,20,20,54.409,7.716,46.402
4eca.b,aligned,1,21,21,50.612,7.582,46.506
4eca.b,aligned,1,22,22,50.674,9.541,49.743
4eca.b,aligned,1,23,23,49.407,13.146,49.852
4eca.b,aligned,1,24,24,47.548,15.92,51.657
4eca.b,aligned,1,25,25,44.885,18.29,50.325
4eca.b,aligned,1,26,26,44.951,22.047,50.731
4eca.b,aligned,1,27,27,48.726,22.56,50.202
4eca.b,aligned,1,28,28,48.436,25.012,47.264
4eca.b,aligned,1,29,29,46.422,28.213,46.865
4eca.b,aligned,1,30,30,44.166,29.317,43.963
4eca.b,aligned,1,31,31,46.784,31.803,42.764
4eca.b,aligned,1,32,32,49.336,28.981,42.547
4eca.b,aligned,1,33,33,46.808,26.614,41.015
4eca.b,aligned,1,34,34,45.951,29.204,38.357
4eca.b,aligned,1,35,35,49.593,30.171,37.711
4eca.b,aligned,1,36,36,50.65,26.581,37.443
4eca.b,aligned,1,37,37,48.639,26.262,34.219
4eca.b,aligned,1,38,38,49.536,29.551,32.483
4eca.b,aligned,1,39,39,47.951,28.488,29.202
4eca.b,aligned,1,40,40,44.753,29.376,31.027
4eca.b,aligned,1,41,41,45.712,32.941,30.148
4eca.b,aligned,1,42,42,45.359,32.173,26.472
4eca.b,aligned,1,43,43,41.679,31.292,26.754
4eca.b,aligned,1,44,44,40.336,33.203,29.674
4eca.b,aligned,1,45,45,40.696,36.103,32.028
4eca.b,aligned,1,46,46,40.971,34.075,35.164
4eca.b,aligned,1,47,47,40.186,35.534,38.573
4eca.b,aligned,1,48,48,40.907,33.084,41.395
4eca.b,aligned,1,49,49,39.08,33.335,44.675
4eca.b,aligned,1,50,50,39.841,30.855,47.448
4eca.b,aligned,1,51,51,36.434,30.161,48.966
4eca.b,aligned,1,52,52,37.637,27.432,51.367
4eca.b,aligned,1,53,53,40.586,25.021,51.545
4eca.b,aligned,1,54,54,39.429,21.529,52.647
4eca.b,aligned,1,55,55,39.432,17.886,51.577
4eca.b,aligned,1,56,56,36.02,17.236,50.078
4eca.b,aligned,1,57,57,35.668,14.335,52.481
4eca.b,aligned,1,58,58,34.936,17.24,54.825
4eca.b,aligned,1,59,59,32.491,19.147,52.658
4eca.b,aligned,1,60,60,29.446,20.383,54.507
4eca.b,aligned,1,61,61,26.225,22.347,54.326
4eca.b,aligned,1,62,62,28.038,25.612,55.095
4eca.b,aligned,1,63,63,30.473,25.395,52.22
4eca.b,aligned,1,64,64,27.507,24.479,49.976
4eca.b,aligned,1,65,65,25.31,27.455,51.083
4eca.b,aligned,1,66,66,28.333,29.795,50.742
4eca.b,aligned,1,67,67,29.234,28.364,47.347
4eca.b,aligned,1,68,68,25.653,28.756,46.001
4eca.b,aligned,1,69,69,25.382,32.236,47.428
4eca.b,aligned,1,70,70,28.7,33.255,45.833
4eca.b,aligned,1,71,71,27.958,32.101,42.297
4eca.b,aligned,1,72,72,24.487,33.555,42.61
4eca.b,aligned,1,73,73,25.707,36.965,43.738
4eca.b,aligned,1,74,74,28.717,37.216,41.465
4eca.b,aligned,1,75,75,26.912,35.803,38.448
4eca.b,aligned,1,76,76,26.813,39.276,36.832
4eca.b,aligned,1,77,77,30.516,40.062,37.401
4eca.b,aligned,1,78,78,31.811,37.081,35.362
4eca.b,aligned,1,79,79,31.268,34.904,32.23
4eca.b,aligned,1,80,80,31.75,31.459,33.812
4eca.b,aligned,1,81,81,32.715,29.807,37.069
4eca.b,aligned,1,82,82,35.193,26.926,37.595
4eca.b,aligned,1,83,83,35.043,25.408,41.101
4eca.b,aligned,1,84,84,38.172,23.393,42.052
4eca.b,aligned,1,85,85,37.204,20.706,44.536
4eca.b,aligned,1,86,86,38.151,17.428,46.112
4eca.b,aligned,1,87,87,36.918,14.399,44.136
4eca.b,aligned,1,88,88,35.445,12.554,47.206
4eca.b,aligned,1,89,89,32.184,14.494,47.603
4eca.b,aligned,1,90,90,32.365,16.334,44.269
4eca.b,aligned,1,91,91,29.299,14.597,42.806
4eca.b,aligned,1,92,92,27.439,15.955,45.888
4eca.b,aligned,1,93,93,28.46,19.624,45.692
4eca.b,aligned,1,94,94,27.985,19.422,41.947
4eca.b,aligned,1,95,95,24.42,18.383,42.569
4eca.b,aligned,1,96,96,23.82,20.874,45.408
4eca.b,aligned,1,97,97,24.849,23.767,43.249
4eca.b,aligned,1,98,98,22.821,22.214,40.45
4eca.b,aligned,1,99,99,19.606,22.807,42.349
4eca.b,aligned,1,100,100,20.418,26.083,44.142
4eca.b,aligned,1,101,101,22.484,28.087,41.671
4eca.b,aligned,1,102,102,20.418,30.378,39.511
4eca.b,aligned,1,103,103,23.382,31.426,37.386
4eca.b,aligned,1,104,104,22.935,29.716,34.016
4eca.b,aligned,1,105,105,26.288,30.915,32.719
4eca.b,aligned,1,106,106,28.76,27.934,32.716
4eca.b,aligned,1,107,107,29.262,26.761,36.345
4eca.b,aligned,1,108,108,31.927,23.976,36.079
4eca.b,aligned,1,109,109,33.468,21.811,38.862
4eca.b,aligned,1,110,110,36.949,20.282,38.535
4eca.b,aligned,1,111,111,39.199,18.148,40.731
4eca.b,aligned,1,112,112,42.144,15.775,40.338
4eca.b,aligned,1,113,113,42.771,12.184,41.431
4eca.b,aligned,1,114,114,46.558,12.505,41.514
4eca.b,aligned,1,115,115,48.035,15.074,43.902
4eca.b,aligned,1,116,116,49.824,18.0,42.257
4eca.b,aligned,1,117,117,53.243,16.719,43.258
4eca.b,aligned,1,118,118,52.737,13.446,41.368
4eca.b,aligned,1,119,119,54.087,12.067,38.136
4eca.b,aligned,1,120,120,51.6,12.545,35.279
4eca.b,aligned,1,121,121,49.408,14.692,37.583
4eca.b,aligned,1,122,122,45.916,14.966,36.161
4eca.b,aligned,1,123,123,45.234,18.306,37.878
4eca.b,aligned,1,124,124,46.839,20.611,35.226
4eca.b,aligned,1,125,125,44.96,19.518,32.137
4eca.b,aligned,1,126,126,41.727,18.93,34.106
4eca.b,aligned,1,127,127,41.824,22.548,35.239
4eca.b,aligned,1,128,128,42.725,23.716,31.742
4eca.b,aligned,1,129,129,39.88,21.66,30.247
4eca.b,aligned,1,130,130,37.457,22.863,32.94
4eca.b,aligned,1,131,131,38.194,26.448,31.918
4eca.b,aligned,1,132,132,37.721,25.48,28.239
4eca.b,aligned,1,133,133,34.307,24.236,29.288
4eca.b,aligned,1,134,134,33.369,27.253,31.386
4eca.b,aligned,1,135,135,34.4,29.518,28.547
4eca.b,aligned,1,136,136,32.429,27.727,25.894
4eca.b,aligned,1,137,137,29.085,29.475,25.643
4eca.b,aligned,1,138,138,27.594,26.109,24.587
4eca.b,aligned,1,139,139,27.964,25.185,28.289
4eca.b,aligned,1,140,140,25.476,27.779,29.356
4eca.b,aligned,1,141,141,22.198,26.301,30.505
4eca.b,aligned,1,142,142,23.314,22.724,30.945
4eca.b,aligned,1,143,143,23.231,23.093,34.702
4eca.b,aligned,1,144,144,26.294,22.741,36.926
4eca.b,aligned,1,145,145,28.878,20.568,35.26
4eca.b,aligned,1,146,146,31.796,18.379,36.325
4eca.b,aligned,1,147,147,34.734,18.322,33.905
4eca.b,aligned,1,148,148,37.164,15.402,34.423
4eca.b,aligned,1,149,149,39.138,13.228,32.095
4eca.b,aligned,1,150,150,38.154,15.219,28.998
4eca.b,aligned,1,151,151,34.469,14.618,29.582
4eca.b,aligned,1,152,152,31.705,17.145,30.447
4eca.b,aligned,1,153,153,29.364,15.524,32.901
4eca.b,aligned,1,154,154,26.132,16.787,34.422
4eca.b,aligned,1,155,155,26.093,17.476,38.148
4eca.b,aligned,1,156,156,23.095,15.246,38.636
4eca.b,aligned,1,157,157,24.178,11.865,37.177
4eca.b,aligned,1,158,158,27.874,12.291,37.635
4eca.b,aligned,1,159,159,29.454,10.001,40.137
4eca.b,aligned,1,160,160,32.886,8.737,41.301
4eca.b,aligned,1,161,161,33.037,5.253,39.836
4eca.b,aligned,1,162,162,36.554,4.114,40.934
4eca.b,aligned,1,163,163,38.388,4.983,44.166
4eca.b,aligned,1,164,164,41.586,5.852,42.311
4eca.b,aligned,1,165,165,41.206,5.915,38.506
4eca.b,aligned,1,166,166,41.672,9.328,36.879
4eca.b,aligned,1,167,167,38.812,8.378,34.531
4eca.b,aligned,1,168,168,36.574,7.642,37.504
4eca.b,aligned,1,169,169,33.931,10.304,36.877
4eca.b,aligned,1,170,170,31.031,9.055,34.919
4eca.b,aligned,1,171,171,27.361,9.825,34.649
4eca.b,aligned,1,172,172,26.479,6.159,35.15
4eca.b,aligned,1,173,173,22.887,6.296,34.008
4eca.b,aligned,1,174,174,22.498,8.751,31.198
4eca.b,aligned,1,175,175,25.959,9.499,29.838
4eca.b,aligned,1,176,176,28.17,12.648,29.65
4eca.b,aligned,1,177,177,27.059,15.919,27.919
4eca.b,aligned,1,178,178,30.084,16.037,25.718
4eca.b,aligned,1,179,179,33.723,15.331,25.091
4eca.b,aligned,1,180,180,36.565,17.847,24.963
4eca.b,aligned,1,181,181,39.199,17.33,22.272
4eca.b,aligned,1,182,182,41.733,19.943,21.267
4eca.b,aligned,1,183,183,39.899,22.612,23.306
4eca.b,aligned,1,184,184,36.518,22.123,21.59
4eca.b,aligned,1,185,185,33.481,20.369,23.089
4eca.b,aligned,1,186,186,31.026,18.203,21.134
4eca.b,aligned,1,187,187,27.838,18.446,23.175
4eca.b,aligned,1,188,188,25.162,15.999,22.256
4eca.b,aligned,1,189,189,23.098,16.132,25.4
4eca.b,aligned,1,190,190,21.945,18.211,28.343
4eca.b,aligned,1,191,191,20.083,17.079,31.463
4eca.b,aligned,1,192,192,16.254,16.987,30.938
4eca.b,aligned,1,193,193,15.728,17.11,34.634
4eca.b,aligned,1,194,194,15.158,20.631,36.02
4eca.b,aligned,1,195,195,18.181,22.425,37.382
4eca.b,aligned,1,196,196,19.379,25.842,38.458
4eca.b,aligned,1,197,197,16.758,28.557,37.781
4eca.b,aligned,1,198,198,14.032,26.013,37.029
4eca.b,aligned,1,199,199,14.163,24.727,40.565
4eca.b,aligned,1,200,200,12.228,26.405,43.397
4eca.b,aligned,1,201,201,15.189,25.939,45.675
4eca.b,aligned,1,202,202,16.557,29.093,47.187
4eca.b,aligned,1,203,203,19.277,29.095,49.76
4eca.b,aligned,1,204,204,20.078,32.8,49.435
4eca.b,aligned,1,205,205,18.604,33.568,52.848
4eca.b,aligned,1,206,206,19.387,30.122,54.333
4eca.b,aligned,1,207,207,22.127,29.733,56.972
4eca.b,aligned,1,208,208,21.506,26.006,57.471
4eca.b,aligned,1,209,209,19.967,23.079,55.548
4eca.b,aligned,1,210,210,17.539,20.525,57.016
4eca.b,aligned,1,211,211,19.048,17.458,58.751
4eca.b,aligned,1,212,212,19.138,14.441,56.413
4eca.b,aligned,1,213,213,21.324,11.374,57.168
4eca.b,aligned,1,214,214,21.974,8.119,55.201
4eca.b,aligned,1,215,215,21.791,4.583,56.707
4eca.b,aligned,1,216,216,23.381,1.544,55.083
4eca.b,aligned,1,217,217,21.618,-1.769,54.41
4eca.b,aligned,1,218,218,23.428,-5.064,54.336
4eca.b,aligned,1,219,219,22.57,-8.511,55.728
4eca.b,aligned,1,220,220,21.928,-8.357,59.478
4eca.b,aligned,1,221,221,21.928,-4.519,59.193
4eca.b,aligned,1,222,222,21.624,-2.892,62.593
4eca.b,aligned,1,223,223,18.808,-0.436,63.016
4eca.b,aligned,1,224,224,20.928,1.508,65.496
4eca.b,aligned,1,225,225,22.172,4.068,62.962
4eca.b,aligned,1,226,226,18.616,4.776,61.872
4eca.b,aligned,1,227,227,17.354,5.114,65.399
4eca.b,aligned,1,228,228,20.285,7.399,66.225
4eca.b,aligned,1,229,229,19.256,9.791,63.495
4eca.b,aligned,1,230,230,15.636,9.545,64.485
4eca.b,aligned,1,231,231,16.152,10.208,68.215
4eca.b,aligned,1,232,232,18.24,13.211,67.079
4eca.b,aligned,1,233,233,15.318,14.689,65.145
4eca.b,aligned,1,234,234,16.593,14.295,61.628
4eca.b,aligned,1,235,235,14.208,15.783,59.12
4eca.b,aligned,1,236,236,15.113,13.209,56.558
4eca.b,aligned,1,237,237,16.555,9.726,56.258
4eca.b,aligned,1,238,238,17.974,8.481,53.017
4eca.b,aligned,1,239,239,18.305,4.722,52.895
4eca.b,aligned,1,240,240,21.284,3.245,51.08
4eca.b,aligned,1,241,241,19.224,0.141,50.393
4eca.b,aligned,1,242,242,20.005,-3.272,49.03
4eca.b,aligned,1,243,243,18.959,-3.961,45.443
4eca.b,aligned,1,244,244,16.001,-1.941,44.228
4eca.b,aligned,1,245,245,15.901,0.281,47.339
4eca.b,aligned,1,246,246,15.079,-2.561,49.72
4eca.b,aligned,1,247,247,15.69,-2.445,53.477
4eca.b,aligned,1,248,248,16.814,-4.892,56.117
4eca.b,aligned,1,249,249,13.786,-5.728,58.239
4eca.b,aligned,1,250,250,14.745,-3.786,61.396
4eca.b,aligned,1,251,251,15.855,-0.718,59.386
4eca.b,aligned,1,252,252,12.566,-0.807,57.509
4eca.b,aligned,1,253,253,10.648,-0.759,60.838
4eca.b,aligned,1,254,254,12.548,2.235,62.235
4eca.b,aligned,1,255,255,12.123,4.145,59.014
4eca.b,aligned,1,256,256,8.431,3.211,58.698
4eca.b,aligned,1,257,257,7.784,4.371,62.265
4eca.b,aligned,1,258,258,9.862,7.55,61.79
4eca.b,aligned,1,259,259,7.991,8.271,58.568
4eca.b,aligned,1,260,260,4.707,7.908,60.506
4eca.b,aligned,1,261,261,5.913,10.639,62.819
4eca.b,aligned,1,262,262,6.714,13.144,60.062
4eca.b,aligned,1,263,263,10.361,12.102,59.297
4eca.b,aligned,1,264,264,10.902,12.13,55.488
4eca.b,aligned,1,265,265,12.157,8.649,54.424
4eca.b,aligned,1,266,266,13.695,8.298,50.97
4eca.b,aligned,1,267,267,14.706,4.927,49.681
4eca.b,aligned,1,268,268,17.841,4.921,47.628
4eca.b,aligned,1,269,269,20.186,2.058,46.87
4eca.b,aligned,1,270,270,23.839,1.107,47.448
4eca.b,aligned,1,271,271,23.746,-0.335,43.907
4eca.b,aligned,1,272,272,25.867,2.104,41.779
4eca.b,aligned,1,273,273,23.58,2.402,38.783
4eca.b,aligned,1,274,274,19.864,2.266,38.128
4eca.b,aligned,1,275,275,16.788,3.676,39.772
4eca.b,aligned,1,276,276,15.255,2.829,43.103
4eca.b,aligned,1,277,277,11.727,2.49,41.732
4eca.b,aligned,1,278,278,8.189,2.391,43.191
4eca.b,aligned,1,279,279,6.069,-0.592,42.137
4eca.b,aligned,1,280,280,8.593,-3.277,43.171
4eca.b,aligned,1,281,281,8.523,-4.815,46.634
4eca.b,aligned,1,282,282,7.889,-1.681,48.742
4eca.b,aligned,1,283,283,4.507,0.078,48.884
4eca.b,aligned,1,284,284,5.939,3.529,49.31
4eca.b,aligned,1,285,285,2.548,5.157,49.7
4eca.b,aligned,1,286,286,1.499,2.802,52.517
4eca.b,aligned,1,287,287,4.567,3.981,54.437
4eca.b,aligned,1,288,288,5.166,7.577,53.409
4eca.b,aligned,1,289,289,8.503,6.665,51.855
4eca.b,aligned,1,290,290,9.936,8.27,48.66
4eca.b,aligned,1,291,291,11.66,6.273,45.907
4eca.b,aligned,1,292,292,14.82,8.105,44.943
4eca.b,aligned,1,293,293,14.928,7.178,41.274
4eca.b,aligned,1,294,294,18.474,7.113,39.907
4eca.b,aligned,1,295,295,19.694,9.424,42.708
4eca.b,aligned,1,296,296,22.368,7.582,44.682
4eca.b,aligned,1,297,297,22.253,7.947,48.434
4eca.b,aligned,1,298,298,24.399,11.062,48.692
4eca.b,aligned,1,299,299,22.7,12.852,45.791
4eca.b,aligned,1,300,300,19.299,11.943,47.164
4eca.b,aligned,1,301,301,20.48,13.548,50.386
4eca.b,aligned,1,302,302,21.013,16.755,48.443
4eca.b,aligned,1,303,303,17.52,16.718,46.893
4eca.b,aligned,1,304,304,15.856,15.671,50.218
4eca.b,aligned,1,305,305,17.423,18.477,52.288
4eca.b,aligned,1,306,306,16.185,20.899,49.641
4eca.b,aligned,1,307,307,12.705,19.331,49.261
4eca.b,aligned,1,308,308,12.685,19.66,53.057
4eca.b,aligned,1,309,309,13.097,23.465,52.719
4eca.b,aligned,1,310,310,9.741,23.557,50.878
4eca.b,aligned,1,311,311,7.588,20.659,52.01
4eca.b,aligned,1,312,312,7.447,17.809,54.538
4eca.b,aligned,1,313,313,4.729,15.946,52.641
4eca.b,aligned,1,314,314,5.908,12.557,51.266
4eca.b,aligned,1,315,315,3.957,13.012,48.104
4eca.b,aligned,1,316,316,5.192,16.52,47.446
4eca.b,aligned,1,317,317,8.714,15.306,48.219
4eca.b,aligned,1,318,318,8.08,12.44,45.776
4eca.b,aligned,1,319,319,7.002,14.721,42.953
4eca.b,aligned,1,320,320,10.178,16.751,43.637
4eca.b,aligned,1,321,321,12.146,13.541,43.137
4eca.b,aligned,1,322,322,10.335,13.009,39.88
4eca.b,aligned,1,323,323,11.231,16.449,38.605
4eca.b,aligned,1,324,324,14.617,17.421,39.868
4eca.c,aligned,1,0,0,38.966,36.43,26.405
4eca.c,aligned,1,1,1,36.054,35.268,28.63
4eca.c,aligned,1,2,2,36.235,36.341,32.242
4eca.c,aligned,1,3,3,36.247,33.129,34.217
4eca.c,aligned,1,4,4,36.098,33.062,37.983
4eca.c,aligned,1,5,5,37.832,30.216,39.824
4eca.c,aligned,1,6,6,36.309,29.466,43.248
4eca.c,aligned,1,7,7,38.865,27.269,44.997
4eca.c,aligned,1,8,8,37.681,25.003,47.792
4eca.c,aligned,1,9,9,40.715,22.746,48.235
4eca.c,aligned,1,10,10,40.918,19.076,47.348
4eca.c,aligned,1,11,11,44.044,19.281,42.944
4eca.c,aligned,1,12,12,45.598,21.501,45.583
4eca.c,aligned,1,13,13,47.118,18.556,47.463
4eca.c,aligned,1,14,14,50.696,17.468,47.285
4eca.c,aligned,1,15,15,52.689,14.725,48.939
4eca.c,aligned,1,16,16,56.243,13.474,49.542
4eca.c,aligned,1,17,17,56.875,12.546,45.934
4eca.c,aligned,1,18,18,55.647,11.935,42.416
4eca.c,aligned,1,19,19,56.303,8.227,42.616
4eca.c,aligned,1,20,20,54.6,7.899,45.997
4eca.c,aligned,1,21,21,50.878,7.964,46.436
4eca.c,aligned,1,22,22,50.826,9.846,49.783
4eca.c,aligned,1,23,23,49.463,13.362,49.955
4eca.c,aligned,1,24,24,47.339,15.732,51.993
4eca.c,aligned,1,25,25,44.642,17.984,50.642
4eca.c,aligned,1,26,26,45.052,21.743,50.22
4eca.c,aligned,1,27,27,48.794,22.353,50.107
4eca.c,aligned,1,28,28,48.441,25.169,47.517
4eca.c,aligned,1,29,29,46.265,28.223,46.953
4eca.c,aligned,1,30,30,44.114,29.333,44.016
4eca.c,aligned,1,31,31,46.881,31.474,42.57
4eca.c,aligned,1,32,32,49.539,28.752,42.493
4eca.c,aligned,1,33,33,47.081,26.411,40.758
4eca.c,aligned,1,34,34,46.464,29.037,38.15
4eca.c,aligned,1,35,35,50.074,30.152,37.766
4eca.c,aligned,1,36,36,50.956,26.445,37.445
4eca.c,aligned,1,37,37,48.725,26.351,34.336
4eca.c,aligned,1,38,38,49.753,29.471,32.413
4eca.c,aligned,1,39,39,47.899,28.27,29.367
4eca.c,aligned,1,40,40,44.811,29.382,31.087
4eca.c,aligned,1,41,41,45.896,32.877,30.043
4eca.c,aligned,1,42,42,45.377,32.071,26.389
4eca.c,aligned,1,43,43,41.799,30.969,26.864
4eca.c,aligned,1,44,44,40.254,32.95,29.632
4eca.c,aligned,1,45,45,40.847,36.005,31.742
4eca.c,aligned,1,46,46,41.055,34.19,35.024
4eca.c,aligned,1,47,47,40.202,35.529,38.459
4eca.c,aligned,1,48,48,40.79,33.159,41.417
4eca.c,aligned,1,49,49,39.293,33.213,44.914
4eca.c,aligned,1,50,50,39.825,30.75,47.698
4eca.c,aligned,1,51,51,36.401,30.015,49.221
4eca.c,aligned,1,52,52,37.68,27.344,51.655
4eca.c,aligned,1,53,53,40.562,24.901,51.528
4eca.c,aligned,1,54,54,39.308,21.57,52.686
4eca.c,aligned,1,55,55,39.468,18.005,51.537
4eca.c,aligned,1,56,56,36.032,17.323,50.17
4eca.c,aligned,1,57,57,35.618,14.474,52.713
4eca.c,aligned,1,58,58,34.866,17.354,55.063
4eca.c,aligned,1,59,59,32.471,19.192,52.691
4eca.c,aligned,1,60,60,29.357,20.427,54.492
4eca.c,aligned,1,61,61,26.218,22.561,54.232
4eca.c,aligned,1,62,62,28.023,25.791,55.074
4eca.c,aligned,1,63,63,30.491,25.377,52.266
4eca.c,aligned,1,64,64,27.496,24.595,50.062
4eca.c,aligned,1,65,65,25.34,27.595,51.081
4eca.c,aligned,1,66,66,28.436,29.764,50.843
4eca.c,aligned,1,67,67,29.224,28.448,47.367
4eca.c,aligned,1,68,68,25.72,28.938,45.935
4eca.c,aligned,1,69,69,25.302,32.363,47.434
4eca.c,aligned,1,70,70,28.688,33.281,45.975
4eca.c,aligned,1,71,71,27.907,31.992,42.503
4eca.c,aligned,1,72,72,24.546,33.667,42.446
4eca.c,aligned,1,73,73,25.908,36.938,43.815
4eca.c,aligned,1,74,74,28.826,37.243,41.326
4eca.c,aligned,1,75,75,27.144,35.66,38.362
4eca.c,aligned,1,76,76,26.318,39.043,36.916
4eca.c,aligned,1,77,77,30.027,39.999,37.301
4eca.c,aligned,1,78,78,31.739,37.173,35.358
4eca.c,aligned,1,79,79,31.334,34.944,32.253
4eca.c,aligned,1,80,80,31.479,31.516,33.834
4eca.c,aligned,1,81,81,32.777,29.684,36.896
4eca.c,aligned,1,82,82,35.175,26.867,37.718
4eca.c,aligned,1,83,83,34.985,25.484,41.237
4eca.c,aligned,1,84,84,38.082,23.453,42.051
4eca.c,aligned,1,85,85,37.078,20.782,44.576
4eca.c,aligned,1,86,86,38.193,17.425,45.914
4eca.c,aligned,1,87,87,36.961,14.306,44.133
4eca.c,aligned,1,88,88,35.522,12.622,47.246
4eca.c,aligned,1,89,89,32.278,14.498,47.588
4eca.c,aligned,1,90,90,32.358,16.484,44.371
4eca.c,aligned,1,91,91,29.32,14.655,42.965
4eca.c,aligned,1,92,92,27.276,15.879,45.989
4eca.c,aligned,1,93,93,28.329,19.51,45.659
4eca.c,aligned,1,94,94,27.852,19.536,41.896
4eca.c,aligned,1,95,95,24.3,18.263,42.421
4eca.c,aligned,1,96,96,23.595,20.777,45.228
4eca.c,aligned,1,97,97,24.76,23.743,43.105
4eca.c,aligned,1,98,98,22.822,22.257,40.16
4eca.c,aligned,1,99,99,19.593,22.894,42.118
4eca.c,aligned,1,100,100,20.376,26.118,44.047
4eca.c,aligned,1,101,101,22.502,28.099,41.56
4eca.c,aligned,1,102,102,20.341,30.519,39.571
4eca.c,aligned,1,103,103,23.278,31.622,37.454
4eca.c,aligned,1,104,104,22.896,29.837,34.114
4eca.c,aligned,1,105,105,26.279,30.96,32.857
4eca.c,aligned,1,106,106,28.763,28.013,32.598
4eca.c,aligned,1,107,107,29.3,26.546,36.091
4eca.c,aligned,1,108,108,32.036,23.878,36.073
4eca.c,aligned,1,109,109,33.482,21.802,38.917
4eca.c,aligned,1,110,110,36.958,20.285,38.537
4eca.c,aligned,1,111,111,39.137,18.028,40.666
4eca.c,aligned,1,112,112,42.2,15.776,40.488
4eca.c,aligned,1,113,113,42.723,12.119,41.332
4eca.c,aligned,1,114,114,46.506,12.555,41.58
4eca.c,aligned,1,115,115,47.87,15.262,43.9
4eca.c,aligned,1,116,116,49.768,18.097,42.251
4eca.c,aligned,1,117,117,53.11,16.452,43.152
4eca.c,aligned,1,118,118,52.619,13.244,41.178
4eca.c,aligned,1,119,119,54.102,12.186,37.904
4eca.c,aligned,1,120,120,51.577,12.622,35.133
4eca.c,aligned,1,121,121,49.493,14.702,37.53
4eca.c,aligned,1,122,122,46.022,15.03,36.121
4eca.c,aligned,1,123,123,45.305,18.416,37.752
4eca.c,aligned,1,124,124,46.83,20.787,35.12
4eca.c,aligned,1,125,125,44.957,19.614,32.069
4eca.c,aligned,1,126,126,41.906,18.988,34.192
4eca.c,aligned,1,127,127,41.799,22.631,35.342
4eca.c,aligned,1,128,128,42.72,23.733,31.845
4eca.c,aligned,1,129,129,39.857,21.697,30.378
4eca.c,aligned,1,130,130,37.512,22.883,33.124
4eca.c,aligned,1,131,131,38.141,26.471,32.008
4eca.c,aligned,1,132,132,37.724,25.473,28.343
4eca.c,aligned,1,133,133,34.188,24.44,29.428
4eca.c,aligned,1,134,134,33.353,27.411,31.693
4eca.c,aligned,1,135,135,34.422,29.525,28.726
4eca.c,aligned,1,136,136,32.387,27.74,26.054
4eca.c,aligned,1,137,137,29.083,29.488,25.501
4eca.c,aligned,1,138,138,27.485,26.174,24.605
4eca.c,aligned,1,139,139,27.92,25.221,28.316
4eca.c,aligned,1,140,140,25.401,27.701,29.485
4eca.c,aligned,1,141,141,22.064,26.335,30.536
4eca.c,aligned,1,142,142,23.28,22.787,30.872
4eca.c,aligned,1,143,143,23.072,23.046,34.657
4eca.c,aligned,1,144,144,26.098,22.735,36.992
4eca.c,aligned,1,145,145,28.793,20.652,35.364
4eca.c,aligned,1,146,146,31.722,18.427,36.358
4eca.c,aligned,1,147,147,34.655,18.311,33.874
4eca.c,aligned,1,148,148,37.133,15.504,34.426
4eca.c,aligned,1,149,149,39.084,13.345,32.027
4eca.c,aligned,1,150,150,38.261,15.348,28.927
4eca.c,aligned,1,151,151,34.61,14.838,29.618
4eca.c,aligned,1,152,152,31.774,17.245,30.456
4eca.c,aligned,1,153,153,29.435,15.512,32.923
4eca.c,aligned,1,154,154,26.041,16.734,34.229
4eca.c,aligned,1,155,155,25.989,17.387,37.968
4eca.c,aligned,1,156,156,22.977,15.19,38.621
4eca.c,aligned,1,157,157,24.209,11.962,37.067
4eca.c,aligned,1,158,158,27.967,12.303,37.582
4eca.c,aligned,1,159,159,29.347,10.025,40.264
4eca.c,aligned,1,160,160,32.774,8.743,41.359
4eca.c,aligned,1,161,161,33.119,5.266,39.896
4eca.c,aligned,1,162,162,36.605,4.147,41.064
4eca.c,aligned,1,163,163,38.628,4.959,44.126
4eca.c,aligned,1,164,164,41.78,5.968,42.284
4eca.c,aligned,1,165,165,41.365,5.897,38.474
4eca.c,aligned,1,166,166,41.804,9.226,36.703
4eca.c,aligned,1,167,167,38.788,8.19,34.608
4eca.c,aligned,1,168,168,36.628,7.656,37.686
4eca.c,aligned,1,169,169,33.926,10.314,36.975
4eca.c,aligned,1,170,170,31.108,9.076,34.815
4eca.c,aligned,1,171,171,27.426,9.737,34.419
4eca.c,aligned,1,172,172,26.443,6.128,35.115
4eca.c,aligned,1,173,173,22.692,6.093,34.24
4eca.c,aligned,1,174,174,22.379,8.706,31.514
4eca.c,aligned,1,175,175,25.879,9.345,30.172
4eca.c,aligned,1,176,176,28.002,12.512,29.614
4eca.c,aligned,1,177,177,26.866,15.736,27.923
4eca.c,aligned,1,178,178,30.028,16.009,25.88
4eca.c,aligned,1,179,179,33.668,15.294,25.274
4eca.c,aligned,1,180,180,36.54,17.787,24.971
4eca.c,aligned,1,181,181,39.186,17.434,22.282
4eca.c,aligned,1,182,182,41.874,19.975,21.312
4eca.c,aligned,1,183,183,40.088,22.69,23.305
4eca.c,aligned,1,184,184,36.689,21.928,21.735
4eca.c,aligned,1,185,185,33.52,20.361,23.118
4eca.c,aligned,1,186,186,30.868,18.532,21.116
4eca.c,aligned,1,187,187,27.808,18.668,23.345
4eca.c,aligned,1,188,188,25.286,16.038,22.272
4eca.c,aligned,1,189,189,23.092,16.016,25.392
4eca.c,aligned,1,190,190,21.699,18.084,28.266
4eca.c,aligned,1,191,191,19.938,16.789,31.365
4eca.c,aligned,1,192,192,16.182,17.027,30.941
4eca.c,aligned,1,193,193,15.616,17.152,34.721
4eca.c,aligned,1,194,194,15.018,20.609,36.103
4eca.c,aligned,1,195,195,18.103,22.445,37.19
4eca.c,aligned,1,196,196,19.319,25.796,38.351
4eca.c,aligned,1,197,197,16.989,28.649,37.469
4eca.c,aligned,1,198,198,14.133,26.207,36.714
4eca.c,aligned,1,199,199,13.969,24.962,40.3
4eca.c,aligned,1,200,200,12.29,26.512,43.326
4eca.c,aligned,1,201,201,15.156,25.949,45.765
4eca.c,aligned,1,202,202,16.357,29.237,47.175
4eca.c,aligned,1,203,203,19.199,29.008,49.714
4eca.c,aligned,1,204,204,19.865,32.74,49.396
4eca.c,aligned,1,205,205,18.312,33.375,52.76
4eca.c,aligned,1,206,206,19.198,29.944,54.125
4eca.c,aligned,1,207,207,21.99,29.906,56.721
4eca.c,aligned,1,208,208,21.473,26.164,57.275
4eca.c,aligned,1,209,209,20.041,23.161,55.406
4eca.c,aligned,1,210,210,17.684,20.678,57.12
4eca.c,aligned,1,211,211,19.32,17.609,58.779
4eca.c,aligned,1,212,212,19.17,14.612,56.416
4eca.c,aligned,1,213,213,21.216,11.526,57.263
4eca.c,aligned,1,214,214,22.047,8.273,55.425
4eca.c,aligned,1,215,215,21.764,4.644,56.578
4eca.c,aligned,1,216,216,23.431,1.636,54.907
4eca.c,aligned,1,217,217,21.584,-1.665,54.344
4eca.c,aligned,1,218,218,23.252,-5.044,54.114
4eca.c,aligned,1,219,219,22.782,-8.469,55.714
4eca.c,aligned,1,220,220,22.036,-8.448,59.399
4eca.c,aligned,1,221,221,22.035,-4.647,59.26
4eca.c,aligned,1,222,222,21.706,-3.001,62.672
4eca.c,aligned,1,223,223,18.927,-0.481,63.206
4eca.c,aligned,1,224,224,20.942,1.537,65.684
4eca.c,aligned,1,225,225,22.135,3.996,62.99
4eca.c,aligned,1,226,226,18.543,4.739,61.828
4eca.c,aligned,1,227,227,17.391,5.051,65.397
4eca.c,aligned,1,228,228,20.267,7.304,66.329
4eca.c,aligned,1,229,229,19.2,9.718,63.551
4eca.c,aligned,1,230,230,15.545,9.465,64.474
4eca.c,aligned,1,231,231,16.188,10.093,68.22
4eca.c,aligned,1,232,232,18.209,13.175,67.23
4eca.c,aligned,1,233,233,15.191,14.392,65.248
4eca.c,aligned,1,234,234,16.447,14.387,61.672
4eca.c,aligned,1,235,235,14.206,16.089,59.16
4eca.c,aligned,1,236,236,14.939,13.291,56.738
4eca.c,aligned,1,237,237,16.734,9.953,56.391
4eca.c,aligned,1,238,238,17.845,8.375,53.114
4eca.c,aligned,1,239,239,18.283,4.633,52.918
4eca.c,aligned,1,240,240,21.264,3.307,51.054
4eca.c,aligned,1,241,241,19.179,0.198,50.442
4eca.c,aligned,1,242,242,19.97,-3.203,49.02
4eca.c,aligned,1,243,243,19.079,-4.082,45.477
4eca.c,aligned,1,244,244,16.193,-2.051,44.186
4eca.c,aligned,1,245,245,15.844,0.16,47.255
4eca.c,aligned,1,246,246,15.088,-2.507,49.833
4eca.c,aligned,1,247,247,15.734,-2.285,53.563
4eca.c,aligned,1,248,248,16.932,-4.829,56.132
4eca.c,aligned,1,249,249,13.797,-5.715,58.118
4eca.c,aligned,1,250,250,14.83,-3.968,61.289
4eca.c,aligned,1,251,251,15.953,-0.864,59.441
4eca.c,aligned,1,252,252,12.633,-0.944,57.586
4eca.c,aligned,1,253,253,10.904,-1.0,60.976
4eca.c,aligned,1,254,254,12.587,2.102,62.283
4eca.c,aligned,1,255,255,12.093,3.956,59.031
4eca.c,aligned,1,256,256,8.376,3.146,58.735
4eca.c,aligned,1,257,257,7.859,4.38,62.293
4eca.c,aligned,1,258,258,9.86,7.449,61.344
4eca.c,aligned,1,259,259,7.9,8.189,58.18
4eca.c,aligned,1,260,260,4.541,7.766,59.985
4eca.c,aligned,1,261,261,5.525,10.204,62.712
4eca.c,aligned,1,262,262,6.922,12.934,60.534
4eca.c,aligned,1,263,263,10.407,12.065,59.322
4eca.c,aligned,1,264,264,10.927,12.353,55.562
4eca.c,aligned,1,265,265,12.376,9.03,54.403
4eca.c,aligned,1,266,266,13.863,8.409,50.996
4eca.c,aligned,1,267,267,14.614,4.978,49.607
4eca.c,aligned,1,268,268,17.786,5.015,47.503
4eca.c,aligned,1,269,269,20.185,2.093,46.874
4eca.c,aligned,1,270,270,23.853,1.272,47.599
4eca.c,aligned,1,271,271,23.768,-0.262,44.105
4eca.c,aligned,1,272,272,25.904,2.07,41.87
4eca.c,aligned,1,273,273,23.661,2.314,38.854
4eca.c,aligned,1,274,274,19.935,2.142,38.266
4eca.c,aligned,1,275,275,16.796,3.668,39.706
4eca.c,aligned,1,276,276,15.298,2.831,43.054
4eca.c,aligned,1,277,277,11.837,2.436,41.684
4eca.c,aligned,1,278,278,8.467,2.421,43.321
4eca.c,aligned,1,279,279,6.139,-0.446,42.226
4eca.c,aligned,1,280,280,8.608,-3.112,43.112
4eca.c,aligned,1,281,281,8.633,-4.858,46.439
4eca.c,aligned,1,282,282,7.93,-1.771,48.549
4eca.c,aligned,1,283,283,4.602,0.053,48.974
4eca.c,aligned,1,284,284,5.841,3.572,49.497
4eca.c,aligned,1,285,285,2.334,4.991,49.439
4eca.c,aligned,1,286,286,1.483,2.835,52.448
4eca.c,aligned,1,287,287,4.628,3.875,54.389
4eca.c,aligned,1,288,288,5.025,7.423,53.167
4eca.c,aligned,1,289,289,8.357,6.541,51.671
4eca.c,aligned,1,290,290,9.768,8.31,48.614
4eca.c,aligned,1,291,291,11.577,6.258,45.921
4eca.c,aligned,1,292,292,14.663,8.2,44.799
4eca.c,aligned,1,293,293,14.989,7.392,41.115
4eca.c,aligned,1,294,294,18.566,7.234,39.717
4eca.c,aligned,1,295,295,19.634,9.338,42.696
4eca.c,aligned,1,296,296,22.213,7.526,44.808
4eca.c,aligned,1,297,297,22.212,8.054,48.644
4eca.c,aligned,1,298,298,24.431,11.162,48.967
4eca.c,aligned,1,299,299,22.596,12.827,46.022
4eca.c,aligned,1,300,300,19.23,11.818,47.297
4eca.c,aligned,1,301,301,20.253,13.578,50.579
4eca.c,aligned,1,302,302,21.112,16.753,48.61
4eca.c,aligned,1,303,303,17.642,16.78,47.037
4eca.c,aligned,1,304,304,15.703,15.758,50.19
4eca.c,aligned,1,305,305,17.33,18.609,52.135
4eca.c,aligned,1,306,306,16.337,21.123,49.521
4eca.c,aligned,1,307,307,12.879,19.555,49.213
4eca.c,aligned,1,308,308,12.438,19.626,52.922
4eca.c,aligned,1,309,309,13.099,23.38,52.736
4eca.c,aligned,1,310,310,9.789,23.598,50.88
4eca.c,aligned,1,311,311,7.79,20.627,52.134
4eca.c,aligned,1,312,312,7.458,17.88,54.667
4eca.c,aligned,1,313,313,4.827,15.857,52.691
4eca.c,aligned,1,314,314,5.999,12.478,51.199
4eca.c,aligned,1,315,315,3.81,12.92,48.186
4eca.c,aligned,1,316,316,5.29,16.347,47.613
4eca.c,aligned,1,317,317,8.833,15.237,48.089
4eca.c,aligned,1,318,318,8.128,12.386,45.723
4eca.c,aligned,1,319,319,6.946,14.809,43.029
4eca.c,aligned,1,320,320,10.133,16.803,43.578
4eca.c,aligned,1,321,321,12.236,13.561,43.255
4eca.c,aligned,1,322,322,10.335,13.045,40.069
4eca.c,aligned,1,323,323,11.117,16.461,38.544
4eca.c,aligned,1,324,324,14.58,17.348,39.78
4eca.d,aligned,1,0,0,38.801,36.362,26.351
4eca.d,aligned,1,1,1,36.018,35.139,28.638
4eca.d,aligned,1,2,2,36.306,36.303,32.183
4eca.d,aligned,1,3,3,36.213,33.102,34.257
4eca.d,aligned,1,4,4,36.076,33.0,38.035
4eca.d,aligned,1,5,5,37.888,30.214,39.806
4eca.d,aligned,1,6,6,36.362,29.62,43.214
4eca.d,aligned,1,7,7,38.732,27.162,44.84
4eca.d,aligned,1,8,8,37.622,24.996,47.767
4eca.d,aligned,1,9,9,40.817,22.907,48.091
4eca.d,aligned,1,10,10,41.015,19.169,47.52
4eca.d,aligned,1,11,11,44.112,19.294,42.862
4eca.d,aligned,1,12,12,45.608,21.814,45.306
4eca.d,aligned,1,13,13,47.226,19.06,47.392
4eca.d,aligned,1,14,14,50.679,17.563,47.517
4eca.d,aligned,1,15,15,52.667,14.513,48.353
4eca.d,aligned,1,16,16,56.325,14.134,49.271
4eca.d,aligned,1,17,17,56.87,12.219,46.023
4eca.d,aligned,1,18,18,55.865,11.987,42.338
4eca.d,aligned,1,19,19,55.963,8.18,42.582
4eca.d,aligned,1,20,20,54.424,7.704,46.035
4eca.d,aligned,1,21,21,50.623,7.752,46.311
4eca.d,aligned,1,22,22,50.638,9.517,49.682
4eca.d,aligned,1,23,23,49.303,13.007,50.067
4eca.d,aligned,1,24,24,47.535,15.79,51.861
4eca.d,aligned,1,25,25,44.927,18.23,50.54
4eca.d,aligned,1,26,26,44.924,21.994,50.57
4eca.d,aligned,1,27,27,48.643,22.537,50.056
4eca.d,aligned,1,28,28,48.35,24.985,47.127
4eca.d,aligned,1,29,29,46.523,28.347,47.031
4eca.d,aligned,1,30,30,44.303,29.471,44.115
4eca.d,aligned,1,31,31,46.96,31.715,42.661
4eca.d,aligned,1,32,32,49.632,29.049,42.751
4eca.d,aligned,1,33,33,47.078,26.656,41.291
4eca.d,aligned,1,34,34,45.964,28.989,38.454
4eca.d,aligned,1,35,35,49.513,30.151,37.881
4eca.d,aligned,1,36,36,50.736,26.584,37.369
4eca.d,aligned,1,37,37,48.756,26.348,34.117
4eca.d,aligned,1,38,38,49.93,29.585,32.474
4eca.d,aligned,1,39,39,48.12,28.436,29.327
4eca.d,aligned,1,40,40,44.935,29.392,31.154
4eca.d,aligned,1,41,41,45.479,33.084,30.42
4eca.d,aligned,1,42,42,45.482,32.234,26.739
4eca.d,aligned,1,43,43,41.86,31.085,26.703
4eca.d,aligned,1,44,44,40.461,33.054,29.618
4eca.d,aligned,1,45,45,40.899,36.032,31.894
4eca.d,aligned,1,46,46,40.973,34.093,35.129
4eca.d,aligned,1,47,47,40.326,35.543,38.548
4eca.d,aligned,1,48,48,40.755,33.136,41.45
4eca.d,aligned,1,49,49,39.206,33.193,44.906
4eca.d,aligned,1,50,50,39.713,30.755,47.71
4eca.d,aligned,1,51,51,36.307,29.994,49.315
4eca.d,aligned,1,52,52,37.672,27.317,51.686
4eca.d,aligned,1,53,53,40.637,24.94,51.497
4eca.d,aligned,1,54,54,39.526,21.571,52.831
4eca.d,aligned,1,55,55,39.408,18.008,51.518
4eca.d,aligned,1,56,56,35.883,17.29,50.23
4eca.d,aligned,1,57,57,35.63,14.444,52.699
4eca.d,aligned,1,58,58,34.935,17.197,55.204
4eca.d,aligned,1,59,59,32.74,19.108,52.768
4eca.d,aligned,1,60,60,29.53,20.396,54.317
4eca.d,aligned,1,61,61,26.284,22.429,54.317
4eca.d,aligned,1,62,62,27.985,25.702,54.936
4eca.d,aligned,1,63,63,30.385,25.533,52.027
4eca.d,aligned,1,64,64,27.466,24.516,49.824
4eca.d,aligned,1,65,65,25.41,27.533,50.895
4eca.d,aligned,1,66,66,28.526,29.741,50.658
4eca.d,aligned,1,67,67,29.351,28.576,47.13
4eca.d,aligned,1,68,68,25.668,28.894,46.118
4eca.d,aligned,1,69,69,25.353,32.461,47.443
4eca.d,aligned,1,70,70,28.703,33.37,46.003
4eca.d,aligned,1,71,71,27.932,32.032,42.54
4eca.d,aligned,1,72,72,24.569,33.775,42.539
4eca.d,aligned,1,73,73,25.824,37.065,43.924
4eca.d,aligned,1,74,74,28.674,37.1,41.395
4eca.d,aligned,1,75,75,26.836,35.754,38.359
4eca.d,aligned,1,76,76,26.741,39.276,36.994
4eca.d,aligned,1,77,77,30.504,40.098,37.268
4eca.d,aligned,1,78,78,31.8,37.114,35.324
4eca.d,aligned,1,79,79,31.178,34.972,32.176
4eca.d,aligned,1,80,80,31.416,31.529,33.892
4eca.d,aligned,1,81,81,32.77,29.701,36.953
4eca.d,aligned,1,82,82,35.199,26.849,37.702
4eca.d,aligned,1,83,83,35.046,25.332,41.183
4eca.d,aligned,1,84,84,38.162,23.373,42.163
4eca.d,aligned,1,85,85,37.047,20.743,44.596
4eca.d,aligned,1,86,86,38.234,17.493,46.099
4eca.d,aligned,1,87,87,37.016,14.364,44.26
4eca.d,aligned,1,88,88,35.488,12.549,47.223
4eca.d,aligned,1,89,89,32.211,14.475,47.456
4eca.d,aligned,1,90,90,32.373,16.514,44.19
4eca.d,aligned,1,91,91,29.305,14.687,42.912
4eca.d,aligned,1,92,92,27.262,15.954,45.901
4eca.d,aligned,1,93,93,28.277,19.601,45.641
4eca.d,aligned,1,94,94,27.814,19.437,41.862
4eca.d,aligned,1,95,95,24.211,18.351,42.348
4eca.d,aligned,1,96,96,23.579,20.735,45.204
4eca.d,aligned,1,97,97,24.745,23.681,43.116
4eca.d,aligned,1,98,98,22.815,22.186,40.186
4eca.d,aligned,1,99,99,19.597,22.773,42.167
4eca.d,aligned,1,100,100,20.448,26.018,43.97
4eca.d,aligned,1,101,101,22.547,28.138,41.583
4eca.d,aligned,1,102,102,20.368,30.506,39.639
4eca.d,aligned,1,103,103,23.307,31.533,37.484
4eca.d,aligned,1,104,104,22.975,29.933,34.025
4eca.d,aligned,1,105,105,26.38,30.952,32.767
4eca.d,aligned,1,106,106,28.853,27.995,32.645
4eca.d,aligned,1,107,107,29.43,26.561,36.182
4eca.d,aligned,1,108,108,32.113,23.795,36.078
4eca.d,aligned,1,109,109,33.528,21.719,38.926
4eca.d,aligned,1,110,110,36.952,20.099,38.653
4eca.d,aligned,1,111,111,39.338,17.964,40.652
4eca.d,aligned,1,112,112,42.432,15.827,40.2
4eca.d,aligned,1,113,113,42.742,12.196,41.304
4eca.d,aligned,1,114,114,46.546,12.508,41.686
4eca.d,aligned,1,115,115,48.196,15.22,43.871
4eca.d,aligned,1,116,116,49.823,18.117,42.056
4eca.d,aligned,1,117,117,53.224,16.653,42.96
4eca.d,aligned,1,118,118,52.804,13.372,41.134
4eca.d,aligned,1,119,119,54.154,12.073,37.868
4eca.d,aligned,1,120,120,51.623,12.557,35.067
4eca.d,aligned,1,121,121,49.522,14.519,37.622
4eca.d,aligned,1,122,122,46.018,15.07,36.166
4eca.d,aligned,1,123,123,45.053,18.424,37.714
4eca.d,aligned,1,124,124,46.67,20.758,35.16
4eca.d,aligned,1,125,125,44.893,19.458,32.074
4eca.d,aligned,1,126,126,41.791,18.936,34.187
4eca.d,aligned,1,127,127,41.759,22.584,35.167
4eca.d,aligned,1,128,128,42.653,23.673,31.645
4eca.d,aligned,1,129,129,39.751,21.643,30.318
4eca.d,aligned,1,130,130,37.47,22.899,33.119
4eca.d,aligned,1,131,131,38.134,26.429,31.797
4eca.d,aligned,1,132,132,37.754,25.425,28.16
4eca.d,aligned,1,133,133,34.265,24.451,29.331
4eca.d,aligned,1,134,134,33.393,27.317,31.619
4eca.d,aligned,1,135,135,34.532,29.496,28.682
4eca.d,aligned,1,136,136,32.415,27.719,26.079
4eca.d,aligned,1,137,137,29.174,29.592,25.644
4eca.d,aligned,1,138,138,27.62,26.248,24.643
4eca.d,aligned,1,139,139,28.091,25.096,28.263
4eca.d,aligned,1,140,140,25.444,27.53,29.396
4eca.d,aligned,1,141,141,22.022,26.342,30.503
4eca.d,aligned,1,142,142,23.149,22.786,31.143
4eca.d,aligned,1,143,143,23.141,23.16,34.871
4eca.d,aligned,1,144,144,26.238,22.645,36.982
4eca.d,aligned,1,145,145,28.839,20.497,35.317
4eca.d,aligned,1,146,146,31.823,18.433,36.366
4eca.d,aligned,1,147,147,34.684,18.392,33.969
4eca.d,aligned,1,148,148,37.11,15.491,34.359
4eca.d,aligned,1,149,149,39.026,13.279,32.001
4eca.d,aligned,1,150,150,38.147,15.23,28.916
4eca.d,aligned,1,151,151,34.459,14.683,29.571
4eca.d,aligned,1,152,152,31.64,17.146,30.502
4eca.d,aligned,1,153,153,29.211,15.45,32.862
4eca.d,aligned,1,154,154,25.968,16.894,34.194
4eca.d,aligned,1,155,155,25.997,17.546,37.949
4eca.d,aligned,1,156,156,23.005,15.318,38.501
4eca.d,aligned,1,157,157,24.118,11.944,37.125
4eca.d,aligned,1,158,158,27.848,12.223,37.613
4eca.d,aligned,1,159,159,29.436,10.018,40.215
4eca.d,aligned,1,160,160,32.843,8.76,41.379
4eca.d,aligned,1,161,161,32.99,5.316,39.876
4eca.d,aligned,1,162,162,36.505,4.285,41.004
4eca.d,aligned,1,163,163,38.54,5.009,44.153
4eca.d,aligned,1,164,164,41.745,5.939,42.301
4eca.d,aligned,1,165,165,41.349,5.877,38.476
4eca.d,aligned,1,166,166,41.859,9.264,36.837
4eca.d,aligned,1,167,167,38.828,8.272,34.726
4eca.d,aligned,1,168,168,36.685,7.6,37.783
4eca.d,aligned,1,169,169,34.057,10.328,37.104
4eca.d,aligned,1,170,170,31.108,9.134,35.057
4eca.d,aligned,1,171,171,27.405,9.882,34.588
4eca.d,aligned,1,172,172,26.541,6.203,35.157
4eca.d,aligned,1,173,173,22.896,6.277,34.296
4eca.d,aligned,1,174,174,22.485,8.704,31.469
4eca.d,aligned,1,175,175,25.952,9.555,30.102
4eca.d,aligned,1,176,176,28.263,12.544,29.565
4eca.d,aligned,1,177,177,26.959,15.734,27.853
4eca.d,aligned,1,178,178,29.998,16.101,25.648
4eca.d,aligned,1,179,179,33.668,15.256,25.132
4eca.d,aligned,1,180,180,36.578,17.611,24.993
4eca.d,aligned,1,181,181,39.086,17.149,22.274
4eca.d,aligned,1,182,182,41.667,19.772,21.396
4eca.d,aligned,1,183,183,39.862,22.479,23.365
4eca.d,aligned,1,184,184,36.506,22.033,21.659
4eca.d,aligned,1,185,185,33.407,20.296,23.082
4eca.d,aligned,1,186,186,30.924,18.274,20.989
4eca.d,aligned,1,187,187,27.871,18.375,23.21
4eca.d,aligned,1,188,188,25.206,15.861,22.148
4eca.d,aligned,1,189,189,23.107,15.854,25.279
4eca.d,aligned,1,190,190,21.827,18.054,28.06
4eca.d,aligned,1,191,191,20.15,17.032,31.322
4eca.d,aligned,1,192,192,16.337,16.849,30.997
4eca.d,aligned,1,193,193,15.577,17.15,34.699
4eca.d,aligned,1,194,194,14.999,20.704,36.064
4eca.d,aligned,1,195,195,18.182,22.449,37.129
4eca.d,aligned,1,196,196,19.259,25.849,38.383
4eca.d,aligned,1,197,197,16.819,28.651,37.501
4eca.d,aligned,1,198,198,14.067,26.084,36.871
4eca.d,aligned,1,199,199,14.024,24.914,40.45
4eca.d,aligned,1,200,200,12.236,26.477,43.453
4eca.d,aligned,1,201,201,15.219,26.179,45.771
4eca.d,aligned,1,202,202,16.504,29.441,47.1
4eca.d,aligned,1,203,203,19.318,29.172,49.622
4eca.d,aligned,1,204,204,20.094,32.908,49.447
4eca.d,aligned,1,205,205,18.397,33.457,52.79
4eca.d,aligned,1,206,206,19.239,30.003,54.253
4eca.d,aligned,1,207,207,22.003,29.723,56.848
4eca.d,aligned,1,208,208,21.399,26.048,57.564
4eca.d,aligned,1,209,209,19.859,23.142,55.711
4eca.d,aligned,1,210,210,17.474,20.548,57.151
4eca.d,aligned,1,211,211,19.231,17.561,58.785
4eca.d,aligned,1,212,212,19.297,14.496,56.488
4eca.d,aligned,1,213,213,21.182,11.309,57.341
4eca.d,aligned,1,214,214,22.002,8.22,55.249
4eca.d,aligned,1,215,215,21.819,4.671,56.716
4eca.d,aligned,1,216,216,23.322,1.705,54.885
4eca.d,aligned,1,217,217,21.431,-1.624,54.428
4eca.d,aligned,1,218,218,23.241,-4.94,54.336
4eca.d,aligned,1,219,219,22.677,-8.513,55.652
4eca.d,aligned,1,220,220,22.052,-8.427,59.401
4eca.d,aligned,1,221,221,21.678,-4.624,59.273
4eca.d,aligned,1,222,222,21.636,-2.754,62.581
4eca.d,aligned,1,223,223,18.698,-0.395,63.23
4eca.d,aligned,1,224,224,20.853,1.616,65.641
4eca.d,aligned,1,225,225,22.141,4.107,63.072
4eca.d,aligned,1,226,226,18.617,4.833,61.804
4eca.d,aligned,1,227,227,17.46,5.053,65.406
4eca.d,aligned,1,228,228,20.192,7.574,66.194
4eca.d,aligned,1,229,229,19.099,9.79,63.305
4eca.d,aligned,1,230,230,15.444,9.635,64.353
4eca.d,aligned,1,231,231,16.447,10.077,68.053
4eca.d,aligned,1,232,232,18.339,13.279,67.18
4eca.d,aligned,1,233,233,15.178,14.447,65.472
4eca.d,aligned,1,234,234,16.419,14.33,61.898
4eca.d,aligned,1,235,235,14.265,15.789,59.199
4eca.d,aligned,1,236,236,15.027,13.315,56.541
4eca.d,aligned,1,237,237,16.652,9.936,56.334
4eca.d,aligned,1,238,238,17.886,8.54,53.065
4eca.d,aligned,1,239,239,18.209,4.787,53.008
4eca.d,aligned,1,240,240,21.067,3.314,50.99
4eca.d,aligned,1,241,241,19.235,0.055,50.436
4eca.d,aligned,1,242,242,19.977,-3.308,49.002
4eca.d,aligned,1,243,243,19.08,-4.052,45.397
4eca.d,aligned,1,244,244,16.088,-2.061,44.221
4eca.d,aligned,1,245,245,15.942,0.131,47.308
4eca.d,aligned,1,246,246,15.215,-2.599,49.803
4eca.d,aligned,1,247,247,15.557,-2.245,53.537
4eca.d,aligned,1,248,248,16.616,-4.8,56.052
4eca.d,aligned,1,249,249,13.793,-5.605,58.469
4eca.d,aligned,1,250,250,14.95,-3.715,61.564
4eca.d,aligned,1,251,251,15.871,-0.796,59.311
4eca.d,aligned,1,252,252,12.589,-1.024,57.439
4eca.d,aligned,1,253,253,11.045,-0.976,60.932
4eca.d,aligned,1,254,254,12.716,2.136,62.408
4eca.d,aligned,1,255,255,11.895,3.91,59.128
4eca.d,aligned,1,256,256,8.265,2.881,58.643
4eca.d,aligned,1,257,257,7.718,4.313,62.139
4eca.d,aligned,1,258,258,9.913,7.376,61.696
4eca.d,aligned,1,259,259,7.965,8.055,58.512
4eca.d,aligned,1,260,260,4.735,7.584,60.512
4eca.d,aligned,1,261,261,5.864,10.23,62.956
4eca.d,aligned,1,262,262,7.004,12.942,60.502
4eca.d,aligned,1,263,263,10.449,12.06,59.128
4eca.d,aligned,1,264,264,10.897,12.185,55.31
4eca.d,aligned,1,265,265,12.305,8.765,54.223
4eca.d,aligned,1,266,266,13.765,8.274,50.781
4eca.d,aligned,1,267,267,14.502,4.781,49.71
4eca.d,aligned,1,268,268,17.649,4.867,47.626
4eca.d,aligned,1,269,269,20.172,2.134,46.974
4eca.d,aligned,1,270,270,23.763,1.018,47.746
4eca.d,aligned,1,271,271,23.606,-0.298,44.118
4eca.d,aligned,1,272,272,25.71,2.133,41.943
4eca.d,aligned,1,273,273,23.578,2.436,38.837
4eca.d,aligned,1,274,274,19.909,2.142,38.054
4eca.d,aligned,1,275,275,16.902,3.43,39.905
4eca.d,aligned,1,276,276,15.311,2.777,43.193
4eca.d,aligned,1,277,277,11.853,2.588,41.706
4eca.d,aligned,1,278,278,8.289,2.659,42.964
4eca.d,aligned,1,279,279,6.254,-0.518,42.434
4eca.d,aligned,1,280,280,8.775,-3.155,43.38
4eca.d,aligned,1,281,281,8.434,-4.857,46.762
4eca.d,aligned,1,282,282,7.854,-1.734,48.884
4eca.d,aligned,1,283,283,4.535,0.109,49.21
4eca.d,aligned,1,284,284,5.84,3.611,49.318
4eca.d,aligned,1,285,285,2.228,4.799,49.588
4eca.d,aligned,1,286,286,1.441,2.69,52.653
4eca.d,aligned,1,287,287,4.649,3.886,54.291
4eca.d,aligned,1,288,288,4.956,7.417,53.062
4eca.d,aligned,1,289,289,8.33,6.55,51.575
4eca.d,aligned,1,290,290,9.826,8.535,48.628
4eca.d,aligned,1,291,291,11.679,6.452,45.99
4eca.d,aligned,1,292,292,14.929,8.188,44.984
4eca.d,aligned,1,293,293,14.894,7.364,41.302
4eca.d,aligned,1,294,294,18.347,7.194,39.684
4eca.d,aligned,1,295,295,19.772,9.327,42.589
4eca.d,aligned,1,296,296,22.429,7.53,44.705
4eca.d,aligned,1,297,297,22.14,7.877,48.543
4eca.d,aligned,1,298,298,24.183,11.051,48.81
4eca.d,aligned,1,299,299,22.583,12.792,45.785
4eca.d,aligned,1,300,300,19.197,11.836,47.3
4eca.d,aligned,1,301,301,20.33,13.54,50.496
4eca.d,aligned,1,302,302,20.982,16.727,48.505
4eca.d,aligned,1,303,303,17.502,16.625,46.957
4eca.d,aligned,1,304,304,15.667,15.765,50.217
4eca.d,aligned,1,305,305,17.295,18.528,52.256
4eca.d,aligned,1,306,306,16.281,21.043,49.552
4eca.d,aligned,1,307,307,12.756,19.616,49.271
4eca.d,aligned,1,308,308,12.6,19.755,53.014
4eca.d,aligned,1,309,309,13.034,23.501,52.665
4eca.d,aligned,1,310,310,9.852,23.541,50.563
4eca.d,aligned,1,311,311,7.688,20.763,52.029
4eca.d,aligned,1,312,312,7.478,17.865,54.521
4eca.d,aligned,1,313,313,4.88,15.994,52.502
4eca.d,aligned,1,314,314,5.993,12.552,51.18
4eca.d,aligned,1,315,315,3.966,12.875,48.028
4eca.d,aligned,1,316,316,5.12,16.432,47.313
4eca.d,aligned,1,317,317,8.639,15.209,47.954
4eca.d,aligned,1,318,318,8.169,12.243,45.628
4eca.d,aligned,1,319,319,7.157,14.701,42.964
4eca.d,aligned,1,320,320,10.269,16.754,43.646
4eca.d,aligned,1,321,321,12.172,13.468,43.292
4eca.d,aligned,1,322,322,10.434,13.129,39.996
4eca.d,aligned,1,323,323,11.439,16.41,38.521
4eca.d,aligned,1,324,324,14.784,17.473,39.808
1qd1.b,aligned,1,0,0,29.447,37.534,59.14
1qd1.b,aligned,1,1,1,29.211,36.385,55.524
1qd1.b,aligned,1,2,2,29.4,32.643,54.954
1qd1.b,aligned,1,3,3,29.643,30.757,51.662
1qd1.b,aligned,1,4,4,29.77,26.992,51.168
1qd1.b,aligned,1,5,5,32.214,25.582,48.598
1qd1.b,aligned,1,6,6,31.793,21.954,47.553
1qd1.b,aligned,1,7,7,34.519,21.063,45.006
1qd1.b,aligned,1,8,8,34.675,17.555,43.501
1qd1.b,aligned,1,9,9,38.029,15.988,42.591
1qd1.b,aligned,1,10,10,38.711,12.966,40.4
1qd1.b,aligned,1,11,11,40.494,10.853,43.005
1qd1.b,aligned,1,12,12,38.814,8.525,45.458
1qd1.b,aligned,1,13,13,41.404,5.774,45.953
1qd1.b,aligned,1,14,14,44.762,7.306,46.887
1qd1.b,aligned,1,15,15,44.435,8.513,50.489
1qd1.b,aligned,1,16,16,47.711,10.455,50.312
1qd1.b,aligned,1,17,17,46.362,12.578,47.464
1qd1.b,aligned,1,18,18,42.971,12.955,49.14
1qd1.b,aligned,1,19,19,44.618,14.1,52.379
1qd1.b,aligned,1,20,20,46.978,16.516,50.618
1qd1.b,aligned,1,21,21,43.989,18.279,49.091
1qd1.b,aligned,1,22,22,42.277,18.293,52.496
1qd1.b,aligned,1,23,23,45.307,20.03,54.011
1qd1.b,aligned,1,24,24,45.367,22.611,51.208
1qd1.b,aligned,1,25,25,41.81,23.594,52.141
1qd1.b,aligned,1,26,26,42.05,23.339,55.936
1qd1.b,aligned,1,27,27,45.272,25.353,56.016
1qd1.b,aligned,1,28,28,43.844,28.24,53.981
1qd1.b,aligned,1,29,29,43.074,31.268,56.189
1qd1.b,aligned,1,30,30,39.341,31.609,56.832
1qd1.b,aligned,1,31,31,38.406,28.146,55.567
1qd1.b,aligned,1,32,32,36.87,25.437,57.727
1qd1.b,aligned,1,33,33,36.776,21.943,56.211
1qd1.b,aligned,1,34,34,33.55,20.233,57.273
1qd1.b,aligned,1,35,35,33.61,16.97,55.352
1qd1.b,aligned,1,36,36,35.585,14.8,52.938
1qd1.b,aligned,1,37,37,33.605,12.041,51.214
1qd1.b,aligned,1,38,38,35.612,9.676,48.993
1qd1.b,aligned,1,39,39,34.549,6.657,46.954
1qd1.b,aligned,1,40,40,36.931,4.172,45.24
1qd1.b,aligned,1,41,41,34.681,2.716,42.524
1qd1.b,aligned,1,42,42,33.091,6.07,41.78
1qd1.b,aligned,1,43,43,36.728,7.252,42.138
1qd1.b,aligned,1,44,44,35.783,10.737,43.262
1qd1.b,aligned,1,45,45,35.965,12.837,46.421
1qd1.b,aligned,1,46,46,33.806,15.772,47.422
1qd1.b,aligned,1,47,47,35.158,18.332,49.895
1qd1.b,aligned,1,48,48,32.738,20.565,51.783
1qd1.b,aligned,1,49,49,34.025,23.727,53.452
1qd1.b,aligned,1,50,50,32.814,27.16,54.488
1qd1.b,aligned,1,51,51,34.143,30.658,55.001
1qd1.b,aligned,1,52,52,33.841,34.25,53.825
1qd1.b,aligned,1,53,53,33.377,34.657,50.027
1qd1.b,aligned,1,54,54,36.972,35.699,49.327
1qd1.b,aligned,1,55,55,38.38,33.051,51.654
1qd1.b,aligned,1,56,56,36.614,30.087,50.048
1qd1.b,aligned,1,57,57,37.855,31.211,46.628
1qd1.b,aligned,1,58,58,41.42,31.085,47.969
1qd1.b,aligned,1,59,59,40.756,27.699,49.547
1qd1.b,aligned,1,60,60,39.386,26.3,46.3
1qd1.b,aligned,1,61,61,42.456,27.547,44.437
1qd1.b,aligned,1,62,62,44.88,26.069,46.961
1qd1.b,aligned,1,63,63,43.078,22.746,46.598
1qd1.b,aligned,1,64,64,43.237,22.989,42.806
1qd1.b,aligned,1,65,65,46.961,23.786,42.841
1qd1.b,aligned,1,66,66,47.659,20.708,44.958
1qd1.b,aligned,1,67,67,45.455,18.58,42.698
1qd1.b,aligned,1,68,68,47.281,19.783,39.58
1qd1.b,aligned,1,69,69,50.456,18.166,40.905
1qd1.b,aligned,1,70,70,48.823,14.995,42.229
1qd1.b,aligned,1,71,71,46.151,13.965,39.73
1qd1.b,aligned,1,72,72,46.779,12.701,36.194
1qd1.b,aligned,1,73,73,43.459,12.557,34.349
1qd1.b,aligned,1,74,74,45.014,10.58,31.493
1qd1.b,aligned,1,75,75,44.938,7.611,33.887
1qd1.b,aligned,1,76,76,41.627,8.272,35.642
1qd1.b,aligned,1,77,77,38.554,6.056,35.364
1qd1.b,aligned,1,78,78,35.524,5.758,37.619
1qd1.b,aligned,1,79,79,31.782,5.188,37.751
1qd1.b,aligned,1,80,80,31.033,8.867,38.268
1qd1.b,aligned,1,81,81,31.073,11.083,35.172
1qd1.b,aligned,1,82,82,33.938,13.559,35.02
1qd1.b,aligned,1,83,83,36.054,15.695,32.737
1qd1.b,aligned,1,84,84,38.5,17.394,35.097
1qd1.b,aligned,1,85,85,40.917,16.789,37.993
1qd1.b,aligned,1,86,86,38.841,19.361,39.868
1qd1.b,aligned,1,87,87,35.606,18.497,38.082
1qd1.b,aligned,1,88,88,33.148,21.01,39.538
1qd1.b,aligned,1,89,89,33.645,23.859,41.993
1qd1.b,aligned,1,90,90,30.355,25.35,43.27
1qd1.b,aligned,1,91,91,29.869,28.34,45.572
1qd1.b,aligned,1,92,92,26.652,28.422,47.597
1qd1.b,aligned,1,93,93,25.276,31.305,49.678
1qd1.b,aligned,1,94,94,24.853,30.29,53.329
1qd1.b,aligned,1,95,95,24.577,33.494,55.356
1qd1.b,aligned,1,96,96,24.686,37.215,54.632
1qd1.b,aligned,1,97,97,25.6,36.593,50.995
1qd1.b,aligned,1,98,98,23.597,37.033,47.794
1qd1.b,aligned,1,99,99,23.589,34.547,44.924
1qd1.b,aligned,1,100,100,25.035,37.351,42.812
1qd1.b,aligned,1,101,101,28.154,37.581,44.973
1qd1.b,aligned,1,102,102,28.603,33.811,44.785
1qd1.b,aligned,1,103,103,28.436,34.185,41.006
1qd1.b,aligned,1,104,104,31.223,36.752,41.336
1qd1.b,aligned,1,105,105,33.206,34.247,43.414
1qd1.b,aligned,1,106,106,32.765,31.63,40.694
1qd1.b,aligned,1,107,107,33.969,34.121,38.077
1qd1.b,aligned,1,108,108,36.964,35.164,40.171
1qd1.b,aligned,1,109,109,37.854,31.533,40.891
1qd1.b,aligned,1,110,110,37.437,30.468,37.28
1qd1.b,aligned,1,111,111,39.515,33.289,35.866
1qd1.b,aligned,1,112,112,42.377,32.724,38.305
1qd1.b,aligned,1,113,113,42.321,28.94,37.89
1qd1.b,aligned,1,114,114,42.477,29.239,34.1
1qd1.b,aligned,1,115,115,45.259,31.839,34.203
1qd1.b,aligned,1,116,116,47.479,29.905,36.607
1qd1.b,aligned,1,117,117,47.113,26.393,35.186
1qd1.b,aligned,1,118,118,46.33,27.259,31.581
1qd1.b,aligned,1,119,119,43.26,25.03,31.546
1qd1.b,aligned,1,120,120,39.74,25.475,30.133
1qd1.b,aligned,1,121,121,37.08,26.552,32.635
1qd1.b,aligned,1,122,122,33.309,26.595,32.136
1qd1.b,aligned,1,123,123,30.724,28.513,34.182
1qd1.b,aligned,1,124,124,27.51,26.721,35.172
1qd1.b,aligned,1,125,125,24.42,27.134,37.319
1qd1.b,aligned,1,126,126,23.567,30.708,38.253
1qd1.b,aligned,1,127,127,26.928,31.786,36.809
1qd1.b,aligned,1,128,128,26.208,30.328,33.356
1qd1.b,aligned,1,129,129,26.554,32.829,30.501
1qd1.b,aligned,1,130,130,24.196,30.821,28.269
1qd1.b,aligned,1,131,131,21.293,28.463,28.998
1qd1.b,aligned,1,132,132,23.223,25.564,27.498
1qd1.b,aligned,1,133,133,25.898,25.831,30.179
1qd1.b,aligned,1,134,134,23.525,25.97,33.138
1qd1.b,aligned,1,135,135,23.522,22.169,33.46
1qd1.b,aligned,1,136,136,26.651,20.375,34.657
1qd1.b,aligned,1,137,137,25.663,17.113,32.921
1qd1.b,aligned,1,138,138,25.286,19.057,29.661
1qd1.b,aligned,1,139,139,28.775,20.537,29.998
1qd1.b,aligned,1,140,140,30.133,17.143,31.044
1qd1.b,aligned,1,141,141,28.533,15.188,28.17
1qd1.b,aligned,1,142,142,31.163,12.945,26.598
1qd1.b,aligned,1,143,143,33.358,13.428,29.656
1qd1.b,aligned,1,144,144,37.159,13.71,29.691
1qd1.b,aligned,1,145,145,37.397,11.522,26.593
1qd1.b,aligned,1,146,146,35.397,14.001,24.486
1qd1.b,aligned,1,147,147,37.425,17.106,25.39
1qd1.b,aligned,1,148,148,39.98,16.939,22.546
1qd1.b,aligned,1,149,149,37.168,17.087,19.991
1qd1.b,aligned,1,150,150,34.991,19.558,21.901
1qd1.b,aligned,1,151,151,37.837,22.041,22.393
1qd1.b,aligned,1,152,152,38.203,22.377,18.616
1qd1.b,aligned,1,153,153,34.675,23.775,18.345
1qd1.b,aligned,1,154,154,33.691,27.413,18.828
1qd1.b,aligned,1,155,155,30.521,26.498,20.721
1qd1.b,aligned,1,156,156,32.713,24.854,23.361
1qd1.b,aligned,1,157,157,35.066,27.812,23.751
1qd1.b,aligned,1,158,158,35.674,27.959,27.528
1qd1.b,aligned,1,159,159,34.49,30.884,29.639
1qd1.b,aligned,1,160,160,38.06,31.25,30.911
1qd1.b,aligned,1,161,161,41.382,29.86,29.758
1qd1.b,aligned,1,162,162,42.725,28.531,26.434
1qd1.b,aligned,1,163,163,40.818,26.055,24.272
1qd1.b,aligned,1,164,164,43.657,23.601,24.84
1qd1.b,aligned,1,165,165,43.569,19.966,25.888
1qd1.b,aligned,1,166,166,45.723,19.496,28.977
1qd1.b,aligned,1,167,167,45.997,15.681,29.471
1qd1.b,aligned,1,168,168,46.713,15.704,33.203
1qd1.b,aligned,1,169,169,43.834,18.048,34.025
1qd1.b,aligned,1,170,170,41.026,18.079,31.488
1qd1.b,aligned,1,171,171,38.475,20.841,32.093
1qd1.b,aligned,1,172,172,36.93,22.428,35.185
1qd1.b,aligned,1,173,173,33.377,23.653,35.754
1qd1.b,aligned,1,174,174,32.836,26.476,38.23
1qd1.b,aligned,1,175,175,29.631,28.134,39.32
1qd1.b,aligned,1,176,176,27.081,29.199,41.893
1qd1.b,aligned,1,177,177,23.928,27.422,42.995
1qd1.b,aligned,1,178,178,21.588,26.805,45.908
1qd1.b,aligned,1,179,179,22.078,23.799,48.191
1qd1.b,aligned,1,180,180,22.232,20.524,46.269
1qd1.b,aligned,1,181,181,21.695,17.052,47.71
1qd1.b,aligned,1,182,182,23.781,14.18,46.283
1qd1.b,aligned,1,183,183,21.59,11.166,47.081
1qd1.b,aligned,1,184,184,22.1,7.561,45.916
1qd1.b,aligned,1,185,185,19.436,4.873,46.226
1qd1.b,aligned,1,186,186,20.651,1.275,46.587
1qd1.b,aligned,1,187,187,19.053,-1.505,44.589
1qd1.b,aligned,1,188,188,19.824,-5.142,43.94
1qd1.b,aligned,1,189,189,19.737,-4.999,40.15
1qd1.b,aligned,1,190,190,21.957,-4.632,37.103
1qd1.b,aligned,1,191,191,23.458,-1.261,36.221
1qd1.b,aligned,1,192,192,21.217,-1.304,33.145
1qd1.b,aligned,1,193,193,18.066,-1.576,35.265
1qd1.b,aligned,1,194,194,19.243,1.166,37.629
1qd1.b,aligned,1,195,195,19.99,3.443,34.688
1qd1.b,aligned,1,196,196,16.553,2.762,33.18
1qd1.b,aligned,1,197,197,14.974,3.999,36.402
1qd1.b,aligned,1,198,198,17.315,7.005,36.462
1qd1.b,aligned,1,199,199,16.267,8.014,32.953
1qd1.b,aligned,1,200,200,12.567,7.636,33.763
1qd1.b,aligned,1,201,201,12.83,9.857,36.843
1qd1.b,aligned,1,202,202,15.333,12.6,35.996
1qd1.b,aligned,1,203,203,13.81,15.818,34.643
1qd1.b,aligned,1,204,204,15.786,15.73,31.379
1qd1.b,aligned,1,205,205,14.671,12.143,30.841
1qd1.b,aligned,1,206,206,15.995,10.69,27.596
1qd1.b,aligned,1,207,207,15.839,13.95,25.667
1qd1.b,aligned,1,208,208,13.792,17.071,24.959
1qd1.b,aligned,1,209,209,11.047,14.923,23.43
1qd1.b,aligned,1,210,210,11.185,12.491,26.358
1qd1.b,aligned,1,211,211,11.097,14.427,29.677
1qd1.b,aligned,1,212,212,11.387,12.599,32.993
1qd1.b,aligned,1,213,213,8.999,12.431,35.949
1qd1.b,aligned,1,214,214,10.758,14.562,38.576
1qd1.b,aligned,1,215,215,11.525,18.264,38.261
1qd1.b,aligned,1,216,216,14.895,19.48,39.53
1qd1.b,aligned,1,217,217,16.339,15.974,39.643
1qd1.b,aligned,1,218,218,19.41,14.656,37.805
1qd1.b,aligned,1,219,219,20.223,10.938,37.825
1qd1.b,aligned,1,220,220,22.202,8.057,36.345
1qd1.b,aligned,1,221,221,22.516,4.385,37.188
1qd1.b,aligned,1,222,222,25.662,2.435,38.009
1qd1.b,aligned,1,223,223,27.107,-0.573,39.836
1qd1.b,aligned,1,224,224,29.845,-0.328,42.483
1qd1.b,aligned,1,225,225,32.453,-3.097,42.69
1qd1.b,aligned,1,226,226,33.247,-1.798,46.175
1qd1.b,aligned,1,227,227,29.781,-2.52,47.587
1qd1.b,aligned,1,228,228,28.565,-5.147,45.13
1qd1.b,aligned,1,229,229,25.269,-3.424,44.395
1qd1.b,aligned,1,230,230,23.688,-1.017,41.948
1qd1.b,aligned,1,231,231,22.522,2.502,42.69
1qd1.b,aligned,1,232,232,20.255,5.072,41.138
1qd1.b,aligned,1,233,233,22.543,8.06,41.71
1qd1.b,aligned,1,234,234,20.684,11.367,41.939
1qd1.b,aligned,1,235,235,21.216,15.076,42.449
1qd1.b,aligned,1,236,236,18.35,17.027,44.007
1qd1.b,aligned,1,237,237,18.866,20.525,42.611
1qd1.b,aligned,1,238,238,16.119,22.108,44.722
1qd1.b,aligned,1,239,239,14.84,19.923,47.554
1qd1.b,aligned,1,240,240,12.094,22.477,48.223
1qd1.b,aligned,1,241,241,10.657,21.557,44.814
1qd1.b,aligned,1,242,242,11.423,17.823,44.86
1qd1.b,aligned,1,243,243,12.624,16.348,48.149
1qd1.b,aligned,1,244,244,14.405,13.234,49.402
1qd1.b,aligned,1,245,245,11.191,11.412,50.248
1qd1.b,aligned,1,246,246,9.815,11.976,46.749
1qd1.b,aligned,1,247,247,12.944,10.773,44.959
1qd1.b,aligned,1,248,248,13.232,7.761,47.259
1qd1.b,aligned,1,249,249,9.569,6.757,47.054
1qd1.b,aligned,1,250,250,9.441,7.141,43.273
1qd1.b,aligned,1,251,251,12.613,5.099,42.827
1qd1.b,aligned,1,252,252,11.123,2.437,45.084
1qd1.b,aligned,1,253,253,7.926,2.366,43.009
1qd1.b,aligned,1,254,254,9.781,1.977,39.72
1qd1.b,aligned,1,255,255,12.004,-0.718,41.198
1qd1.b,aligned,1,256,256,8.949,-2.547,42.555
1qd1.b,aligned,1,257,257,7.327,-2.597,39.113
1qd1.b,aligned,1,258,258,10.38,-4.549,37.93
1qd1.b,aligned,1,259,259,10.527,-6.788,41.015
1qd1.b,aligned,1,260,260,13.815,-5.194,42.062
1qd1.b,aligned,1,261,261,14.393,-4.445,45.745
1qd1.b,aligned,1,262,262,15.585,-1.097,47.044
1qd1.b,aligned,1,263,263,17.875,-1.55,50.031
1qd1.b,aligned,1,264,264,18.387,1.845,51.612
1qd1.b,aligned,1,265,265,20.254,4.896,50.423
1qd1.b,aligned,1,266,266,23.375,6.977,50.766
1qd1.b,aligned,1,267,267,23.818,10.708,51.226
1qd1.b,aligned,1,268,268,27.011,12.036,49.651
1qd1.b,aligned,1,269,269,28.488,14.903,51.612
1qd1.b,aligned,1,270,270,26.287,17.138,53.77
1qd1.b,aligned,1,271,271,22.569,17.935,53.935
1qd1.b,aligned,1,272,272,20.541,20.943,55.193
1qd1.b,aligned,1,273,273,18.389,20.137,58.23
1qd1.b,aligned,1,274,274,15.226,21.214,56.428
1qd1.b,aligned,1,275,275,15.684,18.547,53.745
1qd1.b,aligned,1,276,276,15.445,15.855,56.415
1qd1.b,aligned,1,277,277,12.587,17.534,58.27
1qd1.b,aligned,1,278,278,10.637,17.882,55.013
1qd1.b,aligned,1,279,279,11.0,14.138,54.524
1qd1.b,aligned,1,280,280,9.974,13.469,58.127
1qd1.b,aligned,1,281,281,6.807,15.509,57.594
1qd1.b,aligned,1,282,282,6.001,13.346,54.568
1qd1.b,aligned,1,283,283,6.288,10.052,56.433
1qd1.b,aligned,1,284,284,4.446,11.396,59.469
1qd1.b,aligned,1,285,285,1.524,12.374,57.239
1qd1.b,aligned,1,286,286,1.585,9.101,55.312
1qd1.b,aligned,1,287,287,1.715,7.098,58.548
1qd1.b,aligned,1,288,288,-0.43,9.427,60.69
1qd1.b,aligned,1,289,289,2.401,9.96,63.175
1qd1.b,aligned,1,290,290,2.844,12.643,65.823
1qd1.b,aligned,1,291,291,6.408,13.688,66.673
1qd1.b,aligned,1,292,292,7.635,16.923,68.267
1qd1.b,aligned,1,293,293,11.355,16.225,68.69
1qd1.b,aligned,1,294,294,13.714,16.861,65.774
1qd1.b,aligned,1,295,295,15.909,13.982,66.921
1qd1.b,aligned,1,296,296,12.928,11.668,66.475
1qd1.b,aligned,1,297,297,12.041,13.212,63.12
1qd1.b,aligned,1,298,298,15.607,12.561,61.982
1qd1.b,aligned,1,299,299,15.662,9.018,63.399
1qd1.b,aligned,1,300,300,12.433,8.318,61.482
1qd1.b,aligned,1,301,301,13.776,9.617,58.161
1qd1.b,aligned,1,302,302,17.095,7.828,58.581
1qd1.b,aligned,1,303,303,15.211,4.562,58.971
1qd1.b,aligned,1,304,304,12.66,5.125,56.209
1qd1.b,aligned,1,305,305,15.287,6.163,53.632
1qd1.b,aligned,1,306,306,17.771,3.662,55.037
1qd1.b,aligned,1,307,307,20.539,6.265,55.281
1qd1.b,aligned,1,308,308,22.575,3.925,57.521
1qd1.b,aligned,1,309,309,22.697,1.223,54.835
1qd1.b,aligned,1,310,310,26.332,1.605,53.754
1qd1.b,aligned,1,311,311,27.688,3.358,56.848
1qd1.b,aligned,1,312,312,26.38,4.944,60.064
1qd1.b,aligned,1,313,313,24.551,8.217,59.488
1qd1.b,aligned,1,314,314,25.622,10.609,62.242
1qd1.b,aligned,1,315,315,23.357,13.718,62.282
1qd1.b,aligned,1,316,316,25.929,15.85,64.095
1qd1.b,aligned,1,317,317,28.488,15.154,61.361
1qd1.b,aligned,1,318,318,26.2,15.25,58.313
1qd1.b,aligned,1,319,319,23.716,18.064,58.904
1qd1.b,aligned,1,320,320,25.278,21.414,58.056
1qd1.b,aligned,1,321,321,23.371,23.374,60.709
1qd1.b,aligned,1,322,322,24.671,20.942,63.332
1qd1.b,aligned,1,323,323,28.241,21.418,62.077
1qd1.b,aligned,1,324,324,27.969,25.201,61.842
1toh.a,aligned,1,0,0,21.492,40.856,57.815
1toh.a,aligned,1,1,1,20.883,38.435,54.979
1toh.a,aligned,1,2,2,24.266,37.541,53.576
1toh.a,aligned,1,3,3,24.892,38.172,49.912
1toh.a,aligned,1,4,4,24.176,35.329,47.496
1toh.a,aligned,1,5,5,24.504,35.078,43.702
1toh.a,aligned,1,6,6,21.25,35.586,41.703
1toh.a,aligned,1,7,7,22.715,34.957,38.229
1toh.a,aligned,1,8,8,25.007,31.999,37.302
1toh.a,aligned,1,9,9,27.545,34.64,36.065
1toh.a,aligned,1,10,10,28.075,35.727,39.63
1toh.a,aligned,1,11,11,29.604,32.474,40.647
1toh.a,aligned,1,12,12,32.819,34.069,39.239
1toh.a,aligned,1,13,13,32.782,36.109,42.471
1toh.a,aligned,1,14,14,32.373,32.938,44.513
1toh.a,aligned,1,15,15,50.095,18.626,54.226
1toh.a,aligned,1,16,16,53.075,16.786,55.775
1toh.a,aligned,1,17,17,51.083,13.577,55.491
1toh.a,aligned,1,18,18,50.028,14.125,51.846
1toh.a,aligned,1,19,19,51.496,11.476,49.454
1toh.a,aligned,1,20,20,53.043,14.084,47.167
1toh.a,aligned,1,21,21,54.096,16.744,49.57
1toh.a,aligned,1,22,22,57.692,15.855,48.867
1toh.a,aligned,1,23,23,57.475,15.571,45.075
1toh.a,aligned,1,24,24,58.276,18.85,43.337
1toh.a,aligned,1,25,25,57.254,17.695,39.862
1toh.a,aligned,1,26,26,53.827,16.934,41.258
1toh.a,aligned,1,27,27,53.54,20.183,43.204
1toh.a,aligned,1,28,28,54.135,21.937,39.864
1toh.a,aligned,1,29,29,51.587,19.836,38.008
1toh.a,aligned,1,30,30,49.142,21.018,40.586
1toh.a,aligned,1,31,31,49.908,24.731,40.299
1toh.a,aligned,1,32,32,49.535,24.344,36.546
1toh.a,aligned,1,33,33,46.134,22.629,37.034
1toh.a,aligned,1,34,34,44.877,25.002,39.776
1toh.a,aligned,1,35,35,45.806,27.674,37.231
1toh.a,aligned,1,36,36,42.86,26.664,35.015
1toh.a,aligned,1,37,37,40.415,27.045,37.888
1toh.a,aligned,1,38,38,41.734,30.482,38.824
1toh.a,aligned,1,39,39,41.539,31.848,35.216
1toh.a,aligned,1,40,40,38.157,30.293,34.44
1toh.a,aligned,1,41,41,35.03,32.454,33.77
1toh.a,aligned,1,42,42,31.371,31.269,33.455
1toh.a,aligned,1,43,43,30.482,30.221,29.923
1toh.a,aligned,1,44,44,33.919,29.284,28.579
1toh.a,aligned,1,45,45,34.675,25.724,27.38
1toh.a,aligned,1,46,46,36.653,24.093,30.235
1toh.a,aligned,1,47,47,40.301,23.803,29.157
1toh.a,aligned,1,48,48,41.563,20.304,28.442
1toh.a,aligned,1,49,49,44.349,18.872,30.518
1toh.a,aligned,1,50,50,46.878,16.53,28.829
1toh.a,aligned,1,51,51,47.329,13.846,31.462
1toh.a,aligned,1,52,52,50.785,12.174,31.695
1toh.a,aligned,1,53,53,50.94,8.391,31.399
1toh.a,aligned,1,54,54,51.534,7.922,35.078
1toh.a,aligned,1,55,55,48.518,10.144,35.942
1toh.a,aligned,1,56,56,46.539,7.986,33.538
1toh.a,aligned,1,57,57,47.951,4.997,35.433
1toh.a,aligned,1,58,58,46.735,6.157,38.843
1toh.a,aligned,1,59,59,43.269,6.682,37.25
1toh.a,aligned,1,60,60,43.313,3.159,35.747
1toh.a,aligned,1,61,61,43.932,1.582,39.21
1toh.a,aligned,1,62,62,41.231,3.508,41.076
1toh.a,aligned,1,63,63,38.901,2.857,38.174
1toh.a,aligned,1,64,64,39.339,-0.901,37.807
1toh.a,aligned,1,65,65,39.284,-1.496,41.573
1toh.a,aligned,1,66,66,36.052,0.46,42.34
1toh.a,aligned,1,67,67,34.535,-0.706,39.023
1toh.a,aligned,1,68,68,34.759,-4.213,40.555
1toh.a,aligned,1,69,69,32.447,-3.241,43.534
1toh.a,aligned,1,70,70,29.74,-1.219,41.733
1toh.a,aligned,1,71,71,27.499,-4.155,40.656
1toh.a,aligned,1,72,72,27.107,-5.278,44.259
1toh.a,aligned,1,73,73,27.564,-2.157,46.31
1toh.a,aligned,1,74,74,26.186,0.783,44.305
1toh.a,aligned,1,75,75,22.673,2.105,43.977
1toh.a,aligned,1,76,76,21.057,1.572,40.627
1toh.a,aligned,1,77,77,21.231,5.344,39.703
1toh.a,aligned,1,78,78,25.0,5.094,39.892
1toh.a,aligned,1,79,79,25.145,1.942,37.733
1toh.a,aligned,1,80,80,22.886,3.491,35.034
1toh.a,aligned,1,81,81,24.742,6.794,35.039
1toh.a,aligned,1,82,82,28.145,5.042,35.0
1toh.a,aligned,1,83,83,26.906,2.983,32.03
1toh.a,aligned,1,84,84,25.724,6.228,30.235
1toh.a,aligned,1,85,85,29.121,7.826,30.885
1toh.a,aligned,1,86,86,30.83,4.826,29.308
1toh.a,aligned,1,87,87,28.536,4.855,26.304
1toh.a,aligned,1,88,88,28.674,8.581,25.622
1toh.a,aligned,1,89,89,31.414,10.212,27.534
1toh.a,aligned,1,90,90,34.273,7.854,26.865
1toh.a,aligned,1,91,91,34.702,6.574,30.417
1toh.a,aligned,1,92,92,37.389,3.825,30.421
1toh.a,aligned,1,93,93,40.39,2.638,32.411
1toh.a,aligned,1,94,94,43.026,3.854,29.968
1toh.a,aligned,1,95,95,42.272,7.589,29.808
1toh.a,aligned,1,96,96,41.133,10.303,32.225
1toh.a,aligned,1,97,97,37.913,12.035,30.893
1toh.a,aligned,1,98,98,38.034,15.787,30.12
1toh.a,aligned,1,99,99,35.767,18.027,32.284
1toh.a,aligned,1,100,100,34.376,19.775,29.261
1toh.a,aligned,1,101,101,33.091,16.539,27.743
1toh.a,aligned,1,102,102,31.535,15.432,31.11
1toh.a,aligned,1,103,103,29.851,18.875,31.575
1toh.a,aligned,1,104,104,28.252,18.695,28.109
1toh.a,aligned,1,105,105,27.053,15.257,29.031
1toh.a,aligned,1,106,106,25.548,16.468,32.339
1toh.a,aligned,1,107,107,23.95,19.612,30.691
1toh.a,aligned,1,108,108,22.037,17.416,28.294
1toh.a,aligned,1,109,109,20.966,14.875,30.812
1toh.a,aligned,1,110,110,20.019,16.796,33.904
1toh.a,aligned,1,111,111,21.054,20.396,33.239
1toh.a,aligned,1,112,112,24.022,20.201,35.562
1toh.a,aligned,1,113,113,27.388,21.565,34.449
1toh.a,aligned,1,114,114,30.906,21.541,35.811
1toh.a,aligned,1,115,115,33.233,24.31,36.788
1toh.a,aligned,1,116,116,36.937,23.688,37.423
1toh.a,aligned,1,117,117,37.81,24.518,41.047
1toh.a,aligned,1,118,118,41.2,24.799,42.711
1toh.a,aligned,1,119,119,40.42,22.673,45.789
1toh.a,aligned,1,120,120,37.834,22.639,48.577
1toh.a,aligned,1,121,121,35.641,25.77,48.397
1toh.a,aligned,1,122,122,33.949,27.628,51.32
1toh.a,aligned,1,123,123,30.756,25.832,52.392
1toh.a,aligned,1,124,124,28.442,28.763,51.402
1toh.a,aligned,1,125,125,30.072,29.195,47.948
1toh.a,aligned,1,126,126,29.902,25.472,47.333
1toh.a,aligned,1,127,127,26.213,25.166,48.178
1toh.a,aligned,1,128,128,25.524,28.509,46.322
1toh.a,aligned,1,129,129,26.984,26.882,43.153
1toh.a,aligned,1,130,130,24.859,23.744,43.646
1toh.a,aligned,1,131,131,21.855,26.182,43.503
1toh.a,aligned,1,132,132,22.501,26.833,39.797
1toh.a,aligned,1,133,133,23.154,23.149,39.025
1toh.a,aligned,1,134,134,26.865,23.909,38.827
1toh.a,aligned,1,135,135,29.234,21.33,40.377
1toh.a,aligned,1,136,136,32.563,22.901,41.43
1toh.a,aligned,1,137,137,34.907,20.138,40.177
1toh.a,aligned,1,138,138,38.687,19.389,40.689
1toh.a,aligned,1,139,139,40.765,18.622,37.639
1toh.a,aligned,1,140,140,44.074,17.269,39.146
1toh.a,aligned,1,141,141,44.84,13.648,40.042
1toh.a,aligned,1,142,142,45.972,12.116,43.356
1toh.a,aligned,1,143,143,49.696,11.355,43.799
1toh.a,aligned,1,144,144,50.618,8.119,42.057
1toh.a,aligned,1,145,145,52.203,6.701,45.26
1toh.a,aligned,1,146,146,48.889,6.019,47.051
1toh.a,aligned,1,147,147,46.279,5.358,44.322
1toh.a,aligned,1,148,148,43.852,3.688,46.706
1toh.a,aligned,1,149,149,43.786,6.618,49.093
1toh.a,aligned,1,150,150,43.392,10.426,48.711
1toh.a,aligned,1,151,151,42.957,13.015,51.533
1toh.a,aligned,1,152,152,41.337,15.621,49.288
1toh.a,aligned,1,153,153,38.805,15.306,46.449
1toh.a,aligned,1,154,154,40.696,14.672,43.189
1toh.a,aligned,1,155,155,39.307,14.137,39.736
1toh.a,aligned,1,156,156,38.915,10.456,40.449
1toh.a,aligned,1,157,157,36.615,11.187,43.416
1toh.a,aligned,1,158,158,34.684,13.77,41.321
1toh.a,aligned,1,159,159,34.291,11.782,38.139
1toh.a,aligned,1,160,160,33.639,8.351,39.621
1toh.a,aligned,1,161,161,32.082,9.451,42.902
1toh.a,aligned,1,162,162,29.817,12.413,42.052
1toh.a,aligned,1,163,163,29.161,12.692,38.368
1toh.a,aligned,1,164,164,27.294,9.47,37.773
1toh.a,aligned,1,165,165,24.556,10.233,40.458
1toh.a,aligned,1,166,166,24.205,13.779,38.92
1toh.a,aligned,1,167,167,23.044,12.066,35.75
1toh.a,aligned,1,168,168,19.89,10.948,37.603
1toh.a,aligned,1,169,169,16.888,13.437,37.374
1toh.a,aligned,1,170,170,15.75,13.004,41.018
1toh.a,aligned,1,171,171,19.21,13.15,42.645
1toh.a,aligned,1,172,172,20.271,16.138,40.557
1toh.a,aligned,1,173,173,17.112,17.992,41.906
1toh.a,aligned,1,174,174,17.959,16.842,45.507
1toh.a,aligned,1,175,175,21.481,18.306,45.203
1toh.a,aligned,1,176,176,20.246,21.635,43.722
1toh.a,aligned,1,177,177,17.608,21.768,46.451
1toh.a,aligned,1,178,178,20.31,21.752,49.141
1toh.a,aligned,1,179,179,21.986,24.597,47.346
1toh.a,aligned,1,180,180,18.69,26.507,46.871
1toh.a,aligned,1,181,181,17.975,26.162,50.604
1toh.a,aligned,1,182,182,21.369,27.567,51.509
1toh.a,aligned,1,183,183,21.065,30.889,49.625
1toh.a,aligned,1,184,184,21.366,33.783,52.063
1toh.a,aligned,1,185,185,21.014,31.429,55.029
1toh.a,aligned,1,186,186,22.96,32.132,58.261
1toh.a,aligned,1,187,187,26.384,30.602,58.926
1toh.a,aligned,1,188,188,24.78,28.243,61.403
1toh.a,aligned,1,189,189,22.323,27.193,58.775
1toh.a,aligned,1,190,190,25.15,26.766,56.268
1toh.a,aligned,1,191,191,26.994,24.322,58.664
1toh.a,aligned,1,192,192,23.82,22.317,59.177
1toh.a,aligned,1,193,193,23.185,22.083,55.43
1toh.a,aligned,1,194,194,26.855,21.127,54.877
1toh.a,aligned,1,195,195,26.231,18.305,57.375
1toh.a,aligned,1,196,196,23.088,17.103,55.647
1toh.a,aligned,1,197,197,25.151,17.251,52.416
1toh.a,aligned,1,198,198,27.905,15.216,54.101
1toh.a,aligned,1,199,199,25.464,12.435,55.069
1toh.a,aligned,1,200,200,23.741,12.256,51.775
1toh.a,aligned,1,201,201,25.622,13.459,48.662
1toh.a,aligned,1,202,202,28.995,12.435,50.165
1toh.a,aligned,1,203,203,28.225,9.398,52.385
1toh.a,aligned,1,204,204,24.541,8.536,51.99
1toh.a,aligned,1,205,205,23.11,5.005,51.792
1toh.a,aligned,1,206,206,19.77,4.097,50.311
1toh.a,aligned,1,207,207,17.563,1.066,50.339
1toh.a,aligned,1,208,208,16.505,-0.557,47.054
1toh.a,aligned,1,209,209,14.375,-3.758,46.893
1toh.a,aligned,1,210,210,15.104,-4.535,50.511
1toh.a,aligned,1,211,211,18.873,-4.194,49.989
1toh.a,aligned,1,212,212,21.179,-1.533,51.318
1toh.a,aligned,1,213,213,23.294,0.394,48.711
1toh.a,aligned,1,214,214,25.645,3.332,48.509
1toh.a,aligned,1,215,215,25.13,6.635,46.625
1toh.a,aligned,1,216,216,27.454,8.91,48.51
1toh.a,aligned,1,217,217,30.366,10.022,46.354
1toh.a,aligned,1,218,218,32.788,9.535,49.183
1toh.a,aligned,1,219,219,31.702,5.896,49.268
1toh.a,aligned,1,220,220,31.622,5.372,45.549
1toh.a,aligned,1,221,221,35.219,6.599,45.058
1toh.a,aligned,1,222,222,36.529,4.715,48.084
1toh.a,aligned,1,223,223,37.356,1.009,47.828
1toh.a,aligned,1,224,224,37.596,0.344,51.56
1toh.a,aligned,1,225,225,34.847,2.643,52.765
1toh.a,aligned,1,226,226,32.575,1.275,50.153
1toh.a,aligned,1,227,227,32.944,-2.285,51.633
1toh.a,aligned,1,228,228,32.698,-1.067,55.214
1toh.a,aligned,1,229,229,29.52,1.08,54.646
1toh.a,aligned,1,230,230,27.551,-1.989,53.707
1toh.a,aligned,1,231,231,29.045,-4.182,56.468
1toh.a,aligned,1,232,232,27.883,-5.04,59.949
1toh.a,aligned,1,233,233,30.332,-2.573,61.52
1toh.a,aligned,1,234,234,28.931,1.061,61.317
1toh.a,aligned,1,235,235,25.524,2.053,62.675
1toh.a,aligned,1,236,236,22.939,2.911,59.938
1toh.a,aligned,1,237,237,20.104,5.323,60.87
1toh.a,aligned,1,238,238,16.887,6.244,59.016
1toh.a,aligned,1,239,239,17.589,9.488,57.107
1toh.a,aligned,1,240,240,16.146,12.539,58.724
1toh.a,aligned,1,241,241,17.455,16.012,57.748
1toh.a,aligned,1,242,242,17.063,17.24,61.328
1toh.a,aligned,1,243,243,18.982,14.342,62.864
1toh.a,aligned,1,244,244,21.734,14.405,60.198
1toh.a,aligned,1,245,245,22.267,18.157,60.393
1toh.a,aligned,1,246,246,23.623,17.855,63.934
1toh.a,aligned,1,247,247,25.519,14.575,63.688
1toh.a,aligned,1,248,248,29.202,15.28,64.303
1toh.a,aligned,1,249,249,31.567,13.602,61.842
1toh.a,aligned,1,250,250,35.251,13.563,60.97
1toh.a,aligned,1,251,251,37.495,13.44,57.971
1toh.a,aligned,1,252,252,40.278,10.824,58.415
1toh.a,aligned,1,253,253,38.798,7.424,59.25
1toh.a,aligned,1,254,254,35.731,5.688,57.87
1toh.a,aligned,1,255,255,32.318,6.905,59.119
1toh.a,aligned,1,256,256,30.926,4.96,62.165
1toh.a,aligned,1,257,257,27.35,6.186,61.384
1toh.a,aligned,1,258,258,25.458,6.562,58.046
1toh.a,aligned,1,259,259,21.851,7.516,57.106
1toh.a,aligned,1,260,260,19.7,5.447,54.745
1toh.a,aligned,1,261,261,17.044,7.058,52.636
1toh.a,aligned,1,262,262,14.055,4.977,51.389
1toh.a,aligned,1,263,263,14.028,6.559,47.97
1toh.a,aligned,1,264,264,15.43,9.71,46.454
1toh.a,aligned,1,265,265,11.946,11.167,46.154
1toh.a,aligned,1,266,266,11.402,10.466,49.878
1toh.a,aligned,1,267,267,14.67,12.079,50.843
1toh.a,aligned,1,268,268,13.894,15.023,48.599
1toh.a,aligned,1,269,269,10.512,15.471,50.232
1toh.a,aligned,1,270,270,12.131,15.216,53.715
1toh.a,aligned,1,271,271,14.798,17.762,52.711
1toh.a,aligned,1,272,272,12.213,20.285,51.573
1toh.a,aligned,1,273,273,10.001,20.031,54.636
1toh.a,aligned,1,274,274,13.373,20.696,56.445
1toh.a,aligned,1,275,275,13.999,23.705,54.244
1toh.a,aligned,1,276,276,10.498,25.04,55.146
1toh.a,aligned,1,277,277,11.524,25.376,58.825
1toh.a,aligned,1,278,278,14.608,27.47,57.95
1toh.a,aligned,1,279,279,14.108,31.024,59.405
1toh.a,aligned,1,280,280,13.623,33.289,56.347
1toh.a,aligned,1,281,281,11.624,36.247,55.025
1toh.a,aligned,1,282,282,11.708,34.846,51.411
1toh.a,aligned,1,283,283,12.063,31.783,49.217
1toh.a,aligned,1,284,284,13.969,31.313,46.038
1toh.a,aligned,1,285,285,12.975,29.504,42.878
1toh.a,aligned,1,286,286,15.374,28.638,40.117
1toh.a,aligned,1,287,287,14.652,30.065,36.682
1toh.a,aligned,1,288,288,16.136,27.367,34.307
1toh.a,aligned,1,289,289,15.692,29.516,31.183
1toh.a,aligned,1,290,290,18.166,32.137,32.373
1toh.a,aligned,1,291,291,20.11,30.241,35.102
1toh.a,aligned,1,292,292,18.977,32.839,37.584
1toh.a,aligned,1,293,293,17.598,32.747,41.098
1toh.a,aligned,1,294,294,14.206,34.549,41.507
1toh.a,aligned,1,295,295,13.633,35.862,44.979
1toh.a,aligned,1,296,296,10.053,35.368,46.071
1toh.a,aligned,1,297,297,9.427,38.024,48.656
1toh.a,aligned,1,298,298,6.013,39.505,47.768
1toh.a,aligned,1,299,299,2.596,38.488,46.423
1toh.a,aligned,1,300,300,3.654,39.828,43.014
1toh.a,aligned,1,301,301,6.881,37.845,42.58
1toh.a,aligned,1,302,302,4.98,34.723,43.686
1toh.a,aligned,1,303,303,2.231,35.531,41.192
1toh.a,aligned,1,304,304,4.819,35.882,38.434
1toh.a,aligned,1,305,305,6.18,32.345,38.937
1toh.a,aligned,1,306,306,2.636,30.985,39.293
1toh.a,aligned,1,307,307,1.99,32.17,35.734
1toh.a,aligned,1,308,308,4.864,30.016,34.449
1toh.a,aligned,1,309,309,3.263,27.084,36.271
1toh.a,aligned,1,310,310,-0.193,27.791,34.863
1toh.a,aligned,1,311,311,1.298,27.84,31.295
1toh.a,aligned,1,312,312,2.771,24.459,31.983
1toh.a,aligned,1,313,313,-0.491,23.019,33.244
1toh.a,aligned,1,314,314,-2.041,24.304,29.996
1toh.a,aligned,1,315,315,0.488,22.248,28.063
1toh.a,aligned,1,316,316,-0.407,19.067,30.038
1toh.a,aligned,1,317,317,-4.118,19.647,29.433
1toh.a,aligned,1,318,318,-3.409,19.803,25.721
1toh.a,aligned,1,319,319,-1.285,16.673,25.844
1toh.a,aligned,1,320,320,-4.225,14.905,27.467
1toh.a,aligned,1,321,321,-6.679,15.624,24.609
1toh.a,aligned,1,322,322,-3.985,14.789,21.998
1toh.a,aligned,1,323,323,-3.618,11.243,23.401
1toh.a,aligned,1,324,324,-7.469,11.216,23.763
1d9q.d,aligned,1,0,0,48.913,-3.154,42.396
1d9q.d,aligned,1,1,1,48.849,0.601,43.181
1d9q.d,aligned,1,2,2,46.683,2.543,40.653
1d9q.d,aligned,1,3,3,46.749,6.351,40.679
1d9q.d,aligned,1,4,4,44.113,8.588,39.07
1d9q.d,aligned,1,5,5,46.618,9.509,36.351
1d9q.d,aligned,1,6,6,47.343,5.873,35.459
1d9q.d,aligned,1,7,7,43.643,4.998,35.586
1d9q.d,aligned,1,8,8,42.699,7.896,33.27
1d9q.d,aligned,1,9,9,45.446,6.927,30.819
1d9q.d,aligned,1,10,10,44.166,3.336,30.737
1d9q.d,aligned,1,11,11,40.613,4.489,29.924
1d9q.d,aligned,1,12,12,42.121,6.637,27.172
1d9q.d,aligned,1,13,13,43.987,3.622,25.776
1d9q.d,aligned,1,14,14,40.666,1.75,25.922
1d9q.d,aligned,1,15,15,39.187,4.531,23.826
1d9q.d,aligned,1,16,16,36.605,5.253,26.526
1d9q.d,aligned,1,17,17,37.629,8.943,26.81
1d9q.d,aligned,1,18,18,39.804,11.176,24.614
1d9q.d,aligned,1,19,19,43.052,12.891,25.637
1d9q.d,aligned,1,20,20,41.302,16.219,25.885
1d9q.d,aligned,1,21,21,38.877,14.879,28.484
1d9q.d,aligned,1,22,22,41.767,13.109,30.235
1d9q.d,aligned,1,23,23,43.378,16.526,30.736
1d9q.d,aligned,1,24,24,40.126,18.117,31.958
1d9q.d,aligned,1,25,25,39.568,15.389,34.548
1d9q.d,aligned,1,26,26,43.215,15.419,35.583
1d9q.d,aligned,1,27,27,43.071,19.205,35.944
1d9q.d,aligned,1,28,28,39.873,19.038,38.025
1d9q.d,aligned,1,29,29,41.469,16.609,40.497
1d9q.d,aligned,1,30,30,44.374,19.03,40.762
1d9q.d,aligned,1,31,31,42.023,21.834,41.721
1d9q.d,aligned,1,32,32,40.538,19.54,44.388
1d9q.d,aligned,1,33,33,43.921,18.832,45.995
1d9q.d,aligned,1,34,34,44.408,22.578,46.414
1d9q.d,aligned,1,35,35,40.887,23.254,47.717
1d9q.d,aligned,1,36,36,41.366,20.441,50.249
1d9q.d,aligned,1,37,37,44.416,22.282,51.609
1d9q.d,aligned,1,38,38,42.474,25.552,51.843
1d9q.d,aligned,1,39,39,39.778,23.786,53.86
1d9q.d,aligned,1,40,40,42.316,22.178,56.231
1d9q.d,aligned,1,41,41,44.044,25.5,57.006
1d9q.d,aligned,1,42,42,40.97,27.754,57.034
1d9q.d,aligned,1,43,43,41.267,28.545,60.776
1d9q.d,aligned,1,44,44,44.939,29.506,60.369
1d9q.d,aligned,1,45,45,44.515,31.526,57.166
1d9q.d,aligned,1,46,46,41.733,33.472,58.92
1d9q.d,aligned,1,47,47,44.096,34.532,61.725
1d9q.d,aligned,1,48,48,45.883,36.622,59.102
1d9q.d,aligned,1,49,49,31.108,33.794,57.217
1d9q.d,aligned,1,50,50,34.317,31.859,56.46
1d9q.d,aligned,1,51,51,32.687,29.394,54.048
1d9q.d,aligned,1,52,52,31.486,32.036,51.547
1d9q.d,aligned,1,53,53,34.932,33.638,51.074
1d9q.d,aligned,1,54,54,36.284,30.119,50.634
1d9q.d,aligned,1,55,55,33.734,29.631,47.797
1d9q.d,aligned,1,56,56,35.343,32.478,45.774
1d9q.d,aligned,1,57,57,38.98,31.416,46.273
1d9q.d,aligned,1,58,58,38.076,27.855,45.308
1d9q.d,aligned,1,59,59,36.537,29.042,42.038
1d9q.d,aligned,1,60,60,39.774,30.923,41.29
1d9q.d,aligned,1,61,61,41.823,27.773,41.917
1d9q.d,aligned,1,62,62,39.52,25.896,39.526
1d9q.d,aligned,1,63,63,39.919,28.565,36.824
1d9q.d,aligned,1,64,64,43.725,28.47,37.06
1d9q.d,aligned,1,65,65,43.92,24.687,36.904
1d9q.d,aligned,1,66,66,41.649,24.548,33.841
1d9q.d,aligned,1,67,67,43.172,27.434,31.88
1d9q.d,aligned,1,68,68,44.831,25.025,29.411
1d9q.d,aligned,1,69,69,41.507,23.433,28.462
1d9q.d,aligned,1,70,70,39.23,26.455,28.233
1d9q.d,aligned,1,71,71,37.844,29.685,29.648
1d9q.d,aligned,1,72,72,35.743,29.871,32.807
1d9q.d,aligned,1,73,73,32.877,32.136,33.863
1d9q.d,aligned,1,74,74,31.051,32.473,37.179
1d9q.d,aligned,1,75,75,27.306,32.202,37.761
1d9q.d,aligned,1,76,76,26.823,34.567,40.726
1d9q.d,aligned,1,77,77,24.86,33.54,43.848
1d9q.d,aligned,1,78,78,21.182,34.476,43.629
1d9q.d,aligned,1,79,79,20.566,34.274,47.381
1d9q.d,aligned,1,80,80,22.465,32.387,50.108
1d9q.d,aligned,1,81,81,23.903,30.036,47.484
1d9q.d,aligned,1,82,82,27.36,29.091,46.344
1d9q.d,aligned,1,83,83,28.667,30.767,43.157
1d9q.d,aligned,1,84,84,29.14,28.228,40.368
1d9q.d,aligned,1,85,85,32.136,28.095,38.044
1d9q.d,aligned,1,86,86,31.42,27.205,34.435
1d9q.d,aligned,1,87,87,34.351,26.31,32.185
1d9q.d,aligned,1,88,88,34.009,26.092,28.407
1d9q.d,aligned,1,89,89,36.771,24.386,26.412
1d9q.d,aligned,1,90,90,38.516,26.366,23.665
1d9q.d,aligned,1,91,91,37.688,23.527,21.255
1d9q.d,aligned,1,92,92,33.968,23.746,22.062
1d9q.d,aligned,1,93,93,33.852,20.039,22.895
1d9q.d,aligned,1,94,94,33.286,20.244,26.651
1d9q.d,aligned,1,95,95,31.673,22.354,29.337
1d9q.d,aligned,1,96,96,32.427,21.786,33.019
1d9q.d,aligned,1,97,97,29.922,23.019,35.622
1d9q.d,aligned,1,98,98,31.813,23.248,38.917
1d9q.d,aligned,1,99,99,30.27,23.78,42.348
1d9q.d,aligned,1,100,100,33.382,24.661,44.482
1d9q.d,aligned,1,101,101,31.89,23.895,47.919
1d9q.d,aligned,1,102,102,28.599,22.241,48.919
1d9q.d,aligned,1,103,103,27.377,25.147,51.03
1d9q.d,aligned,1,104,104,27.887,28.648,52.394
1d9q.d,aligned,1,105,105,27.209,27.833,56.076
1d9q.d,aligned,1,106,106,29.942,27.414,58.716
1d9q.d,aligned,1,107,107,27.672,25.132,60.756
1d9q.d,aligned,1,108,108,27.136,22.678,57.89
1d9q.d,aligned,1,109,109,30.866,22.64,57.143
1d9q.d,aligned,1,110,110,32.038,21.97,60.7
1d9q.d,aligned,1,111,111,33.327,18.461,59.813
1d9q.d,aligned,1,112,112,32.98,18.092,56.042
1d9q.d,aligned,1,113,113,32.304,19.747,52.716
1d9q.d,aligned,1,114,114,33.117,19.085,49.063
1d9q.d,aligned,1,115,115,33.206,19.956,45.359
1d9q.d,aligned,1,116,116,30.682,18.757,42.777
1d9q.d,aligned,1,117,117,31.144,18.785,39.01
1d9q.d,aligned,1,118,118,29.449,17.733,35.8
1d9q.d,aligned,1,119,119,30.927,17.514,32.297
1d9q.d,aligned,1,120,120,28.693,18.128,29.246
1d9q.d,aligned,1,121,121,29.064,17.92,25.456
1d9q.d,aligned,1,122,122,27.166,20.932,24.002
1d9q.d,aligned,1,123,123,25.56,21.494,20.636
1d9q.d,aligned,1,124,124,26.523,25.229,20.835
1d9q.d,aligned,1,125,125,29.091,27.807,22.127
1d9q.d,aligned,1,126,126,28.046,30.054,25.045
1d9q.d,aligned,1,127,127,30.948,31.864,26.777
1d9q.d,aligned,1,128,128,32.641,35.019,25.312
1d9q.d,aligned,1,129,129,36.182,43.128,36.451
1d9q.d,aligned,1,130,130,33.223,40.723,36.005
1d9q.d,aligned,1,131,131,34.203,37.143,35.063
1d9q.d,aligned,1,132,132,30.486,36.774,35.807
1d9q.d,aligned,1,133,133,28.163,35.462,33.068
1d9q.d,aligned,1,134,134,25.325,37.712,31.886
1d9q.d,aligned,1,135,135,21.633,37.016,31.278
1d9q.d,aligned,1,136,136,22.335,36.047,27.658
1d9q.d,aligned,1,137,137,25.184,33.691,28.696
1d9q.d,aligned,1,138,138,23.222,32.192,31.582
1d9q.d,aligned,1,139,139,20.23,31.5,29.345
1d9q.d,aligned,1,140,140,22.651,29.783,26.947
1d9q.d,aligned,1,141,141,24.166,27.393,29.5
1d9q.d,aligned,1,142,142,20.772,26.169,30.826
1d9q.d,aligned,1,143,143,19.727,25.203,27.28
1d9q.d,aligned,1,144,144,23.186,23.904,26.351
1d9q.d,aligned,1,145,145,23.634,21.661,29.417
1d9q.d,aligned,1,146,146,20.998,18.928,29.458
1d9q.d,aligned,1,147,147,21.71,16.274,32.135
1d9q.d,aligned,1,148,148,19.176,14.0,30.474
1d9q.d,aligned,1,149,149,21.04,13.746,27.151
1d9q.d,aligned,1,150,150,24.553,15.289,27.199
1d9q.d,aligned,1,151,151,26.012,14.704,30.679
1d9q.d,aligned,1,152,152,29.193,12.695,29.932
1d9q.d,aligned,1,153,153,30.863,12.56,33.329
1d9q.d,aligned,1,154,154,30.173,13.584,36.902
1d9q.d,aligned,1,155,155,31.727,13.327,40.333
1d9q.d,aligned,1,156,156,32.654,15.013,43.572
1d9q.d,aligned,1,157,157,35.535,15.409,45.97
1d9q.d,aligned,1,158,158,34.779,15.116,49.675
1d9q.d,aligned,1,159,159,36.913,16.963,52.221
1d9q.d,aligned,1,160,160,36.556,15.255,55.593
1d9q.d,aligned,1,161,161,38.725,13.023,57.82
1d9q.d,aligned,1,162,162,39.736,11.64,54.445
1d9q.d,aligned,1,163,163,39.856,13.361,51.038
1d9q.d,aligned,1,164,164,37.815,11.226,48.595
1d9q.d,aligned,1,165,165,37.433,11.702,44.825
1d9q.d,aligned,1,166,166,34.428,9.916,43.342
1d9q.d,aligned,1,167,167,34.093,9.711,39.568
1d9q.d,aligned,1,168,168,31.926,8.178,36.838
1d9q.d,aligned,1,169,169,32.611,8.492,33.105
1d9q.d,aligned,1,170,170,29.534,6.467,32.183
1d9q.d,aligned,1,171,171,30.623,2.924,33.098
1d9q.d,aligned,1,172,172,30.464,2.559,36.873
1d9q.d,aligned,1,173,173,31.537,4.539,39.901
1d9q.d,aligned,1,174,174,35.177,4.682,40.977
1d9q.d,aligned,1,175,175,36.57,5.851,44.317
1d9q.d,aligned,1,176,176,40.003,7.483,44.738
1d9q.d,aligned,1,177,177,41.586,8.299,48.101
1d9q.d,aligned,1,178,178,44.191,11.048,48.414
1d9q.d,aligned,1,179,179,47.483,9.911,49.885
1d9q.d,aligned,1,180,180,48.569,12.818,52.161
1d9q.d,aligned,1,181,181,52.11,11.458,51.887
1d9q.d,aligned,1,182,182,52.734,11.453,48.142
1d9q.d,aligned,1,183,183,50.059,13.914,47.04
1d9q.d,aligned,1,184,184,48.32,11.527,44.653
1d9q.d,aligned,1,185,185,44.834,10.041,44.339
1d9q.d,aligned,1,186,186,44.941,6.265,44.69
1d9q.d,aligned,1,187,187,42.194,3.948,43.43
1d9q.d,aligned,1,188,188,40.644,2.269,46.471
1d9q.d,aligned,1,189,189,37.349,0.993,45.04
1d9q.d,aligned,1,190,190,36.159,-0.056,41.598
1d9q.d,aligned,1,191,191,32.561,-0.318,40.37
1d9q.d,aligned,1,192,192,31.004,0.786,43.653
1d9q.d,aligned,1,193,193,27.435,-0.456,44.187
1d9q.d,aligned,1,194,194,25.056,1.277,46.61
1d9q.d,aligned,1,195,195,23.092,-1.332,48.646
1d9q.d,aligned,1,196,196,19.5,-2.028,47.463
1d9q.d,aligned,1,197,197,18.053,-1.13,50.866
1d9q.d,aligned,1,198,198,19.257,0.558,54.01
1d9q.d,aligned,1,199,199,17.663,1.159,57.371
1d9q.d,aligned,1,200,200,19.144,4.705,57.605
1d9q.d,aligned,1,201,201,17.478,7.996,56.781
1d9q.d,aligned,1,202,202,19.028,11.423,56.31
1d9q.d,aligned,1,203,203,16.556,14.338,56.759
1d9q.d,aligned,1,204,204,16.541,17.588,58.826
1d9q.d,aligned,1,205,205,13.684,16.664,61.161
1d9q.d,aligned,1,206,206,13.768,20.123,62.658
1d9q.d,aligned,1,207,207,11.502,21.063,59.723
1d9q.d,aligned,1,208,208,9.017,18.289,60.5
1d9q.d,aligned,1,209,209,6.063,20.638,61.048
1d9q.d,aligned,1,210,210,6.751,22.429,57.779
1d9q.d,aligned,1,211,211,6.405,19.211,55.746
1d9q.d,aligned,1,212,212,3.301,17.873,54.009
1d9q.d,aligned,1,213,213,1.213,15.227,55.762
1d9q.d,aligned,1,214,214,2.462,12.786,53.085
1d9q.d,aligned,1,215,215,6.071,13.034,54.201
1d9q.d,aligned,1,216,216,5.239,13.3,57.889
1d9q.d,aligned,1,217,217,3.552,9.913,57.594
1d9q.d,aligned,1,218,218,6.58,8.438,55.872
1d9q.d,aligned,1,219,219,8.952,9.927,58.485
1d9q.d,aligned,1,220,220,6.734,8.708,61.356
1d9q.d,aligned,1,221,221,6.549,5.124,60.088
1d9q.d,aligned,1,222,222,10.337,4.885,59.873
1d9q.d,aligned,1,223,223,10.407,5.185,63.664
1d9q.d,aligned,1,224,224,8.271,2.082,64.1
1d9q.d,aligned,1,225,225,10.473,-0.725,65.385
1d9q.d,aligned,1,226,226,9.414,-3.187,62.617
1d9q.d,aligned,1,227,227,10.197,-6.886,62.226
1d9q.d,aligned,1,228,228,12.797,-7.274,64.992
1d9q.d,aligned,1,229,229,12.657,-4.293,67.359
1d9q.d,aligned,1,230,230,15.102,-1.986,65.668
1d9q.d,aligned,1,231,231,13.858,1.232,64.074
1d9q.d,aligned,1,232,232,15.703,3.143,61.308
1d9q.d,aligned,1,233,233,18.889,5.005,62.285
1d9q.d,aligned,1,234,234,18.978,8.754,61.708
1d9q.d,aligned,1,235,235,22.139,10.497,60.452
1d9q.d,aligned,1,236,236,22.275,14.07,59.094
1d9q.d,aligned,1,237,237,25.56,15.948,58.888
1d9q.d,aligned,1,238,238,24.184,18.963,57.028
1d9q.d,aligned,1,239,239,26.841,18.593,54.353
1d9q.d,aligned,1,240,240,25.36,17.486,51.006
1d9q.d,aligned,1,241,241,28.539,15.725,49.863
1d9q.d,aligned,1,242,242,29.085,14.145,53.275
1d9q.d,aligned,1,243,243,25.528,12.879,53.647
1d9q.d,aligned,1,244,244,25.486,11.681,50.035
1d9q.d,aligned,1,245,245,28.824,9.861,50.321
1d9q.d,aligned,1,246,246,27.719,7.97,53.453
1d9q.d,aligned,1,247,247,24.475,7.012,51.67
1d9q.d,aligned,1,248,248,26.5,5.777,48.683
1d9q.d,aligned,1,249,249,28.715,3.499,50.8
1d9q.d,aligned,1,250,250,26.291,2.192,53.416
1d9q.d,aligned,1,251,251,22.89,2.524,51.77
1d9q.d,aligned,1,252,252,19.765,4.281,52.954
1d9q.d,aligned,1,253,253,17.927,7.425,51.893
1d9q.d,aligned,1,254,254,18.792,11.115,51.88
1d9q.d,aligned,1,255,255,16.16,13.73,51.362
1d9q.d,aligned,1,256,256,15.777,17.453,50.979
1d9q.d,aligned,1,257,257,11.99,17.817,50.465
1d9q.d,aligned,1,258,258,9.917,20.89,49.819
1d9q.d,aligned,1,259,259,8.495,22.67,52.85
1d9q.d,aligned,1,260,260,6.248,25.6,53.75
1d9q.d,aligned,1,261,261,9.281,27.914,53.724
1d9q.d,aligned,1,262,262,10.794,26.584,50.454
1d9q.d,aligned,1,263,263,8.057,25.569,47.995
1d9q.d,aligned,1,264,264,10.43,23.942,45.456
1d9q.d,aligned,1,265,265,13.169,22.489,47.644
1d9q.d,aligned,1,266,266,16.542,24.096,48.278
1d9q.d,aligned,1,267,267,18.989,22.083,46.18
1d9q.d,aligned,1,268,268,19.701,23.362,42.687
1d9q.d,aligned,1,269,269,18.835,20.99,39.859
1d9q.d,aligned,1,270,270,21.698,21.628,37.425
1d9q.d,aligned,1,271,271,24.533,22.262,39.871
1d9q.d,aligned,1,272,272,23.81,19.741,42.624
1d9q.d,aligned,1,273,273,21.013,17.283,41.949
1d9q.d,aligned,1,274,274,21.94,16.367,38.369
1d9q.d,aligned,1,275,275,25.543,15.223,39.059
1d9q.d,aligned,1,276,276,24.514,13.377,42.243
1d9q.d,aligned,1,277,277,21.658,11.553,40.46
1d9q.d,aligned,1,278,278,23.872,10.457,37.569
1d9q.d,aligned,1,279,279,26.42,9.064,40.043
1d9q.d,aligned,1,280,280,23.812,7.28,42.163
1d9q.d,aligned,1,281,281,22.286,5.64,39.064
1d9q.d,aligned,1,282,282,25.743,4.451,37.995
1d9q.d,aligned,1,283,283,26.13,2.837,41.437
1d9q.d,aligned,1,284,284,22.767,1.093,41.091
1d9q.d,aligned,1,285,285,20.647,3.56,43.023
1d9q.d,aligned,1,286,286,17.865,6.074,42.465
1d9q.d,aligned,1,287,287,17.609,9.873,42.396
1d9q.d,aligned,1,288,288,14.046,11.206,42.504
1d9q.d,aligned,1,289,289,12.201,14.449,43.173
1d9q.d,aligned,1,290,290,9.492,12.398,44.847
1d9q.d,aligned,1,291,291,7.348,11.606,41.823
1d9q.d,aligned,1,292,292,9.871,11.334,38.975
1d9q.d,aligned,1,293,293,13.486,10.687,37.933
1d9q.d,aligned,1,294,294,15.549,13.826,38.533
1d9q.d,aligned,1,295,295,17.579,13.498,35.334
1d9q.d,aligned,1,296,296,14.346,13.45,33.267
1d9q.d,aligned,1,297,297,13.565,17.008,34.343
1d9q.d,aligned,1,298,298,14.91,19.74,32.051
1d9q.d,aligned,1,299,299,16.288,23.011,33.555
1d9q.d,aligned,1,300,300,14.511,26.182,32.528
1d9q.d,aligned,1,301,301,15.634,28.819,35.043
1d9q.d,aligned,1,302,302,19.347,29.413,35.851
1d9q.d,aligned,1,303,303,18.944,28.655,39.578
1d9q.d,aligned,1,304,304,15.972,26.234,39.348
1d9q.d,aligned,1,305,305,15.488,24.138,42.507
1d9q.d,aligned,1,306,306,13.951,20.738,43.135
1d9q.d,aligned,1,307,307,13.155,18.412,46.079
1d9q.d,aligned,1,308,308,15.516,15.462,46.355
1d9q.d,aligned,1,309,309,15.15,11.871,47.514
1d9q.d,aligned,1,310,310,18.304,9.939,46.694
1d9q.d,aligned,1,311,311,19.884,6.636,47.703
1d9q.d,aligned,1,312,312,19.022,2.935,47.816
1d9q.d,aligned,1,313,313,16.432,1.961,45.173
1d9q.d,aligned,1,314,314,13.993,0.267,47.612
1d9q.d,aligned,1,315,315,14.179,3.206,50.038
1d9q.d,aligned,1,316,316,13.552,5.822,47.352
1d9q.d,aligned,1,317,317,10.714,3.7,45.94
1d9q.d,aligned,1,318,318,9.2,3.568,49.43
1d9q.d,aligned,1,319,319,9.078,7.341,49.881
1d9q.d,aligned,1,320,320,7.615,7.685,46.393
1d9q.d,aligned,1,321,321,4.875,5.275,47.494
1d9q.d,aligned,1,322,322,3.913,7.695,50.301
1d9q.d,aligned,1,323,323,4.043,10.835,48.124
1d9q.d,aligned,1,324,324,1.809,9.588,45.295
1o7j.a,deposited,2,0,0,36.574,39.355,23.921
1o7j.a,deposited,2,1,2,35.086,35.351,29.039
1o7j.a,deposited,2,2,4,36.02,33.093,34.72
1o7j.a,deposited,2,3,6,38.39,29.568,39.561
1o7j.a,deposited,2,4,8,39.19,26.365,44.844
1o7j.a,deposited,2,5,10,40.837,21.402,47.75
1o7j.a,deposited,2,6,12,43.405,15.515,44.851
1o7j.a,deposited,2,7,14,45.48,20.187,44.495
1o7j.a,deposited,2,8,16,51.246,16.97,45.956
1o7j.a,deposited,2,9,18,56.751,12.999,47.355
1o7j.a,deposited,2,10,20,55.634,10.834,40.685
1o7j.a,deposited,2,11,22,52.523,7.822,44.325
1o7j.a,deposited,2,12,24,47.422,6.496,46.48
1o7j.a,deposited,2,13,26,49.143,11.476,49.12
1o7j.a,deposited,2,14,28,44.622,16.119,48.996
1o7j.a,deposited,2,15,30,47.808,21.165,49.524
1o7j.a,deposited,2,16,32,47.0,26.917,46.08
1o7j.a,deposited,2,17,34,47.276,30.094,41.573
1o7j.a,deposited,2,18,36,46.93,25.072,39.671
1o7j.a,deposited,2,19,38,50.106,28.384,36.573
1o7j.a,deposited,2,20,40,48.375,25.288,32.672
1o7j.a,deposited,2,21,42,47.377,27.84,28.18
1o7j.a,deposited,2,22,44,44.952,32.422,29.454
1o7j.a,deposited,2,23,46,40.556,30.486,26.897
1o7j.a,deposited,2,24,48,40.575,35.913,31.697
1o7j.a,deposited,2,25,50,41.037,34.88,38.546
1o7j.a,deposited,2,26,52,39.953,32.558,44.765
1o7j.a,deposited,2,27,54,37.515,29.129,49.271
1o7j.a,deposited,2,28,56,41.667,23.532,50.886
1o7j.a,deposited,2,29,58,40.084,16.542,50.982
1o7j.a,deposited,2,30,60,35.623,13.334,52.318
1o7j.a,deposited,2,31,62,33.33,18.562,52.967
1o7j.a,deposited,2,32,64,26.734,20.692,54.413
1o7j.a,deposited,2,33,66,30.452,24.498,54.092
1o7j.a,deposited,2,34,68,25.95,25.973,51.817
1o7j.a,deposited,2,35,70,30.015,27.611,48.695
1o7j.a,deposited,2,36,72,26.157,31.428,48.655
1o7j.a,deposited,2,37,74,28.878,31.285,43.879
1o7j.a,deposited,2,38,76,27.394,36.33,44.884
1o7j.a,deposited,2,39,78,27.434,35.142,39.371
1o7j.a,deposited,2,40,80,28.332,40.338,39.153
1o7j.a,deposited,2,41,82,32.116,41.033,35.369
1o7j.a,deposited,2,42,84,30.667,35.063,33.108
1o7j.a,deposited,2,43,86,32.749,29.809,37.666
1o7j.a,deposited,2,44,88,35.086,25.024,41.205
1o7j.a,deposited,2,45,90,37.056,20.03,44.265
1o7j.a,deposited,2,46,92,36.359,13.584,43.543
1o7j.a,deposited,2,47,94,32.019,13.935,47.256
1o7j.a,deposited,2,48,96,28.513,14.625,43.295
1o7j.a,deposited,2,49,98,28.434,19.419,46.424
1o7j.a,deposited,2,50,100,23.992,18.546,43.156
1o7j.a,deposited,2,51,102,24.617,23.882,43.919
1o7j.a,deposited,2,52,104,19.437,23.077,43.211
1o7j.a,deposited,2,53,106,22.357,28.563,42.301
1o7j.a,deposited,2,54,108,21.788,31.944,37.652
1o7j.a,deposited,2,55,110,25.763,31.3,33.974
1o7j.a,deposited,2,56,112,29.008,26.5,37.145
1o7j.a,deposited,2,57,114,33.015,21.523,39.079
1o7j.a,deposited,2,58,116,38.421,17.308,39.944
1o7j.a,deposited,2,59,118,41.853,11.189,40.223
1o7j.a,deposited,2,60,120,47.53,14.18,42.36
1o7j.a,deposited,2,61,122,52.662,15.447,41.078
1o7j.a,deposited,2,62,124,53.062,10.718,36.246
1o7j.a,deposited,2,63,126,48.318,13.51,36.132
1o7j.a,deposited,2,64,128,44.155,17.503,36.623
1o7j.a,deposited,2,65,130,43.797,18.748,31.176
1o7j.a,deposited,2,66,132,41.062,22.096,34.439
1o7j.a,deposited,2,67,134,38.517,21.527,29.727
1o7j.a,deposited,2,68,136,37.538,26.529,31.773
1o7j.a,deposited,2,69,138,33.179,24.654,29.181
1o7j.a,deposited,2,70,140,33.477,30.152,29.065
1o7j.a,deposited,2,71,142,28.071,30.728,25.574
1o7j.a,deposited,2,72,144,27.067,26.189,28.168
1o7j.a,deposited,2,73,146,21.274,27.136,31.295
1o7j.a,deposited,2,74,148,22.392,23.159,35.28
1o7j.a,deposited,2,75,150,28.179,20.413,35.497
1o7j.a,deposited,2,76,152,33.974,18.079,33.952
1o7j.a,deposited,2,77,154,38.276,12.96,31.574
1o7j.a,deposited,2,78,156,33.277,14.382,29.752
1o7j.a,deposited,2,79,158,28.21,15.311,33.427
1o7j.a,deposited,2,80,160,25.187,17.131,38.687
1o7j.a,deposited,2,81,162,23.018,12.152,37.211
1o7j.a,deposited,2,82,164,28.396,9.814,40.165
1o7j.a,deposited,2,83,166,31.344,4.756,40.007
1o7j.a,deposited,2,84,168,37.142,3.82,43.625
1o7j.a,deposited,2,85,170,40.16,4.924,37.852
1o7j.a,deposited,2,86,172,37.14,7.216,33.999
1o7j.a,deposited,2,87,174,32.584,9.5,36.626
1o7j.a,deposited,2,88,176,25.893,8.237,34.45
1o7j.a,deposited,2,89,178,21.481,5.232,32.269
1o7j.a,deposited,2,90,180,24.847,9.532,29.753
1o7j.a,deposited,2,91,182,25.484,16.173,28.775
1o7j.a,deposited,2,92,184,32.125,15.745,25.667
1o7j.a,deposited,2,93,186,37.418,16.333,22.112
1o7j.a,deposited,2,94,188,39.545,21.365,21.887
1o7j.a,deposited,2,95,190,32.668,20.97,22.944
1o7j.a,deposited,2,96,192,26.684,18.998,23.561
1o7j.a,deposited,2,97,194,21.638,16.303,25.95
1o7j.a,deposited,2,98,196,18.521,17.324,31.408
1o7j.a,deposited,2,99,198,14.536,18.137,35.327
1o7j.a,deposited,2,100,200,17.348,23.138,38.411
1o7j.a,deposited,2,101,202,16.803,29.393,37.962
1o7j.a,deposited,2,102,204,14.289,25.64,41.369
1o7j.a,deposited,2,103,206,15.185,25.845,46.795
1o7j.a,deposited,2,104,208,19.203,28.869,50.907
1o7j.a,deposited,2,105,210,19.036,33.112,54.133
1o7j.a,deposited,2,106,212,23.438,28.852,57.672
1o7j.a,deposited,2,107,214,20.546,22.354,56.656
1o7j.a,deposited,2,108,216,20.119,16.643,59.472
1o7j.a,deposited,2,109,218,21.553,10.23,57.698
1o7j.a,deposited,2,110,220,21.385,3.669,56.426
1o7j.a,deposited,2,111,222,20.26,-2.298,53.303
1o7j.a,deposited,2,112,224,20.998,-9.277,54.807
1o7j.a,deposited,2,113,226,20.397,-5.289,58.61
1o7j.a,deposited,2,114,228,16.764,-2.221,63.582
1o7j.a,deposited,2,115,230,20.621,1.823,63.63
1o7j.a,deposited,2,116,232,16.763,3.815,66.779
1o7j.a,deposited,2,117,234,19.425,7.894,64.112
1o7j.a,deposited,2,118,236,17.666,9.42,69.048
1o7j.a,deposited,2,119,238,17.796,14.092,66.089
1o7j.a,deposited,2,120,240,14.966,15.036,60.373
1o7j.a,deposited,2,121,242,16.662,9.027,56.852
1o7j.a,deposited,2,122,244,17.736,4.153,52.977
1o7j.a,deposited,2,123,246,18.071,-0.194,50.012
1o7j.a,deposited,2,124,248,17.155,-3.761,45.112
1o7j.a,deposited,2,125,250,14.182,0.091,47.944
1o7j.a,deposited,2,126,252,12.945,-3.432,53.217
1o7j.a,deposited,2,127,254,11.109,-6.921,58.576
1o7j.a,deposited,2,128,256,14.057,-2.157,58.486
1o7j.a,deposited,2,129,258,10.047,-1.751,62.174
1o7j.a,deposited,2,130,260,11.104,3.012,59.591
1o7j.a,deposited,2,131,262,9.414,4.14,64.569
1o7j.a,deposited,2,132,264,7.672,7.957,60.979
1o7j.a,deposited,2,133,266,8.598,10.613,65.486
1o7j.a,deposited,2,134,268,11.202,11.768,60.628
1o7j.a,deposited,2,135,270,11.963,8.256,55.406
1o7j.a,deposited,2,136,272,13.847,4.763,50.144
1o7j.a,deposited,2,137,274,18.934,1.844,46.395
1o7j.a,deposited,2,138,276,22.599,-0.961,43.523
1o7j.a,deposited,2,139,278,21.429,2.943,39.193
1o7j.a,deposited,2,140,280,14.278,3.674,39.565
1o7j.a,deposited,2,141,282,9.126,2.821,42.207
1o7j.a,deposited,2,142,284,4.822,0.978,46.715
1o7j.a,deposited,2,143,286,2.628,-1.379,51.104
1o7j.a,deposited,2,144,288,6.855,2.75,54.66
1o7j.a,deposited,2,145,290,8.799,7.82,50.173
1o7j.a,deposited,2,146,292,13.783,8.25,45.495
1o7j.a,deposited,2,147,294,16.449,7.64,40.094
1o7j.a,deposited,2,148,296,21.167,7.473,44.402
1o7j.a,deposited,2,149,298,24.154,10.545,48.189
1o7j.a,deposited,2,150,300,18.751,11.704,47.662
1o7j.a,deposited,2,151,302,21.021,16.371,49.394
1o7j.a,deposited,2,152,304,15.865,15.625,51.163
1o7j.a,deposited,2,153,306,16.749,20.94,50.845
1o7j.a,deposited,2,154,308,13.004,19.845,54.581
1o7j.a,deposited,2,155,310,10.481,24.126,52.793
1o7j.a,deposited,2,156,312,7.475,18.33,56.0
1o7j.a,deposited,2,157,314,5.369,13.877,52.408
1o7j.a,deposited,2,158,316,5.157,17.662,48.477
1o7j.a,deposited,2,159,318,7.592,13.037,46.954
1o7j.a,deposited,2,160,320,10.145,17.121,44.463
1o7j.a,deposited,2,161,322,10.048,13.183,40.751
1o7j.a,deposited,2,162,324,14.405,17.609,40.605
1hfj.c,deposited,2,0,0,34.631,40.142,28.916
1hfj.c,deposited,2,1,2,30.198,41.955,33.352
1hfj.c,deposited,2,2,4,26.612,41.003,38.399
1hfj.c,deposited,2,3,6,22.223,38.651,42.588
1hfj.c,deposited,2,4,8,17.956,37.501,47.047
1hfj.c,deposited,2,5,10,12.693,35.902,48.997
1hfj.c,deposited,2,6,12,7.224,34.105,44.947
1hfj.c,deposited,2,7,14,11.675,31.652,45.102
1hfj.c,deposited,2,8,16,7.2,26.488,45.794
1hfj.c,deposited,2,9,18,3.376,20.654,46.307
1hfj.c,deposited,2,10,20,2.973,22.025,39.33
1hfj.c,deposited,2,11,22,-0.71,25.035,42.302
1hfj.c,deposited,2,12,24,-1.948,30.06,44.831
1hfj.c,deposited,2,13,26,2.16,28.277,47.965
1hfj.c,deposited,2,14,28,7.113,32.219,49.209
1hfj.c,deposited,2,15,30,11.35,28.816,50.139
1hfj.c,deposited,2,16,32,17.798,29.728,47.985
1hfj.c,deposited,2,17,34,21.687,29.262,44.214
1hfj.c,deposited,2,18,36,17.405,29.876,41.388
1hfj.c,deposited,2,19,38,21.115,26.814,38.695
1hfj.c,deposited,2,20,40,18.639,29.046,34.577
1hfj.c,deposited,2,21,42,22.095,30.239,30.605
1hfj.c,deposited,2,22,44,26.106,32.375,33.298
1hfj.c,deposited,2,23,46,25.422,36.691,30.004
1hfj.c,deposited,2,24,48,29.703,36.545,35.902
1hfj.c,deposited,2,25,50,27.491,35.737,42.398
1hfj.c,deposited,2,26,52,24.049,36.516,47.977
1hfj.c,deposited,2,27,54,20.032,38.823,51.954
1hfj.c,deposited,2,28,56,14.016,34.938,52.356
1hfj.c,deposited,2,29,58,7.136,36.905,51.495
1hfj.c,deposited,2,30,60,4.138,41.459,52.525
1hfj.c,deposited,2,31,62,9.207,43.353,54.208
1hfj.c,deposited,2,32,64,11.408,49.728,56.487
1hfj.c,deposited,2,33,66,15.083,45.619,56.218
1hfj.c,deposited,2,34,68,17.003,50.458,54.823
1hfj.c,deposited,2,35,70,19.093,46.5,51.815
1hfj.c,deposited,2,36,72,22.976,50.313,52.427
1hfj.c,deposited,2,37,74,23.582,47.779,47.654
1hfj.c,deposited,2,38,76,28.433,49.116,49.468
1hfj.c,deposited,2,39,78,28.08,49.296,43.902
1hfj.c,deposited,2,40,80,33.419,48.296,44.472
1hfj.c,deposited,2,41,82,34.488,44.426,40.514
1hfj.c,deposited,2,42,84,28.984,46.343,37.439
1hfj.c,deposited,2,43,86,22.976,44.286,40.915
1hfj.c,deposited,2,44,88,17.501,41.998,43.406
1hfj.c,deposited,2,45,90,12.007,40.298,45.54
1hfj.c,deposited,2,46,92,5.76,41.193,43.877
1hfj.c,deposited,2,47,94,5.632,45.288,47.851
1hfj.c,deposited,2,48,96,7.081,48.953,44.199
1hfj.c,deposited,2,49,98,11.325,48.677,48.059
1hfj.c,deposited,2,50,100,11.221,53.189,44.943
1hfj.c,deposited,2,51,102,16.352,52.399,46.563
1hfj.c,deposited,2,52,104,15.857,57.52,45.952
1hfj.c,deposited,2,53,106,21.313,54.417,45.852
1hfj.c,deposited,2,54,108,25.415,55.144,41.76
1hfj.c,deposited,2,55,110,25.273,51.416,37.902
1hfj.c,deposited,2,56,112,20.022,48.148,40.083
1hfj.c,deposited,2,57,114,14.488,44.297,40.773
1hfj.c,deposited,2,58,116,9.995,39.162,40.732
1hfj.c,deposited,2,59,118,3.806,35.994,39.736
1hfj.c,deposited,2,60,120,5.857,29.852,42.136
1hfj.c,deposited,2,61,122,7.447,24.93,40.912
1hfj.c,deposited,2,62,124,3.846,24.871,35.089
1hfj.c,deposited,2,63,126,6.608,29.572,35.849
1hfj.c,deposited,2,64,128,10.496,33.329,37.149
1hfj.c,deposited,2,65,130,12.806,34.058,31.979
1hfj.c,deposited,2,66,132,15.618,36.438,35.992
1hfj.c,deposited,2,67,134,16.059,39.199,31.357
1hfj.c,deposited,2,68,136,20.618,39.912,34.354
1hfj.c,deposited,2,69,138,19.412,44.39,31.577
1hfj.c,deposited,2,70,140,24.803,43.867,32.431
1hfj.c,deposited,2,71,142,25.893,49.455,29.483
1hfj.c,deposited,2,72,144,21.183,50.732,31.282
1hfj.c,deposited,2,73,146,21.834,56.196,34.792
1hfj.c,deposited,2,74,148,17.209,55.002,37.942
1hfj.c,deposited,2,75,150,14.246,49.394,37.375
1hfj.c,deposited,2,76,152,11.96,43.846,35.143
1hfj.c,deposited,2,77,154,7.107,39.905,31.741
1hfj.c,deposited,2,78,156,8.98,44.89,30.29
1hfj.c,deposited,2,79,158,9.592,49.769,34.305
1hfj.c,deposited,2,80,160,10.615,52.315,40.131
1hfj.c,deposited,2,81,162,5.961,54.843,37.87
1hfj.c,deposited,2,82,164,3.023,49.501,40.216
1hfj.c,deposited,2,83,166,-2.222,46.772,39.076
1hfj.c,deposited,2,84,168,-4.042,41.046,42.198
1hfj.c,deposited,2,85,170,-2.07,38.142,36.535
1hfj.c,deposited,2,86,172,1.074,41.105,33.23
1hfj.c,deposited,2,87,174,2.952,45.457,36.411
1hfj.c,deposited,2,88,176,2.392,52.352,34.413
1hfj.c,deposited,2,89,178,0.056,56.999,31.95
1hfj.c,deposited,2,90,180,4.499,53.56,29.941
1hfj.c,deposited,2,91,182,11.29,52.58,30.043
1hfj.c,deposited,2,92,184,11.015,46.185,26.53
1hfj.c,deposited,2,93,186,12.133,41.13,22.88
1hfj.c,deposited,2,94,188,17.18,39.021,23.611
1hfj.c,deposited,2,95,190,16.796,45.551,24.779
1hfj.c,deposited,2,96,192,14.788,51.547,25.451
1hfj.c,deposited,2,97,194,11.87,56.548,27.609
1hfj.c,deposited,2,98,196,12.037,59.471,33.298
1hfj.c,deposited,2,99,198,12.397,63.01,37.563
1hfj.c,deposited,2,100,200,16.797,59.975,41.33
1hfj.c,deposited,2,101,202,22.978,60.115,42.06
1hfj.c,deposited,2,102,204,18.865,62.64,44.939
1hfj.c,deposited,2,103,206,18.333,61.511,50.386
1hfj.c,deposited,2,104,208,20.564,56.457,54.22
1hfj.c,deposited,2,105,210,23.964,56.678,58.971
1hfj.c,deposited,2,106,212,19.161,53.223,61.763
1hfj.c,deposited,2,107,214,12.796,55.755,59.67
1hfj.c,deposited,2,108,216,6.539,56.506,61.16
1hfj.c,deposited,2,109,218,0.627,55.493,57.905
1hfj.c,deposited,2,110,220,-5.615,55.914,55.65
1hfj.c,deposited,2,111,222,-11.011,57.589,51.791
1hfj.c,deposited,2,112,224,-18.189,57.081,51.947
1hfj.c,deposited,2,113,226,-14.956,57.207,56.348
1hfj.c,deposited,2,114,228,-12.588,60.297,61.923
1hfj.c,deposited,2,115,230,-8.754,56.472,62.591
1hfj.c,deposited,2,116,232,-7.127,60.133,66.227
1hfj.c,deposited,2,117,234,-2.778,57.309,64.211
1hfj.c,deposited,2,118,236,-2.163,59.002,69.348
1hfj.c,deposited,2,119,238,3.09,58.832,67.26
1hfj.c,deposited,2,120,240,5.032,61.666,61.93
1hfj.c,deposited,2,121,242,-0.218,60.465,57.195
1hfj.c,deposited,2,122,244,-4.378,59.811,52.664
1hfj.c,deposited,2,123,246,-8.404,59.809,48.872
1hfj.c,deposited,2,124,248,-10.883,61.141,43.327
1hfj.c,deposited,2,125,250,-7.507,63.653,47.067
1hfj.c,deposited,2,126,252,-11.9,64.758,51.79
1hfj.c,deposited,2,127,254,-16.173,66.609,56.502
1hfj.c,deposited,2,128,256,-11.697,63.439,57.138
1hfj.c,deposited,2,129,258,-11.749,67.22,60.962
1hfj.c,deposited,2,130,260,-6.652,66.131,59.239
1hfj.c,deposited,2,131,262,-6.48,67.64,64.235
1hfj.c,deposited,2,132,264,-2.027,69.2,61.748
1hfj.c,deposited,2,133,266,-0.495,67.972,66.488
1hfj.c,deposited,2,134,268,1.651,65.519,61.839
1hfj.c,deposited,2,135,270,-0.62,65.27,55.975
1hfj.c,deposited,2,136,272,-3.237,63.844,50.259
1hfj.c,deposited,2,137,274,-5.56,59.148,45.595
1hfj.c,deposited,2,138,276,-8.085,55.72,42.164
1hfj.c,deposited,2,139,278,-3.386,56.761,38.472
1hfj.c,deposited,2,140,280,-2.361,63.823,39.388
1hfj.c,deposited,2,141,282,-3.388,68.918,41.967
1hfj.c,deposited,2,142,284,-5.923,73.075,46.301
1hfj.c,deposited,2,143,286,-9.252,75.251,50.038
1hfj.c,deposited,2,144,288,-5.665,70.863,54.263
1hfj.c,deposited,2,145,290,0.083,68.627,50.809
1hfj.c,deposited,2,146,292,1.152,63.905,46.086
1hfj.c,deposited,2,147,294,1.368,61.491,40.55
1hfj.c,deposited,2,148,296,0.279,56.669,44.513
1hfj.c,deposited,2,149,298,2.422,53.265,48.44
1hfj.c,deposited,2,150,300,3.949,58.602,48.507
1hfj.c,deposited,2,151,302,8.119,56.043,50.886
1hfj.c,deposited,2,152,304,7.315,61.056,52.778
1hfj.c,deposited,2,153,306,12.587,59.938,53.476
1hfj.c,deposited,2,154,308,11.087,63.607,57.034
1hfj.c,deposited,2,155,310,15.641,65.833,56.228
1hfj.c,deposited,2,156,312,9.475,68.952,58.188
1hfj.c,deposited,2,157,314,5.779,71.762,54.242
1hfj.c,deposited,2,158,316,10.239,71.842,50.932
1hfj.c,deposited,2,159,318,5.854,69.719,48.557
1hfj.c,deposited,2,160,320,10.209,66.982,46.701
1hfj.c,deposited,2,161,322,6.944,67.454,42.38
1hfj.c,deposited,2,162,324,11.089,62.987,42.719
4eca.b,deposited,2,0,0,0.554,79.111,37.875
4eca.b,deposited,2,1,2,0.741,77.567,44.222
4eca.b,deposited,2,2,4,4.58,75.601,49.138
4eca.b,deposited,2,3,6,8.83,73.786,53.437
4eca.b,deposited,2,4,8,14.219,71.664,56.866
4eca.b,deposited,2,5,10,20.259,70.254,54.551
4eca.b,deposited,2,6,12,20.884,75.212,51.946
4eca.b,deposited,2,7,14,27.517,76.613,52.085
4eca.b,deposited,2,8,16,34.304,78.142,52.211
4eca.b,deposited,2,9,18,33.64,76.27,45.33
4eca.b,deposited,2,10,20,36.775,72.364,48.501
4eca.b,deposited,2,11,22,34.045,71.048,52.889
4eca.b,deposited,2,12,24,28.039,73.181,56.563
4eca.b,deposited,2,13,26,21.737,75.372,57.353
4eca.b,deposited,2,14,28,20.846,79.741,53.737
4eca.b,deposited,2,15,30,14.099,79.337,52.33
4eca.b,deposited,2,16,32,17.231,82.823,49.706
4eca.b,deposited,2,17,34,13.713,80.254,46.531
4eca.b,deposited,2,18,36,18.323,81.874,44.099
4eca.b,deposited,2,19,38,14.069,82.788,40.133
4eca.b,deposited,2,20,40,10.726,79.078,39.831
4eca.b,deposited,2,21,42,7.808,81.159,35.819
4eca.b,deposited,2,22,44,4.786,78.352,40.238
4eca.b,deposited,2,23,46,6.14,79.718,45.492
4eca.b,deposited,2,24,48,8.592,79.351,51.294
4eca.b,deposited,2,25,50,11.24,77.402,56.945
4eca.b,deposited,2,26,52,13.404,73.688,60.613
4eca.b,deposited,2,27,54,19.134,71.078,60.389
4eca.b,deposited,2,28,56,19.293,65.525,57.983
4eca.b,deposited,2,29,58,19.959,65.0,62.778
4eca.b,deposited,2,30,60,14.119,63.082,64.307
4eca.b,deposited,2,31,62,9.651,65.623,66.11
4eca.b,deposited,2,32,64,8.656,64.177,61.142
4eca.b,deposited,2,33,66,5.602,68.426,62.607
4eca.b,deposited,2,34,68,3.277,65.489,58.519
4eca.b,deposited,2,35,70,1.955,70.761,58.428
4eca.b,deposited,2,36,72,-1.869,67.691,56.385
4eca.b,deposited,2,37,74,-2.117,73.209,54.937
4eca.b,deposited,2,38,76,-6.131,72.945,51.31
4eca.b,deposited,2,39,78,-1.795,75.044,48.351
4eca.b,deposited,2,40,80,1.742,71.105,45.903
4eca.b,deposited,2,41,82,8.262,70.775,47.926
4eca.b,deposited,2,42,84,13.965,70.82,50.875
4eca.b,deposited,2,43,86,19.379,66.995,53.724
4eca.b,deposited,2,44,88,21.452,61.771,54.555
4eca.b,deposited,2,45,90,15.943,61.905,53.126
4eca.b,deposited,2,46,92,13.536,58.125,55.763
4eca.b,deposited,2,47,94,10.277,60.651,52.469
4eca.b,deposited,2,48,96,7.574,58.773,57.008
4eca.b,deposited,2,49,98,4.558,58.668,52.734
4eca.b,deposited,2,50,100,1.317,59.733,57.502
4eca.b,deposited,2,51,102,-3.08,62.379,53.821
4eca.b,deposited,2,52,104,-2.576,63.468,47.86
4eca.b,deposited,2,53,106,2.041,66.462,44.942
4eca.b,deposited,2,54,108,7.854,66.296,46.727
4eca.b,deposited,2,55,110,14.402,67.618,47.256
4eca.b,deposited,2,56,112,21.454,68.48,46.978
4eca.b,deposited,2,57,114,26.944,69.571,46.499
4eca.b,deposited,2,58,116,25.311,75.729,47.402
4eca.b,deposited,2,59,118,30.17,74.733,45.076
4eca.b,deposited,2,60,120,28.345,72.946,39.362
4eca.b,deposited,2,61,122,23.241,70.464,41.959
4eca.b,deposited,2,62,124,19.526,74.911,41.831
4eca.b,deposited,2,63,126,17.147,69.959,41.665
4eca.b,deposited,2,64,128,13.685,73.798,40.004
4eca.b,deposited,2,65,130,11.278,69.423,42.235
4eca.b,deposited,2,66,132,8.229,71.123,38.133
4eca.b,deposited,2,67,134,5.087,69.308,42.471
4eca.b,deposited,2,68,136,2.575,68.629,37.521
4eca.b,deposited,2,69,138,0.274,63.913,37.122
4eca.b,deposited,2,70,140,-0.905,63.758,42.471
4eca.b,deposited,2,71,142,1.786,58.839,43.616
4eca.b,deposited,2,72,144,5.387,61.374,48.642
4eca.b,deposited,2,73,146,11.843,62.424,46.018
4eca.b,deposited,2,74,148,16.85,64.24,42.422
4eca.b,deposited,2,75,150,16.058,64.536,36.97
4eca.b,deposited,2,76,152,10.983,61.19,40.202
4eca.b,deposited,2,77,154,8.824,57.083,45.247
4eca.b,deposited,2,78,156,9.196,54.049,49.721
4eca.b,deposited,2,79,158,14.069,55.498,47.129
4eca.b,deposited,2,80,160,20.857,56.976,48.842
4eca.b,deposited,2,81,162,26.397,56.516,46.826
4eca.b,deposited,2,82,164,28.758,61.463,47.267
4eca.b,deposited,2,83,166,24.772,63.573,42.657
4eca.b,deposited,2,84,168,22.905,58.726,44.156
4eca.b,deposited,2,85,170,17.619,55.47,43.228
4eca.b,deposited,2,86,172,16.852,50.182,44.011
4eca.b,deposited,2,87,174,11.328,48.793,41.615
4eca.b,deposited,2,88,176,11.716,55.506,39.485
4eca.b,deposited,2,89,178,9.387,58.984,35.866
4eca.b,deposited,2,90,180,12.01,64.922,33.941
4eca.b,deposited,2,91,182,12.749,69.924,29.56
4eca.b,deposited,2,92,184,7.957,67.592,31.471
4eca.b,deposited,2,93,186,7.126,60.883,31.638
4eca.b,deposited,2,94,188,5.284,55.151,33.701
4eca.b,deposited,2,95,190,3.394,54.632,40.662
4eca.b,deposited,2,96,192,1.383,49.774,44.264
4eca.b,deposited,2,97,194,-0.466,51.723,50.016
4eca.b,deposited,2,98,196,-0.801,58.487,52.267
4eca.b,deposited,2,99,198,-4.743,54.599,52.183
4eca.b,deposited,2,100,200,-4.35,53.9,58.764
4eca.b,deposited,2,101,202,-2.425,59.11,61.843
4eca.b,deposited,2,102,204,-2.186,64.33,63.814
4eca.b,deposited,2,103,206,0.691,62.286,68.194
4eca.b,deposited,2,104,208,5.884,61.231,69.982
4eca.b,deposited,2,105,210,7.142,54.583,69.521
4eca.b,deposited,2,106,212,12.339,51.603,67.51
4eca.b,deposited,2,107,214,18.321,49.335,64.585
4eca.b,deposited,2,108,216,23.886,45.909,62.997
4eca.b,deposited,2,109,218,28.426,41.427,61.121
4eca.b,deposited,2,110,220,31.297,38.387,65.817
4eca.b,deposited,2,111,222,28.088,42.04,69.819
4eca.b,deposited,2,112,224,25.33,44.672,73.525
4eca.b,deposited,2,113,226,20.481,44.984,71.17
4eca.b,deposited,2,114,228,20.917,48.23,75.399
4eca.b,deposited,2,115,230,15.919,46.174,75.198
4eca.b,deposited,2,116,232,15.702,50.713,77.708
4eca.b,deposited,2,117,234,12.315,49.931,73.069
4eca.b,deposited,2,118,236,10.695,47.824,68.377
4eca.b,deposited,2,119,238,14.886,46.522,63.497
4eca.b,deposited,2,120,240,20.186,45.296,59.956
4eca.b,deposited,2,121,242,23.442,39.829,57.16
4eca.b,deposited,2,122,244,18.561,37.522,53.737
4eca.b,deposited,2,123,246,19.99,36.735,59.098
4eca.b,deposited,2,124,248,24.595,36.791,64.404
4eca.b,deposited,2,125,250,23.997,36.32,70.13
4eca.b,deposited,2,126,252,19.364,36.519,67.442
4eca.b,deposited,2,127,254,18.531,38.832,72.496
4eca.b,deposited,2,128,256,14.195,36.272,70.248
4eca.b,deposited,2,129,258,12.891,40.434,73.626
4eca.b,deposited,2,130,260,8.979,36.822,73.668
4eca.b,deposited,2,131,262,6.388,41.815,73.685
4eca.b,deposited,2,132,264,8.474,43.943,68.153
4eca.b,deposited,2,133,266,11.701,43.143,62.51
4eca.b,deposited,2,134,268,15.803,43.71,57.753
4eca.b,deposited,2,135,270,22.303,45.518,55.512
4eca.b,deposited,2,136,272,21.26,47.361,49.788
4eca.b,deposited,2,137,274,16.27,42.86,47.731
4eca.b,deposited,2,138,276,14.353,40.141,53.667
4eca.b,deposited,2,139,278,10.185,34.665,55.33
4eca.b,deposited,2,140,280,14.489,31.122,54.229
4eca.b,deposited,2,141,282,14.495,32.0,60.0
4eca.b,deposited,2,142,284,9.689,34.129,61.908
4eca.b,deposited,2,143,286,8.296,30.56,65.889
4eca.b,deposited,2,144,288,7.476,36.534,66.715
4eca.b,deposited,2,145,290,8.662,40.236,61.176
4eca.b,deposited,2,146,292,10.83,43.498,56.448
4eca.b,deposited,2,147,294,12.428,45.223,50.602
4eca.b,deposited,2,148,296,15.943,48.667,54.339
4eca.b,deposited,2,149,298,15.899,52.74,58.304
4eca.b,deposited,2,150,300,11.579,49.508,58.191
4eca.b,deposited,2,151,302,9.598,54.096,59.851
4eca.b,deposited,2,152,304,7.592,49.678,62.568
4eca.b,deposited,2,153,306,3.899,53.427,62.85
4eca.b,deposited,2,154,308,3.531,50.213,66.721
4eca.b,deposited,2,155,310,-1.757,50.568,66.006
4eca.b,deposited,2,156,312,1.938,45.2,69.043
4eca.b,deposited,2,157,314,3.775,40.33,65.359
4eca.b,deposited,2,158,316,-0.61,42.272,62.563
4eca.b,deposited,2,159,318,3.671,41.534,59.579
4eca.b,deposited,2,160,320,1.314,45.872,57.792
4eca.b,deposited,2,161,322,3.013,43.242,53.51
4eca.b,deposited,2,162,324,2.586,49.37,53.264
4eca.c,deposited,2,0,0,-4.343,23.616,38.838
4eca.c,deposited,2,1,2,-4.097,25.342,32.634
4eca.c,deposited,2,2,4,0.053,26.618,27.645
4eca.c,deposited,2,3,6,4.512,27.822,23.245
4eca.c,deposited,2,4,8,10.077,28.594,19.946
4eca.c,deposited,2,5,10,16.472,29.111,22.101
4eca.c,deposited,2,6,12,16.331,24.075,24.45
4eca.c,deposited,2,7,14,22.648,21.793,24.651
4eca.c,deposited,2,8,16,29.302,19.057,24.415
4eca.c,deposited,2,9,18,28.409,21.125,31.374
4eca.c,deposited,2,10,20,32.165,23.794,28.378
4eca.c,deposited,2,11,22,29.671,25.515,23.562
4eca.c,deposited,2,12,24,23.649,25.045,19.664
4eca.c,deposited,2,13,26,17.076,23.919,19.837
4eca.c,deposited,2,14,28,15.219,19.524,22.625
4eca.c,deposited,2,15,30,8.705,21.278,24.303
4eca.c,deposited,2,16,32,11.485,17.206,27.093
4eca.c,deposited,2,17,34,8.581,20.081,30.513
4eca.c,deposited,2,18,36,12.774,17.784,32.644
4eca.c,deposited,2,19,38,8.353,17.692,36.691
4eca.c,deposited,2,20,40,5.621,22.016,36.856
4eca.c,deposited,2,21,42,2.446,20.589,41.04
4eca.c,deposited,2,22,44,0.022,24.069,36.619
4eca.c,deposited,2,23,46,0.809,22.17,31.42
4eca.c,deposited,2,24,48,3.207,22.279,25.4
4eca.c,deposited,2,25,50,6.366,23.725,19.559
4eca.c,deposited,2,26,52,9.154,26.936,15.847
4eca.c,deposited,2,27,54,15.009,28.564,16.197
4eca.c,deposited,2,28,56,16.231,33.849,18.579
4eca.c,deposited,2,29,58,16.909,34.298,13.615
4eca.c,deposited,2,30,60,11.478,37.321,12.397
4eca.c,deposited,2,31,62,6.532,35.499,10.636
4eca.c,deposited,2,32,64,5.944,37.105,15.525
4eca.c,deposited,2,33,66,2.342,33.462,14.122
4eca.c,deposited,2,34,68,0.387,36.691,18.353
4eca.c,deposited,2,35,70,-1.718,31.871,18.259
4eca.c,deposited,2,36,72,-5.023,35.5,20.64
4eca.c,deposited,2,37,74,-6.145,30.114,22.086
4eca.c,deposited,2,38,76,-10.037,31.708,25.446
4eca.c,deposited,2,39,78,-6.203,28.335,28.485
4eca.c,deposited,2,40,80,-2.054,31.748,30.836
4eca.c,deposited,2,41,82,4.647,30.743,28.729
4eca.c,deposited,2,42,84,10.053,29.689,25.805
4eca.c,deposited,2,43,86,16.106,32.428,23.135
4eca.c,deposited,2,44,88,19.098,37.104,22.057
4eca.c,deposited,2,45,90,13.577,37.98,23.449
4eca.c,deposited,2,46,92,11.974,42.391,20.844
4eca.c,deposited,2,47,94,8.163,40.373,24.288
4eca.c,deposited,2,48,96,5.893,42.924,19.917
4eca.c,deposited,2,49,98,2.956,43.306,24.355
4eca.c,deposited,2,50,100,-0.434,42.876,19.424
4eca.c,deposited,2,51,102,-5.265,41.01,22.972
4eca.c,deposited,2,52,104,-4.861,39.806,28.901
4eca.c,deposited,2,53,106,-0.833,36.031,31.993
4eca.c,deposited,2,54,108,5.126,35.147,30.096
4eca.c,deposited,2,55,110,11.192,32.697,29.452
4eca.c,deposited,2,56,112,18.039,30.524,29.527
4eca.c,deposited,2,57,114,23.131,28.534,29.997
4eca.c,deposited,2,58,116,20.346,22.758,29.164
4eca.c,deposited,2,59,118,25.496,23.087,31.655
4eca.c,deposited,2,60,120,23.907,24.924,37.322
4eca.c,deposited,2,61,122,19.411,28.18,34.709
4eca.c,deposited,2,62,124,14.79,24.518,34.887
4eca.c,deposited,2,63,126,13.586,29.703,34.961
4eca.c,deposited,2,64,128,9.451,26.72,36.602
4eca.c,deposited,2,65,130,7.899,31.403,34.335
4eca.c,deposited,2,66,132,4.609,30.334,38.535
4eca.c,deposited,2,67,134,1.711,32.605,34.004
4eca.c,deposited,2,68,136,-0.521,33.825,39.139
4eca.c,deposited,2,69,138,-2.044,38.921,39.68
4eca.c,deposited,2,70,140,-3.063,39.338,34.269
4eca.c,deposited,2,71,142,0.309,43.606,33.281
4eca.c,deposited,2,72,144,3.359,40.637,28.058
4eca.c,deposited,2,73,146,9.552,38.306,30.666
4eca.c,deposited,2,74,148,14.154,35.545,34.238
4eca.c,deposited,2,75,150,13.402,35.258,39.795
4eca.c,deposited,2,76,152,9.007,39.512,36.538
4eca.c,deposited,2,77,154,7.568,44.193,31.702
4eca.c,deposited,2,78,156,8.473,47.129,27.052
4eca.c,deposited,2,79,158,13.07,44.609,29.666
4eca.c,deposited,2,80,160,19.395,42.1,27.731
4eca.c,deposited,2,81,162,25.024,41.39,29.655
4eca.c,deposited,2,82,164,26.412,35.952,29.354
4eca.c,deposited,2,83,166,22.266,34.766,34.167
4eca.c,deposited,2,84,168,21.248,39.84,32.312
4eca.c,deposited,2,85,170,16.575,43.999,33.575
4eca.c,deposited,2,86,172,16.771,49.456,32.723
4eca.c,deposited,2,87,174,11.674,51.851,34.823
4eca.c,deposited,2,88,176,10.825,45.298,37.283
4eca.c,deposited,2,89,178,7.961,42.115,40.739
4eca.c,deposited,2,90,180,9.491,35.802,42.791
4eca.c,deposited,2,91,182,9.375,30.544,47.145
4eca.c,deposited,2,92,184,5.292,33.793,45.234
4eca.c,deposited,2,93,186,5.043,40.554,45.076
4eca.c,deposited,2,94,188,4.632,46.446,43.119
4eca.c,deposited,2,95,190,2.729,47.726,36.211
4eca.c,deposited,2,96,192,1.56,52.634,32.569
4eca.c,deposited,2,97,194,-0.627,51.147,26.752
4eca.c,deposited,2,98,196,-2.187,44.528,24.702
4eca.c,deposited,2,99,198,-5.536,48.82,25.026
4eca.c,deposited,2,100,200,-4.971,49.51,18.214
4eca.c,deposited,2,101,202,-4.192,44.241,14.987
4eca.c,deposited,2,102,204,-4.761,39.192,13.065
4eca.c,deposited,2,103,206,-1.54,40.758,8.846
4eca.c,deposited,2,104,208,3.543,40.553,6.975
4eca.c,deposited,2,105,210,6.154,46.686,7.184
4eca.c,deposited,2,106,212,11.725,48.771,9.214
4eca.c,deposited,2,107,214,18.138,49.868,11.881
4eca.c,deposited,2,108,216,24.179,52.325,13.805
4eca.c,deposited,2,109,218,29.406,56.142,15.646
4eca.c,deposited,2,110,220,33.002,58.436,10.871
4eca.c,deposited,2,111,222,29.192,55.448,6.742
4eca.c,deposited,2,112,224,25.849,53.338,2.918
4eca.c,deposited,2,113,226,20.997,54.031,5.536
4eca.c,deposited,2,114,228,20.914,50.741,1.179
4eca.c,deposited,2,115,230,16.292,53.728,1.524
4eca.c,deposited,2,116,232,15.272,49.219,-1.137
4eca.c,deposited,2,117,234,11.935,50.624,3.591
4eca.c,deposited,2,118,236,10.797,52.989,8.166
4eca.c,deposited,2,119,238,15.358,53.572,13.127
4eca.c,deposited,2,120,240,20.709,53.644,16.73
4eca.c,deposited,2,121,242,24.915,58.433,19.479
4eca.c,deposited,2,122,244,20.816,61.482,23.066
4eca.c,deposited,2,123,246,22.124,62.063,17.474
4eca.c,deposited,2,124,248,26.614,61.108,12.239
4eca.c,deposited,2,125,250,26.209,61.868,6.67
4eca.c,deposited,2,126,252,21.645,62.471,9.217
4eca.c,deposited,2,127,254,20.335,60.385,4.189
4eca.c,deposited,2,128,256,16.446,63.721,6.462
4eca.c,deposited,2,129,258,14.31,59.897,3.574
4eca.c,deposited,2,130,260,11.046,64.322,3.617
4eca.c,deposited,2,131,262,8.101,59.498,2.764
4eca.c,deposited,2,132,264,9.269,56.975,8.541
4eca.c,deposited,2,133,266,12.793,57.109,14.249
4eca.c,deposited,2,134,268,16.635,56.01,19.06
4eca.c,deposited,2,135,270,22.773,52.929,20.973
4eca.c,deposited,2,136,272,21.631,51.381,26.801
4eca.c,deposited,2,137,274,17.657,56.716,28.891
4eca.c,deposited,2,138,276,16.037,59.729,23.13
4eca.c,deposited,2,139,278,13.048,65.641,21.392
4eca.c,deposited,2,140,280,17.639,68.514,22.552
4eca.c,deposited,2,141,282,17.619,67.795,16.958
4eca.c,deposited,2,142,284,12.41,66.578,14.678
4eca.c,deposited,2,143,286,11.626,70.315,10.981
4eca.c,deposited,2,144,288,9.782,64.812,10.325
4eca.c,deposited,2,145,290,10.214,60.839,15.621
4eca.c,deposited,2,146,292,11.739,57.198,20.411
4eca.c,deposited,2,147,294,13.146,54.978,26.334
4eca.c,deposited,2,148,296,16.054,51.237,22.229
4eca.c,deposited,2,149,298,15.241,46.995,18.133
4eca.c,deposited,2,150,300,11.674,51.171,18.444
4eca.c,deposited,2,151,302,8.873,46.81,16.784
4eca.c,deposited,2,152,304,7.42,51.708,14.207
4eca.c,deposited,2,153,306,3.123,48.368,14.093
4eca.c,deposited,2,154,308,3.314,52.081,10.197
4eca.c,deposited,2,155,310,-1.824,52.381,10.888
4eca.c,deposited,2,156,312,2.739,57.006,7.685
4eca.c,deposited,2,157,314,5.57,61.489,11.587
4eca.c,deposited,2,158,316,1.078,60.38,14.217
4eca.c,deposited,2,159,318,5.269,60.327,17.339
4eca.c,deposited,2,160,320,2.051,56.501,19.111
4eca.c,deposited,2,161,322,4.339,58.714,23.153
4eca.c,deposited,2,162,324,2.816,52.881,23.672
4eca.d,deposited,2,0,0,46.845,19.064,37.644
4eca.d,deposited,2,1,2,46.777,20.588,43.801
4eca.d,deposited,2,2,4,42.932,22.652,48.916
4eca.d,deposited,2,3,6,38.888,24.43,53.253
4eca.d,deposited,2,4,8,33.504,26.376,56.559
4eca.d,deposited,2,5,10,27.229,27.859,54.57
4eca.d,deposited,2,6,12,26.796,22.832,51.826
4eca.d,deposited,2,7,14,19.89,21.871,52.068
4eca.d,deposited,2,8,16,13.331,19.96,51.876
4eca.d,deposited,2,9,18,14.019,22.161,44.979
4eca.d,deposited,2,10,20,10.848,25.904,48.144
4eca.d,deposited,2,11,22,13.555,27.232,52.816
4eca.d,deposited,2,12,24,19.426,25.121,56.664
4eca.d,deposited,2,13,26,25.898,22.9,57.06
4eca.d,deposited,2,14,28,26.802,18.565,53.465
4eca.d,deposited,2,15,30,33.443,18.663,52.258
4eca.d,deposited,2,16,32,30.107,15.127,49.649
4eca.d,deposited,2,17,34,33.61,18.107,46.367
4eca.d,deposited,2,18,36,29.134,16.308,43.825
4eca.d,deposited,2,19,38,33.161,15.151,39.817
4eca.d,deposited,2,20,40,36.59,19.017,39.673
4eca.d,deposited,2,21,42,39.503,16.949,35.787
4eca.d,deposited,2,22,44,42.504,19.9,39.843
4eca.d,deposited,2,23,46,41.386,18.496,45.18
4eca.d,deposited,2,24,48,39.081,18.932,51.131
4eca.d,deposited,2,25,50,36.302,20.941,56.978
4eca.d,deposited,2,26,52,34.042,24.534,60.69
4eca.d,deposited,2,27,54,28.423,27.007,60.405
4eca.d,deposited,2,28,56,28.417,32.732,58.042
4eca.d,deposited,2,29,58,27.573,33.196,63.014
4eca.d,deposited,2,30,60,33.572,35.037,63.943
4eca.d,deposited,2,31,62,38.186,32.532,65.775
4eca.d,deposited,2,32,64,39.093,34.018,60.797
4eca.d,deposited,2,33,66,41.921,29.648,62.22
4eca.d,deposited,2,34,68,44.41,32.583,58.387
4eca.d,deposited,2,35,70,45.701,27.331,58.319
4eca.d,deposited,2,36,72,49.603,30.288,56.021
4eca.d,deposited,2,37,74,49.672,25.093,54.528
4eca.d,deposited,2,38,76,53.693,25.292,51.117
4eca.d,deposited,2,39,78,49.369,23.152,47.988
4eca.d,deposited,2,40,80,46.017,27.307,45.776
4eca.d,deposited,2,41,82,39.184,27.486,47.777
4eca.d,deposited,2,42,84,33.556,27.412,50.792
4eca.d,deposited,2,43,86,28.206,31.116,53.572
4eca.d,deposited,2,44,88,26.114,36.415,54.463
4eca.d,deposited,2,45,90,31.792,36.185,52.933
4eca.d,deposited,2,46,92,34.188,40.207,55.661
4eca.d,deposited,2,47,94,37.452,37.678,52.24
4eca.d,deposited,2,48,96,40.164,39.702,56.638
4eca.d,deposited,2,49,98,43.088,39.573,52.245
4eca.d,deposited,2,50,100,46.293,38.484,57.056
4eca.d,deposited,2,51,102,50.762,35.753,53.668
4eca.d,deposited,2,52,104,50.245,34.563,47.589
4eca.d,deposited,2,53,106,45.477,31.654,44.586
4eca.d,deposited,2,54,108,39.427,31.914,46.426
4eca.d,deposited,2,55,110,32.965,30.726,47.163
4eca.d,deposited,2,56,112,25.967,29.52,46.67
4eca.d,deposited,2,57,114,20.543,28.671,46.593
4eca.d,deposited,2,58,116,22.355,22.444,47.122
4eca.d,deposited,2,59,118,17.306,23.534,44.762
4eca.d,deposited,2,60,120,19.168,25.31,39.083
4eca.d,deposited,2,61,122,24.251,27.645,41.849
4eca.d,deposited,2,62,124,28.185,23.368,41.679
4eca.d,deposited,2,63,126,30.277,28.234,41.57
4eca.d,deposited,2,64,128,33.822,24.539,39.721
4eca.d,deposited,2,65,130,36.178,28.773,42.203
4eca.d,deposited,2,66,132,39.184,27.144,37.803
4eca.d,deposited,2,67,134,42.369,28.85,42.441
4eca.d,deposited,2,68,136,44.825,29.62,37.422
4eca.d,deposited,2,69,138,47.244,34.214,36.909
4eca.d,deposited,2,70,140,48.232,34.658,42.182
4eca.d,deposited,2,71,142,45.821,39.454,43.599
4eca.d,deposited,2,72,144,42.116,36.943,48.459
4eca.d,deposited,2,73,146,35.695,35.747,45.878
4eca.d,deposited,2,74,148,30.762,33.989,42.244
4eca.d,deposited,2,75,150,31.426,33.728,36.744
4eca.d,deposited,2,76,152,36.524,37.1,40.086
4eca.d,deposited,2,77,154,38.949,41.207,44.893
4eca.d,deposited,2,78,156,38.52,44.192,49.445
4eca.d,deposited,2,79,158,33.45,42.797,46.961
4eca.d,deposited,2,80,160,26.724,41.267,48.842
4eca.d,deposited,2,81,162,21.28,41.643,46.893
4eca.d,deposited,2,82,164,18.746,36.607,47.201
4eca.d,deposited,2,83,166,22.573,34.59,42.488
4eca.d,deposited,2,84,168,24.433,39.452,44.314
4eca.d,deposited,2,85,170,29.863,42.656,43.244
4eca.d,deposited,2,86,172,30.663,47.983,43.908
4eca.d,deposited,2,87,174,36.077,49.474,41.725
4eca.d,deposited,2,88,176,35.655,42.75,39.203
4eca.d,deposited,2,89,178,38.179,39.297,35.638
4eca.d,deposited,2,90,180,35.227,33.492,33.741
4eca.d,deposited,2,91,182,34.515,28.512,29.476
4eca.d,deposited,2,92,184,39.366,30.742,31.296
4eca.d,deposited,2,93,186,40.438,37.419,31.318
4eca.d,deposited,2,94,188,42.051,43.175,33.35
4eca.d,deposited,2,95,190,44.139,43.814,40.162
4eca.d,deposited,2,96,192,45.976,48.479,44.046
4eca.d,deposited,2,97,194,48.182,46.545,49.853
4eca.d,deposited,2,98,196,48.489,39.798,51.947
4eca.d,deposited,2,99,198,52.404,43.53,51.736
4eca.d,deposited,2,100,200,52.026,44.217,58.534
4eca.d,deposited,2,101,202,50.398,38.865,61.536
4eca.d,deposited,2,102,204,49.926,33.746,63.533
4eca.d,deposited,2,103,206,47.057,36.06,67.855
4eca.d,deposited,2,104,208,41.921,36.966,69.873
4eca.d,deposited,2,105,210,40.614,43.596,69.471
4eca.d,deposited,2,106,212,35.3,46.405,67.409
4eca.d,deposited,2,107,214,29.42,48.755,64.553
4eca.d,deposited,2,108,216,24.014,52.23,62.817
4eca.d,deposited,2,109,218,19.463,56.829,61.206
4eca.d,deposited,2,110,220,16.319,59.767,65.757
4eca.d,deposited,2,111,222,19.76,56.036,69.844
4eca.d,deposited,2,112,224,22.537,53.464,73.684
4eca.d,deposited,2,113,226,27.34,53.146,71.057
4eca.d,deposited,2,114,228,27.071,49.874,75.357
4eca.d,deposited,2,115,230,32.1,52.061,75.031
4eca.d,deposited,2,116,232,32.066,47.303,77.678
4eca.d,deposited,2,117,234,35.519,48.307,73.232
4eca.d,deposited,2,118,236,37.175,50.331,68.25
4eca.d,deposited,2,119,238,32.894,51.681,63.464
4eca.d,deposited,2,120,240,27.694,53.019,59.871
4eca.d,deposited,2,121,242,24.207,58.427,57.117
4eca.d,deposited,2,122,244,28.921,60.711,53.64
4eca.d,deposited,2,123,246,27.541,61.386,59.103
4eca.d,deposited,2,124,248,23.329,61.485,64.405
4eca.d,deposited,2,125,250,23.638,61.644,70.254
4eca.d,deposited,2,126,252,28.225,61.791,67.292
4eca.d,deposited,2,127,254,29.022,59.261,72.551
4eca.d,deposited,2,128,256,33.454,62.237,70.094
4eca.d,deposited,2,129,258,34.766,57.801,73.386
4eca.d,deposited,2,130,260,38.561,61.522,73.482
4eca.d,deposited,2,131,262,40.945,56.226,73.838
4eca.d,deposited,2,132,264,39.355,54.194,67.836
4eca.d,deposited,2,133,266,35.979,55.014,62.182
4eca.d,deposited,2,134,268,31.931,54.667,57.694
4eca.d,deposited,2,135,270,25.227,52.793,55.757
4eca.d,deposited,2,136,272,26.393,50.953,49.93
4eca.d,deposited,2,137,274,31.198,55.424,47.543
4eca.d,deposited,2,138,276,33.167,58.058,53.637
4eca.d,deposited,2,139,278,37.645,63.294,55.02
4eca.d,deposited,2,140,280,33.057,66.858,54.341
4eca.d,deposited,2,141,282,33.131,66.244,60.066
4eca.d,deposited,2,142,284,38.126,64.067,61.836
4eca.d,deposited,2,143,286,39.356,67.717,65.896
4eca.d,deposited,2,144,288,40.374,61.912,66.261
4eca.d,deposited,2,145,290,39.289,57.848,61.071
4eca.d,deposited,2,146,292,36.786,54.562,56.341
4eca.d,deposited,2,147,294,35.36,53.045,50.306
4eca.d,deposited,2,148,296,31.588,49.532,54.232
4eca.d,deposited,2,149,298,31.842,45.617,58.347
4eca.d,deposited,2,150,300,36.018,48.824,58.182
4eca.d,deposited,2,151,302,38.039,44.128,59.737
4eca.d,deposited,2,152,304,40.279,48.572,62.446
4eca.d,deposited,2,153,306,43.848,44.581,62.544
4eca.d,deposited,2,154,308,44.321,47.947,66.499
4eca.d,deposited,2,155,310,49.473,47.535,65.413
4eca.d,deposited,2,156,312,45.829,52.891,68.813
4eca.d,deposited,2,157,314,43.908,57.78,65.07
4eca.d,deposited,2,158,316,48.321,56.015,62.21
4eca.d,deposited,2,159,318,43.839,56.723,59.194
4eca.d,deposited,2,160,320,46.274,52.242,57.558
4eca.d,deposited,2,161,322,44.59,54.795,53.419
4eca.d,deposited,2,162,324,44.965,48.674,52.955
1qd1.b,deposited,2,0,0,40.683,36.814,66.231
1qd1.b,deposited,2,1,2,37.611,42.026,64.03
1qd1.b,deposited,2,2,4,34.214,47.063,60.949
1qd1.b,deposited,2,3,6,32.354,51.915,57.006
1qd1.b,deposited,2,4,8,31.591,57.103,52.934
1qd1.b,deposited,2,5,10,31.346,61.502,47.685
1qd1.b,deposited,2,6,12,27.535,57.667,43.675
1qd1.b,deposited,2,7,14,30.461,57.024,38.204
1qd1.b,deposited,2,8,16,34.307,53.183,37.313
1qd1.b,deposited,2,9,18,33.095,53.364,42.66
1qd1.b,deposited,2,10,20,38.199,51.391,41.673
1qd1.b,deposited,2,11,22,36.1,48.793,45.872
1qd1.b,deposited,2,12,24,41.491,49.249,46.64
1qd1.b,deposited,2,13,26,39.196,44.246,48.534
1qd1.b,deposited,2,14,28,44.225,45.111,50.775
1qd1.b,deposited,2,15,30,43.298,41.208,55.639
1qd1.b,deposited,2,16,32,37.02,41.62,53.31
1qd1.b,deposited,2,17,34,31.049,43.044,52.518
1qd1.b,deposited,2,18,36,28.999,48.688,48.468
1qd1.b,deposited,2,19,38,25.777,53.727,46.012
1qd1.b,deposited,2,20,40,23.12,58.769,42.319
1qd1.b,deposited,2,21,42,22.363,61.378,47.109
1qd1.b,deposited,2,22,44,27.39,59.038,47.798
1qd1.b,deposited,2,23,46,29.21,53.663,51.588
1qd1.b,deposited,2,24,48,31.44,48.22,54.51
1qd1.b,deposited,2,25,50,35.962,44.039,58.1
1qd1.b,deposited,2,26,52,41.91,43.075,62.031
1qd1.b,deposited,2,27,54,45.64,47.324,61.62
1qd1.b,deposited,2,28,56,41.213,47.932,58.131
1qd1.b,deposited,2,29,58,45.433,50.073,55.677
1qd1.b,deposited,2,30,60,40.785,52.672,54.467
1qd1.b,deposited,2,31,62,44.224,52.503,50.129
1qd1.b,deposited,2,32,64,41.397,57.134,50.258
1qd1.b,deposited,2,33,66,42.432,55.928,45.075
1qd1.b,deposited,2,34,68,42.183,61.327,45.917
1qd1.b,deposited,2,35,70,39.389,60.016,41.142
1qd1.b,deposited,2,36,72,37.105,66.25,42.475
1qd1.b,deposited,2,37,74,34.965,71.173,43.427
1qd1.b,deposited,2,38,76,30.481,67.446,43.551
1qd1.b,deposited,2,39,78,24.296,65.666,46.011
1qd1.b,deposited,2,40,80,23.465,63.958,51.173
1qd1.b,deposited,2,41,82,29.252,66.209,52.738
1qd1.b,deposited,2,42,84,35.106,65.57,51.819
1qd1.b,deposited,2,43,86,36.168,60.508,51.803
1qd1.b,deposited,2,44,88,33.588,60.004,57.126
1qd1.b,deposited,2,45,90,34.407,55.147,61.163
1qd1.b,deposited,2,46,92,33.614,49.945,64.93
1qd1.b,deposited,2,47,94,33.044,43.814,66.221
1qd1.b,deposited,2,48,96,37.821,40.894,70.503
1qd1.b,deposited,2,49,98,37.821,47.477,72.659
1qd1.b,deposited,2,50,100,39.649,52.335,72.874
1qd1.b,deposited,2,51,102,39.214,51.536,67.552
1qd1.b,deposited,2,52,104,43.556,54.376,68.248
1qd1.b,deposited,2,53,106,40.935,56.332,63.967
1qd1.b,deposited,2,54,108,46.402,56.317,63.251
1qd1.b,deposited,2,55,110,43.658,60.268,60.514
1qd1.b,deposited,2,56,112,48.494,59.115,58.1
1qd1.b,deposited,2,57,114,46.549,64.022,56.696
1qd1.b,deposited,2,58,116,50.078,61.816,52.899
1qd1.b,deposited,2,59,118,48.011,67.225,53.13
1qd1.b,deposited,2,60,120,42.465,68.551,57.153
1qd1.b,deposited,2,61,122,38.708,65.857,62.179
1qd1.b,deposited,2,62,124,34.52,62.447,65.879
1qd1.b,deposited,2,63,126,34.391,58.217,70.678
1qd1.b,deposited,2,64,128,36.507,63.25,69.541
1qd1.b,deposited,2,65,130,36.158,67.906,72.433
1qd1.b,deposited,2,66,132,31.766,69.828,69.946
1qd1.b,deposited,2,67,134,31.552,64.293,68.771
1qd1.b,deposited,2,68,136,29.377,64.388,62.555
1qd1.b,deposited,2,69,138,28.129,69.436,63.79
1qd1.b,deposited,2,70,140,29.814,68.919,58.694
1qd1.b,deposited,2,71,142,28.004,74.3,56.2
1qd1.b,deposited,2,72,144,32.2,71.578,51.608
1qd1.b,deposited,2,73,146,31.887,76.416,54.212
1qd1.b,deposited,2,74,148,37.355,77.944,53.136
1qd1.b,deposited,2,75,150,35.996,77.568,58.629
1qd1.b,deposited,2,76,152,40.627,80.323,58.776
1qd1.b,deposited,2,77,154,41.244,78.579,65.283
1qd1.b,deposited,2,78,156,38.146,74.723,63.388
1qd1.b,deposited,2,79,158,41.875,70.175,62.301
1qd1.b,deposited,2,80,160,45.452,66.298,61.925
1qd1.b,deposited,2,81,162,47.168,71.633,57.708
1qd1.b,deposited,2,82,164,44.398,74.419,54.204
1qd1.b,deposited,2,83,166,42.267,71.545,49.161
1qd1.b,deposited,2,84,168,39.63,68.428,45.092
1qd1.b,deposited,2,85,170,37.759,69.093,51.173
1qd1.b,deposited,2,86,172,37.714,64.169,56.184
1qd1.b,deposited,2,87,174,37.533,59.948,61.141
1qd1.b,deposited,2,88,176,35.191,55.317,66.339
1qd1.b,deposited,2,89,178,29.245,51.581,67.988
1qd1.b,deposited,2,90,180,25.048,52.773,63.41
1qd1.b,deposited,2,91,182,21.457,54.384,58.199
1qd1.b,deposited,2,92,184,15.544,56.184,55.273
1qd1.b,deposited,2,93,186,9.898,56.918,52.167
1qd1.b,deposited,2,94,188,4.993,60.943,49.232
1qd1.b,deposited,2,95,190,7.663,67.605,49.457
1qd1.b,deposited,2,96,192,10.095,70.591,52.987
1qd1.b,deposited,2,97,194,10.005,65.512,55.061
1qd1.b,deposited,2,98,196,9.925,69.237,59.022
1qd1.b,deposited,2,99,198,13.118,65.109,60.475
1qd1.b,deposited,2,100,200,10.73,67.212,64.958
1qd1.b,deposited,2,101,202,15.929,64.08,65.622
1qd1.b,deposited,2,102,204,19.101,67.842,68.287
1qd1.b,deposited,2,103,206,16.042,72.719,65.716
1qd1.b,deposited,2,104,208,19.552,73.589,71.996
1qd1.b,deposited,2,105,210,14.281,73.125,70.68
1qd1.b,deposited,2,106,212,13.657,66.689,69.174
1qd1.b,deposited,2,107,214,13.961,60.768,69.696
1qd1.b,deposited,2,108,216,20.209,58.99,69.595
1qd1.b,deposited,2,109,218,19.94,62.149,63.547
1qd1.b,deposited,2,110,220,17.184,65.343,57.574
1qd1.b,deposited,2,111,222,15.195,65.33,51.063
1qd1.b,deposited,2,112,224,15.424,61.971,45.248
1qd1.b,deposited,2,113,226,16.17,59.003,41.005
1qd1.b,deposited,2,114,228,10.712,60.455,42.533
1qd1.b,deposited,2,115,230,10.852,62.185,49.457
1qd1.b,deposited,2,116,232,13.092,61.263,56.064
1qd1.b,deposited,2,117,234,17.873,59.024,59.611
1qd1.b,deposited,2,118,236,20.174,55.499,64.514
1qd1.b,deposited,2,119,238,22.293,53.43,69.262
1qd1.b,deposited,2,120,240,19.415,49.647,71.711
1qd1.b,deposited,2,121,242,15.993,53.959,69.945
1qd1.b,deposited,2,122,244,14.074,50.877,63.83
1qd1.b,deposited,2,123,246,10.407,53.396,66.976
1qd1.b,deposited,2,124,248,9.562,54.163,61.646
1qd1.b,deposited,2,125,250,7.066,57.883,64.899
1qd1.b,deposited,2,126,252,4.535,57.374,60.255
1qd1.b,deposited,2,127,254,3.975,62.577,62.102
1qd1.b,deposited,2,128,256,-0.244,60.843,59.206
1qd1.b,deposited,2,129,258,-0.159,65.906,57.863
1qd1.b,deposited,2,130,260,1.156,62.318,54.03
1qd1.b,deposited,2,131,262,4.705,56.655,54.281
1qd1.b,deposited,2,132,264,8.158,51.745,53.12
1qd1.b,deposited,2,133,266,15.361,51.723,52.917
1qd1.b,deposited,2,134,268,21.637,51.877,53.721
1qd1.b,deposited,2,135,270,24.354,46.621,56.639
1qd1.b,deposited,2,136,272,23.09,43.903,63.005
1qd1.b,deposited,2,137,274,19.561,42.239,66.83
1qd1.b,deposited,2,138,276,15.798,43.542,63.236
1qd1.b,deposited,2,139,278,14.225,44.053,68.379
1qd1.b,deposited,2,140,280,10.165,42.035,65.369
1qd1.b,deposited,2,141,282,7.856,45.21,68.983
1qd1.b,deposited,2,142,284,4.768,40.809,67.825
1qd1.b,deposited,2,143,286,1.697,45.163,69.356
1qd1.b,deposited,2,144,288,-0.099,39.724,69.893
1qd1.b,deposited,2,145,290,3.799,34.238,68.438
1qd1.b,deposited,2,146,292,9.832,31.218,67.127
1qd1.b,deposited,2,147,294,14.186,34.108,63.144
1qd1.b,deposited,2,148,296,9.78,34.603,60.244
1qd1.b,deposited,2,149,298,12.799,38.945,59.808
1qd1.b,deposited,2,150,300,7.634,40.197,59.534
1qd1.b,deposited,2,151,302,10.775,43.476,56.409
1qd1.b,deposited,2,152,304,6.122,46.079,58.454
1qd1.b,deposited,2,153,306,8.637,47.949,54.002
1qd1.b,deposited,2,154,308,11.742,45.846,50.097
1qd1.b,deposited,2,155,310,13.049,50.33,46.652
1qd1.b,deposited,2,156,312,14.721,43.43,47.401
1qd1.b,deposited,2,157,314,18.071,39.917,51.122
1qd1.b,deposited,2,158,316,21.868,36.901,53.857
1qd1.b,deposited,2,159,318,22.343,42.663,54.516
1qd1.b,deposited,2,160,320,26.255,41.378,59.202
1qd1.b,deposited,2,161,322,24.835,36.335,58.212
1qd1.b,deposited,2,162,324,30.348,37.016,58.833
1toh.a,deposited,2,0,0,62.727,49.237,15.756
1toh.a,deposited,2,1,2,66.51,49.249,20.483
1toh.a,deposited,2,2,4,68.605,46.154,25.766
1toh.a,deposited,2,3,6,68.355,40.696,29.277
1toh.a,deposited,2,4,8,73.055,41.148,34.182
1toh.a,deposited,2,5,10,75.383,41.915,29.415
1toh.a,deposited,2,6,12,79.603,44.515,30.329
1toh.a,deposited,2,7,14,76.9,48.734,28.283
1toh.a,deposited,2,8,16,88.83,74.421,32.049
1toh.a,deposited,2,9,18,87.317,71.912,36.867
1toh.a,deposited,2,10,20,91.939,69.832,39.167
1toh.a,deposited,2,11,22,95.686,71.916,36.125
1toh.a,deposited,2,12,24,98.87,66.503,36.792
1toh.a,deposited,2,13,26,95.439,64.313,40.141
1toh.a,deposited,2,14,28,96.961,60.579,36.854
1toh.a,deposited,2,15,30,92.033,59.59,37.867
1toh.a,deposited,2,16,32,94.483,54.969,37.44
1toh.a,deposited,2,17,34,89.049,54.996,35.696
1toh.a,deposited,2,18,36,89.39,49.836,37.356
1toh.a,deposited,2,19,38,87.339,49.9,32.244
1toh.a,deposited,2,20,40,85.867,45.435,35.397
1toh.a,deposited,2,21,42,80.271,41.416,36.103
1toh.a,deposited,2,22,44,84.289,40.121,40.151
1toh.a,deposited,2,23,46,85.382,45.386,43.023
1toh.a,deposited,2,24,48,90.034,48.278,46.439
1toh.a,deposited,2,25,50,94.167,52.877,48.539
1toh.a,deposited,2,26,52,95.94,59.001,49.882
1toh.a,deposited,2,27,54,94.664,64.15,51.278
1toh.a,deposited,2,28,56,90.787,60.987,52.793
1toh.a,deposited,2,29,58,88.557,65.89,51.206
1toh.a,deposited,2,30,60,86.321,64.014,55.871
1toh.a,deposited,2,31,62,82.318,66.759,52.822
1toh.a,deposited,2,32,64,81.343,66.191,58.517
1toh.a,deposited,2,33,66,76.712,67.3,55.271
1toh.a,deposited,2,34,68,75.639,68.183,60.248
1toh.a,deposited,2,35,70,71.031,65.265,57.841
1toh.a,deposited,2,36,72,67.075,68.318,60.036
1toh.a,deposited,2,37,74,67.044,64.502,55.237
1toh.a,deposited,2,38,76,64.015,59.348,57.409
1toh.a,deposited,2,39,78,68.353,58.409,54.443
1toh.a,deposited,2,40,80,68.204,55.013,58.811
1toh.a,deposited,2,41,82,73.178,56.237,56.856
1toh.a,deposited,2,42,84,73.092,51.183,58.959
1toh.a,deposited,2,43,86,77.891,53.403,59.923
1toh.a,deposited,2,44,88,77.953,47.751,59.295
1toh.a,deposited,2,45,90,82.406,51.329,58.403
1toh.a,deposited,2,46,92,83.228,57.435,59.195
1toh.a,deposited,2,47,94,88.508,59.387,58.659
1toh.a,deposited,2,48,96,86.752,56.527,52.414
1toh.a,deposited,2,49,98,85.552,50.626,49.612
1toh.a,deposited,2,50,100,83.137,46.242,47.382
1toh.a,deposited,2,51,102,79.23,48.892,50.223
1toh.a,deposited,2,52,104,77.928,43.552,49.755
1toh.a,deposited,2,53,106,73.462,46.739,49.502
1toh.a,deposited,2,54,108,72.066,41.89,51.534
1toh.a,deposited,2,55,110,67.875,45.417,49.098
1toh.a,deposited,2,56,112,71.276,46.272,44.848
1toh.a,deposited,2,57,114,77.575,48.48,42.679
1toh.a,deposited,2,58,116,82.657,50.847,39.194
1toh.a,deposited,2,59,118,84.505,55.706,34.683
1toh.a,deposited,2,60,120,78.785,59.749,33.53
1toh.a,deposited,2,61,122,74.834,57.262,28.459
1toh.a,deposited,2,62,124,69.979,54.431,28.25
1toh.a,deposited,2,63,126,72.509,54.016,33.04
1toh.a,deposited,2,64,128,69.377,49.776,31.765
1toh.a,deposited,2,65,130,69.221,50.333,37.24
1toh.a,deposited,2,66,132,69.076,44.865,37.271
1toh.a,deposited,2,67,134,73.017,47.625,39.592
1toh.a,deposited,2,68,136,76.968,52.371,38.135
1toh.a,deposited,2,69,138,82.326,56.347,40.558
1toh.a,deposited,2,70,140,87.534,58.654,42.417
1toh.a,deposited,2,71,142,86.837,65.374,43.91
1toh.a,deposited,2,72,144,91.022,68.63,47.247
1toh.a,deposited,2,73,146,87.143,72.684,46.321
1toh.a,deposited,2,74,148,82.418,71.727,49.093
1toh.a,deposited,2,75,150,82.098,69.105,42.562
1toh.a,deposited,2,76,152,80.71,65.702,38.315
1toh.a,deposited,2,77,154,82.485,61.646,42.663
1toh.a,deposited,2,78,156,81.421,61.389,47.883
1toh.a,deposited,2,79,158,77.693,58.39,45.285
1toh.a,deposited,2,80,160,76.708,59.861,50.782
1toh.a,deposited,2,81,162,72.815,57.709,46.631
1toh.a,deposited,2,82,164,71.88,55.326,51.806
1toh.a,deposited,2,83,166,69.206,52.416,48.09
1toh.a,deposited,2,84,168,65.461,51.348,51.723
1toh.a,deposited,2,85,170,60.609,50.916,48.673
1toh.a,deposited,2,86,172,65.305,50.63,45.785
1toh.a,deposited,2,87,174,61.297,52.808,42.698
1toh.a,deposited,2,88,176,64.738,49.721,39.533
1toh.a,deposited,2,89,178,62.606,53.535,36.326
1toh.a,deposited,2,90,180,62.71,48.536,34.005
1toh.a,deposited,2,91,182,63.385,52.317,30.125
1toh.a,deposited,2,92,184,63.998,49.147,24.784
1toh.a,deposited,2,93,186,62.691,55.151,22.35
1toh.a,deposited,2,94,188,62.53,60.356,23.444
1toh.a,deposited,2,95,190,64.755,57.699,27.528
1toh.a,deposited,2,96,192,61.767,61.779,29.64
1toh.a,deposited,2,97,194,66.098,60.635,32.648
1toh.a,deposited,2,98,196,61.837,61.958,35.976
1toh.a,deposited,2,99,198,66.562,63.898,37.726
1toh.a,deposited,2,100,200,63.347,62.247,42.021
1toh.a,deposited,2,101,202,68.773,63.135,42.079
1toh.a,deposited,2,102,204,63.479,64.857,44.795
1toh.a,deposited,2,103,206,59.252,64.268,49.998
1toh.a,deposited,2,104,208,56.999,63.29,56.072
1toh.a,deposited,2,105,210,53.788,67.461,57.499
1toh.a,deposited,2,106,212,59.353,68.784,53.778
1toh.a,deposited,2,107,214,65.189,65.812,50.843
1toh.a,deposited,2,108,216,67.578,63.351,46.087
1toh.a,deposited,2,109,218,72.206,65.64,44.465
1toh.a,deposited,2,110,220,72.069,64.967,50.071
1toh.a,deposited,2,111,222,75.381,69.142,48.477
1toh.a,deposited,2,112,224,74.338,74.554,49.873
1toh.a,deposited,2,113,226,70.501,70.978,50.614
1toh.a,deposited,2,114,228,68.235,75.971,49.591
1toh.a,deposited,2,115,230,64.075,73.335,51.905
1toh.a,deposited,2,116,232,61.421,79.66,50.75
1toh.a,deposited,2,117,234,62.636,77.563,44.892
1toh.a,deposited,2,118,236,58.035,73.085,45.008
1toh.a,deposited,2,119,238,53.395,68.058,43.672
1toh.a,deposited,2,120,240,53.696,63.941,38.853
1toh.a,deposited,2,121,242,54.101,63.472,33.437
1toh.a,deposited,2,122,244,58.396,66.192,35.735
1toh.a,deposited,2,123,246,59.049,67.64,30.548
1toh.a,deposited,2,124,248,63.589,71.647,31.653
1toh.a,deposited,2,125,250,70.178,72.719,34.121
1toh.a,deposited,2,126,252,75.388,74.514,37.109
1toh.a,deposited,2,127,254,70.808,75.222,42.195
1toh.a,deposited,2,128,256,64.62,76.742,40.982
1toh.a,deposited,2,129,258,61.575,70.67,42.796
1toh.a,deposited,2,130,260,57.566,66.62,46.377
1toh.a,deposited,2,131,262,53.77,62.207,49.452
1toh.a,deposited,2,132,264,57.662,56.542,48.266
1toh.a,deposited,2,133,266,52.731,56.907,46.246
1toh.a,deposited,2,134,268,56.12,54.398,42.954
1toh.a,deposited,2,135,270,52.471,57.211,40.109
1toh.a,deposited,2,136,272,54.103,52.815,37.228
1toh.a,deposited,2,137,274,53.223,56.517,33.946
1toh.a,deposited,2,138,276,51.743,51.934,31.574
1toh.a,deposited,2,139,278,54.643,54.207,27.441
1toh.a,deposited,2,140,280,55.193,49.331,23.791
1toh.a,deposited,2,141,282,55.683,44.148,25.622
1toh.a,deposited,2,142,284,59.435,43.269,31.245
1toh.a,deposited,2,143,286,62.752,41.161,36.606
1toh.a,deposited,2,144,288,65.634,38.066,40.856
1toh.a,deposited,2,145,290,68.9,34.781,37.831
1toh.a,deposited,2,146,292,67.606,38.416,34.168
1toh.a,deposited,2,147,294,61.931,38.287,31.193
1toh.a,deposited,2,148,296,56.433,39.377,28.486
1toh.a,deposited,2,149,298,52.653,36.57,24.724
1toh.a,deposited,2,150,300,52.501,32.044,27.51
1toh.a,deposited,2,151,302,52.734,35.987,31.069
1toh.a,deposited,2,152,304,54.883,31.521,33.162
1toh.a,deposited,2,153,306,51.899,34.052,36.927
1toh.a,deposited,2,154,308,55.753,32.066,40.179
1toh.a,deposited,2,155,310,50.715,31.58,42.433
1toh.a,deposited,2,156,312,54.114,32.646,46.369
1toh.a,deposited,2,157,314,50.555,29.365,48.292
1toh.a,deposited,2,158,316,51.305,33.061,52.277
1toh.a,deposited,2,159,318,50.45,28.347,54.566
1toh.a,deposited,2,160,320,48.34,32.065,57.636
1toh.a,deposited,2,161,322,50.767,28.338,60.83
1toh.a,deposited,2,162,324,46.418,30.225,63.184
1d9q.d,deposited,2,0,0,-13.499,-20.165,18.17
1d9q.d,deposited,2,1,2,-10.947,-18.107,12.719
1d9q.d,deposited,2,2,4,-8.466,-15.677,6.923
1d9q.d,deposited,2,3,6,-6.767,-20.594,8.866
1d9q.d,deposited,2,4,8,-8.113,-20.615,3.515
1d9q.d,deposited,2,5,10,-9.166,-25.433,5.759
1d9q.d,deposited,2,6,12,-7.431,-26.228,0.845
1d9q.d,deposited,2,7,14,-11.165,-29.773,1.871
1d9q.d,deposited,2,8,16,-12.026,-26.763,-2.525
1d9q.d,deposited,2,9,18,-5.42,-25.471,-4.437
1d9q.d,deposited,2,10,20,-1.563,-21.827,-5.507
1d9q.d,deposited,2,11,22,-4.543,-20.064,-1.406
1d9q.d,deposited,2,12,24,-3.081,-15.635,-4.403
1d9q.d,deposited,2,13,26,-3.711,-14.6,0.935
1d9q.d,deposited,2,14,28,-4.557,-10.12,-2.138
1d9q.d,deposited,2,15,30,-2.21,-8.508,2.293
1d9q.d,deposited,2,16,32,-5.737,-4.723,1.128
1d9q.d,deposited,2,17,34,-1.695,-1.909,3.139
1d9q.d,deposited,2,18,36,-6.394,0.461,4.049
1d9q.d,deposited,2,19,38,-2.872,4.462,2.829
1d9q.d,deposited,2,20,40,-6.474,6.195,6.662
1d9q.d,deposited,2,21,42,-4.158,10.147,3.117
1d9q.d,deposited,2,22,44,-1.262,13.303,6.523
1d9q.d,deposited,2,23,46,-0.588,14.772,1.474
1d9q.d,deposited,2,24,48,4.295,16.101,2.725
1d9q.d,deposited,2,25,50,-6.117,12.888,-3.961
1d9q.d,deposited,2,26,52,-6.496,9.357,-8.385
1d9q.d,deposited,2,27,54,-4.014,6.876,-4.485
1d9q.d,deposited,2,28,56,-1.688,4.343,-8.757
1d9q.d,deposited,2,29,58,-2.521,1.005,-4.606
1d9q.d,deposited,2,30,60,1.868,-0.809,-7.033
1d9q.d,deposited,2,31,62,-0.941,-5.02,-5.352
1d9q.d,deposited,2,32,64,4.437,-6.187,-5.033
1d9q.d,deposited,2,33,66,1.48,-10.72,-5.908
1d9q.d,deposited,2,34,68,5.415,-14.522,-6.114
1d9q.d,deposited,2,35,70,2.701,-13.912,-11.317
1d9q.d,deposited,2,36,72,0.964,-7.781,-13.349
1d9q.d,deposited,2,37,74,-2.082,-2.1,-15.872
1d9q.d,deposited,2,38,76,-4.863,2.557,-18.2
1d9q.d,deposited,2,39,78,-9.829,5.664,-20.636
1d9q.d,deposited,2,40,80,-12.242,9.626,-15.49
1d9q.d,deposited,2,41,82,-9.679,4.029,-12.16
1d9q.d,deposited,2,42,84,-7.108,-1.591,-13.359
1d9q.d,deposited,2,43,86,-4.297,-7.334,-14.106
1d9q.d,deposited,2,44,88,-1.293,-13.248,-14.637
1d9q.d,deposited,2,45,90,3.551,-17.602,-13.971
1d9q.d,deposited,2,46,92,-0.84,-19.744,-16.47
1d9q.d,deposited,2,47,94,-4.957,-17.845,-12.833
1d9q.d,deposited,2,48,96,-6.565,-11.653,-11.176
1d9q.d,deposited,2,49,98,-7.904,-5.925,-9.534
1d9q.d,deposited,2,50,100,-7.619,-0.8,-6.521
1d9q.d,deposited,2,51,102,-13.921,2.147,-6.368
1d9q.d,deposited,2,52,104,-11.456,8.661,-8.631
1d9q.d,deposited,2,53,106,-12.732,12.864,-3.49
1d9q.d,deposited,2,54,108,-17.462,9.937,-3.272
1d9q.d,deposited,2,55,110,-15.295,11.163,1.849
1d9q.d,deposited,2,56,112,-15.632,5.058,2.335
1d9q.d,deposited,2,57,114,-12.747,-0.121,-1.482
1d9q.d,deposited,2,58,116,-12.739,-5.112,-6.026
1d9q.d,deposited,2,59,118,-12.102,-11.223,-9.699
1d9q.d,deposited,2,60,120,-10.361,-16.263,-13.604
1d9q.d,deposited,2,61,122,-8.053,-18.781,-18.705
1d9q.d,deposited,2,62,124,-4.816,-18.889,-22.997
1d9q.d,deposited,2,63,126,-1.989,-12.965,-22.51
1d9q.d,deposited,2,64,128,4.33,-10.616,-21.889
1d9q.d,deposited,2,65,130,5.036,1.236,-19.389
1d9q.d,deposited,2,66,132,0.658,-0.748,-19.243
1d9q.d,deposited,2,67,134,-1.205,-2.719,-25.205
1d9q.d,deposited,2,68,136,-3.073,-6.694,-28.414
1d9q.d,deposited,2,69,138,-6.092,-5.753,-23.826
1d9q.d,deposited,2,70,140,-6.584,-10.811,-25.164
1d9q.d,deposited,2,71,142,-11.403,-9.389,-22.635
1d9q.d,deposited,2,72,144,-9.732,-14.65,-21.915
1d9q.d,deposited,2,73,146,-15.392,-14.576,-19.239
1d9q.d,deposited,2,74,148,-20.114,-16.239,-17.347
1d9q.d,deposited,2,75,150,-14.463,-18.947,-15.919
1d9q.d,deposited,2,76,152,-13.65,-18.799,-9.999
1d9q.d,deposited,2,77,154,-14.549,-12.734,-6.431
1d9q.d,deposited,2,78,156,-13.948,-6.821,-2.263
1d9q.d,deposited,2,79,158,-14.262,-2.063,2.099
1d9q.d,deposited,2,80,160,-14.743,2.613,6.113
1d9q.d,deposited,2,81,162,-14.41,-0.783,9.699
1d9q.d,deposited,2,82,164,-14.226,-5.536,5.767
1d9q.d,deposited,2,83,166,-15.835,-10.097,1.596
1d9q.d,deposited,2,84,168,-16.697,-16.042,-2.339
1d9q.d,deposited,2,85,170,-18.037,-20.475,-5.319
1d9q.d,deposited,2,86,172,-21.296,-18.943,-0.302
1d9q.d,deposited,2,87,174,-17.876,-15.054,3.789
1d9q.d,deposited,2,88,176,-13.84,-11.083,7.427
1d9q.d,deposited,2,89,178,-9.75,-6.668,10.171
1d9q.d,deposited,2,90,180,-6.68,-3.221,14.049
1d9q.d,deposited,2,91,182,-3.337,-7.849,15.712
1d9q.d,deposited,2,92,184,-5.348,-10.052,10.941
1d9q.d,deposited,2,93,186,-11.085,-12.486,11.465
1d9q.d,deposited,2,94,188,-17.214,-12.659,11.517
1d9q.d,deposited,2,95,190,-20.362,-17.322,7.32
1d9q.d,deposited,2,96,192,-24.131,-14.456,4.307
1d9q.d,deposited,2,97,194,-28.965,-10.937,1.371
1d9q.d,deposited,2,98,196,-35.265,-11.31,-0.266
1d9q.d,deposited,2,99,198,-35.831,-4.476,1.34
1d9q.d,deposited,2,100,200,-34.406,0.794,0.766
1d9q.d,deposited,2,101,202,-29.845,3.495,-3.561
1d9q.d,deposited,2,102,204,-28.498,9.335,-7.381
1d9q.d,deposited,2,103,206,-30.055,14.27,-8.806
1d9q.d,deposited,2,104,208,-33.922,12.14,-12.137
1d9q.d,deposited,2,105,210,-32.076,12.534,-17.248
1d9q.d,deposited,2,106,212,-36.239,7.387,-18.995
1d9q.d,deposited,2,107,214,-39.762,3.912,-17.278
1d9q.d,deposited,2,108,216,-38.95,7.746,-13.317
1d9q.d,deposited,2,109,218,-40.443,3.199,-10.747
1d9q.d,deposited,2,110,220,-41.861,7.817,-8.133
1d9q.d,deposited,2,111,222,-41.255,3.973,-4.306
1d9q.d,deposited,2,112,224,-45.802,6.157,-2.175
1d9q.d,deposited,2,113,226,-47.858,1.847,0.736
1d9q.d,deposited,2,114,228,-48.77,1.044,6.42
1d9q.d,deposited,2,115,230,-44.001,4.226,5.486
1d9q.d,deposited,2,116,232,-38.984,3.432,1.027
1d9q.d,deposited,2,117,234,-33.237,6.433,0.455
1d9q.d,deposited,2,118,236,-26.727,6.799,-1.402
1d9q.d,deposited,2,119,238,-21.64,7.57,-3.723
1d9q.d,deposited,2,120,240,-19.873,1.654,-5.029
1d9q.d,deposited,2,121,242,-20.037,1.133,0.438
1d9q.d,deposited,2,122,244,-23.149,-2.394,-2.283
1d9q.d,deposited,2,123,246,-24.963,-1.974,2.911
1d9q.d,deposited,2,124,248,-25.738,-6.932,0.944
1d9q.d,deposited,2,125,250,-29.616,-5.027,5.022
1d9q.d,deposited,2,126,252,-32.792,-3.336,-0.827
1d9q.d,deposited,2,127,254,-28.836,-0.271,-5.701
1d9q.d,deposited,2,128,256,-26.697,2.943,-11.632
1d9q.d,deposited,2,129,258,-28.333,4.721,-18.086
1d9q.d,deposited,2,130,260,-29.184,11.073,-21.253
1d9q.d,deposited,2,131,262,-24.31,8.293,-20.243
1d9q.d,deposited,2,132,264,-24.69,2.78,-21.488
1d9q.d,deposited,2,133,266,-21.122,4.328,-15.991
1d9q.d,deposited,2,134,268,-17.609,-1.096,-16.122
1d9q.d,deposited,2,135,270,-15.655,-6.647,-16.357
1d9q.d,deposited,2,136,272,-16.955,-3.735,-11.368
1d9q.d,deposited,2,137,274,-19.098,-8.84,-12.898
1d9q.d,deposited,2,138,276,-20.356,-7.692,-7.637
1d9q.d,deposited,2,139,278,-21.21,-13.057,-8.767
1d9q.d,deposited,2,140,280,-24.681,-11.059,-4.874
1d9q.d,deposited,2,141,282,-23.804,-16.315,-4.034
1d9q.d,deposited,2,142,284,-28.999,-15.24,-2.778
1d9q.d,deposited,2,143,286,-29.764,-10.659,-8.178
1d9q.d,deposited,2,144,288,-29.249,-7.237,-13.559
1d9q.d,deposited,2,145,290,-32.459,-4.023,-16.207
1d9q.d,deposited,2,146,292,-31.044,-9.475,-18.214
1d9q.d,deposited,2,147,294,-25.297,-9.236,-15.856
1d9q.d,deposited,2,148,296,-24.759,-13.589,-19.03
1d9q.d,deposited,2,149,298,-20.009,-11.157,-22.62
1d9q.d,deposited,2,150,300,-16.372,-7.12,-26.136
1d9q.d,deposited,2,151,302,-11.923,-3.27,-22.935
1d9q.d,deposited,2,152,304,-17.412,-1.711,-21.857
1d9q.d,deposited,2,153,306,-23.492,-1.394,-18.456
1d9q.d,deposited,2,154,308,-26.709,-1.916,-12.976
1d9q.d,deposited,2,155,310,-28.32,-5.104,-7.913
1d9q.d,deposited,2,156,312,-32.58,-8.188,-3.1
1d9q.d,deposited,2,157,314,-37.777,-9.145,-5.228
1d9q.d,deposited,2,158,316,-34.501,-6.201,-8.652
1d9q.d,deposited,2,159,318,-39.662,-5.152,-9.433
1d9q.d,deposited,2,160,320,-37.248,-5.124,-14.214
1d9q.d,deposited,2,161,322,-41.084,-1.406,-14.881
1d9q.d,deposited,2,162,324,-39.834,-4.157,-19.774
1o7j.a,aligned,2,0,0,36.574,39.355,23.921
1o7j.a,aligned,2,1,2,35.086,35.351,29.039
1o7j.a,aligned,2,2,4,36.02,33.093,34.72
1o7j.a,aligned,2,3,6,38.39,29.568,39.561
1o7j.a,aligned,2,4,8,39.19,26.365,44.844
1o7j.a,aligned,2,5,10,40.837,21.402,47.75
1o7j.a,aligned,2,6,12,43.405,15.515,44.851
1o7j.a,aligned,2,7,14,45.48,20.187,44.495
1o7j.a,aligned,2,8,16,51.246,16.97,45.956
1o7j.a,aligned,2,9,18,56.751,12.999,47.355
1o7j.a,aligned,2,10,20,55.634,10.834,40.685
1o7j.a,aligned,2,11,22,52.523,7.822,44.325
1o7j.a,aligned,2,12,24,47.422,6.496,46.48
1o7j.a,aligned,2,13,26,49.143,11.476,49.12
1o7j.a,aligned,2,14,28,44.622,16.119,48.996
1o7j.a,aligned,2,15,30,47.808,21.165,49.524
1o7j.a,aligned,2,16,32,47.0,26.917,46.08
1o7j.a,aligned,2,17,34,47.276,30.094,41.573
1o7j.a,aligned,2,18,36,46.93,25.072,39.671
1o7j.a,aligned,2,19,38,50.106,28.384,36.573
1o7j.a,aligned,2,20,40,48.375,25.288,32.672
1o7j.a,aligned,2,21,42,47.377,27.84,28.18
1o7j.a,aligned,2,22,44,44.952,32.422,29.454
1o7j.a,aligned,2,23,46,40.556,30.486,26.897
1o7j.a,aligned,2,24,48,40.575,35.913,31.697
1o7j.a,aligned,2,25,50,41.037,34.88,38.546
1o7j.a,aligned,2,26,52,39.953,32.558,44.765
1o7j.a,aligned,2,27,54,37.515,29.129,49.271
1o7j.a,aligned,2,28,56,41.667,23.532,50.886
1o7j.a,aligned,2,29,58,40.084,16.542,50.982
1o7j.a,aligned,2,30,60,35.623,13.334,52.318
1o7j.a,aligned,2,31,62,33.33,18.562,52.967
1o7j.a,aligned,2,32,64,26.734,20.692,54.413
1o7j.a,aligned,2,33,66,30.452,24.498,54.092
1o7j.a,aligned,2,34,68,25.95,25.973,51.817
1o7j.a,aligned,2,35,70,30.015,27.611,48.695
1o7j.a,aligned,2,36,72,26.157,31.428,48.655
1o7j.a,aligned,2,37,74,28.878,31.285,43.879
1o7j.a,aligned,2,38,76,27.394,36.33,44.884
1o7j.a,aligned,2,39,78,27.434,35.142,39.371
1o7j.a,aligned,2,40,80,28.332,40.338,39.153
1o7j.a,aligned,2,41,82,32.116,41.033,35.369
1o7j.a,aligned,2,42,84,30.667,35.063,33.108
1o7j.a,aligned,2,43,86,32.749,29.809,37.666
1o7j.a,aligned,2,44,88,35.086,25.024,41.205
1o7j.a,aligned,2,45,90,37.056,20.03,44.265
1o7j.a,aligned,2,46,92,36.359,13.584,43.543
1o7j.a,aligned,2,47,94,32.019,13.935,47.256
1o7j.a,aligned,2,48,96,28.513,14.625,43.295
1o7j.a,aligned,2,49,98,28.434,19.419,46.424
1o7j.a,aligned,2,50,100,23.992,18.546,43.156
1o7j.a,aligned,2,51,102,24.617,23.882,43.919
1o7j.a,aligned,2,52,104,19.437,23.077,43.211
1o7j.a,aligned,2,53,106,22.357,28.563,42.301
1o7j.a,aligned,2,54,108,21.788,31.944,37.652
1o7j.a,aligned,2,55,110,25.763,31.3,33.974
1o7j.a,aligned,2,56,112,29.008,26.5,37.145
1o7j.a,aligned,2,57,114,33.015,21.523,39.079
1o7j.a,aligned,2,58,116,38.421,17.308,39.944
1o7j.a,aligned,2,59,118,41.853,11.189,40.223
1o7j.a,aligned,2,60,120,47.53,14.18,42.36
1o7j.a,aligned,2,61,122,52.662,15.447,41.078
1o7j.a,aligned,2,62,124,53.062,10.718,36.246
1o7j.a,aligned,2,63,126,48.318,13.51,36.132
1o7j.a,aligned,2,64,128,44.155,17.503,36.623
1o7j.a,aligned,2,65,130,43.797,18.748,31.176
1o7j.a,aligned,2,66,132,41.062,22.096,34.439
1o7j.a,aligned,2,67,134,38.517,21.527,29.727
1o7j.a,aligned,2,68,136,37.538,26.529,31.773
1o7j.a,aligned,2,69,138,33.179,24.654,29.181
1o7j.a,aligned,2,70,140,33.477,30.152,29.065
1o7j.a,aligned,2,71,142,28.071,30.728,25.574
1o7j.a,aligned,2,72,144,27.067,26.189,28.168
1o7j.a,aligned,2,73,146,21.274,27.136,31.295
1o7j.a,aligned,2,74,148,22.392,23.159,35.28
1o7j.a,aligned,2,75,150,28.179,20.413,35.497
1o7j.a,aligned,2,76,152,33.974,18.079,33.952
1o7j.a,aligned,2,77,154,38.276,12.96,31.574
1o7j.a,aligned,2,78,156,33.277,14.382,29.752
1o7j.a,aligned,2,79,158,28.21,15.311,33.427
1o7j.a,aligned,2,80,160,25.187,17.131,38.687
1o7j.a,aligned,2,81,162,23.018,12.152,37.211
1o7j.a,aligned,2,82,164,28.396,9.814,40.165
1o7j.a,aligned,2,83,166,31.344,4.756,40.007
1o7j.a,aligned,2,84,168,37.142,3.82,43.625
1o7j.a,aligned,2,85,170,40.16,4.924,37.852
1o7j.a,aligned,2,86,172,37.14,7.216,33.999
1o7j.a,aligned,2,87,174,32.584,9.5,36.626
1o7j.a,aligned,2,88,176,25.893,8.237,34.45
1o7j.a,aligned,2,89,178,21.481,5.232,32.269
1o7j.a,aligned,2,90,180,24.847,9.532,29.753
1o7j.a,aligned,2,91,182,25.484,16.173,28.775
1o7j.a,aligned,2,92,184,32.125,15.745,25.667
1o7j.a,aligned,2,93,186,37.418,16.333,22.112
1o7j.a,aligned,2,94,188,39.545,21.365,21.887
1o7j.a,aligned,2,95,190,32.668,20.97,22.944
1o7j.a,aligned,2,96,192,26.684,18.998,23.561
1o7j.a,aligned,2,97,194,21.638,16.303,25.95
1o7j.a,aligned,2,98,196,18.521,17.324,31.408
1o7j.a,aligned,2,99,198,14.536,18.137,35.327
1o7j.a,aligned,2,100,200,17.348,23.138,38.411
1o7j.a,aligned,2,101,202,16.803,29.393,37.962
1o7j.a,aligned,2,102,204,14.289,25.64,41.369
1o7j.a,aligned,2,103,206,15.185,25.845,46.795
1o7j.a,aligned,2,104,208,19.203,28.869,50.907
1o7j.a,aligned,2,105,210,19.036,33.112,54.133
1o7j.a,aligned,2,106,212,23.438,28.852,57.672
1o7j.a,aligned,2,107,214,20.546,22.354,56.656
1o7j.a,aligned,2,108,216,20.119,16.643,59.472
1o7j.a,aligned,2,109,218,21.553,10.23,57.698
1o7j.a,aligned,2,110,220,21.385,3.669,56.426
1o7j.a,aligned,2,111,222,20.26,-2.298,53.303
1o7j.a,aligned,2,112,224,20.998,-9.277,54.807
1o7j.a,aligned,2,113,226,20.397,-5.289,58.61
1o7j.a,aligned,2,114,228,16.764,-2.221,63.582
1o7j.a,aligned,2,115,230,20.621,1.823,63.63
1o7j.a,aligned,2,116,232,16.763,3.815,66.779
1o7j.a,aligned,2,117,234,19.425,7.894,64.112
1o7j.a,aligned,2,118,236,17.666,9.42,69.048
1o7j.a,aligned,2,119,238,17.796,14.092,66.089
1o7j.a,aligned,2,120,240,14.966,15.036,60.373
1o7j.a,aligned,2,121,242,16.662,9.027,56.852
1o7j.a,aligned,2,122,244,17.736,4.153,52.977
1o7j.a,aligned,2,123,246,18.071,-0.194,50.012
1o7j.a,aligned,2,124,248,17.155,-3.761,45.112
1o7j.a,aligned,2,125,250,14.182,0.091,47.944
1o7j.a,aligned,2,126,252,12.945,-3.432,53.217
1o7j.a,aligned,2,127,254,11.109,-6.921,58.576
1o7j.a,aligned,2,128,256,14.057,-2.157,58.486
1o7j.a,aligned,2,129,258,10.047,-1.751,62.174
1o7j.a,aligned,2,130,260,11.104,3.012,59.591
1o7j.a,aligned,2,131,262,9.414,4.14,64.569
1o7j.a,aligned,2,132,264,7.672,7.957,60.979
1o7j.a,aligned,2,133,266,8.598,10.613,65.486
1o7j.a,aligned,2,134,268,11.202,11.768,60.628
1o7j.a,aligned,2,135,270,11.963,8.256,55.406
1o7j.a,aligned,2,136,272,13.847,4.763,50.144
1o7j.a,aligned,2,137,274,18.934,1.844,46.395
1o7j.a,aligned,2,138,276,22.599,-0.961,43.523
1o7j.a,aligned,2,139,278,21.429,2.943,39.193
1o7j.a,aligned,2,140,280,14.278,3.674,39.565
1o7j.a,aligned,2,141,282,9.126,2.821,42.207
1o7j.a,aligned,2,142,284,4.822,0.978,46.715
1o7j.a,aligned,2,143,286,2.628,-1.379,51.104
1o7j.a,aligned,2,144,288,6.855,2.75,54.66
1o7j.a,aligned,2,145,290,8.799,7.82,50.173
1o7j.a,aligned,2,146,292,13.783,8.25,45.495
1o7j.a,aligned,2,147,294,16.449,7.64,40.094
1o7j.a,aligned,2,148,296,21.167,7.473,44.402
1o7j.a,aligned,2,149,298,24.154,10.545,48.189
1o7j.a,aligned,2,150,300,18.751,11.704,47.662
1o7j.a,aligned,2,151,302,21.021,16.371,49.394
1o7j.a,aligned,2,152,304,15.865,15.625,51.163
1o7j.a,aligned,2,153,306,16.749,20.94,50.845
1o7j.a,aligned,2,154,308,13.004,19.845,54.581
1o7j.a,aligned,2,155,310,10.481,24.126,52.793
1o7j.a,aligned,2,156,312,7.475,18.33,56.0
1o7j.a,aligned,2,157,314,5.369,13.877,52.408
1o7j.a,aligned,2,158,316,5.157,17.662,48.477
1o7j.a,aligned,2,159,318,7.592,13.037,46.954
1o7j.a,aligned,2,160,320,10.145,17.121,44.463
1o7j.a,aligned,2,161,322,10.048,13.183,40.751
1o7j.a,aligned,2,162,324,14.405,17.609,40.605
1hfj.c,aligned,2,0,0,37.05,39.489,23.949
1hfj.c,aligned,2,1,2,35.169,35.801,28.996
1hfj.c,aligned,2,2,4,35.977,33.187,34.631
1hfj.c,aligned,2,3,6,38.263,29.704,39.629
1hfj.c,aligned,2,4,8,39.33,26.328,44.814
1hfj.c,aligned,2,5,10,41.025,21.563,47.726
1hfj.c,aligned,2,6,12,43.263,15.574,44.783
1hfj.c,aligned,2,7,14,45.524,20.1,44.279
1hfj.c,aligned,2,8,16,50.815,16.069,45.989
1hfj.c,aligned,2,9,18,56.759,12.68,47.442
1hfj.c,aligned,2,10,20,55.799,11.017,40.584
1hfj.c,aligned,2,11,22,52.776,7.757,44.003
1hfj.c,aligned,2,12,24,47.67,6.728,46.462
1hfj.c,aligned,2,13,26,49.109,11.395,48.915
1hfj.c,aligned,2,14,28,44.909,16.289,49.085
1hfj.c,aligned,2,15,30,48.083,20.785,49.427
1hfj.c,aligned,2,16,32,47.038,26.714,46.141
1hfj.c,aligned,2,17,34,47.56,29.915,41.777
1hfj.c,aligned,2,18,36,47.277,25.186,39.714
1hfj.c,aligned,2,19,38,50.335,28.524,36.567
1hfj.c,aligned,2,20,40,48.438,25.271,32.84
1hfj.c,aligned,2,21,42,47.334,27.93,28.274
1hfj.c,aligned,2,22,44,44.892,32.235,30.12
1hfj.c,aligned,2,23,46,40.798,30.784,26.791
1hfj.c,aligned,2,24,48,40.442,36.017,31.853
1hfj.c,aligned,2,25,50,40.971,34.997,38.666
1hfj.c,aligned,2,26,52,40.017,32.531,44.715
1hfj.c,aligned,2,27,54,37.652,29.149,49.214
1hfj.c,aligned,2,28,56,41.745,23.489,50.846
1hfj.c,aligned,2,29,58,40.105,16.475,51.102
1hfj.c,aligned,2,30,60,35.623,13.48,52.417
1hfj.c,aligned,2,31,62,33.437,18.664,53.097
1hfj.c,aligned,2,32,64,26.862,20.909,54.646
1hfj.c,aligned,2,33,66,30.83,24.68,53.941
1hfj.c,aligned,2,34,68,26.004,26.092,52.0
1hfj.c,aligned,2,35,70,30.039,27.825,48.869
1hfj.c,aligned,2,36,72,26.046,31.564,48.61
1hfj.c,aligned,2,37,74,28.818,31.464,43.933
1hfj.c,aligned,2,38,76,27.189,36.484,44.807
1hfj.c,aligned,2,39,78,27.336,35.171,39.386
1hfj.c,aligned,2,40,80,28.089,40.571,39.065
1hfj.c,aligned,2,41,82,32.13,41.132,35.173
1hfj.c,aligned,2,42,84,30.61,35.094,33.015
1hfj.c,aligned,2,43,86,32.706,29.881,37.58
1hfj.c,aligned,2,44,88,35.066,25.034,41.094
1hfj.c,aligned,2,45,90,36.861,20.079,44.233
1hfj.c,aligned,2,46,92,36.31,13.603,43.642
1hfj.c,aligned,2,47,94,32.007,13.959,47.374
1hfj.c,aligned,2,48,96,28.498,14.578,43.352
1hfj.c,aligned,2,49,98,28.387,19.43,46.423
1hfj.c,aligned,2,50,100,24.065,18.572,43.157
1hfj.c,aligned,2,51,102,24.558,23.937,43.895
1hfj.c,aligned,2,52,104,19.503,23.094,43.132
1hfj.c,aligned,2,53,106,22.387,28.597,42.234
1hfj.c,aligned,2,54,108,21.729,31.894,37.46
1hfj.c,aligned,2,55,110,25.67,31.274,33.871
1hfj.c,aligned,2,56,112,29.017,26.643,37.089
1hfj.c,aligned,2,57,114,33.041,21.505,38.918
1hfj.c,aligned,2,58,116,38.345,17.328,39.909
1hfj.c,aligned,2,59,118,41.807,11.223,40.161
1hfj.c,aligned,2,60,120,47.718,13.954,42.462
1hfj.c,aligned,2,61,122,52.634,15.549,41.22
1hfj.c,aligned,2,62,124,53.164,11.008,36.123
1hfj.c,aligned,2,63,126,48.321,13.626,36.162
1hfj.c,aligned,2,64,128,44.345,17.491,36.581
1hfj.c,aligned,2,65,130,43.817,18.84,31.058
1hfj.c,aligned,2,66,132,41.105,22.18,34.4
1hfj.c,aligned,2,67,134,38.593,21.682,29.631
1hfj.c,aligned,2,68,136,37.532,26.648,31.75
1hfj.c,aligned,2,69,138,33.269,24.765,29.011
1hfj.c,aligned,2,70,140,33.528,30.241,28.938
1hfj.c,aligned,2,71,142,28.075,30.533,25.578
1hfj.c,aligned,2,72,144,26.888,26.146,28.105
1hfj.c,aligned,2,73,146,21.214,27.122,31.179
1hfj.c,aligned,2,74,148,22.412,23.171,35.141
1hfj.c,aligned,2,75,150,28.156,20.433,35.371
1hfj.c,aligned,2,76,152,33.908,18.072,33.843
1hfj.c,aligned,2,77,154,38.224,12.905,31.534
1hfj.c,aligned,2,78,156,33.258,14.255,29.539
1hfj.c,aligned,2,79,158,28.14,15.308,33.144
1hfj.c,aligned,2,80,160,25.232,17.191,38.573
1hfj.c,aligned,2,81,162,23.022,12.1,37.037
1hfj.c,aligned,2,82,164,28.337,9.874,40.115
1hfj.c,aligned,2,83,166,31.332,4.651,40.04
1hfj.c,aligned,2,84,168,36.942,3.677,43.705
1hfj.c,aligned,2,85,170,40.078,4.786,37.933
1hfj.c,aligned,2,86,172,37.183,7.167,33.991
1hfj.c,aligned,2,87,174,32.588,9.348,36.581
1hfj.c,aligned,2,88,176,25.844,8.116,34.38
1hfj.c,aligned,2,89,178,21.439,5.167,32.139
1hfj.c,aligned,2,90,180,24.806,9.362,29.556
1hfj.c,aligned,2,91,182,25.508,16.109,28.521
1hfj.c,aligned,2,92,184,32.096,15.548,25.423
1hfj.c,aligned,2,93,186,37.3,16.268,21.884
1hfj.c,aligned,2,94,188,39.162,21.462,21.826
1hfj.c,aligned,2,95,190,32.597,20.966,22.725
1hfj.c,aligned,2,96,192,26.657,18.812,23.445
1hfj.c,aligned,2,97,194,21.663,16.067,25.833
1hfj.c,aligned,2,98,196,18.42,17.066,31.258
1hfj.c,aligned,2,99,198,14.636,17.98,35.218
1hfj.c,aligned,2,100,200,17.277,23.105,38.304
1hfj.c,aligned,2,101,202,16.85,29.305,37.938
1hfj.c,aligned,2,102,204,14.333,25.629,41.364
1hfj.c,aligned,2,103,206,15.174,26.097,46.869
1hfj.c,aligned,2,104,208,19.912,29.198,50.496
1hfj.c,aligned,2,105,210,19.289,33.349,54.565
1hfj.c,aligned,2,106,212,22.77,29.273,58.315
1hfj.c,aligned,2,107,214,20.615,22.526,57.243
1hfj.c,aligned,2,108,216,20.031,16.589,59.762
1hfj.c,aligned,2,109,218,21.46,10.263,57.64
1hfj.c,aligned,2,110,220,21.415,3.713,56.489
1hfj.c,aligned,2,111,222,20.176,-2.341,53.552
1hfj.c,aligned,2,112,224,20.96,-9.352,54.98
1hfj.c,aligned,2,113,226,20.458,-5.421,58.74
1hfj.c,aligned,2,114,228,16.968,-2.284,63.66
1hfj.c,aligned,2,115,230,20.593,1.79,63.835
1hfj.c,aligned,2,116,232,16.672,3.837,66.95
1hfj.c,aligned,2,117,234,19.429,7.907,64.347
1hfj.c,aligned,2,118,236,17.427,9.312,69.21
1hfj.c,aligned,2,119,238,17.505,14.13,66.249
1hfj.c,aligned,2,120,240,14.9,14.986,60.532
1hfj.c,aligned,2,121,242,16.573,9.066,56.847
1hfj.c,aligned,2,122,244,17.646,4.226,53.147
1hfj.c,aligned,2,123,246,18.022,-0.386,50.119
1hfj.c,aligned,2,124,248,17.103,-3.844,45.033
1hfj.c,aligned,2,125,250,14.253,-0.002,48.002
1hfj.c,aligned,2,126,252,13.06,-3.567,53.358
1hfj.c,aligned,2,127,254,11.118,-7.052,58.647
1hfj.c,aligned,2,128,256,14.067,-2.384,58.647
1hfj.c,aligned,2,129,258,10.082,-1.963,62.234
1hfj.c,aligned,2,130,260,11.062,2.809,59.704
1hfj.c,aligned,2,131,262,9.269,3.763,64.514
1hfj.c,aligned,2,132,264,7.675,7.641,61.217
1hfj.c,aligned,2,133,266,8.573,10.023,65.672
1hfj.c,aligned,2,134,268,11.196,11.455,60.844
1hfj.c,aligned,2,135,270,11.864,8.226,55.485
1hfj.c,aligned,2,136,272,13.712,4.738,50.388
1hfj.c,aligned,2,137,274,18.752,1.881,46.433
1hfj.c,aligned,2,138,276,22.465,-1.025,43.665
1hfj.c,aligned,2,139,278,21.447,2.913,39.164
1hfj.c,aligned,2,140,280,14.31,3.733,39.544
1hfj.c,aligned,2,141,282,9.123,2.916,42.013
1hfj.c,aligned,2,142,284,4.833,0.963,46.516
1hfj.c,aligned,2,143,286,2.585,-1.776,50.665
1hfj.c,aligned,2,144,288,6.582,2.694,54.409
1hfj.c,aligned,2,145,290,8.778,7.865,50.119
1hfj.c,aligned,2,146,292,13.711,8.336,45.516
1hfj.c,aligned,2,147,294,16.422,7.716,40.151
1hfj.c,aligned,2,148,296,21.053,7.561,44.472
1hfj.c,aligned,2,149,298,24.143,10.511,48.126
1hfj.c,aligned,2,150,300,18.754,11.764,47.667
1hfj.c,aligned,2,151,302,21.008,16.401,49.405
1hfj.c,aligned,2,152,304,15.932,15.69,51.162
1hfj.c,aligned,2,153,306,16.798,21.052,50.985
1hfj.c,aligned,2,154,308,12.998,20.008,54.568
1hfj.c,aligned,2,155,310,10.641,24.241,52.874
1hfj.c,aligned,2,156,312,7.665,18.358,55.724
1hfj.c,aligned,2,157,314,5.23,13.906,52.351
1hfj.c,aligned,2,158,316,5.159,17.721,48.315
1hfj.c,aligned,2,159,318,7.585,13.103,46.846
1hfj.c,aligned,2,160,320,10.247,17.203,44.394
1hfj.c,aligned,2,161,322,10.149,13.225,40.69
1hfj.c,aligned,2,162,324,14.421,17.58,40.518
4eca.b,aligned,2,0,0,38.748,36.331,26.245
4eca.b,aligned,2,1,2,36.247,36.257,32.282
4eca.b,aligned,2,2,4,36.101,33.038,37.972
4eca.b,aligned,2,3,6,36.473,29.519,43.199
4eca.b,aligned,2,4,8,37.55,24.826,47.902
4eca.b,aligned,2,5,10,40.91,19.15,47.339
4eca.b,aligned,2,6,12,45.556,21.606,45.306
4eca.b,aligned,2,7,14,50.782,17.837,47.418
4eca.b,aligned,2,8,16,56.203,14.041,49.569
4eca.b,aligned,2,9,18,56.018,12.05,42.692
4eca.b,aligned,2,10,20,54.409,7.716,46.402
4eca.b,aligned,2,11,22,50.674,9.541,49.743
4eca.b,aligned,2,12,24,47.548,15.92,51.657
4eca.b,aligned,2,13,26,44.951,22.047,50.731
4eca.b,aligned,2,14,28,48.436,25.012,47.264
4eca.b,aligned,2,15,30,44.166,29.317,43.963
4eca.b,aligned,2,16,32,49.336,28.981,42.547
4eca.b,aligned,2,17,34,45.951,29.204,38.357
4eca.b,aligned,2,18,36,50.65,26.581,37.443
4eca.b,aligned,2,19,38,49.536,29.551,32.483
4eca.b,aligned,2,20,40,44.753,29.376,31.027
4eca.b,aligned,2,21,42,45.359,32.173,26.472
4eca.b,aligned,2,22,44,40.336,33.203,29.674
4eca.b,aligned,2,23,46,40.971,34.075,35.164
4eca.b,aligned,2,24,48,40.907,33.084,41.395
4eca.b,aligned,2,25,50,39.841,30.855,47.448
4eca.b,aligned,2,26,52,37.637,27.432,51.367
4eca.b,aligned,2,27,54,39.429,21.529,52.647
4eca.b,aligned,2,28,56,36.02,17.236,50.078
4eca.b,aligned,2,29,58,34.936,17.24,54.825
4eca.b,aligned,2,30,60,29.446,20.383,54.507
4eca.b,aligned,2,31,62,28.038,25.612,55.095
4eca.b,aligned,2,32,64,27.507,24.479,49.976
4eca.b,aligned,2,33,66,28.333,29.795,50.742
4eca.b,aligned,2,34,68,25.653,28.756,46.001
4eca.b,aligned,2,35,70,28.7,33.255,45.833
4eca.b,aligned,2,36,72,24.487,33.555,42.61
4eca.b,aligned,2,37,74,28.717,37.216,41.465
4eca.b,aligned,2,38,76,26.813,39.276,36.832
4eca.b,aligned,2,39,78,31.811,37.081,35.362
4eca.b,aligned,2,40,80,31.75,31.459,33.812
4eca.b,aligned,2,41,82,35.193,26.926,37.595
4eca.b,aligned,2,42,84,38.172,23.393,42.052
4eca.b,aligned,2,43,86,38.151,17.428,46.112
4eca.b,aligned,2,44,88,35.445,12.554,47.206
4eca.b,aligned,2,45,90,32.365,16.334,44.269
4eca.b,aligned,2,46,92,27.439,15.955,45.888
4eca.b,aligned,2,47,94,27.985,19.422,41.947
4eca.b,aligned,2,48,96,23.82,20.874,45.408
4eca.b,aligned,2,49,98,22.821,22.214,40.45
4eca.b,aligned,2,50,100,20.418,26.083,44.142
4eca.b,aligned,2,51,102,20.418,30.378,39.511
4eca.b,aligned,2,52,104,22.935,29.716,34.016
4eca.b,aligned,2,53,106,28.76,27.934,32.716
4eca.b,aligned,2,54,108,31.927,23.976,36.079
4eca.b,aligned,2,55,110,36.949,20.282,38.535
4eca.b,aligned,2,56,112,42.144,15.775,40.338
4eca.b,aligned,2,57,114,46.558,12.505,41.514
4eca.b,aligned,2,58,116,49.824,18.0,42.257
4eca.b,aligned,2,59,118,52.737,13.446,41.368
4eca.b,aligned,2,60,120,51.6,12.545,35.279
4eca.b,aligned,2,61,122,45.916,14.966,36.161
4eca.b,aligned,2,62,124,46.839,20.611,35.226
4eca.b,aligned,2,63,126,41.727,18.93,34.106
4eca.b,aligned,2,64,128,42.725,23.716,31.742
4eca.b,aligned,2,65,130,37.457,22.863,32.94
4eca.b,aligned,2,66,132,37.721,25.48,28.239
4eca.b,aligned,2,67,134,33.369,27.253,31.386
4eca.b,aligned,2,68,136,32.429,27.727,25.894
4eca.b,aligned,2,69,138,27.594,26.109,24.587
4eca.b,aligned,2,70,140,25.476,27.779,29.356
4eca.b,aligned,2,71,142,23.314,22.724,30.945
4eca.b,aligned,2,72,144,26.294,22.741,36.926
4eca.b,aligned,2,73,146,31.796,18.379,36.325
4eca.b,aligned,2,74,148,37.164,15.402,34.423
4eca.b,aligned,2,75,150,38.154,15.219,28.998
4eca.b,aligned,2,76,152,31.705,17.145,30.447
4eca.b,aligned,2,77,154,26.132,16.787,34.422
4eca.b,aligned,2,78,156,23.095,15.246,38.636
4eca.b,aligned,2,79,158,27.874,12.291,37.635
4eca.b,aligned,2,80,160,32.886,8.737,41.301
4eca.b,aligned,2,81,162,36.554,4.114,40.934
4eca.b,aligned,2,82,164,41.586,5.852,42.311
4eca.b,aligned,2,83,166,41.672,9.328,36.879
4eca.b,aligned,2,84,168,36.574,7.642,37.504
4eca.b,aligned,2,85,170,31.031,9.055,34.919
4eca.b,aligned,2,86,172,26.479,6.159,35.15
4eca.b,aligned,2,87,174,22.498,8.751,31.198
4eca.b,aligned,2,88,176,28.17,12.648,29.65
4eca.b,aligned,2,89,178,30.084,16.037,25.718
4eca.b,aligned,2,90,180,36.565,17.847,24.963
4eca.b,aligned,2,91,182,41.733,19.943,21.267
4eca.b,aligned,2,92,184,36.518,22.123,21.59
4eca.b,aligned,2,93,186,31.026,18.203,21.134
4eca.b,aligned,2,94,188,25.162,15.999,22.256
4eca.b,aligned,2,95,190,21.945,18.211,28.343
4eca.b,aligned,2,96,192,16.254,16.987,30.938
4eca.b,aligned,2,97,194,15.158,20.631,36.02
4eca.b,aligned,2,98,196,19.379,25.842,38.458
4eca.b,aligned,2,99,198,14.032,26.013,37.029
4eca.b,aligned,2,100,200,12.228,26.405,43.397
4eca.b,aligned,2,101,202,16.557,29.093,47.187
4eca.b,aligned,2,102,204,20.078,32.8,49.435
4eca.b,aligned,2,103,206,19.387,30.122,54.333
4eca.b,aligned,2,104,208,21.506,26.006,57.471
4eca.b,aligned,2,105,210,17.539,20.525,57.016
4eca.b,aligned,2,106,212,19.138,14.441,56.413
4eca.b,aligned,2,107,214,21.974,8.119,55.201
4eca.b,aligned,2,108,216,23.381,1.544,55.083
4eca.b,aligned,2,109,218,23.428,-5.064,54.336
4eca.b,aligned,2,110,220,21.928,-8.357,59.478
4eca.b,aligned,2,111,222,21.624,-2.892,62.593
4eca.b,aligned,2,112,224,20.928,1.508,65.496
4eca.b,aligned,2,113,226,18.616,4.776,61.872
4eca.b,aligned,2,114,228,20.285,7.399,66.225
4eca.b,aligned,2,115,230,15.636,9.545,64.485
4eca.b,aligned,2,116,232,18.24,13.211,67.079
4eca.b,aligned,2,117,234,16.593,14.295,61.628
4eca.b,aligned,2,118,236,15.113,13.209,56.558
4eca.b,aligned,2,119,238,17.974,8.481,53.017
4eca.b,aligned,2,120,240,21.284,3.245,51.08
4eca.b,aligned,2,121,242,20.005,-3.272,49.03
4eca.b,aligned,2,122,244,16.001,-1.941,44.228
4eca.b,aligned,2,123,246,15.079,-2.561,49.72
4eca.b,aligned,2,124,248,16.814,-4.892,56.117
4eca.b,aligned,2,125,250,14.745,-3.786,61.396
4eca.b,aligned,2,126,252,12.566,-0.807,57.509
4eca.b,aligned,2,127,254,12.548,2.235,62.235
4eca.b,aligned,2,128,256,8.431,3.211,58.698
4eca.b,aligned,2,129,258,9.862,7.55,61.79
4eca.b,aligned,2,130,260,4.707,7.908,60.506
4eca.b,aligned,2,131,262,6.714,13.144,60.062
4eca.b,aligned,2,132,264,10.902,12.13,55.488
4eca.b,aligned,2,133,266,13.695,8.298,50.97
4eca.b,aligned,2,134,268,17.841,4.921,47.628
4eca.b,aligned,2,135,270,23.839,1.107,47.448
4eca.b,aligned,2,136,272,25.867,2.104,41.779
4eca.b,aligned,2,137,274,19.864,2.266,38.128
4eca.b,aligned,2,138,276,15.255,2.829,43.103
4eca.b,aligned,2,139,278,8.189,2.391,43.191
4eca.b,aligned,2,140,280,8.593,-3.277,43.171
4eca.b,aligned,2,141,282,7.889,-1.681,48.742
4eca.b,aligned,2,142,284,5.939,3.529,49.31
4eca.b,aligned,2,143,286,1.499,2.802,52.517
4eca.b,aligned,2,144,288,5.166,7.577,53.409
4eca.b,aligned,2,145,290,9.936,8.27,48.66
4eca.b,aligned,2,146,292,14.82,8.105,44.943
4eca.b,aligned,2,147,294,18.474,7.113,39.907
4eca.b,aligned,2,148,296,22.368,7.582,44.682
4eca.b,aligned,2,149,298,24.399,11.062,48.692
4eca.b,aligned,2,150,300,19.299,11.943,47.164
4eca.b,aligned,2,151,302,21.013,16.755,48.443
4eca.b,aligned,2,152,304,15.856,15.671,50.218
4eca.b,aligned,2,153,306,16.185,20.899,49.641
4eca.b,aligned,2,154,308,12.685,19.66,53.057
4eca.b,aligned,2,155,310,9.741,23.557,50.878
4eca.b,aligned,2,156,312,7.447,17.809,54.538
4eca.b,aligned,2,157,314,5.908,12.557,51.266
4eca.b,aligned,2,158,316,5.192,16.52,47.446
4eca.b,aligned,2,159,318,8.08,12.44,45.776
4eca.b,aligned,2,160,320,10.178,16.751,43.637
4eca.b,aligned,2,161,322,10.335,13.009,39.88
4eca.b,aligned,2,162,324,14.617,17.421,39.868
4eca.c,aligned,2,0,0,38.966,36.43,26.405
4eca.c,aligned,2,1,2,36.235,36.341,32.242
4eca.c,aligned,2,2,4,36.098,33.062,37.983
4eca.c,aligned,2,3,6,36.309,29.466,43.248
4eca.c,aligned,2,4,8,37.681,25.003,47.792
4eca.c,aligned,2,5,10,40.918,19.076,47.348
4eca.c,aligned,2,6,12,45.598,21.501,45.583
4eca.c,aligned,2,7,14,50.696,17.468,47.285
4eca.c,aligned,2,8,16,56.243,13.474,49.542
4eca.c,aligned,2,9,18,55.647,11.935,42.416
4eca.c,aligned,2,10,20,54.6,7.899,45.997
4eca.c,aligned,2,11,22,50.826,9.846,49.783
4eca.c,aligned,2,12,24,47.339,15.732,51.993
4eca.c,aligned,2,13,26,45.052,21.743,50.22
4eca.c,aligned,2,14,28,48.441,25.169,47.517
4eca.c,aligned,2,15,30,44.114,29.333,44.016
4eca.c,aligned,2,16,32,49.539,28.752,42.493
4eca.c,aligned,2,17,34,46.464,29.037,38.15
4eca.c,aligned,2,18,36,50.956,26.445,37.445
4eca.c,aligned,2,19,38,49.753,29.471,32.413
4eca.c,aligned,2,20,40,44.811,29.382,31.087
4eca.c,aligned,2,21,42,45.377,32.071,26.389
4eca.c,aligned,2,22,44,40.254,32.95,29.632
4eca.c,aligned,2,23,46,41.055,34.19,35.024
4eca.c,aligned,2,24,48,40.79,33.159,41.417
4eca.c,aligned,2,25,50,39.825,30.75,47.698
4eca.c,aligned,2,26,52,37.68,27.344,51.655
4eca.c,aligned,2,27,54,39.308,21.57,52.686
4eca.c,aligned,2,28,56,36.032,17.323,50.17
4eca.c,aligned,2,29,58,34.866,17.354,55.063
4eca.c,aligned,2,30,60,29.357,20.427,54.492
4eca.c,aligned,2,31,62,28.023,25.791,55.074
4eca.c,aligned,2,32,64,27.496,24.595,50.062
4eca.c,aligned,2,33,66,28.436,29.764,50.843
4eca.c,aligned,2,34,68,25.72,28.938,45.935
4eca.c,aligned,2,35,70,28.688,33.281,45.975
4eca.c,aligned,2,36,72,24.546,33.667,42.446
4eca.c,aligned,2,37,74,28.826,37.243,41.326
4eca.c,aligned,2,38,76,26.318,39.043,36.916
4eca.c,aligned,2,39,78,31.739,37.173,35.358
4eca.c,aligned,2,40,80,31.479,31.516,33.834
4eca.c,aligned,2,41,82,35.175,26.867,37.718
4eca.c,aligned,2,42,84,38.082,23.453,42.051
4eca.c,aligned,2,43,86,38.193,17.425,45.914
4eca.c,aligned,2,44,88,35.522,12.622,47.246
4eca.c,aligned,2,45,90,32.358,16.484,44.371
4eca.c,aligned,2,46,92,27.276,15.879,45.989
4eca.c,aligned,2,47,94,27.852,19.536,41.896
4eca.c,aligned,2,48,96,23.595,20.777,45.228
4eca.c,aligned,2,49,98,22.822,22.257,40.16
4eca.c,aligned,2,50,100,20.376,26.118,44.047
4eca.c,aligned,2,51,102,20.341,30.519,39.571
4eca.c,aligned,2,52,104,22.896,29.837,34.114
4eca.c,aligned,2,53,106,28.763,28.013,32.598
4eca.c,aligned,2,54,108,32.036,23.878,36.073
4eca.c,aligned,2,55,110,36.958,20.285,38.537
4eca.c,aligned,2,56,112,42.2,15.776,40.488
4eca.c,aligned,2,57,114,46.506,12.555,41.58
4eca.c,aligned,2,58,116,49.768,18.097,42.251
4eca.c,aligned,2,59,118,52.619,13.244,41.178
4eca.c,aligned,2,60,120,51.577,12.622,35.133
4eca.c,aligned,2,61,122,46.022,15.03,36.121
4eca.c,aligned,2,62,124,46.83,20.787,35.12
4eca.c,aligned,2,63,126,41.906,18.988,34.192
4eca.c,aligned,2,64,128,42.72,23.733,31.845
4eca.c,aligned,2,65,130,37.512,22.883,33.124
4eca.c,aligned,2,66,132,37.724,25.473,28.343
4eca.c,aligned,2,67,134,33.353,27.411,31.693
4eca.c,aligned,2,68,136,32.387,27.74,26.054
4eca.c,aligned,2,69,138,27.485,26.174,24.605
4eca.c,aligned,2,70,140,25.401,27.701,29.485
4eca.c,aligned,2,71,142,23.28,22.787,30.872
4eca.c,aligned,2,72,144,26.098,22.735,36.992
4eca.c,aligned,2,73,146,31.722,18.427,36.358
4eca.c,aligned,2,74,148,37.133,15.504,34.426
4eca.c,aligned,2,75,150,38.261,15.348,28.927
4eca.c,aligned,2,76,152,31.774,17.245,30.456
4eca.c,aligned,2,77,154,26.041,16.734,34.229
4eca.c,aligned,2,78,156,22.977,15.19,38.621
4eca.c,aligned,2,79,158,27.967,12.303,37.582
4eca.c,aligned,2,80,160,32.774,8.743,41.359
4eca.c,aligned,2,81,162,36.605,4.147,41.064
4eca.c,aligned,2,82,164,41.78,5.968,42.284
4eca.c,aligned,2,83,166,41.804,9.226,36.703
4eca.c,aligned,2,84,168,36.628,7.656,37.686
4eca.c,aligned,2,85,170,31.108,9.076,34.815
4eca.c,aligned,2,86,172,26.443,6.128,35.115
4eca.c,aligned,2,87,174,22.379,8.706,31.514
4eca.c,aligned,2,88,176,28.002,12.512,29.614
4eca.c,aligned,2,89,178,30.028,16.009,25.88
4eca.c,aligned,2,90,180,36.54,17.787,24.971
4eca.c,aligned,2,91,182,41.874,19.975,21.312
4eca.c,aligned,2,92,184,36.689,21.928,21.735
4eca.c,aligned,2,93,186,30.868,18.532,21.116
4eca.c,aligned,2,94,188,25.286,16.038,22.272
4eca.c,aligned,2,95,190,21.699,18.084,28.266
4eca.c,aligned,2,96,192,16.182,17.027,30.941
4eca.c,aligned,2,97,194,15.018,20.609,36.103
4eca.c,aligned,2,98,196,19.319,25.796,38.351
4eca.c,aligned,2,99,198,14.133,26.207,36.714
4eca.c,aligned,2,100,200,12.29,26.512,43.326
4eca.c,aligned,2,101,202,16.357,29.237,47.175
4eca.c,aligned,2,102,204,19.865,32.74,49.396
4eca.c,aligned,2,103,206,19.198,29.944,54.125
4eca.c,aligned,2,104,208,21.473,26.164,57.275
4eca.c,aligned,2,105,210,17.684,20.678,57.12
4eca.c,aligned,2,106,212,19.17,14.612,56.416
4eca.c,aligned,2,107,214,22.047,8.273,55.425
4eca.c,aligned,2,108,216,23.431,1.636,54.907
4eca.c,aligned,2,109,218,23.252,-5.044,54.114
4eca.c,aligned,2,110,220,22.036,-8.448,59.399
4eca.c,aligned,2,111,222,21.706,-3.001,62.672
4eca.c,aligned,2,112,224,20.942,1.537,65.684
4eca.c,aligned,2,113,226,18.543,4.739,61.828
4eca.c,aligned,2,114,228,20.267,7.304,66.329
4eca.c,aligned,2,115,230,15.545,9.465,64.474
4eca.c,aligned,2,116,232,18.209,13.175,67.23
4eca.c,aligned,2,117,234,16.447,14.387,61.672
4eca.c,aligned,2,118,236,14.939,13.291,56.738
4eca.c,aligned,2,119,238,17.845,8.375,53.114
4eca.c,aligned,2,120,240,21.264,3.307,51.054
4eca.c,aligned,2,121,242,19.97,-3.203,49.02
4eca.c,aligned,2,122,244,16.193,-2.051,44.186
4eca.c,aligned,2,123,246,15.088,-2.507,49.833
4eca.c,aligned,2,124,248,16.932,-4.829,56.132
4eca.c,aligned,2,125,250,14.83,-3.968,61.289
4eca.c,aligned,2,126,252,12.633,-0.944,57.586
4eca.c,aligned,2,127,254,12.587,2.102,62.283
4eca.c,aligned,2,128,256,8.376,3.146,58.735
4eca.c,aligned,2,129,258,9.86,7.449,61.344
4eca.c,aligned,2,130,260,4.541,7.766,59.985
4eca.c,aligned,2,131,262,6.922,12.934,60.534
4eca.c,aligned,2,132,264,10.927,12.353,55.562
4eca.c,aligned,2,133,266,13.863,8.409,50.996
4eca.c,aligned,2,134,268,17.786,5.015,47.503
4eca.c,aligned,2,135,270,23.853,1.272,47.599
4eca.c,aligned,2,136,272,25.904,2.07,41.87
4eca.c,aligned,2,137,274,19.935,2.142,38.266
4eca.c,aligned,2,138,276,15.298,2.831,43.054
4eca.c,aligned,2,139,278,8.467,2.421,43.321
4eca.c,aligned,2,140,280,8.608,-3.112,43.112
4eca.c,aligned,2,141,282,7.93,-1.771,48.549
4eca.c,aligned,2,142,284,5.841,3.572,49.497
4eca.c,aligned,2,143,286,1.483,2.835,52.448
4eca.c,aligned,2,144,288,5.025,7.423,53.167
4eca.c,aligned,2,145,290,9.768,8.31,48.614
4eca.c,aligned,2,146,292,14.663,8.2,44.799
4eca.c,aligned,2,147,294,18.566,7.234,39.717
4eca.c,aligned,2,148,296,22.213,7.526,44.808
4eca.c,aligned,2,149,298,24.431,11.162,48.967
4eca.c,aligned,2,150,300,19.23,11.818,47.297
4eca.c,aligned,2,151,302,21.112,16.753,48.61
4eca.c,aligned,2,152,304,15.703,15.758,50.19
4eca.c,aligned,2,153,306,16.337,21.123,49.521
4eca.c,aligned,2,154,308,12.438,19.626,52.922
4eca.c,aligned,2,155,310,9.789,23.598,50.88
4eca.c,aligned,2,156,312,7.458,17.88,54.667
4eca.c,aligned,2,157,314,5.999,12.478,51.199
4eca.c,aligned,2,158,316,5.29,16.347,47.613
4eca.c,aligned,2,159,318,8.128,12.386,45.723
4eca.c,aligned,2,160,320,10.133,16.803,43.578
4eca.c,aligned,2,161,322,10.335,13.045,40.069
4eca.c,aligned,2,162,324,14.58,17.348,39.78
4eca.d,aligned,2,0,0,38.801,36.362,26.351
4eca.d,aligned,2,1,2,36.306,36.303,32.183
4eca.d,aligned,2,2,4,36.076,33.0,38.035
4eca.d,aligned,2,3,6,36.362,29.62,43.214
4eca.d,aligned,2,4,8,37.622,24.996,47.767
4eca.d,aligned,2,5,10,41.015,19.169,47.52
4eca.d,aligned,2,6,12,45.608,21.814,45.306
4eca.d,aligned,2,7,14,50.679,17.563,47.517
4eca.d,aligned,2,8,16,56.325,14.134,49.271
4eca.d,aligned,2,9,18,55.865,11.987,42.338
4eca.d,aligned,2,10,20,54.424,7.704,46.035
4eca.d,aligned,2,11,22,50.638,9.517,49.682
4eca.d,aligned,2,12,24,47.535,15.79,51.861
4eca.d,aligned,2,13,26,44.924,21.994,50.57
4eca.d,aligned,2,14,28,48.35,24.985,47.127
4eca.d,aligned,2,15,30,44.303,29.471,44.115
4eca.d,aligned,2,16,32,49.632,29.049,42.751
4eca.d,aligned,2,17,34,45.964,28.989,38.454
4eca.d,aligned,2,18,36,50.736,26.584,37.369
4eca.d,aligned,2,19,38,49.93,29.585,32.474
4eca.d,aligned,2,20,40,44.935,29.392,31.154
4eca.d,aligned,2,21,42,45.482,32.234,26.739
4eca.d,aligned,2,22,44,40.461,33.054,29.618
4eca.d,aligned,2,23,46,40.973,34.093,35.129
4eca.d,aligned,2,24,48,40.755,33.136,41.45
4eca.d,aligned,2,25,50,39.713,30.755,47.71
4eca.d,aligned,2,26,52,37.672,27.317,51.686
4eca.d,aligned,2,27,54,39.526,21.571,52.831
4eca.d,aligned,2,28,56,35.883,17.29,50.23
4eca.d,aligned,2,29,58,34.935,17.197,55.204
4eca.d,aligned,2,30,60,29.53,20.396,54.317
4eca.d,aligned,2,31,62,27.985,25.702,54.936
4eca.d,aligned,2,32,64,27.466,24.516,49.824
4eca.d,aligned,2,33,66,28.526,29.741,50.658
4eca.d,aligned,2,34,68,25.668,28.894,46.118
4eca.d,aligned,2,35,70,28.703,33.37,46.003
4eca.d,aligned,2,36,72,24.569,33.775,42.539
4eca.d,aligned,2,37,74,28.674,37.1,41.395
4eca.d,aligned,2,38,76,26.741,39.276,36.994
4eca.d,aligned,2,39,78,31.8,37.114,35.324
4eca.d,aligned,2,40,80,31.416,31.529,33.892
4eca.d,aligned,2,41,82,35.199,26.849,37.702
4eca.d,aligned,2,42,84,38.162,23.373,42.163
4eca.d,aligned,2,43,86,38.234,17.493,46.099
4eca.d,aligned,2,44,88,35.488,12.549,47.223
4eca.d,aligned,2,45,90,32.373,16.514,44.19
4eca.d,aligned,2,46,92,27.262,15.954,45.901
4eca.d,aligned,2,47,94,27.814,19.437,41.862
4eca.d,aligned,2,48,96,23.579,20.735,45.204
4eca.d,aligned,2,49,98,22.815,22.186,40.186
4eca.d,aligned,2,50,100,20.448,26.018,43.97
4eca.d,aligned,2,51,102,20.368,30.506,39.639
4eca.d,aligned,2,52,104,22.975,29.933,34.025
4eca.d,aligned,2,53,106,28.853,27.995,32.645
4eca.d,aligned,2,54,108,32.113,23.795,36.078
4eca.d,aligned,2,55,110,36.952,20.099,38.653
4eca.d,aligned,2,56,112,42.432,15.827,40.2
4eca.d,aligned,2,57,114,46.546,12.508,41.686
4eca.d,aligned,2,58,116,49.823,18.117,42.056
4eca.d,aligned,2,59,118,52.804,13.372,41.134
4eca.d,aligned,2,60,120,51.623,12.557,35.067
4eca.d,aligned,2,61,122,46.018,15.07,36.166
4eca.d,aligned,2,62,124,46.67,20.758,35.16
4eca.d,aligned,2,63,126,41.791,18.936,34.187
4eca.d,aligned,2,64,128,42.653,23.673,31.645
4eca.d,aligned,2,65,130,37.47,22.899,33.119
4eca.d,aligned,2,66,132,37.754,25.425,28.16
4eca.d,aligned,2,67,134,33.393,27.317,31.619
4eca.d,aligned,2,68,136,32.415,27.719,26.079
4eca.d,aligned,2,69,138,27.62,26.248,24.643
4eca.d,aligned,2,70,140,25.444,27.53,29.396
4eca.d,aligned,2,71,142,23.149,22.786,31.143
4eca.d,aligned,2,72,144,26.238,22.645,36.982
4eca.d,aligned,2,73,146,31.823,18.433,36.366
4eca.d,aligned,2,74,148,37.11,15.491,34.359
4eca.d,aligned,2,75,150,38.147,15.23,28.916
4eca.d,aligned,2,76,152,31.64,17.146,30.502
4eca.d,aligned,2,77,154,25.968,16.894,34.194
4eca.d,aligned,2,78,156,23.005,15.318,38.501
4eca.d,aligned,2,79,158,27.848,12.223,37.613
4eca.d,aligned,2,80,160,32.843,8.76,41.379
4eca.d,aligned,2,81,162,36.505,4.285,41.004
4eca.d,aligned,2,82,164,41.745,5.939,42.301
4eca.d,aligned,2,83,166,41.859,9.264,36.837
4eca.d,aligned,2,84,168,36.685,7.6,37.783
4eca.d,aligned,2,85,170,31.108,9.134,35.057
4eca.d,aligned,2,86,172,26.541,6.203,35.157
4eca.d,aligned,2,87,174,22.485,8.704,31.469
4eca.d,aligned,2,88,176,28.263,12.544,29.565
4eca.d,aligned,2,89,178,29.998,16.101,25.648
4eca.d,aligned,2,90,180,36.578,17.611,24.993
4eca.d,aligned,2,91,182,41.667,19.772,21.396
4eca.d,aligned,2,92,184,36.506,22.033,21.659
4eca.d,aligned,2,93,186,30.924,18.274,20.989
4eca.d,aligned,2,94,188,25.206,15.861,22.148
4eca.d,aligned,2,95,190,21.827,18.054,28.06
4eca.d,aligned,2,96,192,16.337,16.849,30.997
4eca.d,aligned,2,97,194,14.999,20.704,36.064
4eca.d,aligned,2,98,196,19.259,25.849,38.383
4eca.d,aligned,2,99,198,14.067,26.084,36.871
4eca.d,aligned,2,100,200,12.236,26.477,43.453
4eca.d,aligned,2,101,202,16.504,29.441,47.1
4eca.d,aligned,2,102,204,20.094,32.908,49.447
4eca.d,aligned,2,103,206,19.239,30.003,54.253
4eca.d,aligned,2,104,208,21.399,26.048,57.564
4eca.d,aligned,2,105,210,17.474,20.548,57.151
4eca.d,aligned,2,106,212,19.297,14.496,56.488
4eca.d,aligned,2,107,214,22.002,8.22,55.249
4eca.d,aligned,2,108,216,23.322,1.705,54.885
4eca.d,aligned,2,109,218,23.241,-4.94,54.336
4eca.d,aligned,2,110,220,22.052,-8.427,59.401
4eca.d,aligned,2,111,222,21.636,-2.754,62.581
4eca.d,aligned,2,112,224,20.853,1.616,65.641
4eca.d,aligned,2,113,226,18.617,4.833,61.804
4eca.d,aligned,2,114,228,20.192,7.574,66.194
4eca.d,aligned,2,115,230,15.444,9.635,64.353
4eca.d,aligned,2,116,232,18.339,13.279,67.18
4eca.d,aligned,2,117,234,16.419,14.33,61.898
4eca.d,aligned,2,118,236,15.027,13.315,56.541
4eca.d,aligned,2,119,238,17.886,8.54,53.065
4eca.d,aligned,2,120,240,21.067,3.314,50.99
4eca.d,aligned,2,121,242,19.977,-3.308,49.002
4eca.d,aligned,2,122,244,16.088,-2.061,44.221
4eca.d,aligned,2,123,246,15.215,-2.599,49.803
4eca.d,aligned,2,124,248,16.616,-4.8,56.052
4eca.d,aligned,2,125,250,14.95,-3.715,61.564
4eca.d,aligned,2,126,252,12.589,-1.024,57.439
4eca.d,aligned,2,127,254,12.716,2.136,62.408
4eca.d,aligned,2,128,256,8.265,2.881,58.643
4eca.d,aligned,2,129,258,9.913,7.376,61.696
4eca.d,aligned,2,130,260,4.735,7.584,60.512
4eca.d,aligned,2,131,262,7.004,12.942,60.502
4eca.d,aligned,2,132,264,10.897,12.185,55.31
4eca.d,aligned,2,133,266,13.765,8.274,50.781
4eca.d,aligned,2,134,268,17.649,4.867,47.626
4eca.d,aligned,2,135,270,23.763,1.018,47.746
4eca.d,aligned,2,136,272,25.71,2.133,41.943
4eca.d,aligned,2,137,274,19.909,2.142,38.054
4eca.d,aligned,2,138,276,15.311,2.777,43.193
4eca.d,aligned,2,139,278,8.289,2.659,42.964
4eca.d,aligned,2,140,280,8.775,-3.155,43.38
4eca.d,aligned,2,141,282,7.854,-1.734,48.884
4eca.d,aligned,2,142,284,5.84,3.611,49.318
4eca.d,aligned,2,143,286,1.441,2.69,52.653
4eca.d,aligned,2,144,288,4.956,7.417,53.062
4eca.d,aligned,2,145,290,9.826,8.535,48.628
4eca.d,aligned,2,146,292,14.929,8.188,44.984
4eca.d,aligned,2,147,294,18.347,7.194,39.684
4eca.d,aligned,2,148,296,22.429,7.53,44.705
4eca.d,aligned,2,149,298,24.183,11.051,48.81
4eca.d,aligned,2,150,300,19.197,11.836,47.3
4eca.d,aligned,2,151,302,20.982,16.727,48.505
4eca.d,aligned,2,152,304,15.667,15.765,50.217
4eca.d,aligned,2,153,306,16.281,21.043,49.552
4eca.d,aligned,2,154,308,12.6,19.755,53.014
4eca.d,aligned,2,155,310,9.852,23.541,50.563
4eca.d,aligned,2,156,312,7.478,17.865,54.521
4eca.d,aligned,2,157,314,5.993,12.552,51.18
4eca.d,aligned,2,158,316,5.12,16.432,47.313
4eca.d,aligned,2,159,318,8.169,12.243,45.628
4eca.d,aligned,2,160,320,10.269,16.754,43.646
4eca.d,aligned,2,161,322,10.434,13.129,39.996
4eca.d,aligned,2,162,324,14.784,17.473,39.808
1qd1.b,aligned,2,0,0,29.447,37.534,59.14
1qd1.b,aligned,2,1,2,29.4,32.643,54.954
1qd1.b,aligned,2,2,4,29.77,26.992,51.168
1qd1.b,aligned,2,3,6,31.793,21.954,47.553
1qd1.b,aligned,2,4,8,34.675,17.555,43.501
1qd1.b,aligned,2,5,10,38.711,12.966,40.4
1qd1.b,aligned,2,6,12,38.814,8.525,45.458
1qd1.b,aligned,2,7,14,44.762,7.306,46.887
1qd1.b,aligned,2,8,16,47.711,10.455,50.312
1qd1.b,aligned,2,9,18,42.971,12.955,49.14
1qd1.b,aligned,2,10,20,46.978,16.516,50.618
1qd1.b,aligned,2,11,22,42.277,18.293,52.496
1qd1.b,aligned,2,12,24,45.367,22.611,51.208
1qd1.b,aligned,2,13,26,42.05,23.339,55.936
1qd1.b,aligned,2,14,28,43.844,28.24,53.981
1qd1.b,aligned,2,15,30,39.341,31.609,56.832
1qd1.b,aligned,2,16,32,36.87,25.437,57.727
1qd1.b,aligned,2,17,34,33.55,20.233,57.273
1qd1.b,aligned,2,18,36,35.585,14.8,52.938
1qd1.b,aligned,2,19,38,35.612,9.676,48.993
1qd1.b,aligned,2,20,40,36.931,4.172,45.24
1qd1.b,aligned,2,21,42,33.091,6.07,41.78
1qd1.b,aligned,2,22,44,35.783,10.737,43.262
1qd1.b,aligned,2,23,46,33.806,15.772,47.422
1qd1.b,aligned,2,24,48,32.738,20.565,51.783
1qd1.b,aligned,2,25,50,32.814,27.16,54.488
1qd1.b,aligned,2,26,52,33.841,34.25,53.825
1qd1.b,aligned,2,27,54,36.972,35.699,49.327
1qd1.b,aligned,2,28,56,36.614,30.087,50.048
1qd1.b,aligned,2,29,58,41.42,31.085,47.969
1qd1.b,aligned,2,30,60,39.386,26.3,46.3
1qd1.b,aligned,2,31,62,44.88,26.069,46.961
1qd1.b,aligned,2,32,64,43.237,22.989,42.806
1qd1.b,aligned,2,33,66,47.659,20.708,44.958
1qd1.b,aligned,2,34,68,47.281,19.783,39.58
1qd1.b,aligned,2,35,70,48.823,14.995,42.229
1qd1.b,aligned,2,36,72,46.779,12.701,36.194
1qd1.b,aligned,2,37,74,45.014,10.58,31.493
1qd1.b,aligned,2,38,76,41.627,8.272,35.642
1qd1.b,aligned,2,39,78,35.524,5.758,37.619
1qd1.b,aligned,2,40,80,31.033,8.867,38.268
1qd1.b,aligned,2,41,82,33.938,13.559,35.02
1qd1.b,aligned,2,42,84,38.5,17.394,35.097
1qd1.b,aligned,2,43,86,38.841,19.361,39.868
1qd1.b,aligned,2,44,88,33.148,21.01,39.538
1qd1.b,aligned,2,45,90,30.355,25.35,43.27
1qd1.b,aligned,2,46,92,26.652,28.422,47.597
1qd1.b,aligned,2,47,94,24.853,30.29,53.329
1qd1.b,aligned,2,48,96,24.686,37.215,54.632
1qd1.b,aligned,2,49,98,23.597,37.033,47.794
1qd1.b,aligned,2,50,100,25.035,37.351,42.812
1qd1.b,aligned,2,51,102,28.603,33.811,44.785
1qd1.b,aligned,2,52,104,31.223,36.752,41.336
1qd1.b,aligned,2,53,106,32.765,31.63,40.694
1qd1.b,aligned,2,54,108,36.964,35.164,40.171
1qd1.b,aligned,2,55,110,37.437,30.468,37.28
1qd1.b,aligned,2,56,112,42.377,32.724,38.305
1qd1.b,aligned,2,57,114,42.477,29.239,34.1
1qd1.b,aligned,2,58,116,47.479,29.905,36.607
1qd1.b,aligned,2,59,118,46.33,27.259,31.581
1qd1.b,aligned,2,60,120,39.74,25.475,30.133
1qd1.b,aligned,2,61,122,33.309,26.595,32.136
1qd1.b,aligned,2,62,124,27.51,26.721,35.172
1qd1.b,aligned,2,63,126,23.567,30.708,38.253
1qd1.b,aligned,2,64,128,26.208,30.328,33.356
1qd1.b,aligned,2,65,130,24.196,30.821,28.269
1qd1.b,aligned,2,66,132,23.223,25.564,27.498
1qd1.b,aligned,2,67,134,23.525,25.97,33.138
1qd1.b,aligned,2,68,136,26.651,20.375,34.657
1qd1.b,aligned,2,69,138,25.286,19.057,29.661
1qd1.b,aligned,2,70,140,30.133,17.143,31.044
1qd1.b,aligned,2,71,142,31.163,12.945,26.598
1qd1.b,aligned,2,72,144,37.159,13.71,29.691
1qd1.b,aligned,2,73,146,35.397,14.001,24.486
1qd1.b,aligned,2,74,148,39.98,16.939,22.546
1qd1.b,aligned,2,75,150,34.991,19.558,21.901
1qd1.b,aligned,2,76,152,38.203,22.377,18.616
1qd1.b,aligned,2,77,154,33.691,27.413,18.828
1qd1.b,aligned,2,78,156,32.713,24.854,23.361
1qd1.b,aligned,2,79,158,35.674,27.959,27.528
1qd1.b,aligned,2,80,160,38.06,31.25,30.911
1qd1.b,aligned,2,81,162,42.725,28.531,26.434
1qd1.b,aligned,2,82,164,43.657,23.601,24.84
1qd1.b,aligned,2,83,166,45.723,19.496,28.977
1qd1.b,aligned,2,84,168,46.713,15.704,33.203
1qd1.b,aligned,2,85,170,41.026,18.079,31.488
1qd1.b,aligned,2,86,172,36.93,22.428,35.185
1qd1.b,aligned,2,87,174,32.836,26.476,38.23
1qd1.b,aligned,2,88,176,27.081,29.199,41.893
1qd1.b,aligned,2,89,178,21.588,26.805,45.908
1qd1.b,aligned,2,90,180,22.232,20.524,46.269
1qd1.b,aligned,2,91,182,23.781,14.18,46.283
1qd1.b,aligned,2,92,184,22.1,7.561,45.916
1qd1.b,aligned,2,93,186,20.651,1.275,46.587
1qd1.b,aligned,2,94,188,19.824,-5.142,43.94
1qd1.b,aligned,2,95,190,21.957,-4.632,37.103
1qd1.b,aligned,2,96,192,21.217,-1.304,33.145
1qd1.b,aligned,2,97,194,19.243,1.166,37.629
1qd1.b,aligned,2,98,196,16.553,2.762,33.18
1qd1.b,aligned,2,99,198,17.315,7.005,36.462
1qd1.b,aligned,2,100,200,12.567,7.636,33.763
1qd1.b,aligned,2,101,202,15.333,12.6,35.996
1qd1.b,aligned,2,102,204,15.786,15.73,31.379
1qd1.b,aligned,2,103,206,15.995,10.69,27.596
1qd1.b,aligned,2,104,208,13.792,17.071,24.959
1qd1.b,aligned,2,105,210,11.185,12.491,26.358
1qd1.b,aligned,2,106,212,11.387,12.599,32.993
1qd1.b,aligned,2,107,214,10.758,14.562,38.576
1qd1.b,aligned,2,108,216,14.895,19.48,39.53
1qd1.b,aligned,2,109,218,19.41,14.656,37.805
1qd1.b,aligned,2,110,220,22.202,8.057,36.345
1qd1.b,aligned,2,111,222,25.662,2.435,38.009
1qd1.b,aligned,2,112,224,29.845,-0.328,42.483
1qd1.b,aligned,2,113,226,33.247,-1.798,46.175
1qd1.b,aligned,2,114,228,28.565,-5.147,45.13
1qd1.b,aligned,2,115,230,23.688,-1.017,41.948
1qd1.b,aligned,2,116,232,20.255,5.072,41.138
1qd1.b,aligned,2,117,234,20.684,11.367,41.939
1qd1.b,aligned,2,118,236,18.35,17.027,44.007
1qd1.b,aligned,2,119,238,16.119,22.108,44.722
1qd1.b,aligned,2,120,240,12.094,22.477,48.223
1qd1.b,aligned,2,121,242,11.423,17.823,44.86
1qd1.b,aligned,2,122,244,14.405,13.234,49.402
1qd1.b,aligned,2,123,246,9.815,11.976,46.749
1qd1.b,aligned,2,124,248,13.232,7.761,47.259
1qd1.b,aligned,2,125,250,9.441,7.141,43.273
1qd1.b,aligned,2,126,252,11.123,2.437,45.084
1qd1.b,aligned,2,127,254,9.781,1.977,39.72
1qd1.b,aligned,2,128,256,8.949,-2.547,42.555
1qd1.b,aligned,2,129,258,10.38,-4.549,37.93
1qd1.b,aligned,2,130,260,13.815,-5.194,42.062
1qd1.b,aligned,2,131,262,15.585,-1.097,47.044
1qd1.b,aligned,2,132,264,18.387,1.845,51.612
1qd1.b,aligned,2,133,266,23.375,6.977,50.766
1qd1.b,aligned,2,134,268,27.011,12.036,49.651
1qd1.b,aligned,2,135,270,26.287,17.138,53.77
1qd1.b,aligned,2,136,272,20.541,20.943,55.193
1qd1.b,aligned,2,137,274,15.226,21.214,56.428
1qd1.b,aligned,2,138,276,15.445,15.855,56.415
1qd1.b,aligned,2,139,278,10.637,17.882,55.013
1qd1.b,aligned,2,140,280,9.974,13.469,58.127
1qd1.b,aligned,2,141,282,6.001,13.346,54.568
1qd1.b,aligned,2,142,284,4.446,11.396,59.469
1qd1.b,aligned,2,143,286,1.585,9.101,55.312
1qd1.b,aligned,2,144,288,-0.43,9.427,60.69
1qd1.b,aligned,2,145,290,2.844,12.643,65.823
1qd1.b,aligned,2,146,292,7.635,16.923,68.267
1qd1.b,aligned,2,147,294,13.714,16.861,65.774
1qd1.b,aligned,2,148,296,12.928,11.668,66.475
1qd1.b,aligned,2,149,298,15.607,12.561,61.982
1qd1.b,aligned,2,150,300,12.433,8.318,61.482
1qd1.b,aligned,2,151,302,17.095,7.828,58.581
1qd1.b,aligned,2,152,304,12.66,5.125,56.209
1qd1.b,aligned,2,153,306,17.771,3.662,55.037
1qd1.b,aligned,2,154,308,22.575,3.925,57.521
1qd1.b,aligned,2,155,310,26.332,1.605,53.754
1qd1.b,aligned,2,156,312,26.38,4.944,60.064
1qd1.b,aligned,2,157,314,25.622,10.609,62.242
1qd1.b,aligned,2,158,316,25.929,15.85,64.095
1qd1.b,aligned,2,159,318,26.2,15.25,58.313
1qd1.b,aligned,2,160,320,25.278,21.414,58.056
1qd1.b,aligned,2,161,322,24.671,20.942,63.332
1qd1.b,aligned,2,162,324,27.969,25.201,61.842
1toh.a,aligned,2,0,0,21.492,40.856,57.815
1toh.a,aligned,2,1,2,24.266,37.541,53.576
1toh.a,aligned,2,2,4,24.176,35.329,47.496
1toh.a,aligned,2,3,6,21.25,35.586,41.703
1toh.a,aligned,2,4,8,25.007,31.999,37.302
1toh.a,aligned,2,5,10,28.075,35.727,39.63
1toh.a,aligned,2,6,12,32.819,34.069,39.239
1toh.a,aligned,2,7,14,32.373,32.938,44.513
1toh.a,aligned,2,8,16,53.075,16.786,55.775
1toh.a,aligned,2,9,18,50.028,14.125,51.846
1toh.a,aligned,2,10,20,53.043,14.084,47.167
1toh.a,aligned,2,11,22,57.692,15.855,48.867
1toh.a,aligned,2,12,24,58.276,18.85,43.337
1toh.a,aligned,2,13,26,53.827,16.934,41.258
1toh.a,aligned,2,14,28,54.135,21.937,39.864
1toh.a,aligned,2,15,30,49.142,21.018,40.586
1toh.a,aligned,2,16,32,49.535,24.344,36.546
1toh.a,aligned,2,17,34,44.877,25.002,39.776
1toh.a,aligned,2,18,36,42.86,26.664,35.015
1toh.a,aligned,2,19,38,41.734,30.482,38.824
1toh.a,aligned,2,20,40,38.157,30.293,34.44
1toh.a,aligned,2,21,42,31.371,31.269,33.455
1toh.a,aligned,2,22,44,33.919,29.284,28.579
1toh.a,aligned,2,23,46,36.653,24.093,30.235
1toh.a,aligned,2,24,48,41.563,20.304,28.442
1toh.a,aligned,2,25,50,46.878,16.53,28.829
1toh.a,aligned,2,26,52,50.785,12.174,31.695
1toh.a,aligned,2,27,54,51.534,7.922,35.078
1toh.a,aligned,2,28,56,46.539,7.986,33.538
1toh.a,aligned,2,29,58,46.735,6.157,38.843
1toh.a,aligned,2,30,60,43.313,3.159,35.747
1toh.a,aligned,2,31,62,41.231,3.508,41.076
1toh.a,aligned,2,32,64,39.339,-0.901,37.807
1toh.a,aligned,2,33,66,36.052,0.46,42.34
1toh.a,aligned,2,34,68,34.759,-4.213,40.555
1toh.a,aligned,2,35,70,29.74,-1.219,41.733
1toh.a,aligned,2,36,72,27.107,-5.278,44.259
1toh.a,aligned,2,37,74,26.186,0.783,44.305
1toh.a,aligned,2,38,76,21.057,1.572,40.627
1toh.a,aligned,2,39,78,25.0,5.094,39.892
1toh.a,aligned,2,40,80,22.886,3.491,35.034
1toh.a,aligned,2,41,82,28.145,5.042,35.0
1toh.a,aligned,2,42,84,25.724,6.228,30.235
1toh.a,aligned,2,43,86,30.83,4.826,29.308
1toh.a,aligned,2,44,88,28.674,8.581,25.622
1toh.a,aligned,2,45,90,34.273,7.854,26.865
1toh.a,aligned,2,46,92,37.389,3.825,30.421
1toh.a,aligned,2,47,94,43.026,3.854,29.968
1toh.a,aligned,2,48,96,41.133,10.303,32.225
1toh.a,aligned,2,49,98,38.034,15.787,30.12
1toh.a,aligned,2,50,100,34.376,19.775,29.261
1toh.a,aligned,2,51,102,31.535,15.432,31.11
1toh.a,aligned,2,52,104,28.252,18.695,28.109
1toh.a,aligned,2,53,106,25.548,16.468,32.339
1toh.a,aligned,2,54,108,22.037,17.416,28.294
1toh.a,aligned,2,55,110,20.019,16.796,33.904
1toh.a,aligned,2,56,112,24.022,20.201,35.562
1toh.a,aligned,2,57,114,30.906,21.541,35.811
1toh.a,aligned,2,58,116,36.937,23.688,37.423
1toh.a,aligned,2,59,118,41.2,24.799,42.711
1toh.a,aligned,2,60,120,37.834,22.639,48.577
1toh.a,aligned,2,61,122,33.949,27.628,51.32
1toh.a,aligned,2,62,124,28.442,28.763,51.402
1toh.a,aligned,2,63,126,29.902,25.472,47.333
1toh.a,aligned,2,64,128,25.524,28.509,46.322
1toh.a,aligned,2,65,130,24.859,23.744,43.646
1toh.a,aligned,2,66,132,22.501,26.833,39.797
1toh.a,aligned,2,67,134,26.865,23.909,38.827
1toh.a,aligned,2,68,136,32.563,22.901,41.43
1toh.a,aligned,2,69,138,38.687,19.389,40.689
1toh.a,aligned,2,70,140,44.074,17.269,39.146
1toh.a,aligned,2,71,142,45.972,12.116,43.356
1toh.a,aligned,2,72,144,50.618,8.119,42.057
1toh.a,aligned,2,73,146,48.889,6.019,47.051
1toh.a,aligned,2,74,148,43.852,3.688,46.706
1toh.a,aligned,2,75,150,43.392,10.426,48.711
1toh.a,aligned,2,76,152,41.337,15.621,49.288
1toh.a,aligned,2,77,154,40.696,14.672,43.189
1toh.a,aligned,2,78,156,38.915,10.456,40.449
1toh.a,aligned,2,79,158,34.684,13.77,41.321
1toh.a,aligned,2,80,160,33.639,8.351,39.621
1toh.a,aligned,2,81,162,29.817,12.413,42.052
1toh.a,aligned,2,82,164,27.294,9.47,37.773
1toh.a,aligned,2,83,166,24.205,13.779,38.92
1toh.a,aligned,2,84,168,19.89,10.948,37.603
1toh.a,aligned,2,85,170,15.75,13.004,41.018
1toh.a,aligned,2,86,172,20.271,16.138,40.557
1toh.a,aligned,2,87,174,17.959,16.842,45.507
1toh.a,aligned,2,88,176,20.246,21.635,43.722
1toh.a,aligned,2,89,178,20.31,21.752,49.141
1toh.a,aligned,2,90,180,18.69,26.507,46.871
1toh.a,aligned,2,91,182,21.369,27.567,51.509
1toh.a,aligned,2,92,184,21.366,33.783,52.063
1toh.a,aligned,2,93,186,22.96,32.132,58.261
1toh.a,aligned,2,94,188,24.78,28.243,61.403
1toh.a,aligned,2,95,190,25.15,26.766,56.268
1toh.a,aligned,2,96,192,23.82,22.317,59.177
1toh.a,aligned,2,97,194,26.855,21.127,54.877
1toh.a,aligned,2,98,196,23.088,17.103,55.647
1toh.a,aligned,2,99,198,27.905,15.216,54.101
1toh.a,aligned,2,100,200,23.741,12.256,51.775
1toh.a,aligned,2,101,202,28.995,12.435,50.165
1toh.a,aligned,2,102,204,24.541,8.536,51.99
1toh.a,aligned,2,103,206,19.77,4.097,50.311
1toh.a,aligned,2,104,208,16.505,-0.557,47.054
1toh.a,aligned,2,105,210,15.104,-4.535,50.511
1toh.a,aligned,2,106,212,21.179,-1.533,51.318
1toh.a,aligned,2,107,214,25.645,3.332,48.509
1toh.a,aligned,2,108,216,27.454,8.91,48.51
1toh.a,aligned,2,109,218,32.788,9.535,49.183
1toh.a,aligned,2,110,220,31.622,5.372,45.549
1toh.a,aligned,2,111,222,36.529,4.715,48.084
1toh.a,aligned,2,112,224,37.596,0.344,51.56
1toh.a,aligned,2,113,226,32.575,1.275,50.153
1toh.a,aligned,2,114,228,32.698,-1.067,55.214
1toh.a,aligned,2,115,230,27.551,-1.989,53.707
1toh.a,aligned,2,116,232,27.883,-5.04,59.949
1toh.a,aligned,2,117,234,28.931,1.061,61.317
1toh.a,aligned,2,118,236,22.939,2.911,59.938
1toh.a,aligned,2,119,238,16.887,6.244,59.016
1toh.a,aligned,2,120,240,16.146,12.539,58.724
1toh.a,aligned,2,121,242,17.063,17.24,61.328
1toh.a,aligned,2,122,244,21.734,14.405,60.198
1toh.a,aligned,2,123,246,23.623,17.855,63.934
1toh.a,aligned,2,124,248,29.202,15.28,64.303
1toh.a,aligned,2,125,250,35.251,13.563,60.97
1toh.a,aligned,2,126,252,40.278,10.824,58.415
1toh.a,aligned,2,127,254,35.731,5.688,57.87
1toh.a,aligned,2,128,256,30.926,4.96,62.165
1toh.a,aligned,2,129,258,25.458,6.562,58.046
1toh.a,aligned,2,130,260,19.7,5.447,54.745
1toh.a,aligned,2,131,262,14.055,4.977,51.389
1toh.a,aligned,2,132,264,15.43,9.71,46.454
1toh.a,aligned,2,133,266,11.402,10.466,49.878
1toh.a,aligned,2,134,268,13.894,15.023,48.599
1toh.a,aligned,2,135,270,12.131,15.216,53.715
1toh.a,aligned,2,136,272,12.213,20.285,51.573
1toh.a,aligned,2,137,274,13.373,20.696,56.445
1toh.a,aligned,2,138,276,10.498,25.04,55.146
1toh.a,aligned,2,139,278,14.608,27.47,57.95
1toh.a,aligned,2,140,280,13.623,33.289,56.347
1toh.a,aligned,2,141,282,11.708,34.846,51.411
1toh.a,aligned,2,142,284,13.969,31.313,46.038
1toh.a,aligned,2,143,286,15.374,28.638,40.117
1toh.a,aligned,2,144,288,16.136,27.367,34.307
1toh.a,aligned,2,145,290,18.166,32.137,32.373
1toh.a,aligned,2,146,292,18.977,32.839,37.584
1toh.a,aligned,2,147,294,14.206,34.549,41.507
1toh.a,aligned,2,148,296,10.053,35.368,46.071
1toh.a,aligned,2,149,298,6.013,39.505,47.768
1toh.a,aligned,2,150,300,3.654,39.828,43.014
1toh.a,aligned,2,151,302,4.98,34.723,43.686
1toh.a,aligned,2,152,304,4.819,35.882,38.434
1toh.a,aligned,2,153,306,2.636,30.985,39.293
1toh.a,aligned,2,154,308,4.864,30.016,34.449
1toh.a,aligned,2,155,310,-0.193,27.791,34.863
1toh.a,aligned,2,156,312,2.771,24.459,31.983
1toh.a,aligned,2,157,314,-2.041,24.304,29.996
1toh.a,aligned,2,158,316,-0.407,19.067,30.038
1toh.a,aligned,2,159,318,-3.409,19.803,25.721
1toh.a,aligned,2,160,320,-4.225,14.905,27.467
1toh.a,aligned,2,161,322,-3.985,14.789,21.998
1toh.a,aligned,2,162,324,-7.469,11.216,23.763
1d9q.d,aligned,2,0,0,48.913,-3.154,42.396
1d9q.d,aligned,2,1,2,46.683,2.543,40.653
1d9q.d,aligned,2,2,4,44.113,8.588,39.07
1d9q.d,aligned,2,3,6,47.343,5.873,35.459
1d9q.d,aligned,2,4,8,42.699,7.896,33.27
1d9q.d,aligned,2,5,10,44.166,3.336,30.737
1d9q.d,aligned,2,6,12,42.121,6.637,27.172
1d9q.d,aligned,2,7,14,40.666,1.75,25.922
1d9q.d,aligned,2,8,16,36.605,5.253,26.526
1d9q.d,aligned,2,9,18,39.804,11.176,24.614
1d9q.d,aligned,2,10,20,41.302,16.219,25.885
1d9q.d,aligned,2,11,22,41.767,13.109,30.235
1d9q.d,aligned,2,12,24,40.126,18.117,31.958
1d9q.d,aligned,2,13,26,43.215,15.419,35.583
1d9q.d,aligned,2,14,28,39.873,19.038,38.025
1d9q.d,aligned,2,15,30,44.374,19.03,40.762
1d9q.d,aligned,2,16,32,40.538,19.54,44.388
1d9q.d,aligned,2,17,34,44.408,22.578,46.414
1d9q.d,aligned,2,18,36,41.366,20.441,50.249
1d9q.d,aligned,2,19,38,42.474,25.552,51.843
1d9q.d,aligned,2,20,40,42.316,22.178,56.231
1d9q.d,aligned,2,21,42,40.97,27.754,57.034
1d9q.d,aligned,2,22,44,44.939,29.506,60.369
1d9q.d,aligned,2,23,46,41.733,33.472,58.92
1d9q.d,aligned,2,24,48,45.883,36.622,59.102
1d9q.d,aligned,2,25,50,34.317,31.859,56.46
1d9q.d,aligned,2,26,52,31.486,32.036,51.547
1d9q.d,aligned,2,27,54,36.284,30.119,50.634
1d9q.d,aligned,2,28,56,35.343,32.478,45.774
1d9q.d,aligned,2,29,58,38.076,27.855,45.308
1d9q.d,aligned,2,30,60,39.774,30.923,41.29
1d9q.d,aligned,2,31,62,39.52,25.896,39.526
1d9q.d,aligned,2,32,64,43.725,28.47,37.06
1d9q.d,aligned,2,33,66,41.649,24.548,33.841
1d9q.d,aligned,2,34,68,44.831,25.025,29.411
1d9q.d,aligned,2,35,70,39.23,26.455,28.233
1d9q.d,aligned,2,36,72,35.743,29.871,32.807
1d9q.d,aligned,2,37,74,31.051,32.473,37.179
1d9q.d,aligned,2,38,76,26.823,34.567,40.726
1d9q.d,aligned,2,39,78,21.182,34.476,43.629
1d9q.d,aligned,2,40,80,22.465,32.387,50.108
1d9q.d,aligned,2,41,82,27.36,29.091,46.344
1d9q.d,aligned,2,42,84,29.14,28.228,40.368
1d9q.d,aligned,2,43,86,31.42,27.205,34.435
1d9q.d,aligned,2,44,88,34.009,26.092,28.407
1d9q.d,aligned,2,45,90,38.516,26.366,23.665
1d9q.d,aligned,2,46,92,33.968,23.746,22.062
1d9q.d,aligned,2,47,94,33.286,20.244,26.651
1d9q.d,aligned,2,48,96,32.427,21.786,33.019
1d9q.d,aligned,2,49,98,31.813,23.248,38.917
1d9q.d,aligned,2,50,100,33.382,24.661,44.482
1d9q.d,aligned,2,51,102,28.599,22.241,48.919
1d9q.d,aligned,2,52,104,27.887,28.648,52.394
1d9q.d,aligned,2,53,106,29.942,27.414,58.716
1d9q.d,aligned,2,54,108,27.136,22.678,57.89
1d9q.d,aligned,2,55,110,32.038,21.97,60.7
1d9q.d,aligned,2,56,112,32.98,18.092,56.042
1d9q.d,aligned,2,57,114,33.117,19.085,49.063
1d9q.d,aligned,2,58,116,30.682,18.757,42.777
1d9q.d,aligned,2,59,118,29.449,17.733,35.8
1d9q.d,aligned,2,60,120,28.693,18.128,29.246
1d9q.d,aligned,2,61,122,27.166,20.932,24.002
1d9q.d,aligned,2,62,124,26.523,25.229,20.835
1d9q.d,aligned,2,63,126,28.046,30.054,25.045
1d9q.d,aligned,2,64,128,32.641,35.019,25.312
1d9q.d,aligned,2,65,130,33.223,40.723,36.005
1d9q.d,aligned,2,66,132,30.486,36.774,35.807
1d9q.d,aligned,2,67,134,25.325,37.712,31.886
1d9q.d,aligned,2,68,136,22.335,36.047,27.658
1d9q.d,aligned,2,69,138,23.222,32.192,31.582
1d9q.d,aligned,2,70,140,22.651,29.783,26.947
1d9q.d,aligned,2,71,142,20.772,26.169,30.826
1d9q.d,aligned,2,72,144,23.186,23.904,26.351
1d9q.d,aligned,2,73,146,20.998,18.928,29.458
1d9q.d,aligned,2,74,148,19.176,14.0,30.474
1d9q.d,aligned,2,75,150,24.553,15.289,27.199
1d9q.d,aligned,2,76,152,29.193,12.695,29.932
1d9q.d,aligned,2,77,154,30.173,13.584,36.902
1d9q.d,aligned,2,78,156,32.654,15.013,43.572
1d9q.d,aligned,2,79,158,34.779,15.116,49.675
1d9q.d,aligned,2,80,160,36.556,15.255,55.593
1d9q.d,aligned,2,81,162,39.736,11.64,54.445
1d9q.d,aligned,2,82,164,37.815,11.226,48.595
1d9q.d,aligned,2,83,166,34.428,9.916,43.342
1d9q.d,aligned,2,84,168,31.926,8.178,36.838
1d9q.d,aligned,2,85,170,29.534,6.467,32.183
1d9q.d,aligned,2,86,172,30.464,2.559,36.873
1d9q.d,aligned,2,87,174,35.177,4.682,40.977
1d9q.d,aligned,2,88,176,40.003,7.483,44.738
1d9q.d,aligned,2,89,178,44.191,11.048,48.414
1d9q.d,aligned,2,90,180,48.569,12.818,52.161
1d9q.d,aligned,2,91,182,52.734,11.453,48.142
1d9q.d,aligned,2,92,184,48.32,11.527,44.653
1d9q.d,aligned,2,93,186,44.941,6.265,44.69
1d9q.d,aligned,2,94,188,40.644,2.269,46.471
1d9q.d,aligned,2,95,190,36.159,-0.056,41.598
1d9q.d,aligned,2,96,192,31.004,0.786,43.653
1d9q.d,aligned,2,97,194,25.056,1.277,46.61
1d9q.d,aligned,2,98,196,19.5,-2.028,47.463
1d9q.d,aligned,2,99,198,19.257,0.558,54.01
1d9q.d,aligned,2,100,200,19.144,4.705,57.605
1d9q.d,aligned,2,101,202,19.028,11.423,56.31
1d9q.d,aligned,2,102,204,16.541,17.588,58.826
1d9q.d,aligned,2,103,206,13.768,20.123,62.658
1d9q.d,aligned,2,104,208,9.017,18.289,60.5
1d9q.d,aligned,2,105,210,6.751,22.429,57.779
1d9q.d,aligned,2,106,212,3.301,17.873,54.009
1d9q.d,aligned,2,107,214,2.462,12.786,53.085
1d9q.d,aligned,2,108,216,5.239,13.3,57.889
1d9q.d,aligned,2,109,218,6.58,8.438,55.872
1d9q.d,aligned,2,110,220,6.734,8.708,61.356
1d9q.d,aligned,2,111,222,10.337,4.885,59.873
1d9q.d,aligned,2,112,224,8.271,2.082,64.1
1d9q.d,aligned,2,113,226,9.414,-3.187,62.617
1d9q.d,aligned,2,114,228,12.797,-7.274,64.992
1d9q.d,aligned,2,115,230,15.102,-1.986,65.668
1d9q.d,aligned,2,116,232,15.703,3.143,61.308
1d9q.d,aligned,2,117,234,18.978,8.754,61.708
1d9q.d,aligned,2,118,236,22.275,14.07,59.094
1d9q.d,aligned,2,119,238,24.184,18.963,57.028
1d9q.d,aligned,2,120,240,25.36,17.486,51.006
1d9q.d,aligned,2,121,242,29.085,14.145,53.275
1d9q.d,aligned,2,122,244,25.486,11.681,50.035
1d9q.d,aligned,2,123,246,27.719,7.97,53.453
1d9q.d,aligned,2,124,248,26.5,5.777,48.683
1d9q.d,aligned,2,125,250,26.291,2.192,53.416
1d9q.d,aligned,2,126,252,19.765,4.281,52.954
1d9q.d,aligned,2,127,254,18.792,11.115,51.88
1d9q.d,aligned,2,128,256,15.777,17.453,50.979
1d9q.d,aligned,2,129,258,9.917,20.89,49.819
1d9q.d,aligned,2,130,260,6.248,25.6,53.75
1d9q.d,aligned,2,131,262,10.794,26.584,50.454
1d9q.d,aligned,2,132,264,10.43,23.942,45.456
1d9q.d,aligned,2,133,266,16.542,24.096,48.278
1d9q.d,aligned,2,134,268,19.701,23.362,42.687
1d9q.d,aligned,2,135,270,21.698,21.628,37.425
1d9q.d,aligned,2,136,272,23.81,19.741,42.624
1d9q.d,aligned,2,137,274,21.94,16.367,38.369
1d9q.d,aligned,2,138,276,24.514,13.377,42.243
1d9q.d,aligned,2,139,278,23.872,10.457,37.569
1d9q.d,aligned,2,140,280,23.812,7.28,42.163
1d9q.d,aligned,2,141,282,25.743,4.451,37.995
1d9q.d,aligned,2,142,284,22.767,1.093,41.091
1d9q.d,aligned,2,143,286,17.865,6.074,42.465
1d9q.d,aligned,2,144,288,14.046,11.206,42.504
1d9q.d,aligned,2,145,290,9.492,12.398,44.847
1d9q.d,aligned,2,146,292,9.871,11.334,38.975
1d9q.d,aligned,2,147,294,15.549,13.826,38.533
1d9q.d,aligned,2,148,296,14.346,13.45,33.267
1d9q.d,aligned,2,149,298,14.91,19.74,32.051
1d9q.d,aligned,2,150,300,14.511,26.182,32.528
1d9q.d,aligned,2,151,302,19.347,29.413,35.851
1d9q.d,aligned,2,152,304,15.972,26.234,39.348
1d9q.d,aligned,2,153,306,13.951,20.738,43.135
1d9q.d,aligned,2,154,308,15.516,15.462,46.355
1d9q.d,aligned,2,155,310,18.304,9.939,46.694
1d9q.d,aligned,2,156,312,19.022,2.935,47.816
1d9q.d,aligned,2,157,314,13.993,0.267,47.612
1d9q.d,aligned,2,158,316,13.552,5.822,47.352
1d9q.d,aligned,2,159,318,9.2,3.568,49.43
1d9q.d,aligned,2,160,320,7.615,7.685,46.393
1d9q.d,aligned,2,161,322,3.913,7.695,50.301
1d9q.d,aligned,2,162,324,1.809,9.588,45.295
1o7j.a,deposited,4,0,0,36.574,39.355,23.921
1o7j.a,deposited,4,1,4,36.02,33.093,34.72
1o7j.a,deposited,4,2,8,39.19,26.365,44.844
1o7j.a,deposited,4,3,12,43.405,15.515,44.851
1o7j.a,deposited,4,4,16,51.246,16.97,45.956
1o7j.a,deposited,4,5,20,55.634,10.834,40.685
1o7j.a,deposited,4,6,24,47.422,6.496,46.48
1o7j.a,deposited,4,7,28,44.622,16.119,48.996
1o7j.a,deposited,4,8,32,47.0,26.917,46.08
1o7j.a,deposited,4,9,36,46.93,25.072,39.671
1o7j.a,deposited,4,10,40,48.375,25.288,32.672
1o7j.a,deposited,4,11,44,44.952,32.422,29.454
1o7j.a,deposited,4,12,48,40.575,35.913,31.697
1o7j.a,deposited,4,13,52,39.953,32.558,44.765
1o7j.a,deposited,4,14,56,41.667,23.532,50.886
1o7j.a,deposited,4,15,60,35.623,13.334,52.318
1o7j.a,deposited,4,16,64,26.734,20.692,54.413
1o7j.a,deposited,4,17,68,25.95,25.973,51.817
1o7j.a,deposited,4,18,72,26.157,31.428,48.655
1o7j.a,deposited,4,19,76,27.394,36.33,44.884
1o7j.a,deposited,4,20,80,28.332,40.338,39.153
1o7j.a,deposited,4,21,84,30.667,35.063,33.108
1o7j.a,deposited,4,22,88,35.086,25.024,41.205
1o7j.a,deposited,4,23,92,36.359,13.584,43.543
1o7j.a,deposited,4,24,96,28.513,14.625,43.295
1o7j.a,deposited,4,25,100,23.992,18.546,43.156
1o7j.a,deposited,4,26,104,19.437,23.077,43.211
1o7j.a,deposited,4,27,108,21.788,31.944,37.652
1o7j.a,deposited,4,28,112,29.008,26.5,37.145
1o7j.a,deposited,4,29,116,38.421,17.308,39.944
1o7j.a,deposited,4,30,120,47.53,14.18,42.36
1o7j.a,deposited,4,31,124,53.062,10.718,36.246
1o7j.a,deposited,4,32,128,44.155,17.503,36.623
1o7j.a,deposited,4,33,132,41.062,22.096,34.439
1o7j.a,deposited,4,34,136,37.538,26.529,31.773
1o7j.a,deposited,4,35,140,33.477,30.152,29.065
1o7j.a,deposited,4,36,144,27.067,26.189,28.168
1o7j.a,deposited,4,37,148,22.392,23.159,35.28
1o7j.a,deposited,4,38,152,33.974,18.079,33.952
1o7j.a,deposited,4,39,156,33.277,14.382,29.752
1o7j.a,deposited,4,40,160,25.187,17.131,38.687
1o7j.a,deposited,4,41,164,28.396,9.814,40.165
1o7j.a,deposited,4,42,168,37.142,3.82,43.625
1o7j.a,deposited,4,43,172,37.14,7.216,33.999
1o7j.a,deposited,4,44,176,25.893,8.237,34.45
1o7j.a,deposited,4,45,180,24.847,9.532,29.753
1o7j.a,deposited,4,46,184,32.125,15.745,25.667
1o7j.a,deposited,4,47,188,39.545,21.365,21.887
1o7j.a,deposited,4,48,192,26.684,18.998,23.561
1o7j.a,deposited,4,49,196,18.521,17.324,31.408
1o7j.a,deposited,4,50,200,17.348,23.138,38.411
1o7j.a,deposited,4,51,204,14.289,25.64,41.369
1o7j.a,deposited,4,52,208,19.203,28.869,50.907
1o7j.a,deposited,4,53,212,23.438,28.852,57.672
1o7j.a,deposited,4,54,216,20.119,16.643,59.472
1o7j.a,deposited,4,55,220,21.385,3.669,56.426
1o7j.a,deposited,4,56,224,20.998,-9.277,54.807
1o7j.a,deposited,4,57,228,16.764,-2.221,63.582
1o7j.a,deposited,4,58,232,16.763,3.815,66.779
1o7j.a,deposited,4,59,236,17.666,9.42,69.048
1o7j.a,deposited,4,60,240,14.966,15.036,60.373
1o7j.a,deposited,4,61,244,17.736,4.153,52.977
1o7j.a,deposited,4,62,248,17.155,-3.761,45.112
1o7j.a,deposited,4,63,252,12.945,-3.432,53.217
1o7j.a,deposited,4,64,256,14.057,-2.157,58.486
1o7j.a,deposited,4,65,260,11.104,3.012,59.591
1o7j.a,deposited,4,66,264,7.672,7.957,60.979
1o7j.a,deposited,4,67,268,11.202,11.768,60.628
1o7j.a,deposited,4,68,272,13.847,4.763,50.144
1o7j.a,deposited,4,69,276,22.599,-0.961,43.523
1o7j.a,deposited,4,70,280,14.278,3.674,39.565
1o7j.a,deposited,4,71,284,4.822,0.978,46.715
1o7j.a,deposited,4,72,288,6.855,2.75,54.66
1o7j.a,deposited,4,73,292,13.783,8.25,45.495
1o7j.a,deposited,4,74,296,21.167,7.473,44.402
1o7j.a,deposited,4,75,300,18.751,11.704,47.662
1o7j.a,deposited,4,76,304,15.865,15.625,51.163
1o7j.a,deposited,4,77,308,13.004,19.845,54.581
1o7j.a,deposited,4,78,312,7.475,18.33,56.0
1o7j.a,deposited,4,79,316,5.157,17.662,48.477
1o7j.a,deposited,4,80,320,10.145,17.121,44.463
1o7j.a,deposited,4,81,324,14.405,17.609,40.605
1hfj.c,deposited,4,0,0,34.631,40.142,28.916
1hfj.c,deposited,4,1,4,26.612,41.003,38.399
1hfj.c,deposited,4,2,8,17.956,37.501,47.047
1hfj.c,deposited,4,3,12,7.224,34.105,44.947
1hfj.c,deposited,4,4,16,7.2,26.488,45.794
1hfj.c,deposited,4,5,20,2.973,22.025,39.33
1hfj.c,deposited,4,6,24,-1.948,30.06,44.831
1hfj.c,deposited,4,7,28,7.113,32.219,49.209
1hfj.c,deposited,4,8,32,17.798,29.728,47.985
1hfj.c,deposited,4,9,36,17.405,29.876,41.388
1hfj.c,deposited,4,10,40,18.639,29.046,34.577
1hfj.c,deposited,4,11,44,26.106,32.375,33.298
1hfj.c,deposited,4,12,48,29.703,36.545,35.902
1hfj.c,deposited,4,13,52,24.049,36.516,47.977
1hfj.c,deposited,4,14,56,14.016,34.938,52.356
1hfj.c,deposited,4,15,60,4.138,41.459,52.525
1hfj.c,deposited,4,16,64,11.408,49.728,56.487
1hfj.c,deposited,4,17,68,17.003,50.458,54.823
1hfj.c,deposited,4,18,72,22.976,50.313,52.427
1hfj.c,deposited,4,19,76,28.433,49.116,49.468
1hfj.c,deposited,4,20,80,33.419,48.296,44.472
1hfj.c,deposited,4,21,84,28.984,46.343,37.439
1hfj.c,deposited,4,22,88,17.501,41.998,43.406
1hfj.c,deposited,4,23,92,5.76,41.193,43.877
1hfj.c,deposited,4,24,96,7.081,48.953,44.199
1hfj.c,deposited,4,25,100,11.221,53.189,44.943
1hfj.c,deposited,4,26,104,15.857,57.52,45.952
1hfj.c,deposited,4,27,108,25.415,55.144,41.76
1hfj.c,deposited,4,28,112,20.022,48.148,40.083
1hfj.c,deposited,4,29,116,9.995,39.162,40.732
1hfj.c,deposited,4,30,120,5.857,29.852,42.136
1hfj.c,deposited,4,31,124,3.846,24.871,35.089
1hfj.c,deposited,4,32,128,10.496,33.329,37.149
1hfj.c,deposited,4,33,132,15.618,36.438,35.992
1hfj.c,deposited,4,34,136,20.618,39.912,34.354
1hfj.c,deposited,4,35,140,24.803,43.867,32.431
1hfj.c,deposited,4,36,144,21.183,50.732,31.282
1hfj.c,deposited,4,37,148,17.209,55.002,37.942
1hfj.c,deposited,4,38,152,11.96,43.846,35.143
1hfj.c,deposited,4,39,156,8.98,44.89,30.29
1hfj.c,deposited,4,40,160,10.615,52.315,40.131
1hfj.c,deposited,4,41,164,3.023,49.501,40.216
1hfj.c,deposited,4,42,168,-4.042,41.046,42.198
1hfj.c,deposited,4,43,172,1.074,41.105,33.23
1hfj.c,deposited,4,44,176,2.392,52.352,34.413
1hfj.c,deposited,4,45,180,4.499,53.56,29.941
1hfj.c,deposited,4,46,184,11.015,46.185,26.53
1hfj.c,deposited,4,47,188,17.18,39.021,23.611
1hfj.c,deposited,4,48,192,14.788,51.547,25.451
1hfj.c,deposited,4,49,196,12.037,59.471,33.298
1hfj.c,deposited,4,50,200,16.797,59.975,41.33
1hfj.c,deposited,4,51,204,18.865,62.64,44.939
1hfj.c,deposited,4,52,208,20.564,56.457,54.22
1hfj.c,deposited,4,53,212,19.161,53.223,61.763
1hfj.c,deposited,4,54,216,6.539,56.506,61.16
1hfj.c,deposited,4,55,220,-5.615,55.914,55.65
1hfj.c,deposited,4,56,224,-18.189,57.081,51.947
1hfj.c,deposited,4,57,228,-12.588,60.297,61.923
1hfj.c,deposited,4,58,232,-7.127,60.133,66.227
1hfj.c,deposited,4,59,236,-2.163,59.002,69.348
1hfj.c,deposited,4,60,240,5.032,61.666,61.93
1hfj.c,deposited,4,61,244,-4.378,59.811,52.664
1hfj.c,deposited,4,62,248,-10.883,61.141,43.327
1hfj.c,deposited,4,63,252,-11.9,64.758,51.79
1hfj.c,deposited,4,64,256,-11.697,63.439,57.138
1hfj.c,deposited,4,65,260,-6.652,66.131,59.239
1hfj.c,deposited,4,66,264,-2.027,69.2,61.748
1hfj.c,deposited,4,67,268,1.651,65.519,61.839
1hfj.c,deposited,4,68,272,-3.237,63.844,50.259
1hfj.c,deposited,4,69,276,-8.085,55.72,42.164
1hfj.c,deposited,4,70,280,-2.361,63.823,39.388
1hfj.c,deposited,4,71,284,-5.923,73.075,46.301
1hfj.c,deposited,4,72,288,-5.665,70.863,54.263
1hfj.c,deposited,4,73,292,1.152,63.905,46.086
1hfj.c,deposited,4,74,296,0.279,56.669,44.513
1hfj.c,deposited,4,75,300,3.949,58.602,48.507
1hfj.c,deposited,4,76,304,7.315,61.056,52.778
1hfj.c,deposited,4,77,308,11.087,63.607,57.034
1hfj.c,deposited,4,78,312,9.475,68.952,58.188
1hfj.c,deposited,4,79,316,10.239,71.842,50.932
1hfj.c,deposited,4,80,320,10.209,66.982,46.701
1hfj.c,deposited,4,81,324,11.089,62.987,42.719
4eca.b,deposited,4,0,0,0.554,79.111,37.875
4eca.b,deposited,4,1,4,4.58,75.601,49.138
4eca.b,deposited,4,2,8,14.219,71.664,56.866
4eca.b,deposited,4,3,12,20.884,75.212,51.946
4eca.b,deposited,4,4,16,34.304,78.142,52.211
4eca.b,deposited,4,5,20,36.775,72.364,48.501
4eca.b,deposited,4,6,24,28.039,73.181,56.563
4eca.b,deposited,4,7,28,20.846,79.741,53.737
4eca.b,deposited,4,8,32,17.231,82.823,49.706
4eca.b,deposited,4,9,36,18.323,81.874,44.099
4eca.b,deposited,4,10,40,10.726,79.078,39.831
4eca.b,deposited,4,11,44,4.786,78.352,40.238
4eca.b,deposited,4,12,48,8.592,79.351,51.294
4eca.b,deposited,4,13,52,13.404,73.688,60.613
4eca.b,deposited,4,14,56,19.293,65.525,57.983
4eca.b,deposited,4,15,60,14.119,63.082,64.307
4eca.b,deposited,4,16,64,8.656,64.177,61.142
4eca.b,deposited,4,17,68,3.277,65.489,58.519
4eca.b,deposited,4,18,72,-1.869,67.691,56.385
4eca.b,deposited,4,19,76,-6.131,72.945,51.31
4eca.b,deposited,4,20,80,1.742,71.105,45.903
4eca.b,deposited,4,21,84,13.965,70.82,50.875
4eca.b,deposited,4,22,88,21.452,61.771,54.555
4eca.b,deposited,4,23,92,13.536,58.125,55.763
4eca.b,deposited,4,24,96,7.574,58.773,57.008
4eca.b,deposited,4,25,100,1.317,59.733,57.502
4eca.b,deposited,4,26,104,-2.576,63.468,47.86
4eca.b,deposited,4,27,108,7.854,66.296,46.727
4eca.b,deposited,4,28,112,21.454,68.48,46.978
4eca.b,deposited,4,29,116,25.311,75.729,47.402
4eca.b,deposited,4,30,120,28.345,72.946,39.362
4eca.b,deposited,4,31,124,19.526,74.911,41.831
4eca.b,deposited,4,32,128,13.685,73.798,40.004
4eca.b,deposited,4,33,132,8.229,71.123,38.133
4eca.b,deposited,4,34,136,2.575,68.629,37.521
4eca.b,deposited,4,35,140,-0.905,63.758,42.471
4eca.b,deposited,4,36,144,5.387,61.374,48.642
4eca.b,deposited,4,37,148,16.85,64.24,42.422
4eca.b,deposited,4,38,152,10.983,61.19,40.202
4eca.b,deposited,4,39,156,9.196,54.049,49.721
4eca.b,deposited,4,40,160,20.857,56.976,48.842
4eca.b,deposited,4,41,164,28.758,61.463,47.267
4eca.b,deposited,4,42,168,22.905,58.726,44.156
4eca.b,deposited,4,43,172,16.852,50.182,44.011
4eca.b,deposited,4,44,176,11.716,55.506,39.485
4eca.b,deposited,4,45,180,12.01,64.922,33.941
4eca.b,deposited,4,46,184,7.957,67.592,31.471
4eca.b,deposited,4,47,188,5.284,55.151,33.701
4eca.b,deposited,4,48,192,1.383,49.774,44.264
4eca.b,deposited,4,49,196,-0.801,58.487,52.267
4eca.b,deposited,4,50,200,-4.35,53.9,58.764
4eca.b,deposited,4,51,204,-2.186,64.33,63.814
4eca.b,deposited,4,52,208,5.884,61.231,69.982
4eca.b,deposited,4,53,212,12.339,51.603,67.51
4eca.b,deposited,4,54,216,23.886,45.909,62.997
4eca.b,deposited,4,55,220,31.297,38.387,65.817
4eca.b,deposited,4,56,224,25.33,44.672,73.525
4eca.b,deposited,4,57,228,20.917,48.23,75.399
4eca.b,deposited,4,58,232,15.702,50.713,77.708
4eca.b,deposited,4,59,236,10.695,47.824,68.377
4eca.b,deposited,4,60,240,20.186,45.296,59.956
4eca.b,deposited,4,61,244,18.561,37.522,53.737
4eca.b,deposited,4,62,248,24.595,36.791,64.404
4eca.b,deposited,4,63,252,19.364,36.519,67.442
4eca.b,deposited,4,64,256,14.195,36.272,70.248
4eca.b,deposited,4,65,260,8.979,36.822,73.668
4eca.b,deposited,4,66,264,8.474,43.943,68.153
4eca.b,deposited,4,67,268,15.803,43.71,57.753
4eca.b,deposited,4,68,272,21.26,47.361,49.788
4eca.b,deposited,4,69,276,14.353,40.141,53.667
4eca.b,deposited,4,70,280,14.489,31.122,54.229
4eca.b,deposited,4,71,284,9.689,34.129,61.908
4eca.b,deposited,4,72,288,7.476,36.534,66.715
4eca.b,deposited,4,73,292,10.83,43.498,56.448
4eca.b,deposited,4,74,296,15.943,48.667,54.339
4eca.b,deposited,4,75,300,11.579,49.508,58.191
4eca.b,deposited,4,76,304,7.592,49.678,62.568
4eca.b,deposited,4,77,308,3.531,50.213,66.721
4eca.b,deposited,4,78,312,1.938,45.2,69.043
4eca.b,deposited,4,79,316,-0.61,42.272,62.563
4eca.b,deposited,4,80,320,1.314,45.872,57.792
4eca.b,deposited,4,81,324,2.586,49.37,53.264
4eca.c,deposited,4,0,0,-4.343,23.616,38.838
4eca.c,deposited,4,1,4,0.053,26.618,27.645
4eca.c,deposited,4,2,8,10.077,28.594,19.946
4eca.c,deposited,4,3,12,16.331,24.075,24.45
4eca.c,deposited,4,4,16,29.302,19.057,24.415
4eca.c,deposited,4,5,20,32.165,23.794,28.378
4eca.c,deposited,4,6,24,23.649,25.045,19.664
4eca.c,deposited,4,7,28,15.219,19.524,22.625
4eca.c,deposited,4,8,32,11.485,17.206,27.093
4eca.c,deposited,4,9,36,12.774,17.784,32.644
4eca.c,deposited,4,10,40,5.621,22.016,36.856
4eca.c,deposited,4,11,44,0.022,24.069,36.619
4eca.c,deposited,4,12,48,3.207,22.279,25.4
4eca.c,deposited,4,13,52,9.154,26.936,15.847
4eca.c,deposited,4,14,56,16.231,33.849,18.579
4eca.c,deposited,4,15,60,11.478,37.321,12.397
4eca.c,deposited,4,16,64,5.944,37.105,15.525
4eca.c,deposited,4,17,68,0.387,36.691,18.353
4eca.c,deposited,4,18,72,-5.023,35.5,20.64
4eca.c,deposited,4,19,76,-10.037,31.708,25.446
4eca.c,deposited,4,20,80,-2.054,31.748,30.836
4eca.c,deposited,4,21,84,10.053,29.689,25.805
4eca.c,deposited,4,22,88,19.098,37.104,22.057
4eca.c,deposited,4,23,92,11.974,42.391,20.844
4eca.c,deposited,4,24,96,5.893,42.924,19.917
4eca.c,deposited,4,25,100,-0.434,42.876,19.424
4eca.c,deposited,4,26,104,-4.861,39.806,28.901
4eca.c,deposited,4,27,108,5.126,35.147,30.096
4eca.c,deposited,4,28,112,18.039,30.524,29.527
4eca.c,deposited,4,29,116,20.346,22.758,29.164
4eca.c,deposited,4,30,120,23.907,24.924,37.322
4eca.c,deposited,4,31,124,14.79,24.518,34.887
4eca.c,deposited,4,32,128,9.451,26.72,36.602
4eca.c,deposited,4,33,132,4.609,30.334,38.535
4eca.c,deposited,4,34,136,-0.521,33.825,39.139
4eca.c,deposited,4,35,140,-3.063,39.338,34.269
4eca.c,deposited,4,36,144,3.359,40.637,28.058
4eca.c,deposited,4,37,148,14.154,35.545,34.238
4eca.c,deposited,4,38,152,9.007,39.512,36.538
4eca.c,deposited,4,39,156,8.473,47.129,27.052
4eca.c,deposited,4,40,160,19.395,42.1,27.731
4eca.c,deposited,4,41,164,26.412,35.952,29.354
4eca.c,deposited,4,42,168,21.248,39.84,32.312
4eca.c,deposited,4,43,172,16.771,49.456,32.723
4eca.c,deposited,4,44,176,10.825,45.298,37.283
4eca.c,deposited,4,45,180,9.491,35.802,42.791
4eca.c,deposited,4,46,184,5.292,33.793,45.234
4eca.c,deposited,4,47,188,4.632,46.446,43.119
4eca.c,deposited,4,48,192,1.56,52.634,32.569
4eca.c,deposited,4,49,196,-2.187,44.528,24.702
4eca.c,deposited,4,50,200,-4.971,49.51,18.214
4eca.c,deposited,4,51,204,-4.761,39.192,13.065
4eca.c,deposited,4,52,208,3.543,40.553,6.975
4eca.c,deposited,4,53,212,11.725,48.771,9.214
4eca.c,deposited,4,54,216,24.179,52.325,13.805
4eca.c,deposited,4,55,220,33.002,58.436,10.871
4eca.c,deposited,4,56,224,25.849,53.338,2.918
4eca.c,deposited,4,57,228,20.914,50.741,1.179
4eca.c,deposited,4,58,232,15.272,49.219,-1.137
4eca.c,deposited,4,59,236,10.797,52.989,8.166
4eca.c,deposited,4,60,240,20.709,53.644,16.73
4eca.c,deposited,4,61,244,20.816,61.482,23.066
4eca.c,deposited,4,62,248,26.614,61.108,12.239
4eca.c,deposited,4,63,252,21.645,62.471,9.217
4eca.c,deposited,4,64,256,16.446,63.721,6.462
4eca.c,deposited,4,65,260,11.046,64.322,3.617
4eca.c,deposited,4,66,264,9.269,56.975,8.541
4eca.c,deposited,4,67,268,16.635,56.01,19.06
4eca.c,deposited,4,68,272,21.631,51.381,26.801
4eca.c,deposited,4,69,276,16.037,59.729,23.13
4eca.c,deposited,4,70,280,17.639,68.514,22.552
4eca.c,deposited,4,71,284,12.41,66.578,14.678
4eca.c,deposited,4,72,288,9.782,64.812,10.325
4eca.c,deposited,4,73,292,11.739,57.198,20.411
4eca.c,deposited,4,74,296,16.054,51.237,22.229
4eca.c,deposited,4,75,300,11.674,51.171,18.444
4eca.c,deposited,4,76,304,7.42,51.708,14.207
4eca.c,deposited,4,77,308,3.314,52.081,10.197
4eca.c,deposited,4,78,312,2.739,57.006,7.685
4eca.c,deposited,4,79,316,1.078,60.38,14.217
4eca.c,deposited,4,80,320,2.051,56.501,19.111
4eca.c,deposited,4,81,324,2.816,52.881,23.672
4eca.d,deposited,4,0,0,46.845,19.064,37.644
4eca.d,deposited,4,1,4,42.932,22.652,48.916
4eca.d,deposited,4,2,8,33.504,26.376,56.559
4eca.d,deposited,4,3,12,26.796,22.832,51.826
4eca.d,deposited,4,4,16,13.331,19.96,51.876
4eca.d,deposited,4,5,20,10.848,25.904,48.144
4eca.d,deposited,4,6,24,19.426,25.121,56.664
4eca.d,deposited,4,7,28,26.802,18.565,53.465
4eca.d,deposited,4,8,32,30.107,15.127,49.649
4eca.d,deposited,4,9,36,29.134,16.308,43.825
4eca.d,deposited,4,10,40,36.59,19.017,39.673
4eca.d,deposited,4,11,44,42.504,19.9,39.843
4eca.d,deposited,4,12,48,39.081,18.932,51.131
4eca.d,deposited,4,13,52,34.042,24.534,60.69
4eca.d,deposited,4,14,56,28.417,32.732,58.042
4eca.d,deposited,4,15,60,33.572,35.037,63.943
4eca.d,deposited,4,16,64,39.093,34.018,60.797
4eca.d,deposited,4,17,68,44.41,32.583,58.387
4eca.d,deposited,4,18,72,49.603,30.288,56.021
4eca.d,deposited,4,19,76,53.693,25.292,51.117
4eca.d,deposited,4,20,80,46.017,27.307,45.776
4eca.d,deposited,4,21,84,33.556,27.412,50.792
4eca.d,deposited,4,22,88,26.114,36.415,54.463
4eca.d,deposited,4,23,92,34.188,40.207,55.661
4eca.d,deposited,4,24,96,40.164,39.702,56.638
4eca.d,deposited,4,25,100,46.293,38.484,57.056
4eca.d,deposited,4,26,104,50.245,34.563,47.589
4eca.d,deposited,4,27,108,39.427,31.914,46.426
4eca.d,deposited,4,28,112,25.967,29.52,46.67
4eca.d,deposited,4,29,116,22.355,22.444,47.122
4eca.d,deposited,4,30,120,19.168,25.31,39.083
4eca.d,deposited,4,31,124,28.185,23.368,41.679
4eca.d,deposited,4,32,128,33.822,24.539,39.721
4eca.d,deposited,4,33,132,39.184,27.144,37.803
4eca.d,deposited,4,34,136,44.825,29.62,37.422
4eca.d,deposited,4,35,140,48.232,34.658,42.182
4eca.d,deposited,4,36,144,42.116,36.943,48.459
4eca.d,deposited,4,37,148,30.762,33.989,42.244
4eca.d,deposited,4,38,152,36.524,37.1,40.086
4eca.d,deposited,4,39,156,38.52,44.192,49.445
4eca.d,deposited,4,40,160,26.724,41.267,48.842
4eca.d,deposited,4,41,164,18.746,36.607,47.201
4eca.d,deposited,4,42,168,24.433,39.452,44.314
4eca.d,deposited,4,43,172,30.663,47.983,43.908
4eca.d,deposited,4,44,176,35.655,42.75,39.203
4eca.d,deposited,4,45,180,35.227,33.492,33.741
4eca.d,deposited,4,46,184,39.366,30.742,31.296
4eca.d,deposited,4,47,188,42.051,43.175,33.35
4eca.d,deposited,4,48,192,45.976,48.479,44.046
4eca.d,deposited,4,49,196,48.489,39.798,51.947
4eca.d,deposited,4,50,200,52.026,44.217,58.534
4eca.d,deposited,4,51,204,49.926,33.746,63.533
4eca.d,deposited,4,52,208,41.921,36.966,69.873
4eca.d,deposited,4,53,212,35.3,46.405,67.409
4eca.d,deposited,4,54,216,24.014,52.23,62.817
4eca.d,deposited,4,55,220,16.319,59.767,65.757
4eca.d,deposited,4,56,224,22.537,53.464,73.684
4eca.d,deposited,4,57,228,27.071,49.874,75.357
4eca.d,deposited,4,58,232,32.066,47.303,77.678
4eca.d,deposited,4,59,236,37.175,50.331,68.25
4eca.d,deposited,4,60,240,27.694,53.019,59.871
4eca.d,deposited,4,61,244,28.921,60.711,53.64
4eca.d,deposited,4,62,248,23.329,61.485,64.405
4eca.d,deposited,4,63,252,28.225,61.791,67.292
4eca.d,deposited,4,64,256,33.454,62.237,70.094
4eca.d,deposited,4,65,260,38.561,61.522,73.482
4eca.d,deposited,4,66,264,39.355,54.194,67.836
4eca.d,deposited,4,67,268,31.931,54.667,57.694
4eca.d,deposited,4,68,272,26.393,50.953,49.93
4eca.d,deposited,4,69,276,33.167,58.058,53.637
4eca.d,deposited,4,70,280,33.057,66.858,54.341
4eca.d,deposited,4,71,284,38.126,64.067,61.836
4eca.d,deposited,4,72,288,40.374,61.912,66.261
4eca.d,deposited,4,73,292,36.786,54.562,56.341
4eca.d,deposited,4,74,296,31.588,49.532,54.232
4eca.d,deposited,4,75,300,36.018,48.824,58.182
4eca.d,deposited,4,76,304,40.279,48.572,62.446
4eca.d,deposited,4,77,308,44.321,47.947,66.499
4eca.d,deposited,4,78,312,45.829,52.891,68.813
4eca.d,deposited,4,79,316,48.321,56.015,62.21
4eca.d,deposited,4,80,320,46.274,52.242,57.558
4eca.d,deposited,4,81,324,44.965,48.674,52.955
1qd1.b,deposited,4,0,0,40.683,36.814,66.231
1qd1.b,deposited,4,1,4,34.214,47.063,60.949
1qd1.b,deposited,4,2,8,31.591,57.103,52.934
1qd1.b,deposited,4,3,12,27.535,57.667,43.675
1qd1.b,deposited,4,4,16,34.307,53.183,37.313
1qd1.b,deposited,4,5,20,38.199,51.391,41.673
1qd1.b,deposited,4,6,24,41.491,49.249,46.64
1qd1.b,deposited,4,7,28,44.225,45.111,50.775
1qd1.b,deposited,4,8,32,37.02,41.62,53.31
1qd1.b,deposited,4,9,36,28.999,48.688,48.468
1qd1.b,deposited,4,10,40,23.12,58.769,42.319
1qd1.b,deposited,4,11,44,27.39,59.038,47.798
1qd1.b,deposited,4,12,48,31.44,48.22,54.51
1qd1.b,deposited,4,13,52,41.91,43.075,62.031
1qd1.b,deposited,4,14,56,41.213,47.932,58.131
1qd1.b,deposited,4,15,60,40.785,52.672,54.467
1qd1.b,deposited,4,16,64,41.397,57.134,50.258
1qd1.b,deposited,4,17,68,42.183,61.327,45.917
1qd1.b,deposited,4,18,72,37.105,66.25,42.475
1qd1.b,deposited,4,19,76,30.481,67.446,43.551
1qd1.b,deposited,4,20,80,23.465,63.958,51.173
1qd1.b,deposited,4,21,84,35.106,65.57,51.819
1qd1.b,deposited,4,22,88,33.588,60.004,57.126
1qd1.b,deposited,4,23,92,33.614,49.945,64.93
1qd1.b,deposited,4,24,96,37.821,40.894,70.503
1qd1.b,deposited,4,25,100,39.649,52.335,72.874
1qd1.b,deposited,4,26,104,43.556,54.376,68.248
1qd1.b,deposited,4,27,108,46.402,56.317,63.251
1qd1.b,deposited,4,28,112,48.494,59.115,58.1
1qd1.b,deposited,4,29,116,50.078,61.816,52.899
1qd1.b,deposited,4,30,120,42.465,68.551,57.153
1qd1.b,deposited,4,31,124,34.52,62.447,65.879
1qd1.b,deposited,4,32,128,36.507,63.25,69.541
1qd1.b,deposited,4,33,132,31.766,69.828,69.946
1qd1.b,deposited,4,34,136,29.377,64.388,62.555
1qd1.b,deposited,4,35,140,29.814,68.919,58.694
1qd1.b,deposited,4,36,144,32.2,71.578,51.608
1qd1.b,deposited,4,37,148,37.355,77.944,53.136
1qd1.b,deposited,4,38,152,40.627,80.323,58.776
1qd1.b,deposited,4,39,156,38.146,74.723,63.388
1qd1.b,deposited,4,40,160,45.452,66.298,61.925
1qd1.b,deposited,4,41,164,44.398,74.419,54.204
1qd1.b,deposited,4,42,168,39.63,68.428,45.092
1qd1.b,deposited,4,43,172,37.714,64.169,56.184
1qd1.b,deposited,4,44,176,35.191,55.317,66.339
1qd1.b,deposited,4,45,180,25.048,52.773,63.41
1qd1.b,deposited,4,46,184,15.544,56.184,55.273
1qd1.b,deposited,4,47,188,4.993,60.943,49.232
1qd1.b,deposited,4,48,192,10.095,70.591,52.987
1qd1.b,deposited,4,49,196,9.925,69.237,59.022
1qd1.b,deposited,4,50,200,10.73,67.212,64.958
1qd1.b,deposited,4,51,204,19.101,67.842,68.287
1qd1.b,deposited,4,52,208,19.552,73.589,71.996
1qd1.b,deposited,4,53,212,13.657,66.689,69.174
1qd1.b,deposited,4,54,216,20.209,58.99,69.595
1qd1.b,deposited,4,55,220,17.184,65.343,57.574
1qd1.b,deposited,4,56,224,15.424,61.971,45.248
1qd1.b,deposited,4,57,228,10.712,60.455,42.533
1qd1.b,deposited,4,58,232,13.092,61.263,56.064
1qd1.b,deposited,4,59,236,20.174,55.499,64.514
1qd1.b,deposited,4,60,240,19.415,49.647,71.711
1qd1.b,deposited,4,61,244,14.074,50.877,63.83
1qd1.b,deposited,4,62,248,9.562,54.163,61.646
1qd1.b,deposited,4,63,252,4.535,57.374,60.255
1qd1.b,deposited,4,64,256,-0.244,60.843,59.206
1qd1.b,deposited,4,65,260,1.156,62.318,54.03
1qd1.b,deposited,4,66,264,8.158,51.745,53.12
1qd1.b,deposited,4,67,268,21.637,51.877,53.721
1qd1.b,deposited,4,68,272,23.09,43.903,63.005
1qd1.b,deposited,4,69,276,15.798,43.542,63.236
1qd1.b,deposited,4,70,280,10.165,42.035,65.369
1qd1.b,deposited,4,71,284,4.768,40.809,67.825
1qd1.b,deposited,4,72,288,-0.099,39.724,69.893
1qd1.b,deposited,4,73,292,9.832,31.218,67.127
1qd1.b,deposited,4,74,296,9.78,34.603,60.244
1qd1.b,deposited,4,75,300,7.634,40.197,59.534
1qd1.b,deposited,4,76,304,6.122,46.079,58.454
1qd1.b,deposited,4,77,308,11.742,45.846,50.097
1qd1.b,deposited,4,78,312,14.721,43.43,47.401
1qd1.b,deposited,4,79,316,21.868,36.901,53.857
1qd1.b,deposited,4,80,320,26.255,41.378,59.202
1qd1.b,deposited,4,81,324,30.348,37.016,58.833
1toh.a,deposited,4,0,0,62.727,49.237,15.756
1toh.a,deposited,4,1,4,68.605,46.154,25.766
1toh.a,deposited,4,2,8,73.055,41.148,34.182
1toh.a,deposited,4,3,12,79.603,44.515,30.329
1toh.a,deposited,4,4,16,88.83,74.421,32.049
1toh.a,deposited,4,5,20,91.939,69.832,39.167
1toh.a,deposited,4,6,24,98.87,66.503,36.792
1toh.a,deposited,4,7,28,96.961,60.579,36.854
1toh.a,deposited,4,8,32,94.483,54.969,37.44
1toh.a,deposited,4,9,36,89.39,49.836,37.356
1toh.a,deposited,4,10,40,85.867,45.435,35.397
1toh.a,deposited,4,11,44,84.289,40.121,40.151
1toh.a,deposited,4,12,48,90.034,48.278,46.439
1toh.a,deposited,4,13,52,95.94,59.001,49.882
1toh.a,deposited,4,14,56,90.787,60.987,52.793
1toh.a,deposited,4,15,60,86.321,64.014,55.871
1toh.a,deposited,4,16,64,81.343,66.191,58.517
1toh.a,deposited,4,17,68,75.639,68.183,60.248
1toh.a,deposited,4,18,72,67.075,68.318,60.036
1toh.a,deposited,4,19,76,64.015,59.348,57.409
1toh.a,deposited,4,20,80,68.204,55.013,58.811
1toh.a,deposited,4,21,84,73.092,51.183,58.959
1toh.a,deposited,4,22,88,77.953,47.751,59.295
1toh.a,deposited,4,23,92,83.228,57.435,59.195
1toh.a,deposited,4,24,96,86.752,56.527,52.414
1toh.a,deposited,4,25,100,83.137,46.242,47.382
1toh.a,deposited,4,26,104,77.928,43.552,49.755
1toh.a,deposited,4,27,108,72.066,41.89,51.534
1toh.a,deposited,4,28,112,71.276,46.272,44.848
1toh.a,deposited,4,29,116,82.657,50.847,39.194
1toh.a,deposited,4,30,120,78.785,59.749,33.53
1toh.a,deposited,4,31,124,69.979,54.431,28.25
1toh.a,deposited,4,32,128,69.377,49.776,31.765
1toh.a,deposited,4,33,132,69.076,44.865,37.271
1toh.a,deposited,4,34,136,76.968,52.371,38.135
1toh.a,deposited,4,35,140,87.534,58.654,42.417
1toh.a,deposited,4,36,144,91.022,68.63,47.247
1toh.a,deposited,4,37,148,82.418,71.727,49.093
1toh.a,deposited,4,38,152,80.71,65.702,38.315
1toh.a,deposited,4,39,156,81.421,61.389,47.883
1toh.a,deposited,4,40,160,76.708,59.861,50.782
1toh.a,deposited,4,41,164,71.88,55.326,51.806
1toh.a,deposited,4,42,168,65.461,51.348,51.723
1toh.a,deposited,4,43,172,65.305,50.63,45.785
1toh.a,deposited,4,44,176,64.738,49.721,39.533
1toh.a,deposited,4,45,180,62.71,48.536,34.005
1toh.a,deposited,4,46,184,63.998,49.147,24.784
1toh.a,deposited,4,47,188,62.53,60.356,23.444
1toh.a,deposited,4,48,192,61.767,61.779,29.64
1toh.a,deposited,4,49,196,61.837,61.958,35.976
1toh.a,deposited,4,50,200,63.347,62.247,42.021
1toh.a,deposited,4,51,204,63.479,64.857,44.795
1toh.a,deposited,4,52,208,56.999,63.29,56.072
1toh.a,deposited,4,53,212,59.353,68.784,53.778
1toh.a,deposited,4,54,216,67.578,63.351,46.087
1toh.a,deposited,4,55,220,72.069,64.967,50.071
1toh.a,deposited,4,56,224,74.338,74.554,49.873
1toh.a,deposited,4,57,228,68.235,75.971,49.591
1toh.a,deposited,4,58,232,61.421,79.66,50.75
1toh.a,deposited,4,59,236,58.035,73.085,45.008
1toh.a,deposited,4,60,240,53.696,63.941,38.853
1toh.a,deposited,4,61,244,58.396,66.192,35.735
1toh.a,deposited,4,62,248,63.589,71.647,31.653
1toh.a,deposited,4,63,252,75.388,74.514,37.109
1toh.a,deposited,4,64,256,64.62,76.742,40.982
1toh.a,deposited,4,65,260,57.566,66.62,46.377
1toh.a,deposited,4,66,264,57.662,56.542,48.266
1toh.a,deposited,4,67,268,56.12,54.398,42.954
1toh.a,deposited,4,68,272,54.103,52.815,37.228
1toh.a,deposited,4,69,276,51.743,51.934,31.574
1toh.a,deposited,4,70,280,55.193,49.331,23.791
1toh.a,deposited,4,71,284,59.435,43.269,31.245
1toh.a,deposited,4,72,288,65.634,38.066,40.856
1toh.a,deposited,4,73,292,67.606,38.416,34.168
1toh.a,deposited,4,74,296,56.433,39.377,28.486
1toh.a,deposited,4,75,300,52.501,32.044,27.51
1toh.a,deposited,4,76,304,54.883,31.521,33.162
1toh.a,deposited,4,77,308,55.753,32.066,40.179
1toh.a,deposited,4,78,312,54.114,32.646,46.369
1toh.a,deposited,4,79,316,51.305,33.061,52.277
1toh.a,deposited,4,80,320,48.34,32.065,57.636
1toh.a,deposited,4,81,324,46.418,30.225,63.184
1d9q.d,deposited,4,0,0,-13.499,-20.165,18.17
1d9q.d,deposited,4,1,4,-8.466,-15.677,6.923
1d9q.d,deposited,4,2,8,-8.113,-20.615,3.515
1d9q.d,deposited,4,3,12,-7.431,-26.228,0.845
1d9q.d,deposited,4,4,16,-12.026,-26.763,-2.525
1d9q.d,deposited,4,5,20,-1.563,-21.827,-5.507
1d9q.d,deposited,4,6,24,-3.081,-15.635,-4.403
1d9q.d,deposited,4,7,28,-4.557,-10.12,-2.138
1d9q.d,deposited,4,8,32,-5.737,-4.723,1.128
1d9q.d,deposited,4,9,36,-6.394,0.461,4.049
1d9q.d,deposited,4,10,40,-6.474,6.195,6.662
1d9q.d,deposited,4,11,44,-1.262,13.303,6.523
1d9q.d,deposited,4,12,48,4.295,16.101,2.725
1d9q.d,deposited,4,13,52,-6.496,9.357,-8.385
1d9q.d,deposited,4,14,56,-1.688,4.343,-8.757
1d9q.d,deposited,4,15,60,1.868,-0.809,-7.033
1d9q.d,deposited,4,16,64,4.437,-6.187,-5.033
1d9q.d,deposited,4,17,68,5.415,-14.522,-6.114
1d9q.d,deposited,4,18,72,0.964,-7.781,-13.349
1d9q.d,deposited,4,19,76,-4.863,2.557,-18.2
1d9q.d,deposited,4,20,80,-12.242,9.626,-15.49
1d9q.d,deposited,4,21,84,-7.108,-1.591,-13.359
1d9q.d,deposited,4,22,88,-1.293,-13.248,-14.637
1d9q.d,deposited,4,23,92,-0.84,-19.744,-16.47
1d9q.d,deposited,4,24,96,-6.565,-11.653,-11.176
1d9q.d,deposited,4,25,100,-7.619,-0.8,-6.521
1d9q.d,deposited,4,26,104,-11.456,8.661,-8.631
1d9q.d,deposited,4,27,108,-17.462,9.937,-3.272
1d9q.d,deposited,4,28,112,-15.632,5.058,2.335
1d9q.d,deposited,4,29,116,-12.739,-5.112,-6.026
1d9q.d,deposited,4,30,120,-10.361,-16.263,-13.604
1d9q.d,deposited,4,31,124,-4.816,-18.889,-22.997
1d9q.d,deposited,4,32,128,4.33,-10.616,-21.889
1d9q.d,deposited,4,33,132,0.658,-0.748,-19.243
1d9q.d,deposited,4,34,136,-3.073,-6.694,-28.414
1d9q.d,deposited,4,35,140,-6.584,-10.811,-25.164
1d9q.d,deposited,4,36,144,-9.732,-14.65,-21.915
1d9q.d,deposited,4,37,148,-20.114,-16.239,-17.347
1d9q.d,deposited,4,38,152,-13.65,-18.799,-9.999
1d9q.d,deposited,4,39,156,-13.948,-6.821,-2.263
1d9q.d,deposited,4,40,160,-14.743,2.613,6.113
1d9q.d,deposited,4,41,164,-14.226,-5.536,5.767
1d9q.d,deposited,4,42,168,-16.697,-16.042,-2.339
1d9q.d,deposited,4,43,172,-21.296,-18.943,-0.302
1d9q.d,deposited,4,44,176,-13.84,-11.083,7.427
1d9q.d,deposited,4,45,180,-6.68,-3.221,14.049
1d9q.d,deposited,4,46,184,-5.348,-10.052,10.941
1d9q.d,deposited,4,47,188,-17.214,-12.659,11.517
1d9q.d,deposited,4,48,192,-24.131,-14.456,4.307
1d9q.d,deposited,4,49,196,-35.265,-11.31,-0.266
1d9q.d,deposited,4,50,200,-34.406,0.794,0.766
1d9q.d,deposited,4,51,204,-28.498,9.335,-7.381
1d9q.d,deposited,4,52,208,-33.922,12.14,-12.137
1d9q.d,deposited,4,53,212,-36.239,7.387,-18.995
1d9q.d,deposited,4,54,216,-38.95,7.746,-13.317
1d9q.d,deposited,4,55,220,-41.861,7.817,-8.133
1d9q.d,deposited,4,56,224,-45.802,6.157,-2.175
1d9q.d,deposited,4,57,228,-48.77,1.044,6.42
1d9q.d,deposited,4,58,232,-38.984,3.432,1.027
1d9q.d,deposited,4,59,236,-26.727,6.799,-1.402
1d9q.d,deposited,4,60,240,-19.873,1.654,-5.029
1d9q.d,deposited,4,61,244,-23.149,-2.394,-2.283
1d9q.d,deposited,4,62,248,-25.738,-6.932,0.944
1d9q.d,deposited,4,63,252,-32.792,-3.336,-0.827
1d9q.d,deposited,4,64,256,-26.697,2.943,-11.632
1d9q.d,deposited,4,65,260,-29.184,11.073,-21.253
1d9q.d,deposited,4,66,264,-24.69,2.78,-21.488
1d9q.d,deposited,4,67,268,-17.609,-1.096,-16.122
1d9q.d,deposited,4,68,272,-16.955,-3.735,-11.368
1d9q.d,deposited,4,69,276,-20.356,-7.692,-7.637
1d9q.d,deposited,4,70,280,-24.681,-11.059,-4.874
1d9q.d,deposited,4,71,284,-28.999,-15.24,-2.778
1d9q.d,deposited,4,72,288,-29.249,-7.237,-13.559
1d9q.d,deposited,4,73,292,-31.044,-9.475,-18.214
1d9q.d,deposited,4,74,296,-24.759,-13.589,-19.03
1d9q.d,deposited,4,75,300,-16.372,-7.12,-26.136
1d9q.d,deposited,4,76,304,-17.412,-1.711,-21.857
1d9q.d,deposited,4,77,308,-26.709,-1.916,-12.976
1d9q.d,deposited,4,78,312,-32.58,-8.188,-3.1
1d9q.d,deposited,4,79,316,-34.501,-6.201,-8.652
1d9q.d,deposited,4,80,320,-37.248,-5.124,-14.214
1d9q.d,deposited,4,81,324,-39.834,-4.157,-19.774
1o7j.a,aligned,4,0,0,36.574,39.355,23.921
1o7j.a,aligned,4,1,4,36.02,33.093,34.72
1o7j.a,aligned,4,2,8,39.19,26.365,44.844
1o7j.a,aligned,4,3,12,43.405,15.515,44.851
1o7j.a,aligned,4,4,16,51.246,16.97,45.956
1o7j.a,aligned,4,5,20,55.634,10.834,40.685
1o7j.a,aligned,4,6,24,47.422,6.496,46.48
1o7j.a,aligned,4,7,28,44.622,16.119,48.996
1o7j.a,aligned,4,8,32,47.0,26.917,46.08
1o7j.a,aligned,4,9,36,46.93,25.072,39.671
1o7j.a,aligned,4,10,40,48.375,25.288,32.672
1o7j.a,aligned,4,11,44,44.952,32.422,29.454
1o7j.a,aligned,4,12,48,40.575,35.913,31.697
1o7j.a,aligned,4,13,52,39.953,32.558,44.765
1o7j.a,aligned,4,14,56,41.667,23.532,50.886
1o7j.a,aligned,4,15,60,35.623,13.334,52.318
1o7j.a,aligned,4,16,64,26.734,20.692,54.413
1o7j.a,aligned,4,17,68,25.95,25.973,51.817
1o7j.a,aligned,4,18,72,26.157,31.428,48.655
1o7j.a,aligned,4,19,76,27.394,36.33,44.884
1o7j.a,aligned,4,20,80,28.332,40.338,39.153
1o7j.a,aligned,4,21,84,30.667,35.063,33.108
1o7j.a,aligned,4,22,88,35.086,25.024,41.205
1o7j.a,aligned,4,23,92,36.359,13.584,43.543
1o7j.a,aligned,4,24,96,28.513,14.625,43.295
1o7j.a,aligned,4,25,100,23.992,18.546,43.156
1o7j.a,aligned,4,26,104,19.437,23.077,43.211
1o7j.a,aligned,4,27,108,21.788,31.944,37.652
1o7j.a,aligned,4,28,112,29.008,26.5,37.145
1o7j.a,aligned,4,29,116,38.421,17.308,39.944
1o7j.a,aligned,4,30,120,47.53,14.18,42.36
1o7j.a,aligned,4,31,124,53.062,10.718,36.246
1o7j.a,aligned,4,32,128,44.155,17.503,36.623
1o7j.a,aligned,4,33,132,41.062,22.096,34.439
1o7j.a,aligned,4,34,136,37.538,26.529,31.773
1o7j.a,aligned,4,35,140,33.477,30.152,29.065
1o7j.a,aligned,4,36,144,27.067,26.189,28.168
1o7j.a,aligned,4,37,148,22.392,23.159,35.28
1o7j.a,aligned,4,38,152,33.974,18.079,33.952
1o7j.a,aligned,4,39,156,33.277,14.382,29.752
1o7j.a,aligned,4,40,160,25.187,17.131,38.687
1o7j.a,aligned,4,41,164,28.396,9.814,40.165
1o7j.a,aligned,4,42,168,37.142,3.82,43.625
1o7j.a,aligned,4,43,172,37.14,7.216,33.999
1o7j.a,aligned,4,44,176,25.893,8.237,34.45
1o7j.a,aligned,4,45,180,24.847,9.532,29.753
1o7j.a,aligned,4,46,184,32.125,15.745,25.667
1o7j.a,aligned,4,47,188,39.545,21.365,21.887
1o7j.a,aligned,4,48,192,26.684,18.998,23.561
1o7j.a,aligned,4,49,196,18.521,17.324,31.408
1o7j.a,aligned,4,50,200,17.348,23.138,38.411
1o7j.a,aligned,4,51,204,14.289,25.64,41.369
1o7j.a,aligned,4,52,208,19.203,28.869,50.907
1o7j.a,aligned,4,53,212,23.438,28.852,57.672
1o7j.a,aligned,4,54,216,20.119,16.643,59.472
1o7j.a,aligned,4,55,220,21.385,3.669,56.426
1o7j.a,aligned,4,56,224,20.998,-9.277,54.807
1o7j.a,aligned,4,57,228,16.764,-2.221,63.582
1o7j.a,aligned,4,58,232,16.763,3.815,66.779
1o7j.a,aligned,4,59,236,17.666,9.42,69.048
1o7j.a,aligned,4,60,240,14.966,15.036,60.373
1o7j.a,aligned,4,61,244,17.736,4.153,52.977
1o7j.a,aligned,4,62,248,17.155,-3.761,45.112
1o7j.a,aligned,4,63,252,12.945,-3.432,53.217
1o7j.a,aligned,4,64,256,14.057,-2.157,58.486
1o7j.a,aligned,4,65,260,11.104,3.012,59.591
1o7j.a,aligned,4,66,264,7.672,7.957,60.979
1o7j.a,aligned,4,67,268,11.202,11.768,60.628
1o7j.a,aligned,4,68,272,13.847,4.763,50.144
1o7j.a,aligned,4,69,276,22.599,-0.961,43.523
1o7j.a,aligned,4,70,280,14.278,3.674,39.565
1o7j.a,aligned,4,71,284,4.822,0.978,46.715
1o7j.a,aligned,4,72,288,6.855,2.75,54.66
1o7j.a,aligned,4,73,292,13.783,8.25,45.495
1o7j.a,aligned,4,74,296,21.167,7.473,44.402
1o7j.a,aligned,4,75,300,18.751,11.704,47.662
1o7j.a,aligned,4,76,304,15.865,15.625,51.163
1o7j.a,aligned,4,77,308,13.004,19.845,54.581
1o7j.a,aligned,4,78,312,7.475,18.33,56.0
1o7j.a,aligned,4,79,316,5.157,17.662,48.477
1o7j.a,aligned,4,80,320,10.145,17.121,44.463
1o7j.a,aligned,4,81,324,14.405,17.609,40.605
1hfj.c,aligned,4,0,0,37.05,39.489,23.949
1hfj.c,aligned,4,1,4,35.977,33.187,34.631
1hfj.c,aligned,4,2,8,39.33,26.328,44.814
1hfj.c,aligned,4,3,12,43.263,15.574,44.783
1hfj.c,aligned,4,4,16,50.815,16.069,45.989
1hfj.c,aligned,4,5,20,55.799,11.017,40.584
1hfj.c,aligned,4,6,24,47.67,6.728,46.462
1hfj.c,aligned,4,7,28,44.909,16.289,49.085
1hfj.c,aligned,4,8,32,47.038,26.714,46.141
1hfj.c,aligned,4,9,36,47.277,25.186,39.714
1hfj.c,aligned,4,10,40,48.438,25.271,32.84
1hfj.c,aligned,4,11,44,44.892,32.235,30.12
1hfj.c,aligned,4,12,48,40.442,36.017,31.853
1hfj.c,aligned,4,13,52,40.017,32.531,44.715
1hfj.c,aligned,4,14,56,41.745,23.489,50.846
1hfj.c,aligned,4,15,60,35.623,13.48,52.417
1hfj.c,aligned,4,16,64,26.862,20.909,54.646
1hfj.c,aligned,4,17,68,26.004,26.092,52.0
1hfj.c,aligned,4,18,72,26.046,31.564,48.61
1hfj.c,aligned,4,19,76,27.189,36.484,44.807
1hfj.c,aligned,4,20,80,28.089,40.571,39.065
1hfj.c,aligned,4,21,84,30.61,35.094,33.015
1hfj.c,aligned,4,22,88,35.066,25.034,41.094
1hfj.c,aligned,4,23,92,36.31,13.603,43.642
1hfj.c,aligned,4,24,96,28.498,14.578,43.352
1hfj.c,aligned,4,25,100,24.065,18.572,43.157
1hfj.c,aligned,4,26,104,19.503,23.094,43.132
1hfj.c,aligned,4,27,108,21.729,31.894,37.46
1hfj.c,aligned,4,28,112,29.017,26.643,37.089
1hfj.c,aligned,4,29,116,38.345,17.328,39.909
1hfj.c,aligned,4,30,120,47.718,13.954,42.462
1hfj.c,aligned,4,31,124,53.164,11.008,36.123
1hfj.c,aligned,4,32,128,44.345,17.491,36.581
1hfj.c,aligned,4,33,132,41.105,22.18,34.4
1hfj.c,aligned,4,34,136,37.532,26.648,31.75
1hfj.c,aligned,4,35,140,33.528,30.241,28.938
1hfj.c,aligned,4,36,144,26.888,26.146,28.105
1hfj.c,aligned,4,37,148,22.412,23.171,35.141
1hfj.c,aligned,4,38,152,33.908,18.072,33.843
1hfj.c,aligned,4,39,156,33.258,14.255,29.539
1hfj.c,aligned,4,40,160,25.232,17.191,38.573
1hfj.c,aligned,4,41,164,28.337,9.874,40.115
1hfj.c,aligned,4,42,168,36.942,3.677,43.705
1hfj.c,aligned,4,43,172,37.183,7.167,33.991
1hfj.c,aligned,4,44,176,25.844,8.116,34.38
1hfj.c,aligned,4,45,180,24.806,9.362,29.556
1hfj.c,aligned,4,46,184,32.096,15.548,25.423
1hfj.c,aligned,4,47,188,39.162,21.462,21.826
1hfj.c,aligned,4,48,192,26.657,18.812,23.445
1hfj.c,aligned,4,49,196,18.42,17.066,31.258
1hfj.c,aligned,4,50,200,17.277,23.105,38.304
1hfj.c,aligned,4,51,204,14.333,25.629,41.364
1hfj.c,aligned,4,52,208,19.912,29.198,50.496
1hfj.c,aligned,4,53,212,22.77,29.273,58.315
1hfj.c,aligned,4,54,216,20.031,16.589,59.762
1hfj.c,aligned,4,55,220,21.415,3.713,56.489
1hfj.c,aligned,4,56,224,20.96,-9.352,54.98
1hfj.c,aligned,4,57,228,16.968,-2.284,63.66
1hfj.c,aligned,4,58,232,16.672,3.837,66.95
1hfj.c,aligned,4,59,236,17.427,9.312,69.21
1hfj.c,aligned,4,60,240,14.9,14.986,60.532
1hfj.c,aligned,4,61,244,17.646,4.226,53.147
1hfj.c,aligned,4,62,248,17.103,-3.844,45.033
1hfj.c,aligned,4,63,252,13.06,-3.567,53.358
1hfj.c,aligned,4,64,256,14.067,-2.384,58.647
1hfj.c,aligned,4,65,260,11.062,2.809,59.704
1hfj.c,aligned,4,66,264,7.675,7.641,61.217
1hfj.c,aligned,4,67,268,11.196,11.455,60.844
1hfj.c,aligned,4,68,272,13.712,4.738,50.388
1hfj.c,aligned,4,69,276,22.465,-1.025,43.665
1hfj.c,aligned,4,70,280,14.31,3.733,39.544
1hfj.c,aligned,4,71,284,4.833,0.963,46.516
1hfj.c,aligned,4,72,288,6.582,2.694,54.409
1hfj.c,aligned,4,73,292,13.711,8.336,45.516
1hfj.c,aligned,4,74,296,21.053,7.561,44.472
1hfj.c,aligned,4,75,300,18.754,11.764,47.667
1hfj.c,aligned,4,76,304,15.932,15.69,51.162
1hfj.c,aligned,4,77,308,12.998,20.008,54.568
1hfj.c,aligned,4,78,312,7.665,18.358,55.724
1hfj.c,aligned,4,79,316,5.159,17.721,48.315
1hfj.c,aligned,4,80,320,10.247,17.203,44.394
1hfj.c,aligned,4,81,324,14.421,17.58,40.518
4eca.b,aligned,4,0,0,38.748,36.331,26.245
4eca.b,aligned,4,1,4,36.101,33.038,37.972
4eca.b,aligned,4,2,8,37.55,24.826,47.902
4eca.b,aligned,4,3,12,45.556,21.606,45.306
4eca.b,aligned,4,4,16,56.203,14.041,49.569
4eca.b,aligned,4,5,20,54.409,7.716,46.402
4eca.b,aligned,4,6,24,47.548,15.92,51.657
4eca.b,aligned,4,7,28,48.436,25.012,47.264
4eca.b,aligned,4,8,32,49.336,28.981,42.547
4eca.b,aligned,4,9,36,50.65,26.581,37.443
4eca.b,aligned,4,10,40,44.753,29.376,31.027
4eca.b,aligned,4,11,44,40.336,33.203,29.674
4eca.b,aligned,4,12,48,40.907,33.084,41.395
4eca.b,aligned,4,13,52,37.637,27.432,51.367
4eca.b,aligned,4,14,56,36.02,17.236,50.078
4eca.b,aligned,4,15,60,29.446,20.383,54.507
4eca.b,aligned,4,16,64,27.507,24.479,49.976
4eca.b,aligned,4,17,68,25.653,28.756,46.001
4eca.b,aligned,4,18,72,24.487,33.555,42.61
4eca.b,aligned,4,19,76,26.813,39.276,36.832
4eca.b,aligned,4,20,80,31.75,31.459,33.812
4eca.b,aligned,4,21,84,38.172,23.393,42.052
4eca.b,aligned,4,22,88,35.445,12.554,47.206
4eca.b,aligned,4,23,92,27.439,15.955,45.888
4eca.b,aligned,4,24,96,23.82,20.874,45.408
4eca.b,aligned,4,25,100,20.418,26.083,44.142
4eca.b,aligned,4,26,104,22.935,29.716,34.016
4eca.b,aligned,4,27,108,31.927,23.976,36.079
4eca.b,aligned,4,28,112,42.144,15.775,40.338
4eca.b,aligned,4,29,116,49.824,18.0,42.257
4eca.b,aligned,4,30,120,51.6,12.545,35.279
4eca.b,aligned,4,31,124,46.839,20.611,35.226
4eca.b,aligned,4,32,128,42.725,23.716,31.742
4eca.b,aligned,4,33,132,37.721,25.48,28.239
4eca.b,aligned,4,34,136,32.429,27.727,25.894
4eca.b,aligned,4,35,140,25.476,27.779,29.356
4eca.b,aligned,4,36,144,26.294,22.741,36.926
4eca.b,aligned,4,37,148,37.164,15.402,34.423
4eca.b,aligned,4,38,152,31.705,17.145,30.447
4eca.b,aligned,4,39,156,23.095,15.246,38.636
4eca.b,aligned,4,40,160,32.886,8.737,41.301
4eca.b,aligned,4,41,164,41.586,5.852,42.311
4eca.b,aligned,4,42,168,36.574,7.642,37.504
4eca.b,aligned,4,43,172,26.479,6.159,35.15
4eca.b,aligned,4,44,176,28.17,12.648,29.65
4eca.b,aligned,4,45,180,36.565,17.847,24.963
4eca.b,aligned,4,46,184,36.518,22.123,21.59
4eca.b,aligned,4,47,188,25.162,15.999,22.256
4eca.b,aligned,4,48,192,16.254,16.987,30.938
4eca.b,aligned,4,49,196,19.379,25.842,38.458
4eca.b,aligned,4,50,200,12.228,26.405,43.397
4eca.b,aligned,4,51,204,20.078,32.8,49.435
4eca.b,aligned,4,52,208,21.506,26.006,57.471
4eca.b,aligned,4,53,212,19.138,14.441,56.413
4eca.b,aligned,4,54,216,23.381,1.544,55.083
4eca.b,aligned,4,55,220,21.928,-8.357,59.478
4eca.b,aligned,4,56,224,20.928,1.508,65.496
4eca.b,aligned,4,57,228,20.285,7.399,66.225
4eca.b,aligned,4,58,232,18.24,13.211,67.079
4eca.b,aligned,4,59,236,15.113,13.209,56.558
4eca.b,aligned,4,60,240,21.284,3.245,51.08
4eca.b,aligned,4,61,244,16.001,-1.941,44.228
4eca.b,aligned,4,62,248,16.814,-4.892,56.117
4eca.b,aligned,4,63,252,12.566,-0.807,57.509
4eca.b,aligned,4,64,256,8.431,3.211,58.698
4eca.b,aligned,4,65,260,4.707,7.908,60.506
4eca.b,aligned,4,66,264,10.902,12.13,55.488
4eca.b,aligned,4,67,268,17.841,4.921,47.628
4eca.b,aligned,4,68,272,25.867,2.104,41.779
4eca.b,aligned,4,69,276,15.255,2.829,43.103
4eca.b,aligned,4,70,280,8.593,-3.277,43.171
4eca.b,aligned,4,71,284,5.939,3.529,49.31
4eca.b,aligned,4,72,288,5.166,7.577,53.409
4eca.b,aligned,4,73,292,14.82,8.105,44.943
4eca.b,aligned,4,74,296,22.368,7.582,44.682
4eca.b,aligned,4,75,300,19.299,11.943,47.164
4eca.b,aligned,4,76,304,15.856,15.671,50.218
4eca.b,aligned,4,77,308,12.685,19.66,53.057
4eca.b,aligned,4,78,312,7.447,17.809,54.538
4eca.b,aligned,4,79,316,5.192,16.52,47.446
4eca.b,aligned,4,80,320,10.178,16.751,43.637
4eca.b,aligned,4,81,324,14.617,17.421,39.868
4eca.c,aligned,4,0,0,38.966,36.43,26.405
4eca.c,aligned,4,1,4,36.098,33.062,37.983
4eca.c,aligned,4,2,8,37.681,25.003,47.792
4eca.c,aligned,4,3,12,45.598,21.501,45.583
4eca.c,aligned,4,4,16,56.243,13.474,49.542
4eca.c,aligned,4,5,20,54.6,7.899,45.997
4eca.c,aligned,4,6,24,47.339,15.732,51.993
4eca.c,aligned,4,7,28,48.441,25.169,47.517
4eca.c,aligned,4,8,32,49.539,28.752,42.493
4eca.c,aligned,4,9,36,50.956,26.445,37.445
4eca.c,aligned,4,10,40,44.811,29.382,31.087
4eca.c,aligned,4,11,44,40.254,32.95,29.632
4eca.c,aligned,4,12,48,40.79,33.159,41.417
4eca.c,aligned,4,13,52,37.68,27.344,51.655
4eca.c,aligned,4,14,56,36.032,17.323,50.17
4eca.c,aligned,4,15,60,29.357,20.427,54.492
4eca.c,aligned,4,16,64,27.496,24.595,50.062
4eca.c,aligned,4,17,68,25.72,28.938,45.935
4eca.c,aligned,4,18,72,24.546,33.667,42.446
4eca.c,aligned,4,19,76,26.318,39.043,36.916
4eca.c,aligned,4,20,80,31.479,31.516,33.834
4eca.c,aligned,4,21,84,38.082,23.453,42.051
4eca.c,aligned,4,22,88,35.522,12.622,47.246
4eca.c,aligned,4,23,92,27.276,15.879,45.989
4eca.c,aligned,4,24,96,23.595,20.777,45.228
4eca.c,aligned,4,25,100,20.376,26.118,44.047
4eca.c,aligned,4,26,104,22.896,29.837,34.114
4eca.c,aligned,4,27,108,32.036,23.878,36.073
4eca.c,aligned,4,28,112,42.2,15.776,40.488
4eca.c,aligned,4,29,116,49.768,18.097,42.251
4eca.c,aligned,4,30,120,51.577,12.622,35.133
4eca.c,aligned,4,31,124,46.83,20.787,35.12
4eca.c,aligned,4,32,128,42.72,23.733,31.845
4eca.c,aligned,4,33,132,37.724,25.473,28.343
4eca.c,aligned,4,34,136,32.387,27.74,26.054
4eca.c,aligned,4,35,140,25.401,27.701,29.485
4eca.c,aligned,4,36,144,26.098,22.735,36.992
4eca.c,aligned,4,37,148,37.133,15.504,34.426
4eca.c,aligned,4,38,152,31.774,17.245,30.456
4eca.c,aligned,4,39,156,22.977,15.19,38.621
4eca.c,aligned,4,40,160,32.774,8.743,41.359
4eca.c,aligned,4,41,164,41.78,5.968,42.284
4eca.c,aligned,4,42,168,36.628,7.656,37.686
4eca.c,aligned,4,43,172,26.443,6.128,35.115
4eca.c,aligned,4,44,176,28.002,12.512,29.614
4eca.c,aligned,4,45,180,36.54,17.787,24.971
4eca.c,aligned,4,46,184,36.689,21.928,21.735
4eca.c,aligned,4,47,188,25.286,16.038,22.272
4eca.c,aligned,4,48,192,16.182,17.027,30.941
4eca.c,aligned,4,49,196,19.319,25.796,38.351
4eca.c,aligned,4,50,200,12.29,26.512,43.326
4eca.c,aligned,4,51,204,19.865,32.74,49.396
4eca.c,aligned,4,52,208,21.473,26.164,57.275
4eca.c,aligned,4,53,212,19.17,14.612,56.416
4eca.c,aligned,4,54,216,23.431,1.636,54.907
4eca.c,aligned,4,55,220,22.036,-8.448,59.399
4eca.c,aligned,4,56,224,20.942,1.537,65.684
4eca.c,aligned,4,57,228,20.267,7.304,66.329
4eca.c,aligned,4,58,232,18.209,13.175,67.23
4eca.c,aligned,4,59,236,14.939,13.291,56.738
4eca.c,aligned,4,60,240,21.264,3.307,51.054
4eca.c,aligned,4,61,244,16.193,-2.051,44.186
4eca.c,aligned,4,62,248,16.932,-4.829,56.132
4eca.c,aligned,4,63,252,12.633,-0.944,57.586
4eca.c,aligned,4,64,256,8.376,3.146,58.735
4eca.c,aligned,4,65,260,4.541,7.766,59.985
4eca.c,aligned,4,66,264,10.927,12.353,55.562
4eca.c,aligned,4,67,268,17.786,5.015,47.503
4eca.c,aligned,4,68,272,25.904,2.07,41.87
4eca.c,aligned,4,69,276,15.298,2.831,43.054
4eca.c,aligned,4,70,280,8.608,-3.112,43.112
4eca.c,aligned,4,71,284,5.841,3.572,49.497
4eca.c,aligned,4,72,288,5.025,7.423,53.167
4eca.c,aligned,4,73,292,14.663,8.2,44.799
4eca.c,aligned,4,74,296,22.213,7.526,44.808
4eca.c,aligned,4,75,300,19.23,11.818,47.297
4eca.c,aligned,4,76,304,15.703,15.758,50.19
4eca.c,aligned,4,77,308,12.438,19.626,52.922
4eca.c,aligned,4,78,312,7.458,17.88,54.667
4eca.c,aligned,4,79,316,5.29,16.347,47.613
4eca.c,aligned,4,80,320,10.133,16.803,43.578
4eca.c,aligned,4,81,324,14.58,17.348,39.78
4eca.d,aligned,4,0,0,38.801,36.362,26.351
4eca.d,aligned,4,1,4,36.076,33.0,38.035
4eca.d,aligned,4,2,8,37.622,24.996,47.767
4eca.d,aligned,4,3,12,45.608,21.814,45.306
4eca.d,aligned,4,4,16,56.325,14.134,49.271
4eca.d,aligned,4,5,20,54.424,7.704,46.035
4eca.d,aligned,4,6,24,47.535,15.79,51.861
4eca.d,aligned,4,7,28,48.35,24.985,47.127
4eca.d,aligned,4,8,32,49.632,29.049,42.751
4eca.d,aligned,4,9,36,50.736,26.584,37.369
4eca.d,aligned,4,10,40,44.935,29.392,31.154
4eca.d,aligned,4,11,44,40.461,33.054,29.618
4eca.d,aligned,4,12,48,40.755,33.136,41.45
4eca.d,aligned,4,13,52,37.672,27.317,51.686
4eca.d,aligned,4,14,56,35.883,17.29,50.23
4eca.d,aligned,4,15,60,29.53,20.396,54.317
4eca.d,aligned,4,16,64,27.466,24.516,49.824
4eca.d,aligned,4,17,68,25.668,28.894,46.118
4eca.d,aligned,4,18,72,24.569,33.775,42.539
4eca.d,aligned,4,19,76,26.741,39.276,36.994
4eca.d,aligned,4,20,80,31.416,31.529,33.892
4eca.d,aligned,4,21,84,38.162,23.373,42.163
4eca.d,aligned,4,22,88,35.488,12.549,47.223
4eca.d,aligned,4,23,92,27.262,15.954,45.901
4eca.d,aligned,4,24,96,23.579,20.735,45.204
4eca.d,aligned,4,25,100,20.448,26.018,43.97
4eca.d,aligned,4,26,104,22.975,29.933,34.025
4eca.d,aligned,4,27,108,32.113,23.795,36.078
4eca.d,aligned,4,28,112,42.432,15.827,40.2
4eca.d,aligned,4,29,116,49.823,18.117,42.056
4eca.d,aligned,4,30,120,51.623,12.557,35.067
4eca.d,aligned,4,31,124,46.67,20.758,35.16
4eca.d,aligned,4,32,128,42.653,23.673,31.645
4eca.d,aligned,4,33,132,37.754,25.425,28.16
4eca.d,aligned,4,34,136,32.415,27.719,26.079
4eca.d,aligned,4,35,140,25.444,27.53,29.396
4eca.d,aligned,4,36,144,26.238,22.645,36.982
4eca.d,aligned,4,37,148,37.11,15.491,34.359
4eca.d,aligned,4,38,152,31.64,17.146,30.502
4eca.d,aligned,4,39,156,23.005,15.318,38.501
4eca.d,aligned,4,40,160,32.843,8.76,41.379
4eca.d,aligned,4,41,164,41.745,5.939,42.301
4eca.d,aligned,4,42,168,36.685,7.6,37.783
4eca.d,aligned,4,43,172,26.541,6.203,35.157
4eca.d,aligned,4,44,176,28.263,12.544,29.565
4eca.d,aligned,4,45,180,36.578,17.611,24.993
4eca.d,aligned,4,46,184,36.506,22.033,21.659
4eca.d,aligned,4,47,188,25.206,15.861,22.148
4eca.d,aligned,4,48,192,16.337,16.849,30.997
4eca.d,aligned,4,49,196,19.259,25.849,38.383
4eca.d,aligned,4,50,200,12.236,26.477,43.453
4eca.d,aligned,4,51,204,20.094,32.908,49.447
4eca.d,aligned,4,52,208,21.399,26.048,57.564
4eca.d,aligned,4,53,212,19.297,14.496,56.488
4eca.d,aligned,4,54,216,23.322,1.705,54.885
4eca.d,aligned,4,55,220,22.052,-8.427,59.401
4eca.d,aligned,4,56,224,20.853,1.616,65.641
4eca.d,aligned,4,57,228,20.192,7.574,66.194
4eca.d,aligned,4,58,232,18.339,13.279,67.18
4eca.d,aligned,4,59,236,15.027,13.315,56.541
4eca.d,aligned,4,60,240,21.067,3.314,50.99
4eca.d,aligned,4,61,244,16.088,-2.061,44.221
4eca.d,aligned,4,62,248,16.616,-4.8,56.052
4eca.d,aligned,4,63,252,12.589,-1.024,57.439
4eca.d,aligned,4,64,256,8.265,2.881,58.643
4eca.d,aligned,4,65,260,4.735,7.584,60.512
4eca.d,aligned,4,66,264,10.897,12.185,55.31
4eca.d,aligned,4,67,268,17.649,4.867,47.626
4eca.d,aligned,4,68,272,25.71,2.133,41.943
4eca.d,aligned,4,69,276,15.311,2.777,43.193
4eca.d,aligned,4,70,280,8.775,-3.155,43.38
4eca.d,aligned,4,71,284,5.84,3.611,49.318
4eca.d,aligned,4,72,288,4.956,7.417,53.062
4eca.d,aligned,4,73,292,14.929,8.188,44.984
4eca.d,aligned,4,74,296,22.429,7.53,44.705
4eca.d,aligned,4,75,300,19.197,11.836,47.3
4eca.d,aligned,4,76,304,15.667,15.765,50.217
4eca.d,aligned,4,77,308,12.6,19.755,53.014
4eca.d,aligned,4,78,312,7.478,17.865,54.521
4eca.d,aligned,4,79,316,5.12,16.432,47.313
4eca.d,aligned,4,80,320,10.269,16.754,43.646
4eca.d,aligned,4,81,324,14.784,17.473,39.808
1qd1.b,aligned,4,0,0,29.447,37.534,59.14
1qd1.b,aligned,4,1,4,29.77,26.992,51.168
1qd1.b,aligned,4,2,8,34.675,17.555,43.501
1qd1.b,aligned,4,3,12,38.814,8.525,45.458
1qd1.b,aligned,4,4,16,47.711,10.455,50.312
1qd1.b,aligned,4,5,20,46.978,16.516,50.618
1qd1.b,aligned,4,6,24,45.367,22.611,51.208
1qd1.b,aligned,4,7,28,43.844,28.24,53.981
1qd1.b,aligned,4,8,32,36.87,25.437,57.727
1qd1.b,aligned,4,9,36,35.585,14.8,52.938
1qd1.b,aligned,4,10,40,36.931,4.172,45.24
1qd1.b,aligned,4,11,44,35.783,10.737,43.262
1qd1.b,aligned,4,12,48,32.738,20.565,51.783
1qd1.b,aligned,4,13,52,33.841,34.25,53.825
1qd1.b,aligned,4,14,56,36.614,30.087,50.048
1qd1.b,aligned,4,15,60,39.386,26.3,46.3
1qd1.b,aligned,4,16,64,43.237,22.989,42.806
1qd1.b,aligned,4,17,68,47.281,19.783,39.58
1qd1.b,aligned,4,18,72,46.779,12.701,36.194
1qd1.b,aligned,4,19,76,41.627,8.272,35.642
1qd1.b,aligned,4,20,80,31.033,8.867,38.268
1qd1.b,aligned,4,21,84,38.5,17.394,35.097
1qd1.b,aligned,4,22,88,33.148,21.01,39.538
1qd1.b,aligned,4,23,92,26.652,28.422,47.597
1qd1.b,aligned,4,24,96,24.686,37.215,54.632
1qd1.b,aligned,4,25,100,25.035,37.351,42.812
1qd1.b,aligned,4,26,104,31.223,36.752,41.336
1qd1.b,aligned,4,27,108,36.964,35.164,40.171
1qd1.b,aligned,4,28,112,42.377,32.724,38.305
1qd1.b,aligned,4,29,116,47.479,29.905,36.607
1qd1.b,aligned,4,30,120,39.74,25.475,30.133
1qd1.b,aligned,4,31,124,27.51,26.721,35.172
1qd1.b,aligned,4,32,128,26.208,30.328,33.356
1qd1.b,aligned,4,33,132,23.223,25.564,27.498
1qd1.b,aligned,4,34,136,26.651,20.375,34.657
1qd1.b,aligned,4,35,140,30.133,17.143,31.044
1qd1.b,aligned,4,36,144,37.159,13.71,29.691
1qd1.b,aligned,4,37,148,39.98,16.939,22.546
1qd1.b,aligned,4,38,152,38.203,22.377,18.616
1qd1.b,aligned,4,39,156,32.713,24.854,23.361
1qd1.b,aligned,4,40,160,38.06,31.25,30.911
1qd1.b,aligned,4,41,164,43.657,23.601,24.84
1qd1.b,aligned,4,42,168,46.713,15.704,33.203
1qd1.b,aligned,4,43,172,36.93,22.428,35.185
1qd1.b,aligned,4,44,176,27.081,29.199,41.893
1qd1.b,aligned,4,45,180,22.232,20.524,46.269
1qd1.b,aligned,4,46,184,22.1,7.561,45.916
1qd1.b,aligned,4,47,188,19.824,-5.142,43.94
1qd1.b,aligned,4,48,192,21.217,-1.304,33.145
1qd1.b,aligned,4,49,196,16.553,2.762,33.18
1qd1.b,aligned,4,50,200,12.567,7.636,33.763
1qd1.b,aligned,4,51,204,15.786,15.73,31.379
1qd1.b,aligned,4,52,208,13.792,17.071,24.959
1qd1.b,aligned,4,53,212,11.387,12.599,32.993
1qd1.b,aligned,4,54,216,14.895,19.48,39.53
1qd1.b,aligned,4,55,220,22.202,8.057,36.345
1qd1.b,aligned,4,56,224,29.845,-0.328,42.483
1qd1.b,aligned,4,57,228,28.565,-5.147,45.13
1qd1.b,aligned,4,58,232,20.255,5.072,41.138
1qd1.b,aligned,4,59,236,18.35,17.027,44.007
1qd1.b,aligned,4,60,240,12.094,22.477,48.223
1qd1.b,aligned,4,61,244,14.405,13.234,49.402
1qd1.b,aligned,4,62,248,13.232,7.761,47.259
1qd1.b,aligned,4,63,252,11.123,2.437,45.084
1qd1.b,aligned,4,64,256,8.949,-2.547,42.555
1qd1.b,aligned,4,65,260,13.815,-5.194,42.062
1qd1.b,aligned,4,66,264,18.387,1.845,51.612
1qd1.b,aligned,4,67,268,27.011,12.036,49.651
1qd1.b,aligned,4,68,272,20.541,20.943,55.193
1qd1.b,aligned,4,69,276,15.445,15.855,56.415
1qd1.b,aligned,4,70,280,9.974,13.469,58.127
1qd1.b,aligned,4,71,284,4.446,11.396,59.469
1qd1.b,aligned,4,72,288,-0.43,9.427,60.69
1qd1.b,aligned,4,73,292,7.635,16.923,68.267
1qd1.b,aligned,4,74,296,12.928,11.668,66.475
1qd1.b,aligned,4,75,300,12.433,8.318,61.482
1qd1.b,aligned,4,76,304,12.66,5.125,56.209
1qd1.b,aligned,4,77,308,22.575,3.925,57.521
1qd1.b,aligned,4,78,312,26.38,4.944,60.064
1qd1.b,aligned,4,79,316,25.929,15.85,64.095
1qd1.b,aligned,4,80,320,25.278,21.414,58.056
1qd1.b,aligned,4,81,324,27.969,25.201,61.842
1toh.a,aligned,4,0,0,21.492,40.856,57.815
1toh.a,aligned,4,1,4,24.176,35.329,47.496
1toh.a,aligned,4,2,8,25.007,31.999,37.302
1toh.a,aligned,4,3,12,32.819,34.069,39.239
1toh.a,aligned,4,4,16,53.075,16.786,55.775
1toh.a,aligned,4,5,20,53.043,14.084,47.167
1toh.a,aligned,4,6,24,58.276,18.85,43.337
1toh.a,aligned,4,7,28,54.135,21.937,39.864
1toh.a,aligned,4,8,32,49.535,24.344,36.546
1toh.a,aligned,4,9,36,42.86,26.664,35.015
1toh.a,aligned,4,10,40,38.157,30.293,34.44
1toh.a,aligned,4,11,44,33.919,29.284,28.579
1toh.a,aligned,4,12,48,41.563,20.304,28.442
1toh.a,aligned,4,13,52,50.785,12.174,31.695
1toh.a,aligned,4,14,56,46.539,7.986,33.538
1toh.a,aligned,4,15,60,43.313,3.159,35.747
1toh.a,aligned,4,16,64,39.339,-0.901,37.807
1toh.a,aligned,4,17,68,34.759,-4.213,40.555
1toh.a,aligned,4,18,72,27.107,-5.278,44.259
1toh.a,aligned,4,19,76,21.057,1.572,40.627
1toh.a,aligned,4,20,80,22.886,3.491,35.034
1toh.a,aligned,4,21,84,25.724,6.228,30.235
1toh.a,aligned,4,22,88,28.674,8.581,25.622
1toh.a,aligned,4,23,92,37.389,3.825,30.421
1toh.a,aligned,4,24,96,41.133,10.303,32.225
1toh.a,aligned,4,25,100,34.376,19.775,29.261
1toh.a,aligned,4,26,104,28.252,18.695,28.109
1toh.a,aligned,4,27,108,22.037,17.416,28.294
1toh.a,aligned,4,28,112,24.022,20.201,35.562
1toh.a,aligned,4,29,116,36.937,23.688,37.423
1toh.a,aligned,4,30,120,37.834,22.639,48.577
1toh.a,aligned,4,31,124,28.442,28.763,51.402
1toh.a,aligned,4,32,128,25.524,28.509,46.322
1toh.a,aligned,4,33,132,22.501,26.833,39.797
1toh.a,aligned,4,34,136,32.563,22.901,41.43
1toh.a,aligned,4,35,140,44.074,17.269,39.146
1toh.a,aligned,4,36,144,50.618,8.119,42.057
1toh.a,aligned,4,37,148,43.852,3.688,46.706
1toh.a,aligned,4,38,152,41.337,15.621,49.288
1toh.a,aligned,4,39,156,38.915,10.456,40.449
1toh.a,aligned,4,40,160,33.639,8.351,39.621
1toh.a,aligned,4,41,164,27.294,9.47,37.773
1toh.a,aligned,4,42,168,19.89,10.948,37.603
1toh.a,aligned,4,43,172,20.271,16.138,40.557
1toh.a,aligned,4,44,176,20.246,21.635,43.722
1toh.a,aligned,4,45,180,18.69,26.507,46.871
1toh.a,aligned,4,46,184,21.366,33.783,52.063
1toh.a,aligned,4,47,188,24.78,28.243,61.403
1toh.a,aligned,4,48,192,23.82,22.317,59.177
1toh.a,aligned,4,49,196,23.088,17.103,55.647
1toh.a,aligned,4,50,200,23.741,12.256,51.775
1toh.a,aligned,4,51,204,24.541,8.536,51.99
1toh.a,aligned,4,52,208,16.505,-0.557,47.054
1toh.a,aligned,4,53,212,21.179,-1.533,51.318
1toh.a,aligned,4,54,216,27.454,8.91,48.51
1toh.a,aligned,4,55,220,31.622,5.372,45.549
1toh.a,aligned,4,56,224,37.596,0.344,51.56
1toh.a,aligned,4,57,228,32.698,-1.067,55.214
1toh.a,aligned,4,58,232,27.883,-5.04,59.949
1toh.a,aligned,4,59,236,22.939,2.911,59.938
1toh.a,aligned,4,60,240,16.146,12.539,58.724
1toh.a,aligned,4,61,244,21.734,14.405,60.198
1toh.a,aligned,4,62,248,29.202,15.28,64.303
1toh.a,aligned,4,63,252,40.278,10.824,58.415
1toh.a,aligned,4,64,256,30.926,4.96,62.165
1toh.a,aligned,4,65,260,19.7,5.447,54.745
1toh.a,aligned,4,66,264,15.43,9.71,46.454
1toh.a,aligned,4,67,268,13.894,15.023,48.599
1toh.a,aligned,4,68,272,12.213,20.285,51.573
1toh.a,aligned,4,69,276,10.498,25.04,55.146
1toh.a,aligned,4,70,280,13.623,33.289,56.347
1toh.a,aligned,4,71,284,13.969,31.313,46.038
1toh.a,aligned,4,72,288,16.136,27.367,34.307
1toh.a,aligned,4,73,292,18.977,32.839,37.584
1toh.a,aligned,4,74,296,10.053,35.368,46.071
1toh.a,aligned,4,75,300,3.654,39.828,43.014
1toh.a,aligned,4,76,304,4.819,35.882,38.434
1toh.a,aligned,4,77,308,4.864,30.016,34.449
1toh.a,aligned,4,78,312,2.771,24.459,31.983
1toh.a,aligned,4,79,316,-0.407,19.067,30.038
1toh.a,aligned,4,80,320,-4.225,14.905,27.467
1toh.a,aligned,4,81,324,-7.469,11.216,23.763
1d9q.d,aligned,4,0,0,48.913,-3.154,42.396
1d9q.d,aligned,4,1,4,44.113,8.588,39.07
1d9q.d,aligned,4,2,8,42.699,7.896,33.27
1d9q.d,aligned,4,3,12,42.121,6.637,27.172
1d9q.d,aligned,4,4,16,36.605,5.253,26.526
1d9q.d,aligned,4,5,20,41.302,16.219,25.885
1d9q.d,aligned,4,6,24,40.126,18.117,31.958
1d9q.d,aligned,4,7,28,39.873,19.038,38.025
1d9q.d,aligned,4,8,32,40.538,19.54,44.388
1d9q.d,aligned,4,9,36,41.366,20.441,50.249
1d9q.d,aligned,4,10,40,42.316,22.178,56.231
1d9q.d,aligned,4,11,44,44.939,29.506,60.369
1d9q.d,aligned,4,12,48,45.883,36.622,59.102
1d9q.d,aligned,4,13,52,31.486,32.036,51.547
1d9q.d,aligned,4,14,56,35.343,32.478,45.774
1d9q.d,aligned,4,15,60,39.774,30.923,41.29
1d9q.d,aligned,4,16,64,43.725,28.47,37.06
1d9q.d,aligned,4,17,68,44.831,25.025,29.411
1d9q.d,aligned,4,18,72,35.743,29.871,32.807
1d9q.d,aligned,4,19,76,26.823,34.567,40.726
1d9q.d,aligned,4,20,80,22.465,32.387,50.108
1d9q.d,aligned,4,21,84,29.14,28.228,40.368
1d9q.d,aligned,4,22,88,34.009,26.092,28.407
1d9q.d,aligned,4,23,92,33.968,23.746,22.062
1d9q.d,aligned,4,24,96,32.427,21.786,33.019
1d9q.d,aligned,4,25,100,33.382,24.661,44.482
1d9q.d,aligned,4,26,104,27.887,28.648,52.394
1d9q.d,aligned,4,27,108,27.136,22.678,57.89
1d9q.d,aligned,4,28,112,32.98,18.092,56.042
1d9q.d,aligned,4,29,116,30.682,18.757,42.777
1d9q.d,aligned,4,30,120,28.693,18.128,29.246
1d9q.d,aligned,4,31,124,26.523,25.229,20.835
1d9q.d,aligned,4,32,128,32.641,35.019,25.312
1d9q.d,aligned,4,33,132,30.486,36.774,35.807
1d9q.d,aligned,4,34,136,22.335,36.047,27.658
1d9q.d,aligned,4,35,140,22.651,29.783,26.947
1d9q.d,aligned,4,36,144,23.186,23.904,26.351
1d9q.d,aligned,4,37,148,19.176,14.0,30.474
1d9q.d,aligned,4,38,152,29.193,12.695,29.932
1d9q.d,aligned,4,39,156,32.654,15.013,43.572
1d9q.d,aligned,4,40,160,36.556,15.255,55.593
1d9q.d,aligned,4,41,164,37.815,11.226,48.595
1d9q.d,aligned,4,42,168,31.926,8.178,36.838
1d9q.d,aligned,4,43,172,30.464,2.559,36.873
1d9q.d,aligned,4,44,176,40.003,7.483,44.738
1d9q.d,aligned,4,45,180,48.569,12.818,52.161
1d9q.d,aligned,4,46,184,48.32,11.527,44.653
1d9q.d,aligned,4,47,188,40.644,2.269,46.471
1d9q.d,aligned,4,48,192,31.004,0.786,43.653
1d9q.d,aligned,4,49,196,19.5,-2.028,47.463
1d9q.d,aligned,4,50,200,19.144,4.705,57.605
1d9q.d,aligned,4,51,204,16.541,17.588,58.826
1d9q.d,aligned,4,52,208,9.017,18.289,60.5
1d9q.d,aligned,4,53,212,3.301,17.873,54.009
1d9q.d,aligned,4,54,216,5.239,13.3,57.889
1d9q.d,aligned,4,55,220,6.734,8.708,61.356
1d9q.d,aligned,4,56,224,8.271,2.082,64.1
1d9q.d,aligned,4,57,228,12.797,-7.274,64.992
1d9q.d,aligned,4,58,232,15.703,3.143,61.308
1d9q.d,aligned,4,59,236,22.275,14.07,59.094
1d9q.d,aligned,4,60,240,25.36,17.486,51.006
1d9q.d,aligned,4,61,244,25.486,11.681,50.035
1d9q.d,aligned,4,62,248,26.5,5.777,48.683
1d9q.d,aligned,4,63,252,19.765,4.281,52.954
1d9q.d,aligned,4,64,256,15.777,17.453,50.979
1d9q.d,aligned,4,65,260,6.248,25.6,53.75
1d9q.d,aligned,4,66,264,10.43,23.942,45.456
1d9q.d,aligned,4,67,268,19.701,23.362,42.687
1d9q.d,aligned,4,68,272,23.81,19.741,42.624
1d9q.d,aligned,4,69,276,24.514,13.377,42.243
1d9q.d,aligned,4,70,280,23.812,7.28,42.163
1d9q.d,aligned,4,71,284,22.767,1.093,41.091
1d9q.d,aligned,4,72,288,14.046,11.206,42.504
1d9q.d,aligned,4,73,292,9.871,11.334,38.975
1d9q.d,aligned,4,74,296,14.346,13.45,33.267
1d9q.d,aligned,4,75,300,14.511,26.182,32.528
1d9q.d,aligned,4,76,304,15.972,26.234,39.348
1d9q.d,aligned,4,77,308,15.516,15.462,46.355
1d9q.d,aligned,4,78,312,19.022,2.935,47.816
1d9q.d,aligned,4,79,316,13.552,5.822,47.352
1d9q.d,aligned,4,80,320,7.615,7.685,46.393
1d9q.d,aligned,4,81,324,1.809,9.588,45.295
1o7j.a,deposited,8,0,0,36.574,39.355,23.921
1o7j.a,deposited,8,1,8,39.19,26.365,44.844
1o7j.a,deposited,8,2,16,51.246,16.97,45.956
1o7j.a,deposited,8,3,24,47.422,6.496,46.48
1o7j.a,deposited,8,4,32,47.0,26.917,46.08
1o7j.a,deposited,8,5,40,48.375,25.288,32.672
1o7j.a,deposited,8,6,48,40.575,35.913,31.697
1o7j.a,deposited,8,7,56,41.667,23.532,50.886
1o7j.a,deposited,8,8,64,26.734,20.692,54.413
1o7j.a,deposited,8,9,72,26.157,31.428,48.655
1o7j.a,deposited,8,10,80,28.332,40.338,39.153
1o7j.a,deposited,8,11,88,35.086,25.024,41.205
1o7j.a,deposited,8,12,96,28.513,14.625,43.295
1o7j.a,deposited,8,13,104,19.437,23.077,43.211
1o7j.a,deposited,8,14,112,29.008,26.5,37.145
1o7j.a,deposited,8,15,120,47.53,14.18,42.36
1o7j.a,deposited,8,16,128,44.155,17.503,36.623
1o7j.a,deposited,8,17,136,37.538,26.529,31.773
1o7j.a,deposited,8,18,144,27.067,26.189,28.168
1o7j.a,deposited,8,19,152,33.974,18.079,33.952
1o7j.a,deposited,8,20,160,25.187,17.131,38.687
1o7j.a,deposited,8,21,168,37.142,3.82,43.625
1o7j.a,deposited,8,22,176,25.893,8.237,34.45
1o7j.a,deposited,8,23,184,32.125,15.745,25.667
1o7j.a,deposited,8,24,192,26.684,18.998,23.561
1o7j.a,deposited,8,25,200,17.348,23.138,38.411
1o7j.a,deposited,8,26,208,19.203,28.869,50.907
1o7j.a,deposited,8,27,216,20.119,16.643,59.472
1o7j.a,deposited,8,28,224,20.998,-9.277,54.807
1o7j.a,deposited,8,29,232,16.763,3.815,66.779
1o7j.a,deposited,8,30,240,14.966,15.036,60.373
1o7j.a,deposited,8,31,248,17.155,-3.761,45.112
1o7j.a,deposited,8,32,256,14.057,-2.157,58.486
1o7j.a,deposited,8,33,264,7.672,7.957,60.979
1o7j.a,deposited,8,34,272,13.847,4.763,50.144
1o7j.a,deposited,8,35,280,14.278,3.674,39.565
1o7j.a,deposited,8,36,288,6.855,2.75,54.66
1o7j.a,deposited,8,37,296,21.167,7.473,44.402
1o7j.a,deposited,8,38,304,15.865,15.625,51.163
1o7j.a,deposited,8,39,312,7.475,18.33,56.0
1o7j.a,deposited,8,40,320,10.145,17.121,44.463
1o7j.a,deposited,8,41,324,14.405,17.609,40.605
1hfj.c,deposited,8,0,0,34.631,40.142,28.916
1hfj.c,deposited,8,1,8,17.956,37.501,47.047
1hfj.c,deposited,8,2,16,7.2,26.488,45.794
1hfj.c,deposited,8,3,24,-1.948,30.06,44.831
1hfj.c,deposited,8,4,32,17.798,29.728,47.985
1hfj.c,deposited,8,5,40,18.639,29.046,34.577
1hfj.c,deposited,8,6,48,29.703,36.545,35.902
1hfj.c,deposited,8,7,56,14.016,34.938,52.356
1hfj.c,deposited,8,8,64,11.408,49.728,56.487
1hfj.c,deposited,8,9,72,22.976,50.313,52.427
1hfj.c,deposited,8,10,80,33.419,48.296,44.472
1hfj.c,deposited,8,11,88,17.501,41.998,43.406
1hfj.c,deposited,8,12,96,7.081,48.953,44.199
1hfj.c,deposited,8,13,104,15.857,57.52,45.952
1hfj.c,deposited,8,14,112,20.022,48.148,40.083
1hfj.c,deposited,8,15,120,5.857,29.852,42.136
1hfj.c,deposited,8,16,128,10.496,33.329,37.149
1hfj.c,deposited,8,17,136,20.618,39.912,34.354
1hfj.c,deposited,8,18,144,21.183,50.732,31.282
1hfj.c,deposited,8,19,152,11.96,43.846,35.143
1hfj.c,deposited,8,20,160,10.615,52.315,40.131
1hfj.c,deposited,8,21,168,-4.042,41.046,42.198
1hfj.c,deposited,8,22,176,2.392,52.352,34.413
1hfj.c,deposited,8,23,184,11.015,46.185,26.53
1hfj.c,deposited,8,24,192,14.788,51.547,25.451
1hfj.c,deposited,8,25,200,16.797,59.975,41.33
1hfj.c,deposited,8,26,208,20.564,56.457,54.22
1hfj.c,deposited,8,27,216,6.539,56.506,61.16
1hfj.c,deposited,8,28,224,-18.189,57.081,51.947
1hfj.c,deposited,8,29,232,-7.127,60.133,66.227
1hfj.c,deposited,8,30,240,5.032,61.666,61.93
1hfj.c,deposited,8,31,248,-10.883,61.141,43.327
1hfj.c,deposited,8,32,256,-11.697,63.439,57.138
1hfj.c,deposited,8,33,264,-2.027,69.2,61.748
1hfj.c,deposited,8,34,272,-3.237,63.844,50.259
1hfj.c,deposited,8,35,280,-2.361,63.823,39.388
1hfj.c,deposited,8,36,288,-5.665,70.863,54.263
1hfj.c,deposited,8,37,296,0.279,56.669,44.513
1hfj.c,deposited,8,38,304,7.315,61.056,52.778
1hfj.c,deposited,8,39,312,9.475,68.952,58.188
1hfj.c,deposited,8,40,320,10.209,66.982,46.701
1hfj.c,deposited,8,41,324,11.089,62.987,42.719
4eca.b,deposited,8,0,0,0.554,79.111,37.875
4eca.b,deposited,8,1,8,14.219,71.664,56.866
4eca.b,deposited,8,2,16,34.304,78.142,52.211
4eca.b,deposited,8,3,24,28.039,73.181,56.563
4eca.b,deposited,8,4,32,17.231,82.823,49.706
4eca.b,deposited,8,5,40,10.726,79.078,39.831
4eca.b,deposited,8,6,48,8.592,79.351,51.294
4eca.b,deposited,8,7,56,19.293,65.525,57.983
4eca.b,deposited,8,8,64,8.656,64.177,61.142
4eca.b,deposited,8,9,72,-1.869,67.691,56.385
4eca.b,deposited,8,10,80,1.742,71.105,45.903
4eca.b,deposited,8,11,88,21.452,61.771,54.555
4eca.b,deposited,8,12,96,7.574,58.773,57.008
4eca.b,deposited,8,13,104,-2.576,63.468,47.86
4eca.b,deposited,8,14,112,21.454,68.48,46.978
4eca.b,deposited,8,15,120,28.345,72.946,39.362
4eca.b,deposited,8,16,128,13.685,73.798,40.004
4eca.b,deposited,8,17,136,2.575,68.629,37.521
4eca.b,deposited,8,18,144,5.387,61.374,48.642
4eca.b,deposited,8,19,152,10.983,61.19,40.202
4eca.b,deposited,8,20,160,20.857,56.976,48.842
4eca.b,deposited,8,21,168,22.905,58.726,44.156
4eca.b,deposited,8,22,176,11.716,55.506,39.485
4eca.b,deposited,8,23,184,7.957,67.592,31.471
4eca.b,deposited,8,24,192,1.383,49.774,44.264
4eca.b,deposited,8,25,200,-4.35,53.9,58.764
4eca.b,deposited,8,26,208,5.884,61.231,69.982
4eca.b,deposited,8,27,216,23.886,45.909,62.997
4eca.b,deposited,8,28,224,25.33,44.672,73.525
4eca.b,deposited,8,29,232,15.702,50.713,77.708
4eca.b,deposited,8,30,240,20.186,45.296,59.956
4eca.b,deposited,8,31,248,24.595,36.791,64.404
4eca.b,deposited,8,32,256,14.195,36.272,70.248
4eca.b,deposited,8,33,264,8.474,43.943,68.153
4eca.b,deposited,8,34,272,21.26,47.361,49.788
4eca.b,deposited,8,35,280,14.489,31.122,54.229
4eca.b,deposited,8,36,288,7.476,36.534,66.715
4eca.b,deposited,8,37,296,15.943,48.667,54.339
4eca.b,deposited,8,38,304,7.592,49.678,62.568
4eca.b,deposited,8,39,312,1.938,45.2,69.043
4eca.b,deposited,8,40,320,1.314,45.872,57.792
4eca.b,deposited,8,41,324,2.586,49.37,53.264
4eca.c,deposited,8,0,0,-4.343,23.616,38.838
4eca.c,deposited,8,1,8,10.077,28.594,19.946
4eca.c,deposited,8,2,16,29.302,19.057,24.415
4eca.c,deposited,8,3,24,23.649,25.045,19.664
4eca.c,deposited,8,4,32,11.485,17.206,27.093
4eca.c,deposited,8,5,40,5.621,22.016,36.856
4eca.c,deposited,8,6,48,3.207,22.279,25.4
4eca.c,deposited,8,7,56,16.231,33.849,18.579
4eca.c,deposited,8,8,64,5.944,37.105,15.525
4eca.c,deposited,8,9,72,-5.023,35.5,20.64
4eca.c,deposited,8,10,80,-2.054,31.748,30.836
4eca.c,deposited,8,11,88,19.098,37.104,22.057
4eca.c,deposited,8,12,96,5.893,42.924,19.917
4eca.c,deposited,8,13,104,-4.861,39.806,28.901
4eca.c,deposited,8,14,112,18.039,30.524,29.527
4eca.c,deposited,8,15,120,23.907,24.924,37.322
4eca.c,deposited,8,16,128,9.451,26.72,36.602
4eca.c,deposited,8,17,136,-0.521,33.825,39.139
4eca.c,deposited,8,18,144,3.359,40.637,28.058
4eca.c,deposited,8,19,152,9.007,39.512,36.538
4eca.c,deposited,8,20,160,19.395,42.1,27.731
4eca.c,deposited,8,21,168,21.248,39.84,32.312
4eca.c,deposited,8,22,176,10.825,45.298,37.283
4eca.c,deposited,8,23,184,5.292,33.793,45.234
4eca.c,deposited,8,24,192,1.56,52.634,32.569
4eca.c,deposited,8,25,200,-4.971,49.51,18.214
4eca.c,deposited,8,26,208,3.543,40.553,6.975
4eca.c,deposited,8,27,216,24.179,52.325,13.805
4eca.c,deposited,8,28,224,25.849,53.338,2.918
4eca.c,deposited,8,29,232,15.272,49.219,-1.137
4eca.c,deposited,8,30,240,20.709,53.644,16.73
4eca.c,deposited,8,31,248,26.614,61.108,12.239
4eca.c,deposited,8,32,256,16.446,63.721,6.462
4eca.c,deposited,8,33,264,9.269,56.975,8.541
4eca.c,deposited,8,34,272,21.631,51.381,26.801
4eca.c,deposited,8,35,280,17.639,68.514,22.552
4eca.c,deposited,8,36,288,9.782,64.812,10.325
4eca.c,deposited,8,37,296,16.054,51.237,22.229
4eca.c,deposited,8,38,304,7.42,51.708,14.207
4eca.c,deposited,8,39,312,2.739,57.006,7.685
4eca.c,deposited,8,40,320,2.051,56.501,19.111
4eca.c,deposited,8,41,324,2.816,52.881,23.672
4eca.d,deposited,8,0,0,46.845,19.064,37.644
4eca.d,deposited,8,1,8,33.504,26.376,56.559
4eca.d,deposited,8,2,16,13.331,19.96,51.876
4eca.d,deposited,8,3,24,19.426,25.121,56.664
4eca.d,deposited,8,4,32,30.107,15.127,49.649
4eca.d,deposited,8,5,40,36.59,19.017,39.673
4eca.d,deposited,8,6,48,39.081,18.932,51.131
4eca.d,deposited,8,7,56,28.417,32.732,58.042
4eca.d,deposited,8,8,64,39.093,34.018,60.797
4eca.d,deposited,8,9,72,49.603,30.288,56.021
4eca.d,deposited,8,10,80,46.017,27.307,45.776
4eca.d,deposited,8,11,88,26.114,36.415,54.463
4eca.d,deposited,8,12,96,40.164,39.702,56.638
4eca.d,deposited,8,13,104,50.245,34.563,47.589
4eca.d,deposited,8,14,112,25.967,29.52,46.67
4eca.d,deposited,8,15,120,19.168,25.31,39.083
4eca.d,deposited,8,16,128,33.822,24.539,39.721
4eca.d,deposited,8,17,136,44.825,29.62,37.422
4eca.d,deposited,8,18,144,42.116,36.943,48.459
4eca.d,deposited,8,19,152,36.524,37.1,40.086
4eca.d,deposited,8,20,160,26.724,41.267,48.842
4eca.d,deposited,8,21,168,24.433,39.452,44.314
4eca.d,deposited,8,22,176,35.655,42.75,39.203
4eca.d,deposited,8,23,184,39.366,30.742,31.296
4eca.d,deposited,8,24,192,45.976,48.479,44.046
4eca.d,deposited,8,25,200,52.026,44.217,58.534
4eca.d,deposited,8,26,208,41.921,36.966,69.873
4eca.d,deposited,8,27,216,24.014,52.23,62.817
4eca.d,deposited,8,28,224,22.537,53.464,73.684
4eca.d,deposited,8,29,232,32.066,47.303,77.678
4eca.d,deposited,8,30,240,27.694,53.019,59.871
4eca.d,deposited,8,31,248,23.329,61.485,64.405
4eca.d,deposited,8,32,256,33.454,62.237,70.094
4eca.d,deposited,8,33,264,39.355,54.194,67.836
4eca.d,deposited,8,34,272,26.393,50.953,49.93
4eca.d,deposited,8,35,280,33.057,66.858,54.341
4eca.d,deposited,8,36,288,40.374,61.912,66.261
4eca.d,deposited,8,37,296,31.588,49.532,54.232
4eca.d,deposited,8,38,304,40.279,48.572,62.446
4eca.d,deposited,8,39,312,45.829,52.891,68.813
4eca.d,deposited,8,40,320,46.274,52.242,57.558
4eca.d,deposited,8,41,324,44.965,48.674,52.955
1qd1.b,deposited,8,0,0,40.683,36.814,66.231
1qd1.b,deposited,8,1,8,31.591,57.103,52.934
1qd1.b,deposited,8,2,16,34.307,53.183,37.313
1qd1.b,deposited,8,3,24,41.491,49.249,46.64
1qd1.b,deposited,8,4,32,37.02,41.62,53.31
1qd1.b,deposited,8,5,40,23.12,58.769,42.319
1qd1.b,deposited,8,6,48,31.44,48.22,54.51
1qd1.b,deposited,8,7,56,41.213,47.932,58.131
1qd1.b,deposited,8,8,64,41.397,57.134,50.258
1qd1.b,deposited,8,9,72,37.105,66.25,42.475
1qd1.b,deposited,8,10,80,23.465,63.958,51.173
1qd1.b,deposited,8,11,88,33.588,60.004,57.126
1qd1.b,deposited,8,12,96,37.821,40.894,70.503
1qd1.b,deposited,8,13,104,43.556,54.376,68.248
1qd1.b,deposited,8,14,112,48.494,59.115,58.1
1qd1.b,deposited,8,15,120,42.465,68.551,57.153
1qd1.b,deposited,8,16,128,36.507,63.25,69.541
1qd1.b,deposited,8,17,136,29.377,64.388,62.555
1qd1.b,deposited,8,18,144,32.2,71.578,51.608
1qd1.b,deposited,8,19,152,40.627,80.323,58.776
1qd1.b,deposited,8,20,160,45.452,66.298,61.925
1qd1.b,deposited,8,21,168,39.63,68.428,45.092
1qd1.b,deposited,8,22,176,35.191,55.317,66.339
1qd1.b,deposited,8,23,184,15.544,56.184,55.273
1qd1.b,deposited,8,24,192,10.095,70.591,52.987
1qd1.b,deposited,8,25,200,10.73,67.212,64.958
1qd1.b,deposited,8,26,208,19.552,73.589,71.996
1qd1.b,deposited,8,27,216,20.209,58.99,69.595
1qd1.b,deposited,8,28,224,15.424,61.971,45.248
1qd1.b,deposited,8,29,232,13.092,61.263,56.064
1qd1.b,deposited,8,30,240,19.415,49.647,71.711
1qd1.b,deposited,8,31,248,9.562,54.163,61.646
1qd1.b,deposited,8,32,256,-0.244,60.843,59.206
1qd1.b,deposited,8,33,264,8.158,51.745,53.12
1qd1.b,deposited,8,34,272,23.09,43.903,63.005
1qd1.b,deposited,8,35,280,10.165,42.035,65.369
1qd1.b,deposited,8,36,288,-0.099,39.724,69.893
1qd1.b,deposited,8,37,296,9.78,34.603,60.244
1qd1.b,deposited,8,38,304,6.122,46.079,58.454
1qd1.b,deposited,8,39,312,14.721,43.43,47.401
1qd1.b,deposited,8,40,320,26.255,41.378,59.202
1qd1.b,deposited,8,41,324,30.348,37.016,58.833
1toh.a,deposited,8,0,0,62.727,49.237,15.756
1toh.a,deposited,8,1,8,73.055,41.148,34.182
1toh.a,deposited,8,2,16,88.83,74.421,32.049
1toh.a,deposited,8,3,24,98.87,66.503,36.792
1toh.a,deposited,8,4,32,94.483,54.969,37.44
1toh.a,deposited,8,5,40,85.867,45.435,35.397
1toh.a,deposited,8,6,48,90.034,48.278,46.439
1toh.a,deposited,8,7,56,90.787,60.987,52.793
1toh.a,deposited,8,8,64,81.343,66.191,58.517
1toh.a,deposited,8,9,72,67.075,68.318,60.036
1toh.a,deposited,8,10,80,68.204,55.013,58.811
1toh.a,deposited,8,11,88,77.953,47.751,59.295
1toh.a,deposited,8,12,96,86.752,56.527,52.414
1toh.a,deposited,8,13,104,77.928,43.552,49.755
1toh.a,deposited,8,14,112,71.276,46.272,44.848
1toh.a,deposited,8,15,120,78.785,59.749,33.53
1toh.a,deposited,8,16,128,69.377,49.776,31.765
1toh.a,deposited,8,17,136,76.968,52.371,38.135
1toh.a,deposited,8,18,144,91.022,68.63,47.247
1toh.a,deposited,8,19,152,80.71,65.702,38.315
1toh.a,deposited,8,20,160,76.708,59.861,50.782
1toh.a,deposited,8,21,168,65.461,51.348,51.723
1toh.a,deposited,8,22,176,64.738,49.721,39.533
1toh.a,deposited,8,23,184,63.998,49.147,24.784
1toh.a,deposited,8,24,192,61.767,61.779,29.64
1toh.a,deposited,8,25,200,63.347,62.247,42.021
1toh.a,deposited,8,26,208,56.999,63.29,56.072
1toh.a,deposited,8,27,216,67.578,63.351,46.087
1toh.a,deposited,8,28,224,74.338,74.554,49.873
1toh.a,deposited,8,29,232,61.421,79.66,50.75
1toh.a,deposited,8,30,240,53.696,63.941,38.853
1toh.a,deposited,8,31,248,63.589,71.647,31.653
1toh.a,deposited,8,32,256,64.62,76.742,40.982
1toh.a,deposited,8,33,264,57.662,56.542,48.266
1toh.a,deposited,8,34,272,54.103,52.815,37.228
1toh.a,deposited,8,35,280,55.193,49.331,23.791
1toh.a,deposited,8,36,288,65.634,38.066,40.856
1toh.a,deposited,8,37,296,56.433,39.377,28.486
1toh.a,deposited,8,38,304,54.883,31.521,33.162
1toh.a,deposited,8,39,312,54.114,32.646,46.369
1toh.a,deposited,8,40,320,48.34,32.065,57.636
1toh.a,deposited,8,41,324,46.418,30.225,63.184
1d9q.d,deposited,8,0,0,-13.499,-20.165,18.17
1d9q.d,deposited,8,1,8,-8.113,-20.615,3.515
1d9q.d,deposited,8,2,16,-12.026,-26.763,-2.525
1d9q.d,deposited,8,3,24,-3.081,-15.635,-4.403
1d9q.d,deposited,8,4,32,-5.737,-4.723,1.128
1d9q.d,deposited,8,5,40,-6.474,6.195,6.662
1d9q.d,deposited,8,6,48,4.295,16.101,2.725
1d9q.d,deposited,8,7,56,-1.688,4.343,-8.757
1d9q.d,deposited,8,8,64,4.437,-6.187,-5.033
1d9q.d,deposited,8,9,72,0.964,-7.781,-13.349
1d9q.d,deposited,8,10,80,-12.242,9.626,-15.49
1d9q.d,deposited,8,11,88,-1.293,-13.248,-14.637
1d9q.d,deposited,8,12,96,-6.565,-11.653,-11.176
1d9q.d,deposited,8,13,104,-11.456,8.661,-8.631
1d9q.d,deposited,8,14,112,-15.632,5.058,2.335
1d9q.d,deposited,8,15,120,-10.361,-16.263,-13.604
1d9q.d,deposited,8,16,128,4.33,-10.616,-21.889
1d9q.d,deposited,8,17,136,-3.073,-6.694,-28.414
1d9q.d,deposited,8,18,144,-9.732,-14.65,-21.915
1d9q.d,deposited,8,19,152,-13.65,-18.799,-9.999
1d9q.d,deposited,8,20,160,-14.743,2.613,6.113
1d9q.d,deposited,8,21,168,-16.697,-16.042,-2.339
1d9q.d,deposited,8,22,176,-13.84,-11.083,7.427
1d9q.d,deposited,8,23,184,-5.348,-10.052,10.941
1d9q.d,deposited,8,24,192,-24.131,-14.456,4.307
1d9q.d,deposited,8,25,200,-34.406,0.794,0.766
1d9q.d,deposited,8,26,208,-33.922,12.14,-12.137
1d9q.d,deposited,8,27,216,-38.95,7.746,-13.317
1d9q.d,deposited,8,28,224,-45.802,6.157,-2.175
1d9q.d,deposited,8,29,232,-38.984,3.432,1.027
1d9q.d,deposited,8,30,240,-19.873,1.654,-5.029
1d9q.d,deposited,8,31,248,-25.738,-6.932,0.944
1d9q.d,deposited,8,32,256,-26.697,2.943,-11.632
1d9q.d,deposited,8,33,264,-24.69,2.78,-21.488
1d9q.d,deposited,8,34,272,-16.955,-3.735,-11.368
1d9q.d,deposited,8,35,280,-24.681,-11.059,-4.874
1d9q.d,deposited,8,36,288,-29.249,-7.237,-13.559
1d9q.d,deposited,8,37,296,-24.759,-13.589,-19.03
1d9q.d,deposited,8,38,304,-17.412,-1.711,-21.857
1d9q.d,deposited,8,39,312,-32.58,-8.188,-3.1
1d9q.d,deposited,8,40,320,-37.248,-5.124,-14.214
1d9q.d,deposited,8,41,324,-39.834,-4.157,-19.774
1o7j.a,aligned,8,0,0,36.574,39.355,23.921
1o7j.a,aligned,8,1,8,39.19,26.365,44.844
1o7j.a,aligned,8,2,16,51.246,16.97,45.956
1o7j.a,aligned,8,3,24,47.422,6.496,46.48
1o7j.a,aligned,8,4,32,47.0,26.917,46.08
1o7j.a,aligned,8,5,40,48.375,25.288,32.672
1o7j.a,aligned,8,6,48,40.575,35.913,31.697
1o7j.a,aligned,8,7,56,41.667,23.532,50.886
1o7j.a,aligned,8,8,64,26.734,20.692,54.413
1o7j.a,aligned,8,9,72,26.157,31.428,48.655
1o7j.a,aligned,8,10,80,28.332,40.338,39.153
1o7j.a,aligned,8,11,88,35.086,25.024,41.205
1o7j.a,aligned,8,12,96,28.513,14.625,43.295
1o7j.a,aligned,8,13,104,19.437,23.077,43.211
1o7j.a,aligned,8,14,112,29.008,26.5,37.145
1o7j.a,aligned,8,15,120,47.53,14.18,42.36
1o7j.a,aligned,8,16,128,44.155,17.503,36.623
1o7j.a,aligned,8,17,136,37.538,26.529,31.773
1o7j.a,aligned,8,18,144,27.067,26.189,28.168
1o7j.a,aligned,8,19,152,33.974,18.079,33.952
1o7j.a,aligned,8,20,160,25.187,17.131,38.687
1o7j.a,aligned,8,21,168,37.142,3.82,43.625
1o7j.a,aligned,8,22,176,25.893,8.237,34.45
1o7j.a,aligned,8,23,184,32.125,15.745,25.667
1o7j.a,aligned,8,24,192,26.684,18.998,23.561
1o7j.a,aligned,8,25,200,17.348,23.138,38.411
1o7j.a,aligned,8,26,208,19.203,28.869,50.907
1o7j.a,aligned,8,27,216,20.119,16.643,59.472
1o7j.a,aligned,8,28,224,20.998,-9.277,54.807
1o7j.a,aligned,8,29,232,16.763,3.815,66.779
1o7j.a,aligned,8,30,240,14.966,15.036,60.373
1o7j.a,aligned,8,31,248,17.155,-3.761,45.112
1o7j.a,aligned,8,32,256,14.057,-2.157,58.486
1o7j.a,aligned,8,33,264,7.672,7.957,60.979
1o7j.a,aligned,8,34,272,13.847,4.763,50.144
1o7j.a,aligned,8,35,280,14.278,3.674,39.565
1o7j.a,aligned,8,36,288,6.855,2.75,54.66
1o7j.a,aligned,8,37,296,21.167,7.473,44.402
1o7j.a,aligned,8,38,304,15.865,15.625,51.163
1o7j.a,aligned,8,39,312,7.475,18.33,56.0
1o7j.a,aligned,8,40,320,10.145,17.121,44.463
1o7j.a,aligned,8,41,324,14.405,17.609,40.605
1hfj.c,aligned,8,0,0,37.05,39.489,23.949
1hfj.c,aligned,8,1,8,39.33,26.328,44.814
1hfj.c,aligned,8,2,16,50.815,16.069,45.989
1hfj.c,aligned,8,3,24,47.67,6.728,46.462
1hfj.c,aligned,8,4,32,47.038,26.714,46.141
1hfj.c,aligned,8,5,40,48.438,25.271,32.84
1hfj.c,aligned,8,6,48,40.442,36.017,31.853
1hfj.c,aligned,8,7,56,41.745,23.489,50.846
1hfj.c,aligned,8,8,64,26.862,20.909,54.646
1hfj.c,aligned,8,9,72,26.046,31.564,48.61
1hfj.c,aligned,8,10,80,28.089,40.571,39.065
1hfj.c,aligned,8,11,88,35.066,25.034,41.094
1hfj.c,aligned,8,12,96,28.498,14.578,43.352
1hfj.c,aligned,8,13,104,19.503,23.094,43.132
1hfj.c,aligned,8,14,112,29.017,26.643,37.089
1hfj.c,aligned,8,15,120,47.718,13.954,42.462
1hfj.c,aligned,8,16,128,44.345,17.491,36.581
1hfj.c,aligned,8,17,136,37.532,26.648,31.75
1hfj.c,aligned,8,18,144,26.888,26.146,28.105
1hfj.c,aligned,8,19,152,33.908,18.072,33.843
1hfj.c,aligned,8,20,160,25.232,17.191,38.573
1hfj.c,aligned,8,21,168,36.942,3.677,43.705
1hfj.c,aligned,8,22,176,25.844,8.116,34.38
1hfj.c,aligned,8,23,184,32.096,15.548,25.423
1hfj.c,aligned,8,24,192,26.657,18.812,23.445
1hfj.c,aligned,8,25,200,17.277,23.105,38.304
1hfj.c,aligned,8,26,208,19.912,29.198,50.496
1hfj.c,aligned,8,27,216,20.031,16.589,59.762
1hfj.c,aligned,8,28,224,20.96,-9.352,54.98
1hfj.c,aligned,8,29,232,16.672,3.837,66.95
1hfj.c,aligned,8,30,240,14.9,14.986,60.532
1hfj.c,aligned,8,31,248,17.103,-3.844,45.033
1hfj.c,aligned,8,32,256,14.067,-2.384,58.647
1hfj.c,aligned,8,33,264,7.675,7.641,61.217
1hfj.c,aligned,8,34,272,13.712,4.738,50.388
1hfj.c,aligned,8,35,280,14.31,3.733,39.544
1hfj.c,aligned,8,36,288,6.582,2.694,54.409
1hfj.c,aligned,8,37,296,21.053,7.561,44.472
1hfj.c,aligned,8,38,304,15.932,15.69,51.162
1hfj.c,aligned,8,39,312,7.665,18.358,55.724
1hfj.c,aligned,8,40,320,10.247,17.203,44.394
1hfj.c,aligned,8,41,324,14.421,17.58,40.518
4eca.b,aligned,8,0,0,38.748,36.331,26.245
4eca.b,aligned,8,1,8,37.55,24.826,47.902
4eca.b,aligned,8,2,16,56.203,14.041,49.569
4eca.b,aligned,8,3,24,47.548,15.92,51.657
4eca.b,aligned,8,4,32,49.336,28.981,42.547
4eca.b,aligned,8,5,40,44.753,29.376,31.027
4eca.b,aligned,8,6,48,40.907,33.084,41.395
4eca.b,aligned,8,7,56,36.02,17.236,50.078
4eca.b,aligned,8,8,64,27.507,24.479,49.976
4eca.b,aligned,8,9,72,24.487,33.555,42.61
4eca.b,aligned,8,10,80,31.75,31.459,33.812
4eca.b,aligned,8,11,88,35.445,12.554,47.206
4eca.b,aligned,8,12,96,23.82,20.874,45.408
4eca.b,aligned,8,13,104,22.935,29.716,34.016
4eca.b,aligned,8,14,112,42.144,15.775,40.338
4eca.b,aligned,8,15,120,51.6,12.545,35.279
4eca.b,aligned,8,16,128,42.725,23.716,31.742
4eca.b,aligned,8,17,136,32.429,27.727,25.894
4eca.b,aligned,8,18,144,26.294,22.741,36.926
4eca.b,aligned,8,19,152,31.705,17.145,30.447
4eca.b,aligned,8,20,160,32.886,8.737,41.301
4eca.b,aligned,8,21,168,36.574,7.642,37.504
4eca.b,aligned,8,22,176,28.17,12.648,29.65
4eca.b,aligned,8,23,184,36.518,22.123,21.59
4eca.b,aligned,8,24,192,16.254,16.987,30.938
4eca.b,aligned,8,25,200,12.228,26.405,43.397
4eca.b,aligned,8,26,208,21.506,26.006,57.471
4eca.b,aligned,8,27,216,23.381,1.544,55.083
4eca.b,aligned,8,28,224,20.928,1.508,65.496
4eca.b,aligned,8,29,232,18.24,13.211,67.079
4eca.b,aligned,8,30,240,21.284,3.245,51.08
4eca.b,aligned,8,31,248,16.814,-4.892,56.117
4eca.b,aligned,8,32,256,8.431,3.211,58.698
4eca.b,aligned,8,33,264,10.902,12.13,55.488
4eca.b,aligned,8,34,272,25.867,2.104,41.779
4eca.b,aligned,8,35,280,8.593,-3.277,43.171
4eca.b,aligned,8,36,288,5.166,7.577,53.409
4eca.b,aligned,8,37,296,22.368,7.582,44.682
4eca.b,aligned,8,38,304,15.856,15.671,50.218
4eca.b,aligned,8,39,312,7.447,17.809,54.538
4eca.b,aligned,8,40,320,10.178,16.751,43.637
4eca.b,aligned,8,41,324,14.617,17.421,39.868
4eca.c,aligned,8,0,0,38.966,36.43,26.405
4eca.c,aligned,8,1,8,37.681,25.003,47.792
4eca.c,aligned,8,2,16,56.243,13.474,49.542
4eca.c,aligned,8,3,24,47.339,15.732,51.993
4eca.c,aligned,8,4,32,49.539,28.752,42.493
4eca.c,aligned,8,5,40,44.811,29.382,31.087
4eca.c,aligned,8,6,48,40.79,33.159,41.417
4eca.c,aligned,8,7,56,36.032,17.323,50.17
4eca.c,aligned,8,8,64,27.496,24.595,50.062
4eca.c,aligned,8,9,72,24.546,33.667,42.446
4eca.c,aligned,8,10,80,31.479,31.516,33.834
4eca.c,aligned,8,11,88,35.522,12.622,47.246
4eca.c,aligned,8,12,96,23.595,20.777,45.228
4eca.c,aligned,8,13,104,22.896,29.837,34.114
4eca.c,aligned,8,14,112,42.2,15.776,40.488
4eca.c,aligned,8,15,120,51.577,12.622,35.133
4eca.c,aligned,8,16,128,42.72,23.733,31.845
4eca.c,aligned,8,17,136,32.387,27.74,26.054
4eca.c,aligned,8,18,144,26.098,22.735,36.992
4eca.c,aligned,8,19,152,31.774,17.245,30.456
4eca.c,aligned,8,20,160,32.774,8.743,41.359
4eca.c,aligned,8,21,168,36.628,7.656,37.686
4eca.c,aligned,8,22,176,28.002,12.512,29.614
4eca.c,aligned,8,23,184,36.689,21.928,21.735
4eca.c,aligned,8,24,192,16.182,17.027,30.941
4eca.c,aligned,8,25,200,12.29,26.512,43.326
4eca.c,aligned,8,26,208,21.473,26.164,57.275
4eca.c,aligned,8,27,216,23.431,1.636,54.907
4eca.c,aligned,8,28,224,20.942,1.537,65.684
4eca.c,aligned,8,29,232,18.209,13.175,67.23
4eca.c,aligned,8,30,240,21.264,3.307,51.054
4eca.c,aligned,8,31,248,16.932,-4.829,56.132
4eca.c,aligned,8,32,256,8.376,3.146,58.735
4eca.c,aligned,8,33,264,10.927,12.353,55.562
4eca.c,aligned,8,34,272,25.904,2.07,41.87
4eca.c,aligned,8,35,280,8.608,-3.112,43.112
4eca.c,aligned,8,36,288,5.025,7.423,53.167
4eca.c,aligned,8,37,296,22.213,7.526,44.808
4eca.c,aligned,8,38,304,15.703,15.758,50.19
4eca.c,aligned,8,39,312,7.458,17.88,54.667
4eca.c,aligned,8,40,320,10.133,16.803,43.578
4eca.c,aligned,8,41,324,14.58,17.348,39.78
4eca.d,aligned,8,0,0,38.801,36.362,26.351
4eca.d,aligned,8,1,8,37.622,24.996,47.767
4eca.d,aligned,8,2,16,56.325,14.134,49.271
4eca.d,aligned,8,3,24,47.535,15.79,51.861
4eca.d,aligned,8,4,32,49.632,29.049,42.751
4eca.d,aligned,8,5,40,44.935,29.392,31.154
4eca.d,aligned,8,6,48,40.755,33.136,41.45
4eca.d,aligned,8,7,56,35.883,17.29,50.23
4eca.d,aligned,8,8,64,27.466,24.516,49.824
4eca.d,aligned,8,9,72,24.569,33.775,42.539
4eca.d,aligned,8,10,80,31.416,31.529,33.892
4eca.d,aligned,8,11,88,35.488,12.549,47.223
4eca.d,aligned,8,12,96,23.579,20.735,45.204
4eca.d,aligned,8,13,104,22.975,29.933,34.025
4eca.d,aligned,8,14,112,42.432,15.827,40.2
4eca.d,aligned,8,15,120,51.623,12.557,35.067
4eca.d,aligned,8,16,128,42.653,23.673,31.645
4eca.d,aligned,8,17,136,32.415,27.719,26.079
4eca.d,aligned,8,18,144,26.238,22.645,36.982
4eca.d,aligned,8,19,152,31.64,17.146,30.502
4eca.d,aligned,8,20,160,32.843,8.76,41.379
4eca.d,aligned,8,21,168,36.685,7.6,37.783
4eca.d,aligned,8,22,176,28.263,12.544,29.565
4eca.d,aligned,8,23,184,36.506,22.033,21.659
4eca.d,aligned,8,24,192,16.337,16.849,30.997
4eca.d,aligned,8,25,200,12.236,26.477,43.453
4eca.d,aligned,8,26,208,21.399,26.048,57.564
4eca.d,aligned,8,27,216,23.322,1.705,54.885
4eca.d,aligned,8,28,224,20.853,1.616,65.641
4eca.d,aligned,8,29,232,18.339,13.279,67.18
4eca.d,aligned,8,30,240,21.067,3.314,50.99
4eca.d,aligned,8,31,248,16.616,-4.8,56.052
4eca.d,aligned,8,32,256,8.265,2.881,58.643
4eca.d,aligned,8,33,264,10.897,12.185,55.31
4eca.d,aligned,8,34,272,25.71,2.133,41.943
4eca.d,aligned,8,35,280,8.775,-3.155,43.38
4eca.d,aligned,8,36,288,4.956,7.417,53.062
4eca.d,aligned,8,37,296,22.429,7.53,44.705
4eca.d,aligned,8,38,304,15.667,15.765,50.217
4eca.d,aligned,8,39,312,7.478,17.865,54.521
4eca.d,aligned,8,40,320,10.269,16.754,43.646
4eca.d,aligned,8,41,324,14.784,17.473,39.808
1qd1.b,aligned,8,0,0,29.447,37.534,59.14
1qd1.b,aligned,8,1,8,34.675,17.555,43.501
1qd1.b,aligned,8,2,16,47.711,10.455,50.312
1qd1.b,aligned,8,3,24,45.367,22.611,51.208
1qd1.b,aligned,8,4,32,36.87,25.437,57.727
1qd1.b,aligned,8,5,40,36.931,4.172,45.24
1qd1.b,aligned,8,6,48,32.738,20.565,51.783
1qd1.b,aligned,8,7,56,36.614,30.087,50.048
1qd1.b,aligned,8,8,64,43.237,22.989,42.806
1qd1.b,aligned,8,9,72,46.779,12.701,36.194
1qd1.b,aligned,8,10,80,31.033,8.867,38.268
1qd1.b,aligned,8,11,88,33.148,21.01,39.538
1qd1.b,aligned,8,12,96,24.686,37.215,54.632
1qd1.b,aligned,8,13,104,31.223,36.752,41.336
1qd1.b,aligned,8,14,112,42.377,32.724,38.305
1qd1.b,aligned,8,15,120,39.74,25.475,30.133
1qd1.b,aligned,8,16,128,26.208,30.328,33.356
1qd1.b,aligned,8,17,136,26.651,20.375,34.657
1qd1.b,aligned,8,18,144,37.159,13.71,29.691
1qd1.b,aligned,8,19,152,38.203,22.377,18.616
1qd1.b,aligned,8,20,160,38.06,31.25,30.911
1qd1.b,aligned,8,21,168,46.713,15.704,33.203
1qd1.b,aligned,8,22,176,27.081,29.199,41.893
1qd1.b,aligned,8,23,184,22.1,7.561,45.916
1qd1.b,aligned,8,24,192,21.217,-1.304,33.145
1qd1.b,aligned,8,25,200,12.567,7.636,33.763
1qd1.b,aligned,8,26,208,13.792,17.071,24.959
1qd1.b,aligned,8,27,216,14.895,19.48,39.53
1qd1.b,aligned,8,28,224,29.845,-0.328,42.483
1qd1.b,aligned,8,29,232,20.255,5.072,41.138
1qd1.b,aligned,8,30,240,12.094,22.477,48.223
1qd1.b,aligned,8,31,248,13.232,7.761,47.259
1qd1.b,aligned,8,32,256,8.949,-2.547,42.555
1qd1.b,aligned,8,33,264,18.387,1.845,51.612
1qd1.b,aligned,8,34,272,20.541,20.943,55.193
1qd1.b,aligned,8,35,280,9.974,13.469,58.127
1qd1.b,aligned,8,36,288,-0.43,9.427,60.69
1qd1.b,aligned,8,37,296,12.928,11.668,66.475
1qd1.b,aligned,8,38,304,12.66,5.125,56.209
1qd1.b,aligned,8,39,312,26.38,4.944,60.064
1qd1.b,aligned,8,40,320,25.278,21.414,58.056
1qd1.b,aligned,8,41,324,27.969,25.201,61.842
1toh.a,aligned,8,0,0,21.492,40.856,57.815
1toh.a,aligned,8,1,8,25.007,31.999,37.302
1toh.a,aligned,8,2,16,53.075,16.786,55.775
1toh.a,aligned,8,3,24,58.276,18.85,43.337
1toh.a,aligned,8,4,32,49.535,24.344,36.546
1toh.a,aligned,8,5,40,38.157,30.293,34.44
1toh.a,aligned,8,6,48,41.563,20.304,28.442
1toh.a,aligned,8,7,56,46.539,7.986,33.538
1toh.a,aligned,8,8,64,39.339,-0.901,37.807
1toh.a,aligned,8,9,72,27.107,-5.278,44.259
1toh.a,aligned,8,10,80,22.886,3.491,35.034
1toh.a,aligned,8,11,88,28.674,8.581,25.622
1toh.a,aligned,8,12,96,41.133,10.303,32.225
1toh.a,aligned,8,13,104,28.252,18.695,28.109
1toh.a,aligned,8,14,112,24.022,20.201,35.562
1toh.a,aligned,8,15,120,37.834,22.639,48.577
1toh.a,aligned,8,16,128,25.524,28.509,46.322
1toh.a,aligned,8,17,136,32.563,22.901,41.43
1toh.a,aligned,8,18,144,50.618,8.119,42.057
1toh.a,aligned,8,19,152,41.337,15.621,49.288
1toh.a,aligned,8,20,160,33.639,8.351,39.621
1toh.a,aligned,8,21,168,19.89,10.948,37.603
1toh.a,aligned,8,22,176,20.246,21.635,43.722
1toh.a,aligned,8,23,184,21.366,33.783,52.063
1toh.a,aligned,8,24,192,23.82,22.317,59.177
1toh.a,aligned,8,25,200,23.741,12.256,51.775
1toh.a,aligned,8,26,208,16.505,-0.557,47.054
1toh.a,aligned,8,27,216,27.454,8.91,48.51
1toh.a,aligned,8,28,224,37.596,0.344,51.56
1toh.a,aligned,8,29,232,27.883,-5.04,59.949
1toh.a,aligned,8,30,240,16.146,12.539,58.724
1toh.a,aligned,8,31,248,29.202,15.28,64.303
1toh.a,aligned,8,32,256,30.926,4.96,62.165
1toh.a,aligned,8,33,264,15.43,9.71,46.454
1toh.a,aligned,8,34,272,12.213,20.285,51.573
1toh.a,aligned,8,35,280,13.623,33.289,56.347
1toh.a,aligned,8,36,288,16.136,27.367,34.307
1toh.a,aligned,8,37,296,10.053,35.368,46.071
1toh.a,aligned,8,38,304,4.819,35.882,38.434
1toh.a,aligned,8,39,312,2.771,24.459,31.983
1toh.a,aligned,8,40,320,-4.225,14.905,27.467
1toh.a,aligned,8,41,324,-7.469,11.216,23.763
1d9q.d,aligned,8,0,0,48.913,-3.154,42.396
1d9q.d,aligned,8,1,8,42.699,7.896,33.27
1d9q.d,aligned,8,2,16,36.605,5.253,26.526
1d9q.d,aligned,8,3,24,40.126,18.117,31.958
1d9q.d,aligned,8,4,32,40.538,19.54,44.388
1d9q.d,aligned,8,5,40,42.316,22.178,56.231
1d9q.d,aligned,8,6,48,45.883,36.622,59.102
1d9q.d,aligned,8,7,56,35.343,32.478,45.774
1d9q.d,aligned,8,8,64,43.725,28.47,37.06
1d9q.d,aligned,8,9,72,35.743,29.871,32.807
1d9q.d,aligned,8,10,80,22.465,32.387,50.108
1d9q.d,aligned,8,11,88,34.009,26.092,28.407
1d9q.d,aligned,8,12,96,32.427,21.786,33.019
1d9q.d,aligned,8,13,104,27.887,28.648,52.394
1d9q.d,aligned,8,14,112,32.98,18.092,56.042
1d9q.d,aligned,8,15,120,28.693,18.128,29.246
1d9q.d,aligned,8,16,128,32.641,35.019,25.312
1d9q.d,aligned,8,17,136,22.335,36.047,27.658
1d9q.d,aligned,8,18,144,23.186,23.904,26.351
1d9q.d,aligned,8,19,152,29.193,12.695,29.932
1d9q.d,aligned,8,20,160,36.556,15.255,55.593
1d9q.d,aligned,8,21,168,31.926,8.178,36.838
1d9q.d,aligned,8,22,176,40.003,7.483,44.738
1d9q.d,aligned,8,23,184,48.32,11.527,44.653
1d9q.d,aligned,8,24,192,31.004,0.786,43.653
1d9q.d,aligned,8,25,200,19.144,4.705,57.605
1d9q.d,aligned,8,26,208,9.017,18.289,60.5
1d9q.d,aligned,8,27,216,5.239,13.3,57.889
1d9q.d,aligned,8,28,224,8.271,2.082,64.1
1d9q.d,aligned,8,29,232,15.703,3.143,61.308
1d9q.d,aligned,8,30,240,25.36,17.486,51.006
1d9q.d,aligned,8,31,248,26.5,5.777,48.683
1d9q.d,aligned,8,32,256,15.777,17.453,50.979
1d9q.d,aligned,8,33,264,10.43,23.942,45.456
1d9q.d,aligned,8,34,272,23.81,19.741,42.624
1d9q.d,aligned,8,35,280,23.812,7.28,42.163
1d9q.d,aligned,8,36,288,14.046,11.206,42.504
1d9q.d,aligned,8,37,296,14.346,13.45,33.267
1d9q.d,aligned,8,38,304,15.972,26.234,39.348
1d9q.d,aligned,8,39,312,19.022,2.935,47.816
1d9q.d,aligned,8,40,320,7.615,7.685,46.393
1d9q.d,aligned,8,41,324,1.809,9.588,45.295
1o7j.a,deposited,16,0,0,36.574,39.355,23.921
1o7j.a,deposited,16,1,16,51.246,16.97,45.956
1o7j.a,deposited,16,2,32,47.0,26.917,46.08
1o7j.a,deposited,16,3,48,40.575,35.913,31.697
1o7j.a,deposited,16,4,64,26.734,20.692,54.413
1o7j.a,deposited,16,5,80,28.332,40.338,39.153
1o7j.a,deposited,16,6,96,28.513,14.625,43.295
1o7j.a,deposited,16,7,112,29.008,26.5,37.145
1o7j.a,deposited,16,8,128,44.155,17.503,36.623
1o7j.a,deposited,16,9,144,27.067,26.189,28.168
1o7j.a,deposited,16,10,160,25.187,17.131,38.687
1o7j.a,deposited,16,11,176,25.893,8.237,34.45
1o7j.a,deposited,16,12,192,26.684,18.998,23.561
1o7j.a,deposited,16,13,208,19.203,28.869,50.907
1o7j.a,deposited,16,14,224,20.998,-9.277,54.807
1o7j.a,deposited,16,15,240,14.966,15.036,60.373
1o7j.a,deposited,16,16,256,14.057,-2.157,58.486
1o7j.a,deposited,16,17,272,13.847,4.763,50.144
1o7j.a,deposited,16,18,288,6.855,2.75,54.66
1o7j.a,deposited,16,19,304,15.865,15.625,51.163
1o7j.a,deposited,16,20,320,10.145,17.121,44.463
1o7j.a,deposited,16,21,324,14.405,17.609,40.605
1hfj.c,deposited,16,0,0,34.631,40.142,28.916
1hfj.c,deposited,16,1,16,7.2,26.488,45.794
1hfj.c,deposited,16,2,32,17.798,29.728,47.985
1hfj.c,deposited,16,3,48,29.703,36.545,35.902
1hfj.c,deposited,16,4,64,11.408,49.728,56.487
1hfj.c,deposited,16,5,80,33.419,48.296,44.472
1hfj.c,deposited,16,6,96,7.081,48.953,44.199
1hfj.c,deposited,16,7,112,20.022,48.148,40.083
1hfj.c,deposited,16,8,128,10.496,33.329,37.149
1hfj.c,deposited,16,9,144,21.183,50.732,31.282
1hfj.c,deposited,16,10,160,10.615,52.315,40.131
1hfj.c,deposited,16,11,176,2.392,52.352,34.413
1hfj.c,deposited,16,12,192,14.788,51.547,25.451
1hfj.c,deposited,16,13,208,20.564,56.457,54.22
1hfj.c,deposited,16,14,224,-18.189,57.081,51.947
1hfj.c,deposited,16,15,240,5.032,61.666,61.93
1hfj.c,deposited,16,16,256,-11.697,63.439,57.138
1hfj.c,deposited,16,17,272,-3.237,63.844,50.259
1hfj.c,deposited,16,18,288,-5.665,70.863,54.263
1hfj.c,deposited,16,19,304,7.315,61.056,52.778
1hfj.c,deposited,16,20,320,10.209,66.982,46.701
1hfj.c,deposited,16,21,324,11.089,62.987,42.719
4eca.b,deposited,16,0,0,0.554,79.111,37.875
4eca.b,deposited,16,1,16,34.304,78.142,52.211
4eca.b,deposited,16,2,32,17.231,82.823,49.706
4eca.b,deposited,16,3,48,8.592,79.351,51.294
4eca.b,deposited,16,4,64,8.656,64.177,61.142
4eca.b,deposited,16,5,80,1.742,71.105,45.903
4eca.b,deposited,16,6,96,7.574,58.773,57.008
4eca.b,deposited,16,7,112,21.454,68.48,46.978
4eca.b,deposited,16,8,128,13.685,73.798,40.004
4eca.b,deposited,16,9,144,5.387,61.374,48.642
4eca.b,deposited,16,10,160,20.857,56.976,48.842
4eca.b,deposited,16,11,176,11.716,55.506,39.485
4eca.b,deposited,16,12,192,1.383,49.774,44.264
4eca.b,deposited,16,13,208,5.884,61.231,69.982
4eca.b,deposited,16,14,224,25.33,44.672,73.525
4eca.b,deposited,16,15,240,20.186,45.296,59.956
4eca.b,deposited,16,16,256,14.195,36.272,70.248
4eca.b,deposited,16,17,272,21.26,47.361,49.788
4eca.b,deposited,16,18,288,7.476,36.534,66.715
4eca.b,deposited,16,19,304,7.592,49.678,62.568
4eca.b,deposited,16,20,320,1.314,45.872,57.792
4eca.b,deposited,16,21,324,2.586,49.37,53.264
4eca.c,deposited,16,0,0,-4.343,23.616,38.838
4eca.c,deposited,16,1,16,29.302,19.057,24.415
4eca.c,deposited,16,2,32,11.485,17.206,27.093
4eca.c,deposited,16,3,48,3.207,22.279,25.4
4eca.c,deposited,16,4,64,5.944,37.105,15.525
4eca.c,deposited,16,5,80,-2.054,31.748,30.836
4eca.c,deposited,16,6,96,5.893,42.924,19.917
4eca.c,deposited,16,7,112,18.039,30.524,29.527
4eca.c,deposited,16,8,128,9.451,26.72,36.602
4eca.c,deposited,16,9,144,3.359,40.637,28.058
4eca.c,deposited,16,10,160,19.395,42.1,27.731
4eca.c,deposited,16,11,176,10.825,45.298,37.283
4eca.c,deposited,16,12,192,1.56,52.634,32.569
4eca.c,deposited,16,13,208,3.543,40.553,6.975
4eca.c,deposited,16,14,224,25.849,53.338,2.918
4eca.c,deposited,16,15,240,20.709,53.644,16.73
4eca.c,deposited,16,16,256,16.446,63.721,6.462
4eca.c,deposited,16,17,272,21.631,51.381,26.801
4eca.c,deposited,16,18,288,9.782,64.812,10.325
4eca.c,deposited,16,19,304,7.42,51.708,14.207
4eca.c,deposited,16,20,320,2.051,56.501,19.111
4eca.c,deposited,16,21,324,2.816,52.881,23.672
4eca.d,deposited,16,0,0,46.845,19.064,37.644
4eca.d,deposited,16,1,16,13.331,19.96,51.876
4eca.d,deposited,16,2,32,30.107,15.127,49.649
4eca.d,deposited,16,3,48,39.081,18.932,51.131
4eca.d,deposited,16,4,64,39.093,34.018,60.797
4eca.d,deposited,16,5,80,46.017,27.307,45.776
4eca.d,deposited,16,6,96,40.164,39.702,56.638
4eca.d,deposited,16,7,112,25.967,29.52,46.67
4eca.d,deposited,16,8,128,33.822,24.539,39.721
4eca.d,deposited,16,9,144,42.116,36.943,48.459
4eca.d,deposited,16,10,160,26.724,41.267,48.842
4eca.d,deposited,16,11,176,35.655,42.75,39.203
4eca.d,deposited,16,12,192,45.976,48.479,44.046
4eca.d,deposited,16,13,208,41.921,36.966,69.873
4eca.d,deposited,16,14,224,22.537,53.464,73.684
4eca.d,deposited,16,15,240,27.694,53.019,59.871
4eca.d,deposited,16,16,256,33.454,62.237,70.094
4eca.d,deposited,16,17,272,26.393,50.953,49.93
4eca.d,deposited,16,18,288,40.374,61.912,66.261
4eca.d,deposited,16,19,304,40.279,48.572,62.446
4eca.d,deposited,16,20,320,46.274,52.242,57.558
4eca.d,deposited,16,21,324,44.965,48.674,52.955
1qd1.b,deposited,16,0,0,40.683,36.814,66.231
1qd1.b,deposited,16,1,16,34.307,53.183,37.313
1qd1.b,deposited,16,2,32,37.02,41.62,53.31
1qd1.b,deposited,16,3,48,31.44,48.22,54.51
1qd1.b,deposited,16,4,64,41.397,57.134,50.258
1qd1.b,deposited,16,5,80,23.465,63.958,51.173
1qd1.b,deposited,16,6,96,37.821,40.894,70.503
1qd1.b,deposited,16,7,112,48.494,59.115,58.1
1qd1.b,deposited,16,8,128,36.507,63.25,69.541
1qd1.b,deposited,16,9,144,32.2,71.578,51.608
1qd1.b,deposited,16,10,160,45.452,66.298,61.925
1qd1.b,deposited,16,11,176,35.191,55.317,66.339
1qd1.b,deposited,16,12,192,10.095,70.591,52.987
1qd1.b,deposited,16,13,208,19.552,73.589,71.996
1qd1.b,deposited,16,14,224,15.424,61.971,45.248
1qd1.b,deposited,16,15,240,19.415,49.647,71.711
1qd1.b,deposited,16,16,256,-0.244,60.843,59.206
1qd1.b,deposited,16,17,272,23.09,43.903,63.005
1qd1.b,deposited,16,18,288,-0.099,39.724,69.893
1qd1.b,deposited,16,19,304,6.122,46.079,58.454
1qd1.b,deposited,16,20,320,26.255,41.378,59.202
1qd1.b,deposited,16,21,324,30.348,37.016,58.833
1toh.a,deposited,16,0,0,62.727,49.237,15.756
1toh.a,deposited,16,1,16,88.83,74.421,32.049
1toh.a,deposited,16,2,32,94.483,54.969,37.44
1toh.a,deposited,16,3,48,90.034,48.278,46.439
1toh.a,deposited,16,4,64,81.343,66.191,58.517
1toh.a,deposited,16,5,80,68.204,55.013,58.811
1toh.a,deposited,16,6,96,86.752,56.527,52.414
1toh.a,deposited,16,7,112,71.276,46.272,44.848
1toh.a,deposited,16,8,128,69.377,49.776,31.765
1toh.a,deposited,16,9,144,91.022,68.63,47.247
1toh.a,deposited,16,10,160,76.708,59.861,50.782
1toh.a,deposited,16,11,176,64.738,49.721,39.533
1toh.a,deposited,16,12,192,61.767,61.779,29.64
1toh.a,deposited,16,13,208,56.999,63.29,56.072
1toh.a,deposited,16,14,224,74.338,74.554,49.873
1toh.a,deposited,16,15,240,53.696,63.941,38.853
1toh.a,deposited,16,16,256,64.62,76.742,40.982
1toh.a,deposited,16,17,272,54.103,52.815,37.228
1toh.a,deposited,16,18,288,65.634,38.066,40.856
1toh.a,deposited,16,19,304,54.883,31.521,33.162
1toh.a,deposited,16,20,320,48.34,32.065,57.636
1toh.a,deposited,16,21,324,46.418,30.225,63.184
1d9q.d,deposited,16,0,0,-13.499,-20.165,18.17
1d9q.d,deposited,16,1,16,-12.026,-26.763,-2.525
1d9q.d,deposited,16,2,32,-5.737,-4.723,1.128
1d9q.d,deposited,16,3,48,4.295,16.101,2.725
1d9q.d,deposited,16,4,64,4.437,-6.187,-5.033
1d9q.d,deposited,16,5,80,-12.242,9.626,-15.49
1d9q.d,deposited,16,6,96,-6.565,-11.653,-11.176
1d9q.d,deposited,16,7,112,-15.632,5.058,2.335
1d9q.d,deposited,16,8,128,4.33,-10.616,-21.889
1d9q.d,deposited,16,9,144,-9.732,-14.65,-21.915
1d9q.d,deposited,16,10,160,-14.743,2.613,6.113
1d9q.d,deposited,16,11,176,-13.84,-11.083,7.427
1d9q.d,deposited,16,12,192,-24.131,-14.456,4.307
1d9q.d,deposited,16,13,208,-33.922,12.14,-12.137
1d9q.d,deposited,16,14,224,-45.802,6.157,-2.175
1d9q.d,deposited,16,15,240,-19.873,1.654,-5.029
1d9q.d,deposited,16,16,256,-26.697,2.943,-11.632
1d9q.d,deposited,16,17,272,-16.955,-3.735,-11.368
1d9q.d,deposited,16,18,288,-29.249,-7.237,-13.559
1d9q.d,deposited,16,19,304,-17.412,-1.711,-21.857
1d9q.d,deposited,16,20,320,-37.248,-5.124,-14.214
1d9q.d,deposited,16,21,324,-39.834,-4.157,-19.774
1o7j.a,aligned,16,0,0,36.574,39.355,23.921
1o7j.a,aligned,16,1,16,51.246,16.97,45.956
1o7j.a,aligned,16,2,32,47.0,26.917,46.08
1o7j.a,aligned,16,3,48,40.575,35.913,31.697
1o7j.a,aligned,16,4,64,26.734,20.692,54.413
1o7j.a,aligned,16,5,80,28.332,40.338,39.153
1o7j.a,aligned,16,6,96,28.513,14.625,43.295
1o7j.a,aligned,16,7,112,29.008,26.5,37.145
1o7j.a,aligned,16,8,128,44.155,17.503,36.623
1o7j.a,aligned,16,9,144,27.067,26.189,28.168
1o7j.a,aligned,16,10,160,25.187,17.131,38.687
1o7j.a,aligned,16,11,176,25.893,8.237,34.45
1o7j.a,aligned,16,12,192,26.684,18.998,23.561
1o7j.a,aligned,16,13,208,19.203,28.869,50.907
1o7j.a,aligned,16,14,224,20.998,-9.277,54.807
1o7j.a,aligned,16,15,240,14.966,15.036,60.373
1o7j.a,aligned,16,16,256,14.057,-2.157,58.486
1o7j.a,aligned,16,17,272,13.847,4.763,50.144
1o7j.a,aligned,16,18,288,6.855,2.75,54.66
1o7j.a,aligned,16,19,304,15.865,15.625,51.163
1o7j.a,aligned,16,20,320,10.145,17.121,44.463
1o7j.a,aligned,16,21,324,14.405,17.609,40.605
1hfj.c,aligned,16,0,0,37.05,39.489,23.949
1hfj.c,aligned,16,1,16,50.815,16.069,45.989
1hfj.c,aligned,16,2,32,47.038,26.714,46.141
1hfj.c,aligned,16,3,48,40.442,36.017,31.853
1hfj.c,aligned,16,4,64,26.862,20.909,54.646
1hfj.c,aligned,16,5,80,28.089,40.571,39.065
1hfj.c,aligned,16,6,96,28.498,14.578,43.352
1hfj.c,aligned,16,7,112,29.017,26.643,37.089
1hfj.c,aligned,16,8,128,44.345,17.491,36.581
1hfj.c,aligned,16,9,144,26.888,26.146,28.105
1hfj.c,aligned,16,10,160,25.232,17.191,38.573
1hfj.c,aligned,16,11,176,25.844,8.116,34.38
1hfj.c,aligned,16,12,192,26.657,18.812,23.445
1hfj.c,aligned,16,13,208,19.912,29.198,50.496
1hfj.c,aligned,16,14,224,20.96,-9.352,54.98
1hfj.c,aligned,16,15,240,14.9,14.986,60.532
1hfj.c,aligned,16,16,256,14.067,-2.384,58.647
1hfj.c,aligned,16,17,272,13.712,4.738,50.388
1hfj.c,aligned,16,18,288,6.582,2.694,54.409
1hfj.c,aligned,16,19,304,15.932,15.69,51.162
1hfj.c,aligned,16,20,320,10.247,17.203,44.394
1hfj.c,aligned,16,21,324,14.421,17.58,40.518
4eca.b,aligned,16,0,0,38.748,36.331,26.245
4eca.b,aligned,16,1,16,56.203,14.041,49.569
4eca.b,aligned,16,2,32,49.336,28.981,42.547
4eca.b,aligned,16,3,48,40.907,33.084,41.395
4eca.b,aligned,16,4,64,27.507,24.479,49.976
4eca.b,aligned,16,5,80,31.75,31.459,33.812
4eca.b,aligned,16,6,96,23.82,20.874,45.408
4eca.b,aligned,16,7,112,42.144,15.775,40.338
4eca.b,aligned,16,8,128,42.725,23.716,31.742
4eca.b,aligned,16,9,144,26.294,22.741,36.926
4eca.b,aligned,16,10,160,32.886,8.737,41.301
4eca.b,aligned,16,11,176,28.17,12.648,29.65
4eca.b,aligned,16,12,192,16.254,16.987,30.938
4eca.b,aligned,16,13,208,21.506,26.006,57.471
4eca.b,aligned,16,14,224,20.928,1.508,65.496
4eca.b,aligned,16,15,240,21.284,3.245,51.08
4eca.b,aligned,16,16,256,8.431,3.211,58.698
4eca.b,aligned,16,17,272,25.867,2.104,41.779
4eca.b,aligned,16,18,288,5.166,7.577,53.409
4eca.b,aligned,16,19,304,15.856,15.671,50.218
4eca.b,aligned,16,20,320,10.178,16.751,43.637
4eca.b,aligned,16,21,324,14.617,17.421,39.868
4eca.c,aligned,16,0,0,38.966,36.43,26.405
4eca.c,aligned,16,1,16,56.243,13.474,49.542
4eca.c,aligned,16,2,32,49.539,28.752,42.493
4eca.c,aligned,16,3,48,40.79,33.159,41.417
4eca.c,aligned,16,4,64,27.496,24.595,50.062
4eca.c,aligned,16,5,80,31.479,31.516,33.834
4eca.c,aligned,16,6,96,23.595,20.777,45.228
4eca.c,aligned,16,7,112,42.2,15.776,40.488
4eca.c,aligned,16,8,128,42.72,23.733,31.845
4eca.c,aligned,16,9,144,26.098,22.735,36.992
4eca.c,aligned,16,10,160,32.774,8.743,41.359
4eca.c,aligned,16,11,176,28.002,12.512,29.614
4eca.c,aligned,16,12,192,16.182,17.027,30.941
4eca.c,aligned,16,13,208,21.473,26.164,57.275
4eca.c,aligned,16,14,224,20.942,1.537,65.684
4eca.c,aligned,16,15,240,21.264,3.307,51.054
4eca.c,aligned,16,16,256,8.376,3.146,58.735
4eca.c,aligned,16,17,272,25.904,2.07,41.87
4eca.c,aligned,16,18,288,5.025,7.423,53.167
4eca.c,aligned,16,19,304,15.703,15.758,50.19
4eca.c,aligned,16,20,320,10.133,16.803,43.578
4eca.c,aligned,16,21,324,14.58,17.348,39.78
4eca.d,aligned,16,0,0,38.801,36.362,26.351
4eca.d,aligned,16,1,16,56.325,14.134,49.271
4eca.d,aligned,16,2,32,49.632,29.049,42.751
4eca.d,aligned,16,3,48,40.755,33.136,41.45
4eca.d,aligned,16,4,64,27.466,24.516,49.824
4eca.d,aligned,16,5,80,31.416,31.529,33.892
4eca.d,aligned,16,6,96,23.579,20.735,45.204
4eca.d,aligned,16,7,112,42.432,15.827,40.2
4eca.d,aligned,16,8,128,42.653,23.673,31.645
4eca.d,aligned,16,9,144,26.238,22.645,36.982
4eca.d,aligned,16,10,160,32.843,8.76,41.379
4eca.d,aligned,16,11,176,28.263,12.544,29.565
4eca.d,aligned,16,12,192,16.337,16.849,30.997
4eca.d,aligned,16,13,208,21.399,26.048,57.564
4eca.d,aligned,16,14,224,20.853,1.616,65.641
4eca.d,aligned,16,15,240,21.067,3.314,50.99
4eca.d,aligned,16,16,256,8.265,2.881,58.643
4eca.d,aligned,16,17,272,25.71,2.133,41.943
4eca.d,aligned,16,18,288,4.956,7.417,53.062
4eca.d,aligned,16,19,304,15.667,15.765,50.217
4eca.d,aligned,16,20,320,10.269,16.754,43.646
4eca.d,aligned,16,21,324,14.784,17.473,39.808
1qd1.b,aligned,16,0,0,29.447,37.534,59.14
1qd1.b,aligned,16,1,16,47.711,10.455,50.312
1qd1.b,aligned,16,2,32,36.87,25.437,57.727
1qd1.b,aligned,16,3,48,32.738,20.565,51.783
1qd1.b,aligned,16,4,64,43.237,22.989,42.806
1qd1.b,aligned,16,5,80,31.033,8.867,38.268
1qd1.b,aligned,16,6,96,24.686,37.215,54.632
1qd1.b,aligned,16,7,112,42.377,32.724,38.305
1qd1.b,aligned,16,8,128,26.208,30.328,33.356
1qd1.b,aligned,16,9,144,37.159,13.71,29.691
1qd1.b,aligned,16,10,160,38.06,31.25,30.911
1qd1.b,aligned,16,11,176,27.081,29.199,41.893
1qd1.b,aligned,16,12,192,21.217,-1.304,33.145
1qd1.b,aligned,16,13,208,13.792,17.071,24.959
1qd1.b,aligned,16,14,224,29.845,-0.328,42.483
1qd1.b,aligned,16,15,240,12.094,22.477,48.223
1qd1.b,aligned,16,16,256,8.949,-2.547,42.555
1qd1.b,aligned,16,17,272,20.541,20.943,55.193
1qd1.b,aligned,16,18,288,-0.43,9.427,60.69
1qd1.b,aligned,16,19,304,12.66,5.125,56.209
1qd1.b,aligned,16,20,320,25.278,21.414,58.056
1qd1.b,aligned,16,21,324,27.969,25.201,61.842
1toh.a,aligned,16,0,0,21.492,40.856,57.815
1toh.a,aligned,16,1,16,53.075,16.786,55.775
1toh.a,aligned,16,2,32,49.535,24.344,36.546
1toh.a,aligned,16,3,48,41.563,20.304,28.442
1toh.a,aligned,16,4,64,39.339,-0.901,37.807
1toh.a,aligned,16,5,80,22.886,3.491,35.034
1toh.a,aligned,16,6,96,41.133,10.303,32.225
1toh.a,aligned,16,7,112,24.022,20.201,35.562
1toh.a,aligned,16,8,128,25.524,28.509,46.322
1toh.a,aligned,16,9,144,50.618,8.119,42.057
1toh.a,aligned,16,10,160,33.639,8.351,39.621
1toh.a,aligned,16,11,176,20.246,21.635,43.722
1toh.a,aligned,16,12,192,23.82,22.317,59.177
1toh.a,aligned,16,13,208,16.505,-0.557,47.054
1toh.a,aligned,16,14,224,37.596,0.344,51.56
1toh.a,aligned,16,15,240,16.146,12.539,58.724
1toh.a,aligned,16,16,256,30.926,4.96,62.165
1toh.a,aligned,16,17,272,12.213,20.285,51.573
1toh.a,aligned,16,18,288,16.136,27.367,34.307
1toh.a,aligned,16,19,304,4.819,35.882,38.434
1toh.a,aligned,16,20,320,-4.225,14.905,27.467
1toh.a,aligned,16,21,324,-7.469,11.216,23.763
1d9q.d,aligned,16,0,0,48.913,-3.154,42.396
1d9q.d,aligned,16,1,16,36.605,5.253,26.526
1d9q.d,aligned,16,2,32,40.538,19.54,44.388
1d9q.d,aligned,16,3,48,45.883,36.622,59.102
1d9q.d,aligned,16,4,64,43.725,28.47,37.06
1d9q.d,aligned,16,5,80,22.465,32.387,50.108
1d9q.d,aligned,16,6,96,32.427,21.786,33.019
1d9q.d,aligned,16,7,112,32.98,18.092,56.042
1d9q.d,aligned,16,8,128,32.641,35.019,25.312
1d9q.d,aligned,16,9,144,23.186,23.904,26.351
1d9q.d,aligned,16,10,160,36.556,15.255,55.593
1d9q.d,aligned,16,11,176,40.003,7.483,44.738
1d9q.d,aligned,16,12,192,31.004,0.786,43.653
1d9q.d,aligned,16,13,208,9.017,18.289,60.5
1d9q.d,aligned,16,14,224,8.271,2.082,64.1
1d9q.d,aligned,16,15,240,25.36,17.486,51.006
1d9q.d,aligned,16,16,256,15.777,17.453,50.979
1d9q.d,aligned,16,17,272,23.81,19.741,42.624
1d9q.d,aligned,16,18,288,14.046,11.206,42.504
1d9q.d,aligned,16,19,304,15.972,26.234,39.348
1d9q.d,aligned,16,20,320,7.615,7.685,46.393
1d9q.d,aligned,16,21,324,1.809,9.588,45.295
