configuration_id,plan_order,domain,pair,nA,nB,units,input_file,input_sha256,method,alpha,delta1,delta2,delta3,reuse_path,original_origin,configuration_json
hurricane:AL031854__AL011991:a0.5|Independent continuous,1,hurricane,AL031854__AL011991,25,25,projected km,output\paper_v1\inputs\hurricane_AL031854__AL011991.npz,a2ab35b783cce3d389472b1841e85b92acc3171b29993a2566d04b6759b0b287,Independent continuous,0.5,85.27599670409697,82.01596010094092,426.1842176844774,output\paper_v1\unified_pilot_results\slots\01\attempts\slot01_a21dc5c0aa204ab3b617cea12e9c1fdf,new,"{""domain"": ""hurricane"", ""pair"": ""AL031854__AL011991"", ""case"": ""hurricane:AL031854__AL011991:a0.5"", ""nA"": 25, ""nB"": 25, ""units"": ""projected km"", ""alpha"": 0.5, ""s_A"": 170.55199340819394, ""s_B"": 164.03192020188183, ""delta1"": 85.27599670409697, ""delta2"": 82.01596010094092, ""delta3"": 426.1842176844774, ""input_file"": ""output\\paper_v1\\inputs\\hurricane_AL031854__AL011991.npz"", ""method"": ""Independent continuous"", ""diagnostic"": ""slot01"", ""certificate"": false, ""input_sha256"": ""a2ab35b783cce3d389472b1841e85b92acc3171b29993a2566d04b6759b0b287"", ""algorithms"": {""curve_algorithms.py"": ""85e1f6444f23091810a3042decc3e2945a273d2b83cb5da3c6b76f8b495c98e7"", ""cps_paper_algorithms.py"": ""49bca757aacc4d81c9263416c79b91da6fbb2df5358e9e4bb80d97d08802d876""}, ""graph_limits"": {""seconds"": 55.0, ""max_states"": 100000, ""max_transitions"": 20000000, ""max_chain_edges"": 800000}, ""phase_budgets"": {""startup"": 60.0, ""input_loading"": 15.0, ""warmup"": 120.0, ""solver"": 60.0, ""checkpoint"": 5.0, ""validation"": 30.0, ""optional_measurements"": 30.0, ""reporting"": 10.0}, ""memory_mib"": 512, ""configuration_id"": ""hurricane:AL031854__AL011991:a0.5|Independent continuous"", ""attempt_id"": ""slot01_a21dc5c0aa204ab3b617cea12e9c1fdf"", ""code_version"": {""notebooks_paper\\graph_only_v3\\build_notebook.py"": ""7e3d861e03d083d656076e3b0b45e6f5c98ab1786806d1d8eb78632d9a947dfb"", ""notebooks_paper\\graph_only_v3\\common.py"": ""db97df53c1a63e8922f98df75155c0402c2c6a2186f882c11c31c11946b6f8d2"", ""notebooks_paper\\graph_only_v3\\controlled_followup.py"": ""decd837da928ca6fc987ecf60377523e7812fdfb98c43de1cbf57a9eeed88724"", ""notebooks_paper\\graph_only_v3\\investigate_repeat.py"": ""5b2e153d7aff058a2c6e5e3f71dda45e715183d5eb4bef675e98bcec854a6af3"", ""notebooks_paper\\graph_only_v3\\prepare.py"": ""03ea7bf80ea27d91595e62b70b0c0782be55cf5b4d09c3852011cbe63c1c3b5b"", ""notebooks_paper\\graph_only_v3\\render_and_audit.py"": ""cdbeeab604584f0ae671bd4070917599dfd19b16283da5d4c4cddbc63df66015"", ""notebooks_paper\\graph_only_v3\\report.py"": ""86f28e35b44329cea42d4979b1387544a47cc698ce1bade4f5d4beac7b3d4e0a"", ""notebooks_paper\\graph_only_v3\\run_once.py"": ""676283c47e2ff731632417e16423ecaede44e007dfc1bfe18b9e3f8e8c88aa93"", ""notebooks_paper\\graph_only_v3\\supervisor.py"": ""4108be52e053f5d95313e7b15270159c20c5cd06c5faf2e611d717ea9aaef579"", ""notebooks_paper\\graph_only_v3\\worker.py"": ""e3eab59206421bb87f618f6699c27407e4272b6e5e82fba899a81778a1ea9f38""}}"
hurricane:AL031854__AL011991:a0.5|Independent discrete,2,hurricane,AL031854__AL011991,25,25,projected km,output\paper_v1\inputs\hurricane_AL031854__AL011991.npz,a2ab35b783cce3d389472b1841e85b92acc3171b29993a2566d04b6759b0b287,Independent discrete,0.5,85.27599670409697,82.01596010094092,426.1842176844774,output\paper_v1\unified_pilot_results\slots\02\attempts\slot02_be1a32ff67984f64be5a5df446945b5e,new,"{""domain"": ""hurricane"", ""pair"": ""AL031854__AL011991"", ""case"": ""hurricane:AL031854__AL011991:a0.5"", ""nA"": 25, ""nB"": 25, ""units"": ""projected km"", ""alpha"": 0.5, ""s_A"": 170.55199340819394, ""s_B"": 164.03192020188183, ""delta1"": 85.27599670409697, ""delta2"": 82.01596010094092, ""delta3"": 426.1842176844774, ""input_file"": ""output\\paper_v1\\inputs\\hurricane_AL031854__AL011991.npz"", ""method"": ""Independent discrete"", ""diagnostic"": ""slot02"", ""certificate"": false, ""input_sha256"": ""a2ab35b783cce3d389472b1841e85b92acc3171b29993a2566d04b6759b0b287"", ""algorithms"": {""curve_algorithms.py"": ""85e1f6444f23091810a3042decc3e2945a273d2b83cb5da3c6b76f8b495c98e7"", ""cps_paper_algorithms.py"": ""49bca757aacc4d81c9263416c79b91da6fbb2df5358e9e4bb80d97d08802d876""}, ""graph_limits"": {""seconds"": 55.0, ""max_states"": 100000, ""max_transitions"": 20000000, ""max_chain_edges"": 800000}, ""phase_budgets"": {""startup"": 60.0, ""input_loading"": 15.0, ""warmup"": 120.0, ""solver"": 60.0, ""checkpoint"": 5.0, ""validation"": 30.0, ""optional_measurements"": 30.0, ""reporting"": 10.0}, ""memory_mib"": 512, ""configuration_id"": ""hurricane:AL031854__AL011991:a0.5|Independent discrete"", ""attempt_id"": ""slot02_be1a32ff67984f64be5a5df446945b5e"", ""code_version"": {""notebooks_paper\\graph_only_v3\\build_notebook.py"": ""7e3d861e03d083d656076e3b0b45e6f5c98ab1786806d1d8eb78632d9a947dfb"", ""notebooks_paper\\graph_only_v3\\common.py"": ""db97df53c1a63e8922f98df75155c0402c2c6a2186f882c11c31c11946b6f8d2"", ""notebooks_paper\\graph_only_v3\\controlled_followup.py"": ""decd837da928ca6fc987ecf60377523e7812fdfb98c43de1cbf57a9eeed88724"", ""notebooks_paper\\graph_only_v3\\investigate_repeat.py"": ""5b2e153d7aff058a2c6e5e3f71dda45e715183d5eb4bef675e98bcec854a6af3"", ""notebooks_paper\\graph_only_v3\\prepare.py"": ""03ea7bf80ea27d91595e62b70b0c0782be55cf5b4d09c3852011cbe63c1c3b5b"", ""notebooks_paper\\graph_only_v3\\render_and_audit.py"": ""cdbeeab604584f0ae671bd4070917599dfd19b16283da5d4c4cddbc63df66015"", ""notebooks_paper\\graph_only_v3\\report.py"": ""86f28e35b44329cea42d4979b1387544a47cc698ce1bade4f5d4beac7b3d4e0a"", ""notebooks_paper\\graph_only_v3\\run_once.py"": ""676283c47e2ff731632417e16423ecaede44e007dfc1bfe18b9e3f8e8c88aa93"", ""notebooks_paper\\graph_only_v3\\supervisor.py"": ""4108be52e053f5d95313e7b15270159c20c5cd06c5faf2e611d717ea9aaef579"", ""notebooks_paper\\graph_only_v3\\worker.py"": ""e3eab59206421bb87f618f6699c27407e4272b6e5e82fba899a81778a1ea9f38""}}"
hurricane:AL031854__AL011991:a0.5|CPS-2F,3,hurricane,AL031854__AL011991,25,25,projected km,output\paper_v1\inputs\hurricane_AL031854__AL011991.npz,a2ab35b783cce3d389472b1841e85b92acc3171b29993a2566d04b6759b0b287,CPS-2F,0.5,85.27599670409697,82.01596010094092,426.1842176844774,output\paper_v1\unified_pilot_results\slots\03\attempts\slot03_5333325f78a44ccf8c803cb680ccb2c1,new,"{""domain"": ""hurricane"", ""pair"": ""AL031854__AL011991"", ""case"": ""hurricane:AL031854__AL011991:a0.5"", ""nA"": 25, ""nB"": 25, ""units"": ""projected km"", ""alpha"": 0.5, ""s_A"": 170.55199340819394, ""s_B"": 164.03192020188183, ""delta1"": 85.27599670409697, ""delta2"": 82.01596010094092, ""delta3"": 426.1842176844774, ""input_file"": ""output\\paper_v1\\inputs\\hurricane_AL031854__AL011991.npz"", ""method"": ""CPS-2F"", ""diagnostic"": ""slot03"", ""certificate"": false, ""input_sha256"": ""a2ab35b783cce3d389472b1841e85b92acc3171b29993a2566d04b6759b0b287"", ""algorithms"": {""curve_algorithms.py"": ""85e1f6444f23091810a3042decc3e2945a273d2b83cb5da3c6b76f8b495c98e7"", ""cps_paper_algorithms.py"": ""49bca757aacc4d81c9263416c79b91da6fbb2df5358e9e4bb80d97d08802d876""}, ""graph_limits"": {""seconds"": 55.0, ""max_states"": 100000, ""max_transitions"": 20000000, ""max_chain_edges"": 800000}, ""phase_budgets"": {""startup"": 60.0, ""input_loading"": 15.0, ""warmup"": 120.0, ""solver"": 60.0, ""checkpoint"": 5.0, ""validation"": 30.0, ""optional_measurements"": 30.0, ""reporting"": 10.0}, ""memory_mib"": 512, ""configuration_id"": ""hurricane:AL031854__AL011991:a0.5|CPS-2F"", ""attempt_id"": ""slot03_5333325f78a44ccf8c803cb680ccb2c1"", ""code_version"": {""notebooks_paper\\graph_only_v3\\build_notebook.py"": ""7e3d861e03d083d656076e3b0b45e6f5c98ab1786806d1d8eb78632d9a947dfb"", ""notebooks_paper\\graph_only_v3\\common.py"": ""db97df53c1a63e8922f98df75155c0402c2c6a2186f882c11c31c11946b6f8d2"", ""notebooks_paper\\graph_only_v3\\controlled_followup.py"": ""decd837da928ca6fc987ecf60377523e7812fdfb98c43de1cbf57a9eeed88724"", ""notebooks_paper\\graph_only_v3\\investigate_repeat.py"": ""5b2e153d7aff058a2c6e5e3f71dda45e715183d5eb4bef675e98bcec854a6af3"", ""notebooks_paper\\graph_only_v3\\prepare.py"": ""03ea7bf80ea27d91595e62b70b0c0782be55cf5b4d09c3852011cbe63c1c3b5b"", ""notebooks_paper\\graph_only_v3\\render_and_audit.py"": ""cdbeeab604584f0ae671bd4070917599dfd19b16283da5d4c4cddbc63df66015"", ""notebooks_paper\\graph_only_v3\\report.py"": ""86f28e35b44329cea42d4979b1387544a47cc698ce1bade4f5d4beac7b3d4e0a"", ""notebooks_paper\\graph_only_v3\\run_once.py"": ""676283c47e2ff731632417e16423ecaede44e007dfc1bfe18b9e3f8e8c88aa93"", ""notebooks_paper\\graph_only_v3\\supervisor.py"": ""4108be52e053f5d95313e7b15270159c20c5cd06c5faf2e611d717ea9aaef579"", ""notebooks_paper\\graph_only_v3\\worker.py"": ""e3eab59206421bb87f618f6699c27407e4272b6e5e82fba899a81778a1ea9f38""}}"
hurricane:AL031854__AL011991:a0.5|CPS-3F,4,hurricane,AL031854__AL011991,25,25,projected km,output\paper_v1\inputs\hurricane_AL031854__AL011991.npz,a2ab35b783cce3d389472b1841e85b92acc3171b29993a2566d04b6759b0b287,CPS-3F,0.5,85.27599670409697,82.01596010094092,426.1842176844774,output\paper_v1\unified_pilot_results\slots\04\attempts\slot04_932e5573922349258233e40f17b3a4ad,new,"{""domain"": ""hurricane"", ""pair"": ""AL031854__AL011991"", ""case"": ""hurricane:AL031854__AL011991:a0.5"", ""nA"": 25, ""nB"": 25, ""units"": ""projected km"", ""alpha"": 0.5, ""s_A"": 170.55199340819394, ""s_B"": 164.03192020188183, ""delta1"": 85.27599670409697, ""delta2"": 82.01596010094092, ""delta3"": 426.1842176844774, ""input_file"": ""output\\paper_v1\\inputs\\hurricane_AL031854__AL011991.npz"", ""method"": ""CPS-3F"", ""diagnostic"": ""slot04"", ""certificate"": false, ""input_sha256"": ""a2ab35b783cce3d389472b1841e85b92acc3171b29993a2566d04b6759b0b287"", ""algorithms"": {""curve_algorithms.py"": ""85e1f6444f23091810a3042decc3e2945a273d2b83cb5da3c6b76f8b495c98e7"", ""cps_paper_algorithms.py"": ""49bca757aacc4d81c9263416c79b91da6fbb2df5358e9e4bb80d97d08802d876""}, ""graph_limits"": {""seconds"": 55.0, ""max_states"": 100000, ""max_transitions"": 20000000, ""max_chain_edges"": 800000}, ""phase_budgets"": {""startup"": 60.0, ""input_loading"": 15.0, ""warmup"": 120.0, ""solver"": 60.0, ""checkpoint"": 5.0, ""validation"": 30.0, ""optional_measurements"": 30.0, ""reporting"": 10.0}, ""memory_mib"": 512, ""configuration_id"": ""hurricane:AL031854__AL011991:a0.5|CPS-3F"", ""attempt_id"": ""slot04_932e5573922349258233e40f17b3a4ad"", ""code_version"": {""notebooks_paper\\graph_only_v3\\build_notebook.py"": ""7e3d861e03d083d656076e3b0b45e6f5c98ab1786806d1d8eb78632d9a947dfb"", ""notebooks_paper\\graph_only_v3\\common.py"": ""db97df53c1a63e8922f98df75155c0402c2c6a2186f882c11c31c11946b6f8d2"", ""notebooks_paper\\graph_only_v3\\controlled_followup.py"": ""decd837da928ca6fc987ecf60377523e7812fdfb98c43de1cbf57a9eeed88724"", ""notebooks_paper\\graph_only_v3\\investigate_repeat.py"": ""5b2e153d7aff058a2c6e5e3f71dda45e715183d5eb4bef675e98bcec854a6af3"", ""notebooks_paper\\graph_only_v3\\prepare.py"": ""03ea7bf80ea27d91595e62b70b0c0782be55cf5b4d09c3852011cbe63c1c3b5b"", ""notebooks_paper\\graph_only_v3\\render_and_audit.py"": ""cdbeeab604584f0ae671bd4070917599dfd19b16283da5d4c4cddbc63df66015"", ""notebooks_paper\\graph_only_v3\\report.py"": ""86f28e35b44329cea42d4979b1387544a47cc698ce1bade4f5d4beac7b3d4e0a"", ""notebooks_paper\\graph_only_v3\\run_once.py"": ""676283c47e2ff731632417e16423ecaede44e007dfc1bfe18b9e3f8e8c88aa93"", ""notebooks_paper\\graph_only_v3\\supervisor.py"": ""4108be52e053f5d95313e7b15270159c20c5cd06c5faf2e611d717ea9aaef579"", ""notebooks_paper\\graph_only_v3\\worker.py"": ""e3eab59206421bb87f618f6699c27407e4272b6e5e82fba899a81778a1ea9f38""}}"
hurricane:AL031854__AL011991:a1|Independent discrete,5,hurricane,AL031854__AL011991,25,25,projected km,output\paper_v1\inputs\hurricane_AL031854__AL011991.npz,a2ab35b783cce3d389472b1841e85b92acc3171b29993a2566d04b6759b0b287,Independent discrete,1.0,170.55199340819394,164.03192020188183,426.1842176844774,output\paper_v1\unified_pilot_results\slots\05\attempts\slot05_0c387ea78eff44e9945f07128b393bb1,new,"{""domain"": ""hurricane"", ""pair"": ""AL031854__AL011991"", ""case"": ""hurricane:AL031854__AL011991:a1"", ""nA"": 25, ""nB"": 25, ""units"": ""projected km"", ""alpha"": 1.0, ""s_A"": 170.55199340819394, ""s_B"": 164.03192020188183, ""delta1"": 170.55199340819394, ""delta2"": 164.03192020188183, ""delta3"": 426.1842176844774, ""input_file"": ""output\\paper_v1\\inputs\\hurricane_AL031854__AL011991.npz"", ""method"": ""Independent discrete"", ""diagnostic"": ""slot05"", ""certificate"": false, ""input_sha256"": ""a2ab35b783cce3d389472b1841e85b92acc3171b29993a2566d04b6759b0b287"", ""algorithms"": {""curve_algorithms.py"": ""85e1f6444f23091810a3042decc3e2945a273d2b83cb5da3c6b76f8b495c98e7"", ""cps_paper_algorithms.py"": ""49bca757aacc4d81c9263416c79b91da6fbb2df5358e9e4bb80d97d08802d876""}, ""graph_limits"": {""seconds"": 55.0, ""max_states"": 100000, ""max_transitions"": 20000000, ""max_chain_edges"": 800000}, ""phase_budgets"": {""startup"": 60.0, ""input_loading"": 15.0, ""warmup"": 120.0, ""solver"": 60.0, ""checkpoint"": 5.0, ""validation"": 30.0, ""optional_measurements"": 30.0, ""reporting"": 10.0}, ""memory_mib"": 512, ""configuration_id"": ""hurricane:AL031854__AL011991:a1|Independent discrete"", ""attempt_id"": ""slot05_0c387ea78eff44e9945f07128b393bb1"", ""code_version"": {""notebooks_paper\\graph_only_v3\\build_notebook.py"": ""7e3d861e03d083d656076e3b0b45e6f5c98ab1786806d1d8eb78632d9a947dfb"", ""notebooks_paper\\graph_only_v3\\common.py"": ""db97df53c1a63e8922f98df75155c0402c2c6a2186f882c11c31c11946b6f8d2"", ""notebooks_paper\\graph_only_v3\\controlled_followup.py"": ""decd837da928ca6fc987ecf60377523e7812fdfb98c43de1cbf57a9eeed88724"", ""notebooks_paper\\graph_only_v3\\investigate_repeat.py"": ""5b2e153d7aff058a2c6e5e3f71dda45e715183d5eb4bef675e98bcec854a6af3"", ""notebooks_paper\\graph_only_v3\\prepare.py"": ""03ea7bf80ea27d91595e62b70b0c0782be55cf5b4d09c3852011cbe63c1c3b5b"", ""notebooks_paper\\graph_only_v3\\render_and_audit.py"": ""cdbeeab604584f0ae671bd4070917599dfd19b16283da5d4c4cddbc63df66015"", ""notebooks_paper\\graph_only_v3\\report.py"": ""86f28e35b44329cea42d4979b1387544a47cc698ce1bade4f5d4beac7b3d4e0a"", ""notebooks_paper\\graph_only_v3\\run_once.py"": ""676283c47e2ff731632417e16423ecaede44e007dfc1bfe18b9e3f8e8c88aa93"", ""notebooks_paper\\graph_only_v3\\supervisor.py"": ""4108be52e053f5d95313e7b15270159c20c5cd06c5faf2e611d717ea9aaef579"", ""notebooks_paper\\graph_only_v3\\worker.py"": ""e3eab59206421bb87f618f6699c27407e4272b6e5e82fba899a81778a1ea9f38""}}"
hurricane:AL031854__AL011991:a1|CPS-2F,6,hurricane,AL031854__AL011991,25,25,projected km,output\paper_v1\inputs\hurricane_AL031854__AL011991.npz,a2ab35b783cce3d389472b1841e85b92acc3171b29993a2566d04b6759b0b287,CPS-2F,1.0,170.55199340819394,164.03192020188183,426.1842176844774,output\paper_v1\unified_pilot_results\slots\06\attempts\slot06_e21c1ee13d734cd8b59abf9e4a4a1dd4,new,"{""domain"": ""hurricane"", ""pair"": ""AL031854__AL011991"", ""case"": ""hurricane:AL031854__AL011991:a1"", ""nA"": 25, ""nB"": 25, ""units"": ""projected km"", ""alpha"": 1.0, ""s_A"": 170.55199340819394, ""s_B"": 164.03192020188183, ""delta1"": 170.55199340819394, ""delta2"": 164.03192020188183, ""delta3"": 426.1842176844774, ""input_file"": ""output\\paper_v1\\inputs\\hurricane_AL031854__AL011991.npz"", ""method"": ""CPS-2F"", ""diagnostic"": ""slot06"", ""certificate"": false, ""input_sha256"": ""a2ab35b783cce3d389472b1841e85b92acc3171b29993a2566d04b6759b0b287"", ""algorithms"": {""curve_algorithms.py"": ""85e1f6444f23091810a3042decc3e2945a273d2b83cb5da3c6b76f8b495c98e7"", ""cps_paper_algorithms.py"": ""49bca757aacc4d81c9263416c79b91da6fbb2df5358e9e4bb80d97d08802d876""}, ""graph_limits"": {""seconds"": 55.0, ""max_states"": 100000, ""max_transitions"": 20000000, ""max_chain_edges"": 800000}, ""phase_budgets"": {""startup"": 60.0, ""input_loading"": 15.0, ""warmup"": 120.0, ""solver"": 60.0, ""checkpoint"": 5.0, ""validation"": 30.0, ""optional_measurements"": 30.0, ""reporting"": 10.0}, ""memory_mib"": 512, ""configuration_id"": ""hurricane:AL031854__AL011991:a1|CPS-2F"", ""attempt_id"": ""slot06_e21c1ee13d734cd8b59abf9e4a4a1dd4"", ""code_version"": {""notebooks_paper\\graph_only_v3\\build_notebook.py"": ""7e3d861e03d083d656076e3b0b45e6f5c98ab1786806d1d8eb78632d9a947dfb"", ""notebooks_paper\\graph_only_v3\\common.py"": ""db97df53c1a63e8922f98df75155c0402c2c6a2186f882c11c31c11946b6f8d2"", ""notebooks_paper\\graph_only_v3\\controlled_followup.py"": ""decd837da928ca6fc987ecf60377523e7812fdfb98c43de1cbf57a9eeed88724"", ""notebooks_paper\\graph_only_v3\\investigate_repeat.py"": ""5b2e153d7aff058a2c6e5e3f71dda45e715183d5eb4bef675e98bcec854a6af3"", ""notebooks_paper\\graph_only_v3\\prepare.py"": ""03ea7bf80ea27d91595e62b70b0c0782be55cf5b4d09c3852011cbe63c1c3b5b"", ""notebooks_paper\\graph_only_v3\\render_and_audit.py"": ""cdbeeab604584f0ae671bd4070917599dfd19b16283da5d4c4cddbc63df66015"", ""notebooks_paper\\graph_only_v3\\report.py"": ""86f28e35b44329cea42d4979b1387544a47cc698ce1bade4f5d4beac7b3d4e0a"", ""notebooks_paper\\graph_only_v3\\run_once.py"": ""676283c47e2ff731632417e16423ecaede44e007dfc1bfe18b9e3f8e8c88aa93"", ""notebooks_paper\\graph_only_v3\\supervisor.py"": ""4108be52e053f5d95313e7b15270159c20c5cd06c5faf2e611d717ea9aaef579"", ""notebooks_paper\\graph_only_v3\\worker.py"": ""e3eab59206421bb87f618f6699c27407e4272b6e5e82fba899a81778a1ea9f38""}}"
hurricane:AL031854__AL011991:a1|CPS-3F,7,hurricane,AL031854__AL011991,25,25,projected km,output\paper_v1\inputs\hurricane_AL031854__AL011991.npz,a2ab35b783cce3d389472b1841e85b92acc3171b29993a2566d04b6759b0b287,CPS-3F,1.0,170.55199340819394,164.03192020188183,426.1842176844774,output\paper_v1\unified_pilot_results\slots\07\attempts\slot07_61a62b3628834eafbcd97bd272a0369e,new,"{""domain"": ""hurricane"", ""pair"": ""AL031854__AL011991"", ""case"": ""hurricane:AL031854__AL011991:a1"", ""nA"": 25, ""nB"": 25, ""units"": ""projected km"", ""alpha"": 1.0, ""s_A"": 170.55199340819394, ""s_B"": 164.03192020188183, ""delta1"": 170.55199340819394, ""delta2"": 164.03192020188183, ""delta3"": 426.1842176844774, ""input_file"": ""output\\paper_v1\\inputs\\hurricane_AL031854__AL011991.npz"", ""method"": ""CPS-3F"", ""diagnostic"": ""slot07"", ""certificate"": false, ""input_sha256"": ""a2ab35b783cce3d389472b1841e85b92acc3171b29993a2566d04b6759b0b287"", ""algorithms"": {""curve_algorithms.py"": ""85e1f6444f23091810a3042decc3e2945a273d2b83cb5da3c6b76f8b495c98e7"", ""cps_paper_algorithms.py"": ""49bca757aacc4d81c9263416c79b91da6fbb2df5358e9e4bb80d97d08802d876""}, ""graph_limits"": {""seconds"": 55.0, ""max_states"": 100000, ""max_transitions"": 20000000, ""max_chain_edges"": 800000}, ""phase_budgets"": {""startup"": 60.0, ""input_loading"": 15.0, ""warmup"": 120.0, ""solver"": 60.0, ""checkpoint"": 5.0, ""validation"": 30.0, ""optional_measurements"": 30.0, ""reporting"": 10.0}, ""memory_mib"": 512, ""configuration_id"": ""hurricane:AL031854__AL011991:a1|CPS-3F"", ""attempt_id"": ""slot07_61a62b3628834eafbcd97bd272a0369e"", ""code_version"": {""notebooks_paper\\graph_only_v3\\build_notebook.py"": ""7e3d861e03d083d656076e3b0b45e6f5c98ab1786806d1d8eb78632d9a947dfb"", ""notebooks_paper\\graph_only_v3\\common.py"": ""db97df53c1a63e8922f98df75155c0402c2c6a2186f882c11c31c11946b6f8d2"", ""notebooks_paper\\graph_only_v3\\controlled_followup.py"": ""decd837da928ca6fc987ecf60377523e7812fdfb98c43de1cbf57a9eeed88724"", ""notebooks_paper\\graph_only_v3\\investigate_repeat.py"": ""5b2e153d7aff058a2c6e5e3f71dda45e715183d5eb4bef675e98bcec854a6af3"", ""notebooks_paper\\graph_only_v3\\prepare.py"": ""03ea7bf80ea27d91595e62b70b0c0782be55cf5b4d09c3852011cbe63c1c3b5b"", ""notebooks_paper\\graph_only_v3\\render_and_audit.py"": ""cdbeeab604584f0ae671bd4070917599dfd19b16283da5d4c4cddbc63df66015"", ""notebooks_paper\\graph_only_v3\\report.py"": ""86f28e35b44329cea42d4979b1387544a47cc698ce1bade4f5d4beac7b3d4e0a"", ""notebooks_paper\\graph_only_v3\\run_once.py"": ""676283c47e2ff731632417e16423ecaede44e007dfc1bfe18b9e3f8e8c88aa93"", ""notebooks_paper\\graph_only_v3\\supervisor.py"": ""4108be52e053f5d95313e7b15270159c20c5cd06c5faf2e611d717ea9aaef579"", ""notebooks_paper\\graph_only_v3\\worker.py"": ""e3eab59206421bb87f618f6699c27407e4272b6e5e82fba899a81778a1ea9f38""}}"
hurricane:AL031854__AL011991:a1|Independent continuous,8,hurricane,AL031854__AL011991,25,25,projected km,output\paper_v1\inputs\hurricane_AL031854__AL011991.npz,a2ab35b783cce3d389472b1841e85b92acc3171b29993a2566d04b6759b0b287,Independent continuous,1.0,170.55199340819394,164.03192020188183,426.1842176844774,output\paper_v1\unified_pilot_results\slots\08\attempts\slot08_e87dd29030384a46a88e8329ed149094,new,"{""domain"": ""hurricane"", ""pair"": ""AL031854__AL011991"", ""case"": ""hurricane:AL031854__AL011991:a1"", ""nA"": 25, ""nB"": 25, ""units"": ""projected km"", ""alpha"": 1.0, ""s_A"": 170.55199340819394, ""s_B"": 164.03192020188183, ""delta1"": 170.55199340819394, ""delta2"": 164.03192020188183, ""delta3"": 426.1842176844774, ""input_file"": ""output\\paper_v1\\inputs\\hurricane_AL031854__AL011991.npz"", ""method"": ""Independent continuous"", ""diagnostic"": ""slot08"", ""certificate"": false, ""input_sha256"": ""a2ab35b783cce3d389472b1841e85b92acc3171b29993a2566d04b6759b0b287"", ""algorithms"": {""curve_algorithms.py"": ""85e1f6444f23091810a3042decc3e2945a273d2b83cb5da3c6b76f8b495c98e7"", ""cps_paper_algorithms.py"": ""49bca757aacc4d81c9263416c79b91da6fbb2df5358e9e4bb80d97d08802d876""}, ""graph_limits"": {""seconds"": 55.0, ""max_states"": 100000, ""max_transitions"": 20000000, ""max_chain_edges"": 800000}, ""phase_budgets"": {""startup"": 60.0, ""input_loading"": 15.0, ""warmup"": 120.0, ""solver"": 60.0, ""checkpoint"": 5.0, ""validation"": 30.0, ""optional_measurements"": 30.0, ""reporting"": 10.0}, ""memory_mib"": 512, ""configuration_id"": ""hurricane:AL031854__AL011991:a1|Independent continuous"", ""attempt_id"": ""slot08_e87dd29030384a46a88e8329ed149094"", ""code_version"": {""notebooks_paper\\graph_only_v3\\build_notebook.py"": ""7e3d861e03d083d656076e3b0b45e6f5c98ab1786806d1d8eb78632d9a947dfb"", ""notebooks_paper\\graph_only_v3\\common.py"": ""db97df53c1a63e8922f98df75155c0402c2c6a2186f882c11c31c11946b6f8d2"", ""notebooks_paper\\graph_only_v3\\controlled_followup.py"": ""decd837da928ca6fc987ecf60377523e7812fdfb98c43de1cbf57a9eeed88724"", ""notebooks_paper\\graph_only_v3\\investigate_repeat.py"": ""5b2e153d7aff058a2c6e5e3f71dda45e715183d5eb4bef675e98bcec854a6af3"", ""notebooks_paper\\graph_only_v3\\prepare.py"": ""03ea7bf80ea27d91595e62b70b0c0782be55cf5b4d09c3852011cbe63c1c3b5b"", ""notebooks_paper\\graph_only_v3\\render_and_audit.py"": ""cdbeeab604584f0ae671bd4070917599dfd19b16283da5d4c4cddbc63df66015"", ""notebooks_paper\\graph_only_v3\\report.py"": ""86f28e35b44329cea42d4979b1387544a47cc698ce1bade4f5d4beac7b3d4e0a"", ""notebooks_paper\\graph_only_v3\\run_once.py"": ""676283c47e2ff731632417e16423ecaede44e007dfc1bfe18b9e3f8e8c88aa93"", ""notebooks_paper\\graph_only_v3\\supervisor.py"": ""4108be52e053f5d95313e7b15270159c20c5cd06c5faf2e611d717ea9aaef579"", ""notebooks_paper\\graph_only_v3\\worker.py"": ""e3eab59206421bb87f618f6699c27407e4272b6e5e82fba899a81778a1ea9f38""}}"
hurricane:EP021949__EP031949:a0.5|CPS-2F,9,hurricane,EP021949__EP031949,25,25,projected km,output\paper_v1\inputs\hurricane_EP021949__EP031949.npz,bcd3a853b05dd5540a9e285ac6217db9ad9779bf00b033a2869181b105033790,CPS-2F,0.5,40.25507378715167,36.48157080151773,565.3421428246969,output\paper_v1\unified_pilot_results\slots\09\attempts\slot09_e46deb0bcdd14153a890b48a67dfe8ee,new,"{""domain"": ""hurricane"", ""pair"": ""EP021949__EP031949"", ""case"": ""hurricane:EP021949__EP031949:a0.5"", ""nA"": 25, ""nB"": 25, ""units"": ""projected km"", ""alpha"": 0.5, ""s_A"": 80.51014757430335, ""s_B"": 72.96314160303547, ""delta1"": 40.25507378715167, ""delta2"": 36.48157080151773, ""delta3"": 565.3421428246969, ""input_file"": ""output\\paper_v1\\inputs\\hurricane_EP021949__EP031949.npz"", ""method"": ""CPS-2F"", ""diagnostic"": ""slot09"", ""certificate"": false, ""input_sha256"": ""bcd3a853b05dd5540a9e285ac6217db9ad9779bf00b033a2869181b105033790"", ""algorithms"": {""curve_algorithms.py"": ""85e1f6444f23091810a3042decc3e2945a273d2b83cb5da3c6b76f8b495c98e7"", ""cps_paper_algorithms.py"": ""49bca757aacc4d81c9263416c79b91da6fbb2df5358e9e4bb80d97d08802d876""}, ""graph_limits"": {""seconds"": 55.0, ""max_states"": 100000, ""max_transitions"": 20000000, ""max_chain_edges"": 800000}, ""phase_budgets"": {""startup"": 60.0, ""input_loading"": 15.0, ""warmup"": 120.0, ""solver"": 60.0, ""checkpoint"": 5.0, ""validation"": 30.0, ""optional_measurements"": 30.0, ""reporting"": 10.0}, ""memory_mib"": 512, ""configuration_id"": ""hurricane:EP021949__EP031949:a0.5|CPS-2F"", ""attempt_id"": ""slot09_e46deb0bcdd14153a890b48a67dfe8ee"", ""code_version"": {""notebooks_paper\\graph_only_v3\\build_notebook.py"": ""7e3d861e03d083d656076e3b0b45e6f5c98ab1786806d1d8eb78632d9a947dfb"", ""notebooks_paper\\graph_only_v3\\common.py"": ""db97df53c1a63e8922f98df75155c0402c2c6a2186f882c11c31c11946b6f8d2"", ""notebooks_paper\\graph_only_v3\\controlled_followup.py"": ""decd837da928ca6fc987ecf60377523e7812fdfb98c43de1cbf57a9eeed88724"", ""notebooks_paper\\graph_only_v3\\investigate_repeat.py"": ""5b2e153d7aff058a2c6e5e3f71dda45e715183d5eb4bef675e98bcec854a6af3"", ""notebooks_paper\\graph_only_v3\\prepare.py"": ""03ea7bf80ea27d91595e62b70b0c0782be55cf5b4d09c3852011cbe63c1c3b5b"", ""notebooks_paper\\graph_only_v3\\render_and_audit.py"": ""cdbeeab604584f0ae671bd4070917599dfd19b16283da5d4c4cddbc63df66015"", ""notebooks_paper\\graph_only_v3\\report.py"": ""86f28e35b44329cea42d4979b1387544a47cc698ce1bade4f5d4beac7b3d4e0a"", ""notebooks_paper\\graph_only_v3\\run_once.py"": ""676283c47e2ff731632417e16423ecaede44e007dfc1bfe18b9e3f8e8c88aa93"", ""notebooks_paper\\graph_only_v3\\supervisor.py"": ""4108be52e053f5d95313e7b15270159c20c5cd06c5faf2e611d717ea9aaef579"", ""notebooks_paper\\graph_only_v3\\worker.py"": ""e3eab59206421bb87f618f6699c27407e4272b6e5e82fba899a81778a1ea9f38""}}"
hurricane:EP021949__EP031949:a0.5|CPS-3F,10,hurricane,EP021949__EP031949,25,25,projected km,output\paper_v1\inputs\hurricane_EP021949__EP031949.npz,bcd3a853b05dd5540a9e285ac6217db9ad9779bf00b033a2869181b105033790,CPS-3F,0.5,40.25507378715167,36.48157080151773,565.3421428246969,output\paper_v1\unified_pilot_results\slots\10\attempts\slot10_9c3ce8eb1cc545e1b9833ac08e21c34d,new,"{""domain"": ""hurricane"", ""pair"": ""EP021949__EP031949"", ""case"": ""hurricane:EP021949__EP031949:a0.5"", ""nA"": 25, ""nB"": 25, ""units"": ""projected km"", ""alpha"": 0.5, ""s_A"": 80.51014757430335, ""s_B"": 72.96314160303547, ""delta1"": 40.25507378715167, ""delta2"": 36.48157080151773, ""delta3"": 565.3421428246969, ""input_file"": ""output\\paper_v1\\inputs\\hurricane_EP021949__EP031949.npz"", ""method"": ""CPS-3F"", ""diagnostic"": ""slot10"", ""certificate"": false, ""input_sha256"": ""bcd3a853b05dd5540a9e285ac6217db9ad9779bf00b033a2869181b105033790"", ""algorithms"": {""curve_algorithms.py"": ""85e1f6444f23091810a3042decc3e2945a273d2b83cb5da3c6b76f8b495c98e7"", ""cps_paper_algorithms.py"": ""49bca757aacc4d81c9263416c79b91da6fbb2df5358e9e4bb80d97d08802d876""}, ""graph_limits"": {""seconds"": 55.0, ""max_states"": 100000, ""max_transitions"": 20000000, ""max_chain_edges"": 800000}, ""phase_budgets"": {""startup"": 60.0, ""input_loading"": 15.0, ""warmup"": 120.0, ""solver"": 60.0, ""checkpoint"": 5.0, ""validation"": 30.0, ""optional_measurements"": 30.0, ""reporting"": 10.0}, ""memory_mib"": 512, ""configuration_id"": ""hurricane:EP021949__EP031949:a0.5|CPS-3F"", ""attempt_id"": ""slot10_9c3ce8eb1cc545e1b9833ac08e21c34d"", ""code_version"": {""notebooks_paper\\graph_only_v3\\build_notebook.py"": ""7e3d861e03d083d656076e3b0b45e6f5c98ab1786806d1d8eb78632d9a947dfb"", ""notebooks_paper\\graph_only_v3\\common.py"": ""db97df53c1a63e8922f98df75155c0402c2c6a2186f882c11c31c11946b6f8d2"", ""notebooks_paper\\graph_only_v3\\controlled_followup.py"": ""decd837da928ca6fc987ecf60377523e7812fdfb98c43de1cbf57a9eeed88724"", ""notebooks_paper\\graph_only_v3\\investigate_repeat.py"": ""5b2e153d7aff058a2c6e5e3f71dda45e715183d5eb4bef675e98bcec854a6af3"", ""notebooks_paper\\graph_only_v3\\prepare.py"": ""03ea7bf80ea27d91595e62b70b0c0782be55cf5b4d09c3852011cbe63c1c3b5b"", ""notebooks_paper\\graph_only_v3\\render_and_audit.py"": ""cdbeeab604584f0ae671bd4070917599dfd19b16283da5d4c4cddbc63df66015"", ""notebooks_paper\\graph_only_v3\\report.py"": ""86f28e35b44329cea42d4979b1387544a47cc698ce1bade4f5d4beac7b3d4e0a"", ""notebooks_paper\\graph_only_v3\\run_once.py"": ""676283c47e2ff731632417e16423ecaede44e007dfc1bfe18b9e3f8e8c88aa93"", ""notebooks_paper\\graph_only_v3\\supervisor.py"": ""4108be52e053f5d95313e7b15270159c20c5cd06c5faf2e611d717ea9aaef579"", ""notebooks_paper\\graph_only_v3\\worker.py"": ""e3eab59206421bb87f618f6699c27407e4272b6e5e82fba899a81778a1ea9f38""}}"
hurricane:EP021949__EP031949:a0.5|Independent continuous,11,hurricane,EP021949__EP031949,25,25,projected km,output\paper_v1\inputs\hurricane_EP021949__EP031949.npz,bcd3a853b05dd5540a9e285ac6217db9ad9779bf00b033a2869181b105033790,Independent continuous,0.5,40.25507378715167,36.48157080151773,565.3421428246969,output\paper_v1\unified_pilot_results\slots\11\attempts\slot11_779efee65c1c4da48452a50487b13fb4,new,"{""domain"": ""hurricane"", ""pair"": ""EP021949__EP031949"", ""case"": ""hurricane:EP021949__EP031949:a0.5"", ""nA"": 25, ""nB"": 25, ""units"": ""projected km"", ""alpha"": 0.5, ""s_A"": 80.51014757430335, ""s_B"": 72.96314160303547, ""delta1"": 40.25507378715167, ""delta2"": 36.48157080151773, ""delta3"": 565.3421428246969, ""input_file"": ""output\\paper_v1\\inputs\\hurricane_EP021949__EP031949.npz"", ""method"": ""Independent continuous"", ""diagnostic"": ""slot11"", ""certificate"": false, ""input_sha256"": ""bcd3a853b05dd5540a9e285ac6217db9ad9779bf00b033a2869181b105033790"", ""algorithms"": {""curve_algorithms.py"": ""85e1f6444f23091810a3042decc3e2945a273d2b83cb5da3c6b76f8b495c98e7"", ""cps_paper_algorithms.py"": ""49bca757aacc4d81c9263416c79b91da6fbb2df5358e9e4bb80d97d08802d876""}, ""graph_limits"": {""seconds"": 55.0, ""max_states"": 100000, ""max_transitions"": 20000000, ""max_chain_edges"": 800000}, ""phase_budgets"": {""startup"": 60.0, ""input_loading"": 15.0, ""warmup"": 120.0, ""solver"": 60.0, ""checkpoint"": 5.0, ""validation"": 30.0, ""optional_measurements"": 30.0, ""reporting"": 10.0}, ""memory_mib"": 512, ""configuration_id"": ""hurricane:EP021949__EP031949:a0.5|Independent continuous"", ""attempt_id"": ""slot11_779efee65c1c4da48452a50487b13fb4"", ""code_version"": {""notebooks_paper\\graph_only_v3\\build_notebook.py"": ""7e3d861e03d083d656076e3b0b45e6f5c98ab1786806d1d8eb78632d9a947dfb"", ""notebooks_paper\\graph_only_v3\\common.py"": ""db97df53c1a63e8922f98df75155c0402c2c6a2186f882c11c31c11946b6f8d2"", ""notebooks_paper\\graph_only_v3\\controlled_followup.py"": ""decd837da928ca6fc987ecf60377523e7812fdfb98c43de1cbf57a9eeed88724"", ""notebooks_paper\\graph_only_v3\\investigate_repeat.py"": ""5b2e153d7aff058a2c6e5e3f71dda45e715183d5eb4bef675e98bcec854a6af3"", ""notebooks_paper\\graph_only_v3\\prepare.py"": ""03ea7bf80ea27d91595e62b70b0c0782be55cf5b4d09c3852011cbe63c1c3b5b"", ""notebooks_paper\\graph_only_v3\\render_and_audit.py"": ""cdbeeab604584f0ae671bd4070917599dfd19b16283da5d4c4cddbc63df66015"", ""notebooks_paper\\graph_only_v3\\report.py"": ""86f28e35b44329cea42d4979b1387544a47cc698ce1bade4f5d4beac7b3d4e0a"", ""notebooks_paper\\graph_only_v3\\run_once.py"": ""676283c47e2ff731632417e16423ecaede44e007dfc1bfe18b9e3f8e8c88aa93"", ""notebooks_paper\\graph_only_v3\\supervisor.py"": ""4108be52e053f5d95313e7b15270159c20c5cd06c5faf2e611d717ea9aaef579"", ""notebooks_paper\\graph_only_v3\\worker.py"": ""e3eab59206421bb87f618f6699c27407e4272b6e5e82fba899a81778a1ea9f38""}}"
hurricane:EP021949__EP031949:a0.5|Independent discrete,12,hurricane,EP021949__EP031949,25,25,projected km,output\paper_v1\inputs\hurricane_EP021949__EP031949.npz,bcd3a853b05dd5540a9e285ac6217db9ad9779bf00b033a2869181b105033790,Independent discrete,0.5,40.25507378715167,36.48157080151773,565.3421428246969,output\paper_v1\unified_pilot_results\slots\12\attempts\slot12_cbb981900e99447d9afd681e05358355,new,"{""domain"": ""hurricane"", ""pair"": ""EP021949__EP031949"", ""case"": ""hurricane:EP021949__EP031949:a0.5"", ""nA"": 25, ""nB"": 25, ""units"": ""projected km"", ""alpha"": 0.5, ""s_A"": 80.51014757430335, ""s_B"": 72.96314160303547, ""delta1"": 40.25507378715167, ""delta2"": 36.48157080151773, ""delta3"": 565.3421428246969, ""input_file"": ""output\\paper_v1\\inputs\\hurricane_EP021949__EP031949.npz"", ""method"": ""Independent discrete"", ""diagnostic"": ""slot12"", ""certificate"": false, ""input_sha256"": ""bcd3a853b05dd5540a9e285ac6217db9ad9779bf00b033a2869181b105033790"", ""algorithms"": {""curve_algorithms.py"": ""85e1f6444f23091810a3042decc3e2945a273d2b83cb5da3c6b76f8b495c98e7"", ""cps_paper_algorithms.py"": ""49bca757aacc4d81c9263416c79b91da6fbb2df5358e9e4bb80d97d08802d876""}, ""graph_limits"": {""seconds"": 55.0, ""max_states"": 100000, ""max_transitions"": 20000000, ""max_chain_edges"": 800000}, ""phase_budgets"": {""startup"": 60.0, ""input_loading"": 15.0, ""warmup"": 120.0, ""solver"": 60.0, ""checkpoint"": 5.0, ""validation"": 30.0, ""optional_measurements"": 30.0, ""reporting"": 10.0}, ""memory_mib"": 512, ""configuration_id"": ""hurricane:EP021949__EP031949:a0.5|Independent discrete"", ""attempt_id"": ""slot12_cbb981900e99447d9afd681e05358355"", ""code_version"": {""notebooks_paper\\graph_only_v3\\build_notebook.py"": ""7e3d861e03d083d656076e3b0b45e6f5c98ab1786806d1d8eb78632d9a947dfb"", ""notebooks_paper\\graph_only_v3\\common.py"": ""db97df53c1a63e8922f98df75155c0402c2c6a2186f882c11c31c11946b6f8d2"", ""notebooks_paper\\graph_only_v3\\controlled_followup.py"": ""decd837da928ca6fc987ecf60377523e7812fdfb98c43de1cbf57a9eeed88724"", ""notebooks_paper\\graph_only_v3\\investigate_repeat.py"": ""5b2e153d7aff058a2c6e5e3f71dda45e715183d5eb4bef675e98bcec854a6af3"", ""notebooks_paper\\graph_only_v3\\prepare.py"": ""03ea7bf80ea27d91595e62b70b0c0782be55cf5b4d09c3852011cbe63c1c3b5b"", ""notebooks_paper\\graph_only_v3\\render_and_audit.py"": ""cdbeeab604584f0ae671bd4070917599dfd19b16283da5d4c4cddbc63df66015"", ""notebooks_paper\\graph_only_v3\\report.py"": ""86f28e35b44329cea42d4979b1387544a47cc698ce1bade4f5d4beac7b3d4e0a"", ""notebooks_paper\\graph_only_v3\\run_once.py"": ""676283c47e2ff731632417e16423ecaede44e007dfc1bfe18b9e3f8e8c88aa93"", ""notebooks_paper\\graph_only_v3\\supervisor.py"": ""4108be52e053f5d95313e7b15270159c20c5cd06c5faf2e611d717ea9aaef579"", ""notebooks_paper\\graph_only_v3\\worker.py"": ""e3eab59206421bb87f618f6699c27407e4272b6e5e82fba899a81778a1ea9f38""}}"
hurricane:EP021949__EP031949:a1|CPS-3F,13,hurricane,EP021949__EP031949,25,25,projected km,output\paper_v1\inputs\hurricane_EP021949__EP031949.npz,bcd3a853b05dd5540a9e285ac6217db9ad9779bf00b033a2869181b105033790,CPS-3F,1.0,80.51014757430335,72.96314160303547,565.3421428246969,output\paper_v1\unified_pilot_results\slots\13\attempts\slot13_288bd832f6b34a6ca19d5e091f46554e,new,"{""domain"": ""hurricane"", ""pair"": ""EP021949__EP031949"", ""case"": ""hurricane:EP021949__EP031949:a1"", ""nA"": 25, ""nB"": 25, ""units"": ""projected km"", ""alpha"": 1.0, ""s_A"": 80.51014757430335, ""s_B"": 72.96314160303547, ""delta1"": 80.51014757430335, ""delta2"": 72.96314160303547, ""delta3"": 565.3421428246969, ""input_file"": ""output\\paper_v1\\inputs\\hurricane_EP021949__EP031949.npz"", ""method"": ""CPS-3F"", ""diagnostic"": ""slot13"", ""certificate"": false, ""input_sha256"": ""bcd3a853b05dd5540a9e285ac6217db9ad9779bf00b033a2869181b105033790"", ""algorithms"": {""curve_algorithms.py"": ""85e1f6444f23091810a3042decc3e2945a273d2b83cb5da3c6b76f8b495c98e7"", ""cps_paper_algorithms.py"": ""49bca757aacc4d81c9263416c79b91da6fbb2df5358e9e4bb80d97d08802d876""}, ""graph_limits"": {""seconds"": 55.0, ""max_states"": 100000, ""max_transitions"": 20000000, ""max_chain_edges"": 800000}, ""phase_budgets"": {""startup"": 60.0, ""input_loading"": 15.0, ""warmup"": 120.0, ""solver"": 60.0, ""checkpoint"": 5.0, ""validation"": 30.0, ""optional_measurements"": 30.0, ""reporting"": 10.0}, ""memory_mib"": 512, ""configuration_id"": ""hurricane:EP021949__EP031949:a1|CPS-3F"", ""attempt_id"": ""slot13_288bd832f6b34a6ca19d5e091f46554e"", ""code_version"": {""notebooks_paper\\graph_only_v3\\build_notebook.py"": ""7e3d861e03d083d656076e3b0b45e6f5c98ab1786806d1d8eb78632d9a947dfb"", ""notebooks_paper\\graph_only_v3\\common.py"": ""db97df53c1a63e8922f98df75155c0402c2c6a2186f882c11c31c11946b6f8d2"", ""notebooks_paper\\graph_only_v3\\controlled_followup.py"": ""decd837da928ca6fc987ecf60377523e7812fdfb98c43de1cbf57a9eeed88724"", ""notebooks_paper\\graph_only_v3\\investigate_repeat.py"": ""5b2e153d7aff058a2c6e5e3f71dda45e715183d5eb4bef675e98bcec854a6af3"", ""notebooks_paper\\graph_only_v3\\prepare.py"": ""03ea7bf80ea27d91595e62b70b0c0782be55cf5b4d09c3852011cbe63c1c3b5b"", ""notebooks_paper\\graph_only_v3\\render_and_audit.py"": ""cdbeeab604584f0ae671bd4070917599dfd19b16283da5d4c4cddbc63df66015"", ""notebooks_paper\\graph_only_v3\\report.py"": ""86f28e35b44329cea42d4979b1387544a47cc698ce1bade4f5d4beac7b3d4e0a"", ""notebooks_paper\\graph_only_v3\\run_once.py"": ""676283c47e2ff731632417e16423ecaede44e007dfc1bfe18b9e3f8e8c88aa93"", ""notebooks_paper\\graph_only_v3\\supervisor.py"": ""4108be52e053f5d95313e7b15270159c20c5cd06c5faf2e611d717ea9aaef579"", ""notebooks_paper\\graph_only_v3\\worker.py"": ""e3eab59206421bb87f618f6699c27407e4272b6e5e82fba899a81778a1ea9f38""}}"
hurricane:EP021949__EP031949:a1|Independent continuous,14,hurricane,EP021949__EP031949,25,25,projected km,output\paper_v1\inputs\hurricane_EP021949__EP031949.npz,bcd3a853b05dd5540a9e285ac6217db9ad9779bf00b033a2869181b105033790,Independent continuous,1.0,80.51014757430335,72.96314160303547,565.3421428246969,output\paper_v1\unified_pilot_results\slots\14\attempts\slot14_611e60f8a5fe4cb1ad7a48a443a2692b,new,"{""domain"": ""hurricane"", ""pair"": ""EP021949__EP031949"", ""case"": ""hurricane:EP021949__EP031949:a1"", ""nA"": 25, ""nB"": 25, ""units"": ""projected km"", ""alpha"": 1.0, ""s_A"": 80.51014757430335, ""s_B"": 72.96314160303547, ""delta1"": 80.51014757430335, ""delta2"": 72.96314160303547, ""delta3"": 565.3421428246969, ""input_file"": ""output\\paper_v1\\inputs\\hurricane_EP021949__EP031949.npz"", ""method"": ""Independent continuous"", ""diagnostic"": ""slot14"", ""certificate"": false, ""input_sha256"": ""bcd3a853b05dd5540a9e285ac6217db9ad9779bf00b033a2869181b105033790"", ""algorithms"": {""curve_algorithms.py"": ""85e1f6444f23091810a3042decc3e2945a273d2b83cb5da3c6b76f8b495c98e7"", ""cps_paper_algorithms.py"": ""49bca757aacc4d81c9263416c79b91da6fbb2df5358e9e4bb80d97d08802d876""}, ""graph_limits"": {""seconds"": 55.0, ""max_states"": 100000, ""max_transitions"": 20000000, ""max_chain_edges"": 800000}, ""phase_budgets"": {""startup"": 60.0, ""input_loading"": 15.0, ""warmup"": 120.0, ""solver"": 60.0, ""checkpoint"": 5.0, ""validation"": 30.0, ""optional_measurements"": 30.0, ""reporting"": 10.0}, ""memory_mib"": 512, ""configuration_id"": ""hurricane:EP021949__EP031949:a1|Independent continuous"", ""attempt_id"": ""slot14_611e60f8a5fe4cb1ad7a48a443a2692b"", ""code_version"": {""notebooks_paper\\graph_only_v3\\build_notebook.py"": ""7e3d861e03d083d656076e3b0b45e6f5c98ab1786806d1d8eb78632d9a947dfb"", ""notebooks_paper\\graph_only_v3\\common.py"": ""db97df53c1a63e8922f98df75155c0402c2c6a2186f882c11c31c11946b6f8d2"", ""notebooks_paper\\graph_only_v3\\controlled_followup.py"": ""decd837da928ca6fc987ecf60377523e7812fdfb98c43de1cbf57a9eeed88724"", ""notebooks_paper\\graph_only_v3\\investigate_repeat.py"": ""5b2e153d7aff058a2c6e5e3f71dda45e715183d5eb4bef675e98bcec854a6af3"", ""notebooks_paper\\graph_only_v3\\prepare.py"": ""03ea7bf80ea27d91595e62b70b0c0782be55cf5b4d09c3852011cbe63c1c3b5b"", ""notebooks_paper\\graph_only_v3\\render_and_audit.py"": ""cdbeeab604584f0ae671bd4070917599dfd19b16283da5d4c4cddbc63df66015"", ""notebooks_paper\\graph_only_v3\\report.py"": ""86f28e35b44329cea42d4979b1387544a47cc698ce1bade4f5d4beac7b3d4e0a"", ""notebooks_paper\\graph_only_v3\\run_once.py"": ""676283c47e2ff731632417e16423ecaede44e007dfc1bfe18b9e3f8e8c88aa93"", ""notebooks_paper\\graph_only_v3\\supervisor.py"": ""4108be52e053f5d95313e7b15270159c20c5cd06c5faf2e611d717ea9aaef579"", ""notebooks_paper\\graph_only_v3\\worker.py"": ""e3eab59206421bb87f618f6699c27407e4272b6e5e82fba899a81778a1ea9f38""}}"
hurricane:EP021949__EP031949:a1|Independent discrete,15,hurricane,EP021949__EP031949,25,25,projected km,output\paper_v1\inputs\hurricane_EP021949__EP031949.npz,bcd3a853b05dd5540a9e285ac6217db9ad9779bf00b033a2869181b105033790,Independent discrete,1.0,80.51014757430335,72.96314160303547,565.3421428246969,output\paper_v1\unified_pilot_results\slots\15\attempts\slot15_452824b437124977b5f90387d2ceee8f,new,"{""domain"": ""hurricane"", ""pair"": ""EP021949__EP031949"", ""case"": ""hurricane:EP021949__EP031949:a1"", ""nA"": 25, ""nB"": 25, ""units"": ""projected km"", ""alpha"": 1.0, ""s_A"": 80.51014757430335, ""s_B"": 72.96314160303547, ""delta1"": 80.51014757430335, ""delta2"": 72.96314160303547, ""delta3"": 565.3421428246969, ""input_file"": ""output\\paper_v1\\inputs\\hurricane_EP021949__EP031949.npz"", ""method"": ""Independent discrete"", ""diagnostic"": ""slot15"", ""certificate"": false, ""input_sha256"": ""bcd3a853b05dd5540a9e285ac6217db9ad9779bf00b033a2869181b105033790"", ""algorithms"": {""curve_algorithms.py"": ""85e1f6444f23091810a3042decc3e2945a273d2b83cb5da3c6b76f8b495c98e7"", ""cps_paper_algorithms.py"": ""49bca757aacc4d81c9263416c79b91da6fbb2df5358e9e4bb80d97d08802d876""}, ""graph_limits"": {""seconds"": 55.0, ""max_states"": 100000, ""max_transitions"": 20000000, ""max_chain_edges"": 800000}, ""phase_budgets"": {""startup"": 60.0, ""input_loading"": 15.0, ""warmup"": 120.0, ""solver"": 60.0, ""checkpoint"": 5.0, ""validation"": 30.0, ""optional_measurements"": 30.0, ""reporting"": 10.0}, ""memory_mib"": 512, ""configuration_id"": ""hurricane:EP021949__EP031949:a1|Independent discrete"", ""attempt_id"": ""slot15_452824b437124977b5f90387d2ceee8f"", ""code_version"": {""notebooks_paper\\graph_only_v3\\build_notebook.py"": ""7e3d861e03d083d656076e3b0b45e6f5c98ab1786806d1d8eb78632d9a947dfb"", ""notebooks_paper\\graph_only_v3\\common.py"": ""db97df53c1a63e8922f98df75155c0402c2c6a2186f882c11c31c11946b6f8d2"", ""notebooks_paper\\graph_only_v3\\controlled_followup.py"": ""decd837da928ca6fc987ecf60377523e7812fdfb98c43de1cbf57a9eeed88724"", ""notebooks_paper\\graph_only_v3\\investigate_repeat.py"": ""5b2e153d7aff058a2c6e5e3f71dda45e715183d5eb4bef675e98bcec854a6af3"", ""notebooks_paper\\graph_only_v3\\prepare.py"": ""03ea7bf80ea27d91595e62b70b0c0782be55cf5b4d09c3852011cbe63c1c3b5b"", ""notebooks_paper\\graph_only_v3\\render_and_audit.py"": ""cdbeeab604584f0ae671bd4070917599dfd19b16283da5d4c4cddbc63df66015"", ""notebooks_paper\\graph_only_v3\\report.py"": ""86f28e35b44329cea42d4979b1387544a47cc698ce1bade4f5d4beac7b3d4e0a"", ""notebooks_paper\\graph_only_v3\\run_once.py"": ""676283c47e2ff731632417e16423ecaede44e007dfc1bfe18b9e3f8e8c88aa93"", ""notebooks_paper\\graph_only_v3\\supervisor.py"": ""4108be52e053f5d95313e7b15270159c20c5cd06c5faf2e611d717ea9aaef579"", ""notebooks_paper\\graph_only_v3\\worker.py"": ""e3eab59206421bb87f618f6699c27407e4272b6e5e82fba899a81778a1ea9f38""}}"
hurricane:EP021949__EP031949:a1|CPS-2F,16,hurricane,EP021949__EP031949,25,25,projected km,output\paper_v1\inputs\hurricane_EP021949__EP031949.npz,bcd3a853b05dd5540a9e285ac6217db9ad9779bf00b033a2869181b105033790,CPS-2F,1.0,80.51014757430335,72.96314160303547,565.3421428246969,output\paper_v1\unified_pilot_results\slots\16\attempts\slot16_717d93cece42448796adbcb4b4004ad9,new,"{""domain"": ""hurricane"", ""pair"": ""EP021949__EP031949"", ""case"": ""hurricane:EP021949__EP031949:a1"", ""nA"": 25, ""nB"": 25, ""units"": ""projected km"", ""alpha"": 1.0, ""s_A"": 80.51014757430335, ""s_B"": 72.96314160303547, ""delta1"": 80.51014757430335, ""delta2"": 72.96314160303547, ""delta3"": 565.3421428246969, ""input_file"": ""output\\paper_v1\\inputs\\hurricane_EP021949__EP031949.npz"", ""method"": ""CPS-2F"", ""diagnostic"": ""slot16"", ""certificate"": false, ""input_sha256"": ""bcd3a853b05dd5540a9e285ac6217db9ad9779bf00b033a2869181b105033790"", ""algorithms"": {""curve_algorithms.py"": ""85e1f6444f23091810a3042decc3e2945a273d2b83cb5da3c6b76f8b495c98e7"", ""cps_paper_algorithms.py"": ""49bca757aacc4d81c9263416c79b91da6fbb2df5358e9e4bb80d97d08802d876""}, ""graph_limits"": {""seconds"": 55.0, ""max_states"": 100000, ""max_transitions"": 20000000, ""max_chain_edges"": 800000}, ""phase_budgets"": {""startup"": 60.0, ""input_loading"": 15.0, ""warmup"": 120.0, ""solver"": 60.0, ""checkpoint"": 5.0, ""validation"": 30.0, ""optional_measurements"": 30.0, ""reporting"": 10.0}, ""memory_mib"": 512, ""configuration_id"": ""hurricane:EP021949__EP031949:a1|CPS-2F"", ""attempt_id"": ""slot16_717d93cece42448796adbcb4b4004ad9"", ""code_version"": {""notebooks_paper\\graph_only_v3\\build_notebook.py"": ""7e3d861e03d083d656076e3b0b45e6f5c98ab1786806d1d8eb78632d9a947dfb"", ""notebooks_paper\\graph_only_v3\\common.py"": ""db97df53c1a63e8922f98df75155c0402c2c6a2186f882c11c31c11946b6f8d2"", ""notebooks_paper\\graph_only_v3\\controlled_followup.py"": ""decd837da928ca6fc987ecf60377523e7812fdfb98c43de1cbf57a9eeed88724"", ""notebooks_paper\\graph_only_v3\\investigate_repeat.py"": ""5b2e153d7aff058a2c6e5e3f71dda45e715183d5eb4bef675e98bcec854a6af3"", ""notebooks_paper\\graph_only_v3\\prepare.py"": ""03ea7bf80ea27d91595e62b70b0c0782be55cf5b4d09c3852011cbe63c1c3b5b"", ""notebooks_paper\\graph_only_v3\\render_and_audit.py"": ""cdbeeab604584f0ae671bd4070917599dfd19b16283da5d4c4cddbc63df66015"", ""notebooks_paper\\graph_only_v3\\report.py"": ""86f28e35b44329cea42d4979b1387544a47cc698ce1bade4f5d4beac7b3d4e0a"", ""notebooks_paper\\graph_only_v3\\run_once.py"": ""676283c47e2ff731632417e16423ecaede44e007dfc1bfe18b9e3f8e8c88aa93"", ""notebooks_paper\\graph_only_v3\\supervisor.py"": ""4108be52e053f5d95313e7b15270159c20c5cd06c5faf2e611d717ea9aaef579"", ""notebooks_paper\\graph_only_v3\\worker.py"": ""e3eab59206421bb87f618f6699c27407e4272b6e5e82fba899a81778a1ea9f38""}}"
protein:1o7j.a__1d9q.d:a0.5|Independent continuous,17,protein,1o7j.a__1d9q.d,22,22,angstrom,output\paper_v1\inputs\protein_1o7j.a__1d9q.d.npz,6da737c8ea96bfb47844846e5920c7268988254098012fbdabfcb166eda79bc3,Independent continuous,0.5,9.476499139682725,10.101752088004297,47.96448297438429,output\paper_v1\unified_pilot_results\slots\17\attempts\slot17_8cc2d653a53341719f762049559f92f0,new,"{""domain"": ""protein"", ""pair"": ""1o7j.a__1d9q.d"", ""case"": ""protein:1o7j.a__1d9q.d:a0.5"", ""nA"": 22, ""nB"": 22, ""units"": ""angstrom"", ""alpha"": 0.5, ""s_A"": 18.95299827936545, ""s_B"": 20.20350417600859, ""delta1"": 9.476499139682725, ""delta2"": 10.101752088004297, ""delta3"": 47.96448297438429, ""input_file"": ""output\\paper_v1\\inputs\\protein_1o7j.a__1d9q.d.npz"", ""method"": ""Independent continuous"", ""diagnostic"": ""slot17"", ""certificate"": false, ""input_sha256"": ""6da737c8ea96bfb47844846e5920c7268988254098012fbdabfcb166eda79bc3"", ""algorithms"": {""curve_algorithms.py"": ""85e1f6444f23091810a3042decc3e2945a273d2b83cb5da3c6b76f8b495c98e7"", ""cps_paper_algorithms.py"": ""49bca757aacc4d81c9263416c79b91da6fbb2df5358e9e4bb80d97d08802d876""}, ""graph_limits"": {""seconds"": 55.0, ""max_states"": 100000, ""max_transitions"": 20000000, ""max_chain_edges"": 800000}, ""phase_budgets"": {""startup"": 60.0, ""input_loading"": 15.0, ""warmup"": 120.0, ""solver"": 60.0, ""checkpoint"": 5.0, ""validation"": 30.0, ""optional_measurements"": 30.0, ""reporting"": 10.0}, ""memory_mib"": 512, ""configuration_id"": ""protein:1o7j.a__1d9q.d:a0.5|Independent continuous"", ""attempt_id"": ""slot17_8cc2d653a53341719f762049559f92f0"", ""code_version"": {""notebooks_paper\\graph_only_v3\\build_notebook.py"": ""7e3d861e03d083d656076e3b0b45e6f5c98ab1786806d1d8eb78632d9a947dfb"", ""notebooks_paper\\graph_only_v3\\common.py"": ""db97df53c1a63e8922f98df75155c0402c2c6a2186f882c11c31c11946b6f8d2"", ""notebooks_paper\\graph_only_v3\\controlled_followup.py"": ""decd837da928ca6fc987ecf60377523e7812fdfb98c43de1cbf57a9eeed88724"", ""notebooks_paper\\graph_only_v3\\investigate_repeat.py"": ""5b2e153d7aff058a2c6e5e3f71dda45e715183d5eb4bef675e98bcec854a6af3"", ""notebooks_paper\\graph_only_v3\\prepare.py"": ""03ea7bf80ea27d91595e62b70b0c0782be55cf5b4d09c3852011cbe63c1c3b5b"", ""notebooks_paper\\graph_only_v3\\render_and_audit.py"": ""cdbeeab604584f0ae671bd4070917599dfd19b16283da5d4c4cddbc63df66015"", ""notebooks_paper\\graph_only_v3\\report.py"": ""86f28e35b44329cea42d4979b1387544a47cc698ce1bade4f5d4beac7b3d4e0a"", ""notebooks_paper\\graph_only_v3\\run_once.py"": ""676283c47e2ff731632417e16423ecaede44e007dfc1bfe18b9e3f8e8c88aa93"", ""notebooks_paper\\graph_only_v3\\supervisor.py"": ""4108be52e053f5d95313e7b15270159c20c5cd06c5faf2e611d717ea9aaef579"", ""notebooks_paper\\graph_only_v3\\worker.py"": ""e3eab59206421bb87f618f6699c27407e4272b6e5e82fba899a81778a1ea9f38""}}"
protein:1o7j.a__1d9q.d:a0.5|Independent discrete,18,protein,1o7j.a__1d9q.d,22,22,angstrom,output\paper_v1\inputs\protein_1o7j.a__1d9q.d.npz,6da737c8ea96bfb47844846e5920c7268988254098012fbdabfcb166eda79bc3,Independent discrete,0.5,9.476499139682725,10.101752088004297,47.96448297438429,output\paper_v1\graph_only_v2\attempts\C_8c679d9e32f84779ab0c2bea3386850e,reused,"{""domain"": ""protein"", ""pair"": ""1o7j.a__1d9q.d"", ""case"": ""protein:1o7j.a__1d9q.d:a0.5"", ""nA"": 22, ""nB"": 22, ""units"": ""angstrom"", ""alpha"": 0.5, ""s_A"": 18.95299827936545, ""s_B"": 20.20350417600859, ""delta1"": 9.476499139682725, ""delta2"": 10.101752088004297, ""delta3"": 47.96448297438429, ""input_file"": ""output\\paper_v1\\inputs\\protein_1o7j.a__1d9q.d.npz"", ""diagnostic"": ""C"", ""method"": ""Independent discrete"", ""certificate"": false, ""graph_limits"": {""seconds"": 55.0, ""max_states"": 30000, ""max_transitions"": 500000, ""max_chain_edges"": 200000}, ""phase_budgets"": {""startup"": 60.0, ""input_loading"": 15.0, ""warmup"": 120.0, ""solver"": 60.0, ""checkpoint"": 5.0, ""validation"": 30.0, ""optional_measurements"": 30.0, ""reporting"": 10.0}, ""memory_mib"": 512, ""input_sha256"": ""6da737c8ea96bfb47844846e5920c7268988254098012fbdabfcb166eda79bc3"", ""parameter_file_sha256"": ""3fcba922fe7a59575833c4b63fb35b59a701259b5e7044fd399c6564f4667372"", ""graph_limits_applicable"": false, ""internal_seconds_applicable"": false, ""independent_discrete_chain_edge_default"": 2000000, ""algorithms"": {""cps_paper_algorithms.py"": ""49bca757aacc4d81c9263416c79b91da6fbb2df5358e9e4bb80d97d08802d876"", ""curve_algorithms.py"": ""85e1f6444f23091810a3042decc3e2945a273d2b83cb5da3c6b76f8b495c98e7""}, ""attempt_id"": ""C_8c679d9e32f84779ab0c2bea3386850e"", ""code_version"": {""notebooks_paper\\graph_only_v2\\common.py"": ""e453c334f4b62aabed1cf136260707c2972a6cfd877034c53112167da4bf1532"", ""notebooks_paper\\graph_only_v2\\prepare.py"": ""0cceef61420b6212cfff013fd1ebb6a36e8078fa1975bd0f2ff38c4147cb5538"", ""notebooks_paper\\graph_only_v2\\references.py"": ""eb534dd80ea27121217808dae65bdf2e34d1f84bedcda76763aba57837dc1424"", ""notebooks_paper\\graph_only_v2\\regressions.py"": ""af79dc78d26fba083477e5a49f616c13062308e0fd76f59cd00d1a6060a2daff"", ""notebooks_paper\\graph_only_v2\\run_diagnostics.py"": ""87fb6c273aa650bf2587bea2d4733ead6c0f7bd88eedc397dc78e8fc34f13fdd"", ""notebooks_paper\\graph_only_v2\\supervisor.py"": ""be0bbac210c34dcededf0a4ad9805d5f41dc243221325b278f9091ffa8d6cacd"", ""notebooks_paper\\graph_only_v2\\worker.py"": ""295216ac60eedddc30fe8885c9210417e5bd5879fafe1d0b6da48103c0a80019""}}"
protein:1o7j.a__1d9q.d:a0.5|CPS-2F,19,protein,1o7j.a__1d9q.d,22,22,angstrom,output\paper_v1\inputs\protein_1o7j.a__1d9q.d.npz,6da737c8ea96bfb47844846e5920c7268988254098012fbdabfcb166eda79bc3,CPS-2F,0.5,9.476499139682725,10.101752088004297,47.96448297438429,output\paper_v1\unified_pilot_results\slots\19\attempts\slot19_67a95ddd348341d08fd3a07c99191bd7,new,"{""domain"": ""protein"", ""pair"": ""1o7j.a__1d9q.d"", ""case"": ""protein:1o7j.a__1d9q.d:a0.5"", ""nA"": 22, ""nB"": 22, ""units"": ""angstrom"", ""alpha"": 0.5, ""s_A"": 18.95299827936545, ""s_B"": 20.20350417600859, ""delta1"": 9.476499139682725, ""delta2"": 10.101752088004297, ""delta3"": 47.96448297438429, ""input_file"": ""output\\paper_v1\\inputs\\protein_1o7j.a__1d9q.d.npz"", ""method"": ""CPS-2F"", ""diagnostic"": ""slot19"", ""certificate"": false, ""input_sha256"": ""6da737c8ea96bfb47844846e5920c7268988254098012fbdabfcb166eda79bc3"", ""algorithms"": {""curve_algorithms.py"": ""85e1f6444f23091810a3042decc3e2945a273d2b83cb5da3c6b76f8b495c98e7"", ""cps_paper_algorithms.py"": ""49bca757aacc4d81c9263416c79b91da6fbb2df5358e9e4bb80d97d08802d876""}, ""graph_limits"": {""seconds"": 55.0, ""max_states"": 100000, ""max_transitions"": 20000000, ""max_chain_edges"": 800000}, ""phase_budgets"": {""startup"": 60.0, ""input_loading"": 15.0, ""warmup"": 120.0, ""solver"": 60.0, ""checkpoint"": 5.0, ""validation"": 30.0, ""optional_measurements"": 30.0, ""reporting"": 10.0}, ""memory_mib"": 512, ""configuration_id"": ""protein:1o7j.a__1d9q.d:a0.5|CPS-2F"", ""attempt_id"": ""slot19_67a95ddd348341d08fd3a07c99191bd7"", ""code_version"": {""notebooks_paper\\graph_only_v3\\build_notebook.py"": ""7e3d861e03d083d656076e3b0b45e6f5c98ab1786806d1d8eb78632d9a947dfb"", ""notebooks_paper\\graph_only_v3\\common.py"": ""db97df53c1a63e8922f98df75155c0402c2c6a2186f882c11c31c11946b6f8d2"", ""notebooks_paper\\graph_only_v3\\controlled_followup.py"": ""decd837da928ca6fc987ecf60377523e7812fdfb98c43de1cbf57a9eeed88724"", ""notebooks_paper\\graph_only_v3\\investigate_repeat.py"": ""5b2e153d7aff058a2c6e5e3f71dda45e715183d5eb4bef675e98bcec854a6af3"", ""notebooks_paper\\graph_only_v3\\prepare.py"": ""03ea7bf80ea27d91595e62b70b0c0782be55cf5b4d09c3852011cbe63c1c3b5b"", ""notebooks_paper\\graph_only_v3\\render_and_audit.py"": ""cdbeeab604584f0ae671bd4070917599dfd19b16283da5d4c4cddbc63df66015"", ""notebooks_paper\\graph_only_v3\\report.py"": ""86f28e35b44329cea42d4979b1387544a47cc698ce1bade4f5d4beac7b3d4e0a"", ""notebooks_paper\\graph_only_v3\\run_once.py"": ""676283c47e2ff731632417e16423ecaede44e007dfc1bfe18b9e3f8e8c88aa93"", ""notebooks_paper\\graph_only_v3\\supervisor.py"": ""4108be52e053f5d95313e7b15270159c20c5cd06c5faf2e611d717ea9aaef579"", ""notebooks_paper\\graph_only_v3\\worker.py"": ""e3eab59206421bb87f618f6699c27407e4272b6e5e82fba899a81778a1ea9f38""}}"
protein:1o7j.a__1d9q.d:a0.5|CPS-3F,20,protein,1o7j.a__1d9q.d,22,22,angstrom,output\paper_v1\inputs\protein_1o7j.a__1d9q.d.npz,6da737c8ea96bfb47844846e5920c7268988254098012fbdabfcb166eda79bc3,CPS-3F,0.5,9.476499139682725,10.101752088004297,47.96448297438429,output\paper_v1\unified_pilot_results\slots\20\attempts\slot20_e0ee0e87e6cf44b8b6e3f58388474666,new,"{""domain"": ""protein"", ""pair"": ""1o7j.a__1d9q.d"", ""case"": ""protein:1o7j.a__1d9q.d:a0.5"", ""nA"": 22, ""nB"": 22, ""units"": ""angstrom"", ""alpha"": 0.5, ""s_A"": 18.95299827936545, ""s_B"": 20.20350417600859, ""delta1"": 9.476499139682725, ""delta2"": 10.101752088004297, ""delta3"": 47.96448297438429, ""input_file"": ""output\\paper_v1\\inputs\\protein_1o7j.a__1d9q.d.npz"", ""method"": ""CPS-3F"", ""diagnostic"": ""slot20"", ""certificate"": false, ""input_sha256"": ""6da737c8ea96bfb47844846e5920c7268988254098012fbdabfcb166eda79bc3"", ""algorithms"": {""curve_algorithms.py"": ""85e1f6444f23091810a3042decc3e2945a273d2b83cb5da3c6b76f8b495c98e7"", ""cps_paper_algorithms.py"": ""49bca757aacc4d81c9263416c79b91da6fbb2df5358e9e4bb80d97d08802d876""}, ""graph_limits"": {""seconds"": 55.0, ""max_states"": 100000, ""max_transitions"": 20000000, ""max_chain_edges"": 800000}, ""phase_budgets"": {""startup"": 60.0, ""input_loading"": 15.0, ""warmup"": 120.0, ""solver"": 60.0, ""checkpoint"": 5.0, ""validation"": 30.0, ""optional_measurements"": 30.0, ""reporting"": 10.0}, ""memory_mib"": 512, ""configuration_id"": ""protein:1o7j.a__1d9q.d:a0.5|CPS-3F"", ""attempt_id"": ""slot20_e0ee0e87e6cf44b8b6e3f58388474666"", ""code_version"": {""notebooks_paper\\graph_only_v3\\build_notebook.py"": ""7e3d861e03d083d656076e3b0b45e6f5c98ab1786806d1d8eb78632d9a947dfb"", ""notebooks_paper\\graph_only_v3\\common.py"": ""db97df53c1a63e8922f98df75155c0402c2c6a2186f882c11c31c11946b6f8d2"", ""notebooks_paper\\graph_only_v3\\controlled_followup.py"": ""decd837da928ca6fc987ecf60377523e7812fdfb98c43de1cbf57a9eeed88724"", ""notebooks_paper\\graph_only_v3\\investigate_repeat.py"": ""5b2e153d7aff058a2c6e5e3f71dda45e715183d5eb4bef675e98bcec854a6af3"", ""notebooks_paper\\graph_only_v3\\prepare.py"": ""03ea7bf80ea27d91595e62b70b0c0782be55cf5b4d09c3852011cbe63c1c3b5b"", ""notebooks_paper\\graph_only_v3\\render_and_audit.py"": ""cdbeeab604584f0ae671bd4070917599dfd19b16283da5d4c4cddbc63df66015"", ""notebooks_paper\\graph_only_v3\\report.py"": ""86f28e35b44329cea42d4979b1387544a47cc698ce1bade4f5d4beac7b3d4e0a"", ""notebooks_paper\\graph_only_v3\\run_once.py"": ""676283c47e2ff731632417e16423ecaede44e007dfc1bfe18b9e3f8e8c88aa93"", ""notebooks_paper\\graph_only_v3\\supervisor.py"": ""4108be52e053f5d95313e7b15270159c20c5cd06c5faf2e611d717ea9aaef579"", ""notebooks_paper\\graph_only_v3\\worker.py"": ""e3eab59206421bb87f618f6699c27407e4272b6e5e82fba899a81778a1ea9f38""}}"
protein:1o7j.a__1d9q.d:a1|Independent discrete,21,protein,1o7j.a__1d9q.d,22,22,angstrom,output\paper_v1\inputs\protein_1o7j.a__1d9q.d.npz,6da737c8ea96bfb47844846e5920c7268988254098012fbdabfcb166eda79bc3,Independent discrete,1.0,18.95299827936545,20.20350417600859,47.96448297438429,output\paper_v1\unified_pilot_results\slots\21\attempts\slot21_7a5b9ca5e8bc48798aa10f36bf10a98d,new,"{""domain"": ""protein"", ""pair"": ""1o7j.a__1d9q.d"", ""case"": ""protein:1o7j.a__1d9q.d:a1"", ""nA"": 22, ""nB"": 22, ""units"": ""angstrom"", ""alpha"": 1.0, ""s_A"": 18.95299827936545, ""s_B"": 20.20350417600859, ""delta1"": 18.95299827936545, ""delta2"": 20.20350417600859, ""delta3"": 47.96448297438429, ""input_file"": ""output\\paper_v1\\inputs\\protein_1o7j.a__1d9q.d.npz"", ""method"": ""Independent discrete"", ""diagnostic"": ""slot21"", ""certificate"": false, ""input_sha256"": ""6da737c8ea96bfb47844846e5920c7268988254098012fbdabfcb166eda79bc3"", ""algorithms"": {""curve_algorithms.py"": ""85e1f6444f23091810a3042decc3e2945a273d2b83cb5da3c6b76f8b495c98e7"", ""cps_paper_algorithms.py"": ""49bca757aacc4d81c9263416c79b91da6fbb2df5358e9e4bb80d97d08802d876""}, ""graph_limits"": {""seconds"": 55.0, ""max_states"": 100000, ""max_transitions"": 20000000, ""max_chain_edges"": 800000}, ""phase_budgets"": {""startup"": 60.0, ""input_loading"": 15.0, ""warmup"": 120.0, ""solver"": 60.0, ""checkpoint"": 5.0, ""validation"": 30.0, ""optional_measurements"": 30.0, ""reporting"": 10.0}, ""memory_mib"": 512, ""configuration_id"": ""protein:1o7j.a__1d9q.d:a1|Independent discrete"", ""attempt_id"": ""slot21_7a5b9ca5e8bc48798aa10f36bf10a98d"", ""code_version"": {""notebooks_paper\\graph_only_v3\\build_notebook.py"": ""7e3d861e03d083d656076e3b0b45e6f5c98ab1786806d1d8eb78632d9a947dfb"", ""notebooks_paper\\graph_only_v3\\common.py"": ""db97df53c1a63e8922f98df75155c0402c2c6a2186f882c11c31c11946b6f8d2"", ""notebooks_paper\\graph_only_v3\\controlled_followup.py"": ""decd837da928ca6fc987ecf60377523e7812fdfb98c43de1cbf57a9eeed88724"", ""notebooks_paper\\graph_only_v3\\investigate_repeat.py"": ""5b2e153d7aff058a2c6e5e3f71dda45e715183d5eb4bef675e98bcec854a6af3"", ""notebooks_paper\\graph_only_v3\\prepare.py"": ""03ea7bf80ea27d91595e62b70b0c0782be55cf5b4d09c3852011cbe63c1c3b5b"", ""notebooks_paper\\graph_only_v3\\render_and_audit.py"": ""cdbeeab604584f0ae671bd4070917599dfd19b16283da5d4c4cddbc63df66015"", ""notebooks_paper\\graph_only_v3\\report.py"": ""86f28e35b44329cea42d4979b1387544a47cc698ce1bade4f5d4beac7b3d4e0a"", ""notebooks_paper\\graph_only_v3\\run_once.py"": ""676283c47e2ff731632417e16423ecaede44e007dfc1bfe18b9e3f8e8c88aa93"", ""notebooks_paper\\graph_only_v3\\supervisor.py"": ""4108be52e053f5d95313e7b15270159c20c5cd06c5faf2e611d717ea9aaef579"", ""notebooks_paper\\graph_only_v3\\worker.py"": ""e3eab59206421bb87f618f6699c27407e4272b6e5e82fba899a81778a1ea9f38""}}"
protein:1o7j.a__1d9q.d:a1|CPS-2F,22,protein,1o7j.a__1d9q.d,22,22,angstrom,output\paper_v1\inputs\protein_1o7j.a__1d9q.d.npz,6da737c8ea96bfb47844846e5920c7268988254098012fbdabfcb166eda79bc3,CPS-2F,1.0,18.95299827936545,20.20350417600859,47.96448297438429,output\paper_v1\unified_pilot_results\slots\22\attempts\slot22_739086777aba470a8481508806d02f99,new,"{""domain"": ""protein"", ""pair"": ""1o7j.a__1d9q.d"", ""case"": ""protein:1o7j.a__1d9q.d:a1"", ""nA"": 22, ""nB"": 22, ""units"": ""angstrom"", ""alpha"": 1.0, ""s_A"": 18.95299827936545, ""s_B"": 20.20350417600859, ""delta1"": 18.95299827936545, ""delta2"": 20.20350417600859, ""delta3"": 47.96448297438429, ""input_file"": ""output\\paper_v1\\inputs\\protein_1o7j.a__1d9q.d.npz"", ""method"": ""CPS-2F"", ""diagnostic"": ""slot22"", ""certificate"": false, ""input_sha256"": ""6da737c8ea96bfb47844846e5920c7268988254098012fbdabfcb166eda79bc3"", ""algorithms"": {""curve_algorithms.py"": ""85e1f6444f23091810a3042decc3e2945a273d2b83cb5da3c6b76f8b495c98e7"", ""cps_paper_algorithms.py"": ""49bca757aacc4d81c9263416c79b91da6fbb2df5358e9e4bb80d97d08802d876""}, ""graph_limits"": {""seconds"": 55.0, ""max_states"": 100000, ""max_transitions"": 20000000, ""max_chain_edges"": 800000}, ""phase_budgets"": {""startup"": 60.0, ""input_loading"": 15.0, ""warmup"": 120.0, ""solver"": 60.0, ""checkpoint"": 5.0, ""validation"": 30.0, ""optional_measurements"": 30.0, ""reporting"": 10.0}, ""memory_mib"": 512, ""configuration_id"": ""protein:1o7j.a__1d9q.d:a1|CPS-2F"", ""attempt_id"": ""slot22_739086777aba470a8481508806d02f99"", ""code_version"": {""notebooks_paper\\graph_only_v3\\build_notebook.py"": ""7e3d861e03d083d656076e3b0b45e6f5c98ab1786806d1d8eb78632d9a947dfb"", ""notebooks_paper\\graph_only_v3\\common.py"": ""db97df53c1a63e8922f98df75155c0402c2c6a2186f882c11c31c11946b6f8d2"", ""notebooks_paper\\graph_only_v3\\controlled_followup.py"": ""decd837da928ca6fc987ecf60377523e7812fdfb98c43de1cbf57a9eeed88724"", ""notebooks_paper\\graph_only_v3\\investigate_repeat.py"": ""5b2e153d7aff058a2c6e5e3f71dda45e715183d5eb4bef675e98bcec854a6af3"", ""notebooks_paper\\graph_only_v3\\prepare.py"": ""03ea7bf80ea27d91595e62b70b0c0782be55cf5b4d09c3852011cbe63c1c3b5b"", ""notebooks_paper\\graph_only_v3\\render_and_audit.py"": ""cdbeeab604584f0ae671bd4070917599dfd19b16283da5d4c4cddbc63df66015"", ""notebooks_paper\\graph_only_v3\\report.py"": ""86f28e35b44329cea42d4979b1387544a47cc698ce1bade4f5d4beac7b3d4e0a"", ""notebooks_paper\\graph_only_v3\\run_once.py"": ""676283c47e2ff731632417e16423ecaede44e007dfc1bfe18b9e3f8e8c88aa93"", ""notebooks_paper\\graph_only_v3\\supervisor.py"": ""4108be52e053f5d95313e7b15270159c20c5cd06c5faf2e611d717ea9aaef579"", ""notebooks_paper\\graph_only_v3\\worker.py"": ""e3eab59206421bb87f618f6699c27407e4272b6e5e82fba899a81778a1ea9f38""}}"
protein:1o7j.a__1d9q.d:a1|CPS-3F,23,protein,1o7j.a__1d9q.d,22,22,angstrom,output\paper_v1\inputs\protein_1o7j.a__1d9q.d.npz,6da737c8ea96bfb47844846e5920c7268988254098012fbdabfcb166eda79bc3,CPS-3F,1.0,18.95299827936545,20.20350417600859,47.96448297438429,output\paper_v1\unified_pilot_results\slots\23\attempts\slot23_b83adb2f114340e2b1e0482117050c66,new,"{""domain"": ""protein"", ""pair"": ""1o7j.a__1d9q.d"", ""case"": ""protein:1o7j.a__1d9q.d:a1"", ""nA"": 22, ""nB"": 22, ""units"": ""angstrom"", ""alpha"": 1.0, ""s_A"": 18.95299827936545, ""s_B"": 20.20350417600859, ""delta1"": 18.95299827936545, ""delta2"": 20.20350417600859, ""delta3"": 47.96448297438429, ""input_file"": ""output\\paper_v1\\inputs\\protein_1o7j.a__1d9q.d.npz"", ""method"": ""CPS-3F"", ""diagnostic"": ""slot23"", ""certificate"": false, ""input_sha256"": ""6da737c8ea96bfb47844846e5920c7268988254098012fbdabfcb166eda79bc3"", ""algorithms"": {""curve_algorithms.py"": ""85e1f6444f23091810a3042decc3e2945a273d2b83cb5da3c6b76f8b495c98e7"", ""cps_paper_algorithms.py"": ""49bca757aacc4d81c9263416c79b91da6fbb2df5358e9e4bb80d97d08802d876""}, ""graph_limits"": {""seconds"": 55.0, ""max_states"": 100000, ""max_transitions"": 20000000, ""max_chain_edges"": 800000}, ""phase_budgets"": {""startup"": 60.0, ""input_loading"": 15.0, ""warmup"": 120.0, ""solver"": 60.0, ""checkpoint"": 5.0, ""validation"": 30.0, ""optional_measurements"": 30.0, ""reporting"": 10.0}, ""memory_mib"": 512, ""configuration_id"": ""protein:1o7j.a__1d9q.d:a1|CPS-3F"", ""attempt_id"": ""slot23_b83adb2f114340e2b1e0482117050c66"", ""code_version"": {""notebooks_paper\\graph_only_v3\\build_notebook.py"": ""7e3d861e03d083d656076e3b0b45e6f5c98ab1786806d1d8eb78632d9a947dfb"", ""notebooks_paper\\graph_only_v3\\common.py"": ""db97df53c1a63e8922f98df75155c0402c2c6a2186f882c11c31c11946b6f8d2"", ""notebooks_paper\\graph_only_v3\\controlled_followup.py"": ""decd837da928ca6fc987ecf60377523e7812fdfb98c43de1cbf57a9eeed88724"", ""notebooks_paper\\graph_only_v3\\investigate_repeat.py"": ""5b2e153d7aff058a2c6e5e3f71dda45e715183d5eb4bef675e98bcec854a6af3"", ""notebooks_paper\\graph_only_v3\\prepare.py"": ""03ea7bf80ea27d91595e62b70b0c0782be55cf5b4d09c3852011cbe63c1c3b5b"", ""notebooks_paper\\graph_only_v3\\render_and_audit.py"": ""cdbeeab604584f0ae671bd4070917599dfd19b16283da5d4c4cddbc63df66015"", ""notebooks_paper\\graph_only_v3\\report.py"": ""86f28e35b44329cea42d4979b1387544a47cc698ce1bade4f5d4beac7b3d4e0a"", ""notebooks_paper\\graph_only_v3\\run_once.py"": ""676283c47e2ff731632417e16423ecaede44e007dfc1bfe18b9e3f8e8c88aa93"", ""notebooks_paper\\graph_only_v3\\supervisor.py"": ""4108be52e053f5d95313e7b15270159c20c5cd06c5faf2e611d717ea9aaef579"", ""notebooks_paper\\graph_only_v3\\worker.py"": ""e3eab59206421bb87f618f6699c27407e4272b6e5e82fba899a81778a1ea9f38""}}"
protein:1o7j.a__1d9q.d:a1|Independent continuous,24,protein,1o7j.a__1d9q.d,22,22,angstrom,output\paper_v1\inputs\protein_1o7j.a__1d9q.d.npz,6da737c8ea96bfb47844846e5920c7268988254098012fbdabfcb166eda79bc3,Independent continuous,1.0,18.95299827936545,20.20350417600859,47.96448297438429,output\paper_v1\unified_pilot_results\slots\24\attempts\slot24_31c363917f9e45649d2c0f71b859a6eb,new,"{""domain"": ""protein"", ""pair"": ""1o7j.a__1d9q.d"", ""case"": ""protein:1o7j.a__1d9q.d:a1"", ""nA"": 22, ""nB"": 22, ""units"": ""angstrom"", ""alpha"": 1.0, ""s_A"": 18.95299827936545, ""s_B"": 20.20350417600859, ""delta1"": 18.95299827936545, ""delta2"": 20.20350417600859, ""delta3"": 47.96448297438429, ""input_file"": ""output\\paper_v1\\inputs\\protein_1o7j.a__1d9q.d.npz"", ""method"": ""Independent continuous"", ""diagnostic"": ""slot24"", ""certificate"": false, ""input_sha256"": ""6da737c8ea96bfb47844846e5920c7268988254098012fbdabfcb166eda79bc3"", ""algorithms"": {""curve_algorithms.py"": ""85e1f6444f23091810a3042decc3e2945a273d2b83cb5da3c6b76f8b495c98e7"", ""cps_paper_algorithms.py"": ""49bca757aacc4d81c9263416c79b91da6fbb2df5358e9e4bb80d97d08802d876""}, ""graph_limits"": {""seconds"": 55.0, ""max_states"": 100000, ""max_transitions"": 20000000, ""max_chain_edges"": 800000}, ""phase_budgets"": {""startup"": 60.0, ""input_loading"": 15.0, ""warmup"": 120.0, ""solver"": 60.0, ""checkpoint"": 5.0, ""validation"": 30.0, ""optional_measurements"": 30.0, ""reporting"": 10.0}, ""memory_mib"": 512, ""configuration_id"": ""protein:1o7j.a__1d9q.d:a1|Independent continuous"", ""attempt_id"": ""slot24_31c363917f9e45649d2c0f71b859a6eb"", ""code_version"": {""notebooks_paper\\graph_only_v3\\build_notebook.py"": ""7e3d861e03d083d656076e3b0b45e6f5c98ab1786806d1d8eb78632d9a947dfb"", ""notebooks_paper\\graph_only_v3\\common.py"": ""db97df53c1a63e8922f98df75155c0402c2c6a2186f882c11c31c11946b6f8d2"", ""notebooks_paper\\graph_only_v3\\controlled_followup.py"": ""decd837da928ca6fc987ecf60377523e7812fdfb98c43de1cbf57a9eeed88724"", ""notebooks_paper\\graph_only_v3\\investigate_repeat.py"": ""5b2e153d7aff058a2c6e5e3f71dda45e715183d5eb4bef675e98bcec854a6af3"", ""notebooks_paper\\graph_only_v3\\prepare.py"": ""03ea7bf80ea27d91595e62b70b0c0782be55cf5b4d09c3852011cbe63c1c3b5b"", ""notebooks_paper\\graph_only_v3\\render_and_audit.py"": ""cdbeeab604584f0ae671bd4070917599dfd19b16283da5d4c4cddbc63df66015"", ""notebooks_paper\\graph_only_v3\\report.py"": ""86f28e35b44329cea42d4979b1387544a47cc698ce1bade4f5d4beac7b3d4e0a"", ""notebooks_paper\\graph_only_v3\\run_once.py"": ""676283c47e2ff731632417e16423ecaede44e007dfc1bfe18b9e3f8e8c88aa93"", ""notebooks_paper\\graph_only_v3\\supervisor.py"": ""4108be52e053f5d95313e7b15270159c20c5cd06c5faf2e611d717ea9aaef579"", ""notebooks_paper\\graph_only_v3\\worker.py"": ""e3eab59206421bb87f618f6699c27407e4272b6e5e82fba899a81778a1ea9f38""}}"
protein:1o7j.a__1hfj.c:a0.5|CPS-2F,25,protein,1o7j.a__1hfj.c,22,22,angstrom,output\paper_v1\inputs\protein_1o7j.a__1hfj.c.npz,7b773f6fd281824e25d8e444c9a70b1ca04a33b497237bdb6ee4b0605a6d1365,CPS-2F,0.5,9.476499139682725,9.537881702673165,0.9993252723713152,output\paper_v1\unified_pilot_results\slots\25\attempts\slot25_e5ce743da5d4474f8086789aa234a723,new,"{""domain"": ""protein"", ""pair"": ""1o7j.a__1hfj.c"", ""case"": ""protein:1o7j.a__1hfj.c:a0.5"", ""nA"": 22, ""nB"": 22, ""units"": ""angstrom"", ""alpha"": 0.5, ""s_A"": 18.95299827936545, ""s_B"": 19.07576340534633, ""delta1"": 9.476499139682725, ""delta2"": 9.537881702673165, ""delta3"": 0.9993252723713152, ""input_file"": ""output\\paper_v1\\inputs\\protein_1o7j.a__1hfj.c.npz"", ""method"": ""CPS-2F"", ""diagnostic"": ""slot25"", ""certificate"": false, ""input_sha256"": ""7b773f6fd281824e25d8e444c9a70b1ca04a33b497237bdb6ee4b0605a6d1365"", ""algorithms"": {""curve_algorithms.py"": ""85e1f6444f23091810a3042decc3e2945a273d2b83cb5da3c6b76f8b495c98e7"", ""cps_paper_algorithms.py"": ""49bca757aacc4d81c9263416c79b91da6fbb2df5358e9e4bb80d97d08802d876""}, ""graph_limits"": {""seconds"": 55.0, ""max_states"": 100000, ""max_transitions"": 20000000, ""max_chain_edges"": 800000}, ""phase_budgets"": {""startup"": 60.0, ""input_loading"": 15.0, ""warmup"": 120.0, ""solver"": 60.0, ""checkpoint"": 5.0, ""validation"": 30.0, ""optional_measurements"": 30.0, ""reporting"": 10.0}, ""memory_mib"": 512, ""configuration_id"": ""protein:1o7j.a__1hfj.c:a0.5|CPS-2F"", ""attempt_id"": ""slot25_e5ce743da5d4474f8086789aa234a723"", ""code_version"": {""notebooks_paper\\graph_only_v3\\build_notebook.py"": ""7e3d861e03d083d656076e3b0b45e6f5c98ab1786806d1d8eb78632d9a947dfb"", ""notebooks_paper\\graph_only_v3\\common.py"": ""db97df53c1a63e8922f98df75155c0402c2c6a2186f882c11c31c11946b6f8d2"", ""notebooks_paper\\graph_only_v3\\controlled_followup.py"": ""decd837da928ca6fc987ecf60377523e7812fdfb98c43de1cbf57a9eeed88724"", ""notebooks_paper\\graph_only_v3\\investigate_repeat.py"": ""5b2e153d7aff058a2c6e5e3f71dda45e715183d5eb4bef675e98bcec854a6af3"", ""notebooks_paper\\graph_only_v3\\prepare.py"": ""03ea7bf80ea27d91595e62b70b0c0782be55cf5b4d09c3852011cbe63c1c3b5b"", ""notebooks_paper\\graph_only_v3\\render_and_audit.py"": ""cdbeeab604584f0ae671bd4070917599dfd19b16283da5d4c4cddbc63df66015"", ""notebooks_paper\\graph_only_v3\\report.py"": ""86f28e35b44329cea42d4979b1387544a47cc698ce1bade4f5d4beac7b3d4e0a"", ""notebooks_paper\\graph_only_v3\\run_once.py"": ""676283c47e2ff731632417e16423ecaede44e007dfc1bfe18b9e3f8e8c88aa93"", ""notebooks_paper\\graph_only_v3\\supervisor.py"": ""4108be52e053f5d95313e7b15270159c20c5cd06c5faf2e611d717ea9aaef579"", ""notebooks_paper\\graph_only_v3\\worker.py"": ""e3eab59206421bb87f618f6699c27407e4272b6e5e82fba899a81778a1ea9f38""}}"
protein:1o7j.a__1hfj.c:a0.5|CPS-3F,26,protein,1o7j.a__1hfj.c,22,22,angstrom,output\paper_v1\inputs\protein_1o7j.a__1hfj.c.npz,7b773f6fd281824e25d8e444c9a70b1ca04a33b497237bdb6ee4b0605a6d1365,CPS-3F,0.5,9.476499139682725,9.537881702673165,0.9993252723713152,output\paper_v1\unified_pilot_results\slots\26\attempts\slot26_dd70540fbfa346d9babebd31da1d1eae,new,"{""domain"": ""protein"", ""pair"": ""1o7j.a__1hfj.c"", ""case"": ""protein:1o7j.a__1hfj.c:a0.5"", ""nA"": 22, ""nB"": 22, ""units"": ""angstrom"", ""alpha"": 0.5, ""s_A"": 18.95299827936545, ""s_B"": 19.07576340534633, ""delta1"": 9.476499139682725, ""delta2"": 9.537881702673165, ""delta3"": 0.9993252723713152, ""input_file"": ""output\\paper_v1\\inputs\\protein_1o7j.a__1hfj.c.npz"", ""method"": ""CPS-3F"", ""diagnostic"": ""slot26"", ""certificate"": false, ""input_sha256"": ""7b773f6fd281824e25d8e444c9a70b1ca04a33b497237bdb6ee4b0605a6d1365"", ""algorithms"": {""curve_algorithms.py"": ""85e1f6444f23091810a3042decc3e2945a273d2b83cb5da3c6b76f8b495c98e7"", ""cps_paper_algorithms.py"": ""49bca757aacc4d81c9263416c79b91da6fbb2df5358e9e4bb80d97d08802d876""}, ""graph_limits"": {""seconds"": 55.0, ""max_states"": 100000, ""max_transitions"": 20000000, ""max_chain_edges"": 800000}, ""phase_budgets"": {""startup"": 60.0, ""input_loading"": 15.0, ""warmup"": 120.0, ""solver"": 60.0, ""checkpoint"": 5.0, ""validation"": 30.0, ""optional_measurements"": 30.0, ""reporting"": 10.0}, ""memory_mib"": 512, ""configuration_id"": ""protein:1o7j.a__1hfj.c:a0.5|CPS-3F"", ""attempt_id"": ""slot26_dd70540fbfa346d9babebd31da1d1eae"", ""code_version"": {""notebooks_paper\\graph_only_v3\\build_notebook.py"": ""7e3d861e03d083d656076e3b0b45e6f5c98ab1786806d1d8eb78632d9a947dfb"", ""notebooks_paper\\graph_only_v3\\common.py"": ""db97df53c1a63e8922f98df75155c0402c2c6a2186f882c11c31c11946b6f8d2"", ""notebooks_paper\\graph_only_v3\\controlled_followup.py"": ""decd837da928ca6fc987ecf60377523e7812fdfb98c43de1cbf57a9eeed88724"", ""notebooks_paper\\graph_only_v3\\investigate_repeat.py"": ""5b2e153d7aff058a2c6e5e3f71dda45e715183d5eb4bef675e98bcec854a6af3"", ""notebooks_paper\\graph_only_v3\\prepare.py"": ""03ea7bf80ea27d91595e62b70b0c0782be55cf5b4d09c3852011cbe63c1c3b5b"", ""notebooks_paper\\graph_only_v3\\render_and_audit.py"": ""cdbeeab604584f0ae671bd4070917599dfd19b16283da5d4c4cddbc63df66015"", ""notebooks_paper\\graph_only_v3\\report.py"": ""86f28e35b44329cea42d4979b1387544a47cc698ce1bade4f5d4beac7b3d4e0a"", ""notebooks_paper\\graph_only_v3\\run_once.py"": ""676283c47e2ff731632417e16423ecaede44e007dfc1bfe18b9e3f8e8c88aa93"", ""notebooks_paper\\graph_only_v3\\supervisor.py"": ""4108be52e053f5d95313e7b15270159c20c5cd06c5faf2e611d717ea9aaef579"", ""notebooks_paper\\graph_only_v3\\worker.py"": ""e3eab59206421bb87f618f6699c27407e4272b6e5e82fba899a81778a1ea9f38""}}"
protein:1o7j.a__1hfj.c:a0.5|Independent continuous,27,protein,1o7j.a__1hfj.c,22,22,angstrom,output\paper_v1\inputs\protein_1o7j.a__1hfj.c.npz,7b773f6fd281824e25d8e444c9a70b1ca04a33b497237bdb6ee4b0605a6d1365,Independent continuous,0.5,9.476499139682725,9.537881702673165,0.9993252723713152,output\paper_v1\unified_pilot_results\slots\27\attempts\slot27_3abe46c8e95b4cdd96c9b8eb7f451478,new,"{""domain"": ""protein"", ""pair"": ""1o7j.a__1hfj.c"", ""case"": ""protein:1o7j.a__1hfj.c:a0.5"", ""nA"": 22, ""nB"": 22, ""units"": ""angstrom"", ""alpha"": 0.5, ""s_A"": 18.95299827936545, ""s_B"": 19.07576340534633, ""delta1"": 9.476499139682725, ""delta2"": 9.537881702673165, ""delta3"": 0.9993252723713152, ""input_file"": ""output\\paper_v1\\inputs\\protein_1o7j.a__1hfj.c.npz"", ""method"": ""Independent continuous"", ""diagnostic"": ""slot27"", ""certificate"": false, ""input_sha256"": ""7b773f6fd281824e25d8e444c9a70b1ca04a33b497237bdb6ee4b0605a6d1365"", ""algorithms"": {""curve_algorithms.py"": ""85e1f6444f23091810a3042decc3e2945a273d2b83cb5da3c6b76f8b495c98e7"", ""cps_paper_algorithms.py"": ""49bca757aacc4d81c9263416c79b91da6fbb2df5358e9e4bb80d97d08802d876""}, ""graph_limits"": {""seconds"": 55.0, ""max_states"": 100000, ""max_transitions"": 20000000, ""max_chain_edges"": 800000}, ""phase_budgets"": {""startup"": 60.0, ""input_loading"": 15.0, ""warmup"": 120.0, ""solver"": 60.0, ""checkpoint"": 5.0, ""validation"": 30.0, ""optional_measurements"": 30.0, ""reporting"": 10.0}, ""memory_mib"": 512, ""configuration_id"": ""protein:1o7j.a__1hfj.c:a0.5|Independent continuous"", ""attempt_id"": ""slot27_3abe46c8e95b4cdd96c9b8eb7f451478"", ""code_version"": {""notebooks_paper\\graph_only_v3\\build_notebook.py"": ""7e3d861e03d083d656076e3b0b45e6f5c98ab1786806d1d8eb78632d9a947dfb"", ""notebooks_paper\\graph_only_v3\\common.py"": ""db97df53c1a63e8922f98df75155c0402c2c6a2186f882c11c31c11946b6f8d2"", ""notebooks_paper\\graph_only_v3\\controlled_followup.py"": ""decd837da928ca6fc987ecf60377523e7812fdfb98c43de1cbf57a9eeed88724"", ""notebooks_paper\\graph_only_v3\\investigate_repeat.py"": ""5b2e153d7aff058a2c6e5e3f71dda45e715183d5eb4bef675e98bcec854a6af3"", ""notebooks_paper\\graph_only_v3\\prepare.py"": ""03ea7bf80ea27d91595e62b70b0c0782be55cf5b4d09c3852011cbe63c1c3b5b"", ""notebooks_paper\\graph_only_v3\\render_and_audit.py"": ""cdbeeab604584f0ae671bd4070917599dfd19b16283da5d4c4cddbc63df66015"", ""notebooks_paper\\graph_only_v3\\report.py"": ""86f28e35b44329cea42d4979b1387544a47cc698ce1bade4f5d4beac7b3d4e0a"", ""notebooks_paper\\graph_only_v3\\run_once.py"": ""676283c47e2ff731632417e16423ecaede44e007dfc1bfe18b9e3f8e8c88aa93"", ""notebooks_paper\\graph_only_v3\\supervisor.py"": ""4108be52e053f5d95313e7b15270159c20c5cd06c5faf2e611d717ea9aaef579"", ""notebooks_paper\\graph_only_v3\\worker.py"": ""e3eab59206421bb87f618f6699c27407e4272b6e5e82fba899a81778a1ea9f38""}}"
protein:1o7j.a__1hfj.c:a0.5|Independent discrete,28,protein,1o7j.a__1hfj.c,22,22,angstrom,output\paper_v1\inputs\protein_1o7j.a__1hfj.c.npz,7b773f6fd281824e25d8e444c9a70b1ca04a33b497237bdb6ee4b0605a6d1365,Independent discrete,0.5,9.476499139682725,9.537881702673165,0.9993252723713152,output\paper_v1\unified_pilot_results\slots\28\attempts\slot28_1530208469eb432cb8bc302cdc0c09fa,new,"{""domain"": ""protein"", ""pair"": ""1o7j.a__1hfj.c"", ""case"": ""protein:1o7j.a__1hfj.c:a0.5"", ""nA"": 22, ""nB"": 22, ""units"": ""angstrom"", ""alpha"": 0.5, ""s_A"": 18.95299827936545, ""s_B"": 19.07576340534633, ""delta1"": 9.476499139682725, ""delta2"": 9.537881702673165, ""delta3"": 0.9993252723713152, ""input_file"": ""output\\paper_v1\\inputs\\protein_1o7j.a__1hfj.c.npz"", ""method"": ""Independent discrete"", ""diagnostic"": ""slot28"", ""certificate"": false, ""input_sha256"": ""7b773f6fd281824e25d8e444c9a70b1ca04a33b497237bdb6ee4b0605a6d1365"", ""algorithms"": {""curve_algorithms.py"": ""85e1f6444f23091810a3042decc3e2945a273d2b83cb5da3c6b76f8b495c98e7"", ""cps_paper_algorithms.py"": ""49bca757aacc4d81c9263416c79b91da6fbb2df5358e9e4bb80d97d08802d876""}, ""graph_limits"": {""seconds"": 55.0, ""max_states"": 100000, ""max_transitions"": 20000000, ""max_chain_edges"": 800000}, ""phase_budgets"": {""startup"": 60.0, ""input_loading"": 15.0, ""warmup"": 120.0, ""solver"": 60.0, ""checkpoint"": 5.0, ""validation"": 30.0, ""optional_measurements"": 30.0, ""reporting"": 10.0}, ""memory_mib"": 512, ""configuration_id"": ""protein:1o7j.a__1hfj.c:a0.5|Independent discrete"", ""attempt_id"": ""slot28_1530208469eb432cb8bc302cdc0c09fa"", ""code_version"": {""notebooks_paper\\graph_only_v3\\build_notebook.py"": ""7e3d861e03d083d656076e3b0b45e6f5c98ab1786806d1d8eb78632d9a947dfb"", ""notebooks_paper\\graph_only_v3\\common.py"": ""db97df53c1a63e8922f98df75155c0402c2c6a2186f882c11c31c11946b6f8d2"", ""notebooks_paper\\graph_only_v3\\controlled_followup.py"": ""decd837da928ca6fc987ecf60377523e7812fdfb98c43de1cbf57a9eeed88724"", ""notebooks_paper\\graph_only_v3\\investigate_repeat.py"": ""5b2e153d7aff058a2c6e5e3f71dda45e715183d5eb4bef675e98bcec854a6af3"", ""notebooks_paper\\graph_only_v3\\prepare.py"": ""03ea7bf80ea27d91595e62b70b0c0782be55cf5b4d09c3852011cbe63c1c3b5b"", ""notebooks_paper\\graph_only_v3\\render_and_audit.py"": ""cdbeeab604584f0ae671bd4070917599dfd19b16283da5d4c4cddbc63df66015"", ""notebooks_paper\\graph_only_v3\\report.py"": ""86f28e35b44329cea42d4979b1387544a47cc698ce1bade4f5d4beac7b3d4e0a"", ""notebooks_paper\\graph_only_v3\\run_once.py"": ""676283c47e2ff731632417e16423ecaede44e007dfc1bfe18b9e3f8e8c88aa93"", ""notebooks_paper\\graph_only_v3\\supervisor.py"": ""4108be52e053f5d95313e7b15270159c20c5cd06c5faf2e611d717ea9aaef579"", ""notebooks_paper\\graph_only_v3\\worker.py"": ""e3eab59206421bb87f618f6699c27407e4272b6e5e82fba899a81778a1ea9f38""}}"
protein:1o7j.a__1hfj.c:a1|CPS-3F,29,protein,1o7j.a__1hfj.c,22,22,angstrom,output\paper_v1\inputs\protein_1o7j.a__1hfj.c.npz,7b773f6fd281824e25d8e444c9a70b1ca04a33b497237bdb6ee4b0605a6d1365,CPS-3F,1.0,18.95299827936545,19.07576340534633,0.9993252723713152,output\paper_v1\unified_pilot_results\slots\29\attempts\slot29_29c4c84cb8ba494c9ab2694cf23b39ac,new,"{""domain"": ""protein"", ""pair"": ""1o7j.a__1hfj.c"", ""case"": ""protein:1o7j.a__1hfj.c:a1"", ""nA"": 22, ""nB"": 22, ""units"": ""angstrom"", ""alpha"": 1.0, ""s_A"": 18.95299827936545, ""s_B"": 19.07576340534633, ""delta1"": 18.95299827936545, ""delta2"": 19.07576340534633, ""delta3"": 0.9993252723713152, ""input_file"": ""output\\paper_v1\\inputs\\protein_1o7j.a__1hfj.c.npz"", ""method"": ""CPS-3F"", ""diagnostic"": ""slot29"", ""certificate"": false, ""input_sha256"": ""7b773f6fd281824e25d8e444c9a70b1ca04a33b497237bdb6ee4b0605a6d1365"", ""algorithms"": {""curve_algorithms.py"": ""85e1f6444f23091810a3042decc3e2945a273d2b83cb5da3c6b76f8b495c98e7"", ""cps_paper_algorithms.py"": ""49bca757aacc4d81c9263416c79b91da6fbb2df5358e9e4bb80d97d08802d876""}, ""graph_limits"": {""seconds"": 55.0, ""max_states"": 100000, ""max_transitions"": 20000000, ""max_chain_edges"": 800000}, ""phase_budgets"": {""startup"": 60.0, ""input_loading"": 15.0, ""warmup"": 120.0, ""solver"": 60.0, ""checkpoint"": 5.0, ""validation"": 30.0, ""optional_measurements"": 30.0, ""reporting"": 10.0}, ""memory_mib"": 512, ""configuration_id"": ""protein:1o7j.a__1hfj.c:a1|CPS-3F"", ""attempt_id"": ""slot29_29c4c84cb8ba494c9ab2694cf23b39ac"", ""code_version"": {""notebooks_paper\\graph_only_v3\\build_notebook.py"": ""7e3d861e03d083d656076e3b0b45e6f5c98ab1786806d1d8eb78632d9a947dfb"", ""notebooks_paper\\graph_only_v3\\common.py"": ""db97df53c1a63e8922f98df75155c0402c2c6a2186f882c11c31c11946b6f8d2"", ""notebooks_paper\\graph_only_v3\\controlled_followup.py"": ""decd837da928ca6fc987ecf60377523e7812fdfb98c43de1cbf57a9eeed88724"", ""notebooks_paper\\graph_only_v3\\investigate_repeat.py"": ""5b2e153d7aff058a2c6e5e3f71dda45e715183d5eb4bef675e98bcec854a6af3"", ""notebooks_paper\\graph_only_v3\\prepare.py"": ""03ea7bf80ea27d91595e62b70b0c0782be55cf5b4d09c3852011cbe63c1c3b5b"", ""notebooks_paper\\graph_only_v3\\render_and_audit.py"": ""cdbeeab604584f0ae671bd4070917599dfd19b16283da5d4c4cddbc63df66015"", ""notebooks_paper\\graph_only_v3\\report.py"": ""86f28e35b44329cea42d4979b1387544a47cc698ce1bade4f5d4beac7b3d4e0a"", ""notebooks_paper\\graph_only_v3\\run_once.py"": ""676283c47e2ff731632417e16423ecaede44e007dfc1bfe18b9e3f8e8c88aa93"", ""notebooks_paper\\graph_only_v3\\supervisor.py"": ""4108be52e053f5d95313e7b15270159c20c5cd06c5faf2e611d717ea9aaef579"", ""notebooks_paper\\graph_only_v3\\worker.py"": ""e3eab59206421bb87f618f6699c27407e4272b6e5e82fba899a81778a1ea9f38""}}"
protein:1o7j.a__1hfj.c:a1|Independent continuous,30,protein,1o7j.a__1hfj.c,22,22,angstrom,output\paper_v1\inputs\protein_1o7j.a__1hfj.c.npz,7b773f6fd281824e25d8e444c9a70b1ca04a33b497237bdb6ee4b0605a6d1365,Independent continuous,1.0,18.95299827936545,19.07576340534633,0.9993252723713152,output\paper_v1\unified_pilot_results\slots\30\attempts\slot30_2618baa29e824d7596b152cf9f99cb34,new,"{""domain"": ""protein"", ""pair"": ""1o7j.a__1hfj.c"", ""case"": ""protein:1o7j.a__1hfj.c:a1"", ""nA"": 22, ""nB"": 22, ""units"": ""angstrom"", ""alpha"": 1.0, ""s_A"": 18.95299827936545, ""s_B"": 19.07576340534633, ""delta1"": 18.95299827936545, ""delta2"": 19.07576340534633, ""delta3"": 0.9993252723713152, ""input_file"": ""output\\paper_v1\\inputs\\protein_1o7j.a__1hfj.c.npz"", ""method"": ""Independent continuous"", ""diagnostic"": ""slot30"", ""certificate"": false, ""input_sha256"": ""7b773f6fd281824e25d8e444c9a70b1ca04a33b497237bdb6ee4b0605a6d1365"", ""algorithms"": {""curve_algorithms.py"": ""85e1f6444f23091810a3042decc3e2945a273d2b83cb5da3c6b76f8b495c98e7"", ""cps_paper_algorithms.py"": ""49bca757aacc4d81c9263416c79b91da6fbb2df5358e9e4bb80d97d08802d876""}, ""graph_limits"": {""seconds"": 55.0, ""max_states"": 100000, ""max_transitions"": 20000000, ""max_chain_edges"": 800000}, ""phase_budgets"": {""startup"": 60.0, ""input_loading"": 15.0, ""warmup"": 120.0, ""solver"": 60.0, ""checkpoint"": 5.0, ""validation"": 30.0, ""optional_measurements"": 30.0, ""reporting"": 10.0}, ""memory_mib"": 512, ""configuration_id"": ""protein:1o7j.a__1hfj.c:a1|Independent continuous"", ""attempt_id"": ""slot30_2618baa29e824d7596b152cf9f99cb34"", ""code_version"": {""notebooks_paper\\graph_only_v3\\build_notebook.py"": ""7e3d861e03d083d656076e3b0b45e6f5c98ab1786806d1d8eb78632d9a947dfb"", ""notebooks_paper\\graph_only_v3\\common.py"": ""db97df53c1a63e8922f98df75155c0402c2c6a2186f882c11c31c11946b6f8d2"", ""notebooks_paper\\graph_only_v3\\controlled_followup.py"": ""decd837da928ca6fc987ecf60377523e7812fdfb98c43de1cbf57a9eeed88724"", ""notebooks_paper\\graph_only_v3\\investigate_repeat.py"": ""5b2e153d7aff058a2c6e5e3f71dda45e715183d5eb4bef675e98bcec854a6af3"", ""notebooks_paper\\graph_only_v3\\prepare.py"": ""03ea7bf80ea27d91595e62b70b0c0782be55cf5b4d09c3852011cbe63c1c3b5b"", ""notebooks_paper\\graph_only_v3\\render_and_audit.py"": ""cdbeeab604584f0ae671bd4070917599dfd19b16283da5d4c4cddbc63df66015"", ""notebooks_paper\\graph_only_v3\\report.py"": ""86f28e35b44329cea42d4979b1387544a47cc698ce1bade4f5d4beac7b3d4e0a"", ""notebooks_paper\\graph_only_v3\\run_once.py"": ""676283c47e2ff731632417e16423ecaede44e007dfc1bfe18b9e3f8e8c88aa93"", ""notebooks_paper\\graph_only_v3\\supervisor.py"": ""4108be52e053f5d95313e7b15270159c20c5cd06c5faf2e611d717ea9aaef579"", ""notebooks_paper\\graph_only_v3\\worker.py"": ""e3eab59206421bb87f618f6699c27407e4272b6e5e82fba899a81778a1ea9f38""}}"
protein:1o7j.a__1hfj.c:a1|Independent discrete,31,protein,1o7j.a__1hfj.c,22,22,angstrom,output\paper_v1\inputs\protein_1o7j.a__1hfj.c.npz,7b773f6fd281824e25d8e444c9a70b1ca04a33b497237bdb6ee4b0605a6d1365,Independent discrete,1.0,18.95299827936545,19.07576340534633,0.9993252723713152,output\paper_v1\unified_pilot_results\slots\31\attempts\slot31_ec99ae8c5e444220aca71081e41b28cc,new,"{""domain"": ""protein"", ""pair"": ""1o7j.a__1hfj.c"", ""case"": ""protein:1o7j.a__1hfj.c:a1"", ""nA"": 22, ""nB"": 22, ""units"": ""angstrom"", ""alpha"": 1.0, ""s_A"": 18.95299827936545, ""s_B"": 19.07576340534633, ""delta1"": 18.95299827936545, ""delta2"": 19.07576340534633, ""delta3"": 0.9993252723713152, ""input_file"": ""output\\paper_v1\\inputs\\protein_1o7j.a__1hfj.c.npz"", ""method"": ""Independent discrete"", ""diagnostic"": ""slot31"", ""certificate"": false, ""input_sha256"": ""7b773f6fd281824e25d8e444c9a70b1ca04a33b497237bdb6ee4b0605a6d1365"", ""algorithms"": {""curve_algorithms.py"": ""85e1f6444f23091810a3042decc3e2945a273d2b83cb5da3c6b76f8b495c98e7"", ""cps_paper_algorithms.py"": ""49bca757aacc4d81c9263416c79b91da6fbb2df5358e9e4bb80d97d08802d876""}, ""graph_limits"": {""seconds"": 55.0, ""max_states"": 100000, ""max_transitions"": 20000000, ""max_chain_edges"": 800000}, ""phase_budgets"": {""startup"": 60.0, ""input_loading"": 15.0, ""warmup"": 120.0, ""solver"": 60.0, ""checkpoint"": 5.0, ""validation"": 30.0, ""optional_measurements"": 30.0, ""reporting"": 10.0}, ""memory_mib"": 512, ""configuration_id"": ""protein:1o7j.a__1hfj.c:a1|Independent discrete"", ""attempt_id"": ""slot31_ec99ae8c5e444220aca71081e41b28cc"", ""code_version"": {""notebooks_paper\\graph_only_v3\\build_notebook.py"": ""7e3d861e03d083d656076e3b0b45e6f5c98ab1786806d1d8eb78632d9a947dfb"", ""notebooks_paper\\graph_only_v3\\common.py"": ""db97df53c1a63e8922f98df75155c0402c2c6a2186f882c11c31c11946b6f8d2"", ""notebooks_paper\\graph_only_v3\\controlled_followup.py"": ""decd837da928ca6fc987ecf60377523e7812fdfb98c43de1cbf57a9eeed88724"", ""notebooks_paper\\graph_only_v3\\investigate_repeat.py"": ""5b2e153d7aff058a2c6e5e3f71dda45e715183d5eb4bef675e98bcec854a6af3"", ""notebooks_paper\\graph_only_v3\\prepare.py"": ""03ea7bf80ea27d91595e62b70b0c0782be55cf5b4d09c3852011cbe63c1c3b5b"", ""notebooks_paper\\graph_only_v3\\render_and_audit.py"": ""cdbeeab604584f0ae671bd4070917599dfd19b16283da5d4c4cddbc63df66015"", ""notebooks_paper\\graph_only_v3\\report.py"": ""86f28e35b44329cea42d4979b1387544a47cc698ce1bade4f5d4beac7b3d4e0a"", ""notebooks_paper\\graph_only_v3\\run_once.py"": ""676283c47e2ff731632417e16423ecaede44e007dfc1bfe18b9e3f8e8c88aa93"", ""notebooks_paper\\graph_only_v3\\supervisor.py"": ""4108be52e053f5d95313e7b15270159c20c5cd06c5faf2e611d717ea9aaef579"", ""notebooks_paper\\graph_only_v3\\worker.py"": ""e3eab59206421bb87f618f6699c27407e4272b6e5e82fba899a81778a1ea9f38""}}"
protein:1o7j.a__1hfj.c:a1|CPS-2F,32,protein,1o7j.a__1hfj.c,22,22,angstrom,output\paper_v1\inputs\protein_1o7j.a__1hfj.c.npz,7b773f6fd281824e25d8e444c9a70b1ca04a33b497237bdb6ee4b0605a6d1365,CPS-2F,1.0,18.95299827936545,19.07576340534633,0.9993252723713152,output\paper_v1\protein_B_transitions_20m\attempts\B_59ec1647ee4e4a51828c60d087ccbbb5,reused,"{""domain"": ""protein"", ""pair"": ""1o7j.a__1hfj.c"", ""case"": ""protein:1o7j.a__1hfj.c:a1"", ""nA"": 22, ""nB"": 22, ""units"": ""angstrom"", ""alpha"": 1.0, ""s_A"": 18.95299827936545, ""s_B"": 19.07576340534633, ""delta1"": 18.95299827936545, ""delta2"": 19.07576340534633, ""delta3"": 0.9993252723713152, ""input_file"": ""output\\paper_v1\\inputs\\protein_1o7j.a__1hfj.c.npz"", ""diagnostic"": ""B"", ""method"": ""CPS-2F"", ""certificate"": false, ""graph_limits"": {""seconds"": 55.0, ""max_states"": 100000, ""max_transitions"": 20000000, ""max_chain_edges"": 800000}, ""phase_budgets"": {""startup"": 60.0, ""input_loading"": 15.0, ""warmup"": 120.0, ""solver"": 60.0, ""checkpoint"": 5.0, ""validation"": 30.0, ""optional_measurements"": 30.0, ""reporting"": 10.0}, ""memory_mib"": 512, ""input_sha256"": ""7b773f6fd281824e25d8e444c9a70b1ca04a33b497237bdb6ee4b0605a6d1365"", ""parameter_file_sha256"": ""3fcba922fe7a59575833c4b63fb35b59a701259b5e7044fd399c6564f4667372"", ""graph_limits_applicable"": true, ""internal_seconds_applicable"": true, ""independent_discrete_chain_edge_default"": null, ""algorithms"": {""cps_paper_algorithms.py"": ""49bca757aacc4d81c9263416c79b91da6fbb2df5358e9e4bb80d97d08802d876"", ""curve_algorithms.py"": ""85e1f6444f23091810a3042decc3e2945a273d2b83cb5da3c6b76f8b495c98e7""}, ""attempt_id"": ""B_59ec1647ee4e4a51828c60d087ccbbb5"", ""code_version"": {""notebooks_paper\\graph_only_v3\\build_notebook.py"": ""7e3d861e03d083d656076e3b0b45e6f5c98ab1786806d1d8eb78632d9a947dfb"", ""notebooks_paper\\graph_only_v3\\common.py"": ""db97df53c1a63e8922f98df75155c0402c2c6a2186f882c11c31c11946b6f8d2"", ""notebooks_paper\\graph_only_v3\\controlled_followup.py"": ""f7cefbfd1709b3427f0c78ecb9f32db4d47de6f99df7135f20b1a8443c99799a"", ""notebooks_paper\\graph_only_v3\\investigate_repeat.py"": ""5b2e153d7aff058a2c6e5e3f71dda45e715183d5eb4bef675e98bcec854a6af3"", ""notebooks_paper\\graph_only_v3\\prepare.py"": ""03ea7bf80ea27d91595e62b70b0c0782be55cf5b4d09c3852011cbe63c1c3b5b"", ""notebooks_paper\\graph_only_v3\\render_and_audit.py"": ""cdbeeab604584f0ae671bd4070917599dfd19b16283da5d4c4cddbc63df66015"", ""notebooks_paper\\graph_only_v3\\report.py"": ""86f28e35b44329cea42d4979b1387544a47cc698ce1bade4f5d4beac7b3d4e0a"", ""notebooks_paper\\graph_only_v3\\run_once.py"": ""676283c47e2ff731632417e16423ecaede44e007dfc1bfe18b9e3f8e8c88aa93"", ""notebooks_paper\\graph_only_v3\\supervisor.py"": ""4108be52e053f5d95313e7b15270159c20c5cd06c5faf2e611d717ea9aaef579"", ""notebooks_paper\\graph_only_v3\\worker.py"": ""e3eab59206421bb87f618f6699c27407e4272b6e5e82fba899a81778a1ea9f38""}}"
protein:1o7j.a__1qd1.b:a0.5|Independent continuous,33,protein,1o7j.a__1qd1.b,22,22,angstrom,output\paper_v1\expanded_comparison\inputs\protein_1o7j.a__1qd1.b.npz,ee71f8b3980b2ceeb3dfe43be7b165082559212dfed03bb475480ffc13dfaa10,Independent continuous,0.5,9.476499139682725,10.890797290213742,35.978995691931146,,,"{""domain"": ""protein"", ""pair"": ""1o7j.a__1qd1.b"", ""nA"": 22, ""nB"": 22, ""units"": ""angstrom"", ""alpha"": 0.5, ""s_A"": 18.95299827936545, ""s_B"": 21.781594580427484, ""delta1"": 9.476499139682725, ""delta2"": 10.890797290213742, ""delta3"": 35.978995691931146, ""input_file"": ""output\\paper_v1\\expanded_comparison\\inputs\\protein_1o7j.a__1qd1.b.npz"", ""method"": ""Independent continuous"", ""certificate"": false, ""input_sha256"": ""ee71f8b3980b2ceeb3dfe43be7b165082559212dfed03bb475480ffc13dfaa10"", ""algorithms"": {""curve_algorithms.py"": ""85e1f6444f23091810a3042decc3e2945a273d2b83cb5da3c6b76f8b495c98e7"", ""cps_paper_algorithms.py"": ""49bca757aacc4d81c9263416c79b91da6fbb2df5358e9e4bb80d97d08802d876""}, ""graph_limits"": {""seconds"": 55.0, ""max_states"": 100000, ""max_transitions"": 20000000, ""max_chain_edges"": 800000}, ""phase_budgets"": {""startup"": 60.0, ""input_loading"": 15.0, ""warmup"": 120.0, ""solver"": 60.0, ""checkpoint"": 5.0, ""validation"": 30.0, ""optional_measurements"": 30.0, ""reporting"": 10.0}, ""memory_mib"": 512, ""attempt_id"": ""slot01_a21dc5c0aa204ab3b617cea12e9c1fdf"", ""configuration_id"": ""protein:1o7j.a__1qd1.b:a0.5|Independent continuous"", ""case"": ""protein:1o7j.a__1qd1.b:a0.5"", ""diagnostic"": ""expanded33""}"
protein:1o7j.a__1qd1.b:a0.5|Independent discrete,34,protein,1o7j.a__1qd1.b,22,22,angstrom,output\paper_v1\expanded_comparison\inputs\protein_1o7j.a__1qd1.b.npz,ee71f8b3980b2ceeb3dfe43be7b165082559212dfed03bb475480ffc13dfaa10,Independent discrete,0.5,9.476499139682725,10.890797290213742,35.978995691931146,,,"{""domain"": ""protein"", ""pair"": ""1o7j.a__1qd1.b"", ""nA"": 22, ""nB"": 22, ""units"": ""angstrom"", ""alpha"": 0.5, ""s_A"": 18.95299827936545, ""s_B"": 21.781594580427484, ""delta1"": 9.476499139682725, ""delta2"": 10.890797290213742, ""delta3"": 35.978995691931146, ""input_file"": ""output\\paper_v1\\expanded_comparison\\inputs\\protein_1o7j.a__1qd1.b.npz"", ""method"": ""Independent discrete"", ""certificate"": false, ""input_sha256"": ""ee71f8b3980b2ceeb3dfe43be7b165082559212dfed03bb475480ffc13dfaa10"", ""algorithms"": {""curve_algorithms.py"": ""85e1f6444f23091810a3042decc3e2945a273d2b83cb5da3c6b76f8b495c98e7"", ""cps_paper_algorithms.py"": ""49bca757aacc4d81c9263416c79b91da6fbb2df5358e9e4bb80d97d08802d876""}, ""graph_limits"": {""seconds"": 55.0, ""max_states"": 100000, ""max_transitions"": 20000000, ""max_chain_edges"": 800000}, ""phase_budgets"": {""startup"": 60.0, ""input_loading"": 15.0, ""warmup"": 120.0, ""solver"": 60.0, ""checkpoint"": 5.0, ""validation"": 30.0, ""optional_measurements"": 30.0, ""reporting"": 10.0}, ""memory_mib"": 512, ""attempt_id"": ""slot01_a21dc5c0aa204ab3b617cea12e9c1fdf"", ""configuration_id"": ""protein:1o7j.a__1qd1.b:a0.5|Independent discrete"", ""case"": ""protein:1o7j.a__1qd1.b:a0.5"", ""diagnostic"": ""expanded34""}"
protein:1o7j.a__1qd1.b:a0.5|CPS-2F,35,protein,1o7j.a__1qd1.b,22,22,angstrom,output\paper_v1\expanded_comparison\inputs\protein_1o7j.a__1qd1.b.npz,ee71f8b3980b2ceeb3dfe43be7b165082559212dfed03bb475480ffc13dfaa10,CPS-2F,0.5,9.476499139682725,10.890797290213742,35.978995691931146,,,"{""domain"": ""protein"", ""pair"": ""1o7j.a__1qd1.b"", ""nA"": 22, ""nB"": 22, ""units"": ""angstrom"", ""alpha"": 0.5, ""s_A"": 18.95299827936545, ""s_B"": 21.781594580427484, ""delta1"": 9.476499139682725, ""delta2"": 10.890797290213742, ""delta3"": 35.978995691931146, ""input_file"": ""output\\paper_v1\\expanded_comparison\\inputs\\protein_1o7j.a__1qd1.b.npz"", ""method"": ""CPS-2F"", ""certificate"": false, ""input_sha256"": ""ee71f8b3980b2ceeb3dfe43be7b165082559212dfed03bb475480ffc13dfaa10"", ""algorithms"": {""curve_algorithms.py"": ""85e1f6444f23091810a3042decc3e2945a273d2b83cb5da3c6b76f8b495c98e7"", ""cps_paper_algorithms.py"": ""49bca757aacc4d81c9263416c79b91da6fbb2df5358e9e4bb80d97d08802d876""}, ""graph_limits"": {""seconds"": 55.0, ""max_states"": 100000, ""max_transitions"": 20000000, ""max_chain_edges"": 800000}, ""phase_budgets"": {""startup"": 60.0, ""input_loading"": 15.0, ""warmup"": 120.0, ""solver"": 60.0, ""checkpoint"": 5.0, ""validation"": 30.0, ""optional_measurements"": 30.0, ""reporting"": 10.0}, ""memory_mib"": 512, ""attempt_id"": ""slot01_a21dc5c0aa204ab3b617cea12e9c1fdf"", ""configuration_id"": ""protein:1o7j.a__1qd1.b:a0.5|CPS-2F"", ""case"": ""protein:1o7j.a__1qd1.b:a0.5"", ""diagnostic"": ""expanded35""}"
protein:1o7j.a__1qd1.b:a0.5|CPS-3F,36,protein,1o7j.a__1qd1.b,22,22,angstrom,output\paper_v1\expanded_comparison\inputs\protein_1o7j.a__1qd1.b.npz,ee71f8b3980b2ceeb3dfe43be7b165082559212dfed03bb475480ffc13dfaa10,CPS-3F,0.5,9.476499139682725,10.890797290213742,35.978995691931146,,,"{""domain"": ""protein"", ""pair"": ""1o7j.a__1qd1.b"", ""nA"": 22, ""nB"": 22, ""units"": ""angstrom"", ""alpha"": 0.5, ""s_A"": 18.95299827936545, ""s_B"": 21.781594580427484, ""delta1"": 9.476499139682725, ""delta2"": 10.890797290213742, ""delta3"": 35.978995691931146, ""input_file"": ""output\\paper_v1\\expanded_comparison\\inputs\\protein_1o7j.a__1qd1.b.npz"", ""method"": ""CPS-3F"", ""certificate"": false, ""input_sha256"": ""ee71f8b3980b2ceeb3dfe43be7b165082559212dfed03bb475480ffc13dfaa10"", ""algorithms"": {""curve_algorithms.py"": ""85e1f6444f23091810a3042decc3e2945a273d2b83cb5da3c6b76f8b495c98e7"", ""cps_paper_algorithms.py"": ""49bca757aacc4d81c9263416c79b91da6fbb2df5358e9e4bb80d97d08802d876""}, ""graph_limits"": {""seconds"": 55.0, ""max_states"": 100000, ""max_transitions"": 20000000, ""max_chain_edges"": 800000}, ""phase_budgets"": {""startup"": 60.0, ""input_loading"": 15.0, ""warmup"": 120.0, ""solver"": 60.0, ""checkpoint"": 5.0, ""validation"": 30.0, ""optional_measurements"": 30.0, ""reporting"": 10.0}, ""memory_mib"": 512, ""attempt_id"": ""slot01_a21dc5c0aa204ab3b617cea12e9c1fdf"", ""configuration_id"": ""protein:1o7j.a__1qd1.b:a0.5|CPS-3F"", ""case"": ""protein:1o7j.a__1qd1.b:a0.5"", ""diagnostic"": ""expanded36""}"
protein:1o7j.a__1qd1.b:a1|Independent continuous,37,protein,1o7j.a__1qd1.b,22,22,angstrom,output\paper_v1\expanded_comparison\inputs\protein_1o7j.a__1qd1.b.npz,ee71f8b3980b2ceeb3dfe43be7b165082559212dfed03bb475480ffc13dfaa10,Independent continuous,1.0,18.95299827936545,21.781594580427484,35.978995691931146,,,"{""domain"": ""protein"", ""pair"": ""1o7j.a__1qd1.b"", ""nA"": 22, ""nB"": 22, ""units"": ""angstrom"", ""alpha"": 1.0, ""s_A"": 18.95299827936545, ""s_B"": 21.781594580427484, ""delta1"": 18.95299827936545, ""delta2"": 21.781594580427484, ""delta3"": 35.978995691931146, ""input_file"": ""output\\paper_v1\\expanded_comparison\\inputs\\protein_1o7j.a__1qd1.b.npz"", ""method"": ""Independent continuous"", ""certificate"": false, ""input_sha256"": ""ee71f8b3980b2ceeb3dfe43be7b165082559212dfed03bb475480ffc13dfaa10"", ""algorithms"": {""curve_algorithms.py"": ""85e1f6444f23091810a3042decc3e2945a273d2b83cb5da3c6b76f8b495c98e7"", ""cps_paper_algorithms.py"": ""49bca757aacc4d81c9263416c79b91da6fbb2df5358e9e4bb80d97d08802d876""}, ""graph_limits"": {""seconds"": 55.0, ""max_states"": 100000, ""max_transitions"": 20000000, ""max_chain_edges"": 800000}, ""phase_budgets"": {""startup"": 60.0, ""input_loading"": 15.0, ""warmup"": 120.0, ""solver"": 60.0, ""checkpoint"": 5.0, ""validation"": 30.0, ""optional_measurements"": 30.0, ""reporting"": 10.0}, ""memory_mib"": 512, ""attempt_id"": ""slot01_a21dc5c0aa204ab3b617cea12e9c1fdf"", ""configuration_id"": ""protein:1o7j.a__1qd1.b:a1|Independent continuous"", ""case"": ""protein:1o7j.a__1qd1.b:a1"", ""diagnostic"": ""expanded37""}"
protein:1o7j.a__1qd1.b:a1|Independent discrete,38,protein,1o7j.a__1qd1.b,22,22,angstrom,output\paper_v1\expanded_comparison\inputs\protein_1o7j.a__1qd1.b.npz,ee71f8b3980b2ceeb3dfe43be7b165082559212dfed03bb475480ffc13dfaa10,Independent discrete,1.0,18.95299827936545,21.781594580427484,35.978995691931146,,,"{""domain"": ""protein"", ""pair"": ""1o7j.a__1qd1.b"", ""nA"": 22, ""nB"": 22, ""units"": ""angstrom"", ""alpha"": 1.0, ""s_A"": 18.95299827936545, ""s_B"": 21.781594580427484, ""delta1"": 18.95299827936545, ""delta2"": 21.781594580427484, ""delta3"": 35.978995691931146, ""input_file"": ""output\\paper_v1\\expanded_comparison\\inputs\\protein_1o7j.a__1qd1.b.npz"", ""method"": ""Independent discrete"", ""certificate"": false, ""input_sha256"": ""ee71f8b3980b2ceeb3dfe43be7b165082559212dfed03bb475480ffc13dfaa10"", ""algorithms"": {""curve_algorithms.py"": ""85e1f6444f23091810a3042decc3e2945a273d2b83cb5da3c6b76f8b495c98e7"", ""cps_paper_algorithms.py"": ""49bca757aacc4d81c9263416c79b91da6fbb2df5358e9e4bb80d97d08802d876""}, ""graph_limits"": {""seconds"": 55.0, ""max_states"": 100000, ""max_transitions"": 20000000, ""max_chain_edges"": 800000}, ""phase_budgets"": {""startup"": 60.0, ""input_loading"": 15.0, ""warmup"": 120.0, ""solver"": 60.0, ""checkpoint"": 5.0, ""validation"": 30.0, ""optional_measurements"": 30.0, ""reporting"": 10.0}, ""memory_mib"": 512, ""attempt_id"": ""slot01_a21dc5c0aa204ab3b617cea12e9c1fdf"", ""configuration_id"": ""protein:1o7j.a__1qd1.b:a1|Independent discrete"", ""case"": ""protein:1o7j.a__1qd1.b:a1"", ""diagnostic"": ""expanded38""}"
protein:1o7j.a__1qd1.b:a1|CPS-2F,39,protein,1o7j.a__1qd1.b,22,22,angstrom,output\paper_v1\expanded_comparison\inputs\protein_1o7j.a__1qd1.b.npz,ee71f8b3980b2ceeb3dfe43be7b165082559212dfed03bb475480ffc13dfaa10,CPS-2F,1.0,18.95299827936545,21.781594580427484,35.978995691931146,,,"{""domain"": ""protein"", ""pair"": ""1o7j.a__1qd1.b"", ""nA"": 22, ""nB"": 22, ""units"": ""angstrom"", ""alpha"": 1.0, ""s_A"": 18.95299827936545, ""s_B"": 21.781594580427484, ""delta1"": 18.95299827936545, ""delta2"": 21.781594580427484, ""delta3"": 35.978995691931146, ""input_file"": ""output\\paper_v1\\expanded_comparison\\inputs\\protein_1o7j.a__1qd1.b.npz"", ""method"": ""CPS-2F"", ""certificate"": false, ""input_sha256"": ""ee71f8b3980b2ceeb3dfe43be7b165082559212dfed03bb475480ffc13dfaa10"", ""algorithms"": {""curve_algorithms.py"": ""85e1f6444f23091810a3042decc3e2945a273d2b83cb5da3c6b76f8b495c98e7"", ""cps_paper_algorithms.py"": ""49bca757aacc4d81c9263416c79b91da6fbb2df5358e9e4bb80d97d08802d876""}, ""graph_limits"": {""seconds"": 55.0, ""max_states"": 100000, ""max_transitions"": 20000000, ""max_chain_edges"": 800000}, ""phase_budgets"": {""startup"": 60.0, ""input_loading"": 15.0, ""warmup"": 120.0, ""solver"": 60.0, ""checkpoint"": 5.0, ""validation"": 30.0, ""optional_measurements"": 30.0, ""reporting"": 10.0}, ""memory_mib"": 512, ""attempt_id"": ""slot01_a21dc5c0aa204ab3b617cea12e9c1fdf"", ""configuration_id"": ""protein:1o7j.a__1qd1.b:a1|CPS-2F"", ""case"": ""protein:1o7j.a__1qd1.b:a1"", ""diagnostic"": ""expanded39""}"
protein:1o7j.a__1qd1.b:a1|CPS-3F,40,protein,1o7j.a__1qd1.b,22,22,angstrom,output\paper_v1\expanded_comparison\inputs\protein_1o7j.a__1qd1.b.npz,ee71f8b3980b2ceeb3dfe43be7b165082559212dfed03bb475480ffc13dfaa10,CPS-3F,1.0,18.95299827936545,21.781594580427484,35.978995691931146,,,"{""domain"": ""protein"", ""pair"": ""1o7j.a__1qd1.b"", ""nA"": 22, ""nB"": 22, ""units"": ""angstrom"", ""alpha"": 1.0, ""s_A"": 18.95299827936545, ""s_B"": 21.781594580427484, ""delta1"": 18.95299827936545, ""delta2"": 21.781594580427484, ""delta3"": 35.978995691931146, ""input_file"": ""output\\paper_v1\\expanded_comparison\\inputs\\protein_1o7j.a__1qd1.b.npz"", ""method"": ""CPS-3F"", ""certificate"": false, ""input_sha256"": ""ee71f8b3980b2ceeb3dfe43be7b165082559212dfed03bb475480ffc13dfaa10"", ""algorithms"": {""curve_algorithms.py"": ""85e1f6444f23091810a3042decc3e2945a273d2b83cb5da3c6b76f8b495c98e7"", ""cps_paper_algorithms.py"": ""49bca757aacc4d81c9263416c79b91da6fbb2df5358e9e4bb80d97d08802d876""}, ""graph_limits"": {""seconds"": 55.0, ""max_states"": 100000, ""max_transitions"": 20000000, ""max_chain_edges"": 800000}, ""phase_budgets"": {""startup"": 60.0, ""input_loading"": 15.0, ""warmup"": 120.0, ""solver"": 60.0, ""checkpoint"": 5.0, ""validation"": 30.0, ""optional_measurements"": 30.0, ""reporting"": 10.0}, ""memory_mib"": 512, ""attempt_id"": ""slot01_a21dc5c0aa204ab3b617cea12e9c1fdf"", ""configuration_id"": ""protein:1o7j.a__1qd1.b:a1|CPS-3F"", ""case"": ""protein:1o7j.a__1qd1.b:a1"", ""diagnostic"": ""expanded40""}"
protein:1o7j.a__4eca.d:a0.5|Independent continuous,41,protein,1o7j.a__4eca.d,22,22,angstrom,output\paper_v1\expanded_comparison\inputs\protein_1o7j.a__4eca.d.npz,926bd75812d2daa4cb742c7dbd881611b05dc2d93343e85c35a1267077868b86,Independent continuous,0.5,9.476499139682725,8.78100160685718,15.364049921814237,,,"{""domain"": ""protein"", ""pair"": ""1o7j.a__4eca.d"", ""nA"": 22, ""nB"": 22, ""units"": ""angstrom"", ""alpha"": 0.5, ""s_A"": 18.95299827936545, ""s_B"": 17.56200321371436, ""delta1"": 9.476499139682725, ""delta2"": 8.78100160685718, ""delta3"": 15.364049921814237, ""input_file"": ""output\\paper_v1\\expanded_comparison\\inputs\\protein_1o7j.a__4eca.d.npz"", ""method"": ""Independent continuous"", ""certificate"": false, ""input_sha256"": ""926bd75812d2daa4cb742c7dbd881611b05dc2d93343e85c35a1267077868b86"", ""algorithms"": {""curve_algorithms.py"": ""85e1f6444f23091810a3042decc3e2945a273d2b83cb5da3c6b76f8b495c98e7"", ""cps_paper_algorithms.py"": ""49bca757aacc4d81c9263416c79b91da6fbb2df5358e9e4bb80d97d08802d876""}, ""graph_limits"": {""seconds"": 55.0, ""max_states"": 100000, ""max_transitions"": 20000000, ""max_chain_edges"": 800000}, ""phase_budgets"": {""startup"": 60.0, ""input_loading"": 15.0, ""warmup"": 120.0, ""solver"": 60.0, ""checkpoint"": 5.0, ""validation"": 30.0, ""optional_measurements"": 30.0, ""reporting"": 10.0}, ""memory_mib"": 512, ""attempt_id"": ""slot01_a21dc5c0aa204ab3b617cea12e9c1fdf"", ""configuration_id"": ""protein:1o7j.a__4eca.d:a0.5|Independent continuous"", ""case"": ""protein:1o7j.a__4eca.d:a0.5"", ""diagnostic"": ""expanded41""}"
protein:1o7j.a__4eca.d:a0.5|Independent discrete,42,protein,1o7j.a__4eca.d,22,22,angstrom,output\paper_v1\expanded_comparison\inputs\protein_1o7j.a__4eca.d.npz,926bd75812d2daa4cb742c7dbd881611b05dc2d93343e85c35a1267077868b86,Independent discrete,0.5,9.476499139682725,8.78100160685718,15.364049921814237,,,"{""domain"": ""protein"", ""pair"": ""1o7j.a__4eca.d"", ""nA"": 22, ""nB"": 22, ""units"": ""angstrom"", ""alpha"": 0.5, ""s_A"": 18.95299827936545, ""s_B"": 17.56200321371436, ""delta1"": 9.476499139682725, ""delta2"": 8.78100160685718, ""delta3"": 15.364049921814237, ""input_file"": ""output\\paper_v1\\expanded_comparison\\inputs\\protein_1o7j.a__4eca.d.npz"", ""method"": ""Independent discrete"", ""certificate"": false, ""input_sha256"": ""926bd75812d2daa4cb742c7dbd881611b05dc2d93343e85c35a1267077868b86"", ""algorithms"": {""curve_algorithms.py"": ""85e1f6444f23091810a3042decc3e2945a273d2b83cb5da3c6b76f8b495c98e7"", ""cps_paper_algorithms.py"": ""49bca757aacc4d81c9263416c79b91da6fbb2df5358e9e4bb80d97d08802d876""}, ""graph_limits"": {""seconds"": 55.0, ""max_states"": 100000, ""max_transitions"": 20000000, ""max_chain_edges"": 800000}, ""phase_budgets"": {""startup"": 60.0, ""input_loading"": 15.0, ""warmup"": 120.0, ""solver"": 60.0, ""checkpoint"": 5.0, ""validation"": 30.0, ""optional_measurements"": 30.0, ""reporting"": 10.0}, ""memory_mib"": 512, ""attempt_id"": ""slot01_a21dc5c0aa204ab3b617cea12e9c1fdf"", ""configuration_id"": ""protein:1o7j.a__4eca.d:a0.5|Independent discrete"", ""case"": ""protein:1o7j.a__4eca.d:a0.5"", ""diagnostic"": ""expanded42""}"
protein:1o7j.a__4eca.d:a0.5|CPS-2F,43,protein,1o7j.a__4eca.d,22,22,angstrom,output\paper_v1\expanded_comparison\inputs\protein_1o7j.a__4eca.d.npz,926bd75812d2daa4cb742c7dbd881611b05dc2d93343e85c35a1267077868b86,CPS-2F,0.5,9.476499139682725,8.78100160685718,15.364049921814237,,,"{""domain"": ""protein"", ""pair"": ""1o7j.a__4eca.d"", ""nA"": 22, ""nB"": 22, ""units"": ""angstrom"", ""alpha"": 0.5, ""s_A"": 18.95299827936545, ""s_B"": 17.56200321371436, ""delta1"": 9.476499139682725, ""delta2"": 8.78100160685718, ""delta3"": 15.364049921814237, ""input_file"": ""output\\paper_v1\\expanded_comparison\\inputs\\protein_1o7j.a__4eca.d.npz"", ""method"": ""CPS-2F"", ""certificate"": false, ""input_sha256"": ""926bd75812d2daa4cb742c7dbd881611b05dc2d93343e85c35a1267077868b86"", ""algorithms"": {""curve_algorithms.py"": ""85e1f6444f23091810a3042decc3e2945a273d2b83cb5da3c6b76f8b495c98e7"", ""cps_paper_algorithms.py"": ""49bca757aacc4d81c9263416c79b91da6fbb2df5358e9e4bb80d97d08802d876""}, ""graph_limits"": {""seconds"": 55.0, ""max_states"": 100000, ""max_transitions"": 20000000, ""max_chain_edges"": 800000}, ""phase_budgets"": {""startup"": 60.0, ""input_loading"": 15.0, ""warmup"": 120.0, ""solver"": 60.0, ""checkpoint"": 5.0, ""validation"": 30.0, ""optional_measurements"": 30.0, ""reporting"": 10.0}, ""memory_mib"": 512, ""attempt_id"": ""slot01_a21dc5c0aa204ab3b617cea12e9c1fdf"", ""configuration_id"": ""protein:1o7j.a__4eca.d:a0.5|CPS-2F"", ""case"": ""protein:1o7j.a__4eca.d:a0.5"", ""diagnostic"": ""expanded43""}"
protein:1o7j.a__4eca.d:a0.5|CPS-3F,44,protein,1o7j.a__4eca.d,22,22,angstrom,output\paper_v1\expanded_comparison\inputs\protein_1o7j.a__4eca.d.npz,926bd75812d2daa4cb742c7dbd881611b05dc2d93343e85c35a1267077868b86,CPS-3F,0.5,9.476499139682725,8.78100160685718,15.364049921814237,,,"{""domain"": ""protein"", ""pair"": ""1o7j.a__4eca.d"", ""nA"": 22, ""nB"": 22, ""units"": ""angstrom"", ""alpha"": 0.5, ""s_A"": 18.95299827936545, ""s_B"": 17.56200321371436, ""delta1"": 9.476499139682725, ""delta2"": 8.78100160685718, ""delta3"": 15.364049921814237, ""input_file"": ""output\\paper_v1\\expanded_comparison\\inputs\\protein_1o7j.a__4eca.d.npz"", ""method"": ""CPS-3F"", ""certificate"": false, ""input_sha256"": ""926bd75812d2daa4cb742c7dbd881611b05dc2d93343e85c35a1267077868b86"", ""algorithms"": {""curve_algorithms.py"": ""85e1f6444f23091810a3042decc3e2945a273d2b83cb5da3c6b76f8b495c98e7"", ""cps_paper_algorithms.py"": ""49bca757aacc4d81c9263416c79b91da6fbb2df5358e9e4bb80d97d08802d876""}, ""graph_limits"": {""seconds"": 55.0, ""max_states"": 100000, ""max_transitions"": 20000000, ""max_chain_edges"": 800000}, ""phase_budgets"": {""startup"": 60.0, ""input_loading"": 15.0, ""warmup"": 120.0, ""solver"": 60.0, ""checkpoint"": 5.0, ""validation"": 30.0, ""optional_measurements"": 30.0, ""reporting"": 10.0}, ""memory_mib"": 512, ""attempt_id"": ""slot01_a21dc5c0aa204ab3b617cea12e9c1fdf"", ""configuration_id"": ""protein:1o7j.a__4eca.d:a0.5|CPS-3F"", ""case"": ""protein:1o7j.a__4eca.d:a0.5"", ""diagnostic"": ""expanded44""}"
protein:1o7j.a__4eca.d:a1|Independent continuous,45,protein,1o7j.a__4eca.d,22,22,angstrom,output\paper_v1\expanded_comparison\inputs\protein_1o7j.a__4eca.d.npz,926bd75812d2daa4cb742c7dbd881611b05dc2d93343e85c35a1267077868b86,Independent continuous,1.0,18.95299827936545,17.56200321371436,15.364049921814237,,,"{""domain"": ""protein"", ""pair"": ""1o7j.a__4eca.d"", ""nA"": 22, ""nB"": 22, ""units"": ""angstrom"", ""alpha"": 1.0, ""s_A"": 18.95299827936545, ""s_B"": 17.56200321371436, ""delta1"": 18.95299827936545, ""delta2"": 17.56200321371436, ""delta3"": 15.364049921814237, ""input_file"": ""output\\paper_v1\\expanded_comparison\\inputs\\protein_1o7j.a__4eca.d.npz"", ""method"": ""Independent continuous"", ""certificate"": false, ""input_sha256"": ""926bd75812d2daa4cb742c7dbd881611b05dc2d93343e85c35a1267077868b86"", ""algorithms"": {""curve_algorithms.py"": ""85e1f6444f23091810a3042decc3e2945a273d2b83cb5da3c6b76f8b495c98e7"", ""cps_paper_algorithms.py"": ""49bca757aacc4d81c9263416c79b91da6fbb2df5358e9e4bb80d97d08802d876""}, ""graph_limits"": {""seconds"": 55.0, ""max_states"": 100000, ""max_transitions"": 20000000, ""max_chain_edges"": 800000}, ""phase_budgets"": {""startup"": 60.0, ""input_loading"": 15.0, ""warmup"": 120.0, ""solver"": 60.0, ""checkpoint"": 5.0, ""validation"": 30.0, ""optional_measurements"": 30.0, ""reporting"": 10.0}, ""memory_mib"": 512, ""attempt_id"": ""slot01_a21dc5c0aa204ab3b617cea12e9c1fdf"", ""configuration_id"": ""protein:1o7j.a__4eca.d:a1|Independent continuous"", ""case"": ""protein:1o7j.a__4eca.d:a1"", ""diagnostic"": ""expanded45""}"
protein:1o7j.a__4eca.d:a1|Independent discrete,46,protein,1o7j.a__4eca.d,22,22,angstrom,output\paper_v1\expanded_comparison\inputs\protein_1o7j.a__4eca.d.npz,926bd75812d2daa4cb742c7dbd881611b05dc2d93343e85c35a1267077868b86,Independent discrete,1.0,18.95299827936545,17.56200321371436,15.364049921814237,,,"{""domain"": ""protein"", ""pair"": ""1o7j.a__4eca.d"", ""nA"": 22, ""nB"": 22, ""units"": ""angstrom"", ""alpha"": 1.0, ""s_A"": 18.95299827936545, ""s_B"": 17.56200321371436, ""delta1"": 18.95299827936545, ""delta2"": 17.56200321371436, ""delta3"": 15.364049921814237, ""input_file"": ""output\\paper_v1\\expanded_comparison\\inputs\\protein_1o7j.a__4eca.d.npz"", ""method"": ""Independent discrete"", ""certificate"": false, ""input_sha256"": ""926bd75812d2daa4cb742c7dbd881611b05dc2d93343e85c35a1267077868b86"", ""algorithms"": {""curve_algorithms.py"": ""85e1f6444f23091810a3042decc3e2945a273d2b83cb5da3c6b76f8b495c98e7"", ""cps_paper_algorithms.py"": ""49bca757aacc4d81c9263416c79b91da6fbb2df5358e9e4bb80d97d08802d876""}, ""graph_limits"": {""seconds"": 55.0, ""max_states"": 100000, ""max_transitions"": 20000000, ""max_chain_edges"": 800000}, ""phase_budgets"": {""startup"": 60.0, ""input_loading"": 15.0, ""warmup"": 120.0, ""solver"": 60.0, ""checkpoint"": 5.0, ""validation"": 30.0, ""optional_measurements"": 30.0, ""reporting"": 10.0}, ""memory_mib"": 512, ""attempt_id"": ""slot01_a21dc5c0aa204ab3b617cea12e9c1fdf"", ""configuration_id"": ""protein:1o7j.a__4eca.d:a1|Independent discrete"", ""case"": ""protein:1o7j.a__4eca.d:a1"", ""diagnostic"": ""expanded46""}"
protein:1o7j.a__4eca.d:a1|CPS-2F,47,protein,1o7j.a__4eca.d,22,22,angstrom,output\paper_v1\expanded_comparison\inputs\protein_1o7j.a__4eca.d.npz,926bd75812d2daa4cb742c7dbd881611b05dc2d93343e85c35a1267077868b86,CPS-2F,1.0,18.95299827936545,17.56200321371436,15.364049921814237,,,"{""domain"": ""protein"", ""pair"": ""1o7j.a__4eca.d"", ""nA"": 22, ""nB"": 22, ""units"": ""angstrom"", ""alpha"": 1.0, ""s_A"": 18.95299827936545, ""s_B"": 17.56200321371436, ""delta1"": 18.95299827936545, ""delta2"": 17.56200321371436, ""delta3"": 15.364049921814237, ""input_file"": ""output\\paper_v1\\expanded_comparison\\inputs\\protein_1o7j.a__4eca.d.npz"", ""method"": ""CPS-2F"", ""certificate"": false, ""input_sha256"": ""926bd75812d2daa4cb742c7dbd881611b05dc2d93343e85c35a1267077868b86"", ""algorithms"": {""curve_algorithms.py"": ""85e1f6444f23091810a3042decc3e2945a273d2b83cb5da3c6b76f8b495c98e7"", ""cps_paper_algorithms.py"": ""49bca757aacc4d81c9263416c79b91da6fbb2df5358e9e4bb80d97d08802d876""}, ""graph_limits"": {""seconds"": 55.0, ""max_states"": 100000, ""max_transitions"": 20000000, ""max_chain_edges"": 800000}, ""phase_budgets"": {""startup"": 60.0, ""input_loading"": 15.0, ""warmup"": 120.0, ""solver"": 60.0, ""checkpoint"": 5.0, ""validation"": 30.0, ""optional_measurements"": 30.0, ""reporting"": 10.0}, ""memory_mib"": 512, ""attempt_id"": ""slot01_a21dc5c0aa204ab3b617cea12e9c1fdf"", ""configuration_id"": ""protein:1o7j.a__4eca.d:a1|CPS-2F"", ""case"": ""protein:1o7j.a__4eca.d:a1"", ""diagnostic"": ""expanded47""}"
protein:1o7j.a__4eca.d:a1|CPS-3F,48,protein,1o7j.a__4eca.d,22,22,angstrom,output\paper_v1\expanded_comparison\inputs\protein_1o7j.a__4eca.d.npz,926bd75812d2daa4cb742c7dbd881611b05dc2d93343e85c35a1267077868b86,CPS-3F,1.0,18.95299827936545,17.56200321371436,15.364049921814237,,,"{""domain"": ""protein"", ""pair"": ""1o7j.a__4eca.d"", ""nA"": 22, ""nB"": 22, ""units"": ""angstrom"", ""alpha"": 1.0, ""s_A"": 18.95299827936545, ""s_B"": 17.56200321371436, ""delta1"": 18.95299827936545, ""delta2"": 17.56200321371436, ""delta3"": 15.364049921814237, ""input_file"": ""output\\paper_v1\\expanded_comparison\\inputs\\protein_1o7j.a__4eca.d.npz"", ""method"": ""CPS-3F"", ""certificate"": false, ""input_sha256"": ""926bd75812d2daa4cb742c7dbd881611b05dc2d93343e85c35a1267077868b86"", ""algorithms"": {""curve_algorithms.py"": ""85e1f6444f23091810a3042decc3e2945a273d2b83cb5da3c6b76f8b495c98e7"", ""cps_paper_algorithms.py"": ""49bca757aacc4d81c9263416c79b91da6fbb2df5358e9e4bb80d97d08802d876""}, ""graph_limits"": {""seconds"": 55.0, ""max_states"": 100000, ""max_transitions"": 20000000, ""max_chain_edges"": 800000}, ""phase_budgets"": {""startup"": 60.0, ""input_loading"": 15.0, ""warmup"": 120.0, ""solver"": 60.0, ""checkpoint"": 5.0, ""validation"": 30.0, ""optional_measurements"": 30.0, ""reporting"": 10.0}, ""memory_mib"": 512, ""attempt_id"": ""slot01_a21dc5c0aa204ab3b617cea12e9c1fdf"", ""configuration_id"": ""protein:1o7j.a__4eca.d:a1|CPS-3F"", ""case"": ""protein:1o7j.a__4eca.d:a1"", ""diagnostic"": ""expanded48""}"
protein:1o7j.a__1toh.a:a0.5|Independent continuous,49,protein,1o7j.a__1toh.a,22,22,angstrom,output\paper_v1\expanded_comparison\inputs\protein_1o7j.a__1toh.a.npz,5e6a2b9a37b78ae69edb4d6f22281db5d47f278893cbaca092fc6164e9b8337e,Independent continuous,0.5,9.476499139682725,10.346278485309295,37.12846564295379,,,"{""domain"": ""protein"", ""pair"": ""1o7j.a__1toh.a"", ""nA"": 22, ""nB"": 22, ""units"": ""angstrom"", ""alpha"": 0.5, ""s_A"": 18.95299827936545, ""s_B"": 20.69255697061859, ""delta1"": 9.476499139682725, ""delta2"": 10.346278485309295, ""delta3"": 37.12846564295379, ""input_file"": ""output\\paper_v1\\expanded_comparison\\inputs\\protein_1o7j.a__1toh.a.npz"", ""method"": ""Independent continuous"", ""certificate"": false, ""input_sha256"": ""5e6a2b9a37b78ae69edb4d6f22281db5d47f278893cbaca092fc6164e9b8337e"", ""algorithms"": {""curve_algorithms.py"": ""85e1f6444f23091810a3042decc3e2945a273d2b83cb5da3c6b76f8b495c98e7"", ""cps_paper_algorithms.py"": ""49bca757aacc4d81c9263416c79b91da6fbb2df5358e9e4bb80d97d08802d876""}, ""graph_limits"": {""seconds"": 55.0, ""max_states"": 100000, ""max_transitions"": 20000000, ""max_chain_edges"": 800000}, ""phase_budgets"": {""startup"": 60.0, ""input_loading"": 15.0, ""warmup"": 120.0, ""solver"": 60.0, ""checkpoint"": 5.0, ""validation"": 30.0, ""optional_measurements"": 30.0, ""reporting"": 10.0}, ""memory_mib"": 512, ""attempt_id"": ""slot01_a21dc5c0aa204ab3b617cea12e9c1fdf"", ""configuration_id"": ""protein:1o7j.a__1toh.a:a0.5|Independent continuous"", ""case"": ""protein:1o7j.a__1toh.a:a0.5"", ""diagnostic"": ""expanded49""}"
protein:1o7j.a__1toh.a:a0.5|Independent discrete,50,protein,1o7j.a__1toh.a,22,22,angstrom,output\paper_v1\expanded_comparison\inputs\protein_1o7j.a__1toh.a.npz,5e6a2b9a37b78ae69edb4d6f22281db5d47f278893cbaca092fc6164e9b8337e,Independent discrete,0.5,9.476499139682725,10.346278485309295,37.12846564295379,,,"{""domain"": ""protein"", ""pair"": ""1o7j.a__1toh.a"", ""nA"": 22, ""nB"": 22, ""units"": ""angstrom"", ""alpha"": 0.5, ""s_A"": 18.95299827936545, ""s_B"": 20.69255697061859, ""delta1"": 9.476499139682725, ""delta2"": 10.346278485309295, ""delta3"": 37.12846564295379, ""input_file"": ""output\\paper_v1\\expanded_comparison\\inputs\\protein_1o7j.a__1toh.a.npz"", ""method"": ""Independent discrete"", ""certificate"": false, ""input_sha256"": ""5e6a2b9a37b78ae69edb4d6f22281db5d47f278893cbaca092fc6164e9b8337e"", ""algorithms"": {""curve_algorithms.py"": ""85e1f6444f23091810a3042decc3e2945a273d2b83cb5da3c6b76f8b495c98e7"", ""cps_paper_algorithms.py"": ""49bca757aacc4d81c9263416c79b91da6fbb2df5358e9e4bb80d97d08802d876""}, ""graph_limits"": {""seconds"": 55.0, ""max_states"": 100000, ""max_transitions"": 20000000, ""max_chain_edges"": 800000}, ""phase_budgets"": {""startup"": 60.0, ""input_loading"": 15.0, ""warmup"": 120.0, ""solver"": 60.0, ""checkpoint"": 5.0, ""validation"": 30.0, ""optional_measurements"": 30.0, ""reporting"": 10.0}, ""memory_mib"": 512, ""attempt_id"": ""slot01_a21dc5c0aa204ab3b617cea12e9c1fdf"", ""configuration_id"": ""protein:1o7j.a__1toh.a:a0.5|Independent discrete"", ""case"": ""protein:1o7j.a__1toh.a:a0.5"", ""diagnostic"": ""expanded50""}"
protein:1o7j.a__1toh.a:a0.5|CPS-2F,51,protein,1o7j.a__1toh.a,22,22,angstrom,output\paper_v1\expanded_comparison\inputs\protein_1o7j.a__1toh.a.npz,5e6a2b9a37b78ae69edb4d6f22281db5d47f278893cbaca092fc6164e9b8337e,CPS-2F,0.5,9.476499139682725,10.346278485309295,37.12846564295379,,,"{""domain"": ""protein"", ""pair"": ""1o7j.a__1toh.a"", ""nA"": 22, ""nB"": 22, ""units"": ""angstrom"", ""alpha"": 0.5, ""s_A"": 18.95299827936545, ""s_B"": 20.69255697061859, ""delta1"": 9.476499139682725, ""delta2"": 10.346278485309295, ""delta3"": 37.12846564295379, ""input_file"": ""output\\paper_v1\\expanded_comparison\\inputs\\protein_1o7j.a__1toh.a.npz"", ""method"": ""CPS-2F"", ""certificate"": false, ""input_sha256"": ""5e6a2b9a37b78ae69edb4d6f22281db5d47f278893cbaca092fc6164e9b8337e"", ""algorithms"": {""curve_algorithms.py"": ""85e1f6444f23091810a3042decc3e2945a273d2b83cb5da3c6b76f8b495c98e7"", ""cps_paper_algorithms.py"": ""49bca757aacc4d81c9263416c79b91da6fbb2df5358e9e4bb80d97d08802d876""}, ""graph_limits"": {""seconds"": 55.0, ""max_states"": 100000, ""max_transitions"": 20000000, ""max_chain_edges"": 800000}, ""phase_budgets"": {""startup"": 60.0, ""input_loading"": 15.0, ""warmup"": 120.0, ""solver"": 60.0, ""checkpoint"": 5.0, ""validation"": 30.0, ""optional_measurements"": 30.0, ""reporting"": 10.0}, ""memory_mib"": 512, ""attempt_id"": ""slot01_a21dc5c0aa204ab3b617cea12e9c1fdf"", ""configuration_id"": ""protein:1o7j.a__1toh.a:a0.5|CPS-2F"", ""case"": ""protein:1o7j.a__1toh.a:a0.5"", ""diagnostic"": ""expanded51""}"
protein:1o7j.a__1toh.a:a0.5|CPS-3F,52,protein,1o7j.a__1toh.a,22,22,angstrom,output\paper_v1\expanded_comparison\inputs\protein_1o7j.a__1toh.a.npz,5e6a2b9a37b78ae69edb4d6f22281db5d47f278893cbaca092fc6164e9b8337e,CPS-3F,0.5,9.476499139682725,10.346278485309295,37.12846564295379,,,"{""domain"": ""protein"", ""pair"": ""1o7j.a__1toh.a"", ""nA"": 22, ""nB"": 22, ""units"": ""angstrom"", ""alpha"": 0.5, ""s_A"": 18.95299827936545, ""s_B"": 20.69255697061859, ""delta1"": 9.476499139682725, ""delta2"": 10.346278485309295, ""delta3"": 37.12846564295379, ""input_file"": ""output\\paper_v1\\expanded_comparison\\inputs\\protein_1o7j.a__1toh.a.npz"", ""method"": ""CPS-3F"", ""certificate"": false, ""input_sha256"": ""5e6a2b9a37b78ae69edb4d6f22281db5d47f278893cbaca092fc6164e9b8337e"", ""algorithms"": {""curve_algorithms.py"": ""85e1f6444f23091810a3042decc3e2945a273d2b83cb5da3c6b76f8b495c98e7"", ""cps_paper_algorithms.py"": ""49bca757aacc4d81c9263416c79b91da6fbb2df5358e9e4bb80d97d08802d876""}, ""graph_limits"": {""seconds"": 55.0, ""max_states"": 100000, ""max_transitions"": 20000000, ""max_chain_edges"": 800000}, ""phase_budgets"": {""startup"": 60.0, ""input_loading"": 15.0, ""warmup"": 120.0, ""solver"": 60.0, ""checkpoint"": 5.0, ""validation"": 30.0, ""optional_measurements"": 30.0, ""reporting"": 10.0}, ""memory_mib"": 512, ""attempt_id"": ""slot01_a21dc5c0aa204ab3b617cea12e9c1fdf"", ""configuration_id"": ""protein:1o7j.a__1toh.a:a0.5|CPS-3F"", ""case"": ""protein:1o7j.a__1toh.a:a0.5"", ""diagnostic"": ""expanded52""}"
protein:1o7j.a__1toh.a:a1|Independent continuous,53,protein,1o7j.a__1toh.a,22,22,angstrom,output\paper_v1\expanded_comparison\inputs\protein_1o7j.a__1toh.a.npz,5e6a2b9a37b78ae69edb4d6f22281db5d47f278893cbaca092fc6164e9b8337e,Independent continuous,1.0,18.95299827936545,20.69255697061859,37.12846564295379,,,"{""domain"": ""protein"", ""pair"": ""1o7j.a__1toh.a"", ""nA"": 22, ""nB"": 22, ""units"": ""angstrom"", ""alpha"": 1.0, ""s_A"": 18.95299827936545, ""s_B"": 20.69255697061859, ""delta1"": 18.95299827936545, ""delta2"": 20.69255697061859, ""delta3"": 37.12846564295379, ""input_file"": ""output\\paper_v1\\expanded_comparison\\inputs\\protein_1o7j.a__1toh.a.npz"", ""method"": ""Independent continuous"", ""certificate"": false, ""input_sha256"": ""5e6a2b9a37b78ae69edb4d6f22281db5d47f278893cbaca092fc6164e9b8337e"", ""algorithms"": {""curve_algorithms.py"": ""85e1f6444f23091810a3042decc3e2945a273d2b83cb5da3c6b76f8b495c98e7"", ""cps_paper_algorithms.py"": ""49bca757aacc4d81c9263416c79b91da6fbb2df5358e9e4bb80d97d08802d876""}, ""graph_limits"": {""seconds"": 55.0, ""max_states"": 100000, ""max_transitions"": 20000000, ""max_chain_edges"": 800000}, ""phase_budgets"": {""startup"": 60.0, ""input_loading"": 15.0, ""warmup"": 120.0, ""solver"": 60.0, ""checkpoint"": 5.0, ""validation"": 30.0, ""optional_measurements"": 30.0, ""reporting"": 10.0}, ""memory_mib"": 512, ""attempt_id"": ""slot01_a21dc5c0aa204ab3b617cea12e9c1fdf"", ""configuration_id"": ""protein:1o7j.a__1toh.a:a1|Independent continuous"", ""case"": ""protein:1o7j.a__1toh.a:a1"", ""diagnostic"": ""expanded53""}"
protein:1o7j.a__1toh.a:a1|Independent discrete,54,protein,1o7j.a__1toh.a,22,22,angstrom,output\paper_v1\expanded_comparison\inputs\protein_1o7j.a__1toh.a.npz,5e6a2b9a37b78ae69edb4d6f22281db5d47f278893cbaca092fc6164e9b8337e,Independent discrete,1.0,18.95299827936545,20.69255697061859,37.12846564295379,,,"{""domain"": ""protein"", ""pair"": ""1o7j.a__1toh.a"", ""nA"": 22, ""nB"": 22, ""units"": ""angstrom"", ""alpha"": 1.0, ""s_A"": 18.95299827936545, ""s_B"": 20.69255697061859, ""delta1"": 18.95299827936545, ""delta2"": 20.69255697061859, ""delta3"": 37.12846564295379, ""input_file"": ""output\\paper_v1\\expanded_comparison\\inputs\\protein_1o7j.a__1toh.a.npz"", ""method"": ""Independent discrete"", ""certificate"": false, ""input_sha256"": ""5e6a2b9a37b78ae69edb4d6f22281db5d47f278893cbaca092fc6164e9b8337e"", ""algorithms"": {""curve_algorithms.py"": ""85e1f6444f23091810a3042decc3e2945a273d2b83cb5da3c6b76f8b495c98e7"", ""cps_paper_algorithms.py"": ""49bca757aacc4d81c9263416c79b91da6fbb2df5358e9e4bb80d97d08802d876""}, ""graph_limits"": {""seconds"": 55.0, ""max_states"": 100000, ""max_transitions"": 20000000, ""max_chain_edges"": 800000}, ""phase_budgets"": {""startup"": 60.0, ""input_loading"": 15.0, ""warmup"": 120.0, ""solver"": 60.0, ""checkpoint"": 5.0, ""validation"": 30.0, ""optional_measurements"": 30.0, ""reporting"": 10.0}, ""memory_mib"": 512, ""attempt_id"": ""slot01_a21dc5c0aa204ab3b617cea12e9c1fdf"", ""configuration_id"": ""protein:1o7j.a__1toh.a:a1|Independent discrete"", ""case"": ""protein:1o7j.a__1toh.a:a1"", ""diagnostic"": ""expanded54""}"
protein:1o7j.a__1toh.a:a1|CPS-2F,55,protein,1o7j.a__1toh.a,22,22,angstrom,output\paper_v1\expanded_comparison\inputs\protein_1o7j.a__1toh.a.npz,5e6a2b9a37b78ae69edb4d6f22281db5d47f278893cbaca092fc6164e9b8337e,CPS-2F,1.0,18.95299827936545,20.69255697061859,37.12846564295379,,,"{""domain"": ""protein"", ""pair"": ""1o7j.a__1toh.a"", ""nA"": 22, ""nB"": 22, ""units"": ""angstrom"", ""alpha"": 1.0, ""s_A"": 18.95299827936545, ""s_B"": 20.69255697061859, ""delta1"": 18.95299827936545, ""delta2"": 20.69255697061859, ""delta3"": 37.12846564295379, ""input_file"": ""output\\paper_v1\\expanded_comparison\\inputs\\protein_1o7j.a__1toh.a.npz"", ""method"": ""CPS-2F"", ""certificate"": false, ""input_sha256"": ""5e6a2b9a37b78ae69edb4d6f22281db5d47f278893cbaca092fc6164e9b8337e"", ""algorithms"": {""curve_algorithms.py"": ""85e1f6444f23091810a3042decc3e2945a273d2b83cb5da3c6b76f8b495c98e7"", ""cps_paper_algorithms.py"": ""49bca757aacc4d81c9263416c79b91da6fbb2df5358e9e4bb80d97d08802d876""}, ""graph_limits"": {""seconds"": 55.0, ""max_states"": 100000, ""max_transitions"": 20000000, ""max_chain_edges"": 800000}, ""phase_budgets"": {""startup"": 60.0, ""input_loading"": 15.0, ""warmup"": 120.0, ""solver"": 60.0, ""checkpoint"": 5.0, ""validation"": 30.0, ""optional_measurements"": 30.0, ""reporting"": 10.0}, ""memory_mib"": 512, ""attempt_id"": ""slot01_a21dc5c0aa204ab3b617cea12e9c1fdf"", ""configuration_id"": ""protein:1o7j.a__1toh.a:a1|CPS-2F"", ""case"": ""protein:1o7j.a__1toh.a:a1"", ""diagnostic"": ""expanded55""}"
protein:1o7j.a__1toh.a:a1|CPS-3F,56,protein,1o7j.a__1toh.a,22,22,angstrom,output\paper_v1\expanded_comparison\inputs\protein_1o7j.a__1toh.a.npz,5e6a2b9a37b78ae69edb4d6f22281db5d47f278893cbaca092fc6164e9b8337e,CPS-3F,1.0,18.95299827936545,20.69255697061859,37.12846564295379,,,"{""domain"": ""protein"", ""pair"": ""1o7j.a__1toh.a"", ""nA"": 22, ""nB"": 22, ""units"": ""angstrom"", ""alpha"": 1.0, ""s_A"": 18.95299827936545, ""s_B"": 20.69255697061859, ""delta1"": 18.95299827936545, ""delta2"": 20.69255697061859, ""delta3"": 37.12846564295379, ""input_file"": ""output\\paper_v1\\expanded_comparison\\inputs\\protein_1o7j.a__1toh.a.npz"", ""method"": ""CPS-3F"", ""certificate"": false, ""input_sha256"": ""5e6a2b9a37b78ae69edb4d6f22281db5d47f278893cbaca092fc6164e9b8337e"", ""algorithms"": {""curve_algorithms.py"": ""85e1f6444f23091810a3042decc3e2945a273d2b83cb5da3c6b76f8b495c98e7"", ""cps_paper_algorithms.py"": ""49bca757aacc4d81c9263416c79b91da6fbb2df5358e9e4bb80d97d08802d876""}, ""graph_limits"": {""seconds"": 55.0, ""max_states"": 100000, ""max_transitions"": 20000000, ""max_chain_edges"": 800000}, ""phase_budgets"": {""startup"": 60.0, ""input_loading"": 15.0, ""warmup"": 120.0, ""solver"": 60.0, ""checkpoint"": 5.0, ""validation"": 30.0, ""optional_measurements"": 30.0, ""reporting"": 10.0}, ""memory_mib"": 512, ""attempt_id"": ""slot01_a21dc5c0aa204ab3b617cea12e9c1fdf"", ""configuration_id"": ""protein:1o7j.a__1toh.a:a1|CPS-3F"", ""case"": ""protein:1o7j.a__1toh.a:a1"", ""diagnostic"": ""expanded56""}"
hurricane:EP111954__EP021984:a0.5|Independent continuous,57,hurricane,EP111954__EP021984,25,82,projected km,output\paper_v1\expanded_comparison\inputs\hurricane_EP111954__EP021984.npz,f6f69328452dbeb2c9b701abdb3760ce7a95f9de1a53ed1dcbd1261aa4023d20,Independent continuous,0.5,62.59116991555275,21.5881714404469,411.7453872318912,,,"{""domain"": ""hurricane"", ""pair"": ""EP111954__EP021984"", ""nA"": 25, ""nB"": 82, ""units"": ""projected km"", ""alpha"": 0.5, ""s_A"": 125.1823398311055, ""s_B"": 43.1763428808938, ""delta1"": 62.59116991555275, ""delta2"": 21.5881714404469, ""delta3"": 411.7453872318912, ""input_file"": ""output\\paper_v1\\expanded_comparison\\inputs\\hurricane_EP111954__EP021984.npz"", ""method"": ""Independent continuous"", ""certificate"": false, ""input_sha256"": ""f6f69328452dbeb2c9b701abdb3760ce7a95f9de1a53ed1dcbd1261aa4023d20"", ""algorithms"": {""curve_algorithms.py"": ""85e1f6444f23091810a3042decc3e2945a273d2b83cb5da3c6b76f8b495c98e7"", ""cps_paper_algorithms.py"": ""49bca757aacc4d81c9263416c79b91da6fbb2df5358e9e4bb80d97d08802d876""}, ""graph_limits"": {""seconds"": 55.0, ""max_states"": 100000, ""max_transitions"": 20000000, ""max_chain_edges"": 800000}, ""phase_budgets"": {""startup"": 60.0, ""input_loading"": 15.0, ""warmup"": 120.0, ""solver"": 60.0, ""checkpoint"": 5.0, ""validation"": 30.0, ""optional_measurements"": 30.0, ""reporting"": 10.0}, ""memory_mib"": 512, ""attempt_id"": ""slot01_a21dc5c0aa204ab3b617cea12e9c1fdf"", ""configuration_id"": ""hurricane:EP111954__EP021984:a0.5|Independent continuous"", ""case"": ""hurricane:EP111954__EP021984:a0.5"", ""diagnostic"": ""expanded57""}"
hurricane:EP111954__EP021984:a0.5|Independent discrete,58,hurricane,EP111954__EP021984,25,82,projected km,output\paper_v1\expanded_comparison\inputs\hurricane_EP111954__EP021984.npz,f6f69328452dbeb2c9b701abdb3760ce7a95f9de1a53ed1dcbd1261aa4023d20,Independent discrete,0.5,62.59116991555275,21.5881714404469,411.7453872318912,,,"{""domain"": ""hurricane"", ""pair"": ""EP111954__EP021984"", ""nA"": 25, ""nB"": 82, ""units"": ""projected km"", ""alpha"": 0.5, ""s_A"": 125.1823398311055, ""s_B"": 43.1763428808938, ""delta1"": 62.59116991555275, ""delta2"": 21.5881714404469, ""delta3"": 411.7453872318912, ""input_file"": ""output\\paper_v1\\expanded_comparison\\inputs\\hurricane_EP111954__EP021984.npz"", ""method"": ""Independent discrete"", ""certificate"": false, ""input_sha256"": ""f6f69328452dbeb2c9b701abdb3760ce7a95f9de1a53ed1dcbd1261aa4023d20"", ""algorithms"": {""curve_algorithms.py"": ""85e1f6444f23091810a3042decc3e2945a273d2b83cb5da3c6b76f8b495c98e7"", ""cps_paper_algorithms.py"": ""49bca757aacc4d81c9263416c79b91da6fbb2df5358e9e4bb80d97d08802d876""}, ""graph_limits"": {""seconds"": 55.0, ""max_states"": 100000, ""max_transitions"": 20000000, ""max_chain_edges"": 800000}, ""phase_budgets"": {""startup"": 60.0, ""input_loading"": 15.0, ""warmup"": 120.0, ""solver"": 60.0, ""checkpoint"": 5.0, ""validation"": 30.0, ""optional_measurements"": 30.0, ""reporting"": 10.0}, ""memory_mib"": 512, ""attempt_id"": ""slot01_a21dc5c0aa204ab3b617cea12e9c1fdf"", ""configuration_id"": ""hurricane:EP111954__EP021984:a0.5|Independent discrete"", ""case"": ""hurricane:EP111954__EP021984:a0.5"", ""diagnostic"": ""expanded58""}"
hurricane:EP111954__EP021984:a0.5|CPS-2F,59,hurricane,EP111954__EP021984,25,82,projected km,output\paper_v1\expanded_comparison\inputs\hurricane_EP111954__EP021984.npz,f6f69328452dbeb2c9b701abdb3760ce7a95f9de1a53ed1dcbd1261aa4023d20,CPS-2F,0.5,62.59116991555275,21.5881714404469,411.7453872318912,,,"{""domain"": ""hurricane"", ""pair"": ""EP111954__EP021984"", ""nA"": 25, ""nB"": 82, ""units"": ""projected km"", ""alpha"": 0.5, ""s_A"": 125.1823398311055, ""s_B"": 43.1763428808938, ""delta1"": 62.59116991555275, ""delta2"": 21.5881714404469, ""delta3"": 411.7453872318912, ""input_file"": ""output\\paper_v1\\expanded_comparison\\inputs\\hurricane_EP111954__EP021984.npz"", ""method"": ""CPS-2F"", ""certificate"": false, ""input_sha256"": ""f6f69328452dbeb2c9b701abdb3760ce7a95f9de1a53ed1dcbd1261aa4023d20"", ""algorithms"": {""curve_algorithms.py"": ""85e1f6444f23091810a3042decc3e2945a273d2b83cb5da3c6b76f8b495c98e7"", ""cps_paper_algorithms.py"": ""49bca757aacc4d81c9263416c79b91da6fbb2df5358e9e4bb80d97d08802d876""}, ""graph_limits"": {""seconds"": 55.0, ""max_states"": 100000, ""max_transitions"": 20000000, ""max_chain_edges"": 800000}, ""phase_budgets"": {""startup"": 60.0, ""input_loading"": 15.0, ""warmup"": 120.0, ""solver"": 60.0, ""checkpoint"": 5.0, ""validation"": 30.0, ""optional_measurements"": 30.0, ""reporting"": 10.0}, ""memory_mib"": 512, ""attempt_id"": ""slot01_a21dc5c0aa204ab3b617cea12e9c1fdf"", ""configuration_id"": ""hurricane:EP111954__EP021984:a0.5|CPS-2F"", ""case"": ""hurricane:EP111954__EP021984:a0.5"", ""diagnostic"": ""expanded59""}"
hurricane:EP111954__EP021984:a0.5|CPS-3F,60,hurricane,EP111954__EP021984,25,82,projected km,output\paper_v1\expanded_comparison\inputs\hurricane_EP111954__EP021984.npz,f6f69328452dbeb2c9b701abdb3760ce7a95f9de1a53ed1dcbd1261aa4023d20,CPS-3F,0.5,62.59116991555275,21.5881714404469,411.7453872318912,,,"{""domain"": ""hurricane"", ""pair"": ""EP111954__EP021984"", ""nA"": 25, ""nB"": 82, ""units"": ""projected km"", ""alpha"": 0.5, ""s_A"": 125.1823398311055, ""s_B"": 43.1763428808938, ""delta1"": 62.59116991555275, ""delta2"": 21.5881714404469, ""delta3"": 411.7453872318912, ""input_file"": ""output\\paper_v1\\expanded_comparison\\inputs\\hurricane_EP111954__EP021984.npz"", ""method"": ""CPS-3F"", ""certificate"": false, ""input_sha256"": ""f6f69328452dbeb2c9b701abdb3760ce7a95f9de1a53ed1dcbd1261aa4023d20"", ""algorithms"": {""curve_algorithms.py"": ""85e1f6444f23091810a3042decc3e2945a273d2b83cb5da3c6b76f8b495c98e7"", ""cps_paper_algorithms.py"": ""49bca757aacc4d81c9263416c79b91da6fbb2df5358e9e4bb80d97d08802d876""}, ""graph_limits"": {""seconds"": 55.0, ""max_states"": 100000, ""max_transitions"": 20000000, ""max_chain_edges"": 800000}, ""phase_budgets"": {""startup"": 60.0, ""input_loading"": 15.0, ""warmup"": 120.0, ""solver"": 60.0, ""checkpoint"": 5.0, ""validation"": 30.0, ""optional_measurements"": 30.0, ""reporting"": 10.0}, ""memory_mib"": 512, ""attempt_id"": ""slot01_a21dc5c0aa204ab3b617cea12e9c1fdf"", ""configuration_id"": ""hurricane:EP111954__EP021984:a0.5|CPS-3F"", ""case"": ""hurricane:EP111954__EP021984:a0.5"", ""diagnostic"": ""expanded60""}"
hurricane:EP111954__EP021984:a1|Independent continuous,61,hurricane,EP111954__EP021984,25,82,projected km,output\paper_v1\expanded_comparison\inputs\hurricane_EP111954__EP021984.npz,f6f69328452dbeb2c9b701abdb3760ce7a95f9de1a53ed1dcbd1261aa4023d20,Independent continuous,1.0,125.1823398311055,43.1763428808938,411.7453872318912,,,"{""domain"": ""hurricane"", ""pair"": ""EP111954__EP021984"", ""nA"": 25, ""nB"": 82, ""units"": ""projected km"", ""alpha"": 1.0, ""s_A"": 125.1823398311055, ""s_B"": 43.1763428808938, ""delta1"": 125.1823398311055, ""delta2"": 43.1763428808938, ""delta3"": 411.7453872318912, ""input_file"": ""output\\paper_v1\\expanded_comparison\\inputs\\hurricane_EP111954__EP021984.npz"", ""method"": ""Independent continuous"", ""certificate"": false, ""input_sha256"": ""f6f69328452dbeb2c9b701abdb3760ce7a95f9de1a53ed1dcbd1261aa4023d20"", ""algorithms"": {""curve_algorithms.py"": ""85e1f6444f23091810a3042decc3e2945a273d2b83cb5da3c6b76f8b495c98e7"", ""cps_paper_algorithms.py"": ""49bca757aacc4d81c9263416c79b91da6fbb2df5358e9e4bb80d97d08802d876""}, ""graph_limits"": {""seconds"": 55.0, ""max_states"": 100000, ""max_transitions"": 20000000, ""max_chain_edges"": 800000}, ""phase_budgets"": {""startup"": 60.0, ""input_loading"": 15.0, ""warmup"": 120.0, ""solver"": 60.0, ""checkpoint"": 5.0, ""validation"": 30.0, ""optional_measurements"": 30.0, ""reporting"": 10.0}, ""memory_mib"": 512, ""attempt_id"": ""slot01_a21dc5c0aa204ab3b617cea12e9c1fdf"", ""configuration_id"": ""hurricane:EP111954__EP021984:a1|Independent continuous"", ""case"": ""hurricane:EP111954__EP021984:a1"", ""diagnostic"": ""expanded61""}"
hurricane:EP111954__EP021984:a1|Independent discrete,62,hurricane,EP111954__EP021984,25,82,projected km,output\paper_v1\expanded_comparison\inputs\hurricane_EP111954__EP021984.npz,f6f69328452dbeb2c9b701abdb3760ce7a95f9de1a53ed1dcbd1261aa4023d20,Independent discrete,1.0,125.1823398311055,43.1763428808938,411.7453872318912,,,"{""domain"": ""hurricane"", ""pair"": ""EP111954__EP021984"", ""nA"": 25, ""nB"": 82, ""units"": ""projected km"", ""alpha"": 1.0, ""s_A"": 125.1823398311055, ""s_B"": 43.1763428808938, ""delta1"": 125.1823398311055, ""delta2"": 43.1763428808938, ""delta3"": 411.7453872318912, ""input_file"": ""output\\paper_v1\\expanded_comparison\\inputs\\hurricane_EP111954__EP021984.npz"", ""method"": ""Independent discrete"", ""certificate"": false, ""input_sha256"": ""f6f69328452dbeb2c9b701abdb3760ce7a95f9de1a53ed1dcbd1261aa4023d20"", ""algorithms"": {""curve_algorithms.py"": ""85e1f6444f23091810a3042decc3e2945a273d2b83cb5da3c6b76f8b495c98e7"", ""cps_paper_algorithms.py"": ""49bca757aacc4d81c9263416c79b91da6fbb2df5358e9e4bb80d97d08802d876""}, ""graph_limits"": {""seconds"": 55.0, ""max_states"": 100000, ""max_transitions"": 20000000, ""max_chain_edges"": 800000}, ""phase_budgets"": {""startup"": 60.0, ""input_loading"": 15.0, ""warmup"": 120.0, ""solver"": 60.0, ""checkpoint"": 5.0, ""validation"": 30.0, ""optional_measurements"": 30.0, ""reporting"": 10.0}, ""memory_mib"": 512, ""attempt_id"": ""slot01_a21dc5c0aa204ab3b617cea12e9c1fdf"", ""configuration_id"": ""hurricane:EP111954__EP021984:a1|Independent discrete"", ""case"": ""hurricane:EP111954__EP021984:a1"", ""diagnostic"": ""expanded62""}"
hurricane:EP111954__EP021984:a1|CPS-2F,63,hurricane,EP111954__EP021984,25,82,projected km,output\paper_v1\expanded_comparison\inputs\hurricane_EP111954__EP021984.npz,f6f69328452dbeb2c9b701abdb3760ce7a95f9de1a53ed1dcbd1261aa4023d20,CPS-2F,1.0,125.1823398311055,43.1763428808938,411.7453872318912,,,"{""domain"": ""hurricane"", ""pair"": ""EP111954__EP021984"", ""nA"": 25, ""nB"": 82, ""units"": ""projected km"", ""alpha"": 1.0, ""s_A"": 125.1823398311055, ""s_B"": 43.1763428808938, ""delta1"": 125.1823398311055, ""delta2"": 43.1763428808938, ""delta3"": 411.7453872318912, ""input_file"": ""output\\paper_v1\\expanded_comparison\\inputs\\hurricane_EP111954__EP021984.npz"", ""method"": ""CPS-2F"", ""certificate"": false, ""input_sha256"": ""f6f69328452dbeb2c9b701abdb3760ce7a95f9de1a53ed1dcbd1261aa4023d20"", ""algorithms"": {""curve_algorithms.py"": ""85e1f6444f23091810a3042decc3e2945a273d2b83cb5da3c6b76f8b495c98e7"", ""cps_paper_algorithms.py"": ""49bca757aacc4d81c9263416c79b91da6fbb2df5358e9e4bb80d97d08802d876""}, ""graph_limits"": {""seconds"": 55.0, ""max_states"": 100000, ""max_transitions"": 20000000, ""max_chain_edges"": 800000}, ""phase_budgets"": {""startup"": 60.0, ""input_loading"": 15.0, ""warmup"": 120.0, ""solver"": 60.0, ""checkpoint"": 5.0, ""validation"": 30.0, ""optional_measurements"": 30.0, ""reporting"": 10.0}, ""memory_mib"": 512, ""attempt_id"": ""slot01_a21dc5c0aa204ab3b617cea12e9c1fdf"", ""configuration_id"": ""hurricane:EP111954__EP021984:a1|CPS-2F"", ""case"": ""hurricane:EP111954__EP021984:a1"", ""diagnostic"": ""expanded63""}"
hurricane:EP111954__EP021984:a1|CPS-3F,64,hurricane,EP111954__EP021984,25,82,projected km,output\paper_v1\expanded_comparison\inputs\hurricane_EP111954__EP021984.npz,f6f69328452dbeb2c9b701abdb3760ce7a95f9de1a53ed1dcbd1261aa4023d20,CPS-3F,1.0,125.1823398311055,43.1763428808938,411.7453872318912,,,"{""domain"": ""hurricane"", ""pair"": ""EP111954__EP021984"", ""nA"": 25, ""nB"": 82, ""units"": ""projected km"", ""alpha"": 1.0, ""s_A"": 125.1823398311055, ""s_B"": 43.1763428808938, ""delta1"": 125.1823398311055, ""delta2"": 43.1763428808938, ""delta3"": 411.7453872318912, ""input_file"": ""output\\paper_v1\\expanded_comparison\\inputs\\hurricane_EP111954__EP021984.npz"", ""method"": ""CPS-3F"", ""certificate"": false, ""input_sha256"": ""f6f69328452dbeb2c9b701abdb3760ce7a95f9de1a53ed1dcbd1261aa4023d20"", ""algorithms"": {""curve_algorithms.py"": ""85e1f6444f23091810a3042decc3e2945a273d2b83cb5da3c6b76f8b495c98e7"", ""cps_paper_algorithms.py"": ""49bca757aacc4d81c9263416c79b91da6fbb2df5358e9e4bb80d97d08802d876""}, ""graph_limits"": {""seconds"": 55.0, ""max_states"": 100000, ""max_transitions"": 20000000, ""max_chain_edges"": 800000}, ""phase_budgets"": {""startup"": 60.0, ""input_loading"": 15.0, ""warmup"": 120.0, ""solver"": 60.0, ""checkpoint"": 5.0, ""validation"": 30.0, ""optional_measurements"": 30.0, ""reporting"": 10.0}, ""memory_mib"": 512, ""attempt_id"": ""slot01_a21dc5c0aa204ab3b617cea12e9c1fdf"", ""configuration_id"": ""hurricane:EP111954__EP021984:a1|CPS-3F"", ""case"": ""hurricane:EP111954__EP021984:a1"", ""diagnostic"": ""expanded64""}"
hurricane:AL072006__AL011900:a0.5|Independent continuous,65,hurricane,AL072006__AL011900,62,81,projected km,output\paper_v1\expanded_comparison\inputs\hurricane_AL072006__AL011900.npz,d1c7ae57c312b1c5a78b6a809f85412f79e79e9cffd6209bda018544b7cd301f,Independent continuous,0.5,83.40813893161072,81.15849951823131,2969.784643498885,,,"{""domain"": ""hurricane"", ""pair"": ""AL072006__AL011900"", ""nA"": 62, ""nB"": 81, ""units"": ""projected km"", ""alpha"": 0.5, ""s_A"": 166.81627786322144, ""s_B"": 162.31699903646262, ""delta1"": 83.40813893161072, ""delta2"": 81.15849951823131, ""delta3"": 2969.784643498885, ""input_file"": ""output\\paper_v1\\expanded_comparison\\inputs\\hurricane_AL072006__AL011900.npz"", ""method"": ""Independent continuous"", ""certificate"": false, ""input_sha256"": ""d1c7ae57c312b1c5a78b6a809f85412f79e79e9cffd6209bda018544b7cd301f"", ""algorithms"": {""curve_algorithms.py"": ""85e1f6444f23091810a3042decc3e2945a273d2b83cb5da3c6b76f8b495c98e7"", ""cps_paper_algorithms.py"": ""49bca757aacc4d81c9263416c79b91da6fbb2df5358e9e4bb80d97d08802d876""}, ""graph_limits"": {""seconds"": 55.0, ""max_states"": 100000, ""max_transitions"": 20000000, ""max_chain_edges"": 800000}, ""phase_budgets"": {""startup"": 60.0, ""input_loading"": 15.0, ""warmup"": 120.0, ""solver"": 60.0, ""checkpoint"": 5.0, ""validation"": 30.0, ""optional_measurements"": 30.0, ""reporting"": 10.0}, ""memory_mib"": 512, ""attempt_id"": ""slot01_a21dc5c0aa204ab3b617cea12e9c1fdf"", ""configuration_id"": ""hurricane:AL072006__AL011900:a0.5|Independent continuous"", ""case"": ""hurricane:AL072006__AL011900:a0.5"", ""diagnostic"": ""expanded65""}"
hurricane:AL072006__AL011900:a0.5|Independent discrete,66,hurricane,AL072006__AL011900,62,81,projected km,output\paper_v1\expanded_comparison\inputs\hurricane_AL072006__AL011900.npz,d1c7ae57c312b1c5a78b6a809f85412f79e79e9cffd6209bda018544b7cd301f,Independent discrete,0.5,83.40813893161072,81.15849951823131,2969.784643498885,,,"{""domain"": ""hurricane"", ""pair"": ""AL072006__AL011900"", ""nA"": 62, ""nB"": 81, ""units"": ""projected km"", ""alpha"": 0.5, ""s_A"": 166.81627786322144, ""s_B"": 162.31699903646262, ""delta1"": 83.40813893161072, ""delta2"": 81.15849951823131, ""delta3"": 2969.784643498885, ""input_file"": ""output\\paper_v1\\expanded_comparison\\inputs\\hurricane_AL072006__AL011900.npz"", ""method"": ""Independent discrete"", ""certificate"": false, ""input_sha256"": ""d1c7ae57c312b1c5a78b6a809f85412f79e79e9cffd6209bda018544b7cd301f"", ""algorithms"": {""curve_algorithms.py"": ""85e1f6444f23091810a3042decc3e2945a273d2b83cb5da3c6b76f8b495c98e7"", ""cps_paper_algorithms.py"": ""49bca757aacc4d81c9263416c79b91da6fbb2df5358e9e4bb80d97d08802d876""}, ""graph_limits"": {""seconds"": 55.0, ""max_states"": 100000, ""max_transitions"": 20000000, ""max_chain_edges"": 800000}, ""phase_budgets"": {""startup"": 60.0, ""input_loading"": 15.0, ""warmup"": 120.0, ""solver"": 60.0, ""checkpoint"": 5.0, ""validation"": 30.0, ""optional_measurements"": 30.0, ""reporting"": 10.0}, ""memory_mib"": 512, ""attempt_id"": ""slot01_a21dc5c0aa204ab3b617cea12e9c1fdf"", ""configuration_id"": ""hurricane:AL072006__AL011900:a0.5|Independent discrete"", ""case"": ""hurricane:AL072006__AL011900:a0.5"", ""diagnostic"": ""expanded66""}"
hurricane:AL072006__AL011900:a0.5|CPS-2F,67,hurricane,AL072006__AL011900,62,81,projected km,output\paper_v1\expanded_comparison\inputs\hurricane_AL072006__AL011900.npz,d1c7ae57c312b1c5a78b6a809f85412f79e79e9cffd6209bda018544b7cd301f,CPS-2F,0.5,83.40813893161072,81.15849951823131,2969.784643498885,,,"{""domain"": ""hurricane"", ""pair"": ""AL072006__AL011900"", ""nA"": 62, ""nB"": 81, ""units"": ""projected km"", ""alpha"": 0.5, ""s_A"": 166.81627786322144, ""s_B"": 162.31699903646262, ""delta1"": 83.40813893161072, ""delta2"": 81.15849951823131, ""delta3"": 2969.784643498885, ""input_file"": ""output\\paper_v1\\expanded_comparison\\inputs\\hurricane_AL072006__AL011900.npz"", ""method"": ""CPS-2F"", ""certificate"": false, ""input_sha256"": ""d1c7ae57c312b1c5a78b6a809f85412f79e79e9cffd6209bda018544b7cd301f"", ""algorithms"": {""curve_algorithms.py"": ""85e1f6444f23091810a3042decc3e2945a273d2b83cb5da3c6b76f8b495c98e7"", ""cps_paper_algorithms.py"": ""49bca757aacc4d81c9263416c79b91da6fbb2df5358e9e4bb80d97d08802d876""}, ""graph_limits"": {""seconds"": 55.0, ""max_states"": 100000, ""max_transitions"": 20000000, ""max_chain_edges"": 800000}, ""phase_budgets"": {""startup"": 60.0, ""input_loading"": 15.0, ""warmup"": 120.0, ""solver"": 60.0, ""checkpoint"": 5.0, ""validation"": 30.0, ""optional_measurements"": 30.0, ""reporting"": 10.0}, ""memory_mib"": 512, ""attempt_id"": ""slot01_a21dc5c0aa204ab3b617cea12e9c1fdf"", ""configuration_id"": ""hurricane:AL072006__AL011900:a0.5|CPS-2F"", ""case"": ""hurricane:AL072006__AL011900:a0.5"", ""diagnostic"": ""expanded67""}"
hurricane:AL072006__AL011900:a0.5|CPS-3F,68,hurricane,AL072006__AL011900,62,81,projected km,output\paper_v1\expanded_comparison\inputs\hurricane_AL072006__AL011900.npz,d1c7ae57c312b1c5a78b6a809f85412f79e79e9cffd6209bda018544b7cd301f,CPS-3F,0.5,83.40813893161072,81.15849951823131,2969.784643498885,,,"{""domain"": ""hurricane"", ""pair"": ""AL072006__AL011900"", ""nA"": 62, ""nB"": 81, ""units"": ""projected km"", ""alpha"": 0.5, ""s_A"": 166.81627786322144, ""s_B"": 162.31699903646262, ""delta1"": 83.40813893161072, ""delta2"": 81.15849951823131, ""delta3"": 2969.784643498885, ""input_file"": ""output\\paper_v1\\expanded_comparison\\inputs\\hurricane_AL072006__AL011900.npz"", ""method"": ""CPS-3F"", ""certificate"": false, ""input_sha256"": ""d1c7ae57c312b1c5a78b6a809f85412f79e79e9cffd6209bda018544b7cd301f"", ""algorithms"": {""curve_algorithms.py"": ""85e1f6444f23091810a3042decc3e2945a273d2b83cb5da3c6b76f8b495c98e7"", ""cps_paper_algorithms.py"": ""49bca757aacc4d81c9263416c79b91da6fbb2df5358e9e4bb80d97d08802d876""}, ""graph_limits"": {""seconds"": 55.0, ""max_states"": 100000, ""max_transitions"": 20000000, ""max_chain_edges"": 800000}, ""phase_budgets"": {""startup"": 60.0, ""input_loading"": 15.0, ""warmup"": 120.0, ""solver"": 60.0, ""checkpoint"": 5.0, ""validation"": 30.0, ""optional_measurements"": 30.0, ""reporting"": 10.0}, ""memory_mib"": 512, ""attempt_id"": ""slot01_a21dc5c0aa204ab3b617cea12e9c1fdf"", ""configuration_id"": ""hurricane:AL072006__AL011900:a0.5|CPS-3F"", ""case"": ""hurricane:AL072006__AL011900:a0.5"", ""diagnostic"": ""expanded68""}"
hurricane:AL072006__AL011900:a1|Independent continuous,69,hurricane,AL072006__AL011900,62,81,projected km,output\paper_v1\expanded_comparison\inputs\hurricane_AL072006__AL011900.npz,d1c7ae57c312b1c5a78b6a809f85412f79e79e9cffd6209bda018544b7cd301f,Independent continuous,1.0,166.81627786322144,162.31699903646262,2969.784643498885,,,"{""domain"": ""hurricane"", ""pair"": ""AL072006__AL011900"", ""nA"": 62, ""nB"": 81, ""units"": ""projected km"", ""alpha"": 1.0, ""s_A"": 166.81627786322144, ""s_B"": 162.31699903646262, ""delta1"": 166.81627786322144, ""delta2"": 162.31699903646262, ""delta3"": 2969.784643498885, ""input_file"": ""output\\paper_v1\\expanded_comparison\\inputs\\hurricane_AL072006__AL011900.npz"", ""method"": ""Independent continuous"", ""certificate"": false, ""input_sha256"": ""d1c7ae57c312b1c5a78b6a809f85412f79e79e9cffd6209bda018544b7cd301f"", ""algorithms"": {""curve_algorithms.py"": ""85e1f6444f23091810a3042decc3e2945a273d2b83cb5da3c6b76f8b495c98e7"", ""cps_paper_algorithms.py"": ""49bca757aacc4d81c9263416c79b91da6fbb2df5358e9e4bb80d97d08802d876""}, ""graph_limits"": {""seconds"": 55.0, ""max_states"": 100000, ""max_transitions"": 20000000, ""max_chain_edges"": 800000}, ""phase_budgets"": {""startup"": 60.0, ""input_loading"": 15.0, ""warmup"": 120.0, ""solver"": 60.0, ""checkpoint"": 5.0, ""validation"": 30.0, ""optional_measurements"": 30.0, ""reporting"": 10.0}, ""memory_mib"": 512, ""attempt_id"": ""slot01_a21dc5c0aa204ab3b617cea12e9c1fdf"", ""configuration_id"": ""hurricane:AL072006__AL011900:a1|Independent continuous"", ""case"": ""hurricane:AL072006__AL011900:a1"", ""diagnostic"": ""expanded69""}"
hurricane:AL072006__AL011900:a1|Independent discrete,70,hurricane,AL072006__AL011900,62,81,projected km,output\paper_v1\expanded_comparison\inputs\hurricane_AL072006__AL011900.npz,d1c7ae57c312b1c5a78b6a809f85412f79e79e9cffd6209bda018544b7cd301f,Independent discrete,1.0,166.81627786322144,162.31699903646262,2969.784643498885,,,"{""domain"": ""hurricane"", ""pair"": ""AL072006__AL011900"", ""nA"": 62, ""nB"": 81, ""units"": ""projected km"", ""alpha"": 1.0, ""s_A"": 166.81627786322144, ""s_B"": 162.31699903646262, ""delta1"": 166.81627786322144, ""delta2"": 162.31699903646262, ""delta3"": 2969.784643498885, ""input_file"": ""output\\paper_v1\\expanded_comparison\\inputs\\hurricane_AL072006__AL011900.npz"", ""method"": ""Independent discrete"", ""certificate"": false, ""input_sha256"": ""d1c7ae57c312b1c5a78b6a809f85412f79e79e9cffd6209bda018544b7cd301f"", ""algorithms"": {""curve_algorithms.py"": ""85e1f6444f23091810a3042decc3e2945a273d2b83cb5da3c6b76f8b495c98e7"", ""cps_paper_algorithms.py"": ""49bca757aacc4d81c9263416c79b91da6fbb2df5358e9e4bb80d97d08802d876""}, ""graph_limits"": {""seconds"": 55.0, ""max_states"": 100000, ""max_transitions"": 20000000, ""max_chain_edges"": 800000}, ""phase_budgets"": {""startup"": 60.0, ""input_loading"": 15.0, ""warmup"": 120.0, ""solver"": 60.0, ""checkpoint"": 5.0, ""validation"": 30.0, ""optional_measurements"": 30.0, ""reporting"": 10.0}, ""memory_mib"": 512, ""attempt_id"": ""slot01_a21dc5c0aa204ab3b617cea12e9c1fdf"", ""configuration_id"": ""hurricane:AL072006__AL011900:a1|Independent discrete"", ""case"": ""hurricane:AL072006__AL011900:a1"", ""diagnostic"": ""expanded70""}"
hurricane:AL072006__AL011900:a1|CPS-2F,71,hurricane,AL072006__AL011900,62,81,projected km,output\paper_v1\expanded_comparison\inputs\hurricane_AL072006__AL011900.npz,d1c7ae57c312b1c5a78b6a809f85412f79e79e9cffd6209bda018544b7cd301f,CPS-2F,1.0,166.81627786322144,162.31699903646262,2969.784643498885,,,"{""domain"": ""hurricane"", ""pair"": ""AL072006__AL011900"", ""nA"": 62, ""nB"": 81, ""units"": ""projected km"", ""alpha"": 1.0, ""s_A"": 166.81627786322144, ""s_B"": 162.31699903646262, ""delta1"": 166.81627786322144, ""delta2"": 162.31699903646262, ""delta3"": 2969.784643498885, ""input_file"": ""output\\paper_v1\\expanded_comparison\\inputs\\hurricane_AL072006__AL011900.npz"", ""method"": ""CPS-2F"", ""certificate"": false, ""input_sha256"": ""d1c7ae57c312b1c5a78b6a809f85412f79e79e9cffd6209bda018544b7cd301f"", ""algorithms"": {""curve_algorithms.py"": ""85e1f6444f23091810a3042decc3e2945a273d2b83cb5da3c6b76f8b495c98e7"", ""cps_paper_algorithms.py"": ""49bca757aacc4d81c9263416c79b91da6fbb2df5358e9e4bb80d97d08802d876""}, ""graph_limits"": {""seconds"": 55.0, ""max_states"": 100000, ""max_transitions"": 20000000, ""max_chain_edges"": 800000}, ""phase_budgets"": {""startup"": 60.0, ""input_loading"": 15.0, ""warmup"": 120.0, ""solver"": 60.0, ""checkpoint"": 5.0, ""validation"": 30.0, ""optional_measurements"": 30.0, ""reporting"": 10.0}, ""memory_mib"": 512, ""attempt_id"": ""slot01_a21dc5c0aa204ab3b617cea12e9c1fdf"", ""configuration_id"": ""hurricane:AL072006__AL011900:a1|CPS-2F"", ""case"": ""hurricane:AL072006__AL011900:a1"", ""diagnostic"": ""expanded71""}"
hurricane:AL072006__AL011900:a1|CPS-3F,72,hurricane,AL072006__AL011900,62,81,projected km,output\paper_v1\expanded_comparison\inputs\hurricane_AL072006__AL011900.npz,d1c7ae57c312b1c5a78b6a809f85412f79e79e9cffd6209bda018544b7cd301f,CPS-3F,1.0,166.81627786322144,162.31699903646262,2969.784643498885,,,"{""domain"": ""hurricane"", ""pair"": ""AL072006__AL011900"", ""nA"": 62, ""nB"": 81, ""units"": ""projected km"", ""alpha"": 1.0, ""s_A"": 166.81627786322144, ""s_B"": 162.31699903646262, ""delta1"": 166.81627786322144, ""delta2"": 162.31699903646262, ""delta3"": 2969.784643498885, ""input_file"": ""output\\paper_v1\\expanded_comparison\\inputs\\hurricane_AL072006__AL011900.npz"", ""method"": ""CPS-3F"", ""certificate"": false, ""input_sha256"": ""d1c7ae57c312b1c5a78b6a809f85412f79e79e9cffd6209bda018544b7cd301f"", ""algorithms"": {""curve_algorithms.py"": ""85e1f6444f23091810a3042decc3e2945a273d2b83cb5da3c6b76f8b495c98e7"", ""cps_paper_algorithms.py"": ""49bca757aacc4d81c9263416c79b91da6fbb2df5358e9e4bb80d97d08802d876""}, ""graph_limits"": {""seconds"": 55.0, ""max_states"": 100000, ""max_transitions"": 20000000, ""max_chain_edges"": 800000}, ""phase_budgets"": {""startup"": 60.0, ""input_loading"": 15.0, ""warmup"": 120.0, ""solver"": 60.0, ""checkpoint"": 5.0, ""validation"": 30.0, ""optional_measurements"": 30.0, ""reporting"": 10.0}, ""memory_mib"": 512, ""attempt_id"": ""slot01_a21dc5c0aa204ab3b617cea12e9c1fdf"", ""configuration_id"": ""hurricane:AL072006__AL011900:a1|CPS-3F"", ""case"": ""hurricane:AL072006__AL011900:a1"", ""diagnostic"": ""expanded72""}"
hurricane:EP012014__EP212006:a0.5|Independent continuous,73,hurricane,EP012014__EP212006,30,29,projected km,output\paper_v1\expanded_comparison\inputs\hurricane_EP012014__EP212006.npz,b1ea8828119b71374fb3be9b07b5e3d7cd5ed7f81701351d279a01dd32677ddf,Independent continuous,0.5,22.088133009069068,20.773394823842597,628.8969388779135,,,"{""domain"": ""hurricane"", ""pair"": ""EP012014__EP212006"", ""nA"": 30, ""nB"": 29, ""units"": ""projected km"", ""alpha"": 0.5, ""s_A"": 44.176266018138136, ""s_B"": 41.546789647685195, ""delta1"": 22.088133009069068, ""delta2"": 20.773394823842597, ""delta3"": 628.8969388779135, ""input_file"": ""output\\paper_v1\\expanded_comparison\\inputs\\hurricane_EP012014__EP212006.npz"", ""method"": ""Independent continuous"", ""certificate"": false, ""input_sha256"": ""b1ea8828119b71374fb3be9b07b5e3d7cd5ed7f81701351d279a01dd32677ddf"", ""algorithms"": {""curve_algorithms.py"": ""85e1f6444f23091810a3042decc3e2945a273d2b83cb5da3c6b76f8b495c98e7"", ""cps_paper_algorithms.py"": ""49bca757aacc4d81c9263416c79b91da6fbb2df5358e9e4bb80d97d08802d876""}, ""graph_limits"": {""seconds"": 55.0, ""max_states"": 100000, ""max_transitions"": 20000000, ""max_chain_edges"": 800000}, ""phase_budgets"": {""startup"": 60.0, ""input_loading"": 15.0, ""warmup"": 120.0, ""solver"": 60.0, ""checkpoint"": 5.0, ""validation"": 30.0, ""optional_measurements"": 30.0, ""reporting"": 10.0}, ""memory_mib"": 512, ""attempt_id"": ""slot01_a21dc5c0aa204ab3b617cea12e9c1fdf"", ""configuration_id"": ""hurricane:EP012014__EP212006:a0.5|Independent continuous"", ""case"": ""hurricane:EP012014__EP212006:a0.5"", ""diagnostic"": ""expanded73""}"
hurricane:EP012014__EP212006:a0.5|Independent discrete,74,hurricane,EP012014__EP212006,30,29,projected km,output\paper_v1\expanded_comparison\inputs\hurricane_EP012014__EP212006.npz,b1ea8828119b71374fb3be9b07b5e3d7cd5ed7f81701351d279a01dd32677ddf,Independent discrete,0.5,22.088133009069068,20.773394823842597,628.8969388779135,,,"{""domain"": ""hurricane"", ""pair"": ""EP012014__EP212006"", ""nA"": 30, ""nB"": 29, ""units"": ""projected km"", ""alpha"": 0.5, ""s_A"": 44.176266018138136, ""s_B"": 41.546789647685195, ""delta1"": 22.088133009069068, ""delta2"": 20.773394823842597, ""delta3"": 628.8969388779135, ""input_file"": ""output\\paper_v1\\expanded_comparison\\inputs\\hurricane_EP012014__EP212006.npz"", ""method"": ""Independent discrete"", ""certificate"": false, ""input_sha256"": ""b1ea8828119b71374fb3be9b07b5e3d7cd5ed7f81701351d279a01dd32677ddf"", ""algorithms"": {""curve_algorithms.py"": ""85e1f6444f23091810a3042decc3e2945a273d2b83cb5da3c6b76f8b495c98e7"", ""cps_paper_algorithms.py"": ""49bca757aacc4d81c9263416c79b91da6fbb2df5358e9e4bb80d97d08802d876""}, ""graph_limits"": {""seconds"": 55.0, ""max_states"": 100000, ""max_transitions"": 20000000, ""max_chain_edges"": 800000}, ""phase_budgets"": {""startup"": 60.0, ""input_loading"": 15.0, ""warmup"": 120.0, ""solver"": 60.0, ""checkpoint"": 5.0, ""validation"": 30.0, ""optional_measurements"": 30.0, ""reporting"": 10.0}, ""memory_mib"": 512, ""attempt_id"": ""slot01_a21dc5c0aa204ab3b617cea12e9c1fdf"", ""configuration_id"": ""hurricane:EP012014__EP212006:a0.5|Independent discrete"", ""case"": ""hurricane:EP012014__EP212006:a0.5"", ""diagnostic"": ""expanded74""}"
hurricane:EP012014__EP212006:a0.5|CPS-2F,75,hurricane,EP012014__EP212006,30,29,projected km,output\paper_v1\expanded_comparison\inputs\hurricane_EP012014__EP212006.npz,b1ea8828119b71374fb3be9b07b5e3d7cd5ed7f81701351d279a01dd32677ddf,CPS-2F,0.5,22.088133009069068,20.773394823842597,628.8969388779135,,,"{""domain"": ""hurricane"", ""pair"": ""EP012014__EP212006"", ""nA"": 30, ""nB"": 29, ""units"": ""projected km"", ""alpha"": 0.5, ""s_A"": 44.176266018138136, ""s_B"": 41.546789647685195, ""delta1"": 22.088133009069068, ""delta2"": 20.773394823842597, ""delta3"": 628.8969388779135, ""input_file"": ""output\\paper_v1\\expanded_comparison\\inputs\\hurricane_EP012014__EP212006.npz"", ""method"": ""CPS-2F"", ""certificate"": false, ""input_sha256"": ""b1ea8828119b71374fb3be9b07b5e3d7cd5ed7f81701351d279a01dd32677ddf"", ""algorithms"": {""curve_algorithms.py"": ""85e1f6444f23091810a3042decc3e2945a273d2b83cb5da3c6b76f8b495c98e7"", ""cps_paper_algorithms.py"": ""49bca757aacc4d81c9263416c79b91da6fbb2df5358e9e4bb80d97d08802d876""}, ""graph_limits"": {""seconds"": 55.0, ""max_states"": 100000, ""max_transitions"": 20000000, ""max_chain_edges"": 800000}, ""phase_budgets"": {""startup"": 60.0, ""input_loading"": 15.0, ""warmup"": 120.0, ""solver"": 60.0, ""checkpoint"": 5.0, ""validation"": 30.0, ""optional_measurements"": 30.0, ""reporting"": 10.0}, ""memory_mib"": 512, ""attempt_id"": ""slot01_a21dc5c0aa204ab3b617cea12e9c1fdf"", ""configuration_id"": ""hurricane:EP012014__EP212006:a0.5|CPS-2F"", ""case"": ""hurricane:EP012014__EP212006:a0.5"", ""diagnostic"": ""expanded75""}"
hurricane:EP012014__EP212006:a0.5|CPS-3F,76,hurricane,EP012014__EP212006,30,29,projected km,output\paper_v1\expanded_comparison\inputs\hurricane_EP012014__EP212006.npz,b1ea8828119b71374fb3be9b07b5e3d7cd5ed7f81701351d279a01dd32677ddf,CPS-3F,0.5,22.088133009069068,20.773394823842597,628.8969388779135,,,"{""domain"": ""hurricane"", ""pair"": ""EP012014__EP212006"", ""nA"": 30, ""nB"": 29, ""units"": ""projected km"", ""alpha"": 0.5, ""s_A"": 44.176266018138136, ""s_B"": 41.546789647685195, ""delta1"": 22.088133009069068, ""delta2"": 20.773394823842597, ""delta3"": 628.8969388779135, ""input_file"": ""output\\paper_v1\\expanded_comparison\\inputs\\hurricane_EP012014__EP212006.npz"", ""method"": ""CPS-3F"", ""certificate"": false, ""input_sha256"": ""b1ea8828119b71374fb3be9b07b5e3d7cd5ed7f81701351d279a01dd32677ddf"", ""algorithms"": {""curve_algorithms.py"": ""85e1f6444f23091810a3042decc3e2945a273d2b83cb5da3c6b76f8b495c98e7"", ""cps_paper_algorithms.py"": ""49bca757aacc4d81c9263416c79b91da6fbb2df5358e9e4bb80d97d08802d876""}, ""graph_limits"": {""seconds"": 55.0, ""max_states"": 100000, ""max_transitions"": 20000000, ""max_chain_edges"": 800000}, ""phase_budgets"": {""startup"": 60.0, ""input_loading"": 15.0, ""warmup"": 120.0, ""solver"": 60.0, ""checkpoint"": 5.0, ""validation"": 30.0, ""optional_measurements"": 30.0, ""reporting"": 10.0}, ""memory_mib"": 512, ""attempt_id"": ""slot01_a21dc5c0aa204ab3b617cea12e9c1fdf"", ""configuration_id"": ""hurricane:EP012014__EP212006:a0.5|CPS-3F"", ""case"": ""hurricane:EP012014__EP212006:a0.5"", ""diagnostic"": ""expanded76""}"
hurricane:EP012014__EP212006:a1|Independent continuous,77,hurricane,EP012014__EP212006,30,29,projected km,output\paper_v1\expanded_comparison\inputs\hurricane_EP012014__EP212006.npz,b1ea8828119b71374fb3be9b07b5e3d7cd5ed7f81701351d279a01dd32677ddf,Independent continuous,1.0,44.176266018138136,41.546789647685195,628.8969388779135,,,"{""domain"": ""hurricane"", ""pair"": ""EP012014__EP212006"", ""nA"": 30, ""nB"": 29, ""units"": ""projected km"", ""alpha"": 1.0, ""s_A"": 44.176266018138136, ""s_B"": 41.546789647685195, ""delta1"": 44.176266018138136, ""delta2"": 41.546789647685195, ""delta3"": 628.8969388779135, ""input_file"": ""output\\paper_v1\\expanded_comparison\\inputs\\hurricane_EP012014__EP212006.npz"", ""method"": ""Independent continuous"", ""certificate"": false, ""input_sha256"": ""b1ea8828119b71374fb3be9b07b5e3d7cd5ed7f81701351d279a01dd32677ddf"", ""algorithms"": {""curve_algorithms.py"": ""85e1f6444f23091810a3042decc3e2945a273d2b83cb5da3c6b76f8b495c98e7"", ""cps_paper_algorithms.py"": ""49bca757aacc4d81c9263416c79b91da6fbb2df5358e9e4bb80d97d08802d876""}, ""graph_limits"": {""seconds"": 55.0, ""max_states"": 100000, ""max_transitions"": 20000000, ""max_chain_edges"": 800000}, ""phase_budgets"": {""startup"": 60.0, ""input_loading"": 15.0, ""warmup"": 120.0, ""solver"": 60.0, ""checkpoint"": 5.0, ""validation"": 30.0, ""optional_measurements"": 30.0, ""reporting"": 10.0}, ""memory_mib"": 512, ""attempt_id"": ""slot01_a21dc5c0aa204ab3b617cea12e9c1fdf"", ""configuration_id"": ""hurricane:EP012014__EP212006:a1|Independent continuous"", ""case"": ""hurricane:EP012014__EP212006:a1"", ""diagnostic"": ""expanded77""}"
hurricane:EP012014__EP212006:a1|Independent discrete,78,hurricane,EP012014__EP212006,30,29,projected km,output\paper_v1\expanded_comparison\inputs\hurricane_EP012014__EP212006.npz,b1ea8828119b71374fb3be9b07b5e3d7cd5ed7f81701351d279a01dd32677ddf,Independent discrete,1.0,44.176266018138136,41.546789647685195,628.8969388779135,,,"{""domain"": ""hurricane"", ""pair"": ""EP012014__EP212006"", ""nA"": 30, ""nB"": 29, ""units"": ""projected km"", ""alpha"": 1.0, ""s_A"": 44.176266018138136, ""s_B"": 41.546789647685195, ""delta1"": 44.176266018138136, ""delta2"": 41.546789647685195, ""delta3"": 628.8969388779135, ""input_file"": ""output\\paper_v1\\expanded_comparison\\inputs\\hurricane_EP012014__EP212006.npz"", ""method"": ""Independent discrete"", ""certificate"": false, ""input_sha256"": ""b1ea8828119b71374fb3be9b07b5e3d7cd5ed7f81701351d279a01dd32677ddf"", ""algorithms"": {""curve_algorithms.py"": ""85e1f6444f23091810a3042decc3e2945a273d2b83cb5da3c6b76f8b495c98e7"", ""cps_paper_algorithms.py"": ""49bca757aacc4d81c9263416c79b91da6fbb2df5358e9e4bb80d97d08802d876""}, ""graph_limits"": {""seconds"": 55.0, ""max_states"": 100000, ""max_transitions"": 20000000, ""max_chain_edges"": 800000}, ""phase_budgets"": {""startup"": 60.0, ""input_loading"": 15.0, ""warmup"": 120.0, ""solver"": 60.0, ""checkpoint"": 5.0, ""validation"": 30.0, ""optional_measurements"": 30.0, ""reporting"": 10.0}, ""memory_mib"": 512, ""attempt_id"": ""slot01_a21dc5c0aa204ab3b617cea12e9c1fdf"", ""configuration_id"": ""hurricane:EP012014__EP212006:a1|Independent discrete"", ""case"": ""hurricane:EP012014__EP212006:a1"", ""diagnostic"": ""expanded78""}"
hurricane:EP012014__EP212006:a1|CPS-2F,79,hurricane,EP012014__EP212006,30,29,projected km,output\paper_v1\expanded_comparison\inputs\hurricane_EP012014__EP212006.npz,b1ea8828119b71374fb3be9b07b5e3d7cd5ed7f81701351d279a01dd32677ddf,CPS-2F,1.0,44.176266018138136,41.546789647685195,628.8969388779135,,,"{""domain"": ""hurricane"", ""pair"": ""EP012014__EP212006"", ""nA"": 30, ""nB"": 29, ""units"": ""projected km"", ""alpha"": 1.0, ""s_A"": 44.176266018138136, ""s_B"": 41.546789647685195, ""delta1"": 44.176266018138136, ""delta2"": 41.546789647685195, ""delta3"": 628.8969388779135, ""input_file"": ""output\\paper_v1\\expanded_comparison\\inputs\\hurricane_EP012014__EP212006.npz"", ""method"": ""CPS-2F"", ""certificate"": false, ""input_sha256"": ""b1ea8828119b71374fb3be9b07b5e3d7cd5ed7f81701351d279a01dd32677ddf"", ""algorithms"": {""curve_algorithms.py"": ""85e1f6444f23091810a3042decc3e2945a273d2b83cb5da3c6b76f8b495c98e7"", ""cps_paper_algorithms.py"": ""49bca757aacc4d81c9263416c79b91da6fbb2df5358e9e4bb80d97d08802d876""}, ""graph_limits"": {""seconds"": 55.0, ""max_states"": 100000, ""max_transitions"": 20000000, ""max_chain_edges"": 800000}, ""phase_budgets"": {""startup"": 60.0, ""input_loading"": 15.0, ""warmup"": 120.0, ""solver"": 60.0, ""checkpoint"": 5.0, ""validation"": 30.0, ""optional_measurements"": 30.0, ""reporting"": 10.0}, ""memory_mib"": 512, ""attempt_id"": ""slot01_a21dc5c0aa204ab3b617cea12e9c1fdf"", ""configuration_id"": ""hurricane:EP012014__EP212006:a1|CPS-2F"", ""case"": ""hurricane:EP012014__EP212006:a1"", ""diagnostic"": ""expanded79""}"
hurricane:EP012014__EP212006:a1|CPS-3F,80,hurricane,EP012014__EP212006,30,29,projected km,output\paper_v1\expanded_comparison\inputs\hurricane_EP012014__EP212006.npz,b1ea8828119b71374fb3be9b07b5e3d7cd5ed7f81701351d279a01dd32677ddf,CPS-3F,1.0,44.176266018138136,41.546789647685195,628.8969388779135,,,"{""domain"": ""hurricane"", ""pair"": ""EP012014__EP212006"", ""nA"": 30, ""nB"": 29, ""units"": ""projected km"", ""alpha"": 1.0, ""s_A"": 44.176266018138136, ""s_B"": 41.546789647685195, ""delta1"": 44.176266018138136, ""delta2"": 41.546789647685195, ""delta3"": 628.8969388779135, ""input_file"": ""output\\paper_v1\\expanded_comparison\\inputs\\hurricane_EP012014__EP212006.npz"", ""method"": ""CPS-3F"", ""certificate"": false, ""input_sha256"": ""b1ea8828119b71374fb3be9b07b5e3d7cd5ed7f81701351d279a01dd32677ddf"", ""algorithms"": {""curve_algorithms.py"": ""85e1f6444f23091810a3042decc3e2945a273d2b83cb5da3c6b76f8b495c98e7"", ""cps_paper_algorithms.py"": ""49bca757aacc4d81c9263416c79b91da6fbb2df5358e9e4bb80d97d08802d876""}, ""graph_limits"": {""seconds"": 55.0, ""max_states"": 100000, ""max_transitions"": 20000000, ""max_chain_edges"": 800000}, ""phase_budgets"": {""startup"": 60.0, ""input_loading"": 15.0, ""warmup"": 120.0, ""solver"": 60.0, ""checkpoint"": 5.0, ""validation"": 30.0, ""optional_measurements"": 30.0, ""reporting"": 10.0}, ""memory_mib"": 512, ""attempt_id"": ""slot01_a21dc5c0aa204ab3b617cea12e9c1fdf"", ""configuration_id"": ""hurricane:EP012014__EP212006:a1|CPS-3F"", ""case"": ""hurricane:EP012014__EP212006:a1"", ""diagnostic"": ""expanded80""}"
