path,sha256
notebooks_paper\00_data_and_protocol.ipynb,da3779865429e74ae9cf9faec06c34ebd3b9bd3b6e3f73fa785b82b242b32ef0
notebooks_paper\01_correctness.ipynb,e402447076903eb6eed25ef22225034850c5d468b7c319defcbff29869295058
notebooks_paper\02_proteins.ipynb,43374a3fa6a0c75bd34cea1a60b839ba156bfe44e95f32d4459bf6888f14f473
notebooks_paper\03_hurricanes.ipynb,8875a9ec92ef22e649d1e74d0da4100ce5c4144d21b8a1519fb88d20ba2d65b5
notebooks_paper\audit_setup.py,f93d2b812120221d53c1d68e60047d8ece64ec9bc165a44c72593918df607025
notebooks_paper\build_notebooks.py,6fffb3aa2b76ef74bc2b19f7463f55c9f41bf271fd0a49bb694db3b5e68e1778
notebooks_paper\correctness_checks.py,fa369404d6d3192aa1a9451ab82f6e2d550ee941307f07a80d61f4a0ad0c4f1e
notebooks_paper\execute_stage1.py,7c0a2baed2c960960cecdc403eee07e41e84a83f846e28f5c91271a8f2631394
notebooks_paper\finalize_stage1.py,68ca01669c72885073c23226366a4eb4a68176700a43b2c5c9e747d617645748
notebooks_paper\final_audit.py,8ef40271af193d0098712057c4c635456a9ce903aecaee0055809c65c7116b57
notebooks_paper\finish_documentation.py,a3b4f9c257cb51cb03e0ec331c0bc3d76623a502313ef31b264df47d76522b96
notebooks_paper\inspect_stage1.py,e72a83c1c45b4317004b928fc5b423992dbd4741b340d9d65e2beae5527717de
notebooks_paper\paper_core.py,5c83abf643249effbddc2c1ac1515388ae60144fcec367245ffe0b0aef842876
notebooks_paper\pilot_worker.py,2f029a0badda2919799e8797d6d288a0c27cde0a11ff99e2504ceb0a512b993c
notebooks_paper\README.md,176fc3093eb3be98f4f22ea831efab0e93dab58d106ff4b0887a975f0f00846e
notebooks_paper\refresh_saved_notebooks.py,6615053176b7071682aa74762acba484775e52a118159de6e3b45b207e519da5
notebooks_paper\repair_resource_reporting.py,cc8e5d2b0dd1f27d07c6e354df29828e4d21ff234c354cc39507eee84e78de16
notebooks_paper\stop_own_pilot.py,53e9bdb5ee77a28ee2b71f4d57e8bda8fe0750f290c416cc512d2b0752f82a47
output\algorithm_checks.json,4af30cbaeff672ddb15fbede9eb16e667ae5e4004f1e86846b5cc5cbbd78327d
output\chain_breaks.csv,6967407f87a539e271cf22257517cff1cca5c3885a20f01ab248d91fc2e29f41
output\identifier_audit.csv,a093ede40f8ace18883fa62c2fadc9122141075d5ce16227943b336bd68e247b
output\missing_residues.csv,a4927b52789d0c597dbbdd8d13cfc8877cf8941fad61069d1f3a38e34d43156d
output\pair_frame_diagnostics.csv,3175504bde85a85bb7bfba0c69da0c9ae40d183e309f75dd0494ecbf8ffb3837
output\pair_jobs.json,5a391e082655254550238a8b59081ecd82b91cfa096acf626c8242d2ed47f542
output\paper_experiments.csv,fa061a0a303dddaeaa6206f302a0cf5b3e42484081b5516370f989532e702cea
output\cps_papers\0.analyze_CPS_before_w8.ipynb,2081488d0e526c4fe595bbb7fb020c888b80659bb26a1af2ad6b9dadf34ea3c9
output\cps_papers\algorithm_checks.json,d0dafe94379f23b1d67801380c0e692923b613d473117db56036cdfed9651c0e
output\cps_papers\audit.csv,a093ede40f8ace18883fa62c2fadc9122141075d5ce16227943b336bd68e247b
output\cps_papers\auxiliary_counts.csv,143ff72aada35e871c4a47ac679d7e932660294aa258788909c05d28a46e4853
output\cps_papers\boxplot_cohort.csv,d7239a94c6bb4c58c82946f9e3f9e519699d5c075b6cd19a83ac61c884be414a
output\cps_papers\boxplot_values_w16.csv,e8c7b4be50522204d312acfdc77bc5a4f8220d8333bdbe6a9fb8e49cbce80521
output\cps_papers\comparison.csv,97d91ec320a11a68c95f7f7b2c7b2f9d0331089c2c1c3f93715a6deeadd20503
output\cps_papers\comparison.html,d6f7feb0b69a0d7f89ea644b15708ea2ff55614576c74d87a82ccd3e6d02ec93
output\cps_papers\cps2f_vs_cps3f.csv,7ab9080993edfe62d920f0e52dc4dbfbe39b0ba5d78cbd16528c7c4f4cfe9b4b
output\cps_papers\dual_bar_parameters.csv,432dada4fdf22ec4929da7520b57d6ad91b0749b65df7c4de0616bc5abb19213
output\cps_papers\inputs.csv,326093d674609ee29afe5ddef3a9865ccee18234919addfe76fbb8f62a6ddab5
output\cps_papers\manifest.json,a6dfbe64303ab223ee472e5807b3e63ceb47bdf4a389e709f42b113d7c0b53f0
output\cps_papers\pair_parameters.csv,0363867e2656d256997c15ac6d629183d6b8c95da6b90de21a793f0e96376fc0
output\cps_papers\pair_parameters.html,689ece77ad39978025599f2111aaa5daf9ba3e400cea5ebf74b902023d7465c5
output\cps_papers\paper.csv,fa061a0a303dddaeaa6206f302a0cf5b3e42484081b5516370f989532e702cea
output\cps_papers\paths.json,8133583fe003705d4f9150f915bfa4ad5beb42a108df3b80c64e737c5adb430c
output\cps_papers\qualification.csv,1c5dff1ac2fc2e4724af290cb3197cc7d275624ae9e6ece5bf1cd56e93f258bf
output\cps_papers\residues.csv,850b7c976dd4bfe2fe7b1cd26b2f2b9b1b36a13154b398288cd511aff8ccb070
output\cps_papers\sampling_geometry.csv,4bf2aea814a03af27c2c331ae645bf2aa8d4b3914cf023b2573d0df974a4a72c
output\cps_papers\solver_run_manifest.json,74b376ad4fd0a62a6b3ce4118f45ae7c488641839a15d2a13a64171add85242c
output\cps_papers_w8\0.analyze_CPS_before_graph_sizes.ipynb,84336911b72f4bc145f45d044696121d2afa0f2efcc24d76dfbb96d664433982
output\cps_papers_w8\audit.csv,a093ede40f8ace18883fa62c2fadc9122141075d5ce16227943b336bd68e247b
output\cps_papers_w8\auxiliary_counts.csv,366ef63342e8966d3967aec7b1b0a36dd28ad7d80b4c0a6ce291532a0e68418b
output\cps_papers_w8\auxiliary_utilization.csv,61f237a728578eee895769195f6a2f642293ee369e831eb9e923bf9ee83881ce
output\cps_papers_w8\boxplot_cohort.csv,d1a3d92f07df97b50c183aafcecb220ed70a29f3f69d52c267157f8b442ce6a7
output\cps_papers_w8\boxplot_values_w8.csv,e880a6ce589a0c4040f3b1abf80672b256e81aabf3213797d191b183f3611a4d
output\cps_papers_w8\comparison.csv,bfdce3790314f86646b8d4db6b3c63122c5a68c56dfa40ba143feaa081084e6e
output\cps_papers_w8\comparison.html,2dd6c34969f18e016acd9fb868dbf07aede13c2a8e9df0dcda905392f4493b1e
output\cps_papers_w8\cps2f_vs_cps3f.csv,2d69b11a5afd64d42031fb0f8ec99e14076965382a4010a15ff4d681c96ee4a3
output\cps_papers_w8\dual_bar_parameters.csv,78fe047b486b68161fe44fa3f35112b401c65a85f94ff501871fe7fdf2e239f5
output\cps_papers_w8\graph_sizes.csv,4bcbfdf9fd25819eff407809aee434f7b36f2099fb7a386d2226a2f9e01b16ba
output\cps_papers_w8\graph_sizes.html,7c807f4af8b4617a8c7f17f4334bf299fcd10365626b5e9f3adb0daa7f506b87
output\cps_papers_w8\graph_size_manifest.json,dd659aaadcb8ba1d428c7698a1bf99b9b10348f7334dc3d4c5df0b38bfd70dff
output\cps_papers_w8\inputs.csv,04a6680c497bb44fcc7ce0aea4214c2830419ab6c26cbd2ce1de7d871dbfa626
output\cps_papers_w8\manifest.json,24b0a945c94b66655fbfd023164c81317910feac7f7923649c42a45e2cca133f
output\cps_papers_w8\pair_parameters.csv,695b5c825102343c4458a0cc9b39c86a41087c19489c2a0bad30b83202e310e0
output\cps_papers_w8\pair_parameters.html,f20d8406dc351d6704bd57eab79512988bcc589cb81dc29e0cb1a11940a6b0d1
output\cps_papers_w8\paper.csv,fa061a0a303dddaeaa6206f302a0cf5b3e42484081b5516370f989532e702cea
output\cps_papers_w8\paths.json,77d3634fc87daef998933e8f021a47c357531b58590a235de9636ef7e1712b6c
output\cps_papers_w8\qualification.csv,1c5dff1ac2fc2e4724af290cb3197cc7d275624ae9e6ece5bf1cd56e93f258bf
output\cps_papers_w8\residues.csv,45b2f0d5fc0f7f32a3d3761c9b05a303a4afa059b42000336edc59edb70b268c
output\cps_papers_w8\sampling_geometry.csv,e41baf44407a2dce14be60562bf96a52fa66a67ba7e527c7e7ce3cf6cdcd5453
output\decimation\aggregates_headline.csv,3bb107136c142e624e2d61410268a8a040e871b222b338313cdb0f0f05e650bb
output\decimation\aggregates_runtime_with_control.csv,ef8f66d1476f5e60a7bcfef2225f68495d0ff7db3cdd6f2338377c9c32f42672
output\decimation\chain_breaks.csv,6967407f87a539e271cf22257517cff1cca5c3885a20f01ab248d91fc2e29f41
output\decimation\checks.json,9722d66958b5fe905645a5e4bb4ca56843adaba09a7c3e0c12298f5b0fb191f5
output\decimation\coupling_summary_with_control.csv,d7d2be39e8e784a19208d3d62b764f3e8101cebae9beb96d45e67a98a708edd5
output\decimation\delivery_checks.json,912b475255faabcd8a749dd3e1e10aa57a51de3b271d0828f12a023b3df463a2
output\decimation\identifier_audit.csv,a093ede40f8ace18883fa62c2fadc9122141075d5ce16227943b336bd68e247b
output\decimation\input_qualification.csv,1c5dff1ac2fc2e4724af290cb3197cc7d275624ae9e6ece5bf1cd56e93f258bf
output\decimation\missing_residues.csv,a4927b52789d0c597dbbdd8d13cfc8877cf8941fad61069d1f3a38e34d43156d
output\decimation\paths.json,fbe16e0a73a4f9895ad26159671bb4871e592b965455a0f9721629f08d2b75ea
output\decimation\pipeline.csv,cf57a8368177709a3b82e77e3d78c557a4f46145496d84bc42541b063c1dec5e
output\decimation\pipeline_table.html,39c2ae6a99b2533b88fab7fdfe4a31b9faed9120d4fd58399cd6b9e196c2e4e2
output\decimation\qualification_excluded_residues.csv,527c70aa727ad75b54d744f1d743fcf664d31479efdf66f36750d0e06eeb195e
output\decimation\sampling_summary_with_control.csv,2856c5ead5362fbbf175e695c8a9f1f37e451540557f82441019e558daf7ccd4
output\decimation\stage_residue_mapping.csv,365e973ebb38f3bde411f926ca74e6d9bc87f27d84cf33566f4a273fa8f75049
output\figures\independent_metrics.png,81fc27f3d0e2f4e3e24eff555c9a5f03367005be0f4e9dc2cef26ef8038b320f
output\figures\independent_overlays.png,78d8e2a9ac55b579254339b678f98038d298944d6ded1118ecc018d5833acd5f
output\figures\prepared_fragments_1.png,4d2b0c85db60e61da473709d8355ac62cb739f66c271ee7ca32647694f80bd19
output\figures\prepared_fragments_2.png,cc139d549bf4cb2741f93d927715594767d0588ba1b87cfa831cda0d584d9c6b
output\figures\prepared_fragments_3.png,cae3aa0a9978dd7be55df5167ee862439bd9a0da22921c0d8e4ceabbc0f803b8
output\hurricane_auxiliary\auxiliary_construction_summary.csv,b1639425c13c5acf7f997181135534d0b985d2a7b651927e23b097ded6527abf
output\hurricane_auxiliary\auxiliary_intersection_events.csv,46d859270c2f0c9533fba35691f6458e9bc02742a78fcf9596fb75a6e4faa85c
output\hurricane_auxiliary\auxiliary_manifest.json,f5cc4910806222c6cb03b3e8669f22d2e35699ee3c0c886987a3c80e9aea484b
output\hurricane_auxiliary\auxiliary_utilization.csv,e5e7b17ea28c71dcd592683640356f889d8cde0bbc1c0ce0ffff7eca8732423a
output\hurricane_auxiliary\auxiliary_validation.json,3b35d3760716c6c729cb0ad15291c16bd4f32e9897a7d4bb5e6570222a28468b
output\hurricane_auxiliary\boxplot_cohort.csv,9428879d64b87537cc5f44febaad20eda57aa8271f0cb03b071c06fb9ca9fc79
output\hurricane_auxiliary\comparison.csv,5ae6ba1aba4cdc1c36869d14dd41926cb065c29aef222664979182cb9605eb34
output\hurricane_auxiliary\distance_audit.csv,36ebff000fe6c8a466db9e8b123cd7c0e2266bcfe9696d2a90319cc370e04fc8
output\hurricane_auxiliary\extended_curve_points.csv,bf165fc5287062693cb901bd5b100ffc3a4dfddabce456d603354324edb11393
output\hurricane_auxiliary\graph_sizes.csv,c95c9c918cef4f6a1bb39828bc47e5b190ce71ab99370013ef10315dd6493a28
output\hurricane_auxiliary\graph_sizes.html,7ac922d2c4c3c6734993deede72e4d9667cec2cc1095fcdc541a55511fb64d3c
output\hurricane_auxiliary\manifest.json,65af313b5c4026ed5e8612f7fc418fd15392157714966dc9221e2832505be910
output\hurricane_auxiliary\matched_vertex_comparison.csv,393bb7d60ab004fcbc67702c8f099dd65e1f774b42da35ac49197486ddf47f4b
output\hurricane_auxiliary\parameters.csv,8ab2e569e20a781fa41784aba07af41493afeb89abf3a32290cf45337d54d71d
output\hurricane_auxiliary\paths.json,89ad369d6fecb3a8014188d67a2ab1520d52e4c05629c20e527bacc42c134837
output\hurricane_auxiliary\selected_pairs.csv,7f088eefae37ec42103ffbee5b6d6d177ba78812511054eb8bb045d187f6dbf9
output\hurricane_auxiliary\validation.json,633d0ca4a0161040c1f3cbf46ae75177c13ec7e2805f585ef3500ed52e10dbe3
output\hurricane_auxiliary\worked_intersection.csv,80bec1941187620fdaf160acfcfc284d6b8aac926cd928ecd02a8bf5a6b58415
output\hurricane_auxiliary_expanded\auxiliary_construction_summary.csv,3a429d8fed0cbb1c5c800a503cfe9d06591de5b7a2c1b4367279d854e20db5c8
output\hurricane_auxiliary_expanded\auxiliary_intersection_events.csv,82bfe200703a2247b13cb3a869e9c7dac6000a63f19e67ab8b1c75d11d8f5403
output\hurricane_auxiliary_expanded\auxiliary_manifest.json,cc2423fe9e6603b53bb8322c35f1de2aaf222f167922b307a87dbcd5d85439d3
output\hurricane_auxiliary_expanded\auxiliary_utilization.csv,4b8eb929633307f7caa36a8ed20b3cca4c9afc0a1c0b87d16082da5434d16e88
output\hurricane_auxiliary_expanded\auxiliary_validation.json,593f4d377583b3972392fc8be6c16c4ade599eb6df3e75a257e0aa10aae5f54b
output\hurricane_auxiliary_expanded\boxplot_cohort.csv,2fd3b6ea2e1b89d2435b63cdbd4e4679c4cd7c360cdc65a4219ddffd1b4eafdd
output\hurricane_auxiliary_expanded\comparison.csv,168ee73a90f341971fce4c7c02d8970bf81a923afa659a37cd1ec42cdab4b66d
output\hurricane_auxiliary_expanded\distance_audit.csv,d53df75c3d71f013fef40c2725dc38f9821879e3382600e515f327f95385b988
output\hurricane_auxiliary_expanded\extended_curve_points.csv,43a22c93ecc7a31141ae6d3290d2233d1577918406c2f33bb1330fa85bb65083
output\hurricane_auxiliary_expanded\graph_sizes.csv,4ecc5716e093120919f82a2420080d680b7740c69336be007d96b87e1995e0b1
output\hurricane_auxiliary_expanded\graph_sizes.html,289789c4218652b2660fd59e3fb9239117f5c0f45bacd1103b76c36160e15997
output\hurricane_auxiliary_expanded\manifest.json,af14d29dce5184cfdc8af9a29f1141a844b6e17bcc20ef3dc03d8f00608aaffb
output\hurricane_auxiliary_expanded\matched_vertex_comparison.csv,c551d67abd0f110706758b4291943f500aa11a252e4a8653a62ca81eb1e93f55
output\hurricane_auxiliary_expanded\parameters.csv,c91a6c179ca7788ac74afcf5fd0e32bf90528cec783da5b9c5726426f4633e22
output\hurricane_auxiliary_expanded\paths.json,7d4e66dfe1c656e39dc76c708d6e48adafac6ca7e9a8b46037416f0106adf845
output\hurricane_auxiliary_expanded\retried_cases.csv,67b5eb138cddd1c69e100911cd66b6674f50ab0d9ccc82e8d7639ab34346eb9d
output\hurricane_auxiliary_expanded\selected_pairs.csv,e069cf98739ad828cbd27be8b279572bdb257a8c1c1e682d5c5c767f6aea08b8
output\hurricane_auxiliary_expanded\worked_intersection.csv,80bec1941187620fdaf160acfcfc284d6b8aac926cd928ecd02a8bf5a6b58415
output\hurricane_before_expansion\0.analyze_hurricans.ipynb,941bdaa44a7b7cc8bd023ce424ae33d35106050ddb0b2c843c82d1bdb5ccaee5
output\hurricane_before_expansion\1.analyze_CPS.ipynb,32771ed3700b946c56d8e434c9df65f08a83ca407ca65e8691e2990d39383851
output\hurricane_cps\auxiliary_utilization.csv,e5e7b17ea28c71dcd592683640356f889d8cde0bbc1c0ce0ffff7eca8732423a
output\hurricane_cps\boxplot_cohort.csv,9428879d64b87537cc5f44febaad20eda57aa8271f0cb03b071c06fb9ca9fc79
output\hurricane_cps\comparison.csv,5ae6ba1aba4cdc1c36869d14dd41926cb065c29aef222664979182cb9605eb34
output\hurricane_cps\distance_audit.csv,36ebff000fe6c8a466db9e8b123cd7c0e2266bcfe9696d2a90319cc370e04fc8
output\hurricane_cps\graph_sizes.csv,c95c9c918cef4f6a1bb39828bc47e5b190ce71ab99370013ef10315dd6493a28
output\hurricane_cps\graph_sizes.html,7ac922d2c4c3c6734993deede72e4d9667cec2cc1095fcdc541a55511fb64d3c
output\hurricane_cps\manifest.json,65af313b5c4026ed5e8612f7fc418fd15392157714966dc9221e2832505be910
output\hurricane_cps\matched_vertex_comparison.csv,393bb7d60ab004fcbc67702c8f099dd65e1f774b42da35ac49197486ddf47f4b
output\hurricane_cps\parameters.csv,8ab2e569e20a781fa41784aba07af41493afeb89abf3a32290cf45337d54d71d
output\hurricane_cps\paths.json,89ad369d6fecb3a8014188d67a2ab1520d52e4c05629c20e527bacc42c134837
output\hurricane_cps\selected_pairs.csv,7f088eefae37ec42103ffbee5b6d6d177ba78812511054eb8bb045d187f6dbf9
output\hurricane_cps\validation.json,633d0ca4a0161040c1f3cbf46ae75177c13ec7e2805f585ef3500ed52e10dbe3
output\hurricane_cps_expanded\auxiliary_utilization.csv,4b8eb929633307f7caa36a8ed20b3cca4c9afc0a1c0b87d16082da5434d16e88
output\hurricane_cps_expanded\boxplot_cohort.csv,2fd3b6ea2e1b89d2435b63cdbd4e4679c4cd7c360cdc65a4219ddffd1b4eafdd
output\hurricane_cps_expanded\comparison.csv,168ee73a90f341971fce4c7c02d8970bf81a923afa659a37cd1ec42cdab4b66d
output\hurricane_cps_expanded\distance_audit.csv,d53df75c3d71f013fef40c2725dc38f9821879e3382600e515f327f95385b988
output\hurricane_cps_expanded\expansion_validation.json,e6e541ee5e412abb505ff1a1568926ab2c7ccbda66f3b5b9138e555ef8d87bcb
output\hurricane_cps_expanded\graph_sizes.csv,4ecc5716e093120919f82a2420080d680b7740c69336be007d96b87e1995e0b1
output\hurricane_cps_expanded\graph_sizes.html,289789c4218652b2660fd59e3fb9239117f5c0f45bacd1103b76c36160e15997
output\hurricane_cps_expanded\manifest.json,af14d29dce5184cfdc8af9a29f1141a844b6e17bcc20ef3dc03d8f00608aaffb
output\hurricane_cps_expanded\matched_vertex_comparison.csv,c551d67abd0f110706758b4291943f500aa11a252e4a8653a62ca81eb1e93f55
output\hurricane_cps_expanded\parameters.csv,c91a6c179ca7788ac74afcf5fd0e32bf90528cec783da5b9c5726426f4633e22
output\hurricane_cps_expanded\paths.json,7d4e66dfe1c656e39dc76c708d6e48adafac6ca7e9a8b46037416f0106adf845
output\hurricane_cps_expanded\retried_cases.csv,67b5eb138cddd1c69e100911cd66b6674f50ab0d9ccc82e8d7639ab34346eb9d
output\hurricane_cps_expanded\selected_pairs.csv,e069cf98739ad828cbd27be8b279572bdb257a8c1c1e682d5c5c767f6aea08b8
output\hurricane_cps_expanded\validation.json,40ad572540f20bf5a1ffa68cbf151c551338bc1e0845230dc5a1a63d3d895d85
output\independent\chain_totals.csv,8ebbf288a9ca6cda987ad0d817cba29d688ba5c8e1644f4638cb13930a35dd58
output\independent\manifest.json,1beadc6b774cd62c08f6c5a53628a7b1edbc238fc172ac261465e3e3a4b4099d
output\independent\paths.json,3a5e1d567291405e6ab602117708172aa167d0640b513c542b1d49eab9dbe9ab
output\independent\results.csv,63dce45bd8a3cfeb1e39eff8ddb32966b4763a7a990991c6dd45b39ad4578424
output\independent\retained_residue_mapping.csv,f6dc8d1cf7f1c036683d5a3b13229c3e3ad75414ce930074f72b22b5904726fe
output\paper_checks\cps_18.png,bb9b754e2f2090609447a47a31747e27080b92689881badf5b9862a154434b00
output\paper_checks\cps_19.png,25a2a00e08c065ee06847e8813344bf9b48a0ba42bbe6b662073ee93fa0ff32b
output\paper_checks\gcs_13.png,d22d5f5728a3b6b1eb4cbc83fb6c953277be3833950b809d115703fbf5eed18c
output\paper_v1\environment.json,78a971b5ef688a5d6d69e046bd9424dc49620bc0ddac30a1d591f8e47b7d51af
output\paper_v1\existing_inventory.csv,2d2dff613c125ec4721e2f4d4014ab892922dce38953b05314f0010f321a39ac
output\paper_v1\final_audit.json,f0db9c4535b2c022ea388c94e22e59d6f0a2b29c7e43799a949fb14d3e50e008
output\paper_v1\hurricane_paths.json,4d74ac3275941087f3d6c561a332068bd3e9af39a1894510bff8f98f6e2664fe
output\paper_v1\hurricane_results.csv,934ced6fd510bda58f2220c2f179a81b07c39aea2b5fd792b779a982c92df40a
output\paper_v1\input_manifest.csv,d7e536d56f40ca792a5e0c8462a2592684bea9e43bcdbd51bc15268520d3f1ca
output\paper_v1\pilot_parameters.csv,3fcba922fe7a59575833c4b63fb35b59a701259b5e7044fd399c6564f4667372
output\paper_v1\pilot_results.csv,9d8ebd087e161e4cd88de3069622a667f220e13ca56bb26e7c2224df808271c7
output\paper_v1\pilot_summary.csv,8788b8c01924719105676e2cb4a2f690945b7b85fd6f691489a8342ca9f2a78c
output\paper_v1\preservation_audit.json,24ea01c8bfc3015351f43a347e95ea3eca23dca35cae1da1a7093da4ab1540e6
output\paper_v1\prior_experiments.csv,d35bde0cd881b42b990f18601a2761dbdb61a5c3b336e2693c7227b4a5cf7933
output\paper_v1\protected_results_snapshot.csv,a04fa39bc6616452078a3a3c5516944d0b6f9337102665b1a1f8fe010866ec49
output\paper_v1\protein_paths.json,496fbdd5a2f9995b7f82e0da8bea92c0682f1becd702fed6b4113664fcdde5a1
output\paper_v1\protein_results.csv,9e6c913042910323496f7b12c2506ac3284f3087c619f308f7e0eb0120f7755e
output\paper_v1\protocol.json,e44dbea10f3bd2f3f50210b36a7edeff892f0f17402326523e164a8760e55037
output\paper_v1\selection_audit.csv,cb9660292cd9396643532cbeacc15c48724679eac905207d13ec64aa6c8cbb47
output\paper_v1\shared_entities.csv,db2ec45b28aa512d53f2d067b010ad893af847a0d8b81fea74483f67ccf9f38b
output\paper_v1\stage1_modules.csv,1f0f927c12cca85e254f72d7ef5cd548c68beffc04a228e9f4c3f6367bf8ecd4
output\paper_v1\status.md,4f63ed01b13fb22092ee69d532232fc1030737db4fd99eb4d0407d7314f5d56d
output\paper_v1\validation.csv,f8da98ab8e5304f30ee615a9e610016cf7b2b816bc43c8d9a92567502cbe649f
output\paper_v1\validation_gate.json,4a5a23b4fb7901182ef5807a307600f4092a141f537af3b90cd6447dae7b7db5
output\small_pairs\aggregates_feasible_only.csv,f6a1d86c7fd01fc4f53e2a283458b069dbcf32602e1788a84369dab194a8a18c
output\small_pairs\alignment_audit.csv,9b44fb2c4ef9bc2d25536841b873fb40eb075994f45cb6c7b86f618e88042654
output\small_pairs\checks.json,7546f41c06d34e9a2428b91217ec64c8546ab268b85eaf9a036b7b896a315c2b
output\small_pairs\paths.json,8a82fc087df406f6ddadd1d8aa4be618e9839ca3b609158d0648f7835c8219b1
output\small_pairs\pipeline.csv,ffb87f3986918eeb6e577ce4a13e1f4509c42fffd0a365cf5dee9c49bce773a5
output\small_pairs\prepared_pairs.json,4e338e5e9a9758deafd93647c8f8523cc160f717bcb66c0b4df39703f711b50a
output\small_pairs\selected_residues.csv,3d753a9c9eb2334bb7ec238d1f0f9f7482240029e88098a541487c24055c2500
output\small_pairs\figures\aligned_windows_1.png,39f674996e2f3bf84f975091882c6eceb1b3b7e8a584894901c696de193303fd
output\small_pairs\figures\aligned_windows_2.png,909d97028b428c75dc7eb3c40b6b6cb413d3324a53902b8166471afcc66ac531
output\small_pairs\figures\aligned_windows_3.png,bd71fa4f85cca0396562e9deac12b115fd031fd6f45fb1f8762c0d4e922bba60
output\small_pairs\figures\aligned_windows_4.png,16014f813b46cd6467e4fd3487a46df97abf0f5251abd7f1e25c373b81be1795
output\small_pairs\alignments\1o7j.a__1d9q.d\A.residues.csv,d97cbf28f86cdfbd31380d6918c97ef0974305fcda0cdfc8b69aa9a0baf68430
output\small_pairs\alignments\1o7j.a__1d9q.d\aligned.npz,4300375de241ff867cc3faf9279323dbd7765cb06f25d32a094e5d49838b944a
output\small_pairs\alignments\1o7j.a__1d9q.d\B.residues.csv,d58187ddb6ef5c1743d493a892a0a92f67a84b341a73c4686a8f9d0bd758e3cb
output\small_pairs\alignments\1o7j.a__1hfj.c\A.residues.csv,4ec5e51fbb951c3c070b97f4f44fb90c21742aa5d82b82b6bf57ca0fd844aeb4
output\small_pairs\alignments\1o7j.a__1hfj.c\aligned.npz,2792b39b47bdc75bfd7aec139ec8f72d8c2ae4b6adf58d4a08783deec8691610
output\small_pairs\alignments\1o7j.a__1hfj.c\B.residues.csv,b468343b3729a7bd3f1fc933711da37d4ea011d1c470cde9c90c88124fca4a0b
output\small_pairs\alignments\1o7j.a__1qd1.b\A.residues.csv,750956bc6fc81619e5818662f1b169739ce4913d83ff2daff4468b9b4973ef12
output\small_pairs\alignments\1o7j.a__1qd1.b\aligned.npz,e9547691da0caf838b0a58f1caeb53c3139942df0963eb7a4e4904663752fe44
output\small_pairs\alignments\1o7j.a__1qd1.b\B.residues.csv,dd19b7724175b62f0e8a1ddb5bce5020c93aa45c61735b3c797bf55ad6672ba7
output\small_pairs\alignments\1o7j.a__1toh.a\A.residues.csv,f5fb8bd5ffd4ae4febb6219065090ebbb3930a03c47ad84584f29f727de95095
output\small_pairs\alignments\1o7j.a__1toh.a\aligned.npz,020a4f6cc6db155565bc551c01231bc502f71f9fc7c2e4417481dfa1797e3d6b
output\small_pairs\alignments\1o7j.a__1toh.a\B.residues.csv,104d8c654d9b6fe92bed24422c10e06b67c01dc3b75dfd8a226796577e9f16a6
output\small_pairs\alignments\1o7j.a__1wls.a\A.residues.csv,73619434fc18343f8a9586bdb10b31b225f216eb96ad2224c473e33bc610977e
output\small_pairs\alignments\1o7j.a__1wls.a\aligned.npz,5f3cfe24d3d8aa8da170b8c974c6d8e70e383a5d8cedcc72853b8bb6bf98f427
output\small_pairs\alignments\1o7j.a__1wls.a\B.residues.csv,a58e2f95dd8ea72a1a9f78ba0107482989df76bfe47716aefb5a6ff31b6f338c
output\small_pairs\alignments\1o7j.a__1zq1.a\A.residues.csv,381e312623d94d42aad3a53eb21750fe05292e179839d3fb0313d89accac7045
output\small_pairs\alignments\1o7j.a__1zq1.a\aligned.npz,4d5c01aeef148406448c8d116ad5881f18cb1706b9d27852975fc08f680d5954
output\small_pairs\alignments\1o7j.a__1zq1.a\B.residues.csv,89741fd556c427b7414cc73a0cab8bb55f0a9eedeeed056950239ca3c6d39770
output\small_pairs\alignments\1o7j.a__2eq5.a\A.residues.csv,d1cd38c2f8c74add1618d27ab91f29170b0c219358e3e2108f4bf6fbf5ad8589
output\small_pairs\alignments\1o7j.a__2eq5.a\aligned.npz,9b367b69045d7e227bdcb2b00f9960456f0279e503178b9cc8f47e341ef96f5e
output\small_pairs\alignments\1o7j.a__2eq5.a\B.residues.csv,a774a4f7f73c9c9b9e88fa6063e65dcc89537fd8c9115974bacaf401ac108d46
output\small_pairs\alignments\1o7j.a__2fep.a\A.residues.csv,8d18affaa02988bdc8064e8111d2ade2f67fcabba5c485e17924ff0b911d00f5
output\small_pairs\alignments\1o7j.a__2fep.a\aligned.npz,69f52bd25e2a7e1432251c307e3a9cf0ac0d90189300f2e612006cf6e3851bca
output\small_pairs\alignments\1o7j.a__2fep.a\B.residues.csv,d1ae0426c916a00df659decfb6c70deb96eedb51a97044d1ff8f02874e9dc589
output\small_pairs\alignments\1o7j.a__2zsk.a\A.residues.csv,9c25b884723ac5765fb880300e73dfcd582055d6f6860721fbd060da080fbbf1
output\small_pairs\alignments\1o7j.a__2zsk.a\aligned.npz,0bb49eefc49d1986dd21a02904c3b53e1982cf9dfa41d9672213f7d3866c1e2a
output\small_pairs\alignments\1o7j.a__2zsk.a\B.residues.csv,97148f5acaf49a4524b79c3f572e357503579a6f600e7bc69d6a772619bb4d14
output\small_pairs\alignments\1o7j.a__3jq0.a\A.residues.csv,f5fb8bd5ffd4ae4febb6219065090ebbb3930a03c47ad84584f29f727de95095
output\small_pairs\alignments\1o7j.a__3jq0.a\aligned.npz,a69608a24e959ddfbf436f3a8b38d9a03e25e5f17e00bce089ba1688f28905c8
output\small_pairs\alignments\1o7j.a__3jq0.a\B.residues.csv,bc52ef23388a83a7d4eb55cf43aad36d3a8a61b2c8dcf885fa8f095fc9ec0c18
output\small_pairs\alignments\1o7j.a__3ntx.a\A.residues.csv,5a435348dfded9a7e32cb93dc802f8891594a2085c083a2187ebc5647ea6ea53
output\small_pairs\alignments\1o7j.a__3ntx.a\aligned.npz,a7f79c4642b39d3729e9d5e399d88b4909f13e035ef1fcfc2a75d6d3a5d439e0
output\small_pairs\alignments\1o7j.a__3ntx.a\B.residues.csv,ce7fec3572f8c7119b1442bc17168ae6b2c561616112f12216b583270a7426f8
output\small_pairs\alignments\1o7j.a__4eca.b\A.residues.csv,a43d2d9bdd4f497b296c90c5f54980d322829a57b320799ae7e609c0b21444df
output\small_pairs\alignments\1o7j.a__4eca.b\aligned.npz,b2ac2cafafb0700234107142b1c3c049b5845b1e6bba0334f710468baa648ca0
output\small_pairs\alignments\1o7j.a__4eca.b\B.residues.csv,b6da73b3ba5bcca8ca8f48e283186d081a65263ce12404c30e2b558aa00e156b
output\small_pairs\alignments\1o7j.a__4eca.c\A.residues.csv,a43d2d9bdd4f497b296c90c5f54980d322829a57b320799ae7e609c0b21444df
output\small_pairs\alignments\1o7j.a__4eca.c\aligned.npz,e0a8477ddc2e52fcc352ca4a32f39b70f475c47f6823565c3a1715e2d9c90b42
output\small_pairs\alignments\1o7j.a__4eca.c\B.residues.csv,02199a85ba7656a78f7da7d2ab3bef7614afa6fd949b9f903777328f0857dd9b
output\small_pairs\alignments\1o7j.a__4eca.d\A.residues.csv,a43d2d9bdd4f497b296c90c5f54980d322829a57b320799ae7e609c0b21444df
output\small_pairs\alignments\1o7j.a__4eca.d\aligned.npz,907ee98eb4010b8276f2dce8d8d9d77660ef96de3ddbfafc4d82d55f967d5670
output\small_pairs\alignments\1o7j.a__4eca.d\B.residues.csv,01007c0824bf377a4d3dbf9dc5efa34ed832cfc0ec0dd7810688ecd1660a2fac
output\small_pairs\alignments\1o7j.a__4eca.d\parent\A.pdb,8043e7b953cae3c2654f8f6bfc3b8cd0ae9c6c857410e1da0039dfa0830f5bed
output\small_pairs\alignments\1o7j.a__4eca.d\parent\alignment.json,54cca9a6f2eba57cfbcf65cab6f8ccaa07f593f56e0ea91f8c6a8657d7e348be
output\small_pairs\alignments\1o7j.a__4eca.d\parent\B.pdb,61ab32170e51330a39d8eda0c37c0605c93ce0a37bf83dafc460f968962eba8d
output\small_pairs\alignments\1o7j.a__4eca.d\parent\rotation.txt,67e610f685f7a2d86a8a6852dae9e2d13648dac8a7117bc3746e2662f3e9128e
output\small_pairs\alignments\1o7j.a__4eca.d\parent\stderr.txt,e3b0c44298fc1c149afbf4c8996fb92427ae41e4649b934ca495991b7852b855
output\small_pairs\alignments\1o7j.a__4eca.d\parent\stdout.txt,5612518fa5e8d46cd1ac0c4d9fe579a042a357e8869d5e9df940a51149c291c4
output\small_pairs\alignments\1o7j.a__4eca.d\window\A.pdb,bf9962faf45f32d6aaec6e4d3bd856dae94f50cfc5e4efaa3c79b7db453d6fba
output\small_pairs\alignments\1o7j.a__4eca.d\window\alignment.json,48c7ea70ad7941f5ca0e5aadf35408c78109e5674d3be3d98d14a780bf00bb25
output\small_pairs\alignments\1o7j.a__4eca.d\window\B.pdb,89fec061262621a51c240cc4f84eceb1ded2f5c622d40481e03aa0fdb3248d7e
output\small_pairs\alignments\1o7j.a__4eca.d\window\rotation.txt,2eebe9b49c16ee1fa2f36b7b0352e754f2b90143dcef63f9fd11a0aac840b93f
output\small_pairs\alignments\1o7j.a__4eca.d\window\stderr.txt,e3b0c44298fc1c149afbf4c8996fb92427ae41e4649b934ca495991b7852b855
output\small_pairs\alignments\1o7j.a__4eca.d\window\stdout.txt,1c0581b8aba38e47860e5fce75f21b5b0b81a779e4680703695981f8ba9fb3aa
output\small_pairs\alignments\1o7j.a__4eca.c\parent\A.pdb,8043e7b953cae3c2654f8f6bfc3b8cd0ae9c6c857410e1da0039dfa0830f5bed
output\small_pairs\alignments\1o7j.a__4eca.c\parent\alignment.json,b97f7204ad160b8d46898a839b96dddd365e8f14103abf4187fc9628cdc1313f
output\small_pairs\alignments\1o7j.a__4eca.c\parent\B.pdb,4afe677f5ae924f51f17252dd8fec153c1e5ccb94590e5f7787193975cb79704
output\small_pairs\alignments\1o7j.a__4eca.c\parent\rotation.txt,00a7b583069f73d4bdfdd833b2e90d1030a98d4103467bf917dc0b967f1e72ea
output\small_pairs\alignments\1o7j.a__4eca.c\parent\stderr.txt,e3b0c44298fc1c149afbf4c8996fb92427ae41e4649b934ca495991b7852b855
output\small_pairs\alignments\1o7j.a__4eca.c\parent\stdout.txt,687806f00e93620bafe58bac865d98bd70b7c854b9d31728aa84316a33fc60d8
output\small_pairs\alignments\1o7j.a__4eca.c\window\A.pdb,bf9962faf45f32d6aaec6e4d3bd856dae94f50cfc5e4efaa3c79b7db453d6fba
output\small_pairs\alignments\1o7j.a__4eca.c\window\alignment.json,ee81c2d8144af027bcf416fa5902ac73134301eb869116b46ccf7622cb46c9ac
output\small_pairs\alignments\1o7j.a__4eca.c\window\B.pdb,d51cdcdbae9f0e7fd630ef7a00ae1f3cdf58328ba4fa602e4747e52f012afd6f
output\small_pairs\alignments\1o7j.a__4eca.c\window\rotation.txt,fd4ec2dedd699dcd05a8fe6ca4923d04a6c3030556659b659ce3049f8cadb520
output\small_pairs\alignments\1o7j.a__4eca.c\window\stderr.txt,e3b0c44298fc1c149afbf4c8996fb92427ae41e4649b934ca495991b7852b855
output\small_pairs\alignments\1o7j.a__4eca.c\window\stdout.txt,87ea023c2b49772fb3e976aaafb3bf5756659022aa388e674d5227f2fceeb223
output\small_pairs\alignments\1o7j.a__4eca.b\parent\A.pdb,8043e7b953cae3c2654f8f6bfc3b8cd0ae9c6c857410e1da0039dfa0830f5bed
output\small_pairs\alignments\1o7j.a__4eca.b\parent\alignment.json,4ee9bbef1e8dff68cb42cbbe69d6c868f30981564d56faf63e19c93dcbfa36ee
output\small_pairs\alignments\1o7j.a__4eca.b\parent\B.pdb,bdcec4b6c9245fe2653f982274c89659e5352b9b98e76b356600518f0c6ffb40
output\small_pairs\alignments\1o7j.a__4eca.b\parent\rotation.txt,fa5dc39999b0ab02735c18ef9c780c4b3e98ec25781fa784ce8c94ff1f110b12
output\small_pairs\alignments\1o7j.a__4eca.b\parent\stderr.txt,e3b0c44298fc1c149afbf4c8996fb92427ae41e4649b934ca495991b7852b855
output\small_pairs\alignments\1o7j.a__4eca.b\parent\stdout.txt,aa0bab5a86e0049d432b5f3ef8433be60e97cacd11f442ceea5168abf0509b6c
output\small_pairs\alignments\1o7j.a__4eca.b\window\A.pdb,bf9962faf45f32d6aaec6e4d3bd856dae94f50cfc5e4efaa3c79b7db453d6fba
output\small_pairs\alignments\1o7j.a__4eca.b\window\alignment.json,20b4816346742e9670d6d4fc8f3873162c790de09aafb820c6fa60a6ee0b3bf8
output\small_pairs\alignments\1o7j.a__4eca.b\window\B.pdb,dbb7c8faa018719f8bfb6dcbbac895819d9f8a6fe1efe21216aa4b4635a71633
output\small_pairs\alignments\1o7j.a__4eca.b\window\rotation.txt,ed4c3e33ca7a86c90423ce8832b1c0e2cb3abb17ebf1b78241d0cdfa55d43d9c
output\small_pairs\alignments\1o7j.a__4eca.b\window\stderr.txt,e3b0c44298fc1c149afbf4c8996fb92427ae41e4649b934ca495991b7852b855
output\small_pairs\alignments\1o7j.a__4eca.b\window\stdout.txt,21a34579f565c527d80493acb01be1e8c650d8f094b06f101432b75d695079a5
output\small_pairs\alignments\1o7j.a__3ntx.a\parent\A.pdb,8043e7b953cae3c2654f8f6bfc3b8cd0ae9c6c857410e1da0039dfa0830f5bed
output\small_pairs\alignments\1o7j.a__3ntx.a\parent\alignment.json,0c6bf027fedeed4f33148282cf8272c79a6dbb864f4af2bf5ba0e301e04d1b43
output\small_pairs\alignments\1o7j.a__3ntx.a\parent\B.pdb,21d79ff7cdbe1b0af343ffa4c4afa739fc8c459d9d5a3e6916729fc328933edb
output\small_pairs\alignments\1o7j.a__3ntx.a\parent\rotation.txt,0bb7609a5b96b4e949e80c264d1c8d21cf48d0dc6a46dc62d3079aff5f0a5423
output\small_pairs\alignments\1o7j.a__3ntx.a\parent\stderr.txt,e3b0c44298fc1c149afbf4c8996fb92427ae41e4649b934ca495991b7852b855
output\small_pairs\alignments\1o7j.a__3ntx.a\parent\stdout.txt,616499ec17f13e2a791162ae894ba28debe1a51b90a74942e917a15841281927
output\small_pairs\alignments\1o7j.a__3ntx.a\window\A.pdb,a0ab3ad468dd3620b8b2bc979fcc008bb3e2218cc21452a5f068abb93540c75b
output\small_pairs\alignments\1o7j.a__3ntx.a\window\alignment.json,7670320bd05233c435aee8593762841346be8e4455859ca3fff2e2653262da99
output\small_pairs\alignments\1o7j.a__3ntx.a\window\B.pdb,c4d2a78c81b954ce93ad60e39fb9254e181baeb8bfb869e88aac7f9751107e88
output\small_pairs\alignments\1o7j.a__3ntx.a\window\rotation.txt,57e4021965c1e9c010b621c5992912536961f412915b922542d33785f9834f93
output\small_pairs\alignments\1o7j.a__3ntx.a\window\stderr.txt,e3b0c44298fc1c149afbf4c8996fb92427ae41e4649b934ca495991b7852b855
output\small_pairs\alignments\1o7j.a__3ntx.a\window\stdout.txt,494818ca2aaae2e78018cc7ff3b931798af5b5eb5cf9bb18f048e0c627711945
output\small_pairs\alignments\1o7j.a__3jq0.a\parent\A.pdb,8043e7b953cae3c2654f8f6bfc3b8cd0ae9c6c857410e1da0039dfa0830f5bed
output\small_pairs\alignments\1o7j.a__3jq0.a\parent\alignment.json,eebb74dc81389dbbfe7da116cb7e93c7b416d0735ae16bceb320b2b3eadc3de3
output\small_pairs\alignments\1o7j.a__3jq0.a\parent\B.pdb,457516ac1655c815f556cee9d74f9386b5b08d06db662ffbf1cec0d6bcd0e4f7
output\small_pairs\alignments\1o7j.a__3jq0.a\parent\rotation.txt,e512659d65bd5182d9608939bd9d14755da7447569cd97c216af4c355ce554bc
output\small_pairs\alignments\1o7j.a__3jq0.a\parent\stderr.txt,e3b0c44298fc1c149afbf4c8996fb92427ae41e4649b934ca495991b7852b855
output\small_pairs\alignments\1o7j.a__3jq0.a\parent\stdout.txt,e95f5623a455ac2e60a497f7ed8244a6224828229eef66f1520c027d99c9a257
output\small_pairs\alignments\1o7j.a__3jq0.a\window\A.pdb,a4401739383656f408b3ca0fd5ff6e2989ede9d50ed702bc540af59db95cf4e4
output\small_pairs\alignments\1o7j.a__3jq0.a\window\alignment.json,650d3eafa942deb2a3b375c4f8e90536e03a68a212a4f64b25699479b6913284
output\small_pairs\alignments\1o7j.a__3jq0.a\window\B.pdb,f70cb2645bacab9a04450977a7e8cd0ff2e863cfbc6faab41580ec70dc2a4c75
output\small_pairs\alignments\1o7j.a__3jq0.a\window\rotation.txt,916605d552ecf4778083bc765a9383b5ee80af8519dbdafe29ed2a1d4eb5b058
output\small_pairs\alignments\1o7j.a__3jq0.a\window\stderr.txt,e3b0c44298fc1c149afbf4c8996fb92427ae41e4649b934ca495991b7852b855
output\small_pairs\alignments\1o7j.a__3jq0.a\window\stdout.txt,4bf8a70ff7fc0497774741308566aee1306e46bf7b26dc9589a30c85779e6895
output\small_pairs\alignments\1o7j.a__2zsk.a\parent\A.pdb,8043e7b953cae3c2654f8f6bfc3b8cd0ae9c6c857410e1da0039dfa0830f5bed
output\small_pairs\alignments\1o7j.a__2zsk.a\parent\alignment.json,9ef1950c32bab08f10ee676654bade41f7defa9225407e1a570656891accdbb4
output\small_pairs\alignments\1o7j.a__2zsk.a\parent\B.pdb,af2f684e3454436e3277964da3e02e259c43474f363b21e7da6988064fbd8ce8
output\small_pairs\alignments\1o7j.a__2zsk.a\parent\rotation.txt,c997a6562cc2b5e4446b90030f3d3bbcd2ec6f9e442c99e16666505e2e60cfb2
output\small_pairs\alignments\1o7j.a__2zsk.a\parent\stderr.txt,e3b0c44298fc1c149afbf4c8996fb92427ae41e4649b934ca495991b7852b855
output\small_pairs\alignments\1o7j.a__2zsk.a\parent\stdout.txt,fb4991ba7b33dc5e70220f257b467af58f4859faa2db86e2065a55a754ebd07f
output\small_pairs\alignments\1o7j.a__2zsk.a\window\A.pdb,a5aadaf58b1180c7764e328ac1bdf71c47cee32587ebc3ba93dc9b50f424d39f
output\small_pairs\alignments\1o7j.a__2zsk.a\window\alignment.json,b03f693f03f05c483cd28061c5cd4578ceb1a2b721c5f7013485e8d6b0f07781
output\small_pairs\alignments\1o7j.a__2zsk.a\window\B.pdb,ac8b2c9808e1428483681e5d313218081ab59278426b92d1dd15b7e82c3124cc
output\small_pairs\alignments\1o7j.a__2zsk.a\window\rotation.txt,11df4d51593b70296a503360f91620d0b37cf581d1218b7a91ae8d8384b3866f
output\small_pairs\alignments\1o7j.a__2zsk.a\window\stderr.txt,e3b0c44298fc1c149afbf4c8996fb92427ae41e4649b934ca495991b7852b855
output\small_pairs\alignments\1o7j.a__2zsk.a\window\stdout.txt,80775ee567ba80c66bca2a203fe717cf35ab2396cee6322e6ba8a120f5d18ffe
output\small_pairs\alignments\1o7j.a__2fep.a\parent\A.pdb,8043e7b953cae3c2654f8f6bfc3b8cd0ae9c6c857410e1da0039dfa0830f5bed
output\small_pairs\alignments\1o7j.a__2fep.a\parent\alignment.json,e04bfc573cdc1b78ed6ab57bb99d8410f29ebc9072892f0b89b0b02d4b287849
output\small_pairs\alignments\1o7j.a__2fep.a\parent\B.pdb,375ce1eb7fd179bbc4e6c39f1e7beddb8f7f64d6e9a9bb7c575cbb47bf508e99
output\small_pairs\alignments\1o7j.a__2fep.a\parent\rotation.txt,6c63b04103055382f67976eeb284c701c59971310a68a0497fa14912e371409f
output\small_pairs\alignments\1o7j.a__2fep.a\parent\stderr.txt,e3b0c44298fc1c149afbf4c8996fb92427ae41e4649b934ca495991b7852b855
output\small_pairs\alignments\1o7j.a__2fep.a\parent\stdout.txt,9a4f6e201dadfd99059d11f56010c221d3e241e550a104864b4eeaa423d59c96
output\small_pairs\alignments\1o7j.a__2fep.a\window\A.pdb,63eca97500d429d648ff9656b5d820050ca7de3555342b82898bcc3b5c4dff8f
output\small_pairs\alignments\1o7j.a__2fep.a\window\alignment.json,2a802a909a2658f6629f163eb0e45fe71c1ef5b12835f41d7bf0c8bf0c0f69cd
output\small_pairs\alignments\1o7j.a__2fep.a\window\B.pdb,ca7351883358e9656f4de5238a2077455eb15eac719d8b36d04a8f87be04374e
output\small_pairs\alignments\1o7j.a__2fep.a\window\rotation.txt,8be2cf4a9c534770712f8fd797b2ed25badf91f655906ed403e67042bf67c75d
output\small_pairs\alignments\1o7j.a__2fep.a\window\stderr.txt,e3b0c44298fc1c149afbf4c8996fb92427ae41e4649b934ca495991b7852b855
output\small_pairs\alignments\1o7j.a__2fep.a\window\stdout.txt,abe7ba2875399a0f85f8252aa6c2b243c4a311dcfff9f0c8619f5bf460c81991
output\small_pairs\alignments\1o7j.a__2eq5.a\parent\A.pdb,8043e7b953cae3c2654f8f6bfc3b8cd0ae9c6c857410e1da0039dfa0830f5bed
output\small_pairs\alignments\1o7j.a__2eq5.a\parent\alignment.json,1d20790cb5510230fc91debc8dafa247e6ced5a2aa4c4aa427fe05cf233bc797
output\small_pairs\alignments\1o7j.a__2eq5.a\parent\B.pdb,43fb93769945fe9486f10b9487ea85b96612d4ea9fc67e3310d6f4386d80a473
output\small_pairs\alignments\1o7j.a__2eq5.a\parent\rotation.txt,7728ac6d1e9b4177463a320415d6ea9cf98154da9374c5f40ba5240a03e28cea
output\small_pairs\alignments\1o7j.a__2eq5.a\parent\stderr.txt,e3b0c44298fc1c149afbf4c8996fb92427ae41e4649b934ca495991b7852b855
output\small_pairs\alignments\1o7j.a__2eq5.a\parent\stdout.txt,d5ef0cfc453829901d1ac8b49150fc4e64e2831c070dc39a71a0fd1b3a5cb86e
output\small_pairs\alignments\1o7j.a__2eq5.a\window\A.pdb,27c8abc450e5be69827053354158f9c6167ae672d29957304e3e4441a936ca40
output\small_pairs\alignments\1o7j.a__2eq5.a\window\alignment.json,e0e076087a7c06c282595f4e1794409d83795cbd310cec470dcf55999579e6dc
output\small_pairs\alignments\1o7j.a__2eq5.a\window\B.pdb,1f3488377c35f8b31087ef348627225ab52e6499e24c54b88820a29574c3bcbd
output\small_pairs\alignments\1o7j.a__2eq5.a\window\rotation.txt,233d05307479316043c835a9525cad87e862083262fe95a41c0d9ce99cf916d2
output\small_pairs\alignments\1o7j.a__2eq5.a\window\stderr.txt,e3b0c44298fc1c149afbf4c8996fb92427ae41e4649b934ca495991b7852b855
output\small_pairs\alignments\1o7j.a__2eq5.a\window\stdout.txt,b9833f72f0cc944abcfd60864d5eb2bbaa4bf5b8e07214ef53be9016c640e9bc
output\small_pairs\alignments\1o7j.a__1zq1.a\parent\A.pdb,8043e7b953cae3c2654f8f6bfc3b8cd0ae9c6c857410e1da0039dfa0830f5bed
output\small_pairs\alignments\1o7j.a__1zq1.a\parent\alignment.json,b145c7641bb9fb7dd149e102977ade96421833462cd8732f7157fc308d57ae73
output\small_pairs\alignments\1o7j.a__1zq1.a\parent\B.pdb,5a4b34fe46d30a22f87d161fe94fc81bbe22cbef8b729f2544265183d1119435
output\small_pairs\alignments\1o7j.a__1zq1.a\parent\rotation.txt,54578f316b8e2a2a5b75599a532d08bc9efc87f25b35642201eba8111a1d6d8e
output\small_pairs\alignments\1o7j.a__1zq1.a\parent\stderr.txt,e3b0c44298fc1c149afbf4c8996fb92427ae41e4649b934ca495991b7852b855
output\small_pairs\alignments\1o7j.a__1zq1.a\parent\stdout.txt,1d6d9157916b031bce75008175119ea73bbbacaeef4de5f61428521a4d872830
output\small_pairs\alignments\1o7j.a__1zq1.a\window\A.pdb,f5ab6778a93522a40c96aefba090f95202067c53cbb4524cf5bd8f947fe8f6c7
output\small_pairs\alignments\1o7j.a__1zq1.a\window\alignment.json,d9af83360d387a3480b7a844ea0c23188e9f37e0bf9a82f050f2b085eb8583e4
output\small_pairs\alignments\1o7j.a__1zq1.a\window\B.pdb,b694bf434b20bdd3459fb91986e1b52ca4465743e659d5ae67af9c1db813c0d3
output\small_pairs\alignments\1o7j.a__1zq1.a\window\rotation.txt,ed74bcabe2d522a7175051c9aa5f07cb5d3d9aae73fe5feaaeb8f4ee5fbd0474
output\small_pairs\alignments\1o7j.a__1zq1.a\window\stderr.txt,e3b0c44298fc1c149afbf4c8996fb92427ae41e4649b934ca495991b7852b855
output\small_pairs\alignments\1o7j.a__1zq1.a\window\stdout.txt,89d81d51310494b92118ee6620750132a1c8e23d5de504b86ed5a218d8f5a705
output\small_pairs\alignments\1o7j.a__1wls.a\parent\A.pdb,8043e7b953cae3c2654f8f6bfc3b8cd0ae9c6c857410e1da0039dfa0830f5bed
output\small_pairs\alignments\1o7j.a__1wls.a\parent\alignment.json,ac3b684c0354fa8190f3ea1ef1f79d7010b51f92c351767a6716aede8e3e9417
output\small_pairs\alignments\1o7j.a__1wls.a\parent\B.pdb,523007206e6cc08bed2a7db168d28e212aa2bbeb0da221afe704bd795f322450
output\small_pairs\alignments\1o7j.a__1wls.a\parent\rotation.txt,e617de63133259b8942f48ef76577e832d0db0d853de20579b5c20a4e3b15bf3
output\small_pairs\alignments\1o7j.a__1wls.a\parent\stderr.txt,e3b0c44298fc1c149afbf4c8996fb92427ae41e4649b934ca495991b7852b855
output\small_pairs\alignments\1o7j.a__1wls.a\parent\stdout.txt,c31fa71c41f7032ca475bd23f7c310696468aea4ab62214579377c268a29de53
output\small_pairs\alignments\1o7j.a__1wls.a\window\A.pdb,73b8e2da34e08b6bced5283a507229ea8834c177b5e01fac470c8b3e656c8dbc
output\small_pairs\alignments\1o7j.a__1wls.a\window\alignment.json,dc94865a2fca26d8dff4f1f384267138afb5adf8203117ce97e6dadf5462a002
output\small_pairs\alignments\1o7j.a__1wls.a\window\B.pdb,a3a3b9a166ffa6d35009b9d908fbc98ce909311c19304b9d60b24bae271a6a9a
output\small_pairs\alignments\1o7j.a__1wls.a\window\rotation.txt,17fc29fd0434b2931d8d213c7ea1a10b232609019ab33f8f5aa468906d395dcb
output\small_pairs\alignments\1o7j.a__1wls.a\window\stderr.txt,e3b0c44298fc1c149afbf4c8996fb92427ae41e4649b934ca495991b7852b855
output\small_pairs\alignments\1o7j.a__1wls.a\window\stdout.txt,0488e2950ab35c3f78b50c22f3b3efbf5b4b3fc7f95ba5c2c20f616ad9b016ec
output\small_pairs\alignments\1o7j.a__1toh.a\parent\A.pdb,8043e7b953cae3c2654f8f6bfc3b8cd0ae9c6c857410e1da0039dfa0830f5bed
output\small_pairs\alignments\1o7j.a__1toh.a\parent\alignment.json,60ab253412e14d20fa150e4e46424cae537a3995e33a070639d08eb72805bc6d
output\small_pairs\alignments\1o7j.a__1toh.a\parent\B.pdb,3296cc2e22833e2beeb58b9c0d6d62e23335a38a2f50cd4c3076b5fc0ca657a8
output\small_pairs\alignments\1o7j.a__1toh.a\parent\rotation.txt,cdef220833ecc8c42b9e67511ab072b5db685d26332e307771187f3e219d8b8f
output\small_pairs\alignments\1o7j.a__1toh.a\parent\stderr.txt,e3b0c44298fc1c149afbf4c8996fb92427ae41e4649b934ca495991b7852b855
output\small_pairs\alignments\1o7j.a__1toh.a\parent\stdout.txt,3458c77d1b7e9c158cad62d356502870244dc425d2bba67865bcfe9b2a304a77
output\small_pairs\alignments\1o7j.a__1toh.a\window\A.pdb,a4401739383656f408b3ca0fd5ff6e2989ede9d50ed702bc540af59db95cf4e4
output\small_pairs\alignments\1o7j.a__1toh.a\window\alignment.json,6849f28349dbb39d04d847494980bd5f43b4db642e8d17e042f53e8c2c612318
output\small_pairs\alignments\1o7j.a__1toh.a\window\B.pdb,64e6e12ff4abfb7aa607430baf826197c867262d7cf52ad463340d007f1720ef
output\small_pairs\alignments\1o7j.a__1toh.a\window\rotation.txt,e1f0350176321603f56147b4e919a4cfe27920ad2529d70e5f400333ca3313c2
output\small_pairs\alignments\1o7j.a__1toh.a\window\stderr.txt,e3b0c44298fc1c149afbf4c8996fb92427ae41e4649b934ca495991b7852b855
output\small_pairs\alignments\1o7j.a__1toh.a\window\stdout.txt,afde483332f6ee3733f3eb4d26d92b4d773a7af6372fcbff424366f149c78ae1
output\small_pairs\alignments\1o7j.a__1qd1.b\parent\A.pdb,8043e7b953cae3c2654f8f6bfc3b8cd0ae9c6c857410e1da0039dfa0830f5bed
output\small_pairs\alignments\1o7j.a__1qd1.b\parent\alignment.json,7e049b3c8be7e997d87e6944fc1abf0f45c6bc06858b833406b2e31aa6fa6b82
output\small_pairs\alignments\1o7j.a__1qd1.b\parent\B.pdb,0da224b73fda5574a19e0bdeacd08297815775ef5310c793f3405bc09ef3f8ca
output\small_pairs\alignments\1o7j.a__1qd1.b\parent\rotation.txt,b2007b5a241ea4a47abe01dc045d32bf4572b7937ed71a5dfc7ad1a48cf4102e
output\small_pairs\alignments\1o7j.a__1qd1.b\parent\stderr.txt,e3b0c44298fc1c149afbf4c8996fb92427ae41e4649b934ca495991b7852b855
output\small_pairs\alignments\1o7j.a__1qd1.b\parent\stdout.txt,38a26b5add24325d824adfd7de7aabb30aaac88fa959c0cca678b912bc4ac20e
output\small_pairs\alignments\1o7j.a__1qd1.b\window\A.pdb,9ddd8dfd4ba0c12a47ad4308c31813836528a1c7aa6dece14e7b69c06800ea8e
output\small_pairs\alignments\1o7j.a__1qd1.b\window\alignment.json,28627cae3940b68bf6efe5960066c1c9590e810970f4c0be08148ed0876942c8
output\small_pairs\alignments\1o7j.a__1qd1.b\window\B.pdb,e5d6c24f1e620ababba071f1295bed35216b594f2a118a7393d146b8bd0b7719
output\small_pairs\alignments\1o7j.a__1qd1.b\window\rotation.txt,a4d637b366a6ad022e7b04fad44f37096f07345a1d5b0eed39d33fa7268edc1b
output\small_pairs\alignments\1o7j.a__1qd1.b\window\stderr.txt,e3b0c44298fc1c149afbf4c8996fb92427ae41e4649b934ca495991b7852b855
output\small_pairs\alignments\1o7j.a__1qd1.b\window\stdout.txt,58895f181bb98da0ea5b6a369c71284e66148b49dd50ea179c5d1118526d5644
output\small_pairs\alignments\1o7j.a__1hfj.c\parent\A.pdb,8043e7b953cae3c2654f8f6bfc3b8cd0ae9c6c857410e1da0039dfa0830f5bed
output\small_pairs\alignments\1o7j.a__1hfj.c\parent\alignment.json,318e379762ba798a6f5d9ec608496d2eddf1aed8e8a1ffb0bcb176d129986fab
output\small_pairs\alignments\1o7j.a__1hfj.c\parent\B.pdb,362703088d6129f07e11eb81428714b998e98f48f9d759956e68d64394d637ed
output\small_pairs\alignments\1o7j.a__1hfj.c\parent\rotation.txt,961deac759a0317f092b8f658d6d3149a15f243d38f5314a105b0b18ef5333b1
output\small_pairs\alignments\1o7j.a__1hfj.c\parent\stderr.txt,e3b0c44298fc1c149afbf4c8996fb92427ae41e4649b934ca495991b7852b855
output\small_pairs\alignments\1o7j.a__1hfj.c\parent\stdout.txt,28dc9466f0c7b5737ea38ca8d94155dcca45812e53d754dbf5c1361836e07575
output\small_pairs\alignments\1o7j.a__1hfj.c\window\A.pdb,896395a9318084d80f01080e20d6797c141dd8f2ffa712ba589374fe7cb68367
output\small_pairs\alignments\1o7j.a__1hfj.c\window\alignment.json,ca725b74ac7ecda9fbccc2d447fc461fc69a1f2a1adf38408c17d93871a41e19
output\small_pairs\alignments\1o7j.a__1hfj.c\window\B.pdb,7abecb8e551f2b318dbb08dacc5e905d2b0c991b7acc989d4c2c83555c785a5f
output\small_pairs\alignments\1o7j.a__1hfj.c\window\rotation.txt,960ccb549afeef8db99f44544b6da67181d2c29f3d7fb8f0a67400701cf7a5f2
output\small_pairs\alignments\1o7j.a__1hfj.c\window\stderr.txt,e3b0c44298fc1c149afbf4c8996fb92427ae41e4649b934ca495991b7852b855
output\small_pairs\alignments\1o7j.a__1hfj.c\window\stdout.txt,00e9458335009f6ea244180360392f8401aef9c2eed5d97cddf55111a88eb656
output\small_pairs\alignments\1o7j.a__1d9q.d\parent\A.pdb,8043e7b953cae3c2654f8f6bfc3b8cd0ae9c6c857410e1da0039dfa0830f5bed
output\small_pairs\alignments\1o7j.a__1d9q.d\parent\alignment.json,4882390959afa97bc657ee1bbff32a35a33d70e01daf7ce446466433f21c5ed6
output\small_pairs\alignments\1o7j.a__1d9q.d\parent\B.pdb,8c86ff8411a519f8bface967da1c414b6aa864cd88e804afda0ca437683b34bb
output\small_pairs\alignments\1o7j.a__1d9q.d\parent\rotation.txt,1651da90ace3f52db6e53bcddfc1928bbd2b8a5e591bab0e4f67f2f750880e8e
output\small_pairs\alignments\1o7j.a__1d9q.d\parent\stderr.txt,e3b0c44298fc1c149afbf4c8996fb92427ae41e4649b934ca495991b7852b855
output\small_pairs\alignments\1o7j.a__1d9q.d\parent\stdout.txt,4871678dc31e8844d2da89f6246959973cbac1783430ed7c4c5da980696e8872
output\small_pairs\alignments\1o7j.a__1d9q.d\window\A.pdb,2d6c61b51c1089f4452d18bb3b714b660b7453ff0899bf1fd094b1174290681b
output\small_pairs\alignments\1o7j.a__1d9q.d\window\alignment.json,a0d04697c933329f1887ce655cf0d0e32eb2cc29e6312218ed122108f4fecb0a
output\small_pairs\alignments\1o7j.a__1d9q.d\window\B.pdb,06f42039ecd191b713dcea7cc56df6c02204c258556bffcfdd6e5827cf8375e3
output\small_pairs\alignments\1o7j.a__1d9q.d\window\rotation.txt,46cc8dd66d0d99d1307898f3f2a115ba783e25038fdf5f8c1b45032af8b10259
output\small_pairs\alignments\1o7j.a__1d9q.d\window\stderr.txt,e3b0c44298fc1c149afbf4c8996fb92427ae41e4649b934ca495991b7852b855
output\small_pairs\alignments\1o7j.a__1d9q.d\window\stdout.txt,a263679e4d02ddacb64cf85bb0e567342a13d65c31ee0193545f5966e1517cb0
output\paper_v1\inputs\hurricane_AL031854__AL011991.npz,a2ab35b783cce3d389472b1841e85b92acc3171b29993a2566d04b6759b0b287
output\paper_v1\inputs\hurricane_EP021949__EP031949.npz,bcd3a853b05dd5540a9e285ac6217db9ad9779bf00b033a2869181b105033790
output\paper_v1\inputs\protein_1o7j.a__1d9q.d.npz,6da737c8ea96bfb47844846e5920c7268988254098012fbdabfcb166eda79bc3
output\paper_v1\inputs\protein_1o7j.a__1hfj.c.npz,7b773f6fd281824e25d8e444c9a70b1ca04a33b497237bdb6ee4b0605a6d1365
output\paper_v1\logs\existing_run_inspection.json,ea6a931bab1c8e8b2c4d4c61835eb26442a07d56bc78d271a6484924daf200f5
output\paper_v1\logs\hurricane_AL031854__AL011991_a0.5_CPS-2F.log,e3b0c44298fc1c149afbf4c8996fb92427ae41e4649b934ca495991b7852b855
output\paper_v1\logs\hurricane_AL031854__AL011991_a0.5_CPS-3F.log,e3b0c44298fc1c149afbf4c8996fb92427ae41e4649b934ca495991b7852b855
output\paper_v1\logs\hurricane_AL031854__AL011991_a0.5_Independent_continuous.log,e3b0c44298fc1c149afbf4c8996fb92427ae41e4649b934ca495991b7852b855
output\paper_v1\logs\hurricane_AL031854__AL011991_a0.5_Independent_discrete.log,e3b0c44298fc1c149afbf4c8996fb92427ae41e4649b934ca495991b7852b855
output\paper_v1\logs\hurricane_AL031854__AL011991_a1_CPS-2F.log,da9b9e986d837c0a971834d98df944a1a2526f14afad4f1c0cfb4ab78dd072ef
output\paper_v1\logs\hurricane_AL031854__AL011991_a1_CPS-3F.log,e3b0c44298fc1c149afbf4c8996fb92427ae41e4649b934ca495991b7852b855
output\paper_v1\logs\hurricane_AL031854__AL011991_a1_Independent_continuous.log,e3b0c44298fc1c149afbf4c8996fb92427ae41e4649b934ca495991b7852b855
output\paper_v1\logs\hurricane_AL031854__AL011991_a1_Independent_discrete.log,e3b0c44298fc1c149afbf4c8996fb92427ae41e4649b934ca495991b7852b855
output\paper_v1\logs\hurricane_EP021949__EP031949_a0.5_CPS-2F.log,e3b0c44298fc1c149afbf4c8996fb92427ae41e4649b934ca495991b7852b855
output\paper_v1\logs\hurricane_EP021949__EP031949_a0.5_CPS-3F.log,e3b0c44298fc1c149afbf4c8996fb92427ae41e4649b934ca495991b7852b855
output\paper_v1\logs\hurricane_EP021949__EP031949_a0.5_Independent_continuous.log,e3b0c44298fc1c149afbf4c8996fb92427ae41e4649b934ca495991b7852b855
output\paper_v1\logs\hurricane_EP021949__EP031949_a0.5_Independent_discrete.log,e3b0c44298fc1c149afbf4c8996fb92427ae41e4649b934ca495991b7852b855
output\paper_v1\logs\hurricane_EP021949__EP031949_a1_CPS-2F.log,e3b0c44298fc1c149afbf4c8996fb92427ae41e4649b934ca495991b7852b855
output\paper_v1\logs\hurricane_EP021949__EP031949_a1_CPS-3F.log,e3b0c44298fc1c149afbf4c8996fb92427ae41e4649b934ca495991b7852b855
output\paper_v1\logs\hurricane_EP021949__EP031949_a1_Independent_continuous.log,e3b0c44298fc1c149afbf4c8996fb92427ae41e4649b934ca495991b7852b855
output\paper_v1\logs\hurricane_EP021949__EP031949_a1_Independent_discrete.log,e3b0c44298fc1c149afbf4c8996fb92427ae41e4649b934ca495991b7852b855
output\paper_v1\logs\interrupted_runner.json,a5494c8963db8b33e103434dc581006fdac76622a6e4b1ef9c212e4cda8b94d2
output\paper_v1\logs\notebook_execution.jsonl,8f69646af519969a2f422cd71fe4bcb23298b673e68c025cb1766166be28a05a
output\paper_v1\logs\protein_1o7j.a__1d9q.d_a0.5_CPS-2F.log,e3b0c44298fc1c149afbf4c8996fb92427ae41e4649b934ca495991b7852b855
output\paper_v1\logs\protein_1o7j.a__1d9q.d_a0.5_CPS-3F.log,e3b0c44298fc1c149afbf4c8996fb92427ae41e4649b934ca495991b7852b855
output\paper_v1\logs\protein_1o7j.a__1d9q.d_a0.5_Independent_continuous.log,e3b0c44298fc1c149afbf4c8996fb92427ae41e4649b934ca495991b7852b855
output\paper_v1\logs\protein_1o7j.a__1d9q.d_a0.5_Independent_discrete.log,e3b0c44298fc1c149afbf4c8996fb92427ae41e4649b934ca495991b7852b855
output\paper_v1\logs\protein_1o7j.a__1d9q.d_a1_CPS-2F.log,e3b0c44298fc1c149afbf4c8996fb92427ae41e4649b934ca495991b7852b855
output\paper_v1\logs\protein_1o7j.a__1d9q.d_a1_CPS-3F.log,e3b0c44298fc1c149afbf4c8996fb92427ae41e4649b934ca495991b7852b855
output\paper_v1\logs\protein_1o7j.a__1d9q.d_a1_Independent_continuous.log,e3b0c44298fc1c149afbf4c8996fb92427ae41e4649b934ca495991b7852b855
output\paper_v1\logs\protein_1o7j.a__1d9q.d_a1_Independent_discrete.log,e3b0c44298fc1c149afbf4c8996fb92427ae41e4649b934ca495991b7852b855
output\paper_v1\logs\protein_1o7j.a__1hfj.c_a0.5_CPS-2F.log,e3b0c44298fc1c149afbf4c8996fb92427ae41e4649b934ca495991b7852b855
output\paper_v1\logs\protein_1o7j.a__1hfj.c_a0.5_CPS-3F.log,e3b0c44298fc1c149afbf4c8996fb92427ae41e4649b934ca495991b7852b855
output\paper_v1\logs\protein_1o7j.a__1hfj.c_a0.5_Independent_continuous.log,e3b0c44298fc1c149afbf4c8996fb92427ae41e4649b934ca495991b7852b855
output\paper_v1\logs\protein_1o7j.a__1hfj.c_a0.5_Independent_discrete.log,e3b0c44298fc1c149afbf4c8996fb92427ae41e4649b934ca495991b7852b855
output\paper_v1\logs\protein_1o7j.a__1hfj.c_a1_CPS-2F.log,da9b9e986d837c0a971834d98df944a1a2526f14afad4f1c0cfb4ab78dd072ef
output\paper_v1\logs\protein_1o7j.a__1hfj.c_a1_CPS-3F.log,e3b0c44298fc1c149afbf4c8996fb92427ae41e4649b934ca495991b7852b855
output\paper_v1\logs\protein_1o7j.a__1hfj.c_a1_Independent_continuous.log,e3b0c44298fc1c149afbf4c8996fb92427ae41e4649b934ca495991b7852b855
output\paper_v1\logs\protein_1o7j.a__1hfj.c_a1_Independent_discrete.log,e3b0c44298fc1c149afbf4c8996fb92427ae41e4649b934ca495991b7852b855
output\paper_v1\logs\protein_initial_monitoring_raw.csv,045bf2cf7ebcf7e9d350b1027934a1aa30848f13fdc0ab4640d1000c0a014019
output\paper_v1\references\definition_page_12.png,9fabf83f8e94eaf7d4457db551af9b0e31f7e7ed0c4d963aadd4a4f3144fc87e
output\paper_v1\references\definition_page_6.png,5369f10175943bbdc6956f78010cef730bce7e9ff6ba8f28c9ac9ce3a66bd622
output\paper_v1\references\manifest.json,81da2dde5b708383241d79a185865603abc90478ce6303917f1895f5acea5b9b
output\paper_v1\references\reference_1.txt,b735d9d410d6cdafeb2ada72cbb428cc328aa6c05f2175aea2ee26952ac9d324
output\paper_v1\references\reference_2.txt,8022e61c4f12854e6afae073c23360abb612a580ec6b5ec0165ed545ac013cdc
output\paper_v1\workers\hurricane_AL031854__AL011991_a0.5_CPS-2F.json,7dc617b52595a8d1609523c54d8b7b14f181c6eeea510e6c20fbdf2289d9113a
output\paper_v1\workers\hurricane_AL031854__AL011991_a0.5_CPS-2F.ready,b5de9ebaf71ff55d4c16308725d71dc77e9e1aed43009fcbcdd430b86c771def
output\paper_v1\workers\hurricane_AL031854__AL011991_a0.5_CPS-2F.result.json,eac1181beec7804524ba1f1a8d1fb91b478d9e1d3ff60b632b2de57fd7c34270
output\paper_v1\workers\hurricane_AL031854__AL011991_a0.5_CPS-3F.json,d83fb789d7effdcdf213e12256fe36801dd150d960590261d6baf8710c95f8b2
output\paper_v1\workers\hurricane_AL031854__AL011991_a0.5_CPS-3F.ready,b5de9ebaf71ff55d4c16308725d71dc77e9e1aed43009fcbcdd430b86c771def
output\paper_v1\workers\hurricane_AL031854__AL011991_a0.5_CPS-3F.result.json,2a5b5bc71a5ec636119153f3d39b28ffdcaad3ceb037d6fa6a47a065bc0ac134
output\paper_v1\workers\hurricane_AL031854__AL011991_a0.5_Independent_continuous.json,0cfec469cb2a807241b0bb1a897e3b5564edda3af5b6f40c8d2d6077943d45f9
output\paper_v1\workers\hurricane_AL031854__AL011991_a0.5_Independent_continuous.ready,b5de9ebaf71ff55d4c16308725d71dc77e9e1aed43009fcbcdd430b86c771def
output\paper_v1\workers\hurricane_AL031854__AL011991_a0.5_Independent_continuous.result.json,187a7b45779e9e1aade13a44517de7c1146e31c0dfc98fcf32a3b1a44c65b3b8
output\paper_v1\workers\hurricane_AL031854__AL011991_a0.5_Independent_discrete.json,6e75de2a38207f17bbcdea7f64f7e1b1f9ca437b7abbf4e08f6d2de47ad319fc
output\paper_v1\workers\hurricane_AL031854__AL011991_a0.5_Independent_discrete.ready,b5de9ebaf71ff55d4c16308725d71dc77e9e1aed43009fcbcdd430b86c771def
output\paper_v1\workers\hurricane_AL031854__AL011991_a0.5_Independent_discrete.result.json,0522c2d57e36c3f24eb70fa117ac33a1e633a004f5ec97d4e68ef6fa40a508a7
output\paper_v1\workers\hurricane_AL031854__AL011991_a1_CPS-2F.json,49d5e003bf1333a60e175e2865eb1fe22194a7004a7040881f03b918cc84e2fa
output\paper_v1\workers\hurricane_AL031854__AL011991_a1_CPS-3F.json,2d4619f50901c1823f1b1788510720c142c379872aa7a6ed7af8becc1d27b0fe
output\paper_v1\workers\hurricane_AL031854__AL011991_a1_CPS-3F.ready,b5de9ebaf71ff55d4c16308725d71dc77e9e1aed43009fcbcdd430b86c771def
output\paper_v1\workers\hurricane_AL031854__AL011991_a1_CPS-3F.result.json,ffeb5ed2fc5c7981decf3786a7a96562c4bf9115fb6d4f643860a22eba5fc113
output\paper_v1\workers\hurricane_AL031854__AL011991_a1_Independent_continuous.json,2836b902d3f9f140d25571ae869f47fa2e8fe26ebcba2a812890d582698bc4bf
output\paper_v1\workers\hurricane_AL031854__AL011991_a1_Independent_continuous.ready,b5de9ebaf71ff55d4c16308725d71dc77e9e1aed43009fcbcdd430b86c771def
output\paper_v1\workers\hurricane_AL031854__AL011991_a1_Independent_continuous.result.json,c56f84b36924cf8bc6a6cd7959c78377eea4c928edf3901767b3a1295bbb7c45
output\paper_v1\workers\hurricane_AL031854__AL011991_a1_Independent_discrete.json,78060b9d9b59100b7316ec603a18d7ede2e7e1aff25805bedec9d80e0f947588
output\paper_v1\workers\hurricane_AL031854__AL011991_a1_Independent_discrete.ready,b5de9ebaf71ff55d4c16308725d71dc77e9e1aed43009fcbcdd430b86c771def
output\paper_v1\workers\hurricane_AL031854__AL011991_a1_Independent_discrete.result.json,607292d67ab91d623bc1e8ca2f123a5134e54f55e83263ca669b776260054327
output\paper_v1\workers\hurricane_EP021949__EP031949_a0.5_CPS-2F.json,9a7c865dd81fe42b2360fd6a98d98a73a7b171a4691f16019cf816046308c33d
output\paper_v1\workers\hurricane_EP021949__EP031949_a0.5_CPS-2F.ready,b5de9ebaf71ff55d4c16308725d71dc77e9e1aed43009fcbcdd430b86c771def
output\paper_v1\workers\hurricane_EP021949__EP031949_a0.5_CPS-2F.result.json,ae38220588f3146617b6bda3de3236c2f50e5e45d9ba918f20d3d32b7bc53bfe
output\paper_v1\workers\hurricane_EP021949__EP031949_a0.5_CPS-3F.json,199d62c9660231709839051fc5fb64602ad07c9241bd562d7a8628a15e806fdc
output\paper_v1\workers\hurricane_EP021949__EP031949_a0.5_CPS-3F.ready,b5de9ebaf71ff55d4c16308725d71dc77e9e1aed43009fcbcdd430b86c771def
output\paper_v1\workers\hurricane_EP021949__EP031949_a0.5_CPS-3F.result.json,0745fdec6a172c35b787deee19e718de1efefff672e1468302bee555fefdbb39
output\paper_v1\workers\hurricane_EP021949__EP031949_a0.5_Independent_continuous.json,3dc1a1f3ef9368fd1da014d9555e10a6dd2480f876c8832d9b07a116fd291b44
output\paper_v1\workers\hurricane_EP021949__EP031949_a0.5_Independent_continuous.ready,b5de9ebaf71ff55d4c16308725d71dc77e9e1aed43009fcbcdd430b86c771def
output\paper_v1\workers\hurricane_EP021949__EP031949_a0.5_Independent_continuous.result.json,59fb884d3e65c55c8c5e15c15343c5867b9419faa9502262310be4528da9c9e7
output\paper_v1\workers\hurricane_EP021949__EP031949_a0.5_Independent_discrete.json,6cb29c0d4b1ff7ba58c46865dd9995b26db7f8f4fd6714734a5f42afb3960b5d
output\paper_v1\workers\hurricane_EP021949__EP031949_a0.5_Independent_discrete.ready,b5de9ebaf71ff55d4c16308725d71dc77e9e1aed43009fcbcdd430b86c771def
output\paper_v1\workers\hurricane_EP021949__EP031949_a0.5_Independent_discrete.result.json,602f2cd0d901ff006f411165dbf87cab9b262ea8d190415d9ca4565945d59dfa
output\paper_v1\workers\hurricane_EP021949__EP031949_a1_CPS-2F.json,58782443c3eef9569a0b6d475a35667ad2d80017f83c42072f1614be59aa5847
output\paper_v1\workers\hurricane_EP021949__EP031949_a1_CPS-2F.ready,b5de9ebaf71ff55d4c16308725d71dc77e9e1aed43009fcbcdd430b86c771def
output\paper_v1\workers\hurricane_EP021949__EP031949_a1_CPS-2F.result.json,dd32d4e856429e4b1d36e2ace71539ae3e0476655ceb07c822d27a4beaa4c52b
output\paper_v1\workers\hurricane_EP021949__EP031949_a1_CPS-3F.json,5b604c458f7011c90a225bcae0c3d9156b0a1cc94b0e7d15400ee7fdd96c2637
output\paper_v1\workers\hurricane_EP021949__EP031949_a1_CPS-3F.ready,b5de9ebaf71ff55d4c16308725d71dc77e9e1aed43009fcbcdd430b86c771def
output\paper_v1\workers\hurricane_EP021949__EP031949_a1_CPS-3F.result.json,05d87e56af596c41443d14959e44e5f824acc190224f853830bc1e1cc7e066bc
output\paper_v1\workers\hurricane_EP021949__EP031949_a1_Independent_continuous.json,8de891075a12107cf91772ff96efc3133977df9130732b2ff69d0ac54268586e
output\paper_v1\workers\hurricane_EP021949__EP031949_a1_Independent_continuous.ready,b5de9ebaf71ff55d4c16308725d71dc77e9e1aed43009fcbcdd430b86c771def
output\paper_v1\workers\hurricane_EP021949__EP031949_a1_Independent_continuous.result.json,44f6a76c8983e6339e3e0ac7beea23891495a52750ad05f87b05eff9dcb2afab
output\paper_v1\workers\hurricane_EP021949__EP031949_a1_Independent_discrete.json,22861983b7606396696943f32133d4cc45966f6a59d72d925852c06cbead3814
output\paper_v1\workers\hurricane_EP021949__EP031949_a1_Independent_discrete.ready,b5de9ebaf71ff55d4c16308725d71dc77e9e1aed43009fcbcdd430b86c771def
output\paper_v1\workers\hurricane_EP021949__EP031949_a1_Independent_discrete.result.json,627664e3b83c45791059543b0766d06102ddb623bb2b2ca752790d4de8ac8641
output\paper_v1\workers\protein_1o7j.a__1d9q.d_a0.5_CPS-2F.json,3c191fdc3ed612b339f29c80cd16daa366094ba7f8d6f01716e12719af63866c
output\paper_v1\workers\protein_1o7j.a__1d9q.d_a0.5_CPS-2F.ready,b5de9ebaf71ff55d4c16308725d71dc77e9e1aed43009fcbcdd430b86c771def
output\paper_v1\workers\protein_1o7j.a__1d9q.d_a0.5_CPS-3F.json,09f2d55ee8098803abee7bba9c210e31ab3d60d148d66c01242805942f5f6d84
output\paper_v1\workers\protein_1o7j.a__1d9q.d_a0.5_CPS-3F.ready,b5de9ebaf71ff55d4c16308725d71dc77e9e1aed43009fcbcdd430b86c771def
output\paper_v1\workers\protein_1o7j.a__1d9q.d_a0.5_Independent_continuous.json,84e8a8a2a0c41612eac539961ea8c578c94abb13a1bd3451a3a6454c36888cde
output\paper_v1\workers\protein_1o7j.a__1d9q.d_a0.5_Independent_continuous.ready,b5de9ebaf71ff55d4c16308725d71dc77e9e1aed43009fcbcdd430b86c771def
output\paper_v1\workers\protein_1o7j.a__1d9q.d_a0.5_Independent_discrete.json,db9361a068756e17fb1940210a6fd9e3bfe37af120930f8423925196c4aca3f9
output\paper_v1\workers\protein_1o7j.a__1d9q.d_a0.5_Independent_discrete.ready,b5de9ebaf71ff55d4c16308725d71dc77e9e1aed43009fcbcdd430b86c771def
output\paper_v1\workers\protein_1o7j.a__1d9q.d_a1_CPS-2F.json,527e5d41463c931019bdce0238c0e2f07e72371d9b1b2ffe57cc3ee12f30bf2c
output\paper_v1\workers\protein_1o7j.a__1d9q.d_a1_CPS-2F.ready,b5de9ebaf71ff55d4c16308725d71dc77e9e1aed43009fcbcdd430b86c771def
output\paper_v1\workers\protein_1o7j.a__1d9q.d_a1_CPS-3F.json,8ffe855ae00d407beb330843c0f3e9aca9bacaa5a76f48e58a43d485cbf08031
output\paper_v1\workers\protein_1o7j.a__1d9q.d_a1_CPS-3F.ready,b5de9ebaf71ff55d4c16308725d71dc77e9e1aed43009fcbcdd430b86c771def
output\paper_v1\workers\protein_1o7j.a__1d9q.d_a1_Independent_continuous.json,add32852d923c37249016b0b6bc71f56fc911566eb6648578140462dd3a0e0b8
output\paper_v1\workers\protein_1o7j.a__1d9q.d_a1_Independent_continuous.ready,b5de9ebaf71ff55d4c16308725d71dc77e9e1aed43009fcbcdd430b86c771def
output\paper_v1\workers\protein_1o7j.a__1d9q.d_a1_Independent_discrete.json,fb5a7ec65d38d910b593ed03107b6f71af21e788f3b76beadbf20d5c3edbacd2
output\paper_v1\workers\protein_1o7j.a__1d9q.d_a1_Independent_discrete.ready,b5de9ebaf71ff55d4c16308725d71dc77e9e1aed43009fcbcdd430b86c771def
output\paper_v1\workers\protein_1o7j.a__1hfj.c_a0.5_CPS-2F.json,52981624241c4fc712c0dbff4b1bdd20844e540825e640b5ce86d5fa5b28a15b
output\paper_v1\workers\protein_1o7j.a__1hfj.c_a0.5_CPS-2F.ready,b5de9ebaf71ff55d4c16308725d71dc77e9e1aed43009fcbcdd430b86c771def
output\paper_v1\workers\protein_1o7j.a__1hfj.c_a0.5_CPS-3F.json,21545811955d033185064ea624e67850f0c39a613c87d467dc01b50c515f758d
output\paper_v1\workers\protein_1o7j.a__1hfj.c_a0.5_CPS-3F.ready,b5de9ebaf71ff55d4c16308725d71dc77e9e1aed43009fcbcdd430b86c771def
output\paper_v1\workers\protein_1o7j.a__1hfj.c_a0.5_Independent_continuous.json,f58c5c7bcf20507298e942a6bd01aaf970ba56b3508138ed79b42aa9a164f071
output\paper_v1\workers\protein_1o7j.a__1hfj.c_a0.5_Independent_continuous.ready,b5de9ebaf71ff55d4c16308725d71dc77e9e1aed43009fcbcdd430b86c771def
output\paper_v1\workers\protein_1o7j.a__1hfj.c_a0.5_Independent_discrete.json,39a77cff21c09b6ee9de5d54f42ea82c043bb126d6b3afe2ebc9b4464b835ac3
output\paper_v1\workers\protein_1o7j.a__1hfj.c_a0.5_Independent_discrete.ready,b5de9ebaf71ff55d4c16308725d71dc77e9e1aed43009fcbcdd430b86c771def
output\paper_v1\workers\protein_1o7j.a__1hfj.c_a1_CPS-2F.json,915a34be8b3e2d597944a66fd8e2d1c8c94ebb66038766883c7a8fcdecc18dac
output\paper_v1\workers\protein_1o7j.a__1hfj.c_a1_CPS-3F.json,fce8fdcd65af8125d9e93cdb0c404d9fe606b8b3809b9cc056cf3d5832d16446
output\paper_v1\workers\protein_1o7j.a__1hfj.c_a1_CPS-3F.ready,b5de9ebaf71ff55d4c16308725d71dc77e9e1aed43009fcbcdd430b86c771def
output\paper_v1\workers\protein_1o7j.a__1hfj.c_a1_Independent_continuous.json,9cd6e0e63ef20b9d37e46d216915401eaeb3091a2784d5d9f1a5243c443ada9a
output\paper_v1\workers\protein_1o7j.a__1hfj.c_a1_Independent_continuous.ready,b5de9ebaf71ff55d4c16308725d71dc77e9e1aed43009fcbcdd430b86c771def
output\paper_v1\workers\protein_1o7j.a__1hfj.c_a1_Independent_discrete.json,e5ec54af6302cc2af84833b2373883a4bc5796931856606452317eb51aa5f234
output\paper_v1\workers\protein_1o7j.a__1hfj.c_a1_Independent_discrete.ready,b5de9ebaf71ff55d4c16308725d71dc77e9e1aed43009fcbcdd430b86c771def
output\paper_v1\workers\jupyter\kernels\paper-stage1\kernel.json,0d19d6115c6f71828f1bb69d08ba483df0509cae2537c0fcc415064fa9dbe85c
output\paper_v1\figures\correctness\check_coverage.png,9f910d36011daf8a2b6a649fc12a1b2f8d15df0edbfd0d9e8fcd6bb9894cd52a
output\paper_v1\figures\hurricanes\geometry_example.png,dedae907b356f59e8a17670ded97c67dcc13408bfe25f74173a813f8c5434081
output\paper_v1\figures\hurricanes\paired_comparison.png,62c861556aa48c62f937d9baf078269287777dcf979c906e019d7b5c616f0aa8
output\paper_v1\figures\hurricanes\paired_comparison.svg,bd4d7792928522946a24af18b83444b9fab0a0fdc30a6b2eafcb08b1e068331c
output\paper_v1\figures\proteins\geometry_example.png,e44dfe5d92ee2743b7eb129279d6e92d391ec7257bcd0cee9334add8899496aa
output\paper_v1\figures\proteins\paired_comparison.png,aa66b5f5b5e3ac03232b110e6ef856f28bd856ed0c78f34617c854856174d439
output\paper_v1\figures\proteins\paired_comparison.svg,73769e3bc0241fb806d47aa9f435c9605883fbecbb5ddab516441993562eb008
output\hurricane_cps_expanded\figures\auxiliary_utilization_w1_alpha1.pdf,8478de428bbef27bb0c8af02b086feca29e2a083b4438cd6eeb4139012121089
output\hurricane_cps_expanded\figures\auxiliary_utilization_w1_alpha1.png,156874bf30bd65324f15b582e556a99eafc6b233a3610803988b56c0ea17ae26
output\hurricane_cps_expanded\figures\auxiliary_utilization_w1_alpha1.svg,e379aef5351901d8cc23a1eaec76cbf0416e8e6538e35d058cce3ff8f306e4cd
output\hurricane_cps_expanded\figures\auxiliary_utilization_w1_alpha2.pdf,93679a8764c4606443f59279ce1d80566d909f96824db6920c4ed510530649ed
output\hurricane_cps_expanded\figures\auxiliary_utilization_w1_alpha2.png,8a7e093e088725d558ce35ac45274bd8482c9745b53e6f9378d6e0ada6c27508
output\hurricane_cps_expanded\figures\auxiliary_utilization_w1_alpha2.svg,7ca001d9947fc5f69c1b35f68226cd4361fa4ccc4050a6dfde92b661bf86d0a4
output\hurricane_cps_expanded\figures\graph_sizes_w1_alpha1.pdf,5508ea4ba367984511fa30eb55bb7457613e5e2ed26168eed353006094ea787a
output\hurricane_cps_expanded\figures\graph_sizes_w1_alpha1.png,18eba31b27eb8dc01e9d75d3ac8414b91cd80cd7eca9a6822d02bf550070fa01
output\hurricane_cps_expanded\figures\graph_sizes_w1_alpha1.svg,9c36bfb38a9fa1bdf0728ec84d3ab89d3bad214bc82d3cd821e0087c93ab31b7
output\hurricane_cps_expanded\figures\graph_sizes_w1_alpha2.pdf,f0abac848512e8309b1ee3999f8b2c1186eb73e58c24794a66e658e7fd5cd4fa
output\hurricane_cps_expanded\figures\graph_sizes_w1_alpha2.png,037ec6eb4b2a0b032c03d4f286a85bc475390334d45b4e88048ac8ffe88d72c6
output\hurricane_cps_expanded\figures\graph_sizes_w1_alpha2.svg,250a68becfeb2186de93db727328d4c07d2dd4c28c474236d5dfb78132b71a4f
output\hurricane_cps_expanded\figures\matched_boxplots.pdf,19692ed30230d905abf9602a9e1b2b77705c5a3f75ff649b523163324f980628
output\hurricane_cps_expanded\figures\matched_boxplots.png,18e5056ed7e55671f9c13c8059fdf8f620941be01fb14c6183acd8a5c0b5edc6
output\hurricane_cps_expanded\figures\matched_boxplots.svg,a765e48051c006416e90517cd6053f2839752e3d1143fccc0845ab4e16a809ce
output\hurricane_cps_expanded\figures\tracks_AL011861__AL021943_alpha1.pdf,1e6146a10e30fc94db7f8e836e4d451ab79081b62a15a9e0d132259c9454639f
output\hurricane_cps_expanded\figures\tracks_AL011861__AL021943_alpha1.png,25d04efac7558cefba795fb2c0bea9fc52de5d3fe5bf460bb4d9fe9c65aa9ed9
output\hurricane_cps_expanded\figures\tracks_AL011861__AL021943_alpha1.svg,2ec34fc509176a75ccd06859a9a5703960b87437ebffa9a2f12d7f7258c0bec1
output\hurricane_cps_expanded\figures\tracks_AL011920__AL111976_alpha1.pdf,4ed37193ef82014d3d2a31c12ea1457a7b4b11482f1a1282a2af25351f054f52
output\hurricane_cps_expanded\figures\tracks_AL011920__AL111976_alpha1.png,106f34a749ce3643eeb9d6653a2929621fad0f0490081e823ccc82cf67885c00
output\hurricane_cps_expanded\figures\tracks_AL011920__AL111976_alpha1.svg,52e121b84e33aad0b4a6c4640ae51ec38b690d8e841f8e5f2ebcbcf4e9896c22
output\hurricane_cps_expanded\figures\tracks_AL021890__AL031937_alpha1.pdf,bf989b8256adb12e6ba58eaa7841e7270af110dc88fb8c569e87d17167a935df
output\hurricane_cps_expanded\figures\tracks_AL021890__AL031937_alpha1.png,b30c5f0916771311341a91d56a9e5b0e81d0ce9f0fe89053c8ecab2f1c433c22
output\hurricane_cps_expanded\figures\tracks_AL021890__AL031937_alpha1.svg,2a7bd2a9a1775cae0a8e5966c713c5cb4b4f0205b8501d4887e4d072aea7cec8
output\hurricane_cps_expanded\figures\tracks_AL021972__AL171995_alpha1.pdf,9d3ddea72f7dd7af983ea963674ce689a7e4eb9ae317675575eb27cdd1e97afd
output\hurricane_cps_expanded\figures\tracks_AL021972__AL171995_alpha1.png,f80019692583f09e65f5b8afadeb08045e66780208fd987dc935267b33978a6c
output\hurricane_cps_expanded\figures\tracks_AL021972__AL171995_alpha1.svg,f2f44fcfd111b5fb703ba68fd852cb91d13ddba4c1864c1c3f4649781492b779
output\hurricane_cps_expanded\figures\tracks_AL022009__AL061989_alpha1.pdf,969849fcf5309b1c66859a8580b5b333107088d5d9cd6bab96936021fead1053
output\hurricane_cps_expanded\figures\tracks_AL022009__AL061989_alpha1.png,679c4952a15c7eae47c763de1fac0693eda32c83753e31021c47ec11ed5ae3a4
output\hurricane_cps_expanded\figures\tracks_AL022009__AL061989_alpha1.svg,953a2fd7df7d51789900d7e2f3f8abe8fcbfb0d600bf5be8a1aac42c92db1d08
output\hurricane_cps_expanded\figures\tracks_AL031897__AL061899_alpha1.pdf,9edf527d2f25963566b154812114834a66e1199d076af941e9b7c0c87081e012
output\hurricane_cps_expanded\figures\tracks_AL031897__AL061899_alpha1.png,6ce70991a41c37f542f6cbeb474f15efe09b660754e65009e917cf9df96b12f0
output\hurricane_cps_expanded\figures\tracks_AL031897__AL061899_alpha1.svg,d715faaa8527df28e4a7471fff7345d5c0ed3ee7fbf423eba7234383996475d2
output\hurricane_cps_expanded\figures\tracks_AL031910__AL131967_alpha1.pdf,e0f3ebf3d445fc98e2bfc273b7f4bfb24318a31ce51d80fbbc9a04a0d2db4502
output\hurricane_cps_expanded\figures\tracks_AL031910__AL131967_alpha1.png,25eff2abc66943d3905b6f48f462cd795e209bdb6bb31c6e1c649195d8794a62
output\hurricane_cps_expanded\figures\tracks_AL031910__AL131967_alpha1.svg,fc3be76d2f2b7846ed505aa967544783971fa7eca78780255ed1f9713527f782
output\hurricane_cps_expanded\figures\tracks_AL031932__AL051999_alpha1.pdf,d980fdb555ee9d4e3783837717e7bfa2055e64507796eb212f6eead4d3890e10
output\hurricane_cps_expanded\figures\tracks_AL031932__AL051999_alpha1.png,132812f813dbc4875d22678bf61039dab526e62e3fd5552c67c53177531ca0f2
output\hurricane_cps_expanded\figures\tracks_AL031932__AL051999_alpha1.svg,b5277dcc6bfa270a74cb15269c5ecf9eb5e5e06be07ceca85e1b91c950c40d7f
output\hurricane_cps_expanded\figures\tracks_AL051905__AL061885_alpha1.pdf,fb047f8b62833db2d0d98234b5fcd32fc33b769e7fd5065393caa18cec320d3f
output\hurricane_cps_expanded\figures\tracks_AL051905__AL061885_alpha1.png,a6f6b292266241dd9bbd6b9424a6d5fdb1d66fc73efb176964fe2a90aa55e999
output\hurricane_cps_expanded\figures\tracks_AL051905__AL061885_alpha1.svg,4f27e489f17305dcd11253a2d06d8b2aa4c5c9c39e5a1c94d3df464ed925a43f
output\hurricane_cps_expanded\figures\tracks_AL061906__AL021916_alpha1.pdf,e9b6281fa13ec951497dcfd0f93a368144b0f209b88a55c8b70c36114d46f5e6
output\hurricane_cps_expanded\figures\tracks_AL061906__AL021916_alpha1.png,97383b6908227ee30a9ad35448884446285e6d909352d3b83ec9833f3bea3147
output\hurricane_cps_expanded\figures\tracks_AL061906__AL021916_alpha1.svg,958ccf1ecfd702a13fa4bcbf02e857e812f084021daf3cdf9451843bb64c12d6
output\hurricane_cps_expanded\figures\tracks_AL061971__AL111972_alpha1.pdf,0e1a00caab7fa7193c29a9a9a013aee83d31e593de9f14b9ef00c278c3e6eeaf
output\hurricane_cps_expanded\figures\tracks_AL061971__AL111972_alpha1.png,93039b123838a889bf1a44aa4d5348121505c239e4e4311bbb9e248c62daf284
output\hurricane_cps_expanded\figures\tracks_AL061971__AL111972_alpha1.svg,f5719ab1094893b297e01d2691dba7a9c5b111cb2b73beae72ea519ae078bcba
output\hurricane_cps_expanded\figures\tracks_AL091932__AL031864_alpha1.pdf,fb0996238a295e857045f7e784b928fb41800da5f4f317235012473cd750d3c3
output\hurricane_cps_expanded\figures\tracks_AL091932__AL031864_alpha1.png,c98fc62e2f4362c4b23c77f5910e725446f70681a1c2e4d864ecd78886c77eef
output\hurricane_cps_expanded\figures\tracks_AL091932__AL031864_alpha1.svg,b5c20e7a674e7ffaa6921b44df80c4300e377130eec77c99a8af2d5cc83b30fe
output\hurricane_cps_expanded\figures\tracks_AL101955__AL021960_alpha1.pdf,22ec8fc5e1817cee5b6bebee4d3f63939b07ad876317b3c5dbc084413ae14003
output\hurricane_cps_expanded\figures\tracks_AL101955__AL021960_alpha1.png,3dfeb55aabcec27f41dd2e3c0269146879b8fa94231f2c9be69350cfb7f64605
output\hurricane_cps_expanded\figures\tracks_AL101955__AL021960_alpha1.svg,a1ddbe263a3f7e86036ff8dbfbe9e8b557900c0cd17053786e349ec95b8d7def
output\hurricane_cps_expanded\figures\tracks_AL111950__AL172008_alpha1.pdf,ae89d93606c3ee9b821f61c62ea22805bc2f0eb77cc8599bd51cb91b1c4ab3cd
output\hurricane_cps_expanded\figures\tracks_AL111950__AL172008_alpha1.png,774b19c197874f9269b85c74adc1988d9393a201cc95f0114a4e6f01c3260742
output\hurricane_cps_expanded\figures\tracks_AL111950__AL172008_alpha1.svg,1bd16847f107ac81c0693dadbaade5815d2f9c636bc3e3c382b2cd6e7541a778
output\hurricane_cps_expanded\figures\tracks_AL111989__AL051960_alpha1.pdf,3d2182a24412445e937ba65536820990ef8d393b6d1481a236fd0a27c19f8eca
output\hurricane_cps_expanded\figures\tracks_AL111989__AL051960_alpha1.png,73d4efe84839fa345367ceb0ebbda72ac2a6d5709ec59d4ca2f0dbc35d87cb1e
output\hurricane_cps_expanded\figures\tracks_AL111989__AL051960_alpha1.svg,cec9ae0d147111c136b23dd81703a747f04201fdc8952bcbbce76d993b1dbccd
output\hurricane_cps_expanded\figures\tracks_AL141933__AL021878_alpha1.pdf,ee88f9e6101f42bbdde9f18fe6f58857ecda8a184e12b0f1f28bcb7ed2a9ed06
output\hurricane_cps_expanded\figures\tracks_AL141933__AL021878_alpha1.png,8fef4a7433cc36de53001e9deb6569ec6ea8ea89e33d8a2895877466c0688202
output\hurricane_cps_expanded\figures\tracks_AL141933__AL021878_alpha1.svg,0a1e7a7674b50ba3ebd7bef6d61e6744be57d491d9c535b312dc22fd47e9cadd
output\hurricane_cps_expanded\figures\tracks_EP011976__EP241990_alpha1.pdf,5fca982b40f207f5f0f1d62633955238df409d8c11996166ac1f15e96dfdc935
output\hurricane_cps_expanded\figures\tracks_EP011976__EP241990_alpha1.png,041380de29c9d816382bf8cdbd80162b30cd1bddd1a8157fbd9ed39765cb6334
output\hurricane_cps_expanded\figures\tracks_EP011976__EP241990_alpha1.svg,0362702e4f9f3728a2305800472f1db94e6e376ebcc5ff9f8d98c217adb7b63d
output\hurricane_cps_expanded\figures\tracks_EP021969__EP191982_alpha1.pdf,557d75927eb7a087646f152d004f40fd85f5dffb9f7f603828c9ad23a193ca5c
output\hurricane_cps_expanded\figures\tracks_EP021969__EP191982_alpha1.png,c5992beba5b71c60e29fb1b163765a6e78c951292507a9e68f21661137304a7b
output\hurricane_cps_expanded\figures\tracks_EP021969__EP191982_alpha1.svg,60b4dcb50dc9c239e8185276df56c3b6536181b284570b2f54dd5731470d6263
output\hurricane_cps_expanded\figures\tracks_EP021981__EP152015_alpha1.pdf,44b4d97e34c799c926255cb95b750d73e03901b8f2020f899102b7f1fe64988b
output\hurricane_cps_expanded\figures\tracks_EP021981__EP152015_alpha1.png,594ce501bcb808514fd9d870b26de12ce63ced2b4320f4aead72e0ec6f37f1a2
output\hurricane_cps_expanded\figures\tracks_EP021981__EP152015_alpha1.svg,4b92718018d21fef7bac57dab7b6eefd0b60e7ccaed42680b2e612622c542f24
output\hurricane_cps_expanded\figures\tracks_EP032004__EP091995_alpha1.pdf,8349e7766111c2e916f7e08ce969a05173605923ca693ce8312c000cddebf48f
output\hurricane_cps_expanded\figures\tracks_EP032004__EP091995_alpha1.png,ee52caec17820c8fd05e4b9680a76e22fd382e3d1d1abb396465109cbefd0bce
output\hurricane_cps_expanded\figures\tracks_EP032004__EP091995_alpha1.svg,411e84b708bd57b1e1cf695e2d39a4519ae8f7b87dd93eff2472d9cff5093833
output\hurricane_cps_expanded\figures\tracks_EP032011__EP172014_alpha1.pdf,7937895506b23098a38ff15efc8ab08b0d56cc1dc3927935d55f6d3cc7cad3eb
output\hurricane_cps_expanded\figures\tracks_EP032011__EP172014_alpha1.png,c74d9c6d32d058a6e44022dc0f353ffc4fe0b8eb564092b69286ff87a1d48233
output\hurricane_cps_expanded\figures\tracks_EP032011__EP172014_alpha1.svg,20c49027a169820040f1a4318e2d105b02c9523b49a8ba1d776dd77f4f3dddd8
output\hurricane_cps_expanded\figures\tracks_EP041965__EP042002_alpha1.pdf,6128f38b8ebc97df4e00affc7db9b0e86256a5a5115cfd0913d82d4e92432892
output\hurricane_cps_expanded\figures\tracks_EP041965__EP042002_alpha1.png,ab66a5c9eaf16363734d9b7653fc0b883948e3e9f6b819a34aa1d0a4c6254827
output\hurricane_cps_expanded\figures\tracks_EP041965__EP042002_alpha1.svg,a7cda50d5ba2b16c41bf83d55556dfb6333818f0bf8c753ca5789aff148c2941
output\hurricane_cps_expanded\figures\tracks_EP042006__EP121991_alpha1.pdf,5950f24360bdfa65e25670728753e4174c73d9845ae1e1b3fff725ceed443107
output\hurricane_cps_expanded\figures\tracks_EP042006__EP121991_alpha1.png,a0ad3724204c35fed6139bedc4cfa4c9e54765f4d4417db07feb20ba3165f93a
output\hurricane_cps_expanded\figures\tracks_EP042006__EP121991_alpha1.svg,c40c5e9d7b1014201a5db257fa0ec70f58634936d14e8d9e046702959b85dab7
output\hurricane_cps_expanded\figures\tracks_EP051990__EP091995_alpha1.pdf,a299f5f9ec44e06f02dcae7819bf4e9451ef4eec9270fbbb0359aeeb63494618
output\hurricane_cps_expanded\figures\tracks_EP051990__EP091995_alpha1.png,78e463e7f3bd1cefcd26f8211336445012ca883f4b1dd9cd8bbdcae130639f52
output\hurricane_cps_expanded\figures\tracks_EP051990__EP091995_alpha1.svg,042e9f0d05db6018960aa5f296ba5afb6af38113d3d599a2e93333263e377719
output\hurricane_cps_expanded\figures\tracks_EP062003__EP031995_alpha1.pdf,fc076c4274d9112e849646122af1662821b66eebf54d58c7e3ec663ad98624d1
output\hurricane_cps_expanded\figures\tracks_EP062003__EP031995_alpha1.png,1e27847f472b15a4f4ece01386f472f4b220b8db4252cbc770dcab6cbb13dba6
output\hurricane_cps_expanded\figures\tracks_EP062003__EP031995_alpha1.svg,08b53be2c56295fb71a9c0a7625b525a49c6de8b2c7c5f81b3562ea265841109
output\hurricane_cps_expanded\figures\tracks_EP081990__EP051973_alpha1.pdf,6d539613a90d7c82c8a5fde766771319f7a4e48e35d990e9398fc199c4dbaf1f
output\hurricane_cps_expanded\figures\tracks_EP081990__EP051973_alpha1.png,cf927b532856eb476e189d63d00b7d8f446226c62454ef8ad3a080ac9db9bdc6
output\hurricane_cps_expanded\figures\tracks_EP081990__EP051973_alpha1.svg,b6263f2d98da56bf273d36e29752e3e51300e155f0f113584273987268180270
output\hurricane_cps_expanded\figures\tracks_EP101980__EP042014_alpha1.pdf,3f1e5f2b7710d23258e1c3e28c8a2081623cd6403eb881e26e3ffab9102b8ab5
output\hurricane_cps_expanded\figures\tracks_EP101980__EP042014_alpha1.png,6a0e5fc25eff4bb9dac837d99653ab9ec2c7e1b068795855ba43723660c9bae8
output\hurricane_cps_expanded\figures\tracks_EP101980__EP042014_alpha1.svg,d1da6746e6ac8b98999794906f25d4141ceefdd41765b4203a063e15881930a7
output\hurricane_cps_expanded\figures\tracks_EP141978__EP091991_alpha1.pdf,c975adc3f960c14414749961b323ebcbfb1566d1216753a3fc391b844b96f87a
output\hurricane_cps_expanded\figures\tracks_EP141978__EP091991_alpha1.png,3af78c8796135bd0f084ecae0413dd45338e54f59c4c142a7b89acb313de6a9a
output\hurricane_cps_expanded\figures\tracks_EP141978__EP091991_alpha1.svg,53580d9f286503669798fd2dd0f9d5c6d55892b6ef0641656014c157936bc0af
output\hurricane_cps_expanded\figures\tracks_EP142005__EP101996_alpha1.pdf,aaa9f5dc58c0fa5d97c409767a4c4c11c3e6a3c81001b5e50d08772222485a27
output\hurricane_cps_expanded\figures\tracks_EP142005__EP101996_alpha1.png,344b523abf35e121dfc7e157f125902df1080eef4970b37c4498707f0eecd57a
output\hurricane_cps_expanded\figures\tracks_EP142005__EP101996_alpha1.svg,4d3c3b847fb35485296b3dd586eb80c45685b59f0340bdaf0e6537716a2a3cbe
output\hurricane_cps_expanded\figures\tracks_EP191968__EP032013_alpha1.pdf,1449ed2f3400ff972a9e6e4b10c88256dd2de2b1ffaa7daa4d24a9e76458eff0
output\hurricane_cps_expanded\figures\tracks_EP191968__EP032013_alpha1.png,9e0908f4ad09ec77b5a09afaf20f239e69a516e56afffb6aa568c6b3cac97de9
output\hurricane_cps_expanded\figures\tracks_EP191968__EP032013_alpha1.svg,95e473674f2967d7e845c806ea1b3dff85ef1e61662af88dfbe995b43ccc6842
output\hurricane_cps_expanded\figures\tracks_EP191983__EP212014_alpha1.pdf,7d4f4d6f2e975112ecbb86c43e49af27212221e6a797020bf22e4ac95ddf635d
output\hurricane_cps_expanded\figures\tracks_EP191983__EP212014_alpha1.png,74b0cfe98510f6c13bcf40211682e862b0b04500e8fe1299ee25f8c4521c1a25
output\hurricane_cps_expanded\figures\tracks_EP191983__EP212014_alpha1.svg,66c52dd428472a446e8787e451ec4b1a43c22dfb0f354c7d32a40812baf7f359
output\hurricane_cps_expanded\figures\tracks_EP211990__EP202009_alpha1.pdf,8ed3d2530ef7553615d6efa0632d7dd3d948a80af7fe627e362d83692df6807c
output\hurricane_cps_expanded\figures\tracks_EP211990__EP202009_alpha1.png,2fed36c8a444cdafc537123acd1c1e99579182a430f521045b8af51147497b0d
output\hurricane_cps_expanded\figures\tracks_EP211990__EP202009_alpha1.svg,314afdf421c7d60d47d77769169caeea863a2c80fa50d075c8488e6b23e1b148
output\hurricane_cps_expanded\figures\page_01\dual_bars_alpha1.pdf,2ca0434cdb39b24895716fc8f950149be70af46297df4d5aa2930c330f5bdb9e
output\hurricane_cps_expanded\figures\page_01\dual_bars_alpha1.png,55ffcf85d6b47fb11050bfdb7a9482cab7642de124c484379b67d9a5ef3ebd74
output\hurricane_cps_expanded\figures\page_01\dual_bars_alpha1.svg,51d71cfea70f55e68af703867ba90a8dd79378144cecc773fc3b380a87336c01
output\hurricane_cps_expanded\figures\page_01\dual_bars_alpha2.pdf,5d610bf7c89cf8e1889f4c0678d1189c4842b3ab78656847b2a8d75c27045078
output\hurricane_cps_expanded\figures\page_01\dual_bars_alpha2.png,bf7805368f668f02872a34bb25422334bb4e2958d4ef94883e71579d0d6d9165
output\hurricane_cps_expanded\figures\page_01\dual_bars_alpha2.svg,e718de63cd6dc4349cd3accc3bd8e37a90d101d0d665c7952f51be74b609244c
output\hurricane_cps_expanded\figures\page_02\dual_bars_alpha1.pdf,5e8ea3f982e735a095efce6cb4687b8f1621291c914233c59447f6af4ceb2c4d
output\hurricane_cps_expanded\figures\page_02\dual_bars_alpha1.png,c2724d2ea2da7b3edf690c5ab465301e44d6c5955db0f3f088db36a4c024e9b9
output\hurricane_cps_expanded\figures\page_02\dual_bars_alpha1.svg,6279863010a9816a28990bce35d8079eb3591249abe46e93f703eb25b85f1706
output\hurricane_cps_expanded\figures\page_02\dual_bars_alpha2.pdf,ba7173d2b932aa9982d8b360de5c4bb8cd13091b5135150c0dbe77851ba1f00d
output\hurricane_cps_expanded\figures\page_02\dual_bars_alpha2.png,4c776b3ee9c4114cbfb80555c602718fd4d4d84ae355b57186c6ae40a152720f
output\hurricane_cps_expanded\figures\page_02\dual_bars_alpha2.svg,0f9d7b13644c39b3e792a6571f25c338985e516499bf74c822be0316f766dc3d
output\hurricane_cps_expanded\figures\page_03\dual_bars_alpha1.pdf,71569a4d87616fd1f2d882956dacc865384d37a003dfdf6a5bd5c321a56a51de
output\hurricane_cps_expanded\figures\page_03\dual_bars_alpha1.png,19fb09fbc8e1fb8b12f6ec561108451173cf15c34d410b744c8c4c410db49a52
output\hurricane_cps_expanded\figures\page_03\dual_bars_alpha1.svg,a3900724ae12edbd82700a1219cbbee1e3461a0a7195f46c866730189502ab8f
output\hurricane_cps_expanded\figures\page_03\dual_bars_alpha2.pdf,ba2847c9e100af4c04ef1637410f8bb4ab7559c6c83519e56717740a49281070
output\hurricane_cps_expanded\figures\page_03\dual_bars_alpha2.png,bd3d240510eca4400d61a5d9d959f1519aadabbde8c26ba2126a4deb4d5f60d2
output\hurricane_cps_expanded\figures\page_03\dual_bars_alpha2.svg,48886e843ca1aa37ccff0120812ebcb8c8f87c1ea972018b493bb1903b549d6d
output\hurricane_cps_expanded\figures\page_04\dual_bars_alpha1.pdf,42ab6be7fbaf534230e47a60492081194fcca2ecf2b9b44ba37b6b9d815c65fd
output\hurricane_cps_expanded\figures\page_04\dual_bars_alpha1.png,1bb15d7c3ba278954b8bb9c16fb31bd8d91f28ac41560ff2da5dc3abf36c0fe9
output\hurricane_cps_expanded\figures\page_04\dual_bars_alpha1.svg,2956ae6583710825af8eafe7870fe6e1eea1f79204fa31d8b807f558fba680a8
output\hurricane_cps_expanded\figures\page_04\dual_bars_alpha2.pdf,4bc973eeb46005d90ed0d547960860f890ec20347636a229b76a44ecd64ab8d7
output\hurricane_cps_expanded\figures\page_04\dual_bars_alpha2.png,cd72cac9cc24acbe77cfbdcf0f23e121fc60a9b5c4ff804053a446d1cbbb0560
output\hurricane_cps_expanded\figures\page_04\dual_bars_alpha2.svg,cb1ce18c920386e64304e1797bf5b2beaded251ca470ffd1b539a21900d1eaf0
output\hurricane_cps\figures\auxiliary_utilization_w1_alpha1.pdf,ce30b29deb2469c7901ee2c7bf90f4455be7355fb1267f86b4124f41e6a36b3b
output\hurricane_cps\figures\auxiliary_utilization_w1_alpha1.png,3c8cf69f523ad2910350ea672e6482dbb4fe34b135b649a4a9965f33aa2b9f50
output\hurricane_cps\figures\auxiliary_utilization_w1_alpha1.svg,7458e350263110152f6745ab0d7aec90f1e1abbc31974405390ecda67cb1634b
output\hurricane_cps\figures\auxiliary_utilization_w1_alpha2.pdf,fdd8f63a001d61725e4e9b9c10c82b4b297fa7c259f632fd69ccf6528a38b3ed
output\hurricane_cps\figures\auxiliary_utilization_w1_alpha2.png,1c61648e1bf154722788edfb3286c364e2c97ac316309f69c97549cc738ff4af
output\hurricane_cps\figures\auxiliary_utilization_w1_alpha2.svg,1eb1d434148ef0d8c38e310bf1768434ac5c277780579dd7c75b5972a9086388
output\hurricane_cps\figures\dual_bars_alpha1.pdf,6d2d58e1caf39a191b0e1a1bc5b7fe94525dbdfc5ad2047ed70c91d65cb9d0f5
output\hurricane_cps\figures\dual_bars_alpha1.png,2ddae8530cbf3ecc0db1b20a3133d8b382e2ea6b23f9f0ee61f383341269027d
output\hurricane_cps\figures\dual_bars_alpha1.svg,0933d714d2f61663560982dffec99a7daa8e0942a7e48390e86e7a0e7a6bf7dd
output\hurricane_cps\figures\dual_bars_alpha2.pdf,f6215f5bca69c9ddc4063d6da5db72c9362d83cb1caaa039f4c819af58d4f33b
output\hurricane_cps\figures\dual_bars_alpha2.png,bed4387aa6dbcfb1c54845804dca4c2b4c43198f5d724528eddc97da549e39d2
output\hurricane_cps\figures\dual_bars_alpha2.svg,5a6ebd319f65a7194099bd295c4b40b54b12b5584dfdc7435c63a315e194049c
output\hurricane_cps\figures\graph_sizes_w1_alpha1.pdf,4a0f4b290d391a679530ddc7f89b4ea1884142a77e5793c43b3076141c485006
output\hurricane_cps\figures\graph_sizes_w1_alpha1.png,d09ef5d11d908b13deeaf42a58013938a4c9daa00d51e7ba270a8d8f409c39ad
output\hurricane_cps\figures\graph_sizes_w1_alpha1.svg,a1c51a8583b5a69af1c4f5e9ac7705d08097947aa8473c30fd5a453bfed2aa85
output\hurricane_cps\figures\graph_sizes_w1_alpha2.pdf,9153cad2d178e39e95553e32f8d9a438a02244f771712c4f8a8241a3b8476ec4
output\hurricane_cps\figures\graph_sizes_w1_alpha2.png,dbb2ca480e819fb79c376d7fbdd3e92106a17842c36c75edb5ba4c263f95638b
output\hurricane_cps\figures\graph_sizes_w1_alpha2.svg,8af39872a90d7eff1cb03ff555d472cb427a318d348172dbe899b9ffd7c49f98
output\hurricane_cps\figures\matched_boxplots.pdf,4dfe837dd549ffd3d5cb0479e2141d0d12ad271c130afe02991752b6509e475c
output\hurricane_cps\figures\matched_boxplots.png,4ca694bfe5bab54d4e80872901ef67a306e9b84de621fb0aec9ea943162dbc81
output\hurricane_cps\figures\matched_boxplots.svg,19ac574de874d6d6c5b20428fd6d2e75b4484da09d3a4ed862a139164caa1a1f
output\hurricane_cps\figures\tracks_AL031932__AL051999_alpha1.pdf,478c6c260b854b039e8182a747b7c346bd15a1a01b599d48924e96e743c0646d
output\hurricane_cps\figures\tracks_AL031932__AL051999_alpha1.png,132812f813dbc4875d22678bf61039dab526e62e3fd5552c67c53177531ca0f2
output\hurricane_cps\figures\tracks_AL031932__AL051999_alpha1.svg,67be717531f938e1c742f1450d9cf41d97d6037a8ef6fffea6d49fbddf552ac0
output\hurricane_cps\figures\tracks_AL061906__AL021916_alpha1.pdf,bae4ffe37534c793bb0dd3f7eaddbf707913aceca427fe3bd0129ee4190b8ad7
output\hurricane_cps\figures\tracks_AL061906__AL021916_alpha1.png,97383b6908227ee30a9ad35448884446285e6d909352d3b83ec9833f3bea3147
output\hurricane_cps\figures\tracks_AL061906__AL021916_alpha1.svg,ea1cd3f0d72719eb1c2d15992bc4db93f7d928f2e21fbe416d2fed571dab3e32
output\hurricane_cps\figures\tracks_AL061971__AL111972_alpha1.pdf,a00deb762bdda530717637833867497d3d950c1612e61032863fd4e1ea36a35a
output\hurricane_cps\figures\tracks_AL061971__AL111972_alpha1.png,93039b123838a889bf1a44aa4d5348121505c239e4e4311bbb9e248c62daf284
output\hurricane_cps\figures\tracks_AL061971__AL111972_alpha1.svg,9bf388a7c1db7a793403cb4c06fc45c7db97b1b30c82857ef75ba9f2a8e491aa
output\hurricane_cps\figures\tracks_AL091932__AL031864_alpha1.pdf,b20904e4ac9ddb5c1516b79b0a1a73c59400f92e32f45dd846d4aa51e148fa3a
output\hurricane_cps\figures\tracks_AL091932__AL031864_alpha1.png,c98fc62e2f4362c4b23c77f5910e725446f70681a1c2e4d864ecd78886c77eef
output\hurricane_cps\figures\tracks_AL091932__AL031864_alpha1.svg,cc00e86e0144b320bf93413fcf6cdc6f62cf4dee1f8e55087d7cb1909d09d02f
output\hurricane_cps\figures\tracks_EP021969__EP191982_alpha1.pdf,73d978e3f1dd797afe7e6260d888717f2b9c1540335d8842100182af0928e140
output\hurricane_cps\figures\tracks_EP021969__EP191982_alpha1.png,c5992beba5b71c60e29fb1b163765a6e78c951292507a9e68f21661137304a7b
output\hurricane_cps\figures\tracks_EP021969__EP191982_alpha1.svg,31435dcc6dc9609cb8738fedb4a06ffedc26911f0870745e90131f71f06e1c91
output\hurricane_cps\figures\tracks_EP032004__EP091995_alpha1.pdf,5089cab684f519c3ce7c3a8b594125271f508ab372addeb4a6b1aad39bd4e8b1
output\hurricane_cps\figures\tracks_EP032004__EP091995_alpha1.png,ee52caec17820c8fd05e4b9680a76e22fd382e3d1d1abb396465109cbefd0bce
output\hurricane_cps\figures\tracks_EP032004__EP091995_alpha1.svg,a8a2fa2020a84750c1cfce5ccbc5030c7a90bdd91654b974f4062cb3b1fa4ca8
output\hurricane_cps\figures\tracks_EP062003__EP031995_alpha1.pdf,02043900ad213efa1a39c29abde71f3e8af608e76c06cd4e2d027405d76aa900
output\hurricane_cps\figures\tracks_EP062003__EP031995_alpha1.png,1e27847f472b15a4f4ece01386f472f4b220b8db4252cbc770dcab6cbb13dba6
output\hurricane_cps\figures\tracks_EP062003__EP031995_alpha1.svg,bc21f45031d016afc1ff3044b4128178adb36b1433893186dbbde49b3648c7c9
output\hurricane_cps\figures\tracks_EP142005__EP101996_alpha1.pdf,d59b6501773181976850adf099e0d9ee76c456678af954d50fdb2c9cdcbb83f8
output\hurricane_cps\figures\tracks_EP142005__EP101996_alpha1.png,344b523abf35e121dfc7e157f125902df1080eef4970b37c4498707f0eecd57a
output\hurricane_cps\figures\tracks_EP142005__EP101996_alpha1.svg,b920d9591ce55206c0c5157b79a2bd99c1e87748c5d2faf4b9dbccb21b7825bd
output\hurricane_auxiliary_expanded\figures\auxiliary_on_curves_AL011861__AL021943_alpha1.pdf,f2f4328f3c665ed2f26fb818c0ac993d3fd051d0ca7b2fd8329875a2bae77bc3
output\hurricane_auxiliary_expanded\figures\auxiliary_on_curves_AL011861__AL021943_alpha1.png,fa54dac8f1776bad996c5f6fb0a8fac75e1b7fd781b398e620eaa704b90c2ef6
output\hurricane_auxiliary_expanded\figures\auxiliary_on_curves_AL011861__AL021943_alpha1.svg,7cfff4516147b36e37b7f02214ae7ba7078a7577d5a75cae409025adfe327c9b
output\hurricane_auxiliary_expanded\figures\auxiliary_on_curves_AL011920__AL111976_alpha1.pdf,01d1d737442a90ce1b9e37803e78f4c192c5872086b6340c8a04c738a522a922
output\hurricane_auxiliary_expanded\figures\auxiliary_on_curves_AL011920__AL111976_alpha1.png,00ab120a31b7fe8cebac7a8c7d6ef80ebc3df0462d3c307dea5df1b4a5256fd7
output\hurricane_auxiliary_expanded\figures\auxiliary_on_curves_AL011920__AL111976_alpha1.svg,6ce348f7411d926afd7935db59c2ad2a1938bac78d591d0f6762a0377f4ccd73
output\hurricane_auxiliary_expanded\figures\auxiliary_on_curves_AL021890__AL031937_alpha1.pdf,6294b0bbb91b82c38f6ff0863e481daa82d4a1251308c329f59d4cc6ec0ccb37
output\hurricane_auxiliary_expanded\figures\auxiliary_on_curves_AL021890__AL031937_alpha1.png,e5a97d951c68310a4068c8385094314b2387975681151d9a83b98fab726b76b1
output\hurricane_auxiliary_expanded\figures\auxiliary_on_curves_AL021890__AL031937_alpha1.svg,dbc740958f1665ea799e1eeaae4f69b0c8a5e069ed6e233e11a686549f214b16
output\hurricane_auxiliary_expanded\figures\auxiliary_on_curves_AL021972__AL171995_alpha1.pdf,488800e3ae16e96a75b3f5d31104ff984ce171039641373f2a3e76b6e138822e
output\hurricane_auxiliary_expanded\figures\auxiliary_on_curves_AL021972__AL171995_alpha1.png,1bbc5f9cd86b0abb1c48e51d00cca9c3fed5ba46a52aea66a1e1984d6a0df914
output\hurricane_auxiliary_expanded\figures\auxiliary_on_curves_AL021972__AL171995_alpha1.svg,a5f55b05906bcf4d654973f15c9af382927a80649c6302556f4c66386e59635a
output\hurricane_auxiliary_expanded\figures\auxiliary_on_curves_AL022009__AL061989_alpha1.pdf,cedb03cf0713010fcf9d9b9295c1494435519a42966c075430631d4628d8d3bb
output\hurricane_auxiliary_expanded\figures\auxiliary_on_curves_AL022009__AL061989_alpha1.png,7be3d9e0c9a0bae6c23663ba29cd9bd35bc07afc3892bba00bc6a6be9f777a1e
output\hurricane_auxiliary_expanded\figures\auxiliary_on_curves_AL022009__AL061989_alpha1.svg,89673231bcb8d16c2050e89947131eb0bc4c47b307e3a7c6e7c3940000f4356d
output\hurricane_auxiliary_expanded\figures\auxiliary_on_curves_AL031897__AL061899_alpha1.pdf,17d08847308884b8a799dc706cb58712937d85a1a380bae9fb4c358e4c49530d
output\hurricane_auxiliary_expanded\figures\auxiliary_on_curves_AL031897__AL061899_alpha1.png,ab921313a1d65b0b0c26bdeb014b61fc0bce8dce82b349a7c1e8eaf293cda6d8
output\hurricane_auxiliary_expanded\figures\auxiliary_on_curves_AL031897__AL061899_alpha1.svg,114a7090d7f9e0ed523197e63497f7930a99d051f23ee24db64f8e216c6db82c
output\hurricane_auxiliary_expanded\figures\auxiliary_on_curves_AL031910__AL131967_alpha1.pdf,34e8a97bb376efad794587901b8b55af2a67c4fff436e8cd5d052331c09d0c64
output\hurricane_auxiliary_expanded\figures\auxiliary_on_curves_AL031910__AL131967_alpha1.png,05642783011030babb48db66600d0ddbf1b4bb600b43d949dcc36c220e98551b
output\hurricane_auxiliary_expanded\figures\auxiliary_on_curves_AL031910__AL131967_alpha1.svg,301c38c8104fa4c6d745493066db4cf416b8c188befc2aedcd35fb0758b1ff2c
output\hurricane_auxiliary_expanded\figures\auxiliary_on_curves_AL031932__AL051999_alpha1.pdf,9602700362afe3461fa5b6e6e34b272b23d6e224e051bb747e6eef96d740da28
output\hurricane_auxiliary_expanded\figures\auxiliary_on_curves_AL031932__AL051999_alpha1.png,9abe387639bb806f886afd719207beed6a41b100dde233f46454b21e3202f1f7
output\hurricane_auxiliary_expanded\figures\auxiliary_on_curves_AL031932__AL051999_alpha1.svg,54f3649bb31eaa90471b95dc438d92ae78e3edb1aa75b49850c8d902451162f9
output\hurricane_auxiliary_expanded\figures\auxiliary_on_curves_AL051905__AL061885_alpha1.pdf,df038e7c2b71fb9840a89dbe02e8d6f2fd81f211e3bbcb50437ed8c3d787db45
output\hurricane_auxiliary_expanded\figures\auxiliary_on_curves_AL051905__AL061885_alpha1.png,9c02dd3fa0645f27c44c545ae76fbf0fb0b93459ae498db85e075591cf87afac
output\hurricane_auxiliary_expanded\figures\auxiliary_on_curves_AL051905__AL061885_alpha1.svg,c900a3fcdc462799b4093d7f796de34a4e8119233ccff035e5a24ae848ae8a3b
output\hurricane_auxiliary_expanded\figures\auxiliary_on_curves_AL061906__AL021916_alpha1.pdf,1682d5e84a0fac097eb80bc4de39ebd8b7dc29036b49f6264b1c6273336bed60
output\hurricane_auxiliary_expanded\figures\auxiliary_on_curves_AL061906__AL021916_alpha1.png,8a2ee389ec0b01372852beda39d3e9eadc2f6ce72d227208da65578fda882939
output\hurricane_auxiliary_expanded\figures\auxiliary_on_curves_AL061906__AL021916_alpha1.svg,49d508a0042880c5007973020ddaf757c5bc8bb725920cd3f4014c7b8d1d975a
output\hurricane_auxiliary_expanded\figures\auxiliary_on_curves_AL061971__AL111972_alpha1.pdf,c14e0d671fc621eb98d6a1a7ba388efe2efed1d0d4150ffe6cde86dc455e1ee8
output\hurricane_auxiliary_expanded\figures\auxiliary_on_curves_AL061971__AL111972_alpha1.png,607aa74c74a2e17eca270a4e3c8c2262683a8a10407ab9632e4bb93e87db11a5
output\hurricane_auxiliary_expanded\figures\auxiliary_on_curves_AL061971__AL111972_alpha1.svg,b1834bced3816deb865fb28558ad56e3657809b4eb131ae7f574dc9511f5f13e
output\hurricane_auxiliary_expanded\figures\auxiliary_on_curves_AL091932__AL031864_alpha1.pdf,0722450e238e2945d6a04b2b2976b48611055e861af6342bc3f0b6001b96b894
output\hurricane_auxiliary_expanded\figures\auxiliary_on_curves_AL091932__AL031864_alpha1.png,2d44d2bee6eadf7cb0fc354308bafb773b3cd09cbd2f02add6fba2db79248d61
output\hurricane_auxiliary_expanded\figures\auxiliary_on_curves_AL091932__AL031864_alpha1.svg,d0c9d8e9d8c9c7780479bdbfb625db9baee2236f1b040a4df1f31ac542f4345f
output\hurricane_auxiliary_expanded\figures\auxiliary_on_curves_AL101955__AL021960_alpha1.pdf,3f3634f42dfa741010071132367be65c9caf68f717142aa1ea81f0b7936760e3
output\hurricane_auxiliary_expanded\figures\auxiliary_on_curves_AL101955__AL021960_alpha1.png,02c1b22a9eb3e9dc5c6c0f3fb429f2ee1c367117be259bf00f682b729068e896
output\hurricane_auxiliary_expanded\figures\auxiliary_on_curves_AL101955__AL021960_alpha1.svg,9eedcd9b16f6ab3e65877d3e8fb252816ac4178c8ad904d9954993a718baa1c8
output\hurricane_auxiliary_expanded\figures\auxiliary_on_curves_AL111950__AL172008_alpha1.pdf,955c0470d5d4495f6a935947c3253cdb54693d4eadfc0f075c4b5412df4ea8d0
output\hurricane_auxiliary_expanded\figures\auxiliary_on_curves_AL111950__AL172008_alpha1.png,b24523207c4866c40063f66c23d870ef8c95d543d5fbc7a9c5a515c5ecaac301
output\hurricane_auxiliary_expanded\figures\auxiliary_on_curves_AL111950__AL172008_alpha1.svg,bf01ef2f090be7125485aa5cf5832b4ab2a8d3e7534407415f9b40376a372409
output\hurricane_auxiliary_expanded\figures\auxiliary_on_curves_AL111989__AL051960_alpha1.pdf,65270e7b99260a11a999740622a939d3631e163101894bb71391c1751ed351e5
output\hurricane_auxiliary_expanded\figures\auxiliary_on_curves_AL111989__AL051960_alpha1.png,04e517197bc01ea6618ebf02ecc9a4c5385034fc4c25a3fb40a4f6e0482c0476
output\hurricane_auxiliary_expanded\figures\auxiliary_on_curves_AL111989__AL051960_alpha1.svg,95c029281210d1a9e66b5c93af505af1235bb33447d4988616e6b7053221b842
output\hurricane_auxiliary_expanded\figures\auxiliary_on_curves_AL141933__AL021878_alpha1.pdf,97b0519cf499486630419151773834208db538ccd0573a2e9afacde1e79218ae
output\hurricane_auxiliary_expanded\figures\auxiliary_on_curves_AL141933__AL021878_alpha1.png,d3e1294aeac6aebc8f9c48f1f527d037ad724b53dcf2c0006a002f818f740a24
output\hurricane_auxiliary_expanded\figures\auxiliary_on_curves_AL141933__AL021878_alpha1.svg,dea1c38ea7d29f79afd3859d90f0bab86e54f1bf28469bc3def542fb854a6732
output\hurricane_auxiliary_expanded\figures\auxiliary_on_curves_EP011976__EP241990_alpha1.pdf,77f9c639375f734ff538391fb04f2b9bb9742553c012583c40f2d75e9a337722
output\hurricane_auxiliary_expanded\figures\auxiliary_on_curves_EP011976__EP241990_alpha1.png,999c25b685af9b0b2f7cdfbdb0c9ee09a96f9734650c2d9e958a8aa22f392827
output\hurricane_auxiliary_expanded\figures\auxiliary_on_curves_EP011976__EP241990_alpha1.svg,b5de66f17b3a1ec6d98c33afc165be71f45bc68df86913e8333bfc13f1c4d9fb
output\hurricane_auxiliary_expanded\figures\auxiliary_on_curves_EP021969__EP191982_alpha1.pdf,521ce0a802d86da8655367bc79b37d989ac6f1c51c214199b568ed0db24d7239
output\hurricane_auxiliary_expanded\figures\auxiliary_on_curves_EP021969__EP191982_alpha1.png,16ddb8ae220163835604381884689b60982e816de8d7fa80d6780b7dd5b80d9a
output\hurricane_auxiliary_expanded\figures\auxiliary_on_curves_EP021969__EP191982_alpha1.svg,248d56faca7ffdb17b959ea519a9dec184debac01d16ff1bade04e1fcb5a57d5
output\hurricane_auxiliary_expanded\figures\auxiliary_on_curves_EP021981__EP152015_alpha1.pdf,a025bc0a049dca4e46db35c8e7a911aa7da935cd829e3d139e69a2f654e23e18
output\hurricane_auxiliary_expanded\figures\auxiliary_on_curves_EP021981__EP152015_alpha1.png,97dae0086bfcf7daa5b1b90ffb4436b301bffa65c402cd2a74208a999b3ba69c
output\hurricane_auxiliary_expanded\figures\auxiliary_on_curves_EP021981__EP152015_alpha1.svg,805055c935d114f563f326999668637984cd90ac37edff5f6897e0a4549167e1
output\hurricane_auxiliary_expanded\figures\auxiliary_on_curves_EP032004__EP091995_alpha1.pdf,7f9ca315c267ef1cbf582652b233244f1f1aad5c5730594f114afdd49e6e32ea
output\hurricane_auxiliary_expanded\figures\auxiliary_on_curves_EP032004__EP091995_alpha1.png,f6c01f510b30bf30cbe9b4a6ade6f561577daf545955de1aaa4d908af98b0a44
output\hurricane_auxiliary_expanded\figures\auxiliary_on_curves_EP032004__EP091995_alpha1.svg,7796a02df320a685c7581d9bbffa0ce214573a72e82a45e53a2ae9217f199b73
output\hurricane_auxiliary_expanded\figures\auxiliary_on_curves_EP032011__EP172014_alpha1.pdf,3218a65ed3961993f23798acd904dc7ca83270859a610909ef29eb05426cbd5c
output\hurricane_auxiliary_expanded\figures\auxiliary_on_curves_EP032011__EP172014_alpha1.png,676b8a2aadc025e61df260876f7a5761573da14e7f9c24f96d39cb7168d65254
output\hurricane_auxiliary_expanded\figures\auxiliary_on_curves_EP032011__EP172014_alpha1.svg,9c4c11d51f4ba4d03992f8ca35e2bdf047c44c91bc1cd57d6d0be5d42632d527
output\hurricane_auxiliary_expanded\figures\auxiliary_on_curves_EP041965__EP042002_alpha1.pdf,dd9741f2c02272f420c4f45ff9f9cc50c5753dfa21b069b9bb771574f6f8655d
output\hurricane_auxiliary_expanded\figures\auxiliary_on_curves_EP041965__EP042002_alpha1.png,a0e39a6cb63ce27e4ff488dcdfb1e43dc4dc534e7ee951bd134497548bd663ab
output\hurricane_auxiliary_expanded\figures\auxiliary_on_curves_EP041965__EP042002_alpha1.svg,a5ef08ba3f8914fff37ce27bb9fb848ce5d06878edd6ab1073afa24f2b1af840
output\hurricane_auxiliary_expanded\figures\auxiliary_on_curves_EP042006__EP121991_alpha1.pdf,494cfd8519b35f07883bf1dfca0be4f5f832799016fd696543eef3065f51e8d5
output\hurricane_auxiliary_expanded\figures\auxiliary_on_curves_EP042006__EP121991_alpha1.png,0c0fad4e1198730134b6707c0a5cd6fe17f411aebf3c0178b265b8033e58014b
output\hurricane_auxiliary_expanded\figures\auxiliary_on_curves_EP042006__EP121991_alpha1.svg,b39483c84d71ba43a34611ac8ca56dcd2d0528a130b7d89a4831812ab3b94ab0
output\hurricane_auxiliary_expanded\figures\auxiliary_on_curves_EP051990__EP091995_alpha1.pdf,c236c69e947a39d81f09f4613812eb53bc59cdc370dbe840fa5da1589694a1e8
output\hurricane_auxiliary_expanded\figures\auxiliary_on_curves_EP051990__EP091995_alpha1.png,83cd9e784eb349e29353dd61fdfca5ddd0fd0a98c9ec02b43c7c4c9aebd410aa
output\hurricane_auxiliary_expanded\figures\auxiliary_on_curves_EP051990__EP091995_alpha1.svg,0f99a360c41ddc66e5725c59d9442d136232fd43b445af105f1ca0229b0e3bd8
output\hurricane_auxiliary_expanded\figures\auxiliary_on_curves_EP062003__EP031995_alpha1.pdf,69da56538eec7100dbe61671bbfab2f22884a8692d320382e9dc64376e301882
output\hurricane_auxiliary_expanded\figures\auxiliary_on_curves_EP062003__EP031995_alpha1.png,1914344c2b62c511c4b8b5981a8495b75552d5d6c7490af6df1ef304ea8480cc
output\hurricane_auxiliary_expanded\figures\auxiliary_on_curves_EP062003__EP031995_alpha1.svg,bef642a47df9aca0109d959792d7dc760d24cd6d22081418d989e2c3b4427620
output\hurricane_auxiliary_expanded\figures\auxiliary_on_curves_EP081990__EP051973_alpha1.pdf,c223dbfedbd2adf75775cb85ae92d50b0103fd01f5e4b0c0eff83068e8c444c0
output\hurricane_auxiliary_expanded\figures\auxiliary_on_curves_EP081990__EP051973_alpha1.png,1930f5ea19e81d0aa22d86976783907f3b03e3e9fa73a1bc236cba246938251a
output\hurricane_auxiliary_expanded\figures\auxiliary_on_curves_EP081990__EP051973_alpha1.svg,8f98d57114f777a35c4af37f5d66451fb23e100f8d8f299c01f5b6b75db379d6
output\hurricane_auxiliary_expanded\figures\auxiliary_on_curves_EP101980__EP042014_alpha1.pdf,e633b8615ec476452b2da4c30433c704323bc446f082d490a9932c3c2f6a71b5
output\hurricane_auxiliary_expanded\figures\auxiliary_on_curves_EP101980__EP042014_alpha1.png,758579efe743bf4e1acea0260410de1edc7dce4c6083ea38da5004292d89ea83
output\hurricane_auxiliary_expanded\figures\auxiliary_on_curves_EP101980__EP042014_alpha1.svg,7990dc37ee1defe30d960a93a342193711f1ac40dc404b3f7f6d44138f46aab2
output\hurricane_auxiliary_expanded\figures\auxiliary_on_curves_EP141978__EP091991_alpha1.pdf,854c9ff1f2efb0c998ded6c3629f39579efa33cfadf88a51b4ffcfc26ef4e49a
output\hurricane_auxiliary_expanded\figures\auxiliary_on_curves_EP141978__EP091991_alpha1.png,eafe51bf703d63b187cc6ceca3619ac67e708b376e7871c183cb4f035c6323ea
output\hurricane_auxiliary_expanded\figures\auxiliary_on_curves_EP141978__EP091991_alpha1.svg,cf92ff2a03721a940f8349af97051d0fe3690a2faae58b79cc4e8ea7dc23872e
output\hurricane_auxiliary_expanded\figures\auxiliary_on_curves_EP142005__EP101996_alpha1.pdf,d398d638637b1c01f54db0ae164786f2d6b43c872708c2e22e264cc2afa39c5a
output\hurricane_auxiliary_expanded\figures\auxiliary_on_curves_EP142005__EP101996_alpha1.png,2ddae93dd2fa544c091b3e7fb2c46545ccac728b3d44976e93781600b0e3cef6
output\hurricane_auxiliary_expanded\figures\auxiliary_on_curves_EP142005__EP101996_alpha1.svg,35bc5a33798f60ce89b58c4ff6a5eafdeeea349d41d0dfa8bbf4cea6f0f53fe4
output\hurricane_auxiliary_expanded\figures\auxiliary_on_curves_EP191968__EP032013_alpha1.pdf,dd797c1a153289200febd9a49490004fdf50a0b31972ff9a604b899e501db3d0
output\hurricane_auxiliary_expanded\figures\auxiliary_on_curves_EP191968__EP032013_alpha1.png,3604770976304b95722072a4edef7199efe9abc28de924942ee6ecfcde97216c
output\hurricane_auxiliary_expanded\figures\auxiliary_on_curves_EP191968__EP032013_alpha1.svg,fe14da7abc54555e10e583f5623f212f47465de8b2f350b27986ba41ee0ccd95
output\hurricane_auxiliary_expanded\figures\auxiliary_on_curves_EP191983__EP212014_alpha1.pdf,bea4164a865501b3633458aa7797aa7dcfbae63457c4fab2021ef26957e68841
output\hurricane_auxiliary_expanded\figures\auxiliary_on_curves_EP191983__EP212014_alpha1.png,b3046df465e55bbd6b4bebfb307a17037c60919987372cc99883d7ded261aed2
output\hurricane_auxiliary_expanded\figures\auxiliary_on_curves_EP191983__EP212014_alpha1.svg,b205b50e9355c4b7da5aab4a98e4cf454f79b4fe24a1f489292b1235cce5517f
output\hurricane_auxiliary_expanded\figures\auxiliary_on_curves_EP211990__EP202009_alpha1.pdf,8a85994a7dfee970be57ab86398fbac843cc8c26a4905a14fd2bc36205a503a0
output\hurricane_auxiliary_expanded\figures\auxiliary_on_curves_EP211990__EP202009_alpha1.png,4cfe1e6bfbb07be9d547274efa9579fc8263dde3945a7bd9af6a030a3385b949
output\hurricane_auxiliary_expanded\figures\auxiliary_on_curves_EP211990__EP202009_alpha1.svg,4a4dd3a55114f200f32c61dc9493d2b475fa3353ad0a39c2ea555c73e3ab253f
output\hurricane_auxiliary_expanded\figures\auxiliary_utilization_w1_alpha1.pdf,8478de428bbef27bb0c8af02b086feca29e2a083b4438cd6eeb4139012121089
output\hurricane_auxiliary_expanded\figures\auxiliary_utilization_w1_alpha1.png,156874bf30bd65324f15b582e556a99eafc6b233a3610803988b56c0ea17ae26
output\hurricane_auxiliary_expanded\figures\auxiliary_utilization_w1_alpha1.svg,e379aef5351901d8cc23a1eaec76cbf0416e8e6538e35d058cce3ff8f306e4cd
output\hurricane_auxiliary_expanded\figures\auxiliary_utilization_w1_alpha2.pdf,93679a8764c4606443f59279ce1d80566d909f96824db6920c4ed510530649ed
output\hurricane_auxiliary_expanded\figures\auxiliary_utilization_w1_alpha2.png,8a7e093e088725d558ce35ac45274bd8482c9745b53e6f9378d6e0ada6c27508
output\hurricane_auxiliary_expanded\figures\auxiliary_utilization_w1_alpha2.svg,7ca001d9947fc5f69c1b35f68226cd4361fa4ccc4050a6dfde92b661bf86d0a4
output\hurricane_auxiliary_expanded\figures\auxiliary_worked_example.pdf,2c5971e6a5e487e79d3d7351263d8470be4604d82e1b7be86d8dc3092d041a7b
output\hurricane_auxiliary_expanded\figures\auxiliary_worked_example.png,0a6da9693755b857d4602de3453c444690362ccd52b73e316b19e8a064d61354
output\hurricane_auxiliary_expanded\figures\auxiliary_worked_example.svg,2ec7271cd7b7e9d110bc0434a42df828cadd570268b5adf473aa28def5bd525a
output\hurricane_auxiliary_expanded\figures\graph_sizes_w1_alpha1.pdf,5508ea4ba367984511fa30eb55bb7457613e5e2ed26168eed353006094ea787a
output\hurricane_auxiliary_expanded\figures\graph_sizes_w1_alpha1.png,18eba31b27eb8dc01e9d75d3ac8414b91cd80cd7eca9a6822d02bf550070fa01
output\hurricane_auxiliary_expanded\figures\graph_sizes_w1_alpha1.svg,9c36bfb38a9fa1bdf0728ec84d3ab89d3bad214bc82d3cd821e0087c93ab31b7
output\hurricane_auxiliary_expanded\figures\graph_sizes_w1_alpha2.pdf,f0abac848512e8309b1ee3999f8b2c1186eb73e58c24794a66e658e7fd5cd4fa
output\hurricane_auxiliary_expanded\figures\graph_sizes_w1_alpha2.png,037ec6eb4b2a0b032c03d4f286a85bc475390334d45b4e88048ac8ffe88d72c6
output\hurricane_auxiliary_expanded\figures\graph_sizes_w1_alpha2.svg,250a68becfeb2186de93db727328d4c07d2dd4c28c474236d5dfb78132b71a4f
output\hurricane_auxiliary_expanded\figures\matched_boxplots.pdf,19692ed30230d905abf9602a9e1b2b77705c5a3f75ff649b523163324f980628
output\hurricane_auxiliary_expanded\figures\matched_boxplots.png,18e5056ed7e55671f9c13c8059fdf8f620941be01fb14c6183acd8a5c0b5edc6
output\hurricane_auxiliary_expanded\figures\matched_boxplots.svg,a765e48051c006416e90517cd6053f2839752e3d1143fccc0845ab4e16a809ce
output\hurricane_auxiliary_expanded\figures\tracks_AL011861__AL021943_alpha1.pdf,1e6146a10e30fc94db7f8e836e4d451ab79081b62a15a9e0d132259c9454639f
output\hurricane_auxiliary_expanded\figures\tracks_AL011861__AL021943_alpha1.png,25d04efac7558cefba795fb2c0bea9fc52de5d3fe5bf460bb4d9fe9c65aa9ed9
output\hurricane_auxiliary_expanded\figures\tracks_AL011861__AL021943_alpha1.svg,2ec34fc509176a75ccd06859a9a5703960b87437ebffa9a2f12d7f7258c0bec1
output\hurricane_auxiliary_expanded\figures\tracks_AL011920__AL111976_alpha1.pdf,4ed37193ef82014d3d2a31c12ea1457a7b4b11482f1a1282a2af25351f054f52
output\hurricane_auxiliary_expanded\figures\tracks_AL011920__AL111976_alpha1.png,106f34a749ce3643eeb9d6653a2929621fad0f0490081e823ccc82cf67885c00
output\hurricane_auxiliary_expanded\figures\tracks_AL011920__AL111976_alpha1.svg,52e121b84e33aad0b4a6c4640ae51ec38b690d8e841f8e5f2ebcbcf4e9896c22
output\hurricane_auxiliary_expanded\figures\tracks_AL021890__AL031937_alpha1.pdf,bf989b8256adb12e6ba58eaa7841e7270af110dc88fb8c569e87d17167a935df
output\hurricane_auxiliary_expanded\figures\tracks_AL021890__AL031937_alpha1.png,b30c5f0916771311341a91d56a9e5b0e81d0ce9f0fe89053c8ecab2f1c433c22
output\hurricane_auxiliary_expanded\figures\tracks_AL021890__AL031937_alpha1.svg,2a7bd2a9a1775cae0a8e5966c713c5cb4b4f0205b8501d4887e4d072aea7cec8
output\hurricane_auxiliary_expanded\figures\tracks_AL021972__AL171995_alpha1.pdf,9d3ddea72f7dd7af983ea963674ce689a7e4eb9ae317675575eb27cdd1e97afd
output\hurricane_auxiliary_expanded\figures\tracks_AL021972__AL171995_alpha1.png,f80019692583f09e65f5b8afadeb08045e66780208fd987dc935267b33978a6c
output\hurricane_auxiliary_expanded\figures\tracks_AL021972__AL171995_alpha1.svg,f2f44fcfd111b5fb703ba68fd852cb91d13ddba4c1864c1c3f4649781492b779
output\hurricane_auxiliary_expanded\figures\tracks_AL022009__AL061989_alpha1.pdf,969849fcf5309b1c66859a8580b5b333107088d5d9cd6bab96936021fead1053
output\hurricane_auxiliary_expanded\figures\tracks_AL022009__AL061989_alpha1.png,679c4952a15c7eae47c763de1fac0693eda32c83753e31021c47ec11ed5ae3a4
output\hurricane_auxiliary_expanded\figures\tracks_AL022009__AL061989_alpha1.svg,953a2fd7df7d51789900d7e2f3f8abe8fcbfb0d600bf5be8a1aac42c92db1d08
output\hurricane_auxiliary_expanded\figures\tracks_AL031897__AL061899_alpha1.pdf,9edf527d2f25963566b154812114834a66e1199d076af941e9b7c0c87081e012
output\hurricane_auxiliary_expanded\figures\tracks_AL031897__AL061899_alpha1.png,6ce70991a41c37f542f6cbeb474f15efe09b660754e65009e917cf9df96b12f0
output\hurricane_auxiliary_expanded\figures\tracks_AL031897__AL061899_alpha1.svg,d715faaa8527df28e4a7471fff7345d5c0ed3ee7fbf423eba7234383996475d2
output\hurricane_auxiliary_expanded\figures\tracks_AL031910__AL131967_alpha1.pdf,e0f3ebf3d445fc98e2bfc273b7f4bfb24318a31ce51d80fbbc9a04a0d2db4502
output\hurricane_auxiliary_expanded\figures\tracks_AL031910__AL131967_alpha1.png,25eff2abc66943d3905b6f48f462cd795e209bdb6bb31c6e1c649195d8794a62
output\hurricane_auxiliary_expanded\figures\tracks_AL031910__AL131967_alpha1.svg,fc3be76d2f2b7846ed505aa967544783971fa7eca78780255ed1f9713527f782
output\hurricane_auxiliary_expanded\figures\tracks_AL031932__AL051999_alpha1.pdf,d980fdb555ee9d4e3783837717e7bfa2055e64507796eb212f6eead4d3890e10
output\hurricane_auxiliary_expanded\figures\tracks_AL031932__AL051999_alpha1.png,132812f813dbc4875d22678bf61039dab526e62e3fd5552c67c53177531ca0f2
output\hurricane_auxiliary_expanded\figures\tracks_AL031932__AL051999_alpha1.svg,b5277dcc6bfa270a74cb15269c5ecf9eb5e5e06be07ceca85e1b91c950c40d7f
output\hurricane_auxiliary_expanded\figures\tracks_AL051905__AL061885_alpha1.pdf,fb047f8b62833db2d0d98234b5fcd32fc33b769e7fd5065393caa18cec320d3f
output\hurricane_auxiliary_expanded\figures\tracks_AL051905__AL061885_alpha1.png,a6f6b292266241dd9bbd6b9424a6d5fdb1d66fc73efb176964fe2a90aa55e999
output\hurricane_auxiliary_expanded\figures\tracks_AL051905__AL061885_alpha1.svg,4f27e489f17305dcd11253a2d06d8b2aa4c5c9c39e5a1c94d3df464ed925a43f
output\hurricane_auxiliary_expanded\figures\tracks_AL061906__AL021916_alpha1.pdf,e9b6281fa13ec951497dcfd0f93a368144b0f209b88a55c8b70c36114d46f5e6
output\hurricane_auxiliary_expanded\figures\tracks_AL061906__AL021916_alpha1.png,97383b6908227ee30a9ad35448884446285e6d909352d3b83ec9833f3bea3147
output\hurricane_auxiliary_expanded\figures\tracks_AL061906__AL021916_alpha1.svg,958ccf1ecfd702a13fa4bcbf02e857e812f084021daf3cdf9451843bb64c12d6
output\hurricane_auxiliary_expanded\figures\tracks_AL061971__AL111972_alpha1.pdf,0e1a00caab7fa7193c29a9a9a013aee83d31e593de9f14b9ef00c278c3e6eeaf
output\hurricane_auxiliary_expanded\figures\tracks_AL061971__AL111972_alpha1.png,93039b123838a889bf1a44aa4d5348121505c239e4e4311bbb9e248c62daf284
output\hurricane_auxiliary_expanded\figures\tracks_AL061971__AL111972_alpha1.svg,f5719ab1094893b297e01d2691dba7a9c5b111cb2b73beae72ea519ae078bcba
output\hurricane_auxiliary_expanded\figures\tracks_AL091932__AL031864_alpha1.pdf,fb0996238a295e857045f7e784b928fb41800da5f4f317235012473cd750d3c3
output\hurricane_auxiliary_expanded\figures\tracks_AL091932__AL031864_alpha1.png,c98fc62e2f4362c4b23c77f5910e725446f70681a1c2e4d864ecd78886c77eef
output\hurricane_auxiliary_expanded\figures\tracks_AL091932__AL031864_alpha1.svg,b5c20e7a674e7ffaa6921b44df80c4300e377130eec77c99a8af2d5cc83b30fe
output\hurricane_auxiliary_expanded\figures\tracks_AL101955__AL021960_alpha1.pdf,22ec8fc5e1817cee5b6bebee4d3f63939b07ad876317b3c5dbc084413ae14003
output\hurricane_auxiliary_expanded\figures\tracks_AL101955__AL021960_alpha1.png,3dfeb55aabcec27f41dd2e3c0269146879b8fa94231f2c9be69350cfb7f64605
output\hurricane_auxiliary_expanded\figures\tracks_AL101955__AL021960_alpha1.svg,a1ddbe263a3f7e86036ff8dbfbe9e8b557900c0cd17053786e349ec95b8d7def
output\hurricane_auxiliary_expanded\figures\tracks_AL111950__AL172008_alpha1.pdf,ae89d93606c3ee9b821f61c62ea22805bc2f0eb77cc8599bd51cb91b1c4ab3cd
output\hurricane_auxiliary_expanded\figures\tracks_AL111950__AL172008_alpha1.png,774b19c197874f9269b85c74adc1988d9393a201cc95f0114a4e6f01c3260742
output\hurricane_auxiliary_expanded\figures\tracks_AL111950__AL172008_alpha1.svg,1bd16847f107ac81c0693dadbaade5815d2f9c636bc3e3c382b2cd6e7541a778
output\hurricane_auxiliary_expanded\figures\tracks_AL111989__AL051960_alpha1.pdf,3d2182a24412445e937ba65536820990ef8d393b6d1481a236fd0a27c19f8eca
output\hurricane_auxiliary_expanded\figures\tracks_AL111989__AL051960_alpha1.png,73d4efe84839fa345367ceb0ebbda72ac2a6d5709ec59d4ca2f0dbc35d87cb1e
output\hurricane_auxiliary_expanded\figures\tracks_AL111989__AL051960_alpha1.svg,cec9ae0d147111c136b23dd81703a747f04201fdc8952bcbbce76d993b1dbccd
output\hurricane_auxiliary_expanded\figures\tracks_AL141933__AL021878_alpha1.pdf,ee88f9e6101f42bbdde9f18fe6f58857ecda8a184e12b0f1f28bcb7ed2a9ed06
output\hurricane_auxiliary_expanded\figures\tracks_AL141933__AL021878_alpha1.png,8fef4a7433cc36de53001e9deb6569ec6ea8ea89e33d8a2895877466c0688202
output\hurricane_auxiliary_expanded\figures\tracks_AL141933__AL021878_alpha1.svg,0a1e7a7674b50ba3ebd7bef6d61e6744be57d491d9c535b312dc22fd47e9cadd
output\hurricane_auxiliary_expanded\figures\tracks_EP011976__EP241990_alpha1.pdf,5fca982b40f207f5f0f1d62633955238df409d8c11996166ac1f15e96dfdc935
output\hurricane_auxiliary_expanded\figures\tracks_EP011976__EP241990_alpha1.png,041380de29c9d816382bf8cdbd80162b30cd1bddd1a8157fbd9ed39765cb6334
output\hurricane_auxiliary_expanded\figures\tracks_EP011976__EP241990_alpha1.svg,0362702e4f9f3728a2305800472f1db94e6e376ebcc5ff9f8d98c217adb7b63d
output\hurricane_auxiliary_expanded\figures\tracks_EP021969__EP191982_alpha1.pdf,557d75927eb7a087646f152d004f40fd85f5dffb9f7f603828c9ad23a193ca5c
output\hurricane_auxiliary_expanded\figures\tracks_EP021969__EP191982_alpha1.png,c5992beba5b71c60e29fb1b163765a6e78c951292507a9e68f21661137304a7b
output\hurricane_auxiliary_expanded\figures\tracks_EP021969__EP191982_alpha1.svg,60b4dcb50dc9c239e8185276df56c3b6536181b284570b2f54dd5731470d6263
output\hurricane_auxiliary_expanded\figures\tracks_EP021981__EP152015_alpha1.pdf,44b4d97e34c799c926255cb95b750d73e03901b8f2020f899102b7f1fe64988b
output\hurricane_auxiliary_expanded\figures\tracks_EP021981__EP152015_alpha1.png,594ce501bcb808514fd9d870b26de12ce63ced2b4320f4aead72e0ec6f37f1a2
output\hurricane_auxiliary_expanded\figures\tracks_EP021981__EP152015_alpha1.svg,4b92718018d21fef7bac57dab7b6eefd0b60e7ccaed42680b2e612622c542f24
output\hurricane_auxiliary_expanded\figures\tracks_EP032004__EP091995_alpha1.pdf,8349e7766111c2e916f7e08ce969a05173605923ca693ce8312c000cddebf48f
output\hurricane_auxiliary_expanded\figures\tracks_EP032004__EP091995_alpha1.png,ee52caec17820c8fd05e4b9680a76e22fd382e3d1d1abb396465109cbefd0bce
output\hurricane_auxiliary_expanded\figures\tracks_EP032004__EP091995_alpha1.svg,411e84b708bd57b1e1cf695e2d39a4519ae8f7b87dd93eff2472d9cff5093833
output\hurricane_auxiliary_expanded\figures\tracks_EP032011__EP172014_alpha1.pdf,7937895506b23098a38ff15efc8ab08b0d56cc1dc3927935d55f6d3cc7cad3eb
output\hurricane_auxiliary_expanded\figures\tracks_EP032011__EP172014_alpha1.png,c74d9c6d32d058a6e44022dc0f353ffc4fe0b8eb564092b69286ff87a1d48233
output\hurricane_auxiliary_expanded\figures\tracks_EP032011__EP172014_alpha1.svg,20c49027a169820040f1a4318e2d105b02c9523b49a8ba1d776dd77f4f3dddd8
output\hurricane_auxiliary_expanded\figures\tracks_EP041965__EP042002_alpha1.pdf,6128f38b8ebc97df4e00affc7db9b0e86256a5a5115cfd0913d82d4e92432892
output\hurricane_auxiliary_expanded\figures\tracks_EP041965__EP042002_alpha1.png,ab66a5c9eaf16363734d9b7653fc0b883948e3e9f6b819a34aa1d0a4c6254827
output\hurricane_auxiliary_expanded\figures\tracks_EP041965__EP042002_alpha1.svg,a7cda50d5ba2b16c41bf83d55556dfb6333818f0bf8c753ca5789aff148c2941
output\hurricane_auxiliary_expanded\figures\tracks_EP042006__EP121991_alpha1.pdf,5950f24360bdfa65e25670728753e4174c73d9845ae1e1b3fff725ceed443107
output\hurricane_auxiliary_expanded\figures\tracks_EP042006__EP121991_alpha1.png,a0ad3724204c35fed6139bedc4cfa4c9e54765f4d4417db07feb20ba3165f93a
output\hurricane_auxiliary_expanded\figures\tracks_EP042006__EP121991_alpha1.svg,c40c5e9d7b1014201a5db257fa0ec70f58634936d14e8d9e046702959b85dab7
output\hurricane_auxiliary_expanded\figures\tracks_EP051990__EP091995_alpha1.pdf,a299f5f9ec44e06f02dcae7819bf4e9451ef4eec9270fbbb0359aeeb63494618
output\hurricane_auxiliary_expanded\figures\tracks_EP051990__EP091995_alpha1.png,78e463e7f3bd1cefcd26f8211336445012ca883f4b1dd9cd8bbdcae130639f52
output\hurricane_auxiliary_expanded\figures\tracks_EP051990__EP091995_alpha1.svg,042e9f0d05db6018960aa5f296ba5afb6af38113d3d599a2e93333263e377719
output\hurricane_auxiliary_expanded\figures\tracks_EP062003__EP031995_alpha1.pdf,fc076c4274d9112e849646122af1662821b66eebf54d58c7e3ec663ad98624d1
output\hurricane_auxiliary_expanded\figures\tracks_EP062003__EP031995_alpha1.png,1e27847f472b15a4f4ece01386f472f4b220b8db4252cbc770dcab6cbb13dba6
output\hurricane_auxiliary_expanded\figures\tracks_EP062003__EP031995_alpha1.svg,08b53be2c56295fb71a9c0a7625b525a49c6de8b2c7c5f81b3562ea265841109
output\hurricane_auxiliary_expanded\figures\tracks_EP081990__EP051973_alpha1.pdf,6d539613a90d7c82c8a5fde766771319f7a4e48e35d990e9398fc199c4dbaf1f
output\hurricane_auxiliary_expanded\figures\tracks_EP081990__EP051973_alpha1.png,cf927b532856eb476e189d63d00b7d8f446226c62454ef8ad3a080ac9db9bdc6
output\hurricane_auxiliary_expanded\figures\tracks_EP081990__EP051973_alpha1.svg,b6263f2d98da56bf273d36e29752e3e51300e155f0f113584273987268180270
output\hurricane_auxiliary_expanded\figures\tracks_EP101980__EP042014_alpha1.pdf,3f1e5f2b7710d23258e1c3e28c8a2081623cd6403eb881e26e3ffab9102b8ab5
output\hurricane_auxiliary_expanded\figures\tracks_EP101980__EP042014_alpha1.png,6a0e5fc25eff4bb9dac837d99653ab9ec2c7e1b068795855ba43723660c9bae8
output\hurricane_auxiliary_expanded\figures\tracks_EP101980__EP042014_alpha1.svg,d1da6746e6ac8b98999794906f25d4141ceefdd41765b4203a063e15881930a7
output\hurricane_auxiliary_expanded\figures\tracks_EP141978__EP091991_alpha1.pdf,c975adc3f960c14414749961b323ebcbfb1566d1216753a3fc391b844b96f87a
output\hurricane_auxiliary_expanded\figures\tracks_EP141978__EP091991_alpha1.png,3af78c8796135bd0f084ecae0413dd45338e54f59c4c142a7b89acb313de6a9a
output\hurricane_auxiliary_expanded\figures\tracks_EP141978__EP091991_alpha1.svg,53580d9f286503669798fd2dd0f9d5c6d55892b6ef0641656014c157936bc0af
output\hurricane_auxiliary_expanded\figures\tracks_EP142005__EP101996_alpha1.pdf,aaa9f5dc58c0fa5d97c409767a4c4c11c3e6a3c81001b5e50d08772222485a27
output\hurricane_auxiliary_expanded\figures\tracks_EP142005__EP101996_alpha1.png,344b523abf35e121dfc7e157f125902df1080eef4970b37c4498707f0eecd57a
output\hurricane_auxiliary_expanded\figures\tracks_EP142005__EP101996_alpha1.svg,4d3c3b847fb35485296b3dd586eb80c45685b59f0340bdaf0e6537716a2a3cbe
output\hurricane_auxiliary_expanded\figures\tracks_EP191968__EP032013_alpha1.pdf,1449ed2f3400ff972a9e6e4b10c88256dd2de2b1ffaa7daa4d24a9e76458eff0
output\hurricane_auxiliary_expanded\figures\tracks_EP191968__EP032013_alpha1.png,9e0908f4ad09ec77b5a09afaf20f239e69a516e56afffb6aa568c6b3cac97de9
output\hurricane_auxiliary_expanded\figures\tracks_EP191968__EP032013_alpha1.svg,95e473674f2967d7e845c806ea1b3dff85ef1e61662af88dfbe995b43ccc6842
output\hurricane_auxiliary_expanded\figures\tracks_EP191983__EP212014_alpha1.pdf,7d4f4d6f2e975112ecbb86c43e49af27212221e6a797020bf22e4ac95ddf635d
output\hurricane_auxiliary_expanded\figures\tracks_EP191983__EP212014_alpha1.png,74b0cfe98510f6c13bcf40211682e862b0b04500e8fe1299ee25f8c4521c1a25
output\hurricane_auxiliary_expanded\figures\tracks_EP191983__EP212014_alpha1.svg,66c52dd428472a446e8787e451ec4b1a43c22dfb0f354c7d32a40812baf7f359
output\hurricane_auxiliary_expanded\figures\tracks_EP211990__EP202009_alpha1.pdf,8ed3d2530ef7553615d6efa0632d7dd3d948a80af7fe627e362d83692df6807c
output\hurricane_auxiliary_expanded\figures\tracks_EP211990__EP202009_alpha1.png,2fed36c8a444cdafc537123acd1c1e99579182a430f521045b8af51147497b0d
output\hurricane_auxiliary_expanded\figures\tracks_EP211990__EP202009_alpha1.svg,314afdf421c7d60d47d77769169caeea863a2c80fa50d075c8488e6b23e1b148
output\hurricane_auxiliary_expanded\figures\page_01\dual_bars_alpha1.pdf,2ca0434cdb39b24895716fc8f950149be70af46297df4d5aa2930c330f5bdb9e
output\hurricane_auxiliary_expanded\figures\page_01\dual_bars_alpha1.png,55ffcf85d6b47fb11050bfdb7a9482cab7642de124c484379b67d9a5ef3ebd74
output\hurricane_auxiliary_expanded\figures\page_01\dual_bars_alpha1.svg,51d71cfea70f55e68af703867ba90a8dd79378144cecc773fc3b380a87336c01
output\hurricane_auxiliary_expanded\figures\page_01\dual_bars_alpha2.pdf,5d610bf7c89cf8e1889f4c0678d1189c4842b3ab78656847b2a8d75c27045078
output\hurricane_auxiliary_expanded\figures\page_01\dual_bars_alpha2.png,bf7805368f668f02872a34bb25422334bb4e2958d4ef94883e71579d0d6d9165
output\hurricane_auxiliary_expanded\figures\page_01\dual_bars_alpha2.svg,e718de63cd6dc4349cd3accc3bd8e37a90d101d0d665c7952f51be74b609244c
output\hurricane_auxiliary_expanded\figures\page_02\dual_bars_alpha1.pdf,5e8ea3f982e735a095efce6cb4687b8f1621291c914233c59447f6af4ceb2c4d
output\hurricane_auxiliary_expanded\figures\page_02\dual_bars_alpha1.png,c2724d2ea2da7b3edf690c5ab465301e44d6c5955db0f3f088db36a4c024e9b9
output\hurricane_auxiliary_expanded\figures\page_02\dual_bars_alpha1.svg,6279863010a9816a28990bce35d8079eb3591249abe46e93f703eb25b85f1706
output\hurricane_auxiliary_expanded\figures\page_02\dual_bars_alpha2.pdf,ba7173d2b932aa9982d8b360de5c4bb8cd13091b5135150c0dbe77851ba1f00d
output\hurricane_auxiliary_expanded\figures\page_02\dual_bars_alpha2.png,4c776b3ee9c4114cbfb80555c602718fd4d4d84ae355b57186c6ae40a152720f
output\hurricane_auxiliary_expanded\figures\page_02\dual_bars_alpha2.svg,0f9d7b13644c39b3e792a6571f25c338985e516499bf74c822be0316f766dc3d
output\hurricane_auxiliary_expanded\figures\page_03\dual_bars_alpha1.pdf,71569a4d87616fd1f2d882956dacc865384d37a003dfdf6a5bd5c321a56a51de
output\hurricane_auxiliary_expanded\figures\page_03\dual_bars_alpha1.png,19fb09fbc8e1fb8b12f6ec561108451173cf15c34d410b744c8c4c410db49a52
output\hurricane_auxiliary_expanded\figures\page_03\dual_bars_alpha1.svg,a3900724ae12edbd82700a1219cbbee1e3461a0a7195f46c866730189502ab8f
output\hurricane_auxiliary_expanded\figures\page_03\dual_bars_alpha2.pdf,ba2847c9e100af4c04ef1637410f8bb4ab7559c6c83519e56717740a49281070
output\hurricane_auxiliary_expanded\figures\page_03\dual_bars_alpha2.png,bd3d240510eca4400d61a5d9d959f1519aadabbde8c26ba2126a4deb4d5f60d2
output\hurricane_auxiliary_expanded\figures\page_03\dual_bars_alpha2.svg,48886e843ca1aa37ccff0120812ebcb8c8f87c1ea972018b493bb1903b549d6d
output\hurricane_auxiliary_expanded\figures\page_04\dual_bars_alpha1.pdf,42ab6be7fbaf534230e47a60492081194fcca2ecf2b9b44ba37b6b9d815c65fd
output\hurricane_auxiliary_expanded\figures\page_04\dual_bars_alpha1.png,1bb15d7c3ba278954b8bb9c16fb31bd8d91f28ac41560ff2da5dc3abf36c0fe9
output\hurricane_auxiliary_expanded\figures\page_04\dual_bars_alpha1.svg,2956ae6583710825af8eafe7870fe6e1eea1f79204fa31d8b807f558fba680a8
output\hurricane_auxiliary_expanded\figures\page_04\dual_bars_alpha2.pdf,4bc973eeb46005d90ed0d547960860f890ec20347636a229b76a44ecd64ab8d7
output\hurricane_auxiliary_expanded\figures\page_04\dual_bars_alpha2.png,cd72cac9cc24acbe77cfbdcf0f23e121fc60a9b5c4ff804053a446d1cbbb0560
output\hurricane_auxiliary_expanded\figures\page_04\dual_bars_alpha2.svg,cb1ce18c920386e64304e1797bf5b2beaded251ca470ffd1b539a21900d1eaf0
output\hurricane_auxiliary\figures\auxiliary_on_curves_AL031932__AL051999_alpha1.pdf,d23e1fe03caa4a5f67bef52634e8ce743446b7e253e32104f558084c51c29b55
output\hurricane_auxiliary\figures\auxiliary_on_curves_AL031932__AL051999_alpha1.png,9abe387639bb806f886afd719207beed6a41b100dde233f46454b21e3202f1f7
output\hurricane_auxiliary\figures\auxiliary_on_curves_AL031932__AL051999_alpha1.svg,5075517a2855318a6365760e100d6a99710d9dc5ab356e6b05009ba92981e583
output\hurricane_auxiliary\figures\auxiliary_on_curves_AL061906__AL021916_alpha1.pdf,fc9b504305181adcb3c86a06face2b69890e954351cde01181d9d12f8a08c93f
output\hurricane_auxiliary\figures\auxiliary_on_curves_AL061906__AL021916_alpha1.png,8a2ee389ec0b01372852beda39d3e9eadc2f6ce72d227208da65578fda882939
output\hurricane_auxiliary\figures\auxiliary_on_curves_AL061906__AL021916_alpha1.svg,b0e651f5c6a8cbdeda68722daf5dc9b6812a19dbad050296031f80b0f76dc8f3
output\hurricane_auxiliary\figures\auxiliary_on_curves_AL061971__AL111972_alpha1.pdf,a90b707cd94c9ed1bc6ab9087feb9d9a03e9c684a4147fe9e58e8f9547b134ef
output\hurricane_auxiliary\figures\auxiliary_on_curves_AL061971__AL111972_alpha1.png,607aa74c74a2e17eca270a4e3c8c2262683a8a10407ab9632e4bb93e87db11a5
output\hurricane_auxiliary\figures\auxiliary_on_curves_AL061971__AL111972_alpha1.svg,13c62830b45418f88b9efa46a8e6e5b18fa0b6557ae887ad1a57b9eb3d0957d7
output\hurricane_auxiliary\figures\auxiliary_on_curves_AL091932__AL031864_alpha1.pdf,bdb9c121cf63d12e6980e4d9641cda5d95707fb73d347b2bd000efe9a193e5a3
output\hurricane_auxiliary\figures\auxiliary_on_curves_AL091932__AL031864_alpha1.png,2d44d2bee6eadf7cb0fc354308bafb773b3cd09cbd2f02add6fba2db79248d61
output\hurricane_auxiliary\figures\auxiliary_on_curves_AL091932__AL031864_alpha1.svg,cea2feb29a0e72484a0f5170b71fc654e6fc1e1f391794ec2dce8bb326a5b651
output\hurricane_auxiliary\figures\auxiliary_on_curves_EP021969__EP191982_alpha1.pdf,0187b0b1cb7277c33b0fb8bdf69d86cf2ecde98a58287878034661b343dfa490
output\hurricane_auxiliary\figures\auxiliary_on_curves_EP021969__EP191982_alpha1.png,16ddb8ae220163835604381884689b60982e816de8d7fa80d6780b7dd5b80d9a
output\hurricane_auxiliary\figures\auxiliary_on_curves_EP021969__EP191982_alpha1.svg,e9ea8fcc117990e37a8992fc770f84bd2a32b9d33a8d22a530a903df0996559e
output\hurricane_auxiliary\figures\auxiliary_on_curves_EP032004__EP091995_alpha1.pdf,5cab31c0f9f70822c8aeee9bc4262d09367ae7693fbdf407232caaca74f40acc
output\hurricane_auxiliary\figures\auxiliary_on_curves_EP032004__EP091995_alpha1.png,f6c01f510b30bf30cbe9b4a6ade6f561577daf545955de1aaa4d908af98b0a44
output\hurricane_auxiliary\figures\auxiliary_on_curves_EP032004__EP091995_alpha1.svg,5c2b97e6080a5a7f596c4f4dade6713d35f53ad5f8a9ba079c3b7008492735b8
output\hurricane_auxiliary\figures\auxiliary_on_curves_EP062003__EP031995_alpha1.pdf,32ed0a2e7db1d9550f8534a7a67c3e8421ff877a6ca82df0565bafdd40409e6a
output\hurricane_auxiliary\figures\auxiliary_on_curves_EP062003__EP031995_alpha1.png,1914344c2b62c511c4b8b5981a8495b75552d5d6c7490af6df1ef304ea8480cc
output\hurricane_auxiliary\figures\auxiliary_on_curves_EP062003__EP031995_alpha1.svg,115cfbc067f83d1889d2fa8a020e294fbb6f11cf35bb7b94d1c5fc45eaa02100
output\hurricane_auxiliary\figures\auxiliary_on_curves_EP142005__EP101996_alpha1.pdf,406ae2e79f37c8b690d010c7ad03591f4c4c46e74858c9b0f3f7a80ed833f234
output\hurricane_auxiliary\figures\auxiliary_on_curves_EP142005__EP101996_alpha1.png,2ddae93dd2fa544c091b3e7fb2c46545ccac728b3d44976e93781600b0e3cef6
output\hurricane_auxiliary\figures\auxiliary_on_curves_EP142005__EP101996_alpha1.svg,6bcc6ca20e7973694aec0274fa7de0a0e89e9a55d8a3b3a948d59938dfdb6f0d
output\hurricane_auxiliary\figures\auxiliary_utilization_w1_alpha1.pdf,ce30b29deb2469c7901ee2c7bf90f4455be7355fb1267f86b4124f41e6a36b3b
output\hurricane_auxiliary\figures\auxiliary_utilization_w1_alpha1.png,3c8cf69f523ad2910350ea672e6482dbb4fe34b135b649a4a9965f33aa2b9f50
output\hurricane_auxiliary\figures\auxiliary_utilization_w1_alpha1.svg,7458e350263110152f6745ab0d7aec90f1e1abbc31974405390ecda67cb1634b
output\hurricane_auxiliary\figures\auxiliary_utilization_w1_alpha2.pdf,fdd8f63a001d61725e4e9b9c10c82b4b297fa7c259f632fd69ccf6528a38b3ed
output\hurricane_auxiliary\figures\auxiliary_utilization_w1_alpha2.png,1c61648e1bf154722788edfb3286c364e2c97ac316309f69c97549cc738ff4af
output\hurricane_auxiliary\figures\auxiliary_utilization_w1_alpha2.svg,1eb1d434148ef0d8c38e310bf1768434ac5c277780579dd7c75b5972a9086388
output\hurricane_auxiliary\figures\auxiliary_worked_example.pdf,07392e716a815cea8685361cf24fe4afd4e3ce12748c2cdfdbc8f7b885337f48
output\hurricane_auxiliary\figures\auxiliary_worked_example.png,0a6da9693755b857d4602de3453c444690362ccd52b73e316b19e8a064d61354
output\hurricane_auxiliary\figures\auxiliary_worked_example.svg,0de77319817d4ccaecc8e92fab4d02045059dea6e0462e2aa4893d56fdafdaf0
output\hurricane_auxiliary\figures\dual_bars_alpha1.pdf,6d2d58e1caf39a191b0e1a1bc5b7fe94525dbdfc5ad2047ed70c91d65cb9d0f5
output\hurricane_auxiliary\figures\dual_bars_alpha1.png,2ddae8530cbf3ecc0db1b20a3133d8b382e2ea6b23f9f0ee61f383341269027d
output\hurricane_auxiliary\figures\dual_bars_alpha1.svg,0933d714d2f61663560982dffec99a7daa8e0942a7e48390e86e7a0e7a6bf7dd
output\hurricane_auxiliary\figures\dual_bars_alpha2.pdf,f6215f5bca69c9ddc4063d6da5db72c9362d83cb1caaa039f4c819af58d4f33b
output\hurricane_auxiliary\figures\dual_bars_alpha2.png,bed4387aa6dbcfb1c54845804dca4c2b4c43198f5d724528eddc97da549e39d2
output\hurricane_auxiliary\figures\dual_bars_alpha2.svg,5a6ebd319f65a7194099bd295c4b40b54b12b5584dfdc7435c63a315e194049c
output\hurricane_auxiliary\figures\graph_sizes_w1_alpha1.pdf,4a0f4b290d391a679530ddc7f89b4ea1884142a77e5793c43b3076141c485006
output\hurricane_auxiliary\figures\graph_sizes_w1_alpha1.png,d09ef5d11d908b13deeaf42a58013938a4c9daa00d51e7ba270a8d8f409c39ad
output\hurricane_auxiliary\figures\graph_sizes_w1_alpha1.svg,a1c51a8583b5a69af1c4f5e9ac7705d08097947aa8473c30fd5a453bfed2aa85
output\hurricane_auxiliary\figures\graph_sizes_w1_alpha2.pdf,9153cad2d178e39e95553e32f8d9a438a02244f771712c4f8a8241a3b8476ec4
output\hurricane_auxiliary\figures\graph_sizes_w1_alpha2.png,dbb2ca480e819fb79c376d7fbdd3e92106a17842c36c75edb5ba4c263f95638b
output\hurricane_auxiliary\figures\graph_sizes_w1_alpha2.svg,8af39872a90d7eff1cb03ff555d472cb427a318d348172dbe899b9ffd7c49f98
output\hurricane_auxiliary\figures\matched_boxplots.pdf,4dfe837dd549ffd3d5cb0479e2141d0d12ad271c130afe02991752b6509e475c
output\hurricane_auxiliary\figures\matched_boxplots.png,4ca694bfe5bab54d4e80872901ef67a306e9b84de621fb0aec9ea943162dbc81
output\hurricane_auxiliary\figures\matched_boxplots.svg,19ac574de874d6d6c5b20428fd6d2e75b4484da09d3a4ed862a139164caa1a1f
output\hurricane_auxiliary\figures\tracks_AL031932__AL051999_alpha1.pdf,478c6c260b854b039e8182a747b7c346bd15a1a01b599d48924e96e743c0646d
output\hurricane_auxiliary\figures\tracks_AL031932__AL051999_alpha1.png,132812f813dbc4875d22678bf61039dab526e62e3fd5552c67c53177531ca0f2
output\hurricane_auxiliary\figures\tracks_AL031932__AL051999_alpha1.svg,67be717531f938e1c742f1450d9cf41d97d6037a8ef6fffea6d49fbddf552ac0
output\hurricane_auxiliary\figures\tracks_AL061906__AL021916_alpha1.pdf,bae4ffe37534c793bb0dd3f7eaddbf707913aceca427fe3bd0129ee4190b8ad7
output\hurricane_auxiliary\figures\tracks_AL061906__AL021916_alpha1.png,97383b6908227ee30a9ad35448884446285e6d909352d3b83ec9833f3bea3147
output\hurricane_auxiliary\figures\tracks_AL061906__AL021916_alpha1.svg,ea1cd3f0d72719eb1c2d15992bc4db93f7d928f2e21fbe416d2fed571dab3e32
output\hurricane_auxiliary\figures\tracks_AL061971__AL111972_alpha1.pdf,a00deb762bdda530717637833867497d3d950c1612e61032863fd4e1ea36a35a
output\hurricane_auxiliary\figures\tracks_AL061971__AL111972_alpha1.png,93039b123838a889bf1a44aa4d5348121505c239e4e4311bbb9e248c62daf284
output\hurricane_auxiliary\figures\tracks_AL061971__AL111972_alpha1.svg,9bf388a7c1db7a793403cb4c06fc45c7db97b1b30c82857ef75ba9f2a8e491aa
output\hurricane_auxiliary\figures\tracks_AL091932__AL031864_alpha1.pdf,b20904e4ac9ddb5c1516b79b0a1a73c59400f92e32f45dd846d4aa51e148fa3a
output\hurricane_auxiliary\figures\tracks_AL091932__AL031864_alpha1.png,c98fc62e2f4362c4b23c77f5910e725446f70681a1c2e4d864ecd78886c77eef
output\hurricane_auxiliary\figures\tracks_AL091932__AL031864_alpha1.svg,cc00e86e0144b320bf93413fcf6cdc6f62cf4dee1f8e55087d7cb1909d09d02f
output\hurricane_auxiliary\figures\tracks_EP021969__EP191982_alpha1.pdf,73d978e3f1dd797afe7e6260d888717f2b9c1540335d8842100182af0928e140
output\hurricane_auxiliary\figures\tracks_EP021969__EP191982_alpha1.png,c5992beba5b71c60e29fb1b163765a6e78c951292507a9e68f21661137304a7b
output\hurricane_auxiliary\figures\tracks_EP021969__EP191982_alpha1.svg,31435dcc6dc9609cb8738fedb4a06ffedc26911f0870745e90131f71f06e1c91
output\hurricane_auxiliary\figures\tracks_EP032004__EP091995_alpha1.pdf,5089cab684f519c3ce7c3a8b594125271f508ab372addeb4a6b1aad39bd4e8b1
output\hurricane_auxiliary\figures\tracks_EP032004__EP091995_alpha1.png,ee52caec17820c8fd05e4b9680a76e22fd382e3d1d1abb396465109cbefd0bce
output\hurricane_auxiliary\figures\tracks_EP032004__EP091995_alpha1.svg,a8a2fa2020a84750c1cfce5ccbc5030c7a90bdd91654b974f4062cb3b1fa4ca8
output\hurricane_auxiliary\figures\tracks_EP062003__EP031995_alpha1.pdf,02043900ad213efa1a39c29abde71f3e8af608e76c06cd4e2d027405d76aa900
output\hurricane_auxiliary\figures\tracks_EP062003__EP031995_alpha1.png,1e27847f472b15a4f4ece01386f472f4b220b8db4252cbc770dcab6cbb13dba6
output\hurricane_auxiliary\figures\tracks_EP062003__EP031995_alpha1.svg,bc21f45031d016afc1ff3044b4128178adb36b1433893186dbbde49b3648c7c9
output\hurricane_auxiliary\figures\tracks_EP142005__EP101996_alpha1.pdf,d59b6501773181976850adf099e0d9ee76c456678af954d50fdb2c9cdcbb83f8
output\hurricane_auxiliary\figures\tracks_EP142005__EP101996_alpha1.png,344b523abf35e121dfc7e157f125902df1080eef4970b37c4498707f0eecd57a
output\hurricane_auxiliary\figures\tracks_EP142005__EP101996_alpha1.svg,b920d9591ce55206c0c5157b79a2bd99c1e87748c5d2faf4b9dbccb21b7825bd
output\decimation\figures\F1_vertices_alpha1.png,d5ab6a56e1e61c9d054d77a2e4a10376951ac1d3b641dee22bd5aa1eee3cf97d
output\decimation\figures\F1_vertices_alpha2.png,824c9222d18be3faec5143e17df9d3e404a56f907c81da8f87ab37c136ae111f
output\decimation\figures\F1_vertices_alpha4.png,998e05965503e711ceaf60f6e84c8b163e81e3ca507367ae8dc102f1a8986003
output\decimation\figures\F2_distance_vs_stride.png,dff99cb9c590b6efb21e6ded132ac6618fd760afc47bfac37f8763dbd995611b
output\decimation\figures\F3_separate_coupling.png,971ba9d667155b50e7ed9c32f36ef1971662dc8ca8720195131af816613b6234
output\decimation\figures\F4_display_window.png,bb5b58bb04260e38aeccc39cbd1140ccb4435c356b09296bae6187061988f0ca
output\decimation\figures\headline_max_links.png,c4574ace06b6f75dda5994946499624287868488cf65a61909aa094801c4d513
output\decimation\inputs\1o7j.a__1d9q.d\A.residues.csv,81751f7f34628077ef2c1d18eb7ca0725b8256566a36b609a0d79fa1eb985d90
output\decimation\inputs\1o7j.a__1d9q.d\aligned.npz,70be4678265f8f6e4396d7a93e2fcf96e28937e2771a446d69d2cd5852c2d550
output\decimation\inputs\1o7j.a__1d9q.d\B.residues.csv,df284b99a657a6736e90d6032db2661b90ebe98008dc4480437f03899f028f07
output\decimation\inputs\1o7j.a__1d9q.d\prepared.json,5bab4789c5f2546be3ca368a8638e9c64212c69537440b23f5bbfc3f3a7c3f52
output\decimation\inputs\1o7j.a__1hfj.c\A.residues.csv,1c4c2b939c3bc583fadf9a50241924a0dbf3f8164ddbc8484f6087d4518e4812
output\decimation\inputs\1o7j.a__1hfj.c\aligned.npz,f6f7aa4596c54fd13db7da1a91913ad667b8897b6425d3d359e5ae6fef76e973
output\decimation\inputs\1o7j.a__1hfj.c\B.residues.csv,2b2dd9992ec34d8c4732a52a3bcd4f0a57c94c13b949461367c47fdafeb9b473
output\decimation\inputs\1o7j.a__1hfj.c\prepared.json,c6b20d303838f731f776900ff6fdb089d38fb3100f3e1cb91c9d6ef0a5f0e566
output\decimation\inputs\1o7j.a__1qd1.b\A.residues.csv,1c4c2b939c3bc583fadf9a50241924a0dbf3f8164ddbc8484f6087d4518e4812
output\decimation\inputs\1o7j.a__1qd1.b\aligned.npz,1fe40683a12ffde8589f990e5b6af0ea6727eabfdc766266fb4fc62a44ff7f60
output\decimation\inputs\1o7j.a__1qd1.b\B.residues.csv,025b0789829397e852c58d4aeb75e4c3910262d2804209f0404862add0aee148
output\decimation\inputs\1o7j.a__1qd1.b\prepared.json,86a62f4ea0d03ad3d3e04103ad68dcb34a8facf55356d8462019fc0726bbfd71
output\decimation\inputs\1o7j.a__1toh.a\A.residues.csv,a498519fdee158789bf25d685ac906e9ed111c617d5bf36d48d0aa98c41ea31e
output\decimation\inputs\1o7j.a__1toh.a\aligned.npz,b18c0dd8187e7b2ecff3388deb5e3037441777013367456c8685af43c89b61fc
output\decimation\inputs\1o7j.a__1toh.a\B.residues.csv,6f65fd4c88effd7520eaf4755ea36af34d43955638e6338bc33401c6850ba490
output\decimation\inputs\1o7j.a__1toh.a\prepared.json,9531d8ccc3dc7334342f895273baae67739f03d2f5babbf968a8fad8fca905e4
output\decimation\inputs\1o7j.a__1wls.a\A.residues.csv,1c4c2b939c3bc583fadf9a50241924a0dbf3f8164ddbc8484f6087d4518e4812
output\decimation\inputs\1o7j.a__1wls.a\aligned.npz,a5e30db243249d82c23cb69b211a80c3a44dd015229484350171641b5ace6c3d
output\decimation\inputs\1o7j.a__1wls.a\B.residues.csv,09957f1d05ff6e7cb5e6dd275edd695ce490f4210edf69ec198308656274fa7d
output\decimation\inputs\1o7j.a__1wls.a\prepared.json,c42bd06f6491ece75c808fbb27d6b2971e97cb0f83206ad460363e8fbdd6d14e
output\decimation\inputs\1o7j.a__1zq1.a\A.residues.csv,1c4c2b939c3bc583fadf9a50241924a0dbf3f8164ddbc8484f6087d4518e4812
output\decimation\inputs\1o7j.a__1zq1.a\aligned.npz,16689bb8a77f662ed93a3b1b13419b5c1a18cb962bbe328f43344264f9a0f09f
output\decimation\inputs\1o7j.a__1zq1.a\B.residues.csv,a476126a8712425014f51722704bedbce6a9dbe7101cb6ed684a93c62e9e6279
output\decimation\inputs\1o7j.a__1zq1.a\prepared.json,646f6ef1a93933d5cf5f89b7106784b288259278cf39638a2902b3be50310abe
output\decimation\inputs\1o7j.a__2eq5.a\A.residues.csv,a9a509985cddc9e2bc5a2d1a976f788530908b57bc1dec9007ef5adbe3a713b9
output\decimation\inputs\1o7j.a__2eq5.a\aligned.npz,e0152d3f851a55be90ab8dfa759154b14b830fc9de3ebf00f934d9622f6fa70f
output\decimation\inputs\1o7j.a__2eq5.a\B.residues.csv,d109b843b6b213b3ed21d48bf42e84098e59918dc6c5d1dabcb607848274ce10
output\decimation\inputs\1o7j.a__2eq5.a\prepared.json,c0ff6b131d4b9f9c1d6a4abb4b3fc5ee3f173b214b7f3246bd7048d53ac46377
output\decimation\inputs\1o7j.a__2fep.a\A.residues.csv,ede2ff358a876eac0f6f8605e8e85bb8e7db3aee0091c0b71df25ed9352300df
output\decimation\inputs\1o7j.a__2fep.a\aligned.npz,a412d461880f2ba5cae3d9110520a205c72334310af220b3b57c12834b03a154
output\decimation\inputs\1o7j.a__2fep.a\B.residues.csv,7136e9af3b17f768655c848196b044b90cd8a9a969abbfe33860cb6a5aa6ab8c
output\decimation\inputs\1o7j.a__2fep.a\prepared.json,c434d7449d76268e2b1d9c25cd01b8ef29d8b5ee85530e44b78d40e8a5725caa
output\decimation\inputs\1o7j.a__2zsk.a\A.residues.csv,2ed5e2352a7d3c2bf71035a302f2b17c16a867556b8194da94a833603cd270dc
output\decimation\inputs\1o7j.a__2zsk.a\aligned.npz,a96b2b26f844991f2014be872f088211bb53c0005fc93e817c2a8704f3d973c9
output\decimation\inputs\1o7j.a__2zsk.a\B.residues.csv,4d243943f5aa3c5138b549a360023b44a6342d6c7ab45f39b646a68f601ef0d8
output\decimation\inputs\1o7j.a__2zsk.a\prepared.json,3ca97755149fc7eefa17931bfd0cd9b81f1fae39cd9f8d4737b0d0acb8431e66
output\decimation\inputs\1o7j.a__3jq0.a\A.residues.csv,74d0c9482225154d4edc8ac05bbb9cdd06fcde351c57ddb1e043b9f732bef6cc
output\decimation\inputs\1o7j.a__3jq0.a\aligned.npz,6415d0897f425fe25f84b6e832b9b99b7629206f0ab74c1572550589f49dbc0c
output\decimation\inputs\1o7j.a__3jq0.a\B.residues.csv,09d70f76e046a859a15882022cad5e04679763f8ee1cfa786c55e783a0a9473d
output\decimation\inputs\1o7j.a__3jq0.a\prepared.json,b164b99898e7103ff5171a3fbf7de967eb4efead6566ceb7feabc0cf5272d40d
output\decimation\inputs\1o7j.a__3ntx.a\A.residues.csv,7f951ed86c6a0d3258128a0598cc066cd6f9414036f9b371940b9edcec5ab6ef
output\decimation\inputs\1o7j.a__3ntx.a\aligned.npz,3df6c74f35da839af5d2d5f0f236ae263dd0fc3e6b282eb6ba9b41c6e83ccda6
output\decimation\inputs\1o7j.a__3ntx.a\B.residues.csv,8ae45d2f17b920016bba28d6299cf3f38431beac63138689987ff3f58db1aff1
output\decimation\inputs\1o7j.a__3ntx.a\prepared.json,af4436a04adf0929c0a4de7361985dbd0fe7e7c7a7513bc718e8f62092aa54d3
output\decimation\inputs\1o7j.a__4eca.b\A.residues.csv,a2d55f5e048f60282709b117f52edaded9562134ac3c363b4be977fccb5513cf
output\decimation\inputs\1o7j.a__4eca.b\aligned.npz,47892c31089f7d8231d97943d5ebcefa49b51a82bfd7180adc5b9a6396cf5ce1
output\decimation\inputs\1o7j.a__4eca.b\B.residues.csv,30afab2fe760eed7f14fcc59e7fe67380b996afb69a653a0b480ee6307c8606c
output\decimation\inputs\1o7j.a__4eca.b\prepared.json,b679565a4519c587d5e7b7e704abde11d20e69f415806d647c40ac4787c49f4e
output\decimation\inputs\1o7j.a__4eca.c\A.residues.csv,a2d55f5e048f60282709b117f52edaded9562134ac3c363b4be977fccb5513cf
output\decimation\inputs\1o7j.a__4eca.c\aligned.npz,c85facb0642401c1db2dcf1744fbd02f96b107b4ef75781a6e5871f1b01d65b4
output\decimation\inputs\1o7j.a__4eca.c\B.residues.csv,77cc5e03c2ac1bddcb84791d3e3d0b99ae1d7734d782dd1d6ba7134a342e83ef
output\decimation\inputs\1o7j.a__4eca.c\prepared.json,629292c53e104380797bc7a837afcab2b3a6a12501fe53edd9d42dd8712ea5ed
output\decimation\inputs\1o7j.a__4eca.d\A.residues.csv,a2d55f5e048f60282709b117f52edaded9562134ac3c363b4be977fccb5513cf
output\decimation\inputs\1o7j.a__4eca.d\aligned.npz,6ac9407b588e70d3515d87338be43978bc23586a8090e3c7b10f97a357b384da
output\decimation\inputs\1o7j.a__4eca.d\B.residues.csv,4683246ce10a96a57e92c9114d3a1a6dd496233648045a3d85d3e72dd6aeb6a7
output\decimation\inputs\1o7j.a__4eca.d\prepared.json,c7e423f74a3e579af37fef3c733d3c165ed2750d3e9393f88976fabe170de09a
output\decimation\inputs\1o7j.a__4eca.d\structural_alignment\A.pdb,b4b8e5ab65d715eaf6cfd10572abf29324d74cb01f19953ee2301e5facb36841
output\decimation\inputs\1o7j.a__4eca.d\structural_alignment\alignment.json,1301aa97981eebe56ce162b1d415ab16ad21c2dac963494b7a384c4596f42cff
output\decimation\inputs\1o7j.a__4eca.d\structural_alignment\B.pdb,61ab32170e51330a39d8eda0c37c0605c93ce0a37bf83dafc460f968962eba8d
output\decimation\inputs\1o7j.a__4eca.d\structural_alignment\rotation.txt,d4152ee7e224e4f8dafd47f26927f5ce6eafb5c076aaa6d0391c4ac14ce79207
output\decimation\inputs\1o7j.a__4eca.d\structural_alignment\stderr.txt,e3b0c44298fc1c149afbf4c8996fb92427ae41e4649b934ca495991b7852b855
output\decimation\inputs\1o7j.a__4eca.d\structural_alignment\stdout.txt,72d467601c1a7d7eb9f86a3e364e19cdf8d607621fa47247334b8a2b4fb1c9e7
output\decimation\inputs\1o7j.a__4eca.c\structural_alignment\A.pdb,b4b8e5ab65d715eaf6cfd10572abf29324d74cb01f19953ee2301e5facb36841
output\decimation\inputs\1o7j.a__4eca.c\structural_alignment\alignment.json,8a5d3aa4f7ec4c990a04b6f04ff1d372b5ecdbd319c315e9b238f5cd37844890
output\decimation\inputs\1o7j.a__4eca.c\structural_alignment\B.pdb,4afe677f5ae924f51f17252dd8fec153c1e5ccb94590e5f7787193975cb79704
output\decimation\inputs\1o7j.a__4eca.c\structural_alignment\rotation.txt,caf18f52b8ade246c96f8b7f20cd9c293e93fb51fbf1f53cdaaf6b7834808299
output\decimation\inputs\1o7j.a__4eca.c\structural_alignment\stderr.txt,e3b0c44298fc1c149afbf4c8996fb92427ae41e4649b934ca495991b7852b855
output\decimation\inputs\1o7j.a__4eca.c\structural_alignment\stdout.txt,f718671c41073e095174b31a310f4b6097fb3b569246e7bd5277098e52a87939
output\decimation\inputs\1o7j.a__4eca.b\structural_alignment\A.pdb,b4b8e5ab65d715eaf6cfd10572abf29324d74cb01f19953ee2301e5facb36841
output\decimation\inputs\1o7j.a__4eca.b\structural_alignment\alignment.json,4e3e46cd76da3eb302e1f664ef9fc0fc8aa0bb0b35d66a60a5fd7369687c7722
output\decimation\inputs\1o7j.a__4eca.b\structural_alignment\B.pdb,bdcec4b6c9245fe2653f982274c89659e5352b9b98e76b356600518f0c6ffb40
output\decimation\inputs\1o7j.a__4eca.b\structural_alignment\rotation.txt,fa5dc39999b0ab02735c18ef9c780c4b3e98ec25781fa784ce8c94ff1f110b12
output\decimation\inputs\1o7j.a__4eca.b\structural_alignment\stderr.txt,e3b0c44298fc1c149afbf4c8996fb92427ae41e4649b934ca495991b7852b855
output\decimation\inputs\1o7j.a__4eca.b\structural_alignment\stdout.txt,64a9d61968e38d11b0dd9c377fedc0a8b01d47ed4bc569b00bec46e6d6784ff1
output\decimation\inputs\1o7j.a__3ntx.a\structural_alignment\A.pdb,a01d83a7522eb500d02376bc658cf5f4f2b599970b9089956beacbd0afbcd0fa
output\decimation\inputs\1o7j.a__3ntx.a\structural_alignment\alignment.json,f2e88fa7b69997d405de2f937fbc7f29f22103db7e40133a3e2509d5d1e4d191
output\decimation\inputs\1o7j.a__3ntx.a\structural_alignment\B.pdb,21d79ff7cdbe1b0af343ffa4c4afa739fc8c459d9d5a3e6916729fc328933edb
output\decimation\inputs\1o7j.a__3ntx.a\structural_alignment\rotation.txt,f48d081671b07a3311957c5242e1461075c2f6bf05a59db4d7d0402c01908cfd
output\decimation\inputs\1o7j.a__3ntx.a\structural_alignment\stderr.txt,e3b0c44298fc1c149afbf4c8996fb92427ae41e4649b934ca495991b7852b855
output\decimation\inputs\1o7j.a__3ntx.a\structural_alignment\stdout.txt,5d3364142945d3662261fbd46f2ee5bef53f246a83044dc1939238b502efcf79
output\decimation\inputs\1o7j.a__3jq0.a\structural_alignment\A.pdb,54c20d7c4b5da529ed82b232d806db7db4a9e32775e7636b91b71ff88d7e1271
output\decimation\inputs\1o7j.a__3jq0.a\structural_alignment\alignment.json,8e2451c309306c6c57638a2ad75cd831bd376dd5786d55ff360da392aa2bea7b
output\decimation\inputs\1o7j.a__3jq0.a\structural_alignment\B.pdb,d619edeb447cb9d81380ee5e7db4d1c08f9f8b17a76150bb10273dd79d865df1
output\decimation\inputs\1o7j.a__3jq0.a\structural_alignment\rotation.txt,143b6e023ea704f97ba16353894d21f890c6a24fbf09f42cad476fef26f91ed2
output\decimation\inputs\1o7j.a__3jq0.a\structural_alignment\stderr.txt,e3b0c44298fc1c149afbf4c8996fb92427ae41e4649b934ca495991b7852b855
output\decimation\inputs\1o7j.a__3jq0.a\structural_alignment\stdout.txt,54f261e9df75b4f47f76a7090f791ed9ab408938efc94934835509dd0c45fd89
output\decimation\inputs\1o7j.a__2zsk.a\structural_alignment\A.pdb,406066e2da5b3b98cc7066f518250bf1b628154f1ffc219f71425e1891af7100
output\decimation\inputs\1o7j.a__2zsk.a\structural_alignment\alignment.json,e153ba9edb52b39a5ea92d7287808ad5139dd2a6a8203254fb1bb216c040ae04
output\decimation\inputs\1o7j.a__2zsk.a\structural_alignment\B.pdb,af2f684e3454436e3277964da3e02e259c43474f363b21e7da6988064fbd8ce8
output\decimation\inputs\1o7j.a__2zsk.a\structural_alignment\rotation.txt,68645f3e8ccb6c3f892e6e5f58d225854b2060d256b2dd5bd1b87d4d97388f0d
output\decimation\inputs\1o7j.a__2zsk.a\structural_alignment\stderr.txt,e3b0c44298fc1c149afbf4c8996fb92427ae41e4649b934ca495991b7852b855
output\decimation\inputs\1o7j.a__2zsk.a\structural_alignment\stdout.txt,cb79bed63e80345b6e1db4434ebe5e7250f778349f421d638e777f0014468edc
output\decimation\inputs\1o7j.a__2fep.a\structural_alignment\A.pdb,c9aa3bf3b7aafed7cbe3dc08184ab115eb75f429b3e502c81a3b3d2f7a24873f
output\decimation\inputs\1o7j.a__2fep.a\structural_alignment\alignment.json,f58ef380383a6b93d62f9b50959f3b782f1797fdc86ea656a4fc05a888d15d08
output\decimation\inputs\1o7j.a__2fep.a\structural_alignment\B.pdb,375ce1eb7fd179bbc4e6c39f1e7beddb8f7f64d6e9a9bb7c575cbb47bf508e99
output\decimation\inputs\1o7j.a__2fep.a\structural_alignment\rotation.txt,feeb25666104ef9ab4ba0951fc7681c2bb71e21796f6125a9427ccd321892431
output\decimation\inputs\1o7j.a__2fep.a\structural_alignment\stderr.txt,e3b0c44298fc1c149afbf4c8996fb92427ae41e4649b934ca495991b7852b855
output\decimation\inputs\1o7j.a__2fep.a\structural_alignment\stdout.txt,3863dabdae7c9698b9634a84f1cdce5e8ec1bfd7672d0aa444614937bdf45f81
output\decimation\inputs\1o7j.a__2eq5.a\structural_alignment\A.pdb,56e8de0841928058609f1458389326413788e125d476b303211c6b964d75cda6
output\decimation\inputs\1o7j.a__2eq5.a\structural_alignment\alignment.json,4ed9fc4c3b0b6a4b98e05cb45e9fe890191ef35f4fbf75769766401536073ab9
output\decimation\inputs\1o7j.a__2eq5.a\structural_alignment\B.pdb,43fb93769945fe9486f10b9487ea85b96612d4ea9fc67e3310d6f4386d80a473
output\decimation\inputs\1o7j.a__2eq5.a\structural_alignment\rotation.txt,ac8146b003ae32adb66fa41bd108906a7bb8834f3d03ca6e866b050e0457e6a6
output\decimation\inputs\1o7j.a__2eq5.a\structural_alignment\stderr.txt,e3b0c44298fc1c149afbf4c8996fb92427ae41e4649b934ca495991b7852b855
output\decimation\inputs\1o7j.a__2eq5.a\structural_alignment\stdout.txt,0218c14d5b3559978181b091ad98b34cfc63a289430b9d6a2a6022792f2b4bea
output\decimation\inputs\1o7j.a__1zq1.a\structural_alignment\A.pdb,8043e7b953cae3c2654f8f6bfc3b8cd0ae9c6c857410e1da0039dfa0830f5bed
output\decimation\inputs\1o7j.a__1zq1.a\structural_alignment\alignment.json,44026b7d6b69effbee340ebde6727ae111619dfb19151fc261ec624dc8f4ac94
output\decimation\inputs\1o7j.a__1zq1.a\structural_alignment\B.pdb,a42c6fb7e0a84101dcbdc72a20a5c2cf5022f76cf0df68b9cc4169a10df684ae
output\decimation\inputs\1o7j.a__1zq1.a\structural_alignment\rotation.txt,be539f319d4a9ba0dd6e1f8318dfc9e66c43c335371fd19f9077b820c5351692
output\decimation\inputs\1o7j.a__1zq1.a\structural_alignment\stderr.txt,e3b0c44298fc1c149afbf4c8996fb92427ae41e4649b934ca495991b7852b855
output\decimation\inputs\1o7j.a__1zq1.a\structural_alignment\stdout.txt,1e304dee9922a49390f3f0da33069030c0464c50ef6d82d04669fd5e948601d4
output\decimation\inputs\1o7j.a__1wls.a\structural_alignment\A.pdb,8043e7b953cae3c2654f8f6bfc3b8cd0ae9c6c857410e1da0039dfa0830f5bed
output\decimation\inputs\1o7j.a__1wls.a\structural_alignment\alignment.json,95e5f1530657f7d7a7dc68469aa862c230f7f1852362486f57ec19fef99ca6b4
output\decimation\inputs\1o7j.a__1wls.a\structural_alignment\B.pdb,a4d1809e47a6a29756108f07ce5ba77475bbe0aed717eedd78c362166940b2f4
output\decimation\inputs\1o7j.a__1wls.a\structural_alignment\rotation.txt,e617de63133259b8942f48ef76577e832d0db0d853de20579b5c20a4e3b15bf3
output\decimation\inputs\1o7j.a__1wls.a\structural_alignment\stderr.txt,e3b0c44298fc1c149afbf4c8996fb92427ae41e4649b934ca495991b7852b855
output\decimation\inputs\1o7j.a__1wls.a\structural_alignment\stdout.txt,45fdd8e41add91c8659e3cbeb6776a22c1b41208b1963aeaaec912fc6aadc451
output\decimation\inputs\1o7j.a__1toh.a\structural_alignment\A.pdb,4b053638b67061602c1e9c6080e407e52cfbce1d87cb7e2b2d36e152da310c34
output\decimation\inputs\1o7j.a__1toh.a\structural_alignment\alignment.json,8140a509d9656a639e7bc84de6680cb910fcad7f0cdb0662a9e2b633556ebbe6
output\decimation\inputs\1o7j.a__1toh.a\structural_alignment\B.pdb,3296cc2e22833e2beeb58b9c0d6d62e23335a38a2f50cd4c3076b5fc0ca657a8
output\decimation\inputs\1o7j.a__1toh.a\structural_alignment\rotation.txt,a1e3adcc3cf4d0896fd87038bac24f4b5c1da9e6e1eaaffc642beaa1ec118f00
output\decimation\inputs\1o7j.a__1toh.a\structural_alignment\stderr.txt,e3b0c44298fc1c149afbf4c8996fb92427ae41e4649b934ca495991b7852b855
output\decimation\inputs\1o7j.a__1toh.a\structural_alignment\stdout.txt,eae8c16ffe80fbd6f335f89858c3263899920b5566848e4f2d3854552ab6e322
output\decimation\inputs\1o7j.a__1qd1.b\structural_alignment\A.pdb,8043e7b953cae3c2654f8f6bfc3b8cd0ae9c6c857410e1da0039dfa0830f5bed
output\decimation\inputs\1o7j.a__1qd1.b\structural_alignment\alignment.json,29127bb5cbf01fa1a80ad4f9c5f57e89aa64e9bb2b3f5246ecfb00f3a6c0a2da
output\decimation\inputs\1o7j.a__1qd1.b\structural_alignment\B.pdb,0da224b73fda5574a19e0bdeacd08297815775ef5310c793f3405bc09ef3f8ca
output\decimation\inputs\1o7j.a__1qd1.b\structural_alignment\rotation.txt,b2007b5a241ea4a47abe01dc045d32bf4572b7937ed71a5dfc7ad1a48cf4102e
output\decimation\inputs\1o7j.a__1qd1.b\structural_alignment\stderr.txt,e3b0c44298fc1c149afbf4c8996fb92427ae41e4649b934ca495991b7852b855
output\decimation\inputs\1o7j.a__1qd1.b\structural_alignment\stdout.txt,8b23ca33364cc5b1217a28716c813c80c25a2b0bb607449cca3a6a2a5f7fcce6
output\decimation\inputs\1o7j.a__1hfj.c\structural_alignment\A.pdb,8043e7b953cae3c2654f8f6bfc3b8cd0ae9c6c857410e1da0039dfa0830f5bed
output\decimation\inputs\1o7j.a__1hfj.c\structural_alignment\alignment.json,dcf2476ff29f541ee6017b95953227a466e7e7d32d2ceaff93e47bbcc5c86a1f
output\decimation\inputs\1o7j.a__1hfj.c\structural_alignment\B.pdb,362703088d6129f07e11eb81428714b998e98f48f9d759956e68d64394d637ed
output\decimation\inputs\1o7j.a__1hfj.c\structural_alignment\rotation.txt,961deac759a0317f092b8f658d6d3149a15f243d38f5314a105b0b18ef5333b1
output\decimation\inputs\1o7j.a__1hfj.c\structural_alignment\stderr.txt,e3b0c44298fc1c149afbf4c8996fb92427ae41e4649b934ca495991b7852b855
output\decimation\inputs\1o7j.a__1hfj.c\structural_alignment\stdout.txt,257767e934f2719386246f3af68a6c3f9d24e3210a80138e707a45eb785d7f36
output\decimation\inputs\1o7j.a__1d9q.d\structural_alignment\A.pdb,52e2c970620578b3195cd4f08dd0a62e3b3d0ea1db6832e25a3b9b58f3d75308
output\decimation\inputs\1o7j.a__1d9q.d\structural_alignment\alignment.json,e3e790ad55484b47ec4317e909b84c52d147a817810c6c269da13f6a2263c40d
output\decimation\inputs\1o7j.a__1d9q.d\structural_alignment\B.pdb,8c86ff8411a519f8bface967da1c414b6aa864cd88e804afda0ca437683b34bb
output\decimation\inputs\1o7j.a__1d9q.d\structural_alignment\rotation.txt,f9ed912c2e717de212efa253a503e615d4f29c1866ad9a46e16a60bcfaf21f2d
output\decimation\inputs\1o7j.a__1d9q.d\structural_alignment\stderr.txt,e3b0c44298fc1c149afbf4c8996fb92427ae41e4649b934ca495991b7852b855
output\decimation\inputs\1o7j.a__1d9q.d\structural_alignment\stdout.txt,8206d17d5001fb7927d586e5bbdf5ef272f95fefb3686b576d0e7c7b6dbf2f9e
output\cps_papers_w8\figures\auxiliary_utilization_w8_alpha1.pdf,450e0698e12a513950e670df7db5e80eb3c478850faefffc446450e155031eb1
output\cps_papers_w8\figures\auxiliary_utilization_w8_alpha1.png,ce0e4e3f39f988bb9cf2547fad15b6898d27ccee3085e2b4458744b211de6616
output\cps_papers_w8\figures\auxiliary_utilization_w8_alpha1.svg,3914b1d53e273c419c8b4572c331373c7758fa035c090a4fa90a801945279987
output\cps_papers_w8\figures\auxiliary_utilization_w8_alpha2.pdf,b9a3dda0ed5dab4a3f642d8ed091ec1a1f85d8fee1daff5a5a6896a3fe5b16bc
output\cps_papers_w8\figures\auxiliary_utilization_w8_alpha2.png,2abba099b3ff23c83f33e8412353015fd2d7bd1ee7b288b0a3fc4b6769e5c16e
output\cps_papers_w8\figures\auxiliary_utilization_w8_alpha2.svg,51ceb93573707e70031f610a82c4c12c0f23c6162b075b9d763f7dffa91f4583
output\cps_papers_w8\figures\coupling_vertex_boxplots_w8.pdf,607dc14736ee4b4c832bf2bcf18554555c66deddce1e512af4444aabbccda000
output\cps_papers_w8\figures\coupling_vertex_boxplots_w8.png,cdf4f9c1dac26ee0abc5137acbb28914598e0d402a5085acfe7714ac8edb4bef
output\cps_papers_w8\figures\dual_bars_w8_alpha1.pdf,a8cc62888364315af7a7129402bc0da95b3776eeff13fd218af305e5b1fc59ef
output\cps_papers_w8\figures\dual_bars_w8_alpha1.png,6c070d9824bcb3c3e1cb429dd1412309f5e9dd07879548c5f22b072069c2ef7b
output\cps_papers_w8\figures\dual_bars_w8_alpha1.svg,dfb0e9b4e6ce8e4deb4a957c454fd04a3c4d7a914ff7d6b85aa1f60603c4699c
output\cps_papers_w8\figures\dual_bars_w8_alpha2.pdf,2a14dd68d817be43475cb05586b48a40f08190677bd385902b197b23308a5084
output\cps_papers_w8\figures\dual_bars_w8_alpha2.png,8b3e48a184f269c1a70789018fadbf5e22a3f42dee6510628015093dbe0b0c78
output\cps_papers_w8\figures\dual_bars_w8_alpha2.svg,8850396ac36595a6a506b62c53eec30b2483ed7682179c18c585689af0068f7d
output\cps_papers_w8\figures\geometry_w8_alpha1_page1.png,166fb1dbb4edf91bcd1bf2111e1e55c01b58fdf0b4963109955728d67d141a9f
output\cps_papers_w8\figures\geometry_w8_alpha1_page2.png,670d6fb1391f4f4a02520f5078684b969b8548406a64b3cb3db0f97d1f2fede3
output\cps_papers_w8\figures\geometry_w8_alpha1_page3.png,139dba8424163d3007a8d7ddf243156874dc3b01c42866f0629415af05fd5517
output\cps_papers_w8\figures\geometry_w8_alpha1_page4.png,f25967c9a91da8012bcc56fdadd87c984c0ea216f6dbb6850e7e767c91c7225f
output\cps_papers_w8\figures\graph_sizes_w8_alpha1.pdf,60e1a8284ac172f57ec8a0693a8694afcc145abb955db7b847ddfea151debd57
output\cps_papers_w8\figures\graph_sizes_w8_alpha1.png,f8da487d64b49769211b034a9e893b18eae0beb406d9ceac3837f3306d543427
output\cps_papers_w8\figures\graph_sizes_w8_alpha1.svg,a293c6be4a23fab43c106b9ff07fe2dc6ea1c5e09faaee0054bf3b649b4e752b
output\cps_papers_w8\figures\graph_sizes_w8_alpha2.pdf,bda688485ed692b805e8876013cbfbbec2ee5f644e69dc7a69ec6dfe4d1d0066
output\cps_papers_w8\figures\graph_sizes_w8_alpha2.png,aa73f98e331b90f3dbedd1b81a15b8f7e4c12f539c748ae8657ac9292ce06fc6
output\cps_papers_w8\figures\graph_sizes_w8_alpha2.svg,205c48e3f4d272fd675a767fae09d7967d3cb64c4e06b10c0eb34715e15e4d10
output\cps_papers_w8\figures\quality_w8_page1.png,3f3b9519c2e6f88288c7abbd42839cabe8cd2e44a6f1b9c6ce39585b69185391
output\cps_papers_w8\figures\quality_w8_page2.png,acca1a3541c3e0461fda922bbea3fc04cd77a24fef2b48dc8bbccb664710f034
output\cps_papers_w8\figures\quality_w8_page3.png,e7e1ce1dfe068e481346745030763e6a99234dce4d8f446379f537377f08222f
output\cps_papers_w8\figures\quality_w8_page4.png,bbdc5bbc1ef80e66c8db00f2ed8996e70961363dd71ce8431c3fbae1c48a77be
output\cps_papers_w8\figures\quality_w8_page5.png,961633e641e266646cd88e80001224e90dddb41e4b9184751398cb67faac61d5
output\cps_papers_w8\figures\vertex_overhead_boxplots_w8.png,e348e447d91ab61a99e037b8543cc18702ded35f91faf932da416f5aa300a180
output\cps_papers\figures\comparison_w16.png,3f7ab80ef4c05fd0f8feeea4cb12b52d56e12bcb132d1727ad8e962f0920b570
output\cps_papers\figures\coupling_vertex_boxplots_w16.pdf,8266ccdbadc7d076b73b461af38fd35c3ad80f3387d3380fc5c233792ead3ecb
output\cps_papers\figures\coupling_vertex_boxplots_w16.png,ce4d38ddaa833b2ac44aee7416313c7f6db7cb2dad082fd4346ea7fb1af90e37
output\cps_papers\figures\dual_bars_w16_alpha1.pdf,2f71d4236acde57db91520f67439283b6be6f86fe55d55168a489a12ac780a3a
output\cps_papers\figures\dual_bars_w16_alpha1.png,765ccf4195568be241c8f1adc5aec6867739b9eab72ab761c62ade555ae3b745
output\cps_papers\figures\dual_bars_w16_alpha1.svg,fa4423f1a3cdae7eba55d5060048d43acaa16f0f593439063d4653eaafc155eb
output\cps_papers\figures\dual_bars_w16_alpha2.pdf,5ecb579bef34ee8ba11fda96d29ca594e76bbcb781ce98280f6e61e60555d49f
output\cps_papers\figures\dual_bars_w16_alpha2.png,59a5d086df6b43b2a95b29c050c59561fa8ac5a52f354d5958bbc9797294eb9a
output\cps_papers\figures\dual_bars_w16_alpha2.svg,986ac55130a6c6247ca16240f7798456f68f58324cf9122ae6b9eff402c1b2df
output\cps_papers\figures\dual_bars_w16_alpha4.pdf,f3c3edc9e833a9829e3a3dd3af9ecc9758083ebed23df106581d0fe1c3c9c8c1
output\cps_papers\figures\dual_bars_w16_alpha4.png,77b83b60cd7c5b309120c1f77b8c0806e936fdaf5b28f15b50d79d1e1bfd515b
output\cps_papers\figures\dual_bars_w16_alpha4.svg,13fd18b3753a29685cc89bdbd6ec5d343cb743a6ff1fd707465d66da07a8978f
output\cps_papers\figures\geometry_w16_alpha1_page1.png,1baa7f98150ccb63006bf5e4c2abbfd7cf7fb764c408c72df8e83e87f7796692
output\cps_papers\figures\geometry_w16_alpha1_page2.png,0b5f038e7c3e3490fdeed2a26a315b9e657323e3a366835850d4d642603ba714
output\cps_papers\figures\geometry_w16_alpha1_page3.png,d0da3f1df0fd561be621f3ec5e98d78b4eb286b36c2f2ae3ad16558452ac0c4d
output\cps_papers\figures\geometry_w16_alpha1_page4.png,2b05687a1c013c42390aacb70f5e5c8c7637469cf6e3a535b8efa606f35b0057
output\cps_papers\figures\quality_w16_page1.png,c3d02645eab6b537cddb73a9caf8d46d81ca05b4fec92d65c2a84a17d6609b58
output\cps_papers\figures\quality_w16_page2.png,484e55b7a8a74c1de16496cfc0043b1b83ed1194f7dd8d4232330b8eb0b7e25f
output\cps_papers\figures\quality_w16_page3.png,07b4b2814ea815f1838f99398fc00e8551441b04ded67f8b832e2a0ab4aa6b52
output\cps_papers\figures\quality_w16_page4.png,a87a30201bdc943596bcd0d8df987f0cb299145b0d33f111c028884f73640711
output\cps_papers\figures\quality_w16_page5.png,b5184ee6caf0bdc054fc1869e9f137095b1559735f3d7f01f7cf191f88285827
output\cps_papers\figures\runtime_w16.png,c8928c8ddf5f5963ae80882dc73b7532348eb6518e5a7a4819debc087efdc919
output\cps_papers\figures\vertex_overhead_boxplots_w16.png,60e8d3f409b82c12953d5882c68344e27598dd229efc42070aad79ec680e3f21
output\cps_papers\source_checks\fan_18.png,7484593dfc9fb7b58e60364aa86dabfe6780ef31557e60d95ea271811c404b96
output\cps_papers\source_checks\fan_19.png,761f006718fba91e4ad72950c8c884644a9bb3e57b0e8627320e2aa8f114e514
output\cps_papers\source_checks\fan_9.png,4b9151e0c1f91aa22f60c3d18905bcfb461674d064e4d96d2a5752cd9a88f09f
output\cps_papers\source_checks\gcs_13.png,d34234c5f7b970f954a19f3b1b71aff5e7d3861ba880ddfb2c600230ddba364c
output\cps_papers\source_checks\thesis_32.png,3320652a1f3a246da87619275b36d2661e3876a96e12bb5f17026383b10bdb48
output\cps_papers\source_checks\thesis_33.png,4a4c90ed2b71609da5fd3e92d8356fb66d8c71e920d5f29254389cdc753bac8b
cps_paper_algorithms.py,49bca757aacc4d81c9263416c79b91da6fbb2df5358e9e4bb80d97d08802d876
curve_algorithms.py,85e1f6444f23091810a3042decc3e2945a273d2b83cb5da3c6b76f8b495c98e7
