domain,pair,nA,nB,eligible,selection_rank,selected
protein,1o7j.a__1d9q.d,22,22,True,1.0,True
protein,1o7j.a__1hfj.c,22,22,True,2.0,True
protein,1o7j.a__1qd1.b,22,22,True,3.0,False
protein,1o7j.a__1toh.a,22,22,True,4.0,False
protein,1o7j.a__4eca.b,22,22,True,5.0,False
protein,1o7j.a__4eca.c,22,22,True,6.0,False
protein,1o7j.a__4eca.d,22,22,True,7.0,False
hurricane,EP081969__EP152009,27,38,True,,False
hurricane,EP041983__EP151967,26,27,True,,False
hurricane,EP051990__EP151989,26,40,True,,False
hurricane,EP161990__EP121985,55,42,True,,False
hurricane,EP071995__EP061984,27,27,True,,False
hurricane,AL021895__AL091887,36,47,True,,False
hurricane,EP171987__EP072012,27,33,True,,False
hurricane,EP042006__EP051990,33,26,True,,False
hurricane,AL041951__AL021903,52,43,True,,False
hurricane,EP081990__EP101990,35,38,True,,False
hurricane,EP121993__EP091990,50,47,True,,False
hurricane,EP042006__EP111985,33,36,True,,False
hurricane,EP131987__EP042002,29,30,True,,False
hurricane,EP131983__EP181989,34,33,True,,False
hurricane,EP211990__EP152008,26,38,True,,False
hurricane,EP092005__EP102008,34,41,True,,False
hurricane,EP051979__EP091965,29,37,True,,False
hurricane,EP031949__EP142014,25,35,True,,False
hurricane,EP101989__EP111983,27,36,True,,False
hurricane,EP042006__EP151989,33,40,True,,False
hurricane,AL021892__AL031890,40,33,True,,False
hurricane,EP031975__EP021969,35,33,True,,False
hurricane,EP051995__EP212015,36,33,True,,False
hurricane,EP092010__EP011969,30,28,True,,False
hurricane,EP082008__EP041978,40,29,True,,False
hurricane,EP071973__EP231990,25,67,True,,False
hurricane,EP162003__EP012002,25,31,True,,False
hurricane,EP011976__EP021984,44,82,True,,False
hurricane,EP012003__EP051968,28,33,True,,False
hurricane,EP101970__EP081954,25,27,True,,False
hurricane,EP051951__EP091975,29,35,True,,False
hurricane,EP131970__EP102015,27,36,True,,False
hurricane,EP041983__EP091972,26,33,True,,False
hurricane,EP191985__EP071972,37,37,True,,False
hurricane,EP112007__EP091993,30,42,True,,False
hurricane,EP031995__EP111968,42,41,True,,False
hurricane,EP131983__EP071972,34,37,True,,False
hurricane,EP071973__EP042002,25,30,True,,False
hurricane,EP111995__EP182014,41,36,True,,False
hurricane,EP102006__EP071987,32,28,True,,False
hurricane,EP051951__EP161970,29,31,True,,False
hurricane,EP091991__EP142000,26,37,True,,False
hurricane,EP131985__EP101980,29,26,True,,False
hurricane,EP172000__EP032014,32,41,True,,False
hurricane,EP031975__EP061982,35,32,True,,False
hurricane,EP042004__EP141990,30,35,True,,False
hurricane,EP081967__EP101980,25,26,True,,False
hurricane,EP112007__EP112006,30,32,True,,False
hurricane,AL021923__AL102000,38,29,True,,False
hurricane,EP031971__EP191990,27,35,True,,False
hurricane,EP041983__EP111975,26,37,True,,False
hurricane,EP101975__EP091972,31,33,True,,False
hurricane,EP071972__EP181989,37,33,True,,False
hurricane,EP051995__EP101983,36,31,True,,False
hurricane,EP111954__EP141998,25,47,True,,False
hurricane,EP181982__EP041992,40,50,True,,False
hurricane,EP091972__EP151967,33,27,True,,False
hurricane,EP112006__EP091993,32,42,True,,False
hurricane,AL031931__AL011917,34,33,True,,False
hurricane,EP031968__EP071971,27,29,True,,False
hurricane,EP102002__EP092000,31,25,True,,False
hurricane,EP172000__EP182014,32,36,True,,False
hurricane,EP042006__EP061982,33,32,True,,False
hurricane,EP102006__EP021981,32,25,True,,False
hurricane,EP081978__EP121968,32,37,True,,False
hurricane,AL031993__AL111988,33,53,True,,False
hurricane,AL012010__AL152000,32,34,True,,False
hurricane,EP241990__EP111988,41,34,True,,False
hurricane,AL081968__AL102008,31,33,True,,False
hurricane,EP031968__EP031988,27,28,True,,False
hurricane,EP031975__EP101975,35,31,True,,False
hurricane,EP042006__EP071971,33,29,True,,False
hurricane,EP092000__EP031984,25,36,True,,False
hurricane,EP041965__EP151991,31,45,True,,False
hurricane,EP031994__EP061982,29,32,True,,False
hurricane,EP031994__EP101985,29,37,True,,False
hurricane,EP132004__EP091993,39,42,True,,False
hurricane,EP112007__EP161968,30,31,True,,False
hurricane,AL021931__AL031905,26,28,True,,False
hurricane,EP031978__EP191990,35,35,True,,False
hurricane,EP151989__EP061982,40,32,True,,False
hurricane,EP051990__EP081978,26,32,True,,False
hurricane,EP021981__EP081980,25,30,True,,False
hurricane,EP032006__EP061997,27,30,True,,False
hurricane,AL031864__AL081971,26,29,True,,False
hurricane,EP131990__EP082008,32,40,True,,False
hurricane,EP202009__EP011958,27,41,True,,False
hurricane,EP172009__EP122006,31,42,True,,False
hurricane,EP072011__EP151967,26,27,True,,False
hurricane,EP111968__EP161974,41,43,True,,False
hurricane,EP181984__EP012011,36,30,True,,False
hurricane,EP031988__EP081967,28,25,True,,False
hurricane,AL031931__AL041941,34,29,True,,False
hurricane,EP031975__EP031994,35,29,True,,False
hurricane,EP031988__EP071971,28,29,True,,False
hurricane,AL021895__AL131967,36,70,True,,False
hurricane,EP191985__EP052015,37,45,True,,False
hurricane,EP141997__EP071990,34,28,True,,False
hurricane,EP091972__EP061982,33,32,True,,False
hurricane,EP032014__EP182014,41,36,True,,False
hurricane,EP102006__EP072007,32,34,True,,False
hurricane,EP042014__EP032004,42,28,True,,False
hurricane,EP032015__EP031996,32,29,True,,False
hurricane,EP081967__EP141997,25,34,True,,False
hurricane,EP031968__EP101980,27,26,True,,False
hurricane,EP021999__EP021969,32,33,True,,False
hurricane,EP101989__EP181989,27,33,True,,False
hurricane,EP092005__EP032010,34,32,True,,False
hurricane,EP111985__EP071971,36,29,True,,False
hurricane,AL071892__AL011917,45,33,True,,False
hurricane,EP111985__EP101985,36,37,True,,False
hurricane,EP132011__EP011970,31,31,True,,False
hurricane,EP101980__EP102002,26,31,True,,False
hurricane,EP102000__EP081981,25,29,True,,False
hurricane,EP041981__EP051995,25,36,True,,False
hurricane,EP131983__EP191985,34,37,True,,False
hurricane,EP151982__EP091991,29,26,True,,False
hurricane,EP071995__EP112012,27,33,True,,False
hurricane,AL041941__AL011917,29,33,True,,False
hurricane,EP112006__EP132009,32,39,True,,False
hurricane,EP152001__EP042002,31,30,True,,False
hurricane,EP081965__EP041988,31,30,True,,False
hurricane,EP052001__EP081987,31,35,True,,False
hurricane,EP081969__EP062015,27,38,True,,False
hurricane,EP041954__EP122006,31,42,True,,False
hurricane,EP031966__EP121985,39,42,True,,False
hurricane,EP112001__EP132004,48,39,True,,False
hurricane,AL051942__AL062007,32,28,True,,False
hurricane,AL041944__AL031931,32,34,True,,False
hurricane,EP081978__EP151985,32,38,True,,False
hurricane,EP021949__EP111995,25,41,True,,False
hurricane,EP031988__EP061982,28,32,True,,False
hurricane,EP112001__EP091959,48,31,True,,False
hurricane,EP031975__EP091972,35,33,True,,False
hurricane,EP111975__EP061982,37,32,True,,False
hurricane,EP171987__EP031984,27,36,True,,False
hurricane,EP091959__EP091993,31,42,True,,False
hurricane,EP031988__EP141997,28,34,True,,False
hurricane,EP061992__EP101968,34,29,True,,False
hurricane,AL021895__AL021878,36,45,True,,False
hurricane,EP011957__EP052006,45,48,True,,False
hurricane,EP021954__EP122003,25,38,True,,False
hurricane,EP061984__EP112012,27,33,True,,False
hurricane,EP131990__EP052011,32,44,True,,False
hurricane,EP071984__EP011958,30,41,True,,False
hurricane,EP052006__EP081997,48,33,True,,False
hurricane,EP081978__EP091971,32,35,True,,False
hurricane,EP091976__EP091971,37,35,True,,False
hurricane,EP171982__EP032015,25,32,True,,False
hurricane,EP102008__EP032010,41,32,True,,False
hurricane,AL021879__AL082008,32,49,True,,False
hurricane,EP071978__EP121968,29,37,True,,False
hurricane,EP041983__EP061982,26,32,True,,False
hurricane,EP031988__EP212015,28,33,True,,False
hurricane,EP071987__EP091971,28,35,True,,False
hurricane,EP121983__EP071990,34,28,True,,False
hurricane,EP141987__EP142007,25,25,True,,False
hurricane,EP031988__EP041983,28,26,True,,False
hurricane,EP071987__EP102002,28,31,True,,False
hurricane,EP091988__EP032011,36,29,True,,False
hurricane,AL021908__AL051888,32,28,True,,False
hurricane,EP092000__EP072012,25,33,True,,False
hurricane,EP061984__EP032014,27,41,True,,False
hurricane,EP131971__EP142007,29,25,True,,False
hurricane,EP101980__EP151985,26,38,True,,False
hurricane,EP061970__EP061995,29,26,True,,False
hurricane,EP191968__EP061981,33,27,True,,False
hurricane,EP121982__EP061991,26,25,True,,False
hurricane,EP141987__EP152005,25,31,True,,False
hurricane,EP041983__EP151989,26,40,True,,False
hurricane,EP171984__EP011958,31,41,True,,False
hurricane,EP082008__EP121989,40,45,True,,False
hurricane,EP102002__EP121968,31,37,True,,False
hurricane,EP031994__EP021969,29,33,True,,False
hurricane,EP051973__EP081995,27,28,True,,False
hurricane,EP032011__EP012011,29,30,True,,False
hurricane,EP162003__EP012011,25,30,True,,False
hurricane,AL041857__AL131967,29,70,True,,False
hurricane,EP062003__EP041976,28,30,True,,False
hurricane,EP021981__EP152015,25,40,True,,False
hurricane,EP141970__EP081996,25,29,True,,False
hurricane,EP052009__EP051972,25,31,True,,False
hurricane,AL041951__AL052005,52,45,True,,False
hurricane,EP031988__EP051990,28,26,True,,False
hurricane,EP191968__EP031978,33,35,True,,False
hurricane,EP171987__EP092000,27,25,True,,False
hurricane,EP111995__EP082012,41,35,True,,False
hurricane,EP092008__EP081997,41,33,True,,False
hurricane,EP072011__EP101975,26,31,True,,False
hurricane,EP102006__EP071990,32,28,True,,False
hurricane,EP051990__EP041983,26,26,True,,False
hurricane,EP092000__EP212015,25,33,True,,False
hurricane,EP161983__EP141982,26,36,True,,False
hurricane,EP031988__EP121968,28,37,True,,False
hurricane,EP041981__EP031994,25,29,True,,False
hurricane,EP141998__EP021984,47,82,True,,False
hurricane,EP052002__EP032013,27,30,True,,False
hurricane,EP081967__EP151989,25,40,True,,False
hurricane,EP051973__EP151991,27,45,True,,False
hurricane,AL091932__AL031864,31,26,True,,False
hurricane,EP031995__EP041976,42,30,True,,False
hurricane,EP141987__EP181970,25,29,True,,False
hurricane,EP161983__EP111967,26,27,True,,False
hurricane,EP031988__EP151989,28,40,True,,False
hurricane,AL021940__AL021911,31,26,True,,False
hurricane,EP031968__EP151989,27,40,True,,False
hurricane,EP031968__EP051990,27,26,True,,False
hurricane,EP051990__EP061982,26,32,True,,False
hurricane,EP151968__EP122004,35,52,True,,False
hurricane,EP041991__EP111988,26,34,True,,False
hurricane,EP101980__EP141997,26,34,True,,False
hurricane,EP102006__EP111983,32,36,True,,False
hurricane,EP012012__EP012014,26,30,True,,False
hurricane,EP051951__EP151991,29,45,True,,False
hurricane,EP032000__EP141971,27,27,True,,False
hurricane,EP111975__EP091971,37,35,True,,False
hurricane,EP021999__EP031978,32,35,True,,False
hurricane,EP061972__EP111980,49,55,True,,False
hurricane,EP111954__EP021983,25,38,True,,False
hurricane,EP111985__EP051990,36,26,True,,False
hurricane,EP071995__EP072007,27,34,True,,False
hurricane,EP032006__EP092006,27,35,True,,False
hurricane,EP191985__EP181989,37,33,True,,False
hurricane,EP031994__EP081967,29,25,True,,False
hurricane,EP101975__EP061982,31,32,True,,False
hurricane,EP212015__EP171994,33,31,True,,False
hurricane,EP121993__EP061981,50,27,True,,False
hurricane,EP051951__EP031998,29,36,True,,False
hurricane,EP031994__EP151989,29,40,True,,False
hurricane,EP051973__EP092011,27,50,True,,False
hurricane,EP032013__EP081976,30,31,True,,False
hurricane,AL011923__AL071871,28,33,True,,False
hurricane,EP121970__EP061986,47,38,True,,False
hurricane,AL021960__AL011917,34,33,True,,False
hurricane,EP072008__EP091976,33,37,True,,False
hurricane,EP081988__EP121970,41,47,True,,False
hurricane,EP102002__EP141997,31,34,True,,False
hurricane,AL021895__AL051958,36,35,True,,False
hurricane,EP031986__EP011976,25,44,True,,False
hurricane,EP141970__EP031949,25,25,True,,False
hurricane,EP041994__EP101987,26,34,True,,False
hurricane,EP092007__EP102015,32,36,True,,False
hurricane,AL041944__AL141933,32,38,True,,False
hurricane,EP102006__EP031984,32,36,True,,False
hurricane,EP061970__EP072012,29,33,True,,False
hurricane,AL021960__AL071892,34,45,True,,False
hurricane,EP031998__EP091998,36,40,True,,False
hurricane,EP072012__EP171994,33,31,True,,False
hurricane,EP071987__EP031984,28,36,True,,False
hurricane,EP081981__EP211992,29,40,True,,False
hurricane,AL131969__AL161978,27,26,True,,False
hurricane,EP131985__EP141997,29,34,True,,False
hurricane,EP161970__EP091998,31,40,True,,False
hurricane,EP072011__EP041983,26,26,True,,False
hurricane,EP181982__EP031998,40,36,True,,False
hurricane,EP101983__EP171994,31,31,True,,False
hurricane,EP151982__EP131983,29,34,True,,False
hurricane,EP141998__EP011976,47,44,True,,False
hurricane,EP021969__EP191982,33,27,True,,False
hurricane,EP052001__EP101990,31,38,True,,False
hurricane,EP041991__EP012001,26,29,True,,False
hurricane,EP031975__EP041983,35,26,True,,False
hurricane,EP151967__EP231990,27,67,True,,False
hurricane,EP131970__EP092007,27,32,True,,False
hurricane,EP031988__EP151967,28,27,True,,False
hurricane,EP101983__EP212015,31,33,True,,False
hurricane,EP122003__EP142005,38,33,True,,False
hurricane,EP141987__EP122007,25,28,True,,False
hurricane,EP111985__EP031994,36,29,True,,False
hurricane,EP081987__EP072008,35,33,True,,False
hurricane,EP081993__EP032013,56,30,True,,False
hurricane,EP041981__EP031965,25,25,True,,False
hurricane,EP151982__EP191985,29,37,True,,False
hurricane,EP101970__EP172000,25,32,True,,False
hurricane,EP081998__EP101983,26,31,True,,False
hurricane,EP032005__EP051973,30,27,True,,False
hurricane,EP081998__EP171994,26,31,True,,False
hurricane,EP092002__EP171994,26,31,True,,False
hurricane,EP152014__EP161968,37,31,True,,False
hurricane,EP032013__EP041966,30,38,True,,False
hurricane,EP072011__EP071987,26,28,True,,False
hurricane,EP121982__EP261992,26,28,True,,False
hurricane,EP042002__EP231990,30,67,True,,False
hurricane,EP111993__EP081995,32,28,True,,False
hurricane,EP071973__EP152001,25,31,True,,False
hurricane,AL091999__AL101989,49,58,True,,False
hurricane,EP021983__EP011976,38,44,True,,False
hurricane,EP111993__EP032005,32,30,True,,False
hurricane,EP052002__EP121993,27,50,True,,False
hurricane,AL051942__AL131969,32,27,True,,False
hurricane,EP172000__EP171987,32,27,True,,False
hurricane,EP051966__EP032009,25,25,True,,False
hurricane,EP121982__EP081971,26,49,True,,False
hurricane,AL051876__AL111909,49,30,True,,False
hurricane,EP031988__EP101980,28,26,True,,False
hurricane,EP081990__EP072008,35,33,True,,False
hurricane,EP051992__EP091984,31,36,True,,False
hurricane,AL051876__AL071865,49,34,True,,False
hurricane,EP042006__EP111975,33,37,True,,False
hurricane,EP011976__EP111988,44,34,True,,False
hurricane,EP111983__EP072007,36,34,True,,False
hurricane,EP091972__EP032010,33,32,True,,False
hurricane,EP152014__EP022015,37,38,True,,False
hurricane,EP071987__EP151967,28,27,True,,False
hurricane,EP071990__EP091995,28,29,True,,False
hurricane,AL081968__AL022009,31,26,True,,False
hurricane,AL061971__AL021954,29,27,True,,False
hurricane,AL041908__AL021989,25,28,True,,False
hurricane,EP042004__EP091965,30,37,True,,False
hurricane,EP102002__EP021981,31,25,True,,False
hurricane,EP031968__EP151985,27,38,True,,False
hurricane,EP091975__EP041965,35,31,True,,False
hurricane,EP091975__EP161970,35,31,True,,False
hurricane,EP172000__EP111995,32,41,True,,False
hurricane,EP141997__EP151985,34,38,True,,False
hurricane,EP021981__EP072007,25,34,True,,False
hurricane,EP052001__EP111993,31,32,True,,False
hurricane,EP031975__EP021999,35,32,True,,False
hurricane,EP032005__EP081995,30,28,True,,False
hurricane,EP191982__EP131986,27,28,True,,False
hurricane,EP101970__EP061970,25,29,True,,False
hurricane,AL101955__AL021960,40,34,True,,False
hurricane,EP041965__EP231990,31,67,True,,False
hurricane,EP102004__EP111978,33,38,True,,False
hurricane,EP031971__EP011980,27,28,True,,False
hurricane,EP171987__EP081980,27,30,True,,False
hurricane,EP101980__EP101983,26,31,True,,False
hurricane,EP071990__EP072007,28,34,True,,False
hurricane,EP081954__EP092000,27,25,True,,False
hurricane,AL141933__AL021895,38,36,True,,False
hurricane,EP031991__EP191984,45,33,True,,False
hurricane,EP021949__EP092013,25,31,True,,False
hurricane,EP051986__EP092014,40,45,True,,False
hurricane,EP042004__EP051979,30,29,True,,False
hurricane,EP062003__EP031995,28,42,True,,False
hurricane,EP042006__EP031994,33,29,True,,False
hurricane,EP131985__EP102002,29,31,True,,False
hurricane,EP101980__EP071971,26,29,True,,False
hurricane,EP091988__EP172014,36,44,True,,False
hurricane,EP071990__EP042014,28,42,True,,False
hurricane,EP151989__EP141997,40,34,True,,False
hurricane,EP051990__EP141997,26,34,True,,False
hurricane,EP051966__EP162009,25,30,True,,False
hurricane,EP131974__EP031984,27,36,True,,False
hurricane,EP081997__EP041984,33,48,True,,False
hurricane,EP101975__EP011985,31,27,True,,False
hurricane,EP112001__EP112006,48,32,True,,False
hurricane,EP071973__EP071978,25,29,True,,False
hurricane,EP072011__EP041965,26,31,True,,False
hurricane,EP132004__EP112006,39,32,True,,False
hurricane,EP071995__EP032014,27,41,True,,False
hurricane,EP012001__EP111988,29,34,True,,False
hurricane,EP102002__EP171987,31,27,True,,False
hurricane,EP111985__EP151989,36,40,True,,False
hurricane,EP191985__EP101989,37,27,True,,False
hurricane,EP092010__EP011976,30,44,True,,False
hurricane,EP042006__EP101985,33,37,True,,False
hurricane,EP041983__EP231990,26,67,True,,False
hurricane,EP162009__EP211992,30,40,True,,False
hurricane,EP031966__EP101987,39,34,True,,False
hurricane,EP131983__EP091991,34,26,True,,False
hurricane,AL041944__AL021878,32,45,True,,False
hurricane,EP051990__EP101985,26,37,True,,False
hurricane,EP071973__EP131987,25,29,True,,False
hurricane,EP212015__EP072012,33,33,True,,False
hurricane,EP122007__EP142003,28,28,True,,False
hurricane,EP141997__EP032004,34,28,True,,False
hurricane,EP031968__EP131985,27,29,True,,False
hurricane,EP172000__EP082012,32,35,True,,False
hurricane,EP042012__EP111992,41,50,True,,False
hurricane,EP171987__EP101983,27,31,True,,False
hurricane,EP111983__EP182014,36,36,True,,False
hurricane,AL021983__AL042015,25,31,True,,False
hurricane,EP191985__EP091984,37,36,True,,False
hurricane,AL141933__AL071892,38,45,True,,False
hurricane,AL041891__AL051900,34,42,True,,False
hurricane,AL091933__AL052001,34,27,True,,False
hurricane,EP122007__EP181970,28,29,True,,False
hurricane,EP042006__EP101975,33,31,True,,False
hurricane,AL061971__AL101984,29,33,True,,False
hurricane,EP022008__EP122004,37,52,True,,False
hurricane,EP121968__EP151985,37,38,True,,False
hurricane,EP072011__EP091972,26,33,True,,False
hurricane,AL112009__AL011953,31,53,True,,False
hurricane,EP031968__EP102002,27,31,True,,False
hurricane,EP011969__EP021984,28,82,True,,False
hurricane,EP081978__EP082005,32,34,True,,False
hurricane,EP072008__EP091971,33,35,True,,False
hurricane,AL101924__AL152001,40,34,True,,False
hurricane,EP121982__EP011980,26,28,True,,False
hurricane,EP072013__EP061991,32,25,True,,False
hurricane,EP191968__EP021999,33,32,True,,False
hurricane,EP092008__EP111973,41,39,True,,False
hurricane,EP052001__EP141971,31,27,True,,False
hurricane,EP121982__EP031971,26,27,True,,False
hurricane,AL091887__AL131967,47,70,True,,False
hurricane,EP051990__EP031994,26,29,True,,False
hurricane,AL041857__AL091887,29,47,True,,False
hurricane,EP051966__EP092002,25,26,True,,False
hurricane,EP081995__EP182014,28,36,True,,False
hurricane,AL111994__AL101950,28,27,True,,False
hurricane,EP081967__EP051995,25,36,True,,False
hurricane,EP171987__EP021981,27,25,True,,False
hurricane,EP051979__EP141990,29,35,True,,False
hurricane,EP052012__EP041971,44,47,True,,False
hurricane,EP081995__EP032014,28,41,True,,False
hurricane,EP071990__EP032004,28,28,True,,False
hurricane,EP171982__EP031996,25,29,True,,False
hurricane,EP141987__EP082012,25,35,True,,False
hurricane,AL021903__AL052005,43,45,True,,False
hurricane,EP041975__EP021984,41,82,True,,False
hurricane,AL061909__AL021895,34,36,True,,False
hurricane,EP102000__EP071971,25,29,True,,False
hurricane,EP071965__EP132003,31,31,True,,False
hurricane,EP102002__EP031984,31,36,True,,False
hurricane,EP042006__EP031975,33,35,True,,False
hurricane,EP052011__EP121970,44,47,True,,False
hurricane,EP081999__EP082013,39,41,True,,False
hurricane,EP121982__EP022008,26,37,True,,False
hurricane,EP031968__EP081978,27,32,True,,False
hurricane,EP031984__EP072012,36,33,True,,False
hurricane,EP031965__EP172009,25,31,True,,False
hurricane,EP112012__EP182014,33,36,True,,False
hurricane,EP121989__EP181985,45,46,True,,False
hurricane,EP111985__EP021969,36,33,True,,False
hurricane,EP041985__EP061981,39,27,True,,False
hurricane,EP051990__EP121968,26,37,True,,False
hurricane,EP071987__EP072007,28,34,True,,False
hurricane,EP021954__EP102008,25,41,True,,False
hurricane,EP021969__EP121991,33,46,True,,False
hurricane,EP051979__EP011980,29,28,True,,False
hurricane,EP041965__EP051973,31,27,True,,False
hurricane,AL041944__AL061931,32,28,True,,False
hurricane,AL121893__AL161984,32,56,True,,False
hurricane,EP021949__EP131971,25,29,True,,False
hurricane,EP142003__EP111998,28,33,True,,False
hurricane,EP031968__EP141997,27,34,True,,False
hurricane,EP131985__EP032004,29,28,True,,False
hurricane,EP072010__EP111988,26,34,True,,False
hurricane,AL081967__AL161967,25,33,True,,False
hurricane,EP081967__EP101985,25,37,True,,False
hurricane,EP072011__EP092011,26,50,True,,False
hurricane,EP072011__EP091975,26,35,True,,False
hurricane,EP052001__EP032005,31,30,True,,False
hurricane,AL021895__AL031910,36,44,True,,False
hurricane,EP012003__EP031995,28,42,True,,False
hurricane,EP041981__EP081967,25,25,True,,False
hurricane,EP061970__EP101996,29,46,True,,False
hurricane,AL041857__AL031910,29,44,True,,False
hurricane,EP101980__EP121968,26,37,True,,False
hurricane,EP061987__EP091985,30,25,True,,False
hurricane,EP011957__EP071991,45,40,True,,False
hurricane,EP072011__EP051990,26,26,True,,False
hurricane,EP072007__EP031984,34,36,True,,False
hurricane,AL061885__AL011860,37,35,True,,False
hurricane,EP091990__EP061981,47,27,True,,False
hurricane,EP042006__EP081978,33,32,True,,False
hurricane,EP131994__EP101978,30,50,True,,False
hurricane,EP051995__EP092000,36,25,True,,False
hurricane,EP111995__EP032014,41,41,True,,False
hurricane,AL061936__AL051939,31,30,True,,False
hurricane,EP072011__EP091971,26,35,True,,False
hurricane,EP032004__EP151985,28,38,True,,False
hurricane,EP191985__EP101990,37,38,True,,False
hurricane,EP101983__EP072012,31,33,True,,False
hurricane,EP161968__EP091993,31,42,True,,False
hurricane,EP051995__EP141991,36,42,True,,False
hurricane,EP151989__EP091972,40,33,True,,False
hurricane,EP212014__EP031974,27,61,True,,False
hurricane,AL061909__AL031910,34,44,True,,False
hurricane,EP102006__EP102002,32,31,True,,False
hurricane,EP031975__EP111985,35,36,True,,False
hurricane,EP082005__EP072008,34,33,True,,False
hurricane,EP031975__EP071978,35,29,True,,False
hurricane,EP091965__EP141990,37,35,True,,False
hurricane,EP082005__EP091976,34,37,True,,False
hurricane,EP071978__EP061982,29,32,True,,False
hurricane,EP071984__EP132009,30,39,True,,False
hurricane,EP061997__EP081971,30,49,True,,False
hurricane,EP081954__EP032010,27,32,True,,False
hurricane,EP051995__EP171994,36,31,True,,False
hurricane,EP091976__EP092011,37,50,True,,False
hurricane,EP102002__EP042014,31,42,True,,False
hurricane,EP101980__EP051995,26,36,True,,False
hurricane,EP041981__EP212015,25,33,True,,False
hurricane,EP101985__EP151985,37,38,True,,False
hurricane,EP172000__EP031984,32,36,True,,False
hurricane,AL022009__AL102008,26,33,True,,False
hurricane,AL061909__AL041857,34,29,True,,False
hurricane,EP081958__EP031965,27,25,True,,False
hurricane,EP191968__EP121993,33,50,True,,False
hurricane,EP152009__EP062015,38,38,True,,False
hurricane,EP121988__EP081976,38,31,True,,False
hurricane,EP131983__EP052015,34,45,True,,False
hurricane,EP121983__EP091995,34,29,True,,False
hurricane,EP151987__EP031959,28,25,True,,False
hurricane,EP131994__EP092007,30,32,True,,False
hurricane,EP111954__EP021984,25,82,True,,False
hurricane,AL061931__AL011917,28,33,True,,False
hurricane,EP131971__EP092013,29,31,True,,False
hurricane,EP022008__EP261992,37,28,True,,False
hurricane,EP181984__EP032011,36,29,True,,False
hurricane,AL071891__AL061882,25,45,True,,False
hurricane,EP101970__EP122003,25,38,True,,False
hurricane,EP071972__EP052015,37,45,True,,False
hurricane,EP051992__EP081990,31,35,True,,False
hurricane,EP031975__EP051990,35,26,True,,False
hurricane,EP031995__EP161974,42,43,True,,False
hurricane,AL021943__AL041852,26,36,True,,False
hurricane,EP131990__EP041978,32,29,True,,False
hurricane,EP131983__EP101989,34,27,True,,False
hurricane,EP031968__EP121983,27,34,True,,False
hurricane,EP041953__EP111988,25,34,True,,False
hurricane,EP191985__EP091991,37,26,True,,False
hurricane,EP081981__EP162009,29,30,True,,False
hurricane,EP011969__EP011976,28,44,True,,False
hurricane,AL021889__AL112000,25,29,True,,False
hurricane,EP051973__EP152001,27,31,True,,False
hurricane,EP091988__EP032005,36,30,True,,False
hurricane,EP101975__EP071978,31,29,True,,False
hurricane,EP081978__EP111975,32,37,True,,False
hurricane,EP081978__EP151989,32,40,True,,False
hurricane,EP021949__EP082012,25,35,True,,False
hurricane,EP111985__EP061982,36,32,True,,False
hurricane,EP091975__EP071978,35,29,True,,False
hurricane,EP021949__EP112012,25,33,True,,False
hurricane,EP052001__EP051973,31,27,True,,False
hurricane,EP141997__EP121968,34,37,True,,False
hurricane,EP031968__EP032004,27,28,True,,False
hurricane,EP081988__EP052011,41,44,True,,False
hurricane,EP081991__EP191984,28,33,True,,False
hurricane,EP041983__EP091971,26,35,True,,False
hurricane,AL041865__AL031875,37,45,True,,False
hurricane,AL051907__AL132012,28,42,True,,False
hurricane,EP181970__EP142003,29,28,True,,False
hurricane,EP051988__EP032010,25,32,True,,False
hurricane,EP071971__EP151985,29,38,True,,False
hurricane,EP151989__EP121968,40,37,True,,False
hurricane,EP031968__EP071990,27,28,True,,False
hurricane,EP051973__EP042002,27,30,True,,False
hurricane,EP032014__EP112012,41,33,True,,False
hurricane,EP101970__EP071954,25,25,True,,False
hurricane,EP072008__EP151991,33,45,True,,False
hurricane,EP092002__EP061992,26,34,True,,False
hurricane,EP031988__EP071973,28,25,True,,False
hurricane,EP031957__EP142014,27,35,True,,False
hurricane,EP041953__EP032014,25,41,True,,False
hurricane,EP112006__EP091959,32,31,True,,False
hurricane,EP101989__EP071995,27,27,True,,False
hurricane,EP082008__EP161974,40,43,True,,False
hurricane,EP051951__EP041965,29,31,True,,False
hurricane,EP161970__EP011973,31,43,True,,False
hurricane,EP021985__EP041965,41,31,True,,False
hurricane,AL071996__AL102015,29,51,True,,False
hurricane,EP121983__EP091984,34,36,True,,False
hurricane,EP111983__EP181989,36,33,True,,False
hurricane,AL061880__AL051924,26,29,True,,False
hurricane,EP032000__EP011976,27,44,True,,False
hurricane,EP101989__EP061984,27,27,True,,False
hurricane,EP031949__EP132003,25,31,True,,False
hurricane,EP041981__EP031988,25,28,True,,False
hurricane,EP031994__EP141991,29,42,True,,False
hurricane,EP151967__EP111975,27,37,True,,False
hurricane,EP041991__EP042013,26,40,True,,False
hurricane,EP152001__EP081995,31,28,True,,False
hurricane,EP111954__EP041975,25,41,True,,False
hurricane,EP081987__EP101990,35,38,True,,False
hurricane,AL011893__AL061904,36,26,True,,False
hurricane,EP021954__EP032010,25,32,True,,False
hurricane,EP031966__EP161990,39,55,True,,False
hurricane,AL101878__AL121995,28,31,True,,False
hurricane,AL192011__AL102000,27,29,True,,False
hurricane,AL021867__AL031862,28,34,True,,False
hurricane,AL041911__AL062007,38,28,True,,False
hurricane,EP111993__EP051973,32,27,True,,False
hurricane,EP112001__EP091993,48,42,True,,False
hurricane,EP051990__EP071971,26,29,True,,False
hurricane,EP081958__EP131967,27,33,True,,False
hurricane,EP101975__EP031988,31,28,True,,False
hurricane,EP091988__EP041965,36,31,True,,False
hurricane,EP102011__EP212014,30,27,True,,False
hurricane,EP131990__EP031991,32,45,True,,False
hurricane,EP031988__EP081978,28,32,True,,False
hurricane,EP081958__EP041954,27,31,True,,False
hurricane,EP091975__EP092011,35,50,True,,False
hurricane,AL101886__AL111973,25,25,True,,False
hurricane,EP021954__EP061970,25,29,True,,False
hurricane,EP091975__EP091971,35,35,True,,False
hurricane,EP151989__EP101985,40,37,True,,False
hurricane,EP041981__EP021999,25,32,True,,False
hurricane,EP091991__EP062006,26,41,True,,False
hurricane,EP021999__EP131986,32,28,True,,False
hurricane,AL021878__AL091887,45,47,True,,False
hurricane,EP071978__EP091976,29,37,True,,False
hurricane,AL041944__AL011917,32,33,True,,False
hurricane,EP021983__EP141998,38,47,True,,False
hurricane,AL031937__AL051881,39,37,True,,False
hurricane,EP061997__EP092006,30,35,True,,False
hurricane,EP082005__EP091971,34,35,True,,False
hurricane,EP141978__EP091991,30,26,True,,False
hurricane,AL031854__AL011991,25,25,True,,True
hurricane,EP102002__EP032004,31,28,True,,False
hurricane,EP131994__EP061988,30,49,True,,False
hurricane,EP131974__EP182014,27,36,True,,False
hurricane,AL101984__AL011962,33,30,True,,False
hurricane,EP021954__EP051988,25,25,True,,False
hurricane,EP021983__EP021984,38,82,True,,False
hurricane,EP071987__EP032005,28,30,True,,False
hurricane,EP052001__EP032000,31,27,True,,False
hurricane,EP071990__EP152015,28,40,True,,False
hurricane,EP101970__EP142005,25,33,True,,False
hurricane,AL081880__AL051880,32,40,True,,False
hurricane,EP011958__EP212014,41,27,True,,False
hurricane,EP072001__EP112003,28,28,True,,False
hurricane,EP042002__EP031984,30,36,True,,False
hurricane,EP171984__EP132009,31,39,True,,False
hurricane,EP042006__EP031988,33,28,True,,False
hurricane,EP081980__EP152015,30,40,True,,False
hurricane,EP172000__EP081995,32,28,True,,False
hurricane,EP051998__EP111978,37,38,True,,False
hurricane,AL011991__AL021906,25,41,True,,False
hurricane,EP031984__EP212015,36,33,True,,False
hurricane,EP091972__EP231990,33,67,True,,False
hurricane,EP151990__EP041978,36,29,True,,False
hurricane,EP031986__EP111983,25,36,True,,False
hurricane,EP041953__EP182014,25,36,True,,False
hurricane,EP031988__EP101983,28,31,True,,False
hurricane,AL011965__AL041902,29,44,True,,False
hurricane,EP161970__EP041992,31,50,True,,False
hurricane,EP171987__EP042002,27,30,True,,False
hurricane,EP112007__EP132009,30,39,True,,False
hurricane,EP152001__EP231990,31,67,True,,False
hurricane,EP041976__EP041984,30,48,True,,False
hurricane,EP041979__EP121968,27,37,True,,False
hurricane,EP031988__EP091972,28,33,True,,False
hurricane,EP151982__EP181989,29,33,True,,False
hurricane,EP121983__EP102006,34,32,True,,False
hurricane,EP151968__EP022008,35,37,True,,False
hurricane,EP031965__EP141991,25,42,True,,False
hurricane,EP071987__EP041983,28,26,True,,False
hurricane,EP081988__EP121989,41,45,True,,False
hurricane,AL052005__AL021933,45,53,True,,False
hurricane,EP031968__EP041983,27,26,True,,False
hurricane,AL051924__AL071879,29,25,True,,False
hurricane,EP061970__EP142005,29,33,True,,False
hurricane,EP181985__EP092012,46,47,True,,False
hurricane,AL031864__AL062007,26,28,True,,False
hurricane,EP081987__EP081990,35,35,True,,False
hurricane,EP051952__EP032004,29,28,True,,False
hurricane,EP071990__EP021981,28,25,True,,False
hurricane,EP121983__EP102002,34,31,True,,False
hurricane,EP132004__EP132009,39,39,True,,False
hurricane,EP021985__EP042010,41,50,True,,False
hurricane,AL011860__AL051912,35,30,True,,False
hurricane,EP131974__EP171987,27,27,True,,False
hurricane,EP121983__EP082005,34,34,True,,False
hurricane,EP012011__EP241990,30,41,True,,False
hurricane,EP131974__EP072012,27,33,True,,False
hurricane,AL031910__AL091887,44,47,True,,False
hurricane,EP141994__EP102004,28,33,True,,False
hurricane,EP142014__EP112012,35,33,True,,False
hurricane,EP181982__EP011973,40,43,True,,False
hurricane,AL051880__AL031915,40,59,True,,False
hurricane,AL111972__AL021954,29,27,True,,False
hurricane,EP151989__EP071971,40,29,True,,False
hurricane,EP211992__EP091995,40,29,True,,False
hurricane,EP081991__EP091998,28,40,True,,False
hurricane,EP161968__EP022015,31,38,True,,False
hurricane,EP072011__EP091988,26,36,True,,False
hurricane,EP141970__EP152005,25,31,True,,False
hurricane,EP111983__EP152015,36,40,True,,False
hurricane,EP041965__EP042002,31,30,True,,False
hurricane,EP062005__EP122004,33,52,True,,False
hurricane,EP031975__EP121991,35,46,True,,False
hurricane,EP041975__EP011976,41,44,True,,False
hurricane,EP051990__EP091972,26,33,True,,False
hurricane,AL031931__AL141933,34,38,True,,False
hurricane,EP071954__EP211992,25,40,True,,False
hurricane,EP072011__EP161970,26,31,True,,False
hurricane,AL011928__AL011852,46,45,True,,False
hurricane,EP081978__EP101985,32,37,True,,False
hurricane,EP102009__EP102014,46,65,True,,False
hurricane,EP021991__EP091982,30,30,True,,False
hurricane,AL051942__AL161978,32,26,True,,False
hurricane,EP061986__EP131991,38,70,True,,False
hurricane,EP101980__EP032004,26,28,True,,False
hurricane,AL101955__AL071892,40,45,True,,False
hurricane,EP081987__EP041965,35,31,True,,False
hurricane,EP101975__EP041983,31,26,True,,False
hurricane,EP161968__EP112006,31,32,True,,False
hurricane,EP031988__EP071987,28,28,True,,False
hurricane,EP121983__EP091971,34,35,True,,False
hurricane,EP051995__EP031990,36,32,True,,False
hurricane,EP101970__EP092000,25,25,True,,False
hurricane,EP102006__EP071995,32,27,True,,False
hurricane,EP102002__EP152001,31,31,True,,False
hurricane,EP081967__EP092002,25,26,True,,False
hurricane,EP051972__EP061992,31,34,True,,False
hurricane,EP152001__EP031984,31,36,True,,False
hurricane,EP072010__EP092010,26,30,True,,False
hurricane,EP111985__EP081978,36,32,True,,False
hurricane,EP081998__EP092002,26,26,True,,False
hurricane,EP031995__EP261992,42,28,True,,False
hurricane,AL141933__AL011917,38,33,True,,False
hurricane,AL051918__AL041943,27,36,True,,False
hurricane,EP042004__EP081965,30,31,True,,False
hurricane,AL051958__AL021880,35,45,True,,False
hurricane,EP151982__EP152015,29,40,True,,False
hurricane,EP141997__EP071971,34,29,True,,False
hurricane,EP031968__EP121968,27,37,True,,False
hurricane,EP131994__EP161990,30,55,True,,False
hurricane,EP151989__EP212015,40,33,True,,False
hurricane,EP071987__EP121968,28,37,True,,False
hurricane,EP072011__EP151991,26,45,True,,False
hurricane,EP042006__EP071978,33,29,True,,False
hurricane,EP022001__EP101981,26,27,True,,False
hurricane,AL021911__AL052010,26,32,True,,False
hurricane,EP021954__EP092005,25,34,True,,False
hurricane,EP212015__EP152007,33,50,True,,False
hurricane,EP111975__EP101985,37,37,True,,False
hurricane,EP101975__EP041965,31,31,True,,False
hurricane,EP072007__EP152015,34,40,True,,False
hurricane,EP081978__EP092011,32,50,True,,False
hurricane,EP071973__EP102002,25,31,True,,False
hurricane,EP062011__EP182015,29,27,True,,False
hurricane,EP041965__EP032005,31,30,True,,False
hurricane,EP022008__EP191990,37,35,True,,False
hurricane,EP141967__EP092013,37,31,True,,False
hurricane,EP172000__EP072012,32,33,True,,False
hurricane,EP021999__EP121991,32,46,True,,False
hurricane,EP031971__EP031978,27,35,True,,False
hurricane,EP092000__EP072007,25,34,True,,False
hurricane,EP081980__EP031984,30,36,True,,False
hurricane,EP121989__EP081976,45,31,True,,False
hurricane,EP031968__EP102000,27,25,True,,False
hurricane,EP211992__EP032004,40,28,True,,False
hurricane,EP191968__EP031994,33,29,True,,False
hurricane,EP021983__EP041975,38,41,True,,False
hurricane,EP032000__EP031986,27,25,True,,False
hurricane,AL091974__AL032012,28,31,True,,False
hurricane,EP021969__EP031978,33,35,True,,False
hurricane,EP041981__EP071971,25,29,True,,False
hurricane,EP081967__EP071971,25,29,True,,False
hurricane,EP091975__EP231990,35,67,True,,False
hurricane,EP021981__EP092000,25,25,True,,False
hurricane,EP101975__EP021969,31,33,True,,False
hurricane,EP081978__EP071971,32,29,True,,False
hurricane,EP051966__EP171990,25,39,True,,False
hurricane,EP081987__EP151991,35,45,True,,False
hurricane,EP011976__EP241990,44,41,True,,False
hurricane,EP101989__EP112012,27,33,True,,False
hurricane,EP102006__EP091971,32,35,True,,False
hurricane,EP042011__EP151971,33,45,True,,False
hurricane,EP052011__EP121989,44,45,True,,False
hurricane,EP181984__EP042010,36,50,True,,False
hurricane,EP041983__EP141997,26,34,True,,False
hurricane,EP061982__EP092012,32,47,True,,False
hurricane,EP031986__EP021984,25,82,True,,False
hurricane,EP081980__EP131987,30,29,True,,False
hurricane,EP111954__EP011976,25,44,True,,False
hurricane,EP102004__EP071992,33,42,True,,False
hurricane,EP122003__EP132012,38,44,True,,False
hurricane,EP101982__EP051985,35,35,True,,False
hurricane,EP181970__EP152005,29,31,True,,False
hurricane,EP022008__EP031978,37,35,True,,False
hurricane,EP121983__EP071987,34,28,True,,False
hurricane,EP081965__EP171990,31,39,True,,False
hurricane,EP081996__EP152005,29,31,True,,False
hurricane,EP051990__EP111975,26,37,True,,False
hurricane,EP071990__EP091971,28,35,True,,False
hurricane,EP071992__EP061997,42,30,True,,False
hurricane,EP171987__EP212015,27,33,True,,False
hurricane,AL031910__AL131967,44,70,True,,False
hurricane,EP061970__EP122003,29,38,True,,False
hurricane,EP121988__EP101986,38,44,True,,False
hurricane,EP141970__EP141987,25,25,True,,False
hurricane,EP111993__EP091988,32,36,True,,False
hurricane,EP081967__EP101983,25,31,True,,False
hurricane,AL081934__AL031901,29,42,True,,False
hurricane,EP081988__EP061986,41,38,True,,False
hurricane,EP131990__EP121989,32,45,True,,False
hurricane,AL041872__AL091995,28,41,True,,False
hurricane,EP071973__EP171987,25,27,True,,False
hurricane,EP081967__EP211992,25,40,True,,False
hurricane,EP101975__EP231990,31,67,True,,False
hurricane,EP131985__EP151985,29,38,True,,False
hurricane,EP141997__EP212015,34,33,True,,False
hurricane,AL041924__AL051940,48,49,True,,False
hurricane,EP062006__EP142000,41,37,True,,False
hurricane,AL041944__AL021960,32,34,True,,False
hurricane,EP111983__EP112012,36,33,True,,False
hurricane,EP071973__EP051973,25,27,True,,False
hurricane,EP041983__EP071978,26,29,True,,False
hurricane,EP041978__EP121989,29,45,True,,False
hurricane,EP121968__EP111975,37,37,True,,False
hurricane,EP101980__EP171994,26,31,True,,False
hurricane,EP151990__EP121989,36,45,True,,False
hurricane,EP071995__EP031949,27,25,True,,False
hurricane,AL061915__AL102002,42,55,True,,False
hurricane,EP162003__EP012001,25,29,True,,False
hurricane,EP022012__EP212014,25,27,True,,False
hurricane,EP102002__EP131987,31,29,True,,False
hurricane,EP031959__EP152009,25,38,True,,False
hurricane,EP131974__EP041953,27,25,True,,False
hurricane,EP081990__EP051960,35,47,True,,False
hurricane,EP021981__EP131987,25,29,True,,False
hurricane,EP141997__EP111975,34,37,True,,False
hurricane,EP031990__EP072012,32,33,True,,False
hurricane,EP072011__EP071973,26,25,True,,False
hurricane,EP081990__EP071972,35,37,True,,False
hurricane,EP031988__EP051995,28,36,True,,False
hurricane,EP131985__EP081998,29,26,True,,False
hurricane,EP082012__EP182014,35,36,True,,False
hurricane,EP161968__EP152008,31,38,True,,False
hurricane,EP141997__EP042014,34,42,True,,False
hurricane,EP161970__EP071978,31,29,True,,False
hurricane,EP151967__EP032010,27,32,True,,False
hurricane,EP102000__EP081954,25,27,True,,False
hurricane,EP112007__EP152014,30,37,True,,False
hurricane,EP131985__EP092002,29,26,True,,False
hurricane,EP102006__EP152015,32,40,True,,False
hurricane,EP052006__EP071991,48,40,True,,False
hurricane,EP031988__EP031994,28,29,True,,False
hurricane,EP072010__EP011976,26,44,True,,False
hurricane,EP092005__EP011985,34,27,True,,False
hurricane,EP071978__EP091972,29,33,True,,False
hurricane,AL031883__AL011910,39,27,True,,False
hurricane,EP091984__EP101990,36,38,True,,False
hurricane,EP091988__EP151991,36,45,True,,False
hurricane,EP051973__EP041975,27,41,True,,False
hurricane,EP081978__EP091976,32,37,True,,False
hurricane,EP041981__EP131986,25,28,True,,False
hurricane,EP111983__EP032014,36,41,True,,False
hurricane,EP021985__EP151991,41,45,True,,False
hurricane,EP021981__EP031984,25,36,True,,False
hurricane,EP172000__EP041953,32,25,True,,False
hurricane,EP111993__EP141971,32,27,True,,False
hurricane,EP121993__EP032013,50,30,True,,False
hurricane,EP141990__EP122004,35,52,True,,False
hurricane,EP071973__EP031984,25,36,True,,False
hurricane,EP081993__EP121989,56,45,True,,False
hurricane,EP071978__EP231990,29,67,True,,False
hurricane,EP061997__EP111978,30,38,True,,False
hurricane,EP032004__EP091995,28,29,True,,False
hurricane,AL021889__AL021886,25,33,True,,False
hurricane,EP032009__EP092002,25,26,True,,False
hurricane,AL091945__AL082008,39,49,True,,False
hurricane,AL061909__AL051958,34,35,True,,False
hurricane,EP031988__EP111975,28,37,True,,False
hurricane,AL021960__AL141933,34,38,True,,False
hurricane,EP162005__EP181984,26,36,True,,False
hurricane,EP141991__EP212015,42,33,True,,False
hurricane,EP092010__EP071984,30,30,True,,False
hurricane,EP172000__EP111983,32,36,True,,False
hurricane,EP011957__EP051998,45,37,True,,False
hurricane,EP071987__EP071990,28,28,True,,False
hurricane,EP081995__EP112012,28,33,True,,False
hurricane,EP021969__EP131986,33,28,True,,False
hurricane,EP051973__EP091971,27,35,True,,False
hurricane,EP011973__EP041992,43,50,True,,False
hurricane,EP081981__EP071971,29,29,True,,False
hurricane,AL061879__AL041887,33,37,True,,False
hurricane,EP091972__EP111975,33,37,True,,False
hurricane,EP071987__EP141997,28,34,True,,False
hurricane,EP071973__EP121968,25,37,True,,False
hurricane,EP212015__EP031990,33,32,True,,False
hurricane,EP072004__EP182015,27,27,True,,False
hurricane,EP082012__EP112012,35,33,True,,False
hurricane,EP101989__EP081995,27,28,True,,False
hurricane,EP091965__EP191990,37,35,True,,False
hurricane,EP032005__EP032011,30,29,True,,False
hurricane,EP131990__EP051968,32,33,True,,False
hurricane,AL021908__AL061954,32,30,True,,False
hurricane,EP131987__EP231990,29,67,True,,False
hurricane,EP091985__CP012003,25,25,True,,False
hurricane,EP072008__EP051973,33,27,True,,False
hurricane,EP122007__EP142007,28,25,True,,False
hurricane,EP031957__EP031949,27,25,True,,False
hurricane,EP062003__EP261992,28,28,True,,False
hurricane,EP081992__EP041982,48,62,True,,False
hurricane,EP041994__EP112005,26,65,True,,False
hurricane,EP102000__EP071954,25,25,True,,False
hurricane,EP212006__EP022003,29,31,True,,False
hurricane,EP041984__EP061997,48,30,True,,False
hurricane,EP051951__EP181982,29,40,True,,False
hurricane,EP081988__EP161974,41,43,True,,False
hurricane,EP061970__EP031990,29,32,True,,False
hurricane,AL061916__AL051886,33,40,True,,False
hurricane,EP151989__EP151967,40,27,True,,False
hurricane,EP041965__EP152001,31,31,True,,False
hurricane,EP061984__EP081996,27,29,True,,False
hurricane,EP171987__EP182014,27,36,True,,False
hurricane,EP032005__EP092011,30,50,True,,False
hurricane,EP032009__EP051952,25,29,True,,False
hurricane,EP031971__EP091965,27,37,True,,False
hurricane,EP051988__EP102008,25,41,True,,False
hurricane,EP091984__EP091976,36,37,True,,False
hurricane,EP051990__EP101980,26,26,True,,False
hurricane,EP041981__EP061982,25,32,True,,False
hurricane,EP062008__EP121970,41,47,True,,False
hurricane,EP171986__EP202009,28,27,True,,False
hurricane,EP081967__EP061982,25,32,True,,False
hurricane,EP021969__EP101985,33,37,True,,False
hurricane,EP091998__EP121991,40,46,True,,False
hurricane,EP101980__EP041979,26,27,True,,False
hurricane,EP031975__EP151989,35,40,True,,False
hurricane,EP111993__EP101990,32,38,True,,False
hurricane,EP161971__EP131976,27,40,True,,False
hurricane,AL091943__AL011861,25,28,True,,False
hurricane,EP151982__EP142000,29,37,True,,False
hurricane,EP151967__EP031984,27,36,True,,False
hurricane,AL021880__AL041909,45,38,True,,False
hurricane,AL031890__AL031896,33,43,True,,False
hurricane,EP131974__EP092000,27,25,True,,False
hurricane,AL051872__AL112000,28,29,True,,False
hurricane,EP011957__EP081997,45,33,True,,False
hurricane,EP071972__EP101990,37,38,True,,False
hurricane,EP191968__EP081976,33,31,True,,False
hurricane,EP031975__EP031988,35,28,True,,False
hurricane,AL081891__AL061899,35,26,True,,False
hurricane,EP151989__EP101980,40,26,True,,False
hurricane,EP101975__EP151967,31,27,True,,False
hurricane,AL061936__AL052001,31,27,True,,False
hurricane,EP021981__EP181989,25,33,True,,False
hurricane,EP032005__EP041975,30,41,True,,False
hurricane,EP112007__EP132004,30,39,True,,False
hurricane,EP051995__EP092002,36,26,True,,False
hurricane,EP051995__EP081998,36,26,True,,False
hurricane,EP092014__EP061988,45,49,True,,False
hurricane,EP081996__EP181970,29,29,True,,False
hurricane,EP171987__EP131987,27,29,True,,False
hurricane,EP131987__EP031984,29,36,True,,False
hurricane,AL021983__AL011998,25,26,True,,False
hurricane,EP071987__EP081995,28,28,True,,False
hurricane,EP151967__EP092000,27,25,True,,False
hurricane,EP091988__EP231990,36,67,True,,False
hurricane,EP082013__EP101987,41,34,True,,False
hurricane,EP051990__EP071978,26,29,True,,False
hurricane,EP052006__EP041984,48,48,True,,False
hurricane,EP041983__EP071971,26,29,True,,False
hurricane,EP041981__EP111985,25,36,True,,False
hurricane,EP071987__EP051973,28,27,True,,False
hurricane,EP111985__EP081967,36,25,True,,False
hurricane,EP101975__EP121991,31,46,True,,False
hurricane,EP081980__EP062012,30,40,True,,False
hurricane,EP141997__EP092000,34,25,True,,False
hurricane,EP172000__EP032011,32,29,True,,False
hurricane,EP091993__EP132009,42,39,True,,False
hurricane,EP181989__EP192014,33,35,True,,False
hurricane,EP101975__EP051990,31,26,True,,False
hurricane,EP051992__EP191985,31,37,True,,False
hurricane,EP052002__EP081993,27,56,True,,False
hurricane,EP111954__EP131988,25,42,True,,False
hurricane,EP072013__EP022008,32,37,True,,False
hurricane,EP021969__EP061982,33,32,True,,False
hurricane,EP151990__EP091998,36,40,True,,False
hurricane,EP051952__EP042014,29,42,True,,False
hurricane,EP031966__EP041994,39,26,True,,False
hurricane,EP031965__EP122006,25,42,True,,False
hurricane,EP031991__EP011973,45,43,True,,False
hurricane,EP081991__EP041978,28,29,True,,False
hurricane,EP211990__EP202009,26,27,True,,False
hurricane,AL041921__AL102001,28,26,True,,False
hurricane,AL021937__AL011940,28,32,True,,False
hurricane,AL041909__AL051886,38,40,True,,False
hurricane,EP131994__EP081999,30,39,True,,False
hurricane,EP141978__EP131983,30,34,True,,False
hurricane,AL071931__AL021960,33,34,True,,False
hurricane,EP032011__EP042002,29,30,True,,False
hurricane,EP031975__EP091982,35,30,True,,False
hurricane,EP121983__EP081978,34,32,True,,False
hurricane,AL041865__AL101974,37,49,True,,False
hurricane,EP072011__EP231990,26,67,True,,False
hurricane,EP042006__EP021969,33,33,True,,False
hurricane,EP021985__EP181984,41,36,True,,False
hurricane,EP072012__EP012015,33,40,True,,False
hurricane,EP152001__EP151991,31,45,True,,False
hurricane,EP031994__EP071971,29,29,True,,False
hurricane,EP091965__EP011980,37,28,True,,False
hurricane,AL021911__AL032001,26,25,True,,False
hurricane,EP141997__EP091995,34,29,True,,False
hurricane,EP151990__EP181985,36,46,True,,False
hurricane,EP131985__EP042014,29,42,True,,False
hurricane,EP111983__EP081995,36,28,True,,False
hurricane,EP141970__EP021949,25,25,True,,False
hurricane,EP081980__EP181989,30,33,True,,False
hurricane,AL031927__AL091990,28,26,True,,False
hurricane,AL041941__AL062007,29,28,True,,False
hurricane,EP091984__EP072008,36,33,True,,False
hurricane,EP141987__EP081996,25,29,True,,False
hurricane,EP081967__EP081981,25,29,True,,False
hurricane,EP151967__EP061982,27,32,True,,False
hurricane,EP031988__EP021969,28,33,True,,False
hurricane,EP101975__EP091998,31,40,True,,False
hurricane,EP072001__EP082012,28,35,True,,False
hurricane,EP172000__EP131974,32,27,True,,False
hurricane,AL021867__AL082008,28,49,True,,False
hurricane,EP031968__EP042014,27,42,True,,False
hurricane,EP152001__EP092011,31,50,True,,False
hurricane,EP071990__EP092000,28,25,True,,False
hurricane,EP091990__EP041966,47,38,True,,False
hurricane,EP041988__EP052009,30,25,True,,False
hurricane,AL011928__AL021939,46,49,True,,False
hurricane,EP081965__EP141990,31,35,True,,False
hurricane,EP181984__EP162003,36,25,True,,False
hurricane,EP191985__EP111983,37,36,True,,False
hurricane,EP101970__EP021954,25,25,True,,False
hurricane,EP071995__EP142014,27,35,True,,False
hurricane,AL051958__AL041909,35,38,True,,False
hurricane,EP021949__EP182014,25,36,True,,False
hurricane,EP051973__EP101990,27,38,True,,False
hurricane,EP151982__EP071972,29,37,True,,False
hurricane,AL141975__AL071964,46,49,True,,False
hurricane,EP081981__EP141991,29,42,True,,False
hurricane,EP041981__EP051990,25,26,True,,False
hurricane,EP051990__EP081967,26,25,True,,False
hurricane,EP032005__EP151991,30,45,True,,False
hurricane,EP171984__EP202009,31,27,True,,False
hurricane,EP031986__EP101989,25,27,True,,False
hurricane,EP081978__EP071990,32,28,True,,False
hurricane,EP031995__EP082008,42,40,True,,False
hurricane,EP051972__EP101968,31,29,True,,False
hurricane,EP071978__EP151967,29,27,True,,False
hurricane,EP032013__EP091990,30,47,True,,False
hurricane,EP071987__EP231990,28,67,True,,False
hurricane,EP061987__EP102015,30,36,True,,False
hurricane,EP072011__EP051973,26,27,True,,False
hurricane,EP102000__EP032010,25,32,True,,False
hurricane,AL111898__AL041941,35,29,True,,False
hurricane,EP121988__EP121989,38,45,True,,False
hurricane,EP081991__EP011973,28,43,True,,False
hurricane,EP172012__EP011993,26,34,True,,False
hurricane,EP031966__EP051985,39,35,True,,False
hurricane,AL091974__AL131981,28,47,True,,False
hurricane,EP101985__EP071971,37,29,True,,False
hurricane,AL101964__AL011994,30,32,True,,False
hurricane,EP161970__EP031998,31,36,True,,False
hurricane,EP081990__EP091984,35,36,True,,False
hurricane,EP142007__EP082012,25,35,True,,False
hurricane,EP072008__EP101990,33,38,True,,False
hurricane,EP032006__EP111978,27,38,True,,False
hurricane,EP081998__EP101968,26,29,True,,False
hurricane,EP041972__EP112005,37,65,True,,False
hurricane,EP061984__EP072007,27,34,True,,False
hurricane,EP131985__EP081967,29,25,True,,False
hurricane,EP081988__EP111968,41,41,True,,False
hurricane,AL031897__AL061971,25,29,True,,False
hurricane,EP092000__EP171994,25,31,True,,False
hurricane,EP101975__EP131986,31,28,True,,False
hurricane,EP072011__EP031968,26,27,True,,False
hurricane,EP041965__EP071978,31,29,True,,False
hurricane,EP121968__EP071971,37,29,True,,False
hurricane,EP101975__EP071973,31,25,True,,False
hurricane,EP092010__EP171984,30,31,True,,False
hurricane,EP031994__EP111975,29,37,True,,False
hurricane,AL041884__AL181933,42,55,True,,False
hurricane,EP021949__EP031957,25,27,True,,False
hurricane,EP081980__EP021949,30,25,True,,False
hurricane,EP181989__EP152015,33,40,True,,False
hurricane,EP081954__EP071954,27,25,True,,False
hurricane,EP151968__EP091982,35,30,True,,False
hurricane,EP071995__EP092013,27,31,True,,False
hurricane,EP132011__EP011973,31,43,True,,False
hurricane,EP062006__EP152015,41,40,True,,False
hurricane,EP101980__EP092000,26,25,True,,False
hurricane,AL051876__AL071891,49,25,True,,False
hurricane,EP071978__EP102002,29,31,True,,False
hurricane,EP031984__EP081995,36,28,True,,False
hurricane,AL061947__AL051852,27,25,True,,False
hurricane,EP031968__EP071987,27,28,True,,False
hurricane,EP051973__EP231990,27,67,True,,False
hurricane,EP081990__EP051973,35,27,True,,False
hurricane,EP072013__EP261992,32,28,True,,False
hurricane,EP062008__EP081988,41,41,True,,False
hurricane,EP111983__EP071995,36,27,True,,False
hurricane,EP141978__EP081972,30,41,True,,False
hurricane,EP061968__EP061981,41,27,True,,False
hurricane,EP051951__EP091998,29,40,True,,False
hurricane,EP152008__EP202009,38,27,True,,False
hurricane,EP071992__EP061968,42,41,True,,False
hurricane,EP151989__EP111975,40,37,True,,False
hurricane,EP081978__EP061982,32,32,True,,False
hurricane,AL031879__AL051898,25,43,True,,False
hurricane,EP041981__EP141991,25,42,True,,False
hurricane,EP171985__EP161985,45,53,True,,False
hurricane,EP041981__EP031968,25,27,True,,False
hurricane,AL031931__AL061931,34,28,True,,False
hurricane,EP161990__EP061988,55,49,True,,False
hurricane,EP031968__EP081967,27,25,True,,False
hurricane,AL021879__AL091945,32,39,True,,False
hurricane,EP101985__EP101968,37,29,True,,False
hurricane,EP121993__EP061968,50,41,True,,False
hurricane,EP031968__EP101975,27,31,True,,False
hurricane,EP101989__EP072007,27,34,True,,False
hurricane,EP072011__EP031984,26,36,True,,False
hurricane,EP101983__EP031990,31,32,True,,False
hurricane,EP121991__EP191982,46,27,True,,False
hurricane,EP051951__EP041992,29,50,True,,False
hurricane,EP011970__EP191984,31,33,True,,False
hurricane,EP031965__EP191990,25,35,True,,False
hurricane,EP162003__EP012012,25,26,True,,False
hurricane,EP051992__EP051960,31,47,True,,False
hurricane,EP062005__EP141990,33,35,True,,False
hurricane,AL021895__AL041857,36,29,True,,False
hurricane,EP132004__EP091959,39,31,True,,False
hurricane,EP032014__EP241990,41,41,True,,False
hurricane,AL051934__AL091949,27,27,True,,False
hurricane,EP081978__EP101980,32,26,True,,False
hurricane,EP102002__EP081995,31,28,True,,False
hurricane,AL051876__AL061882,49,45,True,,False
hurricane,EP091975__EP031998,35,36,True,,False
hurricane,EP041981__EP151989,25,40,True,,False
hurricane,EP032005__EP151967,30,27,True,,False
hurricane,EP091985__EP072004,25,27,True,,False
hurricane,EP031986__EP071984,25,30,True,,False
hurricane,EP011958__EP191983,41,34,True,,False
hurricane,EP021981__EP062012,25,40,True,,False
hurricane,EP071981__EP201992,38,69,True,,False
hurricane,EP062008__EP052011,41,44,True,,False
hurricane,EP031975__EP111975,35,37,True,,False
hurricane,EP081998__EP061992,26,34,True,,False
hurricane,EP121968__EP131987,37,29,True,,False
hurricane,AL061971__AL111972,29,29,True,,False
hurricane,EP081967__EP081998,25,26,True,,False
hurricane,EP102006__EP121968,32,37,True,,False
hurricane,EP081990__EP191985,35,37,True,,False
hurricane,AL111898__AL031931,35,34,True,,False
hurricane,EP042006__EP092012,33,47,True,,False
hurricane,EP041981__EP091972,25,33,True,,False
hurricane,EP191982__EP101983,27,31,True,,False
hurricane,EP031975__EP131986,35,28,True,,False
hurricane,AL101916__AL251967,35,54,True,,False
hurricane,AL061947__AL071891,27,25,True,,False
hurricane,EP032013__EP041985,30,39,True,,False
hurricane,EP071973__EP041965,25,31,True,,False
hurricane,EP081958__EP071954,27,25,True,,False
hurricane,EP071987__EP101980,28,26,True,,False
hurricane,EP021969__EP091972,33,33,True,,False
hurricane,EP071987__EP071978,28,29,True,,False
hurricane,EP131987__EP152001,29,31,True,,False
hurricane,EP042011__EP112001,33,48,True,,False
hurricane,AL031897__AL061899,25,26,True,,False
hurricane,EP021981__EP021949,25,25,True,,False
hurricane,EP101975__EP091975,31,35,True,,False
hurricane,EP101980__EP212015,26,33,True,,False
hurricane,EP151967__EP051973,27,27,True,,False
hurricane,EP021954__EP081954,25,27,True,,False
hurricane,EP032000__EP011969,27,28,True,,False
hurricane,EP102006__EP101980,32,26,True,,False
hurricane,EP151967__EP091971,27,35,True,,False
hurricane,AL201971__AL151979,33,39,True,,False
hurricane,EP051988__EP031990,25,32,True,,False
hurricane,EP031968__EP101985,27,37,True,,False
hurricane,EP151989__EP051995,40,36,True,,False
hurricane,AL122005__AL051995,34,30,True,,False
hurricane,EP172000__EP061970,32,29,True,,False
hurricane,EP081996__EP032014,29,41,True,,False
hurricane,AL051923__AL051962,41,36,True,,False
hurricane,EP081965__EP162009,31,30,True,,False
hurricane,AL061971__AL031908,29,43,True,,False
hurricane,EP032005__EP111983,30,36,True,,False
hurricane,EP102006__EP081995,32,28,True,,False
hurricane,AL081979__AL031943,25,34,True,,False
hurricane,EP121982__EP051979,26,29,True,,False
hurricane,EP061982__EP212015,32,33,True,,False
hurricane,EP031968__EP092000,27,25,True,,False
hurricane,EP101989__EP182014,27,36,True,,False
hurricane,EP092000__EP061970,25,29,True,,False
hurricane,EP092000__EP101983,25,31,True,,False
hurricane,AL021895__AL061931,36,28,True,,False
hurricane,EP012001__EP042013,29,40,True,,False
hurricane,EP041953__EP041991,25,26,True,,False
hurricane,AL111950__AL051950,31,38,True,,False
hurricane,EP131990__EP091998,32,40,True,,False
hurricane,EP041981__EP101983,25,31,True,,False
hurricane,EP051995__EP061992,36,34,True,,False
hurricane,EP021991__EP011970,30,31,True,,False
hurricane,AL031879__AL031905,25,28,True,,False
hurricane,EP102002__EP072007,31,34,True,,False
hurricane,EP081980__EP182014,30,36,True,,False
hurricane,AL091932__AL111898,31,35,True,,False
hurricane,EP081999__EP101982,39,35,True,,False
hurricane,EP111983__EP071972,36,37,True,,False
hurricane,EP041976__EP161974,30,43,True,,False
hurricane,AL201971__AL011994,33,32,True,,False
hurricane,AL031904__AL221971,28,39,True,,False
hurricane,EP071978__EP072008,29,33,True,,False
hurricane,EP061968__EP171985,41,45,True,,False
hurricane,EP101975__EP151989,31,40,True,,False
hurricane,EP032006__EP102004,27,33,True,,False
hurricane,EP041976__EP111968,30,41,True,,False
hurricane,EP131974__EP061970,27,29,True,,False
hurricane,EP081999__EP161990,39,55,True,,False
hurricane,AL051950__AL011994,38,32,True,,False
hurricane,EP092007__EP121984,32,41,True,,False
hurricane,EP011970__EP011973,31,43,True,,False
hurricane,EP012011__EP012002,30,31,True,,False
hurricane,EP081980__EP092000,30,25,True,,False
hurricane,EP131970__EP062011,27,29,True,,False
hurricane,EP102002__EP212015,31,33,True,,False
hurricane,AL021880__AL031910,45,44,True,,False
hurricane,EP071978__EP131987,29,29,True,,False
hurricane,EP031988__EP092000,28,25,True,,False
hurricane,EP101985__EP061982,37,32,True,,False
hurricane,EP102006__EP092000,32,25,True,,False
hurricane,EP122007__EP081996,28,29,True,,False
hurricane,EP111985__EP111975,36,37,True,,False
hurricane,EP131985__EP071990,29,28,True,,False
hurricane,EP131974__EP111995,27,41,True,,False
hurricane,EP052012__EP081992,44,48,True,,False
hurricane,EP051990__EP091995,26,29,True,,False
hurricane,EP131971__EP141967,29,37,True,,False
hurricane,EP042014__EP152015,42,40,True,,False
hurricane,EP121968__EP091971,37,35,True,,False
hurricane,EP041983__EP121968,26,37,True,,False
hurricane,EP031988__EP141991,28,42,True,,False
hurricane,EP191985__EP062006,37,41,True,,False
hurricane,AL061898__AL031926,35,31,True,,False
hurricane,EP031975__EP072011,35,26,True,,False
hurricane,EP062011__EP091974,29,42,True,,False
hurricane,AL061971__AL011962,29,30,True,,False
hurricane,EP032006__EP071992,27,42,True,,False
hurricane,EP031991__EP041992,45,50,True,,False
hurricane,EP131990__EP081991,32,28,True,,False
hurricane,AL061916__AL042003,33,45,True,,False
hurricane,EP112007__EP152008,30,38,True,,False
hurricane,EP091975__EP081978,35,32,True,,False
hurricane,EP041978__EP191984,29,33,True,,False
hurricane,EP121982__EP141990,26,35,True,,False
hurricane,EP071982__EP061988,28,49,True,,False
hurricane,EP091984__EP071972,36,37,True,,False
hurricane,EP132011__EP101976,31,41,True,,False
hurricane,EP111983__EP051973,36,27,True,,False
hurricane,EP031991__EP181982,45,40,True,,False
hurricane,EP041979__EP042014,27,42,True,,False
hurricane,EP041985__EP041966,39,38,True,,False
hurricane,EP072011__EP121968,26,37,True,,False
hurricane,AL041865__AL011918,37,28,True,,False
hurricane,AL141933__AL021878,38,45,True,,False
hurricane,AL041851__AL122000,49,42,True,,False
hurricane,EP011973__EP191984,43,33,True,,False
hurricane,EP051995__EP141997,36,34,True,,False
hurricane,AL011970__AL111964,39,35,True,,False
hurricane,EP102002__EP081980,31,30,True,,False
hurricane,EP011969__EP141998,28,47,True,,False
hurricane,EP072008__EP092011,33,50,True,,False
hurricane,EP032000__EP021984,27,82,True,,False
hurricane,AL041944__AL041941,32,29,True,,False
hurricane,AL061879__AL021950,33,60,True,,False
hurricane,EP192014__EP062012,35,40,True,,False
hurricane,EP022012__EP191983,25,34,True,,False
hurricane,EP152001__EP182014,31,36,True,,False
hurricane,EP111993__EP041965,32,31,True,,False
hurricane,EP071978__EP121991,29,46,True,,False
hurricane,AL061885__AL051912,37,30,True,,False
hurricane,EP122007__EP042013,28,40,True,,False
hurricane,AL061906__AL021916,45,51,True,,False
hurricane,EP031986__EP141971,25,27,True,,False
hurricane,AL041911__AL051942,38,32,True,,False
hurricane,EP032005__EP101990,30,38,True,,False
hurricane,EP102002__EP111983,31,36,True,,False
hurricane,EP101989__EP021981,27,25,True,,False
hurricane,AL111950__AL172008,31,35,True,,False
hurricane,EP031991__EP091998,45,40,True,,False
hurricane,EP171983__EP132015,51,63,True,,False
hurricane,EP161971__EP011983,27,31,True,,False
hurricane,EP021999__EP031994,32,29,True,,False
hurricane,EP081972__EP041963,41,39,True,,False
hurricane,EP031994__EP191990,29,35,True,,False
hurricane,EP072001__EP031949,28,25,True,,False
hurricane,EP031966__EP062011,39,29,True,,False
hurricane,EP171984__EP071984,31,30,True,,False
hurricane,EP092011__EP151991,50,45,True,,False
hurricane,EP102006__EP081980,32,30,True,,False
hurricane,EP102004__EP061997,33,30,True,,False
hurricane,AL071867__AL011923,34,28,True,,False
hurricane,EP041988__EP162009,30,30,True,,False
hurricane,AL182011__AL101943,31,26,True,,False
hurricane,EP121983__EP051973,34,27,True,,False
hurricane,AL061909__AL091887,34,47,True,,False
hurricane,EP081980__EP111995,30,41,True,,False
hurricane,EP121970__EP121989,47,45,True,,False
hurricane,AL071951__AL022008,35,74,True,,False
hurricane,EP131971__EP111995,29,41,True,,False
hurricane,EP052002__EP041966,27,38,True,,False
hurricane,AL011861__AL021943,28,26,True,,False
hurricane,EP031975__EP191982,35,27,True,,False
hurricane,EP082008__EP051968,40,33,True,,False
hurricane,EP181970__EP142007,29,25,True,,False
hurricane,EP051995__EP152007,36,50,True,,False
hurricane,AL142011__AL011963,42,43,True,,False
hurricane,EP202009__EP212014,27,27,True,,False
hurricane,AL071921__AL011987,28,31,True,,False
hurricane,EP012003__EP111968,28,41,True,,False
hurricane,EP031994__EP031971,29,27,True,,False
hurricane,EP102006__EP171987,32,27,True,,False
hurricane,EP032005__EP141971,30,27,True,,False
hurricane,EP181989__EP052015,33,45,True,,False
hurricane,EP102002__EP071990,31,28,True,,False
hurricane,AL091909__AL182005,35,36,True,,False
hurricane,EP071994__EP062007,40,42,True,,False
hurricane,EP161970__EP191984,31,33,True,,False
hurricane,EP141970__EP082012,25,35,True,,False
hurricane,AL051958__AL091887,35,47,True,,False
hurricane,EP102006__EP152001,32,31,True,,False
hurricane,EP031965__EP081981,25,29,True,,False
hurricane,EP021949__EP081996,25,29,True,,False
hurricane,EP041981__EP061992,25,34,True,,False
hurricane,EP061984__EP031949,27,25,True,,False
hurricane,EP111993__EP231990,32,67,True,,False
hurricane,EP172013__EP182014,48,36,True,,False
hurricane,AL032004__AL041877,30,61,True,,False
hurricane,EP211990__EP161968,26,31,True,,False
hurricane,EP191968__EP052002,33,27,True,,False
hurricane,EP032005__EP231990,30,67,True,,False
hurricane,EP131983__EP062012,34,40,True,,False
hurricane,AL052005__AL072012,45,38,True,,False
hurricane,AL021916__AL011953,51,53,True,,False
hurricane,EP081998__EP141997,26,34,True,,False
hurricane,EP071978__EP191982,29,27,True,,False
hurricane,EP161983__EP021949,26,25,True,,False
hurricane,AL021895__AL011917,36,33,True,,False
hurricane,EP041953__EP111995,25,41,True,,False
hurricane,EP032005__EP152001,30,31,True,,False
hurricane,EP031995__EP121989,42,45,True,,False
hurricane,EP141971__EP241990,27,41,True,,False
hurricane,EP071978__EP111975,29,37,True,,False
hurricane,EP072011__EP111975,26,37,True,,False
hurricane,EP072013__EP062005,32,33,True,,False
hurricane,EP171986__EP161982,28,47,True,,False
hurricane,EP071987__EP152001,28,31,True,,False
hurricane,EP031994__EP191982,29,27,True,,False
hurricane,AL101984__AL061897,33,36,True,,False
hurricane,AL011910__AL011928,27,46,True,,False
hurricane,EP101980__EP101968,26,29,True,,False
hurricane,EP101972__EP141967,29,37,True,,False
hurricane,EP102006__EP091995,32,29,True,,False
hurricane,AL091880__AL101924,25,40,True,,False
hurricane,AL111972__AL101984,29,33,True,,False
hurricane,EP021949__EP061984,25,27,True,,False
hurricane,EP081978__EP071978,32,29,True,,False
hurricane,EP172013__EP241990,48,41,True,,False
hurricane,EP101975__EP111975,31,37,True,,False
hurricane,EP122014__EP061965,48,41,True,,False
hurricane,AL041990__AL102015,31,51,True,,False
hurricane,EP072001__EP142014,28,35,True,,False
hurricane,EP111973__EP081997,39,33,True,,False
hurricane,EP121993__EP041966,50,38,True,,False
hurricane,AL021920__AL051898,30,43,True,,False
hurricane,AL021895__AL071892,36,45,True,,False
hurricane,AL131981__AL032012,47,31,True,,False
hurricane,EP101982__EP092007,35,32,True,,False
hurricane,EP151968__EP191990,35,35,True,,False
hurricane,EP032011__EP172014,29,44,True,,False
hurricane,AL021975__AL062005,31,37,True,,False
hurricane,EP032004__EP062006,28,41,True,,False
hurricane,EP041953__EP012011,25,30,True,,False
hurricane,AL011994__AL052010,32,32,True,,False
hurricane,EP111995__EP112012,41,33,True,,False
hurricane,EP091971__EP092011,35,50,True,,False
hurricane,AL041951__AL021933,52,53,True,,False
hurricane,AL021903__AL021933,43,53,True,,False
hurricane,AL081889__AL141999,29,34,True,,False
hurricane,EP132013__EP152005,26,31,True,,False
hurricane,AL061909__AL131967,34,70,True,,False
hurricane,EP041992__EP181985,50,46,True,,False
hurricane,EP052011__EP181985,44,46,True,,False
hurricane,EP091998__EP181985,40,46,True,,False
hurricane,AL081961__AL131949,28,35,True,,False
hurricane,AL091999__AL031950,49,61,True,,False
hurricane,EP011980__EP191990,28,35,True,,False
hurricane,EP101980__EP071990,26,28,True,,False
hurricane,EP111993__EP092011,32,50,True,,False
hurricane,AL171980__AL172008,25,35,True,,False
hurricane,EP051951__EP092011,29,50,True,,False
hurricane,AL021884__AL131978,56,50,True,,False
hurricane,EP041981__EP141997,25,34,True,,False
hurricane,EP081993__EP081976,56,31,True,,False
hurricane,EP101970__EP031984,25,36,True,,False
hurricane,EP032005__EP021983,30,38,True,,False
hurricane,EP081954__EP031984,27,36,True,,False
hurricane,EP092000__EP211992,25,40,True,,False
hurricane,AL021868__AL012001,29,57,True,,False
hurricane,EP111993__EP151991,32,45,True,,False
hurricane,EP081980__EP072007,30,34,True,,False
hurricane,AL041865__AL021950,37,60,True,,False
hurricane,AL051958__AL131967,35,70,True,,False
hurricane,AL151936__AL071961,28,41,True,,False
hurricane,EP151990__EP092012,36,47,True,,False
hurricane,EP071990__EP151985,28,38,True,,False
hurricane,EP141970__EP132003,25,31,True,,False
hurricane,AL171933__AL252005,33,47,True,,False
hurricane,EP031949__EP092013,25,31,True,,False
hurricane,AL011964__AL021886,38,33,True,,False
hurricane,AL071944__AL021879,32,32,True,,False
hurricane,AL041922__AL221971,46,39,True,,False
hurricane,EP031991__EP081991,45,28,True,,False
hurricane,EP081991__EP021969,28,33,True,,False
hurricane,AL041887__AL041917,37,43,True,,False
hurricane,EP021999__EP191982,32,27,True,,False
hurricane,EP141970__EP142014,25,35,True,,False
hurricane,EP131985__EP041979,29,27,True,,False
hurricane,EP172000__EP072007,32,34,True,,False
hurricane,AL182005__AL051985,36,33,True,,False
hurricane,AL081886__AL071958,36,34,True,,False
hurricane,AL181887__AL211976,26,26,True,,False
hurricane,EP042006__EP191968,33,33,True,,False
hurricane,EP051966__EP211992,25,40,True,,False
hurricane,AL031982__AL011998,37,26,True,,False
hurricane,EP092007__EP121985,32,42,True,,False
hurricane,EP021981__EP111983,25,36,True,,False
hurricane,EP021969__EP041983,33,26,True,,False
hurricane,EP091972__EP011985,33,27,True,,False
hurricane,EP042013__EP031974,40,61,True,,False
hurricane,EP071984__EP212014,30,27,True,,False
hurricane,EP011973__EP031998,43,36,True,,False
hurricane,EP071987__EP171987,28,27,True,,False
hurricane,AL071879__AL031895,25,39,True,,False
hurricane,EP071978__EP082005,29,34,True,,False
hurricane,AL141933__AL091887,38,47,True,,False
hurricane,EP031986__EP041975,25,41,True,,False
hurricane,EP021969__EP071971,33,29,True,,False
hurricane,EP131974__EP072007,27,34,True,,False
hurricane,EP051951__EP091971,29,35,True,,False
hurricane,AL111973__AL071938,25,30,True,,False
hurricane,EP022008__EP141990,37,35,True,,False
hurricane,AL091898__AL051897,51,54,True,,False
hurricane,EP091975__EP151991,35,45,True,,False
hurricane,EP212015__EP032010,33,32,True,,False
hurricane,AL041951__AL072012,52,38,True,,False
hurricane,EP031975__EP031978,35,35,True,,False
hurricane,EP021949__EP071995,25,27,True,,False
hurricane,EP011958__EP032015,41,32,True,,False
hurricane,EP091982__EP061982,30,32,True,,False
hurricane,EP051990__EP021969,26,33,True,,False
hurricane,AL011926__AL042005,47,59,True,,False
hurricane,EP142014__EP132003,35,31,True,,False
hurricane,EP071978__EP091971,29,35,True,,False
hurricane,EP161970__EP151991,31,45,True,,False
hurricane,AL121995__AL101953,31,41,True,,False
hurricane,EP051951__EP011973,29,43,True,,False
hurricane,EP092013__EP142014,31,35,True,,False
hurricane,EP041965__EP092011,31,50,True,,False
hurricane,EP072011__EP042002,26,30,True,,False
hurricane,AL171972__AL101987,41,49,True,,False
hurricane,EP071973__EP041983,25,26,True,,False
hurricane,AL021928__AL061915,42,42,True,,False
hurricane,AL101886__AL031905,25,28,True,,False
hurricane,EP032011__EP141971,29,27,True,,False
hurricane,AL021878__AL011917,45,33,True,,False
hurricane,EP191968__EP032013,33,30,True,,False
hurricane,EP021969__EP151989,33,40,True,,False
hurricane,EP131987__EP081995,29,28,True,,False
hurricane,EP071971__EP211992,29,40,True,,False
hurricane,EP172009__EP142009,31,39,True,,False
hurricane,EP072011__EP011985,26,27,True,,False
hurricane,EP052006__EP092008,48,41,True,,False
hurricane,EP122003__EP031990,38,32,True,,False
hurricane,EP021949__EP031949,25,25,True,,True
hurricane,EP021949__EP142014,25,35,True,,False
hurricane,EP012002__EP172013,31,48,True,,False
hurricane,EP101975__EP092011,31,50,True,,False
hurricane,EP011970__EP161970,31,31,True,,False
hurricane,EP031994__EP031978,29,35,True,,False
hurricane,EP121983__EP121968,34,37,True,,False
hurricane,AL161970__AL041983,35,26,True,,False
hurricane,EP172013__EP111988,48,34,True,,False
hurricane,EP041965__EP091971,31,35,True,,False
hurricane,EP061984__EP142014,27,35,True,,False
hurricane,EP041984__EP111978,48,38,True,,False
hurricane,AL021926__AL091964,42,48,True,,False
hurricane,EP091998__EP191984,40,33,True,,False
hurricane,EP072013__EP122004,32,52,True,,False
hurricane,EP141987__EP131971,25,29,True,,False
hurricane,EP042014__EP062006,42,41,True,,False
hurricane,EP082009__EP112005,33,65,True,,False
hurricane,AL091933__AL051863,34,32,True,,False
hurricane,EP172000__EP071995,32,27,True,,False
hurricane,EP041965__EP042010,31,50,True,,False
hurricane,EP092008__EP071981,41,38,True,,False
hurricane,AL091889__AL011995,27,35,True,,False
hurricane,AL061931__AL021878,28,45,True,,False
hurricane,EP061993__EP061989,38,42,True,,False
hurricane,EP081967__EP101968,25,29,True,,False
hurricane,EP191990__EP141990,35,35,True,,False
hurricane,EP102004__EP061968,33,41,True,,False
hurricane,EP131985__EP211992,29,40,True,,False
hurricane,EP122003__EP101996,38,46,True,,False
hurricane,EP102006__EP072012,32,33,True,,False
hurricane,AL021937__AL061897,28,36,True,,False
hurricane,AL041944__AL071892,32,45,True,,False
hurricane,EP131974__EP061984,27,27,True,,False
hurricane,EP171984__EP212014,31,27,True,,False
hurricane,EP131985__EP051952,29,29,True,,False
hurricane,AL141933__AL131967,38,70,True,,False
hurricane,AL061874__AL032005,27,34,True,,False
hurricane,EP041981__EP081981,25,29,True,,False
hurricane,EP192014__EP132009,35,39,True,,False
hurricane,EP031986__EP132009,25,39,True,,False
hurricane,EP071996__EP041992,33,50,True,,False
hurricane,EP101980__EP042014,26,42,True,,False
hurricane,EP061984__EP182014,27,36,True,,False
hurricane,EP051973__EP131987,27,29,True,,False
hurricane,EP101989__EP111995,27,41,True,,False
hurricane,EP082008__EP081976,40,31,True,,False
hurricane,EP241990__EP031974,41,61,True,,False
hurricane,AL171980__AL112009,25,31,True,,False
hurricane,EP051992__EP052015,31,45,True,,False
hurricane,EP142005__EP072012,33,33,True,,False
hurricane,EP121983__EP092011,34,50,True,,False
hurricane,EP042006__EP021999,33,32,True,,False
hurricane,EP121968__EP121991,37,46,True,,False
hurricane,EP102011__EP191983,30,34,True,,False
hurricane,EP092002__EP131967,26,33,True,,False
hurricane,EP022012__EP011958,25,41,True,,False
hurricane,EP191968__EP111985,33,36,True,,False
hurricane,EP021969__EP191984,33,33,True,,False
hurricane,EP021999__EP071971,32,29,True,,False
hurricane,EP131990__EP151990,32,36,True,,False
hurricane,EP192014__EP022015,35,38,True,,False
hurricane,EP032005__EP131987,30,29,True,,False
hurricane,EP021981__EP061984,25,27,True,,False
hurricane,AL021890__AL031933,41,55,True,,False
hurricane,AL021873__AL122012,64,60,True,,False
hurricane,EP151967__EP072012,27,33,True,,False
hurricane,AL101878__AL101953,28,41,True,,False
hurricane,EP071990__EP121968,28,37,True,,False
hurricane,AL141968__AL171933,34,33,True,,False
hurricane,EP021999__EP061982,32,32,True,,False
hurricane,EP041965__EP131987,31,29,True,,False
hurricane,EP121970__EP081976,47,31,True,,False
hurricane,EP052001__EP021983,31,38,True,,False
hurricane,EP051968__EP161974,33,43,True,,False
hurricane,EP061988__EP111982,49,34,True,,False
hurricane,EP061995__EP142005,26,33,True,,False
hurricane,EP071973__EP151967,25,27,True,,False
hurricane,EP191968__EP101985,33,37,True,,False
hurricane,EP121968__EP191982,37,27,True,,False
hurricane,EP042002__EP081995,30,28,True,,False
hurricane,EP101975__EP091971,31,35,True,,False
hurricane,EP172000__EP061984,32,27,True,,False
hurricane,EP021969__EP111975,33,37,True,,False
hurricane,EP141978__EP161997,30,43,True,,False
hurricane,EP191968__EP041966,33,38,True,,False
hurricane,EP012002__EP012001,31,29,True,,False
hurricane,AL121953__AL011945,40,59,True,,False
hurricane,EP031991__EP031998,45,36,True,,False
hurricane,EP131990__EP081976,32,31,True,,False
hurricane,AL011912__AL011957,42,32,True,,False
hurricane,AL111950__AL011953,31,53,True,,False
hurricane,EP111983__EP062012,36,40,True,,False
hurricane,AL081968__AL061989,31,36,True,,False
hurricane,EP102006__EP131987,32,29,True,,False
hurricane,EP142003__EP152005,28,31,True,,False
hurricane,EP102002__EP041979,31,27,True,,False
hurricane,EP091965__EP061992,37,34,True,,False
hurricane,EP211992__EP042014,40,42,True,,False
hurricane,AL071966__AL061984,26,33,True,,False
hurricane,EP151985__EP091995,38,29,True,,False
hurricane,EP131990__EP181985,32,46,True,,False
hurricane,EP181989__EP022015,33,38,True,,False
hurricane,AL011917__AL091887,33,47,True,,False
hurricane,AL021878__AL131967,45,70,True,,False
hurricane,AL131887__AL061889,53,61,True,,False
hurricane,EP011970__EP021969,31,33,True,,False
hurricane,AL041925__AL091880,36,25,True,,False
hurricane,EP021981__EP071995,25,27,True,,False
hurricane,EP071973__EP141997,25,34,True,,False
hurricane,EP071995__EP182014,27,36,True,,False
hurricane,EP111983__EP031984,36,36,True,,False
hurricane,AL062005__AL131949,37,35,True,,False
hurricane,EP012003__EP082008,28,40,True,,False
hurricane,EP091971__EP151991,35,45,True,,False
hurricane,EP042014__EP151985,42,38,True,,False
hurricane,AL111898__AL041888,35,34,True,,False
hurricane,EP021985__EP101976,41,41,True,,False
hurricane,EP091971__EP231990,35,67,True,,False
hurricane,AL071931__AL101955,33,40,True,,False
hurricane,EP141997__EP112004,34,44,True,,False
hurricane,EP102000__EP211992,25,40,True,,False
hurricane,EP071995__EP031984,27,36,True,,False
hurricane,EP021991__EP091972,30,33,True,,False
hurricane,EP052002__EP061968,27,41,True,,False
hurricane,EP071972__EP062012,37,40,True,,False
hurricane,EP172000__EP112012,32,33,True,,False
hurricane,EP121983__EP151985,34,38,True,,False
hurricane,EP081990__EP052015,35,45,True,,False
hurricane,AL021931__AL101886,26,25,True,,False
hurricane,EP042006__EP121991,33,46,True,,False
hurricane,EP131985__EP101968,29,29,True,,False
hurricane,EP061972__EP132015,49,63,True,,False
hurricane,EP091984__EP052015,36,45,True,,False
hurricane,EP071978__EP151991,29,45,True,,False
hurricane,EP052002__EP061981,27,27,True,,False
hurricane,EP101980__EP191982,26,27,True,,False
hurricane,EP051968__EP052011,33,44,True,,False
hurricane,EP051988__EP012007,25,43,True,,False
hurricane,EP031994__EP131986,29,28,True,,False
hurricane,AL061941__AL011987,29,31,True,,False
hurricane,EP162003__EP111988,25,34,True,,False
hurricane,EP032005__EP042002,30,30,True,,False
hurricane,EP052002__EP031978,27,35,True,,False
hurricane,EP052001__EP041975,31,41,True,,False
hurricane,EP041971__EP041982,47,62,True,,False
hurricane,EP041979__EP151985,27,38,True,,False
hurricane,EP181984__EP091988,36,36,True,,False
hurricane,EP142005__EP132012,33,44,True,,False
hurricane,AL091964__AL041962,48,41,True,,False
hurricane,AL091943__AL041852,25,36,True,,False
hurricane,EP081991__EP092012,28,47,True,,False
hurricane,EP011973__EP091998,43,40,True,,False
hurricane,AL031931__AL021878,34,45,True,,False
hurricane,AL031889__AL111985,39,36,True,,False
hurricane,AL051873__AL051897,59,54,True,,False
hurricane,EP121970__EP111968,47,41,True,,False
hurricane,AL061909__AL101955,34,40,True,,False
hurricane,AL021903__AL072012,43,38,True,,False
hurricane,EP032011__EP012002,29,31,True,,False
hurricane,EP012014__EP212006,30,29,True,,False
hurricane,EP071978__EP071990,29,28,True,,False
hurricane,EP021949__EP141967,25,37,True,,False
hurricane,EP121989__EP161974,45,43,True,,False
hurricane,EP181989__EP062012,33,40,True,,False
hurricane,EP101982__EP161990,35,55,True,,False
hurricane,AL051958__AL051933,35,51,True,,False
hurricane,EP041978__EP081976,29,31,True,,False
hurricane,EP072011__EP131987,26,29,True,,False
hurricane,EP131971__EP181970,29,29,True,,False
hurricane,EP071973__EP032005,25,30,True,,False
hurricane,AL041865__AL031933,37,55,True,,False
hurricane,EP141997__EP171994,34,31,True,,False
hurricane,EP102006__EP042002,32,30,True,,False
hurricane,EP031975__EP092012,35,47,True,,False
hurricane,EP151982__EP062006,29,41,True,,False
hurricane,EP121991__EP061982,46,32,True,,False
hurricane,EP081998__EP072007,26,34,True,,False
hurricane,EP071987__EP131987,28,29,True,,False
hurricane,EP101982__EP121985,35,42,True,,False
hurricane,EP061997__EP171985,30,45,True,,False
hurricane,EP111975__EP112004,37,44,True,,False
hurricane,EP121988__EP081983,38,42,True,,False
hurricane,AL011861__AL041852,28,36,True,,False
hurricane,EP041983__EP131987,26,29,True,,False
hurricane,EP071973__EP111975,25,37,True,,False
hurricane,EP121976__EP141967,26,37,True,,False
hurricane,AL061897__AL011962,36,30,True,,False
hurricane,AL121968__AL121893,30,32,True,,False
hurricane,EP081965__EP091965,31,37,True,,False
hurricane,AL171976__AL101916,35,35,True,,False
hurricane,EP191968__EP081993,33,56,True,,False
hurricane,EP051968__EP041978,33,29,True,,False
hurricane,AL091909__AL051985,35,33,True,,False
hurricane,EP111985__EP031978,36,35,True,,False
hurricane,EP091998__EP092012,40,47,True,,False
hurricane,EP071987__EP071973,28,25,True,,False
hurricane,EP141971__EP011969,27,28,True,,False
hurricane,EP132012__EP101996,44,46,True,,False
hurricane,EP022012__EP202009,25,27,True,,False
hurricane,EP061981__EP081976,27,31,True,,False
hurricane,EP111967__EP152015,27,40,True,,False
hurricane,EP032000__EP021983,27,38,True,,False
hurricane,EP131987__EP092011,29,50,True,,False
hurricane,EP032000__EP132009,27,39,True,,False
hurricane,AL011953__AL172008,53,35,True,,False
hurricane,EP141971__EP011976,27,44,True,,False
hurricane,EP032013__EP061981,30,27,True,,False
hurricane,AL091974__AL121893,28,32,True,,False
hurricane,EP152014__EP192014,37,35,True,,False
hurricane,EP092013__EP111995,31,41,True,,False
hurricane,AL071957__AL102000,29,29,True,,False
hurricane,EP101980__EP061992,26,34,True,,False
hurricane,EP101972__EP022015,29,38,True,,False
hurricane,EP051972__EP171990,31,39,True,,False
hurricane,EP111985__EP121991,36,46,True,,False
hurricane,EP051998__EP102005,37,53,True,,False
hurricane,EP191983__EP212014,34,27,True,,False
hurricane,EP041994__EP091974,26,42,True,,False
hurricane,EP041988__EP051979,30,29,True,,False
hurricane,AL091932__AL041888,31,34,True,,False
hurricane,AL112009__AL061940,31,29,True,,False
hurricane,EP021999__EP111985,32,36,True,,False
hurricane,EP071990__EP081980,28,30,True,,False
hurricane,EP121983__EP071978,34,29,True,,False
hurricane,AL011910__AL021943,27,26,True,,False
hurricane,EP071995__EP111995,27,41,True,,False
hurricane,EP091982__EP141991,30,42,True,,False
hurricane,EP041988__EP091965,30,37,True,,False
hurricane,AL041894__AL081901,57,44,True,,False
hurricane,EP032000__EP041975,27,41,True,,False
hurricane,EP142005__EP101996,33,46,True,,False
hurricane,EP071987__EP112004,28,44,True,,False
hurricane,EP082012__EP142014,35,35,True,,False
hurricane,EP151989__EP112004,40,44,True,,False
hurricane,EP111980__EP132015,55,63,True,,False
hurricane,EP081992__EP041971,48,47,True,,False
hurricane,EP021999__EP101985,32,37,True,,False
hurricane,AL021928__AL031883,42,39,True,,False
hurricane,EP061984__EP111995,27,41,True,,False
hurricane,EP072011__EP071978,26,29,True,,False
hurricane,AL171969__AL171974,27,27,True,,False
hurricane,EP061995__EP112003,26,28,True,,False
hurricane,EP131982__EP071992,32,42,True,,False
hurricane,EP061984__EP082012,27,35,True,,False
hurricane,EP091988__EP131987,36,29,True,,False
hurricane,EP041983__EP011985,26,27,True,,False
hurricane,AL061909__AL021960,34,34,True,,False
hurricane,EP071987__EP042002,28,30,True,,False
hurricane,AL011927__AL081955,45,69,True,,False
hurricane,EP171987__EP111983,27,36,True,,False
hurricane,AL111994__AL051891,28,44,True,,False
hurricane,EP091975__EP011973,35,43,True,,False
hurricane,AL111916__AL041955,31,60,True,,False
hurricane,EP051992__EP062002,31,35,True,,False
hurricane,EP131987__EP101990,29,38,True,,False
hurricane,AL071944__AL091945,32,39,True,,False
hurricane,AL011918__AL031933,28,55,True,,False
hurricane,AL022011__AL071977,29,27,True,,False
hurricane,AL061878__AL061958,28,30,True,,False
hurricane,AL031941__AL012015,32,28,True,,False
hurricane,AL071892__AL091887,45,47,True,,False
hurricane,AL061879__AL041865,33,37,True,,False
hurricane,AL031854__AL041958,25,30,True,,False
hurricane,AL081954__AL051900,41,42,True,,False
hurricane,EP102006__EP071973,32,25,True,,False
hurricane,EP092000__EP091995,25,29,True,,False
hurricane,EP091971__EP131987,35,29,True,,False
hurricane,AL031874__AL041893,42,47,True,,False
hurricane,EP102002__EP091995,31,29,True,,False
hurricane,EP021969__EP092012,33,47,True,,False
hurricane,AL111989__AL051960,64,72,True,,False
hurricane,EP151968__EP031978,35,35,True,,False
hurricane,AL031889__AL011948,39,28,True,,False
hurricane,AL091974__AL082005,28,44,True,,False
hurricane,EP022012__EP032015,25,32,True,,False
hurricane,EP081991__EP011970,28,31,True,,False
hurricane,AL142013__AL082012,26,26,True,,False
hurricane,EP171987__EP072007,27,34,True,,False
hurricane,EP161968__EP192014,31,35,True,,False
hurricane,EP122003__EP012015,38,40,True,,False
hurricane,EP071978__EP092011,29,50,True,,False
hurricane,EP141978__EP041963,30,39,True,,False
hurricane,EP162003__EP241990,25,41,True,,False
hurricane,EP111978__EP201992,38,69,True,,False
hurricane,EP071995__EP082012,27,35,True,,False
hurricane,AL021940__AL032001,31,25,True,,False
hurricane,EP052002__EP031971,27,27,True,,False
hurricane,EP031957__EP111967,27,27,True,,False
hurricane,EP102002__EP152015,31,40,True,,False
hurricane,AL051863__AL052001,32,27,True,,False
hurricane,EP091972__EP131986,33,28,True,,False
hurricane,EP161971__EP171986,27,28,True,,False
hurricane,AL021926__AL041962,42,41,True,,False
hurricane,EP071978__EP131986,29,28,True,,False
hurricane,EP101985__EP121991,37,46,True,,False
hurricane,EP031994__EP061992,29,34,True,,False
hurricane,AL051905__AL061885,28,37,True,,False
hurricane,EP131985__EP061992,29,34,True,,False
hurricane,EP061982__EP131986,32,28,True,,False
hurricane,AL151936__AL031966,28,36,True,,False
hurricane,EP031988__EP191982,28,27,True,,False
hurricane,EP031975__EP011970,35,31,True,,False
hurricane,EP172009__EP141991,31,42,True,,False
hurricane,AL032009__AL041998,46,61,True,,False
hurricane,EP211992__EP212015,40,33,True,,False
hurricane,EP041979__EP152015,27,40,True,,False
hurricane,EP091988__EP042002,36,30,True,,False
hurricane,EP111954__EP141971,25,27,True,,False
hurricane,EP071973__EP091971,25,35,True,,False
hurricane,EP011983__EP171986,31,28,True,,False
hurricane,EP031968__EP091995,27,29,True,,False
hurricane,EP012003__EP161974,28,43,True,,False
hurricane,EP101985__EP191982,37,27,True,,False
hurricane,AL061915__AL041896,42,35,True,,False
hurricane,AL051899__AL041926,52,95,True,,False
hurricane,EP141997__EP101983,34,31,True,,False
hurricane,AL021880__AL101974,45,49,True,,False
hurricane,EP151967__EP131987,27,29,True,,False
hurricane,AL102008__AL061989,33,36,True,,False
hurricane,AL051905__AL021972,28,35,True,,False
hurricane,EP151989__EP101983,40,31,True,,False
hurricane,EP131974__EP112012,27,33,True,,False
hurricane,EP151967__EP042002,27,30,True,,False
hurricane,EP091982__EP191990,30,35,True,,False
hurricane,EP081978__EP121991,32,46,True,,False
hurricane,AL111924__AL061939,38,39,True,,False
hurricane,EP081967__EP091995,25,29,True,,False
hurricane,EP032013__EP061968,30,41,True,,False
hurricane,EP072012__EP152007,33,50,True,,False
hurricane,AL081989__AL141979,63,44,True,,False
hurricane,AL091980__AL081996,32,53,True,,False
hurricane,EP131974__EP012002,27,31,True,,False
hurricane,EP191982__EP061982,27,32,True,,False
hurricane,AL021892__AL121933,40,60,True,,False
hurricane,EP151967__EP011985,27,27,True,,False
hurricane,EP131990__EP092012,32,47,True,,False
hurricane,EP051990__EP112004,26,44,True,,False
hurricane,EP041978__EP092012,29,47,True,,False
hurricane,EP111993__EP021983,32,38,True,,False
hurricane,EP101983__EP131986,31,28,True,,False
hurricane,EP141991__EP191990,42,35,True,,False
hurricane,EP061981__EP041966,27,38,True,,False
hurricane,AL041941__AL021878,29,45,True,,False
hurricane,EP081978__EP091995,32,29,True,,False
hurricane,AL051876__AL181933,49,55,True,,False
hurricane,EP042006__EP131986,33,28,True,,False
hurricane,AL071989__AL121980,37,61,True,,False
hurricane,AL041928__AL061938,62,57,True,,False
hurricane,EP131987__EP112004,29,44,True,,False
hurricane,EP031986__EP062012,25,40,True,,False
hurricane,EP031988__EP112004,28,44,True,,False
hurricane,AL071891__AL111878,25,33,True,,False
hurricane,EP041983__EP191982,26,27,True,,False
hurricane,EP072007__EP101983,34,31,True,,False
hurricane,EP141971__EP012011,27,30,True,,False
hurricane,AL091943__AL021943,25,26,True,,False
hurricane,AL021880__AL021919,45,59,True,,False
hurricane,EP042006__EP031978,33,35,True,,False
hurricane,EP072007__EP072012,34,33,True,,False
hurricane,AL061909__AL051933,34,51,True,,False
hurricane,AL062006__AL021896,47,52,True,,False
hurricane,AL081969__AL062001,45,62,True,,False
hurricane,AL141916__AL051985,43,33,True,,False
hurricane,AL182011__AL071912,31,42,True,,False
hurricane,EP111993__EP152001,32,31,True,,False
hurricane,EP041994__EP082009,26,33,True,,False
hurricane,AL021896__AL021876,52,33,True,,False
hurricane,EP111993__EP041975,32,41,True,,False
hurricane,AL111916__AL041962,31,41,True,,False
hurricane,EP101989__EP081980,27,30,True,,False
hurricane,EP141978__EP091959,30,31,True,,False
hurricane,EP161970__EP092012,31,47,True,,False
hurricane,AL071891__AL061939,25,39,True,,False
hurricane,EP031986__EP172013,25,48,True,,False
hurricane,EP081967__EP131986,25,28,True,,False
hurricane,EP042014__EP091995,42,29,True,,False
hurricane,AL061935__AL221971,36,39,True,,False
hurricane,EP131985__EP091995,29,29,True,,False
hurricane,EP111985__EP131986,36,28,True,,False
hurricane,EP212015__EP131986,33,28,True,,False
hurricane,EP121968__EP112004,37,44,True,,False
hurricane,EP141997__EP041979,34,27,True,,False
hurricane,AL051876__AL061939,49,39,True,,False
hurricane,EP071992__EP161985,42,53,True,,False
hurricane,EP032014__EP172013,41,48,True,,False
hurricane,AL061940__AL021916,29,51,True,,False
hurricane,EP101975__EP191982,31,27,True,,False
hurricane,EP101980__EP131986,26,28,True,,False
hurricane,EP031991__EP151990,45,36,True,,False
hurricane,EP112004__EP231990,44,67,True,,False
hurricane,EP071971__EP131986,29,28,True,,False
hurricane,EP021999__EP051990,32,26,True,,False
hurricane,EP071972__EP041963,37,39,True,,False
hurricane,EP091972__EP191982,33,27,True,,False
hurricane,EP081980__EP111983,30,36,True,,False
hurricane,AL041999__AL101989,51,58,True,,False
hurricane,EP111993__EP131987,32,29,True,,False
hurricane,EP111983__EP152001,36,31,True,,False
hurricane,EP111995__EP142014,41,35,True,,False
hurricane,AL111932__AL021916,47,51,True,,False
hurricane,EP012002__EP032014,31,41,True,,False
hurricane,EP112007__EP192014,30,35,True,,False
hurricane,EP102004__EP041984,33,48,True,,False
hurricane,EP071973__EP072007,25,34,True,,False
hurricane,AL121980__AL121973,61,37,True,,False
hurricane,EP141971__EP141998,27,47,True,,False
hurricane,EP081993__EP061968,56,41,True,,False
hurricane,EP041979__EP032004,27,28,True,,False
hurricane,EP042006__EP191982,33,27,True,,False
hurricane,EP071990__EP131987,28,29,True,,False
hurricane,EP121991__EP151985,46,38,True,,False
hurricane,EP031968__EP112004,27,44,True,,False
hurricane,EP072007__EP171994,34,31,True,,False
hurricane,EP101983__EP152007,31,50,True,,False
hurricane,EP081967__EP061992,25,34,True,,False
hurricane,EP072007__EP042002,34,30,True,,False
hurricane,EP092002__EP211992,26,40,True,,False
hurricane,EP041981__EP211992,25,40,True,,False
hurricane,EP081980__EP071995,30,27,True,,False
hurricane,AL091944__AL031917,29,35,True,,False
hurricane,EP041953__EP162003,25,25,True,,False
hurricane,EP021949__EP132003,25,31,True,,False
hurricane,AL021972__AL171995,35,39,True,,False
hurricane,EP142005__EP012015,33,40,True,,False
hurricane,AL151988__AL021958,45,37,True,,False
hurricane,EP111975__EP191982,37,27,True,,False
hurricane,AL052001__AL071887,27,39,True,,False
hurricane,AL081999__AL041851,50,49,True,,False
hurricane,EP101972__EP132003,29,31,True,,False
hurricane,EP041983__EP112004,26,44,True,,False
hurricane,AL052006__AL092013,26,46,True,,False
hurricane,AL111979__AL021915,68,75,True,,False
hurricane,EP051966__EP051952,25,29,True,,False
hurricane,AL111901__AL121987,39,30,True,,False
hurricane,EP081967__EP112004,25,44,True,,False
hurricane,EP031988__EP091995,28,29,True,,False
hurricane,EP081996__EP111995,29,41,True,,False
hurricane,AL182011__AL061926,31,27,True,,False
hurricane,AL061887__AL071894,38,42,True,,False
hurricane,AL041994__AL011963,30,43,True,,False
hurricane,EP031988__EP131986,28,28,True,,False
hurricane,EP152007__EP171994,50,31,True,,False
hurricane,EP081993__EP061981,56,27,True,,False
hurricane,AL021879__AL031966,32,36,True,,False
hurricane,EP051995__EP211992,36,40,True,,False
hurricane,EP051952__EP092002,29,26,True,,False
hurricane,EP172013__EP112012,48,33,True,,False
hurricane,EP161983__EP031957,26,27,True,,False
hurricane,EP151967__EP191982,27,27,True,,False
hurricane,AL181887__AL011930,26,50,True,,False
hurricane,AL061882__AL111878,45,33,True,,False
hurricane,AL051898__AL061906,43,45,True,,False
hurricane,AL112009__AL172008,31,35,True,,False
hurricane,AL091878__AL061950,32,38,True,,False
hurricane,AL031948__AL011949,44,37,True,,False
hurricane,EP012002__EP111988,31,34,True,,False
hurricane,EP121983__EP131987,34,29,True,,False
hurricane,EP111993__EP042002,32,30,True,,False
hurricane,EP021999__EP151989,32,40,True,,False
hurricane,EP101980__EP091995,26,29,True,,False
hurricane,EP141997__EP101968,34,29,True,,False
hurricane,AL022009__AL061989,26,36,True,,False
hurricane,AL011923__AL041979,28,29,True,,False
hurricane,AL031940__AL062008,38,59,True,,False
hurricane,EP141997__EP191982,34,27,True,,False
hurricane,AL101893__AL011968,35,51,True,,False
hurricane,AL031890__AL121933,33,60,True,,False
hurricane,AL012005__AL171995,25,39,True,,False
hurricane,AL021891__AL151988,51,45,True,,False
hurricane,AL061909__AL071892,34,45,True,,False
hurricane,AL091988__AL031894,44,44,True,,False
hurricane,EP161990__EP111982,55,34,True,,False
hurricane,AL011897__AL101936,43,49,True,,False
hurricane,EP031988__EP061966,28,43,True,,False
hurricane,EP071992__EP171985,42,45,True,,False
hurricane,AL101886__AL051950,25,38,True,,False
hurricane,EP161983__EP092013,26,31,True,,False
hurricane,AL061936__AL071887,31,39,True,,False
hurricane,EP041983__EP131986,26,28,True,,False
hurricane,EP092006__EP161967,35,55,True,,False
hurricane,AL061870__AL031909,40,36,True,,False
hurricane,AL071951__AL121973,35,37,True,,False
hurricane,AL081892__AL062005,30,37,True,,False
hurricane,AL041952__AL061908,40,50,True,,False
hurricane,AL061891__AL031995,39,41,True,,False
hurricane,EP121985__EP111982,42,34,True,,False
hurricane,AL031874__AL142011,42,42,True,,False
hurricane,EP071971__EP112004,29,44,True,,False
hurricane,AL021867__AL071961,28,41,True,,False
hurricane,EP141982__EP141967,36,37,True,,False
hurricane,AL011852__AL081959,45,50,True,,False
hurricane,AL091878__AL101903,32,35,True,,False
hurricane,EP111975__EP121991,37,46,True,,False
hurricane,AL041953__AL112010,52,61,True,,False
hurricane,EP141971__EP021984,27,82,True,,False
hurricane,EP161983__EP072007,26,34,True,,False
hurricane,EP091988__EP042010,36,50,True,,False
hurricane,AL021923__AL101984,38,33,True,,False
hurricane,EP061992__EP171990,34,39,True,,False
hurricane,EP141994__EP201992,28,69,True,,False
hurricane,EP041971__EP171992,47,49,True,,False
hurricane,AL091968__AL131981,38,47,True,,False
hurricane,EP151967__EP112004,27,44,True,,False
hurricane,EP141971__EP152001,27,31,True,,False
hurricane,EP051990__EP131986,26,28,True,,False
hurricane,AL041858__AL061950,32,38,True,,False
hurricane,AL031895__AL071956,39,52,True,,False
hurricane,EP041979__EP071990,27,28,True,,False
hurricane,EP081978__EP131986,32,28,True,,False
hurricane,AL071871__AL041979,33,29,True,,False
hurricane,EP121968__EP091995,37,29,True,,False
hurricane,AL041994__AL142011,30,42,True,,False
hurricane,AL021942__AL051950,26,38,True,,False
hurricane,EP032006__EP171985,27,45,True,,False
hurricane,EP012002__EP241990,31,41,True,,False
hurricane,AL121893__AL082005,32,44,True,,False
hurricane,EP081983__EP101986,42,44,True,,False
hurricane,AL021943__AL011928,26,46,True,,False
hurricane,AL031872__AL071961,48,41,True,,False
hurricane,EP151967__EP131986,27,28,True,,False
hurricane,EP132014__EP221992,46,98,True,,False
hurricane,EP012012__EP042013,26,40,True,,False
hurricane,EP051979__EP171990,29,39,True,,False
hurricane,EP151989__EP191982,40,27,True,,False
hurricane,AL041958__AL192011,30,27,True,,False
hurricane,AL081931__AL091958,25,26,True,,False
hurricane,AL021900__AL031950,50,61,True,,False
hurricane,AL011892__AL011968,33,51,True,,False
hurricane,AL111909__AL111924,30,38,True,,False
hurricane,AL072010__AL112010,55,61,True,,False
hurricane,EP031968__EP131986,27,28,True,,False
hurricane,AL121893__AL131981,32,47,True,,False
hurricane,EP011970__EP091972,31,33,True,,False
hurricane,EP091965__EP171990,37,39,True,,False
hurricane,EP041991__EP012002,26,31,True,,False
hurricane,AL061882__AL041985,45,37,True,,False
hurricane,EP101985__EP131986,37,28,True,,False
hurricane,AL051935__AL121988,39,39,True,,False
hurricane,EP071971__EP091995,29,29,True,,False
hurricane,AL021922__AL101995,62,66,True,,False
hurricane,AL031894__AL162011,44,59,True,,False
hurricane,AL091964__AL081996,48,53,True,,False
hurricane,EP061982__EP112004,32,44,True,,False
hurricane,EP151989__EP131986,40,28,True,,False
hurricane,EP071978__EP112004,29,44,True,,False
hurricane,AL082014__AL011950,39,51,True,,False
hurricane,EP171987__EP061984,27,27,True,,False
hurricane,AL092011__AL031966,43,36,True,,False
hurricane,AL041893__AL091979,47,55,True,,False
hurricane,EP061972__EP071976,49,54,True,,False
hurricane,EP171987__EP071995,27,27,True,,False
hurricane,EP171983__EP071976,51,54,True,,False
hurricane,EP141997__EP131986,34,28,True,,False
hurricane,AL021877__AL041979,34,29,True,,False
hurricane,AL111950__AL021942,31,26,True,,False
hurricane,AL061886__AL122000,52,42,True,,False
hurricane,AL011897__AL071901,43,55,True,,False
hurricane,AL011963__AL081996,43,53,True,,False
hurricane,AL071865__AL111924,34,38,True,,False
hurricane,EP111975__EP131986,37,28,True,,False
hurricane,AL061879__AL051881,33,37,True,,False
hurricane,AL041917__AL131971,43,51,True,,False
hurricane,EP181984__EP172014,36,44,True,,False
hurricane,AL071898__AL082008,49,49,True,,False
hurricane,EP141971__EP041975,27,41,True,,False
hurricane,AL061940__AL011953,29,53,True,,False
hurricane,EP132015__EP071976,63,54,True,,False
hurricane,AL061891__AL082014,39,39,True,,False
hurricane,EP121991__EP091971,46,35,True,,False
hurricane,EP012015__EP132012,40,44,True,,False
hurricane,EP101980__EP061966,26,43,True,,False
hurricane,AL061921__AL181933,43,55,True,,False
hurricane,AL061936__AL071944,31,32,True,,False
hurricane,EP191984__EP092012,33,47,True,,False
hurricane,EP101958__EP211989,27,46,True,,False
hurricane,EP141982__EP031957,36,27,True,,False
hurricane,EP102004__EP171985,33,45,True,,False
hurricane,EP111980__EP071976,55,54,True,,False
hurricane,EP071973__EP112004,25,44,True,,False
hurricane,AL021895__AL051933,36,51,True,,False
hurricane,EP121968__EP131986,37,28,True,,False
hurricane,AL101980__AL011897,27,43,True,,False
hurricane,AL061891__AL031896,39,43,True,,False
hurricane,EP041953__EP012002,25,31,True,,False
hurricane,AL031905__AL051950,28,38,True,,False
hurricane,EP032006__EP201992,27,69,True,,False
hurricane,AL111950__AL201971,31,33,True,,False
hurricane,AL051892__AL042004,48,46,True,,False
hurricane,AL021876__AL112004,33,69,True,,False
hurricane,AL121978__AL051892,33,48,True,,False
hurricane,AL061947__AL041985,27,37,True,,False
hurricane,AL142011__AL041893,42,47,True,,False
hurricane,EP031991__EP181985,45,46,True,,False
hurricane,AL111901__AL021998,39,49,True,,False
hurricane,EP021999__EP092012,32,47,True,,False
hurricane,EP062012__EP132009,40,39,True,,False
hurricane,EP111967__EP062006,27,41,True,,False
hurricane,EP141971__EP021983,27,38,True,,False
hurricane,EP111967__EP142014,27,35,True,,False
hurricane,AL021928__AL102002,42,55,True,,False
hurricane,AL121973__AL022008,37,74,True,,False
hurricane,AL061870__AL011948,40,28,True,,False
hurricane,EP141997__EP061992,34,34,True,,False
hurricane,AL142013__AL111966,26,39,True,,False
hurricane,EP091972__EP112004,33,44,True,,False
hurricane,EP062012__EP022015,40,38,True,,False
hurricane,AL031889__AL072013,39,36,True,,False
hurricane,AL061915__AL011926,42,47,True,,False
hurricane,AL041872__AL121990,28,62,True,,False
hurricane,AL081979__AL041899,25,43,True,,False
hurricane,EP141971__EP172013,27,48,True,,False
hurricane,EP152007__EP012015,50,40,True,,False
hurricane,AL051876__AL111924,49,38,True,,False
hurricane,AL061879__AL031933,33,55,True,,False
hurricane,AL081999__AL051964,50,64,True,,False
hurricane,AL052001__AL021885,27,32,True,,False
hurricane,AL051888__AL011940,28,32,True,,False
hurricane,AL091947__AL011953,36,53,True,,False
hurricane,AL041857__AL051933,29,51,True,,False
hurricane,AL112009__AL091947,31,36,True,,False
hurricane,EP131967__EP152007,33,50,True,,False
hurricane,AL051903__AL171887,32,30,True,,False
hurricane,EP041979__EP062006,27,41,True,,False
hurricane,AL121893__AL032012,32,31,True,,False
hurricane,AL031943__AL031924,34,50,True,,False
hurricane,AL051906__AL041992,63,52,True,,False
hurricane,AL082012__AL111966,26,39,True,,False
hurricane,AL092013__AL042004,46,46,True,,False
hurricane,EP051984__EP241990,44,41,True,,False
hurricane,EP101975__EP112004,31,44,True,,False
hurricane,AL011920__AL111976,38,45,True,,False
hurricane,AL061866__AL092005,48,56,True,,False
hurricane,AL071867__AL041979,34,29,True,,False
hurricane,AL111932__AL111964,47,35,True,,False
hurricane,AL062006__AL042005,47,59,True,,False
hurricane,EP141982__EP092013,36,31,True,,False
hurricane,AL091958__AL131974,26,38,True,,False
hurricane,AL031988__AL091964,39,48,True,,False
hurricane,AL041887__AL131971,37,51,True,,False
hurricane,AL041889__AL081934,48,29,True,,False
hurricane,AL051881__AL031875,37,45,True,,False
hurricane,AL031943__AL061908,34,50,True,,False
hurricane,AL021904__AL071961,33,41,True,,False
hurricane,AL091933__AL021885,34,32,True,,False
hurricane,AL131916__AL031943,36,34,True,,False
hurricane,EP141997__EP061966,34,43,True,,False
hurricane,EP031968__EP061966,27,43,True,,False
hurricane,AL061879__AL031875,33,45,True,,False
hurricane,AL031965__AL061979,68,57,True,,False
hurricane,AL021902__AL011939,37,28,True,,False
hurricane,AL021890__AL031937,41,39,True,,False
hurricane,AL031962__AL031915,40,59,True,,False
hurricane,AL141933__AL051933,38,51,True,,False
hurricane,AL031893__AL121987,50,30,True,,False
hurricane,AL091947__AL172008,36,35,True,,False
hurricane,AL061887__AL011950,38,51,True,,False
hurricane,AL021879__AL071898,32,49,True,,False
hurricane,EP152007__EP061966,50,43,True,,False
hurricane,AL041858__AL091980,32,32,True,,False
hurricane,AL051933__AL131967,51,70,True,,False
hurricane,EP021969__EP112004,33,44,True,,False
hurricane,AL071891__AL111924,25,38,True,,False
hurricane,AL021963__AL041924,34,48,True,,False
hurricane,AL061882__AL061939,45,39,True,,False
hurricane,AL041961__AL092006,40,62,True,,False
hurricane,AL102003__AL062010,53,51,True,,False
hurricane,AL091887__AL051933,47,51,True,,False
hurricane,AL061991__AL061976,43,37,True,,False
hurricane,AL041994__AL081996,30,53,True,,False
hurricane,AL091980__AL041893,32,47,True,,False
hurricane,EP031991__EP092012,45,47,True,,False
hurricane,AL061940__AL172008,29,35,True,,False
hurricane,EP021991__EP092012,30,47,True,,False
hurricane,EP031975__EP112004,35,44,True,,False
hurricane,AL031961__AL051894,51,49,True,,False
hurricane,EP172014__EP042010,44,50,True,,False
hurricane,AL021867__AL061886,28,52,True,,False
hurricane,AL082014__AL061887,39,38,True,,False
hurricane,AL071869__AL091990,32,26,True,,False
hurricane,EP061989__EP071976,42,54,True,,False
hurricane,AL021902__AL021972,37,35,True,,False
hurricane,AL031916__AL021935,52,43,True,,False
hurricane,AL021961__AL131978,41,50,True,,False
hurricane,AL021879__AL041899,32,43,True,,False
hurricane,EP011970__EP092012,31,47,True,,False
hurricane,AL031879__AL051950,25,38,True,,False
hurricane,AL061955__AL071964,31,49,True,,False
hurricane,AL151975__AL071963,46,69,True,,False
hurricane,AL031883__AL061915,39,42,True,,False
hurricane,AL041889__AL031883,48,39,True,,False
hurricane,AL081954__AL041949,41,35,True,,False
hurricane,AL041899__AL082008,43,49,True,,False
hurricane,AL021867__AL071898,28,49,True,,False
hurricane,AL062004__AL051961,74,67,True,,False
hurricane,AL132000__AL061948,52,54,True,,False
hurricane,AL041999__AL031913,51,70,True,,False
hurricane,EP091995__EP061966,29,43,True,,False
hurricane,AL061882__AL111924,45,38,True,,False
hurricane,AL071944__AL041899,32,43,True,,False
hurricane,AL061921__AL101926,43,57,True,,False
hurricane,AL111985__AL011948,36,28,True,,False
hurricane,AL041865__AL051881,37,37,True,,False
hurricane,AL031879__AL111950,25,31,True,,False
hurricane,AL021916__AL091947,51,36,True,,False
hurricane,AL071891__AL041985,25,37,True,,False
hurricane,AL041917__AL031901,43,42,True,,False
hurricane,AL041915__AL182012,27,45,True,,False
hurricane,AL111916__AL031962,31,40,True,,False
hurricane,EP091959__EP041963,31,39,True,,False
hurricane,AL031958__AL041965,47,63,True,,False
hurricane,AL091945__AL041899,39,43,True,,False
hurricane,AL061940__AL091947,29,36,True,,False
hurricane,AL111967__AL091980,29,32,True,,False
hurricane,EP081972__EP112001,41,48,True,,False
hurricane,EP191982__EP112004,27,44,True,,False
hurricane,AL031932__AL051999,39,66,True,,False
hurricane,AL061933__AL101989,62,58,True,,False
hurricane,AL072006__AL031955,62,67,True,,False
hurricane,AL132000__AL122011,52,64,True,,False
hurricane,AL031894__AL151975,44,46,True,,False
hurricane,AL061886__AL071898,52,49,True,,False
hurricane,AL091969__AL252005,37,47,True,,False
hurricane,AL101987__AL092013,49,46,True,,False
hurricane,AL131974__AL061886,38,52,True,,False
hurricane,AL031913__AL101989,70,58,True,,False
hurricane,AL031916__AL041851,52,49,True,,False
hurricane,AL011885__AL211995,36,29,True,,False
hurricane,AL011885__AL071894,36,42,True,,False
hurricane,AL032005__AL071956,34,52,True,,False
hurricane,AL071892__AL051933,45,51,True,,False
hurricane,AL111989__AL131995,64,66,True,,False
hurricane,AL051863__AL071887,32,39,True,,False
hurricane,AL181887__AL091888,26,64,True,,False
hurricane,AL091979__AL051899,55,52,True,,False
hurricane,AL041887__AL031901,37,42,True,,False
hurricane,AL091999__AL031913,49,70,True,,False
hurricane,EP131986__EP112004,28,44,True,,False
hurricane,AL081969__AL072006,45,62,True,,False
hurricane,AL071924__AL051996,48,73,True,,False
hurricane,AL211995__AL071894,29,42,True,,False
hurricane,AL091999__AL061933,49,62,True,,False
hurricane,AL081969__AL021996,45,51,True,,False
hurricane,AL171933__AL091969,33,37,True,,False
hurricane,AL082014__AL061937,39,31,True,,False
hurricane,AL051989__AL051964,38,64,True,,False
hurricane,AL112010__AL111989,61,64,True,,False
hurricane,AL091964__AL041851,48,49,True,,False
hurricane,AL112010__AL051960,61,72,True,,False
hurricane,AL071951__AL091985,35,65,True,,False
hurricane,AL141975__AL132004,46,55,True,,False
hurricane,AL061891__AL061937,39,31,True,,False
hurricane,AL092011__AL061889,43,61,True,,False
hurricane,AL101987__AL031900,49,62,True,,False
hurricane,AL071951__AL041906,35,74,True,,False
hurricane,AL091985__AL022008,65,74,True,,False
hurricane,AL071924__AL031853,48,48,True,,False
hurricane,AL071961__AL131887,41,53,True,,False
hurricane,AL071898__AL041899,49,43,True,,False
hurricane,AL081958__AL082006,54,55,True,,False
hurricane,AL171972__AL031900,41,62,True,,False
hurricane,AL061933__AL031913,62,70,True,,False
hurricane,AL131971__AL031901,51,42,True,,False
hurricane,AL072006__AL011900,62,81,True,,False
