configuration_id,plan_order,domain,pair,alpha,method,nA,nB,origin,attempt_path,status,search_completed,construction_completed,count_scope,quantity,observed,finite_upper_bound,percent_of_bound,formula,assumptions,source,asymptotic_states,missing_reason,bound_missing_reason,pair_alias
hurricane:AL031854__AL011991:a0.5|CPS-2F,3,hurricane,AL031854__AL011991,0.5,CPS-2F,25,25,reused,output\paper_v1\unified_pilot_results\slots\03\attempts\slot03_5333325f78a44ccf8c803cb680ccb2c1,validated,True,True,completed search,auxiliary_A,48.0,1200.0,4.0,2 k(k-1),Interior curve-parameter intersections; CPS-3F percentage not applicable,Thesis Observation 4 p.18 and section 5.1 p.26; manuscript section 4.4 pp.15-16,O(n^3 m^3),,,H1
hurricane:AL031854__AL011991:a0.5|CPS-2F,3,hurricane,AL031854__AL011991,0.5,CPS-2F,25,25,reused,output\paper_v1\unified_pilot_results\slots\03\attempts\slot03_5333325f78a44ccf8c803cb680ccb2c1,validated,True,True,completed search,single_dense_A,1825.0,30625.0,5.959183673469388,k*(k+2k(k-1)),"Dense indexing slots, not valid vertices",Thesis Observation 4 p.18 and section 5.1 p.26; manuscript section 4.4 pp.15-16,O(n^3 m^3),,,H1
hurricane:AL031854__AL011991:a0.5|CPS-2F,3,hurricane,AL031854__AL011991,0.5,CPS-2F,25,25,reused,output\paper_v1\unified_pilot_results\slots\03\attempts\slot03_5333325f78a44ccf8c803cb680ccb2c1,validated,True,True,completed search,single_active_A,,1825.0,,k*(k+a),Anchored source/terminal included; single-graph construction complete,Thesis Observation 4 p.18 and section 5.1 p.26; manuscript section 4.4 pp.15-16,O(n^3 m^3),Counter unavailable or phase not reached; historical runs not rerun,,H1
hurricane:AL031854__AL011991:a0.5|CPS-2F,3,hurricane,AL031854__AL011991,0.5,CPS-2F,25,25,reused,output\paper_v1\unified_pilot_results\slots\03\attempts\slot03_5333325f78a44ccf8c803cb680ccb2c1,validated,True,True,completed search,single_edges_with_waits_A,,,,H*(H+1)/2,Unique forward transitions plus exactly H waits; completed graph,Finite derivation from chain_graph() enumeration and pruning,O(n^3 m^3),Counter unavailable or phase not reached; historical runs not rerun,Missing completed single-graph counters,H1
hurricane:AL031854__AL011991:a0.5|CPS-2F,3,hurricane,AL031854__AL011991,0.5,CPS-2F,25,25,reused,output\paper_v1\unified_pilot_results\slots\03\attempts\slot03_5333325f78a44ccf8c803cb680ccb2c1,validated,True,True,completed search,auxiliary_B,48.0,1200.0,4.0,2 k(k-1),Interior curve-parameter intersections; CPS-3F percentage not applicable,Thesis Observation 4 p.18 and section 5.1 p.26; manuscript section 4.4 pp.15-16,O(n^3 m^3),,,H1
hurricane:AL031854__AL011991:a0.5|CPS-2F,3,hurricane,AL031854__AL011991,0.5,CPS-2F,25,25,reused,output\paper_v1\unified_pilot_results\slots\03\attempts\slot03_5333325f78a44ccf8c803cb680ccb2c1,validated,True,True,completed search,single_dense_B,1825.0,30625.0,5.959183673469388,k*(k+2k(k-1)),"Dense indexing slots, not valid vertices",Thesis Observation 4 p.18 and section 5.1 p.26; manuscript section 4.4 pp.15-16,O(n^3 m^3),,,H1
hurricane:AL031854__AL011991:a0.5|CPS-2F,3,hurricane,AL031854__AL011991,0.5,CPS-2F,25,25,reused,output\paper_v1\unified_pilot_results\slots\03\attempts\slot03_5333325f78a44ccf8c803cb680ccb2c1,validated,True,True,completed search,single_active_B,,1825.0,,k*(k+a),Anchored source/terminal included; single-graph construction complete,Thesis Observation 4 p.18 and section 5.1 p.26; manuscript section 4.4 pp.15-16,O(n^3 m^3),Counter unavailable or phase not reached; historical runs not rerun,,H1
hurricane:AL031854__AL011991:a0.5|CPS-2F,3,hurricane,AL031854__AL011991,0.5,CPS-2F,25,25,reused,output\paper_v1\unified_pilot_results\slots\03\attempts\slot03_5333325f78a44ccf8c803cb680ccb2c1,validated,True,True,completed search,single_edges_with_waits_B,4616.0,,,H*(H+1)/2,Unique forward transitions plus exactly H waits; completed graph,Finite derivation from chain_graph() enumeration and pruning,O(n^3 m^3),,Missing completed single-graph counters,H1
hurricane:AL031854__AL011991:a0.5|CPS-2F,3,hurricane,AL031854__AL011991,0.5,CPS-2F,25,25,reused,output\paper_v1\unified_pilot_results\slots\03\attempts\slot03_5333325f78a44ccf8c803cb680ccb2c1,validated,True,True,completed search,configuration_states_input_bound,5678.0,937890625.0,0.0006054010828821325,n*m*(n+2n(n-1))*(m+2m(m-1)),All index combinations; includes source/terminal; no hidden asymptotic constant,Thesis Observation 4 p.18 and section 5.1 p.26; manuscript section 4.4 pp.15-16,O(n^3 m^3),,,H1
hurricane:AL031854__AL011991:a0.5|CPS-2F,3,hurricane,AL031854__AL011991,0.5,CPS-2F,25,25,reused,output\paper_v1\unified_pilot_results\slots\03\attempts\slot03_5333325f78a44ccf8c803cb680ccb2c1,validated,True,True,completed search,configuration_states_extended_bound,5678.0,3330625.0,0.17047851379245638,n*m*(n+aA)*(m+aB),Actual extended-curve sizes; all index combinations,Thesis Observation 4 p.18 and section 5.1 p.26; manuscript section 4.4 pp.15-16,O(n^3 m^3),,,H1
hurricane:AL031854__AL011991:a0.5|CPS-2F,3,hurricane,AL031854__AL011991,0.5,CPS-2F,25,25,reused,output\paper_v1\unified_pilot_results\slots\03\attempts\slot03_5333325f78a44ccf8c803cb680ccb2c1,validated,True,True,completed search,configuration_states_active_bound,5678.0,,,H_A*H_B,Completed single graphs; includes coupling-invalid combinations,Thesis Observation 4 p.18 and section 5.1 p.26; manuscript section 4.4 pp.15-16,O(n^3 m^3),,Missing completed single-graph counters,H1
hurricane:AL031854__AL011991:a0.5|CPS-2F,3,hurricane,AL031854__AL011991,0.5,CPS-2F,25,25,reused,output\paper_v1\unified_pilot_results\slots\03\attempts\slot03_5333325f78a44ccf8c803cb680ccb2c1,validated,True,True,completed search,candidate_transition_checks,7076530.0,,,E_A*E_B-H_A*H_B,No duplicate single-graph entries; each product source popped once; excludes simultaneous waits,Finite derivation from solve_cps() and chain_graph(); see graph_bounds.md,O(n^3 m^3),,Missing completed single-graph counters,H1
hurricane:AL031854__AL011991:a0.5|CPS-2F,3,hurricane,AL031854__AL011991,0.5,CPS-2F,25,25,reused,output\paper_v1\unified_pilot_results\slots\03\attempts\slot03_5333325f78a44ccf8c803cb680ccb2c1,validated,True,True,completed search,unique_configuration_edges,,,,"N*(N-1)/2, N=H_A*H_B",Product graph not materialized; no observed unique-edge count; strict forward topological order,Finite DAG counting derivation; not a transition-check measurement,O(n^3 m^3),Counter unavailable or phase not reached; historical runs not rerun,Missing completed single-graph counters,H1
hurricane:AL031854__AL011991:a0.5|CPS-2F,3,hurricane,AL031854__AL011991,0.5,CPS-2F,25,25,reused,output\paper_v1\unified_pilot_results\slots\03\attempts\slot03_5333325f78a44ccf8c803cb680ccb2c1,validated,True,True,completed search,dynamic_programming_labels,,,,n*H_A*H_B,At most n distinct A-hop counts per state; labels not instrumented,Thesis section5.1; manuscript section4.4; solve_cps values dictionaries,O(n^3 m^3),Counter unavailable or phase not reached; historical runs not rerun,Missing completed single-graph counters,H1
hurricane:AL031854__AL011991:a0.5|CPS-3F,4,hurricane,AL031854__AL011991,0.5,CPS-3F,25,25,reused,output\paper_v1\unified_pilot_results\slots\04\attempts\slot04_932e5573922349258233e40f17b3a4ad,validated,True,True,completed search,auxiliary_A,0.0,0.0,,0 (no auxiliary locations),Interior curve-parameter intersections; CPS-3F percentage not applicable,Thesis Observation 4 p.18 and section 5.1 p.26; manuscript section 4.4 pp.15-16,O(n^2 m^2),,Zero/non-applicable bound,H1
hurricane:AL031854__AL011991:a0.5|CPS-3F,4,hurricane,AL031854__AL011991,0.5,CPS-3F,25,25,reused,output\paper_v1\unified_pilot_results\slots\04\attempts\slot04_932e5573922349258233e40f17b3a4ad,validated,True,True,completed search,single_dense_A,625.0,625.0,100.0,k^2,"Dense indexing slots, not valid vertices",Thesis Observation 4 p.18 and section 5.1 p.26; manuscript section 4.4 pp.15-16,O(n^2 m^2),,,H1
hurricane:AL031854__AL011991:a0.5|CPS-3F,4,hurricane,AL031854__AL011991,0.5,CPS-3F,25,25,reused,output\paper_v1\unified_pilot_results\slots\04\attempts\slot04_932e5573922349258233e40f17b3a4ad,validated,True,True,completed search,single_active_A,,625.0,,k*(k+a),Anchored source/terminal included; single-graph construction complete,Thesis Observation 4 p.18 and section 5.1 p.26; manuscript section 4.4 pp.15-16,O(n^2 m^2),Counter unavailable or phase not reached; historical runs not rerun,,H1
hurricane:AL031854__AL011991:a0.5|CPS-3F,4,hurricane,AL031854__AL011991,0.5,CPS-3F,25,25,reused,output\paper_v1\unified_pilot_results\slots\04\attempts\slot04_932e5573922349258233e40f17b3a4ad,validated,True,True,completed search,single_edges_with_waits_A,,,,H*(H+1)/2,Unique forward transitions plus exactly H waits; completed graph,Finite derivation from chain_graph() enumeration and pruning,O(n^2 m^2),Counter unavailable or phase not reached; historical runs not rerun,Missing completed single-graph counters,H1
hurricane:AL031854__AL011991:a0.5|CPS-3F,4,hurricane,AL031854__AL011991,0.5,CPS-3F,25,25,reused,output\paper_v1\unified_pilot_results\slots\04\attempts\slot04_932e5573922349258233e40f17b3a4ad,validated,True,True,completed search,auxiliary_B,0.0,0.0,,0 (no auxiliary locations),Interior curve-parameter intersections; CPS-3F percentage not applicable,Thesis Observation 4 p.18 and section 5.1 p.26; manuscript section 4.4 pp.15-16,O(n^2 m^2),,Zero/non-applicable bound,H1
hurricane:AL031854__AL011991:a0.5|CPS-3F,4,hurricane,AL031854__AL011991,0.5,CPS-3F,25,25,reused,output\paper_v1\unified_pilot_results\slots\04\attempts\slot04_932e5573922349258233e40f17b3a4ad,validated,True,True,completed search,single_dense_B,625.0,625.0,100.0,k^2,"Dense indexing slots, not valid vertices",Thesis Observation 4 p.18 and section 5.1 p.26; manuscript section 4.4 pp.15-16,O(n^2 m^2),,,H1
hurricane:AL031854__AL011991:a0.5|CPS-3F,4,hurricane,AL031854__AL011991,0.5,CPS-3F,25,25,reused,output\paper_v1\unified_pilot_results\slots\04\attempts\slot04_932e5573922349258233e40f17b3a4ad,validated,True,True,completed search,single_active_B,,625.0,,k*(k+a),Anchored source/terminal included; single-graph construction complete,Thesis Observation 4 p.18 and section 5.1 p.26; manuscript section 4.4 pp.15-16,O(n^2 m^2),Counter unavailable or phase not reached; historical runs not rerun,,H1
hurricane:AL031854__AL011991:a0.5|CPS-3F,4,hurricane,AL031854__AL011991,0.5,CPS-3F,25,25,reused,output\paper_v1\unified_pilot_results\slots\04\attempts\slot04_932e5573922349258233e40f17b3a4ad,validated,True,True,completed search,single_edges_with_waits_B,121.0,,,H*(H+1)/2,Unique forward transitions plus exactly H waits; completed graph,Finite derivation from chain_graph() enumeration and pruning,O(n^2 m^2),,Missing completed single-graph counters,H1
hurricane:AL031854__AL011991:a0.5|CPS-3F,4,hurricane,AL031854__AL011991,0.5,CPS-3F,25,25,reused,output\paper_v1\unified_pilot_results\slots\04\attempts\slot04_932e5573922349258233e40f17b3a4ad,validated,True,True,completed search,configuration_states_input_bound,522.0,390625.0,0.133632,n^2*m^2,All index combinations; includes source/terminal; no hidden asymptotic constant,Thesis Observation 4 p.18 and section 5.1 p.26; manuscript section 4.4 pp.15-16,O(n^2 m^2),,,H1
hurricane:AL031854__AL011991:a0.5|CPS-3F,4,hurricane,AL031854__AL011991,0.5,CPS-3F,25,25,reused,output\paper_v1\unified_pilot_results\slots\04\attempts\slot04_932e5573922349258233e40f17b3a4ad,validated,True,True,completed search,configuration_states_active_bound,522.0,,,H_A*H_B,Completed single graphs; includes coupling-invalid combinations,Thesis Observation 4 p.18 and section 5.1 p.26; manuscript section 4.4 pp.15-16,O(n^2 m^2),,Missing completed single-graph counters,H1
hurricane:AL031854__AL011991:a0.5|CPS-3F,4,hurricane,AL031854__AL011991,0.5,CPS-3F,25,25,reused,output\paper_v1\unified_pilot_results\slots\04\attempts\slot04_932e5573922349258233e40f17b3a4ad,validated,True,True,completed search,candidate_transition_checks,6544.0,,,E_A*E_B-H_A*H_B,No duplicate single-graph entries; each product source popped once; excludes simultaneous waits,Finite derivation from solve_cps() and chain_graph(); see graph_bounds.md,O(n^2 m^2),,Missing completed single-graph counters,H1
hurricane:AL031854__AL011991:a0.5|CPS-3F,4,hurricane,AL031854__AL011991,0.5,CPS-3F,25,25,reused,output\paper_v1\unified_pilot_results\slots\04\attempts\slot04_932e5573922349258233e40f17b3a4ad,validated,True,True,completed search,unique_configuration_edges,,,,"N*(N-1)/2, N=H_A*H_B",Product graph not materialized; no observed unique-edge count; strict forward topological order,Finite DAG counting derivation; not a transition-check measurement,O(n^2 m^2),Counter unavailable or phase not reached; historical runs not rerun,Missing completed single-graph counters,H1
hurricane:AL031854__AL011991:a0.5|CPS-3F,4,hurricane,AL031854__AL011991,0.5,CPS-3F,25,25,reused,output\paper_v1\unified_pilot_results\slots\04\attempts\slot04_932e5573922349258233e40f17b3a4ad,validated,True,True,completed search,dynamic_programming_labels,,,,n*H_A*H_B,At most n distinct A-hop counts per state; labels not instrumented,Thesis section5.1; manuscript section4.4; solve_cps values dictionaries,O(n^2 m^2),Counter unavailable or phase not reached; historical runs not rerun,Missing completed single-graph counters,H1
hurricane:EP021949__EP031949:a0.5|CPS-2F,9,hurricane,EP021949__EP031949,0.5,CPS-2F,25,25,reused,output\paper_v1\unified_pilot_results\slots\09\attempts\slot09_e46deb0bcdd14153a890b48a67dfe8ee,validated,True,True,completed search,auxiliary_A,48.0,1200.0,4.0,2 k(k-1),Interior curve-parameter intersections; CPS-3F percentage not applicable,Thesis Observation 4 p.18 and section 5.1 p.26; manuscript section 4.4 pp.15-16,O(n^3 m^3),,,H2
hurricane:EP021949__EP031949:a0.5|CPS-2F,9,hurricane,EP021949__EP031949,0.5,CPS-2F,25,25,reused,output\paper_v1\unified_pilot_results\slots\09\attempts\slot09_e46deb0bcdd14153a890b48a67dfe8ee,validated,True,True,completed search,single_dense_A,1825.0,30625.0,5.959183673469388,k*(k+2k(k-1)),"Dense indexing slots, not valid vertices",Thesis Observation 4 p.18 and section 5.1 p.26; manuscript section 4.4 pp.15-16,O(n^3 m^3),,,H2
hurricane:EP021949__EP031949:a0.5|CPS-2F,9,hurricane,EP021949__EP031949,0.5,CPS-2F,25,25,reused,output\paper_v1\unified_pilot_results\slots\09\attempts\slot09_e46deb0bcdd14153a890b48a67dfe8ee,validated,True,True,completed search,single_active_A,,1825.0,,k*(k+a),Anchored source/terminal included; single-graph construction complete,Thesis Observation 4 p.18 and section 5.1 p.26; manuscript section 4.4 pp.15-16,O(n^3 m^3),Counter unavailable or phase not reached; historical runs not rerun,,H2
hurricane:EP021949__EP031949:a0.5|CPS-2F,9,hurricane,EP021949__EP031949,0.5,CPS-2F,25,25,reused,output\paper_v1\unified_pilot_results\slots\09\attempts\slot09_e46deb0bcdd14153a890b48a67dfe8ee,validated,True,True,completed search,single_edges_with_waits_A,,,,H*(H+1)/2,Unique forward transitions plus exactly H waits; completed graph,Finite derivation from chain_graph() enumeration and pruning,O(n^3 m^3),Counter unavailable or phase not reached; historical runs not rerun,Missing completed single-graph counters,H2
hurricane:EP021949__EP031949:a0.5|CPS-2F,9,hurricane,EP021949__EP031949,0.5,CPS-2F,25,25,reused,output\paper_v1\unified_pilot_results\slots\09\attempts\slot09_e46deb0bcdd14153a890b48a67dfe8ee,validated,True,True,completed search,auxiliary_B,52.0,1200.0,4.333333333333333,2 k(k-1),Interior curve-parameter intersections; CPS-3F percentage not applicable,Thesis Observation 4 p.18 and section 5.1 p.26; manuscript section 4.4 pp.15-16,O(n^3 m^3),,,H2
hurricane:EP021949__EP031949:a0.5|CPS-2F,9,hurricane,EP021949__EP031949,0.5,CPS-2F,25,25,reused,output\paper_v1\unified_pilot_results\slots\09\attempts\slot09_e46deb0bcdd14153a890b48a67dfe8ee,validated,True,True,completed search,single_dense_B,1925.0,30625.0,6.285714285714286,k*(k+2k(k-1)),"Dense indexing slots, not valid vertices",Thesis Observation 4 p.18 and section 5.1 p.26; manuscript section 4.4 pp.15-16,O(n^3 m^3),,,H2
hurricane:EP021949__EP031949:a0.5|CPS-2F,9,hurricane,EP021949__EP031949,0.5,CPS-2F,25,25,reused,output\paper_v1\unified_pilot_results\slots\09\attempts\slot09_e46deb0bcdd14153a890b48a67dfe8ee,validated,True,True,completed search,single_active_B,,1925.0,,k*(k+a),Anchored source/terminal included; single-graph construction complete,Thesis Observation 4 p.18 and section 5.1 p.26; manuscript section 4.4 pp.15-16,O(n^3 m^3),Counter unavailable or phase not reached; historical runs not rerun,,H2
hurricane:EP021949__EP031949:a0.5|CPS-2F,9,hurricane,EP021949__EP031949,0.5,CPS-2F,25,25,reused,output\paper_v1\unified_pilot_results\slots\09\attempts\slot09_e46deb0bcdd14153a890b48a67dfe8ee,validated,True,True,completed search,single_edges_with_waits_B,5716.0,,,H*(H+1)/2,Unique forward transitions plus exactly H waits; completed graph,Finite derivation from chain_graph() enumeration and pruning,O(n^3 m^3),,Missing completed single-graph counters,H2
hurricane:EP021949__EP031949:a0.5|CPS-2F,9,hurricane,EP021949__EP031949,0.5,CPS-2F,25,25,reused,output\paper_v1\unified_pilot_results\slots\09\attempts\slot09_e46deb0bcdd14153a890b48a67dfe8ee,validated,True,True,completed search,configuration_states_input_bound,2828.0,937890625.0,0.0003015276967930029,n*m*(n+2n(n-1))*(m+2m(m-1)),All index combinations; includes source/terminal; no hidden asymptotic constant,Thesis Observation 4 p.18 and section 5.1 p.26; manuscript section 4.4 pp.15-16,O(n^3 m^3),,,H2
hurricane:EP021949__EP031949:a0.5|CPS-2F,9,hurricane,EP021949__EP031949,0.5,CPS-2F,25,25,reused,output\paper_v1\unified_pilot_results\slots\09\attempts\slot09_e46deb0bcdd14153a890b48a67dfe8ee,validated,True,True,completed search,configuration_states_extended_bound,2828.0,3513125.0,0.08049813200498132,n*m*(n+aA)*(m+aB),Actual extended-curve sizes; all index combinations,Thesis Observation 4 p.18 and section 5.1 p.26; manuscript section 4.4 pp.15-16,O(n^3 m^3),,,H2
hurricane:EP021949__EP031949:a0.5|CPS-2F,9,hurricane,EP021949__EP031949,0.5,CPS-2F,25,25,reused,output\paper_v1\unified_pilot_results\slots\09\attempts\slot09_e46deb0bcdd14153a890b48a67dfe8ee,validated,True,True,completed search,configuration_states_active_bound,2828.0,,,H_A*H_B,Completed single graphs; includes coupling-invalid combinations,Thesis Observation 4 p.18 and section 5.1 p.26; manuscript section 4.4 pp.15-16,O(n^3 m^3),,Missing completed single-graph counters,H2
hurricane:EP021949__EP031949:a0.5|CPS-2F,9,hurricane,EP021949__EP031949,0.5,CPS-2F,25,25,reused,output\paper_v1\unified_pilot_results\slots\09\attempts\slot09_e46deb0bcdd14153a890b48a67dfe8ee,validated,True,True,completed search,candidate_transition_checks,975595.0,,,E_A*E_B-H_A*H_B,No duplicate single-graph entries; each product source popped once; excludes simultaneous waits,Finite derivation from solve_cps() and chain_graph(); see graph_bounds.md,O(n^3 m^3),,Missing completed single-graph counters,H2
hurricane:EP021949__EP031949:a0.5|CPS-2F,9,hurricane,EP021949__EP031949,0.5,CPS-2F,25,25,reused,output\paper_v1\unified_pilot_results\slots\09\attempts\slot09_e46deb0bcdd14153a890b48a67dfe8ee,validated,True,True,completed search,unique_configuration_edges,,,,"N*(N-1)/2, N=H_A*H_B",Product graph not materialized; no observed unique-edge count; strict forward topological order,Finite DAG counting derivation; not a transition-check measurement,O(n^3 m^3),Counter unavailable or phase not reached; historical runs not rerun,Missing completed single-graph counters,H2
hurricane:EP021949__EP031949:a0.5|CPS-2F,9,hurricane,EP021949__EP031949,0.5,CPS-2F,25,25,reused,output\paper_v1\unified_pilot_results\slots\09\attempts\slot09_e46deb0bcdd14153a890b48a67dfe8ee,validated,True,True,completed search,dynamic_programming_labels,,,,n*H_A*H_B,At most n distinct A-hop counts per state; labels not instrumented,Thesis section5.1; manuscript section4.4; solve_cps values dictionaries,O(n^3 m^3),Counter unavailable or phase not reached; historical runs not rerun,Missing completed single-graph counters,H2
hurricane:EP021949__EP031949:a0.5|CPS-3F,10,hurricane,EP021949__EP031949,0.5,CPS-3F,25,25,reused,output\paper_v1\unified_pilot_results\slots\10\attempts\slot10_9c3ce8eb1cc545e1b9833ac08e21c34d,validated,True,True,completed search,auxiliary_A,0.0,0.0,,0 (no auxiliary locations),Interior curve-parameter intersections; CPS-3F percentage not applicable,Thesis Observation 4 p.18 and section 5.1 p.26; manuscript section 4.4 pp.15-16,O(n^2 m^2),,Zero/non-applicable bound,H2
hurricane:EP021949__EP031949:a0.5|CPS-3F,10,hurricane,EP021949__EP031949,0.5,CPS-3F,25,25,reused,output\paper_v1\unified_pilot_results\slots\10\attempts\slot10_9c3ce8eb1cc545e1b9833ac08e21c34d,validated,True,True,completed search,single_dense_A,625.0,625.0,100.0,k^2,"Dense indexing slots, not valid vertices",Thesis Observation 4 p.18 and section 5.1 p.26; manuscript section 4.4 pp.15-16,O(n^2 m^2),,,H2
hurricane:EP021949__EP031949:a0.5|CPS-3F,10,hurricane,EP021949__EP031949,0.5,CPS-3F,25,25,reused,output\paper_v1\unified_pilot_results\slots\10\attempts\slot10_9c3ce8eb1cc545e1b9833ac08e21c34d,validated,True,True,completed search,single_active_A,,625.0,,k*(k+a),Anchored source/terminal included; single-graph construction complete,Thesis Observation 4 p.18 and section 5.1 p.26; manuscript section 4.4 pp.15-16,O(n^2 m^2),Counter unavailable or phase not reached; historical runs not rerun,,H2
hurricane:EP021949__EP031949:a0.5|CPS-3F,10,hurricane,EP021949__EP031949,0.5,CPS-3F,25,25,reused,output\paper_v1\unified_pilot_results\slots\10\attempts\slot10_9c3ce8eb1cc545e1b9833ac08e21c34d,validated,True,True,completed search,single_edges_with_waits_A,,,,H*(H+1)/2,Unique forward transitions plus exactly H waits; completed graph,Finite derivation from chain_graph() enumeration and pruning,O(n^2 m^2),Counter unavailable or phase not reached; historical runs not rerun,Missing completed single-graph counters,H2
hurricane:EP021949__EP031949:a0.5|CPS-3F,10,hurricane,EP021949__EP031949,0.5,CPS-3F,25,25,reused,output\paper_v1\unified_pilot_results\slots\10\attempts\slot10_9c3ce8eb1cc545e1b9833ac08e21c34d,validated,True,True,completed search,auxiliary_B,0.0,0.0,,0 (no auxiliary locations),Interior curve-parameter intersections; CPS-3F percentage not applicable,Thesis Observation 4 p.18 and section 5.1 p.26; manuscript section 4.4 pp.15-16,O(n^2 m^2),,Zero/non-applicable bound,H2
hurricane:EP021949__EP031949:a0.5|CPS-3F,10,hurricane,EP021949__EP031949,0.5,CPS-3F,25,25,reused,output\paper_v1\unified_pilot_results\slots\10\attempts\slot10_9c3ce8eb1cc545e1b9833ac08e21c34d,validated,True,True,completed search,single_dense_B,625.0,625.0,100.0,k^2,"Dense indexing slots, not valid vertices",Thesis Observation 4 p.18 and section 5.1 p.26; manuscript section 4.4 pp.15-16,O(n^2 m^2),,,H2
hurricane:EP021949__EP031949:a0.5|CPS-3F,10,hurricane,EP021949__EP031949,0.5,CPS-3F,25,25,reused,output\paper_v1\unified_pilot_results\slots\10\attempts\slot10_9c3ce8eb1cc545e1b9833ac08e21c34d,validated,True,True,completed search,single_active_B,,625.0,,k*(k+a),Anchored source/terminal included; single-graph construction complete,Thesis Observation 4 p.18 and section 5.1 p.26; manuscript section 4.4 pp.15-16,O(n^2 m^2),Counter unavailable or phase not reached; historical runs not rerun,,H2
hurricane:EP021949__EP031949:a0.5|CPS-3F,10,hurricane,EP021949__EP031949,0.5,CPS-3F,25,25,reused,output\paper_v1\unified_pilot_results\slots\10\attempts\slot10_9c3ce8eb1cc545e1b9833ac08e21c34d,validated,True,True,completed search,single_edges_with_waits_B,222.0,,,H*(H+1)/2,Unique forward transitions plus exactly H waits; completed graph,Finite derivation from chain_graph() enumeration and pruning,O(n^2 m^2),,Missing completed single-graph counters,H2
hurricane:EP021949__EP031949:a0.5|CPS-3F,10,hurricane,EP021949__EP031949,0.5,CPS-3F,25,25,reused,output\paper_v1\unified_pilot_results\slots\10\attempts\slot10_9c3ce8eb1cc545e1b9833ac08e21c34d,validated,True,True,completed search,configuration_states_input_bound,301.0,390625.0,0.077056,n^2*m^2,All index combinations; includes source/terminal; no hidden asymptotic constant,Thesis Observation 4 p.18 and section 5.1 p.26; manuscript section 4.4 pp.15-16,O(n^2 m^2),,,H2
hurricane:EP021949__EP031949:a0.5|CPS-3F,10,hurricane,EP021949__EP031949,0.5,CPS-3F,25,25,reused,output\paper_v1\unified_pilot_results\slots\10\attempts\slot10_9c3ce8eb1cc545e1b9833ac08e21c34d,validated,True,True,completed search,configuration_states_active_bound,301.0,,,H_A*H_B,Completed single graphs; includes coupling-invalid combinations,Thesis Observation 4 p.18 and section 5.1 p.26; manuscript section 4.4 pp.15-16,O(n^2 m^2),,Missing completed single-graph counters,H2
hurricane:EP021949__EP031949:a0.5|CPS-3F,10,hurricane,EP021949__EP031949,0.5,CPS-3F,25,25,reused,output\paper_v1\unified_pilot_results\slots\10\attempts\slot10_9c3ce8eb1cc545e1b9833ac08e21c34d,validated,True,True,completed search,candidate_transition_checks,1923.0,,,E_A*E_B-H_A*H_B,No duplicate single-graph entries; each product source popped once; excludes simultaneous waits,Finite derivation from solve_cps() and chain_graph(); see graph_bounds.md,O(n^2 m^2),,Missing completed single-graph counters,H2
hurricane:EP021949__EP031949:a0.5|CPS-3F,10,hurricane,EP021949__EP031949,0.5,CPS-3F,25,25,reused,output\paper_v1\unified_pilot_results\slots\10\attempts\slot10_9c3ce8eb1cc545e1b9833ac08e21c34d,validated,True,True,completed search,unique_configuration_edges,,,,"N*(N-1)/2, N=H_A*H_B",Product graph not materialized; no observed unique-edge count; strict forward topological order,Finite DAG counting derivation; not a transition-check measurement,O(n^2 m^2),Counter unavailable or phase not reached; historical runs not rerun,Missing completed single-graph counters,H2
hurricane:EP021949__EP031949:a0.5|CPS-3F,10,hurricane,EP021949__EP031949,0.5,CPS-3F,25,25,reused,output\paper_v1\unified_pilot_results\slots\10\attempts\slot10_9c3ce8eb1cc545e1b9833ac08e21c34d,validated,True,True,completed search,dynamic_programming_labels,,,,n*H_A*H_B,At most n distinct A-hop counts per state; labels not instrumented,Thesis section5.1; manuscript section4.4; solve_cps values dictionaries,O(n^2 m^2),Counter unavailable or phase not reached; historical runs not rerun,Missing completed single-graph counters,H2
protein:1o7j.a__1d9q.d:a0.5|CPS-2F,19,protein,1o7j.a__1d9q.d,0.5,CPS-2F,22,22,reused,output\paper_v1\unified_pilot_results\slots\19\attempts\slot19_67a95ddd348341d08fd3a07c99191bd7,validated,True,True,completed search,auxiliary_A,96.0,924.0,10.38961038961039,2 k(k-1),Interior curve-parameter intersections; CPS-3F percentage not applicable,Thesis Observation 4 p.18 and section 5.1 p.26; manuscript section 4.4 pp.15-16,O(n^3 m^3),,,P1
protein:1o7j.a__1d9q.d:a0.5|CPS-2F,19,protein,1o7j.a__1d9q.d,0.5,CPS-2F,22,22,reused,output\paper_v1\unified_pilot_results\slots\19\attempts\slot19_67a95ddd348341d08fd3a07c99191bd7,validated,True,True,completed search,single_dense_A,2596.0,20812.0,12.473572938689218,k*(k+2k(k-1)),"Dense indexing slots, not valid vertices",Thesis Observation 4 p.18 and section 5.1 p.26; manuscript section 4.4 pp.15-16,O(n^3 m^3),,,P1
protein:1o7j.a__1d9q.d:a0.5|CPS-2F,19,protein,1o7j.a__1d9q.d,0.5,CPS-2F,22,22,reused,output\paper_v1\unified_pilot_results\slots\19\attempts\slot19_67a95ddd348341d08fd3a07c99191bd7,validated,True,True,completed search,single_active_A,,2596.0,,k*(k+a),Anchored source/terminal included; single-graph construction complete,Thesis Observation 4 p.18 and section 5.1 p.26; manuscript section 4.4 pp.15-16,O(n^3 m^3),Counter unavailable or phase not reached; historical runs not rerun,,P1
protein:1o7j.a__1d9q.d:a0.5|CPS-2F,19,protein,1o7j.a__1d9q.d,0.5,CPS-2F,22,22,reused,output\paper_v1\unified_pilot_results\slots\19\attempts\slot19_67a95ddd348341d08fd3a07c99191bd7,validated,True,True,completed search,single_edges_with_waits_A,,,,H*(H+1)/2,Unique forward transitions plus exactly H waits; completed graph,Finite derivation from chain_graph() enumeration and pruning,O(n^3 m^3),Counter unavailable or phase not reached; historical runs not rerun,Missing completed single-graph counters,P1
protein:1o7j.a__1d9q.d:a0.5|CPS-2F,19,protein,1o7j.a__1d9q.d,0.5,CPS-2F,22,22,reused,output\paper_v1\unified_pilot_results\slots\19\attempts\slot19_67a95ddd348341d08fd3a07c99191bd7,validated,True,True,completed search,auxiliary_B,91.0,924.0,9.848484848484848,2 k(k-1),Interior curve-parameter intersections; CPS-3F percentage not applicable,Thesis Observation 4 p.18 and section 5.1 p.26; manuscript section 4.4 pp.15-16,O(n^3 m^3),,,P1
protein:1o7j.a__1d9q.d:a0.5|CPS-2F,19,protein,1o7j.a__1d9q.d,0.5,CPS-2F,22,22,reused,output\paper_v1\unified_pilot_results\slots\19\attempts\slot19_67a95ddd348341d08fd3a07c99191bd7,validated,True,True,completed search,single_dense_B,2486.0,20812.0,11.945031712473574,k*(k+2k(k-1)),"Dense indexing slots, not valid vertices",Thesis Observation 4 p.18 and section 5.1 p.26; manuscript section 4.4 pp.15-16,O(n^3 m^3),,,P1
protein:1o7j.a__1d9q.d:a0.5|CPS-2F,19,protein,1o7j.a__1d9q.d,0.5,CPS-2F,22,22,reused,output\paper_v1\unified_pilot_results\slots\19\attempts\slot19_67a95ddd348341d08fd3a07c99191bd7,validated,True,True,completed search,single_active_B,,2486.0,,k*(k+a),Anchored source/terminal included; single-graph construction complete,Thesis Observation 4 p.18 and section 5.1 p.26; manuscript section 4.4 pp.15-16,O(n^3 m^3),Counter unavailable or phase not reached; historical runs not rerun,,P1
protein:1o7j.a__1d9q.d:a0.5|CPS-2F,19,protein,1o7j.a__1d9q.d,0.5,CPS-2F,22,22,reused,output\paper_v1\unified_pilot_results\slots\19\attempts\slot19_67a95ddd348341d08fd3a07c99191bd7,validated,True,True,completed search,single_edges_with_waits_B,2651.0,,,H*(H+1)/2,Unique forward transitions plus exactly H waits; completed graph,Finite derivation from chain_graph() enumeration and pruning,O(n^3 m^3),,Missing completed single-graph counters,P1
protein:1o7j.a__1d9q.d:a0.5|CPS-2F,19,protein,1o7j.a__1d9q.d,0.5,CPS-2F,22,22,reused,output\paper_v1\unified_pilot_results\slots\19\attempts\slot19_67a95ddd348341d08fd3a07c99191bd7,validated,True,True,completed search,configuration_states_input_bound,22004.0,433139344.0,0.005080120359604183,n*m*(n+2n(n-1))*(m+2m(m-1)),All index combinations; includes source/terminal; no hidden asymptotic constant,Thesis Observation 4 p.18 and section 5.1 p.26; manuscript section 4.4 pp.15-16,O(n^3 m^3),,,P1
protein:1o7j.a__1d9q.d:a0.5|CPS-2F,19,protein,1o7j.a__1d9q.d,0.5,CPS-2F,22,22,reused,output\paper_v1\unified_pilot_results\slots\19\attempts\slot19_67a95ddd348341d08fd3a07c99191bd7,validated,True,True,completed search,configuration_states_extended_bound,22004.0,6453656.0,0.34095402667883135,n*m*(n+aA)*(m+aB),Actual extended-curve sizes; all index combinations,Thesis Observation 4 p.18 and section 5.1 p.26; manuscript section 4.4 pp.15-16,O(n^3 m^3),,,P1
protein:1o7j.a__1d9q.d:a0.5|CPS-2F,19,protein,1o7j.a__1d9q.d,0.5,CPS-2F,22,22,reused,output\paper_v1\unified_pilot_results\slots\19\attempts\slot19_67a95ddd348341d08fd3a07c99191bd7,validated,True,True,completed search,configuration_states_active_bound,22004.0,,,H_A*H_B,Completed single graphs; includes coupling-invalid combinations,Thesis Observation 4 p.18 and section 5.1 p.26; manuscript section 4.4 pp.15-16,O(n^3 m^3),,Missing completed single-graph counters,P1
protein:1o7j.a__1d9q.d:a0.5|CPS-2F,19,protein,1o7j.a__1d9q.d,0.5,CPS-2F,22,22,reused,output\paper_v1\unified_pilot_results\slots\19\attempts\slot19_67a95ddd348341d08fd3a07c99191bd7,validated,True,True,completed search,candidate_transition_checks,6617064.0,,,E_A*E_B-H_A*H_B,No duplicate single-graph entries; each product source popped once; excludes simultaneous waits,Finite derivation from solve_cps() and chain_graph(); see graph_bounds.md,O(n^3 m^3),,Missing completed single-graph counters,P1
protein:1o7j.a__1d9q.d:a0.5|CPS-2F,19,protein,1o7j.a__1d9q.d,0.5,CPS-2F,22,22,reused,output\paper_v1\unified_pilot_results\slots\19\attempts\slot19_67a95ddd348341d08fd3a07c99191bd7,validated,True,True,completed search,unique_configuration_edges,,,,"N*(N-1)/2, N=H_A*H_B",Product graph not materialized; no observed unique-edge count; strict forward topological order,Finite DAG counting derivation; not a transition-check measurement,O(n^3 m^3),Counter unavailable or phase not reached; historical runs not rerun,Missing completed single-graph counters,P1
protein:1o7j.a__1d9q.d:a0.5|CPS-2F,19,protein,1o7j.a__1d9q.d,0.5,CPS-2F,22,22,reused,output\paper_v1\unified_pilot_results\slots\19\attempts\slot19_67a95ddd348341d08fd3a07c99191bd7,validated,True,True,completed search,dynamic_programming_labels,,,,n*H_A*H_B,At most n distinct A-hop counts per state; labels not instrumented,Thesis section5.1; manuscript section4.4; solve_cps values dictionaries,O(n^3 m^3),Counter unavailable or phase not reached; historical runs not rerun,Missing completed single-graph counters,P1
protein:1o7j.a__1d9q.d:a0.5|CPS-3F,20,protein,1o7j.a__1d9q.d,0.5,CPS-3F,22,22,reused,output\paper_v1\unified_pilot_results\slots\20\attempts\slot20_e0ee0e87e6cf44b8b6e3f58388474666,validated,True,True,completed search,auxiliary_A,0.0,0.0,,0 (no auxiliary locations),Interior curve-parameter intersections; CPS-3F percentage not applicable,Thesis Observation 4 p.18 and section 5.1 p.26; manuscript section 4.4 pp.15-16,O(n^2 m^2),,Zero/non-applicable bound,P1
protein:1o7j.a__1d9q.d:a0.5|CPS-3F,20,protein,1o7j.a__1d9q.d,0.5,CPS-3F,22,22,reused,output\paper_v1\unified_pilot_results\slots\20\attempts\slot20_e0ee0e87e6cf44b8b6e3f58388474666,validated,True,True,completed search,single_dense_A,484.0,484.0,100.0,k^2,"Dense indexing slots, not valid vertices",Thesis Observation 4 p.18 and section 5.1 p.26; manuscript section 4.4 pp.15-16,O(n^2 m^2),,,P1
protein:1o7j.a__1d9q.d:a0.5|CPS-3F,20,protein,1o7j.a__1d9q.d,0.5,CPS-3F,22,22,reused,output\paper_v1\unified_pilot_results\slots\20\attempts\slot20_e0ee0e87e6cf44b8b6e3f58388474666,validated,True,True,completed search,single_active_A,,484.0,,k*(k+a),Anchored source/terminal included; single-graph construction complete,Thesis Observation 4 p.18 and section 5.1 p.26; manuscript section 4.4 pp.15-16,O(n^2 m^2),Counter unavailable or phase not reached; historical runs not rerun,,P1
protein:1o7j.a__1d9q.d:a0.5|CPS-3F,20,protein,1o7j.a__1d9q.d,0.5,CPS-3F,22,22,reused,output\paper_v1\unified_pilot_results\slots\20\attempts\slot20_e0ee0e87e6cf44b8b6e3f58388474666,validated,True,True,completed search,single_edges_with_waits_A,,,,H*(H+1)/2,Unique forward transitions plus exactly H waits; completed graph,Finite derivation from chain_graph() enumeration and pruning,O(n^2 m^2),Counter unavailable or phase not reached; historical runs not rerun,Missing completed single-graph counters,P1
protein:1o7j.a__1d9q.d:a0.5|CPS-3F,20,protein,1o7j.a__1d9q.d,0.5,CPS-3F,22,22,reused,output\paper_v1\unified_pilot_results\slots\20\attempts\slot20_e0ee0e87e6cf44b8b6e3f58388474666,validated,True,True,completed search,auxiliary_B,0.0,0.0,,0 (no auxiliary locations),Interior curve-parameter intersections; CPS-3F percentage not applicable,Thesis Observation 4 p.18 and section 5.1 p.26; manuscript section 4.4 pp.15-16,O(n^2 m^2),,Zero/non-applicable bound,P1
protein:1o7j.a__1d9q.d:a0.5|CPS-3F,20,protein,1o7j.a__1d9q.d,0.5,CPS-3F,22,22,reused,output\paper_v1\unified_pilot_results\slots\20\attempts\slot20_e0ee0e87e6cf44b8b6e3f58388474666,validated,True,True,completed search,single_dense_B,484.0,484.0,100.0,k^2,"Dense indexing slots, not valid vertices",Thesis Observation 4 p.18 and section 5.1 p.26; manuscript section 4.4 pp.15-16,O(n^2 m^2),,,P1
protein:1o7j.a__1d9q.d:a0.5|CPS-3F,20,protein,1o7j.a__1d9q.d,0.5,CPS-3F,22,22,reused,output\paper_v1\unified_pilot_results\slots\20\attempts\slot20_e0ee0e87e6cf44b8b6e3f58388474666,validated,True,True,completed search,single_active_B,,484.0,,k*(k+a),Anchored source/terminal included; single-graph construction complete,Thesis Observation 4 p.18 and section 5.1 p.26; manuscript section 4.4 pp.15-16,O(n^2 m^2),Counter unavailable or phase not reached; historical runs not rerun,,P1
protein:1o7j.a__1d9q.d:a0.5|CPS-3F,20,protein,1o7j.a__1d9q.d,0.5,CPS-3F,22,22,reused,output\paper_v1\unified_pilot_results\slots\20\attempts\slot20_e0ee0e87e6cf44b8b6e3f58388474666,validated,True,True,completed search,single_edges_with_waits_B,62.0,,,H*(H+1)/2,Unique forward transitions plus exactly H waits; completed graph,Finite derivation from chain_graph() enumeration and pruning,O(n^2 m^2),,Missing completed single-graph counters,P1
protein:1o7j.a__1d9q.d:a0.5|CPS-3F,20,protein,1o7j.a__1d9q.d,0.5,CPS-3F,22,22,reused,output\paper_v1\unified_pilot_results\slots\20\attempts\slot20_e0ee0e87e6cf44b8b6e3f58388474666,validated,True,True,completed search,configuration_states_input_bound,669.0,234256.0,0.28558500102452017,n^2*m^2,All index combinations; includes source/terminal; no hidden asymptotic constant,Thesis Observation 4 p.18 and section 5.1 p.26; manuscript section 4.4 pp.15-16,O(n^2 m^2),,,P1
protein:1o7j.a__1d9q.d:a0.5|CPS-3F,20,protein,1o7j.a__1d9q.d,0.5,CPS-3F,22,22,reused,output\paper_v1\unified_pilot_results\slots\20\attempts\slot20_e0ee0e87e6cf44b8b6e3f58388474666,validated,True,True,completed search,configuration_states_active_bound,669.0,,,H_A*H_B,Completed single graphs; includes coupling-invalid combinations,Thesis Observation 4 p.18 and section 5.1 p.26; manuscript section 4.4 pp.15-16,O(n^2 m^2),,Missing completed single-graph counters,P1
protein:1o7j.a__1d9q.d:a0.5|CPS-3F,20,protein,1o7j.a__1d9q.d,0.5,CPS-3F,22,22,reused,output\paper_v1\unified_pilot_results\slots\20\attempts\slot20_e0ee0e87e6cf44b8b6e3f58388474666,validated,True,True,completed search,candidate_transition_checks,3170.0,,,E_A*E_B-H_A*H_B,No duplicate single-graph entries; each product source popped once; excludes simultaneous waits,Finite derivation from solve_cps() and chain_graph(); see graph_bounds.md,O(n^2 m^2),,Missing completed single-graph counters,P1
protein:1o7j.a__1d9q.d:a0.5|CPS-3F,20,protein,1o7j.a__1d9q.d,0.5,CPS-3F,22,22,reused,output\paper_v1\unified_pilot_results\slots\20\attempts\slot20_e0ee0e87e6cf44b8b6e3f58388474666,validated,True,True,completed search,unique_configuration_edges,,,,"N*(N-1)/2, N=H_A*H_B",Product graph not materialized; no observed unique-edge count; strict forward topological order,Finite DAG counting derivation; not a transition-check measurement,O(n^2 m^2),Counter unavailable or phase not reached; historical runs not rerun,Missing completed single-graph counters,P1
protein:1o7j.a__1d9q.d:a0.5|CPS-3F,20,protein,1o7j.a__1d9q.d,0.5,CPS-3F,22,22,reused,output\paper_v1\unified_pilot_results\slots\20\attempts\slot20_e0ee0e87e6cf44b8b6e3f58388474666,validated,True,True,completed search,dynamic_programming_labels,,,,n*H_A*H_B,At most n distinct A-hop counts per state; labels not instrumented,Thesis section5.1; manuscript section4.4; solve_cps values dictionaries,O(n^2 m^2),Counter unavailable or phase not reached; historical runs not rerun,Missing completed single-graph counters,P1
protein:1o7j.a__1hfj.c:a0.5|CPS-2F,25,protein,1o7j.a__1hfj.c,0.5,CPS-2F,22,22,reused,output\paper_v1\unified_pilot_results\slots\25\attempts\slot25_e5ce743da5d4474f8086789aa234a723,validated,True,True,completed search,auxiliary_A,96.0,924.0,10.38961038961039,2 k(k-1),Interior curve-parameter intersections; CPS-3F percentage not applicable,Thesis Observation 4 p.18 and section 5.1 p.26; manuscript section 4.4 pp.15-16,O(n^3 m^3),,,P2
protein:1o7j.a__1hfj.c:a0.5|CPS-2F,25,protein,1o7j.a__1hfj.c,0.5,CPS-2F,22,22,reused,output\paper_v1\unified_pilot_results\slots\25\attempts\slot25_e5ce743da5d4474f8086789aa234a723,validated,True,True,completed search,single_dense_A,2596.0,20812.0,12.473572938689218,k*(k+2k(k-1)),"Dense indexing slots, not valid vertices",Thesis Observation 4 p.18 and section 5.1 p.26; manuscript section 4.4 pp.15-16,O(n^3 m^3),,,P2
protein:1o7j.a__1hfj.c:a0.5|CPS-2F,25,protein,1o7j.a__1hfj.c,0.5,CPS-2F,22,22,reused,output\paper_v1\unified_pilot_results\slots\25\attempts\slot25_e5ce743da5d4474f8086789aa234a723,validated,True,True,completed search,single_active_A,,2596.0,,k*(k+a),Anchored source/terminal included; single-graph construction complete,Thesis Observation 4 p.18 and section 5.1 p.26; manuscript section 4.4 pp.15-16,O(n^3 m^3),Counter unavailable or phase not reached; historical runs not rerun,,P2
protein:1o7j.a__1hfj.c:a0.5|CPS-2F,25,protein,1o7j.a__1hfj.c,0.5,CPS-2F,22,22,reused,output\paper_v1\unified_pilot_results\slots\25\attempts\slot25_e5ce743da5d4474f8086789aa234a723,validated,True,True,completed search,single_edges_with_waits_A,,,,H*(H+1)/2,Unique forward transitions plus exactly H waits; completed graph,Finite derivation from chain_graph() enumeration and pruning,O(n^3 m^3),Counter unavailable or phase not reached; historical runs not rerun,Missing completed single-graph counters,P2
protein:1o7j.a__1hfj.c:a0.5|CPS-2F,25,protein,1o7j.a__1hfj.c,0.5,CPS-2F,22,22,reused,output\paper_v1\unified_pilot_results\slots\25\attempts\slot25_e5ce743da5d4474f8086789aa234a723,validated,True,True,completed search,auxiliary_B,94.0,924.0,10.173160173160174,2 k(k-1),Interior curve-parameter intersections; CPS-3F percentage not applicable,Thesis Observation 4 p.18 and section 5.1 p.26; manuscript section 4.4 pp.15-16,O(n^3 m^3),,,P2
protein:1o7j.a__1hfj.c:a0.5|CPS-2F,25,protein,1o7j.a__1hfj.c,0.5,CPS-2F,22,22,reused,output\paper_v1\unified_pilot_results\slots\25\attempts\slot25_e5ce743da5d4474f8086789aa234a723,validated,True,True,completed search,single_dense_B,2552.0,20812.0,12.26215644820296,k*(k+2k(k-1)),"Dense indexing slots, not valid vertices",Thesis Observation 4 p.18 and section 5.1 p.26; manuscript section 4.4 pp.15-16,O(n^3 m^3),,,P2
protein:1o7j.a__1hfj.c:a0.5|CPS-2F,25,protein,1o7j.a__1hfj.c,0.5,CPS-2F,22,22,reused,output\paper_v1\unified_pilot_results\slots\25\attempts\slot25_e5ce743da5d4474f8086789aa234a723,validated,True,True,completed search,single_active_B,,2552.0,,k*(k+a),Anchored source/terminal included; single-graph construction complete,Thesis Observation 4 p.18 and section 5.1 p.26; manuscript section 4.4 pp.15-16,O(n^3 m^3),Counter unavailable or phase not reached; historical runs not rerun,,P2
protein:1o7j.a__1hfj.c:a0.5|CPS-2F,25,protein,1o7j.a__1hfj.c,0.5,CPS-2F,22,22,reused,output\paper_v1\unified_pilot_results\slots\25\attempts\slot25_e5ce743da5d4474f8086789aa234a723,validated,True,True,completed search,single_edges_with_waits_B,2598.0,,,H*(H+1)/2,Unique forward transitions plus exactly H waits; completed graph,Finite derivation from chain_graph() enumeration and pruning,O(n^3 m^3),,Missing completed single-graph counters,P2
protein:1o7j.a__1hfj.c:a0.5|CPS-2F,25,protein,1o7j.a__1hfj.c,0.5,CPS-2F,22,22,reused,output\paper_v1\unified_pilot_results\slots\25\attempts\slot25_e5ce743da5d4474f8086789aa234a723,validated,True,True,completed search,configuration_states_input_bound,1273.0,433139344.0,0.0002939008006624307,n*m*(n+2n(n-1))*(m+2m(m-1)),All index combinations; includes source/terminal; no hidden asymptotic constant,Thesis Observation 4 p.18 and section 5.1 p.26; manuscript section 4.4 pp.15-16,O(n^3 m^3),,,P2
protein:1o7j.a__1hfj.c:a0.5|CPS-2F,25,protein,1o7j.a__1hfj.c,0.5,CPS-2F,22,22,reused,output\paper_v1\unified_pilot_results\slots\25\attempts\slot25_e5ce743da5d4474f8086789aa234a723,validated,True,True,completed search,configuration_states_extended_bound,1273.0,6624992.0,0.019215117542783447,n*m*(n+aA)*(m+aB),Actual extended-curve sizes; all index combinations,Thesis Observation 4 p.18 and section 5.1 p.26; manuscript section 4.4 pp.15-16,O(n^3 m^3),,,P2
protein:1o7j.a__1hfj.c:a0.5|CPS-2F,25,protein,1o7j.a__1hfj.c,0.5,CPS-2F,22,22,reused,output\paper_v1\unified_pilot_results\slots\25\attempts\slot25_e5ce743da5d4474f8086789aa234a723,validated,True,True,completed search,configuration_states_active_bound,1273.0,,,H_A*H_B,Completed single graphs; includes coupling-invalid combinations,Thesis Observation 4 p.18 and section 5.1 p.26; manuscript section 4.4 pp.15-16,O(n^3 m^3),,Missing completed single-graph counters,P2
protein:1o7j.a__1hfj.c:a0.5|CPS-2F,25,protein,1o7j.a__1hfj.c,0.5,CPS-2F,22,22,reused,output\paper_v1\unified_pilot_results\slots\25\attempts\slot25_e5ce743da5d4474f8086789aa234a723,validated,True,True,completed search,candidate_transition_checks,168920.0,,,E_A*E_B-H_A*H_B,No duplicate single-graph entries; each product source popped once; excludes simultaneous waits,Finite derivation from solve_cps() and chain_graph(); see graph_bounds.md,O(n^3 m^3),,Missing completed single-graph counters,P2
protein:1o7j.a__1hfj.c:a0.5|CPS-2F,25,protein,1o7j.a__1hfj.c,0.5,CPS-2F,22,22,reused,output\paper_v1\unified_pilot_results\slots\25\attempts\slot25_e5ce743da5d4474f8086789aa234a723,validated,True,True,completed search,unique_configuration_edges,,,,"N*(N-1)/2, N=H_A*H_B",Product graph not materialized; no observed unique-edge count; strict forward topological order,Finite DAG counting derivation; not a transition-check measurement,O(n^3 m^3),Counter unavailable or phase not reached; historical runs not rerun,Missing completed single-graph counters,P2
protein:1o7j.a__1hfj.c:a0.5|CPS-2F,25,protein,1o7j.a__1hfj.c,0.5,CPS-2F,22,22,reused,output\paper_v1\unified_pilot_results\slots\25\attempts\slot25_e5ce743da5d4474f8086789aa234a723,validated,True,True,completed search,dynamic_programming_labels,,,,n*H_A*H_B,At most n distinct A-hop counts per state; labels not instrumented,Thesis section5.1; manuscript section4.4; solve_cps values dictionaries,O(n^3 m^3),Counter unavailable or phase not reached; historical runs not rerun,Missing completed single-graph counters,P2
protein:1o7j.a__1hfj.c:a0.5|CPS-3F,26,protein,1o7j.a__1hfj.c,0.5,CPS-3F,22,22,reused,output\paper_v1\unified_pilot_results\slots\26\attempts\slot26_dd70540fbfa346d9babebd31da1d1eae,validated,True,True,completed search,auxiliary_A,0.0,0.0,,0 (no auxiliary locations),Interior curve-parameter intersections; CPS-3F percentage not applicable,Thesis Observation 4 p.18 and section 5.1 p.26; manuscript section 4.4 pp.15-16,O(n^2 m^2),,Zero/non-applicable bound,P2
protein:1o7j.a__1hfj.c:a0.5|CPS-3F,26,protein,1o7j.a__1hfj.c,0.5,CPS-3F,22,22,reused,output\paper_v1\unified_pilot_results\slots\26\attempts\slot26_dd70540fbfa346d9babebd31da1d1eae,validated,True,True,completed search,single_dense_A,484.0,484.0,100.0,k^2,"Dense indexing slots, not valid vertices",Thesis Observation 4 p.18 and section 5.1 p.26; manuscript section 4.4 pp.15-16,O(n^2 m^2),,,P2
protein:1o7j.a__1hfj.c:a0.5|CPS-3F,26,protein,1o7j.a__1hfj.c,0.5,CPS-3F,22,22,reused,output\paper_v1\unified_pilot_results\slots\26\attempts\slot26_dd70540fbfa346d9babebd31da1d1eae,validated,True,True,completed search,single_active_A,,484.0,,k*(k+a),Anchored source/terminal included; single-graph construction complete,Thesis Observation 4 p.18 and section 5.1 p.26; manuscript section 4.4 pp.15-16,O(n^2 m^2),Counter unavailable or phase not reached; historical runs not rerun,,P2
protein:1o7j.a__1hfj.c:a0.5|CPS-3F,26,protein,1o7j.a__1hfj.c,0.5,CPS-3F,22,22,reused,output\paper_v1\unified_pilot_results\slots\26\attempts\slot26_dd70540fbfa346d9babebd31da1d1eae,validated,True,True,completed search,single_edges_with_waits_A,,,,H*(H+1)/2,Unique forward transitions plus exactly H waits; completed graph,Finite derivation from chain_graph() enumeration and pruning,O(n^2 m^2),Counter unavailable or phase not reached; historical runs not rerun,Missing completed single-graph counters,P2
protein:1o7j.a__1hfj.c:a0.5|CPS-3F,26,protein,1o7j.a__1hfj.c,0.5,CPS-3F,22,22,reused,output\paper_v1\unified_pilot_results\slots\26\attempts\slot26_dd70540fbfa346d9babebd31da1d1eae,validated,True,True,completed search,auxiliary_B,0.0,0.0,,0 (no auxiliary locations),Interior curve-parameter intersections; CPS-3F percentage not applicable,Thesis Observation 4 p.18 and section 5.1 p.26; manuscript section 4.4 pp.15-16,O(n^2 m^2),,Zero/non-applicable bound,P2
protein:1o7j.a__1hfj.c:a0.5|CPS-3F,26,protein,1o7j.a__1hfj.c,0.5,CPS-3F,22,22,reused,output\paper_v1\unified_pilot_results\slots\26\attempts\slot26_dd70540fbfa346d9babebd31da1d1eae,validated,True,True,completed search,single_dense_B,484.0,484.0,100.0,k^2,"Dense indexing slots, not valid vertices",Thesis Observation 4 p.18 and section 5.1 p.26; manuscript section 4.4 pp.15-16,O(n^2 m^2),,,P2
protein:1o7j.a__1hfj.c:a0.5|CPS-3F,26,protein,1o7j.a__1hfj.c,0.5,CPS-3F,22,22,reused,output\paper_v1\unified_pilot_results\slots\26\attempts\slot26_dd70540fbfa346d9babebd31da1d1eae,validated,True,True,completed search,single_active_B,,484.0,,k*(k+a),Anchored source/terminal included; single-graph construction complete,Thesis Observation 4 p.18 and section 5.1 p.26; manuscript section 4.4 pp.15-16,O(n^2 m^2),Counter unavailable or phase not reached; historical runs not rerun,,P2
protein:1o7j.a__1hfj.c:a0.5|CPS-3F,26,protein,1o7j.a__1hfj.c,0.5,CPS-3F,22,22,reused,output\paper_v1\unified_pilot_results\slots\26\attempts\slot26_dd70540fbfa346d9babebd31da1d1eae,validated,True,True,completed search,single_edges_with_waits_B,70.0,,,H*(H+1)/2,Unique forward transitions plus exactly H waits; completed graph,Finite derivation from chain_graph() enumeration and pruning,O(n^2 m^2),,Missing completed single-graph counters,P2
protein:1o7j.a__1hfj.c:a0.5|CPS-3F,26,protein,1o7j.a__1hfj.c,0.5,CPS-3F,22,22,reused,output\paper_v1\unified_pilot_results\slots\26\attempts\slot26_dd70540fbfa346d9babebd31da1d1eae,validated,True,True,completed search,configuration_states_input_bound,42.0,234256.0,0.017929103203333106,n^2*m^2,All index combinations; includes source/terminal; no hidden asymptotic constant,Thesis Observation 4 p.18 and section 5.1 p.26; manuscript section 4.4 pp.15-16,O(n^2 m^2),,,P2
protein:1o7j.a__1hfj.c:a0.5|CPS-3F,26,protein,1o7j.a__1hfj.c,0.5,CPS-3F,22,22,reused,output\paper_v1\unified_pilot_results\slots\26\attempts\slot26_dd70540fbfa346d9babebd31da1d1eae,validated,True,True,completed search,configuration_states_active_bound,42.0,,,H_A*H_B,Completed single graphs; includes coupling-invalid combinations,Thesis Observation 4 p.18 and section 5.1 p.26; manuscript section 4.4 pp.15-16,O(n^2 m^2),,Missing completed single-graph counters,P2
protein:1o7j.a__1hfj.c:a0.5|CPS-3F,26,protein,1o7j.a__1hfj.c,0.5,CPS-3F,22,22,reused,output\paper_v1\unified_pilot_results\slots\26\attempts\slot26_dd70540fbfa346d9babebd31da1d1eae,validated,True,True,completed search,candidate_transition_checks,108.0,,,E_A*E_B-H_A*H_B,No duplicate single-graph entries; each product source popped once; excludes simultaneous waits,Finite derivation from solve_cps() and chain_graph(); see graph_bounds.md,O(n^2 m^2),,Missing completed single-graph counters,P2
protein:1o7j.a__1hfj.c:a0.5|CPS-3F,26,protein,1o7j.a__1hfj.c,0.5,CPS-3F,22,22,reused,output\paper_v1\unified_pilot_results\slots\26\attempts\slot26_dd70540fbfa346d9babebd31da1d1eae,validated,True,True,completed search,unique_configuration_edges,,,,"N*(N-1)/2, N=H_A*H_B",Product graph not materialized; no observed unique-edge count; strict forward topological order,Finite DAG counting derivation; not a transition-check measurement,O(n^2 m^2),Counter unavailable or phase not reached; historical runs not rerun,Missing completed single-graph counters,P2
protein:1o7j.a__1hfj.c:a0.5|CPS-3F,26,protein,1o7j.a__1hfj.c,0.5,CPS-3F,22,22,reused,output\paper_v1\unified_pilot_results\slots\26\attempts\slot26_dd70540fbfa346d9babebd31da1d1eae,validated,True,True,completed search,dynamic_programming_labels,,,,n*H_A*H_B,At most n distinct A-hop counts per state; labels not instrumented,Thesis section5.1; manuscript section4.4; solve_cps values dictionaries,O(n^2 m^2),Counter unavailable or phase not reached; historical runs not rerun,Missing completed single-graph counters,P2
protein:1o7j.a__1qd1.b:a0.5|CPS-2F,35,protein,1o7j.a__1qd1.b,0.5,CPS-2F,22,22,reused,output\paper_v1\expanded_comparison\slots\35\attempts\expanded35_4fea86cbd8a54e25b1f0959f61809ba3,validated,True,True,completed search,auxiliary_A,96.0,924.0,10.38961038961039,2 k(k-1),Interior curve-parameter intersections; CPS-3F percentage not applicable,Thesis Observation 4 p.18 and section 5.1 p.26; manuscript section 4.4 pp.15-16,O(n^3 m^3),,,P3
protein:1o7j.a__1qd1.b:a0.5|CPS-2F,35,protein,1o7j.a__1qd1.b,0.5,CPS-2F,22,22,reused,output\paper_v1\expanded_comparison\slots\35\attempts\expanded35_4fea86cbd8a54e25b1f0959f61809ba3,validated,True,True,completed search,single_dense_A,2596.0,20812.0,12.473572938689218,k*(k+2k(k-1)),"Dense indexing slots, not valid vertices",Thesis Observation 4 p.18 and section 5.1 p.26; manuscript section 4.4 pp.15-16,O(n^3 m^3),,,P3
protein:1o7j.a__1qd1.b:a0.5|CPS-2F,35,protein,1o7j.a__1qd1.b,0.5,CPS-2F,22,22,reused,output\paper_v1\expanded_comparison\slots\35\attempts\expanded35_4fea86cbd8a54e25b1f0959f61809ba3,validated,True,True,completed search,single_active_A,155.0,2596.0,5.970724191063174,k*(k+a),Anchored source/terminal included; single-graph construction complete,Thesis Observation 4 p.18 and section 5.1 p.26; manuscript section 4.4 pp.15-16,O(n^3 m^3),,,P3
protein:1o7j.a__1qd1.b:a0.5|CPS-2F,35,protein,1o7j.a__1qd1.b,0.5,CPS-2F,22,22,reused,output\paper_v1\expanded_comparison\slots\35\attempts\expanded35_4fea86cbd8a54e25b1f0959f61809ba3,validated,True,True,completed search,single_edges_with_waits_A,2715.0,12090.0,22.456575682382134,H*(H+1)/2,Unique forward transitions plus exactly H waits; completed graph,Finite derivation from chain_graph() enumeration and pruning,O(n^3 m^3),,,P3
protein:1o7j.a__1qd1.b:a0.5|CPS-2F,35,protein,1o7j.a__1qd1.b,0.5,CPS-2F,22,22,reused,output\paper_v1\expanded_comparison\slots\35\attempts\expanded35_4fea86cbd8a54e25b1f0959f61809ba3,validated,True,True,completed search,auxiliary_B,102.0,924.0,11.03896103896104,2 k(k-1),Interior curve-parameter intersections; CPS-3F percentage not applicable,Thesis Observation 4 p.18 and section 5.1 p.26; manuscript section 4.4 pp.15-16,O(n^3 m^3),,,P3
protein:1o7j.a__1qd1.b:a0.5|CPS-2F,35,protein,1o7j.a__1qd1.b,0.5,CPS-2F,22,22,reused,output\paper_v1\expanded_comparison\slots\35\attempts\expanded35_4fea86cbd8a54e25b1f0959f61809ba3,validated,True,True,completed search,single_dense_B,2728.0,20812.0,13.10782241014799,k*(k+2k(k-1)),"Dense indexing slots, not valid vertices",Thesis Observation 4 p.18 and section 5.1 p.26; manuscript section 4.4 pp.15-16,O(n^3 m^3),,,P3
protein:1o7j.a__1qd1.b:a0.5|CPS-2F,35,protein,1o7j.a__1qd1.b,0.5,CPS-2F,22,22,reused,output\paper_v1\expanded_comparison\slots\35\attempts\expanded35_4fea86cbd8a54e25b1f0959f61809ba3,validated,True,True,completed search,single_active_B,158.0,2728.0,5.7917888563049855,k*(k+a),Anchored source/terminal included; single-graph construction complete,Thesis Observation 4 p.18 and section 5.1 p.26; manuscript section 4.4 pp.15-16,O(n^3 m^3),,,P3
protein:1o7j.a__1qd1.b:a0.5|CPS-2F,35,protein,1o7j.a__1qd1.b,0.5,CPS-2F,22,22,reused,output\paper_v1\expanded_comparison\slots\35\attempts\expanded35_4fea86cbd8a54e25b1f0959f61809ba3,validated,True,True,completed search,single_edges_with_waits_B,2002.0,12561.0,15.938221479181594,H*(H+1)/2,Unique forward transitions plus exactly H waits; completed graph,Finite derivation from chain_graph() enumeration and pruning,O(n^3 m^3),,,P3
protein:1o7j.a__1qd1.b:a0.5|CPS-2F,35,protein,1o7j.a__1qd1.b,0.5,CPS-2F,22,22,reused,output\paper_v1\expanded_comparison\slots\35\attempts\expanded35_4fea86cbd8a54e25b1f0959f61809ba3,validated,True,True,completed search,configuration_states_input_bound,18848.0,433139344.0,0.00435148648144972,n*m*(n+2n(n-1))*(m+2m(m-1)),All index combinations; includes source/terminal; no hidden asymptotic constant,Thesis Observation 4 p.18 and section 5.1 p.26; manuscript section 4.4 pp.15-16,O(n^3 m^3),,,P3
protein:1o7j.a__1qd1.b:a0.5|CPS-2F,35,protein,1o7j.a__1qd1.b,0.5,CPS-2F,22,22,reused,output\paper_v1\expanded_comparison\slots\35\attempts\expanded35_4fea86cbd8a54e25b1f0959f61809ba3,validated,True,True,completed search,configuration_states_extended_bound,18848.0,7081888.0,0.26614371760750805,n*m*(n+aA)*(m+aB),Actual extended-curve sizes; all index combinations,Thesis Observation 4 p.18 and section 5.1 p.26; manuscript section 4.4 pp.15-16,O(n^3 m^3),,,P3
protein:1o7j.a__1qd1.b:a0.5|CPS-2F,35,protein,1o7j.a__1qd1.b,0.5,CPS-2F,22,22,reused,output\paper_v1\expanded_comparison\slots\35\attempts\expanded35_4fea86cbd8a54e25b1f0959f61809ba3,validated,True,True,completed search,configuration_states_active_bound,18848.0,24490.0,76.9620253164557,H_A*H_B,Completed single graphs; includes coupling-invalid combinations,Thesis Observation 4 p.18 and section 5.1 p.26; manuscript section 4.4 pp.15-16,O(n^3 m^3),,,P3
protein:1o7j.a__1qd1.b:a0.5|CPS-2F,35,protein,1o7j.a__1qd1.b,0.5,CPS-2F,22,22,reused,output\paper_v1\expanded_comparison\slots\35\attempts\expanded35_4fea86cbd8a54e25b1f0959f61809ba3,validated,True,True,completed search,candidate_transition_checks,3486971.0,5410940.0,64.44298033243761,E_A*E_B-H_A*H_B,No duplicate single-graph entries; each product source popped once; excludes simultaneous waits,Finite derivation from solve_cps() and chain_graph(); see graph_bounds.md,O(n^3 m^3),,,P3
protein:1o7j.a__1qd1.b:a0.5|CPS-2F,35,protein,1o7j.a__1qd1.b,0.5,CPS-2F,22,22,reused,output\paper_v1\expanded_comparison\slots\35\attempts\expanded35_4fea86cbd8a54e25b1f0959f61809ba3,validated,True,True,completed search,unique_configuration_edges,,299867805.0,,"N*(N-1)/2, N=H_A*H_B",Product graph not materialized; no observed unique-edge count; strict forward topological order,Finite DAG counting derivation; not a transition-check measurement,O(n^3 m^3),Counter unavailable or phase not reached; historical runs not rerun,,P3
protein:1o7j.a__1qd1.b:a0.5|CPS-2F,35,protein,1o7j.a__1qd1.b,0.5,CPS-2F,22,22,reused,output\paper_v1\expanded_comparison\slots\35\attempts\expanded35_4fea86cbd8a54e25b1f0959f61809ba3,validated,True,True,completed search,dynamic_programming_labels,,538780.0,,n*H_A*H_B,At most n distinct A-hop counts per state; labels not instrumented,Thesis section5.1; manuscript section4.4; solve_cps values dictionaries,O(n^3 m^3),Counter unavailable or phase not reached; historical runs not rerun,,P3
protein:1o7j.a__1qd1.b:a0.5|CPS-3F,36,protein,1o7j.a__1qd1.b,0.5,CPS-3F,22,22,reused,output\paper_v1\expanded_comparison\slots\36\attempts\expanded36_b0a6256809594ea6b52aaa2f32fc4ee9,validated,True,True,completed search,auxiliary_A,0.0,0.0,,0 (no auxiliary locations),Interior curve-parameter intersections; CPS-3F percentage not applicable,Thesis Observation 4 p.18 and section 5.1 p.26; manuscript section 4.4 pp.15-16,O(n^2 m^2),,Zero/non-applicable bound,P3
protein:1o7j.a__1qd1.b:a0.5|CPS-3F,36,protein,1o7j.a__1qd1.b,0.5,CPS-3F,22,22,reused,output\paper_v1\expanded_comparison\slots\36\attempts\expanded36_b0a6256809594ea6b52aaa2f32fc4ee9,validated,True,True,completed search,single_dense_A,484.0,484.0,100.0,k^2,"Dense indexing slots, not valid vertices",Thesis Observation 4 p.18 and section 5.1 p.26; manuscript section 4.4 pp.15-16,O(n^2 m^2),,,P3
protein:1o7j.a__1qd1.b:a0.5|CPS-3F,36,protein,1o7j.a__1qd1.b,0.5,CPS-3F,22,22,reused,output\paper_v1\expanded_comparison\slots\36\attempts\expanded36_b0a6256809594ea6b52aaa2f32fc4ee9,validated,True,True,completed search,single_active_A,28.0,484.0,5.785123966942149,k*(k+a),Anchored source/terminal included; single-graph construction complete,Thesis Observation 4 p.18 and section 5.1 p.26; manuscript section 4.4 pp.15-16,O(n^2 m^2),,,P3
protein:1o7j.a__1qd1.b:a0.5|CPS-3F,36,protein,1o7j.a__1qd1.b,0.5,CPS-3F,22,22,reused,output\paper_v1\expanded_comparison\slots\36\attempts\expanded36_b0a6256809594ea6b52aaa2f32fc4ee9,validated,True,True,completed search,single_edges_with_waits_A,70.0,406.0,17.24137931034483,H*(H+1)/2,Unique forward transitions plus exactly H waits; completed graph,Finite derivation from chain_graph() enumeration and pruning,O(n^2 m^2),,,P3
protein:1o7j.a__1qd1.b:a0.5|CPS-3F,36,protein,1o7j.a__1qd1.b,0.5,CPS-3F,22,22,reused,output\paper_v1\expanded_comparison\slots\36\attempts\expanded36_b0a6256809594ea6b52aaa2f32fc4ee9,validated,True,True,completed search,auxiliary_B,0.0,0.0,,0 (no auxiliary locations),Interior curve-parameter intersections; CPS-3F percentage not applicable,Thesis Observation 4 p.18 and section 5.1 p.26; manuscript section 4.4 pp.15-16,O(n^2 m^2),,Zero/non-applicable bound,P3
protein:1o7j.a__1qd1.b:a0.5|CPS-3F,36,protein,1o7j.a__1qd1.b,0.5,CPS-3F,22,22,reused,output\paper_v1\expanded_comparison\slots\36\attempts\expanded36_b0a6256809594ea6b52aaa2f32fc4ee9,validated,True,True,completed search,single_dense_B,484.0,484.0,100.0,k^2,"Dense indexing slots, not valid vertices",Thesis Observation 4 p.18 and section 5.1 p.26; manuscript section 4.4 pp.15-16,O(n^2 m^2),,,P3
protein:1o7j.a__1qd1.b:a0.5|CPS-3F,36,protein,1o7j.a__1qd1.b,0.5,CPS-3F,22,22,reused,output\paper_v1\expanded_comparison\slots\36\attempts\expanded36_b0a6256809594ea6b52aaa2f32fc4ee9,validated,True,True,completed search,single_active_B,26.0,484.0,5.371900826446281,k*(k+a),Anchored source/terminal included; single-graph construction complete,Thesis Observation 4 p.18 and section 5.1 p.26; manuscript section 4.4 pp.15-16,O(n^2 m^2),,,P3
protein:1o7j.a__1qd1.b:a0.5|CPS-3F,36,protein,1o7j.a__1qd1.b,0.5,CPS-3F,22,22,reused,output\paper_v1\expanded_comparison\slots\36\attempts\expanded36_b0a6256809594ea6b52aaa2f32fc4ee9,validated,True,True,completed search,single_edges_with_waits_B,58.0,351.0,16.524216524216524,H*(H+1)/2,Unique forward transitions plus exactly H waits; completed graph,Finite derivation from chain_graph() enumeration and pruning,O(n^2 m^2),,,P3
protein:1o7j.a__1qd1.b:a0.5|CPS-3F,36,protein,1o7j.a__1qd1.b,0.5,CPS-3F,22,22,reused,output\paper_v1\expanded_comparison\slots\36\attempts\expanded36_b0a6256809594ea6b52aaa2f32fc4ee9,validated,True,True,completed search,configuration_states_input_bound,563.0,234256.0,0.24033535960658425,n^2*m^2,All index combinations; includes source/terminal; no hidden asymptotic constant,Thesis Observation 4 p.18 and section 5.1 p.26; manuscript section 4.4 pp.15-16,O(n^2 m^2),,,P3
protein:1o7j.a__1qd1.b:a0.5|CPS-3F,36,protein,1o7j.a__1qd1.b,0.5,CPS-3F,22,22,reused,output\paper_v1\expanded_comparison\slots\36\attempts\expanded36_b0a6256809594ea6b52aaa2f32fc4ee9,validated,True,True,completed search,configuration_states_active_bound,563.0,728.0,77.33516483516483,H_A*H_B,Completed single graphs; includes coupling-invalid combinations,Thesis Observation 4 p.18 and section 5.1 p.26; manuscript section 4.4 pp.15-16,O(n^2 m^2),,,P3
protein:1o7j.a__1qd1.b:a0.5|CPS-3F,36,protein,1o7j.a__1qd1.b,0.5,CPS-3F,22,22,reused,output\paper_v1\expanded_comparison\slots\36\attempts\expanded36_b0a6256809594ea6b52aaa2f32fc4ee9,validated,True,True,completed search,candidate_transition_checks,2448.0,3332.0,73.46938775510205,E_A*E_B-H_A*H_B,No duplicate single-graph entries; each product source popped once; excludes simultaneous waits,Finite derivation from solve_cps() and chain_graph(); see graph_bounds.md,O(n^2 m^2),,,P3
protein:1o7j.a__1qd1.b:a0.5|CPS-3F,36,protein,1o7j.a__1qd1.b,0.5,CPS-3F,22,22,reused,output\paper_v1\expanded_comparison\slots\36\attempts\expanded36_b0a6256809594ea6b52aaa2f32fc4ee9,validated,True,True,completed search,unique_configuration_edges,,264628.0,,"N*(N-1)/2, N=H_A*H_B",Product graph not materialized; no observed unique-edge count; strict forward topological order,Finite DAG counting derivation; not a transition-check measurement,O(n^2 m^2),Counter unavailable or phase not reached; historical runs not rerun,,P3
protein:1o7j.a__1qd1.b:a0.5|CPS-3F,36,protein,1o7j.a__1qd1.b,0.5,CPS-3F,22,22,reused,output\paper_v1\expanded_comparison\slots\36\attempts\expanded36_b0a6256809594ea6b52aaa2f32fc4ee9,validated,True,True,completed search,dynamic_programming_labels,,16016.0,,n*H_A*H_B,At most n distinct A-hop counts per state; labels not instrumented,Thesis section5.1; manuscript section4.4; solve_cps values dictionaries,O(n^2 m^2),Counter unavailable or phase not reached; historical runs not rerun,,P3
protein:1o7j.a__4eca.d:a0.5|CPS-2F,43,protein,1o7j.a__4eca.d,0.5,CPS-2F,22,22,reused,output\paper_v1\expanded_comparison\slots\43\attempts\expanded43_11cd981519ea4c5fb33267ed28507b86,validated,True,True,completed search,auxiliary_A,96.0,924.0,10.38961038961039,2 k(k-1),Interior curve-parameter intersections; CPS-3F percentage not applicable,Thesis Observation 4 p.18 and section 5.1 p.26; manuscript section 4.4 pp.15-16,O(n^3 m^3),,,P4
protein:1o7j.a__4eca.d:a0.5|CPS-2F,43,protein,1o7j.a__4eca.d,0.5,CPS-2F,22,22,reused,output\paper_v1\expanded_comparison\slots\43\attempts\expanded43_11cd981519ea4c5fb33267ed28507b86,validated,True,True,completed search,single_dense_A,2596.0,20812.0,12.473572938689218,k*(k+2k(k-1)),"Dense indexing slots, not valid vertices",Thesis Observation 4 p.18 and section 5.1 p.26; manuscript section 4.4 pp.15-16,O(n^3 m^3),,,P4
protein:1o7j.a__4eca.d:a0.5|CPS-2F,43,protein,1o7j.a__4eca.d,0.5,CPS-2F,22,22,reused,output\paper_v1\expanded_comparison\slots\43\attempts\expanded43_11cd981519ea4c5fb33267ed28507b86,validated,True,True,completed search,single_active_A,155.0,2596.0,5.970724191063174,k*(k+a),Anchored source/terminal included; single-graph construction complete,Thesis Observation 4 p.18 and section 5.1 p.26; manuscript section 4.4 pp.15-16,O(n^3 m^3),,,P4
protein:1o7j.a__4eca.d:a0.5|CPS-2F,43,protein,1o7j.a__4eca.d,0.5,CPS-2F,22,22,reused,output\paper_v1\expanded_comparison\slots\43\attempts\expanded43_11cd981519ea4c5fb33267ed28507b86,validated,True,True,completed search,single_edges_with_waits_A,2715.0,12090.0,22.456575682382134,H*(H+1)/2,Unique forward transitions plus exactly H waits; completed graph,Finite derivation from chain_graph() enumeration and pruning,O(n^3 m^3),,,P4
protein:1o7j.a__4eca.d:a0.5|CPS-2F,43,protein,1o7j.a__4eca.d,0.5,CPS-2F,22,22,reused,output\paper_v1\expanded_comparison\slots\43\attempts\expanded43_11cd981519ea4c5fb33267ed28507b86,validated,True,True,completed search,auxiliary_B,75.0,924.0,8.116883116883116,2 k(k-1),Interior curve-parameter intersections; CPS-3F percentage not applicable,Thesis Observation 4 p.18 and section 5.1 p.26; manuscript section 4.4 pp.15-16,O(n^3 m^3),,,P4
protein:1o7j.a__4eca.d:a0.5|CPS-2F,43,protein,1o7j.a__4eca.d,0.5,CPS-2F,22,22,reused,output\paper_v1\expanded_comparison\slots\43\attempts\expanded43_11cd981519ea4c5fb33267ed28507b86,validated,True,True,completed search,single_dense_B,2134.0,20812.0,10.253699788583509,k*(k+2k(k-1)),"Dense indexing slots, not valid vertices",Thesis Observation 4 p.18 and section 5.1 p.26; manuscript section 4.4 pp.15-16,O(n^3 m^3),,,P4
protein:1o7j.a__4eca.d:a0.5|CPS-2F,43,protein,1o7j.a__4eca.d,0.5,CPS-2F,22,22,reused,output\paper_v1\expanded_comparison\slots\43\attempts\expanded43_11cd981519ea4c5fb33267ed28507b86,validated,True,True,completed search,single_active_B,121.0,2134.0,5.670103092783505,k*(k+a),Anchored source/terminal included; single-graph construction complete,Thesis Observation 4 p.18 and section 5.1 p.26; manuscript section 4.4 pp.15-16,O(n^3 m^3),,,P4
protein:1o7j.a__4eca.d:a0.5|CPS-2F,43,protein,1o7j.a__4eca.d,0.5,CPS-2F,22,22,reused,output\paper_v1\expanded_comparison\slots\43\attempts\expanded43_11cd981519ea4c5fb33267ed28507b86,validated,True,True,completed search,single_edges_with_waits_B,1220.0,7381.0,16.52892561983471,H*(H+1)/2,Unique forward transitions plus exactly H waits; completed graph,Finite derivation from chain_graph() enumeration and pruning,O(n^3 m^3),,,P4
protein:1o7j.a__4eca.d:a0.5|CPS-2F,43,protein,1o7j.a__4eca.d,0.5,CPS-2F,22,22,reused,output\paper_v1\expanded_comparison\slots\43\attempts\expanded43_11cd981519ea4c5fb33267ed28507b86,validated,True,True,completed search,configuration_states_input_bound,2541.0,433139344.0,0.0005866472384000286,n*m*(n+2n(n-1))*(m+2m(m-1)),All index combinations; includes source/terminal; no hidden asymptotic constant,Thesis Observation 4 p.18 and section 5.1 p.26; manuscript section 4.4 pp.15-16,O(n^3 m^3),,,P4
protein:1o7j.a__4eca.d:a0.5|CPS-2F,43,protein,1o7j.a__4eca.d,0.5,CPS-2F,22,22,reused,output\paper_v1\expanded_comparison\slots\43\attempts\expanded43_11cd981519ea4c5fb33267ed28507b86,validated,True,True,completed search,configuration_states_extended_bound,2541.0,5539864.0,0.045867551983225584,n*m*(n+aA)*(m+aB),Actual extended-curve sizes; all index combinations,Thesis Observation 4 p.18 and section 5.1 p.26; manuscript section 4.4 pp.15-16,O(n^3 m^3),,,P4
protein:1o7j.a__4eca.d:a0.5|CPS-2F,43,protein,1o7j.a__4eca.d,0.5,CPS-2F,22,22,reused,output\paper_v1\expanded_comparison\slots\43\attempts\expanded43_11cd981519ea4c5fb33267ed28507b86,validated,True,True,completed search,configuration_states_active_bound,2541.0,18755.0,13.548387096774194,H_A*H_B,Completed single graphs; includes coupling-invalid combinations,Thesis Observation 4 p.18 and section 5.1 p.26; manuscript section 4.4 pp.15-16,O(n^3 m^3),,,P4
protein:1o7j.a__4eca.d:a0.5|CPS-2F,43,protein,1o7j.a__4eca.d,0.5,CPS-2F,22,22,reused,output\paper_v1\expanded_comparison\slots\43\attempts\expanded43_11cd981519ea4c5fb33267ed28507b86,validated,True,True,completed search,candidate_transition_checks,318922.0,3293545.0,9.683244042513461,E_A*E_B-H_A*H_B,No duplicate single-graph entries; each product source popped once; excludes simultaneous waits,Finite derivation from solve_cps() and chain_graph(); see graph_bounds.md,O(n^3 m^3),,,P4
protein:1o7j.a__4eca.d:a0.5|CPS-2F,43,protein,1o7j.a__4eca.d,0.5,CPS-2F,22,22,reused,output\paper_v1\expanded_comparison\slots\43\attempts\expanded43_11cd981519ea4c5fb33267ed28507b86,validated,True,True,completed search,unique_configuration_edges,,175865635.0,,"N*(N-1)/2, N=H_A*H_B",Product graph not materialized; no observed unique-edge count; strict forward topological order,Finite DAG counting derivation; not a transition-check measurement,O(n^3 m^3),Counter unavailable or phase not reached; historical runs not rerun,,P4
protein:1o7j.a__4eca.d:a0.5|CPS-2F,43,protein,1o7j.a__4eca.d,0.5,CPS-2F,22,22,reused,output\paper_v1\expanded_comparison\slots\43\attempts\expanded43_11cd981519ea4c5fb33267ed28507b86,validated,True,True,completed search,dynamic_programming_labels,,412610.0,,n*H_A*H_B,At most n distinct A-hop counts per state; labels not instrumented,Thesis section5.1; manuscript section4.4; solve_cps values dictionaries,O(n^3 m^3),Counter unavailable or phase not reached; historical runs not rerun,,P4
protein:1o7j.a__4eca.d:a0.5|CPS-3F,44,protein,1o7j.a__4eca.d,0.5,CPS-3F,22,22,reused,output\paper_v1\expanded_comparison\slots\44\attempts\expanded44_6906d978a7af4dbaac36afccfffbb772,validated,True,True,completed search,auxiliary_A,0.0,0.0,,0 (no auxiliary locations),Interior curve-parameter intersections; CPS-3F percentage not applicable,Thesis Observation 4 p.18 and section 5.1 p.26; manuscript section 4.4 pp.15-16,O(n^2 m^2),,Zero/non-applicable bound,P4
protein:1o7j.a__4eca.d:a0.5|CPS-3F,44,protein,1o7j.a__4eca.d,0.5,CPS-3F,22,22,reused,output\paper_v1\expanded_comparison\slots\44\attempts\expanded44_6906d978a7af4dbaac36afccfffbb772,validated,True,True,completed search,single_dense_A,484.0,484.0,100.0,k^2,"Dense indexing slots, not valid vertices",Thesis Observation 4 p.18 and section 5.1 p.26; manuscript section 4.4 pp.15-16,O(n^2 m^2),,,P4
protein:1o7j.a__4eca.d:a0.5|CPS-3F,44,protein,1o7j.a__4eca.d,0.5,CPS-3F,22,22,reused,output\paper_v1\expanded_comparison\slots\44\attempts\expanded44_6906d978a7af4dbaac36afccfffbb772,validated,True,True,completed search,single_active_A,28.0,484.0,5.785123966942149,k*(k+a),Anchored source/terminal included; single-graph construction complete,Thesis Observation 4 p.18 and section 5.1 p.26; manuscript section 4.4 pp.15-16,O(n^2 m^2),,,P4
protein:1o7j.a__4eca.d:a0.5|CPS-3F,44,protein,1o7j.a__4eca.d,0.5,CPS-3F,22,22,reused,output\paper_v1\expanded_comparison\slots\44\attempts\expanded44_6906d978a7af4dbaac36afccfffbb772,validated,True,True,completed search,single_edges_with_waits_A,70.0,406.0,17.24137931034483,H*(H+1)/2,Unique forward transitions plus exactly H waits; completed graph,Finite derivation from chain_graph() enumeration and pruning,O(n^2 m^2),,,P4
protein:1o7j.a__4eca.d:a0.5|CPS-3F,44,protein,1o7j.a__4eca.d,0.5,CPS-3F,22,22,reused,output\paper_v1\expanded_comparison\slots\44\attempts\expanded44_6906d978a7af4dbaac36afccfffbb772,validated,True,True,completed search,auxiliary_B,0.0,0.0,,0 (no auxiliary locations),Interior curve-parameter intersections; CPS-3F percentage not applicable,Thesis Observation 4 p.18 and section 5.1 p.26; manuscript section 4.4 pp.15-16,O(n^2 m^2),,Zero/non-applicable bound,P4
protein:1o7j.a__4eca.d:a0.5|CPS-3F,44,protein,1o7j.a__4eca.d,0.5,CPS-3F,22,22,reused,output\paper_v1\expanded_comparison\slots\44\attempts\expanded44_6906d978a7af4dbaac36afccfffbb772,validated,True,True,completed search,single_dense_B,484.0,484.0,100.0,k^2,"Dense indexing slots, not valid vertices",Thesis Observation 4 p.18 and section 5.1 p.26; manuscript section 4.4 pp.15-16,O(n^2 m^2),,,P4
protein:1o7j.a__4eca.d:a0.5|CPS-3F,44,protein,1o7j.a__4eca.d,0.5,CPS-3F,22,22,reused,output\paper_v1\expanded_comparison\slots\44\attempts\expanded44_6906d978a7af4dbaac36afccfffbb772,validated,True,True,completed search,single_active_B,26.0,484.0,5.371900826446281,k*(k+a),Anchored source/terminal included; single-graph construction complete,Thesis Observation 4 p.18 and section 5.1 p.26; manuscript section 4.4 pp.15-16,O(n^2 m^2),,,P4
protein:1o7j.a__4eca.d:a0.5|CPS-3F,44,protein,1o7j.a__4eca.d,0.5,CPS-3F,22,22,reused,output\paper_v1\expanded_comparison\slots\44\attempts\expanded44_6906d978a7af4dbaac36afccfffbb772,validated,True,True,completed search,single_edges_with_waits_B,61.0,351.0,17.37891737891738,H*(H+1)/2,Unique forward transitions plus exactly H waits; completed graph,Finite derivation from chain_graph() enumeration and pruning,O(n^2 m^2),,,P4
protein:1o7j.a__4eca.d:a0.5|CPS-3F,44,protein,1o7j.a__4eca.d,0.5,CPS-3F,22,22,reused,output\paper_v1\expanded_comparison\slots\44\attempts\expanded44_6906d978a7af4dbaac36afccfffbb772,validated,True,True,completed search,configuration_states_input_bound,109.0,234256.0,0.04653029164674544,n^2*m^2,All index combinations; includes source/terminal; no hidden asymptotic constant,Thesis Observation 4 p.18 and section 5.1 p.26; manuscript section 4.4 pp.15-16,O(n^2 m^2),,,P4
protein:1o7j.a__4eca.d:a0.5|CPS-3F,44,protein,1o7j.a__4eca.d,0.5,CPS-3F,22,22,reused,output\paper_v1\expanded_comparison\slots\44\attempts\expanded44_6906d978a7af4dbaac36afccfffbb772,validated,True,True,completed search,configuration_states_active_bound,109.0,728.0,14.972527472527473,H_A*H_B,Completed single graphs; includes coupling-invalid combinations,Thesis Observation 4 p.18 and section 5.1 p.26; manuscript section 4.4 pp.15-16,O(n^2 m^2),,,P4
protein:1o7j.a__4eca.d:a0.5|CPS-3F,44,protein,1o7j.a__4eca.d,0.5,CPS-3F,22,22,reused,output\paper_v1\expanded_comparison\slots\44\attempts\expanded44_6906d978a7af4dbaac36afccfffbb772,validated,True,True,completed search,candidate_transition_checks,638.0,3542.0,18.012422360248447,E_A*E_B-H_A*H_B,No duplicate single-graph entries; each product source popped once; excludes simultaneous waits,Finite derivation from solve_cps() and chain_graph(); see graph_bounds.md,O(n^2 m^2),,,P4
protein:1o7j.a__4eca.d:a0.5|CPS-3F,44,protein,1o7j.a__4eca.d,0.5,CPS-3F,22,22,reused,output\paper_v1\expanded_comparison\slots\44\attempts\expanded44_6906d978a7af4dbaac36afccfffbb772,validated,True,True,completed search,unique_configuration_edges,,264628.0,,"N*(N-1)/2, N=H_A*H_B",Product graph not materialized; no observed unique-edge count; strict forward topological order,Finite DAG counting derivation; not a transition-check measurement,O(n^2 m^2),Counter unavailable or phase not reached; historical runs not rerun,,P4
protein:1o7j.a__4eca.d:a0.5|CPS-3F,44,protein,1o7j.a__4eca.d,0.5,CPS-3F,22,22,reused,output\paper_v1\expanded_comparison\slots\44\attempts\expanded44_6906d978a7af4dbaac36afccfffbb772,validated,True,True,completed search,dynamic_programming_labels,,16016.0,,n*H_A*H_B,At most n distinct A-hop counts per state; labels not instrumented,Thesis section5.1; manuscript section4.4; solve_cps values dictionaries,O(n^2 m^2),Counter unavailable or phase not reached; historical runs not rerun,,P4
protein:1o7j.a__1toh.a:a0.5|CPS-2F,51,protein,1o7j.a__1toh.a,0.5,CPS-2F,22,22,reused,output\paper_v1\expanded_comparison\slots\51\attempts\expanded51_72e5e9926d3848e6b4761ef7165f51b5,validated,True,True,completed search,auxiliary_A,96.0,924.0,10.38961038961039,2 k(k-1),Interior curve-parameter intersections; CPS-3F percentage not applicable,Thesis Observation 4 p.18 and section 5.1 p.26; manuscript section 4.4 pp.15-16,O(n^3 m^3),,,P5
protein:1o7j.a__1toh.a:a0.5|CPS-2F,51,protein,1o7j.a__1toh.a,0.5,CPS-2F,22,22,reused,output\paper_v1\expanded_comparison\slots\51\attempts\expanded51_72e5e9926d3848e6b4761ef7165f51b5,validated,True,True,completed search,single_dense_A,2596.0,20812.0,12.473572938689218,k*(k+2k(k-1)),"Dense indexing slots, not valid vertices",Thesis Observation 4 p.18 and section 5.1 p.26; manuscript section 4.4 pp.15-16,O(n^3 m^3),,,P5
protein:1o7j.a__1toh.a:a0.5|CPS-2F,51,protein,1o7j.a__1toh.a,0.5,CPS-2F,22,22,reused,output\paper_v1\expanded_comparison\slots\51\attempts\expanded51_72e5e9926d3848e6b4761ef7165f51b5,validated,True,True,completed search,single_active_A,155.0,2596.0,5.970724191063174,k*(k+a),Anchored source/terminal included; single-graph construction complete,Thesis Observation 4 p.18 and section 5.1 p.26; manuscript section 4.4 pp.15-16,O(n^3 m^3),,,P5
protein:1o7j.a__1toh.a:a0.5|CPS-2F,51,protein,1o7j.a__1toh.a,0.5,CPS-2F,22,22,reused,output\paper_v1\expanded_comparison\slots\51\attempts\expanded51_72e5e9926d3848e6b4761ef7165f51b5,validated,True,True,completed search,single_edges_with_waits_A,2715.0,12090.0,22.456575682382134,H*(H+1)/2,Unique forward transitions plus exactly H waits; completed graph,Finite derivation from chain_graph() enumeration and pruning,O(n^3 m^3),,,P5
protein:1o7j.a__1toh.a:a0.5|CPS-2F,51,protein,1o7j.a__1toh.a,0.5,CPS-2F,22,22,reused,output\paper_v1\expanded_comparison\slots\51\attempts\expanded51_72e5e9926d3848e6b4761ef7165f51b5,validated,True,True,completed search,auxiliary_B,75.0,924.0,8.116883116883116,2 k(k-1),Interior curve-parameter intersections; CPS-3F percentage not applicable,Thesis Observation 4 p.18 and section 5.1 p.26; manuscript section 4.4 pp.15-16,O(n^3 m^3),,,P5
protein:1o7j.a__1toh.a:a0.5|CPS-2F,51,protein,1o7j.a__1toh.a,0.5,CPS-2F,22,22,reused,output\paper_v1\expanded_comparison\slots\51\attempts\expanded51_72e5e9926d3848e6b4761ef7165f51b5,validated,True,True,completed search,single_dense_B,2134.0,20812.0,10.253699788583509,k*(k+2k(k-1)),"Dense indexing slots, not valid vertices",Thesis Observation 4 p.18 and section 5.1 p.26; manuscript section 4.4 pp.15-16,O(n^3 m^3),,,P5
protein:1o7j.a__1toh.a:a0.5|CPS-2F,51,protein,1o7j.a__1toh.a,0.5,CPS-2F,22,22,reused,output\paper_v1\expanded_comparison\slots\51\attempts\expanded51_72e5e9926d3848e6b4761ef7165f51b5,validated,True,True,completed search,single_active_B,133.0,2134.0,6.232427366447985,k*(k+a),Anchored source/terminal included; single-graph construction complete,Thesis Observation 4 p.18 and section 5.1 p.26; manuscript section 4.4 pp.15-16,O(n^3 m^3),,,P5
protein:1o7j.a__1toh.a:a0.5|CPS-2F,51,protein,1o7j.a__1toh.a,0.5,CPS-2F,22,22,reused,output\paper_v1\expanded_comparison\slots\51\attempts\expanded51_72e5e9926d3848e6b4761ef7165f51b5,validated,True,True,completed search,single_edges_with_waits_B,1506.0,8911.0,16.9004601054876,H*(H+1)/2,Unique forward transitions plus exactly H waits; completed graph,Finite derivation from chain_graph() enumeration and pruning,O(n^3 m^3),,,P5
protein:1o7j.a__1toh.a:a0.5|CPS-2F,51,protein,1o7j.a__1toh.a,0.5,CPS-2F,22,22,reused,output\paper_v1\expanded_comparison\slots\51\attempts\expanded51_72e5e9926d3848e6b4761ef7165f51b5,validated,True,True,completed search,configuration_states_input_bound,16301.0,433139344.0,0.003763454007539892,n*m*(n+2n(n-1))*(m+2m(m-1)),All index combinations; includes source/terminal; no hidden asymptotic constant,Thesis Observation 4 p.18 and section 5.1 p.26; manuscript section 4.4 pp.15-16,O(n^3 m^3),,,P5
protein:1o7j.a__1toh.a:a0.5|CPS-2F,51,protein,1o7j.a__1toh.a,0.5,CPS-2F,22,22,reused,output\paper_v1\expanded_comparison\slots\51\attempts\expanded51_72e5e9926d3848e6b4761ef7165f51b5,validated,True,True,completed search,configuration_states_extended_bound,16301.0,5539864.0,0.294249100699945,n*m*(n+aA)*(m+aB),Actual extended-curve sizes; all index combinations,Thesis Observation 4 p.18 and section 5.1 p.26; manuscript section 4.4 pp.15-16,O(n^3 m^3),,,P5
protein:1o7j.a__1toh.a:a0.5|CPS-2F,51,protein,1o7j.a__1toh.a,0.5,CPS-2F,22,22,reused,output\paper_v1\expanded_comparison\slots\51\attempts\expanded51_72e5e9926d3848e6b4761ef7165f51b5,validated,True,True,completed search,configuration_states_active_bound,16301.0,20615.0,79.07349017705555,H_A*H_B,Completed single graphs; includes coupling-invalid combinations,Thesis Observation 4 p.18 and section 5.1 p.26; manuscript section 4.4 pp.15-16,O(n^3 m^3),,,P5
protein:1o7j.a__1toh.a:a0.5|CPS-2F,51,protein,1o7j.a__1toh.a,0.5,CPS-2F,22,22,reused,output\paper_v1\expanded_comparison\slots\51\attempts\expanded51_72e5e9926d3848e6b4761ef7165f51b5,validated,True,True,completed search,candidate_transition_checks,2930899.0,4068175.0,72.04456543781917,E_A*E_B-H_A*H_B,No duplicate single-graph entries; each product source popped once; excludes simultaneous waits,Finite derivation from solve_cps() and chain_graph(); see graph_bounds.md,O(n^3 m^3),,,P5
protein:1o7j.a__1toh.a:a0.5|CPS-2F,51,protein,1o7j.a__1toh.a,0.5,CPS-2F,22,22,reused,output\paper_v1\expanded_comparison\slots\51\attempts\expanded51_72e5e9926d3848e6b4761ef7165f51b5,validated,True,True,completed search,unique_configuration_edges,,212478805.0,,"N*(N-1)/2, N=H_A*H_B",Product graph not materialized; no observed unique-edge count; strict forward topological order,Finite DAG counting derivation; not a transition-check measurement,O(n^3 m^3),Counter unavailable or phase not reached; historical runs not rerun,,P5
protein:1o7j.a__1toh.a:a0.5|CPS-2F,51,protein,1o7j.a__1toh.a,0.5,CPS-2F,22,22,reused,output\paper_v1\expanded_comparison\slots\51\attempts\expanded51_72e5e9926d3848e6b4761ef7165f51b5,validated,True,True,completed search,dynamic_programming_labels,,453530.0,,n*H_A*H_B,At most n distinct A-hop counts per state; labels not instrumented,Thesis section5.1; manuscript section4.4; solve_cps values dictionaries,O(n^3 m^3),Counter unavailable or phase not reached; historical runs not rerun,,P5
protein:1o7j.a__1toh.a:a0.5|CPS-3F,52,protein,1o7j.a__1toh.a,0.5,CPS-3F,22,22,reused,output\paper_v1\expanded_comparison\slots\52\attempts\expanded52_c4efe3d705014dad820831f4da89447d,validated,True,True,completed search,auxiliary_A,0.0,0.0,,0 (no auxiliary locations),Interior curve-parameter intersections; CPS-3F percentage not applicable,Thesis Observation 4 p.18 and section 5.1 p.26; manuscript section 4.4 pp.15-16,O(n^2 m^2),,Zero/non-applicable bound,P5
protein:1o7j.a__1toh.a:a0.5|CPS-3F,52,protein,1o7j.a__1toh.a,0.5,CPS-3F,22,22,reused,output\paper_v1\expanded_comparison\slots\52\attempts\expanded52_c4efe3d705014dad820831f4da89447d,validated,True,True,completed search,single_dense_A,484.0,484.0,100.0,k^2,"Dense indexing slots, not valid vertices",Thesis Observation 4 p.18 and section 5.1 p.26; manuscript section 4.4 pp.15-16,O(n^2 m^2),,,P5
protein:1o7j.a__1toh.a:a0.5|CPS-3F,52,protein,1o7j.a__1toh.a,0.5,CPS-3F,22,22,reused,output\paper_v1\expanded_comparison\slots\52\attempts\expanded52_c4efe3d705014dad820831f4da89447d,validated,True,True,completed search,single_active_A,28.0,484.0,5.785123966942149,k*(k+a),Anchored source/terminal included; single-graph construction complete,Thesis Observation 4 p.18 and section 5.1 p.26; manuscript section 4.4 pp.15-16,O(n^2 m^2),,,P5
protein:1o7j.a__1toh.a:a0.5|CPS-3F,52,protein,1o7j.a__1toh.a,0.5,CPS-3F,22,22,reused,output\paper_v1\expanded_comparison\slots\52\attempts\expanded52_c4efe3d705014dad820831f4da89447d,validated,True,True,completed search,single_edges_with_waits_A,70.0,406.0,17.24137931034483,H*(H+1)/2,Unique forward transitions plus exactly H waits; completed graph,Finite derivation from chain_graph() enumeration and pruning,O(n^2 m^2),,,P5
protein:1o7j.a__1toh.a:a0.5|CPS-3F,52,protein,1o7j.a__1toh.a,0.5,CPS-3F,22,22,reused,output\paper_v1\expanded_comparison\slots\52\attempts\expanded52_c4efe3d705014dad820831f4da89447d,validated,True,True,completed search,auxiliary_B,0.0,0.0,,0 (no auxiliary locations),Interior curve-parameter intersections; CPS-3F percentage not applicable,Thesis Observation 4 p.18 and section 5.1 p.26; manuscript section 4.4 pp.15-16,O(n^2 m^2),,Zero/non-applicable bound,P5
protein:1o7j.a__1toh.a:a0.5|CPS-3F,52,protein,1o7j.a__1toh.a,0.5,CPS-3F,22,22,reused,output\paper_v1\expanded_comparison\slots\52\attempts\expanded52_c4efe3d705014dad820831f4da89447d,validated,True,True,completed search,single_dense_B,484.0,484.0,100.0,k^2,"Dense indexing slots, not valid vertices",Thesis Observation 4 p.18 and section 5.1 p.26; manuscript section 4.4 pp.15-16,O(n^2 m^2),,,P5
protein:1o7j.a__1toh.a:a0.5|CPS-3F,52,protein,1o7j.a__1toh.a,0.5,CPS-3F,22,22,reused,output\paper_v1\expanded_comparison\slots\52\attempts\expanded52_c4efe3d705014dad820831f4da89447d,validated,True,True,completed search,single_active_B,24.0,484.0,4.958677685950414,k*(k+a),Anchored source/terminal included; single-graph construction complete,Thesis Observation 4 p.18 and section 5.1 p.26; manuscript section 4.4 pp.15-16,O(n^2 m^2),,,P5
protein:1o7j.a__1toh.a:a0.5|CPS-3F,52,protein,1o7j.a__1toh.a,0.5,CPS-3F,22,22,reused,output\paper_v1\expanded_comparison\slots\52\attempts\expanded52_c4efe3d705014dad820831f4da89447d,validated,True,True,completed search,single_edges_with_waits_B,50.0,300.0,16.666666666666668,H*(H+1)/2,Unique forward transitions plus exactly H waits; completed graph,Finite derivation from chain_graph() enumeration and pruning,O(n^2 m^2),,,P5
protein:1o7j.a__1toh.a:a0.5|CPS-3F,52,protein,1o7j.a__1toh.a,0.5,CPS-3F,22,22,reused,output\paper_v1\expanded_comparison\slots\52\attempts\expanded52_c4efe3d705014dad820831f4da89447d,validated,True,True,completed search,configuration_states_input_bound,473.0,234256.0,0.20191585274229903,n^2*m^2,All index combinations; includes source/terminal; no hidden asymptotic constant,Thesis Observation 4 p.18 and section 5.1 p.26; manuscript section 4.4 pp.15-16,O(n^2 m^2),,,P5
protein:1o7j.a__1toh.a:a0.5|CPS-3F,52,protein,1o7j.a__1toh.a,0.5,CPS-3F,22,22,reused,output\paper_v1\expanded_comparison\slots\52\attempts\expanded52_c4efe3d705014dad820831f4da89447d,validated,True,True,completed search,configuration_states_active_bound,473.0,672.0,70.38690476190476,H_A*H_B,Completed single graphs; includes coupling-invalid combinations,Thesis Observation 4 p.18 and section 5.1 p.26; manuscript section 4.4 pp.15-16,O(n^2 m^2),,,P5
protein:1o7j.a__1toh.a:a0.5|CPS-3F,52,protein,1o7j.a__1toh.a,0.5,CPS-3F,22,22,reused,output\paper_v1\expanded_comparison\slots\52\attempts\expanded52_c4efe3d705014dad820831f4da89447d,validated,True,True,completed search,candidate_transition_checks,1887.0,2828.0,66.72560113154172,E_A*E_B-H_A*H_B,No duplicate single-graph entries; each product source popped once; excludes simultaneous waits,Finite derivation from solve_cps() and chain_graph(); see graph_bounds.md,O(n^2 m^2),,,P5
protein:1o7j.a__1toh.a:a0.5|CPS-3F,52,protein,1o7j.a__1toh.a,0.5,CPS-3F,22,22,reused,output\paper_v1\expanded_comparison\slots\52\attempts\expanded52_c4efe3d705014dad820831f4da89447d,validated,True,True,completed search,unique_configuration_edges,,225456.0,,"N*(N-1)/2, N=H_A*H_B",Product graph not materialized; no observed unique-edge count; strict forward topological order,Finite DAG counting derivation; not a transition-check measurement,O(n^2 m^2),Counter unavailable or phase not reached; historical runs not rerun,,P5
protein:1o7j.a__1toh.a:a0.5|CPS-3F,52,protein,1o7j.a__1toh.a,0.5,CPS-3F,22,22,reused,output\paper_v1\expanded_comparison\slots\52\attempts\expanded52_c4efe3d705014dad820831f4da89447d,validated,True,True,completed search,dynamic_programming_labels,,14784.0,,n*H_A*H_B,At most n distinct A-hop counts per state; labels not instrumented,Thesis section5.1; manuscript section4.4; solve_cps values dictionaries,O(n^2 m^2),Counter unavailable or phase not reached; historical runs not rerun,,P5
hurricane:EP111954__EP021984:a0.5|CPS-2F,59,hurricane,EP111954__EP021984,0.5,CPS-2F,25,82,reused,output\paper_v1\expanded_comparison\slots\59\attempts\expanded59_1a41930b343049c19e4c4044b1d1680e,validated,True,True,completed search,auxiliary_A,48.0,1200.0,4.0,2 k(k-1),Interior curve-parameter intersections; CPS-3F percentage not applicable,Thesis Observation 4 p.18 and section 5.1 p.26; manuscript section 4.4 pp.15-16,O(n^3 m^3),,,H3
hurricane:EP111954__EP021984:a0.5|CPS-2F,59,hurricane,EP111954__EP021984,0.5,CPS-2F,25,82,reused,output\paper_v1\expanded_comparison\slots\59\attempts\expanded59_1a41930b343049c19e4c4044b1d1680e,validated,True,True,completed search,single_dense_A,1825.0,30625.0,5.959183673469388,k*(k+2k(k-1)),"Dense indexing slots, not valid vertices",Thesis Observation 4 p.18 and section 5.1 p.26; manuscript section 4.4 pp.15-16,O(n^3 m^3),,,H3
hurricane:EP111954__EP021984:a0.5|CPS-2F,59,hurricane,EP111954__EP021984,0.5,CPS-2F,25,82,reused,output\paper_v1\expanded_comparison\slots\59\attempts\expanded59_1a41930b343049c19e4c4044b1d1680e,validated,True,True,completed search,single_active_A,95.0,1825.0,5.205479452054795,k*(k+a),Anchored source/terminal included; single-graph construction complete,Thesis Observation 4 p.18 and section 5.1 p.26; manuscript section 4.4 pp.15-16,O(n^3 m^3),,,H3
hurricane:EP111954__EP021984:a0.5|CPS-2F,59,hurricane,EP111954__EP021984,0.5,CPS-2F,25,82,reused,output\paper_v1\expanded_comparison\slots\59\attempts\expanded59_1a41930b343049c19e4c4044b1d1680e,validated,True,True,completed search,single_edges_with_waits_A,3208.0,4560.0,70.35087719298245,H*(H+1)/2,Unique forward transitions plus exactly H waits; completed graph,Finite derivation from chain_graph() enumeration and pruning,O(n^3 m^3),,,H3
hurricane:EP111954__EP021984:a0.5|CPS-2F,59,hurricane,EP111954__EP021984,0.5,CPS-2F,25,82,reused,output\paper_v1\expanded_comparison\slots\59\attempts\expanded59_1a41930b343049c19e4c4044b1d1680e,validated,True,True,completed search,auxiliary_B,162.0,13284.0,1.2195121951219512,2 k(k-1),Interior curve-parameter intersections; CPS-3F percentage not applicable,Thesis Observation 4 p.18 and section 5.1 p.26; manuscript section 4.4 pp.15-16,O(n^3 m^3),,,H3
hurricane:EP111954__EP021984:a0.5|CPS-2F,59,hurricane,EP111954__EP021984,0.5,CPS-2F,25,82,reused,output\paper_v1\expanded_comparison\slots\59\attempts\expanded59_1a41930b343049c19e4c4044b1d1680e,validated,True,True,completed search,single_dense_B,20008.0,1096012.0,1.825527457728565,k*(k+2k(k-1)),"Dense indexing slots, not valid vertices",Thesis Observation 4 p.18 and section 5.1 p.26; manuscript section 4.4 pp.15-16,O(n^3 m^3),,,H3
hurricane:EP111954__EP021984:a0.5|CPS-2F,59,hurricane,EP111954__EP021984,0.5,CPS-2F,25,82,reused,output\paper_v1\expanded_comparison\slots\59\attempts\expanded59_1a41930b343049c19e4c4044b1d1680e,validated,True,True,completed search,single_active_B,358.0,20008.0,1.7892842862854859,k*(k+a),Anchored source/terminal included; single-graph construction complete,Thesis Observation 4 p.18 and section 5.1 p.26; manuscript section 4.4 pp.15-16,O(n^3 m^3),,,H3
hurricane:EP111954__EP021984:a0.5|CPS-2F,59,hurricane,EP111954__EP021984,0.5,CPS-2F,25,82,reused,output\paper_v1\expanded_comparison\slots\59\attempts\expanded59_1a41930b343049c19e4c4044b1d1680e,validated,True,True,completed search,single_edges_with_waits_B,15800.0,64261.0,24.587230201833147,H*(H+1)/2,Unique forward transitions plus exactly H waits; completed graph,Finite derivation from chain_graph() enumeration and pruning,O(n^3 m^3),,,H3
hurricane:EP111954__EP021984:a0.5|CPS-2F,59,hurricane,EP111954__EP021984,0.5,CPS-2F,25,82,reused,output\paper_v1\expanded_comparison\slots\59\attempts\expanded59_1a41930b343049c19e4c4044b1d1680e,validated,True,True,completed search,configuration_states_input_bound,7341.0,33565367500.0,2.1870757112967703e-05,n*m*(n+2n(n-1))*(m+2m(m-1)),All index combinations; includes source/terminal; no hidden asymptotic constant,Thesis Observation 4 p.18 and section 5.1 p.26; manuscript section 4.4 pp.15-16,O(n^3 m^3),,,H3
hurricane:EP111954__EP021984:a0.5|CPS-2F,59,hurricane,EP111954__EP021984,0.5,CPS-2F,25,82,reused,output\paper_v1\expanded_comparison\slots\59\attempts\expanded59_1a41930b343049c19e4c4044b1d1680e,validated,True,True,completed search,configuration_states_extended_bound,7341.0,36514600.0,0.020104287052302366,n*m*(n+aA)*(m+aB),Actual extended-curve sizes; all index combinations,Thesis Observation 4 p.18 and section 5.1 p.26; manuscript section 4.4 pp.15-16,O(n^3 m^3),,,H3
hurricane:EP111954__EP021984:a0.5|CPS-2F,59,hurricane,EP111954__EP021984,0.5,CPS-2F,25,82,reused,output\paper_v1\expanded_comparison\slots\59\attempts\expanded59_1a41930b343049c19e4c4044b1d1680e,validated,True,True,completed search,configuration_states_active_bound,7341.0,34010.0,21.584827991767128,H_A*H_B,Completed single graphs; includes coupling-invalid combinations,Thesis Observation 4 p.18 and section 5.1 p.26; manuscript section 4.4 pp.15-16,O(n^3 m^3),,,H3
hurricane:EP111954__EP021984:a0.5|CPS-2F,59,hurricane,EP111954__EP021984,0.5,CPS-2F,25,82,reused,output\paper_v1\expanded_comparison\slots\59\attempts\expanded59_1a41930b343049c19e4c4044b1d1680e,validated,True,True,completed search,candidate_transition_checks,5699716.0,50652390.0,11.252610192727332,E_A*E_B-H_A*H_B,No duplicate single-graph entries; each product source popped once; excludes simultaneous waits,Finite derivation from solve_cps() and chain_graph(); see graph_bounds.md,O(n^3 m^3),,,H3
hurricane:EP111954__EP021984:a0.5|CPS-2F,59,hurricane,EP111954__EP021984,0.5,CPS-2F,25,82,reused,output\paper_v1\expanded_comparison\slots\59\attempts\expanded59_1a41930b343049c19e4c4044b1d1680e,validated,True,True,completed search,unique_configuration_edges,,578323045.0,,"N*(N-1)/2, N=H_A*H_B",Product graph not materialized; no observed unique-edge count; strict forward topological order,Finite DAG counting derivation; not a transition-check measurement,O(n^3 m^3),Counter unavailable or phase not reached; historical runs not rerun,,H3
hurricane:EP111954__EP021984:a0.5|CPS-2F,59,hurricane,EP111954__EP021984,0.5,CPS-2F,25,82,reused,output\paper_v1\expanded_comparison\slots\59\attempts\expanded59_1a41930b343049c19e4c4044b1d1680e,validated,True,True,completed search,dynamic_programming_labels,,850250.0,,n*H_A*H_B,At most n distinct A-hop counts per state; labels not instrumented,Thesis section5.1; manuscript section4.4; solve_cps values dictionaries,O(n^3 m^3),Counter unavailable or phase not reached; historical runs not rerun,,H3
hurricane:EP111954__EP021984:a0.5|CPS-3F,60,hurricane,EP111954__EP021984,0.5,CPS-3F,25,82,reused,output\paper_v1\expanded_comparison\slots\60\attempts\expanded60_d1a5c27accb04d57bcfa4d365d99a606,validated,True,True,completed search,auxiliary_A,0.0,0.0,,0 (no auxiliary locations),Interior curve-parameter intersections; CPS-3F percentage not applicable,Thesis Observation 4 p.18 and section 5.1 p.26; manuscript section 4.4 pp.15-16,O(n^2 m^2),,Zero/non-applicable bound,H3
hurricane:EP111954__EP021984:a0.5|CPS-3F,60,hurricane,EP111954__EP021984,0.5,CPS-3F,25,82,reused,output\paper_v1\expanded_comparison\slots\60\attempts\expanded60_d1a5c27accb04d57bcfa4d365d99a606,validated,True,True,completed search,single_dense_A,625.0,625.0,100.0,k^2,"Dense indexing slots, not valid vertices",Thesis Observation 4 p.18 and section 5.1 p.26; manuscript section 4.4 pp.15-16,O(n^2 m^2),,,H3
hurricane:EP111954__EP021984:a0.5|CPS-3F,60,hurricane,EP111954__EP021984,0.5,CPS-3F,25,82,reused,output\paper_v1\expanded_comparison\slots\60\attempts\expanded60_d1a5c27accb04d57bcfa4d365d99a606,validated,True,True,completed search,single_active_A,25.0,625.0,4.0,k*(k+a),Anchored source/terminal included; single-graph construction complete,Thesis Observation 4 p.18 and section 5.1 p.26; manuscript section 4.4 pp.15-16,O(n^2 m^2),,,H3
hurricane:EP111954__EP021984:a0.5|CPS-3F,60,hurricane,EP111954__EP021984,0.5,CPS-3F,25,82,reused,output\paper_v1\expanded_comparison\slots\60\attempts\expanded60_d1a5c27accb04d57bcfa4d365d99a606,validated,True,True,completed search,single_edges_with_waits_A,49.0,325.0,15.076923076923077,H*(H+1)/2,Unique forward transitions plus exactly H waits; completed graph,Finite derivation from chain_graph() enumeration and pruning,O(n^2 m^2),,,H3
hurricane:EP111954__EP021984:a0.5|CPS-3F,60,hurricane,EP111954__EP021984,0.5,CPS-3F,25,82,reused,output\paper_v1\expanded_comparison\slots\60\attempts\expanded60_d1a5c27accb04d57bcfa4d365d99a606,validated,True,True,completed search,auxiliary_B,0.0,0.0,,0 (no auxiliary locations),Interior curve-parameter intersections; CPS-3F percentage not applicable,Thesis Observation 4 p.18 and section 5.1 p.26; manuscript section 4.4 pp.15-16,O(n^2 m^2),,Zero/non-applicable bound,H3
hurricane:EP111954__EP021984:a0.5|CPS-3F,60,hurricane,EP111954__EP021984,0.5,CPS-3F,25,82,reused,output\paper_v1\expanded_comparison\slots\60\attempts\expanded60_d1a5c27accb04d57bcfa4d365d99a606,validated,True,True,completed search,single_dense_B,6724.0,6724.0,100.0,k^2,"Dense indexing slots, not valid vertices",Thesis Observation 4 p.18 and section 5.1 p.26; manuscript section 4.4 pp.15-16,O(n^2 m^2),,,H3
hurricane:EP111954__EP021984:a0.5|CPS-3F,60,hurricane,EP111954__EP021984,0.5,CPS-3F,25,82,reused,output\paper_v1\expanded_comparison\slots\60\attempts\expanded60_d1a5c27accb04d57bcfa4d365d99a606,validated,True,True,completed search,single_active_B,88.0,6724.0,1.3087447947650208,k*(k+a),Anchored source/terminal included; single-graph construction complete,Thesis Observation 4 p.18 and section 5.1 p.26; manuscript section 4.4 pp.15-16,O(n^2 m^2),,,H3
hurricane:EP111954__EP021984:a0.5|CPS-3F,60,hurricane,EP111954__EP021984,0.5,CPS-3F,25,82,reused,output\paper_v1\expanded_comparison\slots\60\attempts\expanded60_d1a5c27accb04d57bcfa4d365d99a606,validated,True,True,completed search,single_edges_with_waits_B,187.0,3916.0,4.775280898876405,H*(H+1)/2,Unique forward transitions plus exactly H waits; completed graph,Finite derivation from chain_graph() enumeration and pruning,O(n^2 m^2),,,H3
hurricane:EP111954__EP021984:a0.5|CPS-3F,60,hurricane,EP111954__EP021984,0.5,CPS-3F,25,82,reused,output\paper_v1\expanded_comparison\slots\60\attempts\expanded60_d1a5c27accb04d57bcfa4d365d99a606,validated,True,True,completed search,configuration_states_input_bound,493.0,4202500.0,0.01173111243307555,n^2*m^2,All index combinations; includes source/terminal; no hidden asymptotic constant,Thesis Observation 4 p.18 and section 5.1 p.26; manuscript section 4.4 pp.15-16,O(n^2 m^2),,,H3
hurricane:EP111954__EP021984:a0.5|CPS-3F,60,hurricane,EP111954__EP021984,0.5,CPS-3F,25,82,reused,output\paper_v1\expanded_comparison\slots\60\attempts\expanded60_d1a5c27accb04d57bcfa4d365d99a606,validated,True,True,completed search,configuration_states_active_bound,493.0,2200.0,22.40909090909091,H_A*H_B,Completed single graphs; includes coupling-invalid combinations,Thesis Observation 4 p.18 and section 5.1 p.26; manuscript section 4.4 pp.15-16,O(n^2 m^2),,,H3
hurricane:EP111954__EP021984:a0.5|CPS-3F,60,hurricane,EP111954__EP021984,0.5,CPS-3F,25,82,reused,output\paper_v1\expanded_comparison\slots\60\attempts\expanded60_d1a5c27accb04d57bcfa4d365d99a606,validated,True,True,completed search,candidate_transition_checks,1406.0,6963.0,20.192445784862848,E_A*E_B-H_A*H_B,No duplicate single-graph entries; each product source popped once; excludes simultaneous waits,Finite derivation from solve_cps() and chain_graph(); see graph_bounds.md,O(n^2 m^2),,,H3
hurricane:EP111954__EP021984:a0.5|CPS-3F,60,hurricane,EP111954__EP021984,0.5,CPS-3F,25,82,reused,output\paper_v1\expanded_comparison\slots\60\attempts\expanded60_d1a5c27accb04d57bcfa4d365d99a606,validated,True,True,completed search,unique_configuration_edges,,2418900.0,,"N*(N-1)/2, N=H_A*H_B",Product graph not materialized; no observed unique-edge count; strict forward topological order,Finite DAG counting derivation; not a transition-check measurement,O(n^2 m^2),Counter unavailable or phase not reached; historical runs not rerun,,H3
hurricane:EP111954__EP021984:a0.5|CPS-3F,60,hurricane,EP111954__EP021984,0.5,CPS-3F,25,82,reused,output\paper_v1\expanded_comparison\slots\60\attempts\expanded60_d1a5c27accb04d57bcfa4d365d99a606,validated,True,True,completed search,dynamic_programming_labels,,55000.0,,n*H_A*H_B,At most n distinct A-hop counts per state; labels not instrumented,Thesis section5.1; manuscript section4.4; solve_cps values dictionaries,O(n^2 m^2),Counter unavailable or phase not reached; historical runs not rerun,,H3
hurricane:AL072006__AL011900:a0.5|CPS-2F,67,hurricane,AL072006__AL011900,0.5,CPS-2F,62,81,reused,output\paper_v1\expanded_comparison\slots\67\attempts\expanded67_d4d4cf7eb7c74142954855b541101365,transition_budget_limit,False,True,observed before termination,auxiliary_A,122.0,7564.0,1.6129032258064515,2 k(k-1),Interior curve-parameter intersections; CPS-3F percentage not applicable,Thesis Observation 4 p.18 and section 5.1 p.26; manuscript section 4.4 pp.15-16,O(n^3 m^3),,,H4
hurricane:AL072006__AL011900:a0.5|CPS-2F,67,hurricane,AL072006__AL011900,0.5,CPS-2F,62,81,reused,output\paper_v1\expanded_comparison\slots\67\attempts\expanded67_d4d4cf7eb7c74142954855b541101365,transition_budget_limit,False,True,observed before termination,single_dense_A,11408.0,472812.0,2.4127983215316022,k*(k+2k(k-1)),"Dense indexing slots, not valid vertices",Thesis Observation 4 p.18 and section 5.1 p.26; manuscript section 4.4 pp.15-16,O(n^3 m^3),,,H4
hurricane:AL072006__AL011900:a0.5|CPS-2F,67,hurricane,AL072006__AL011900,0.5,CPS-2F,62,81,reused,output\paper_v1\expanded_comparison\slots\67\attempts\expanded67_d4d4cf7eb7c74142954855b541101365,transition_budget_limit,False,True,observed before termination,single_active_A,269.0,11408.0,2.3579943899018234,k*(k+a),Anchored source/terminal included; single-graph construction complete,Thesis Observation 4 p.18 and section 5.1 p.26; manuscript section 4.4 pp.15-16,O(n^3 m^3),,,H4
hurricane:AL072006__AL011900:a0.5|CPS-2F,67,hurricane,AL072006__AL011900,0.5,CPS-2F,62,81,reused,output\paper_v1\expanded_comparison\slots\67\attempts\expanded67_d4d4cf7eb7c74142954855b541101365,transition_budget_limit,False,True,observed before termination,single_edges_with_waits_A,9861.0,36315.0,27.154068566707974,H*(H+1)/2,Unique forward transitions plus exactly H waits; completed graph,Finite derivation from chain_graph() enumeration and pruning,O(n^3 m^3),,,H4
hurricane:AL072006__AL011900:a0.5|CPS-2F,67,hurricane,AL072006__AL011900,0.5,CPS-2F,62,81,reused,output\paper_v1\expanded_comparison\slots\67\attempts\expanded67_d4d4cf7eb7c74142954855b541101365,transition_budget_limit,False,True,observed before termination,auxiliary_B,160.0,12960.0,1.2345679012345678,2 k(k-1),Interior curve-parameter intersections; CPS-3F percentage not applicable,Thesis Observation 4 p.18 and section 5.1 p.26; manuscript section 4.4 pp.15-16,O(n^3 m^3),,,H4
hurricane:AL072006__AL011900:a0.5|CPS-2F,67,hurricane,AL072006__AL011900,0.5,CPS-2F,62,81,reused,output\paper_v1\expanded_comparison\slots\67\attempts\expanded67_d4d4cf7eb7c74142954855b541101365,transition_budget_limit,False,True,observed before termination,single_dense_B,19521.0,1056321.0,1.8480177900467756,k*(k+2k(k-1)),"Dense indexing slots, not valid vertices",Thesis Observation 4 p.18 and section 5.1 p.26; manuscript section 4.4 pp.15-16,O(n^3 m^3),,,H4
hurricane:AL072006__AL011900:a0.5|CPS-2F,67,hurricane,AL072006__AL011900,0.5,CPS-2F,62,81,reused,output\paper_v1\expanded_comparison\slots\67\attempts\expanded67_d4d4cf7eb7c74142954855b541101365,transition_budget_limit,False,True,observed before termination,single_active_B,386.0,19521.0,1.9773577173300547,k*(k+a),Anchored source/terminal included; single-graph construction complete,Thesis Observation 4 p.18 and section 5.1 p.26; manuscript section 4.4 pp.15-16,O(n^3 m^3),,,H4
hurricane:AL072006__AL011900:a0.5|CPS-2F,67,hurricane,AL072006__AL011900,0.5,CPS-2F,62,81,reused,output\paper_v1\expanded_comparison\slots\67\attempts\expanded67_d4d4cf7eb7c74142954855b541101365,transition_budget_limit,False,True,observed before termination,single_edges_with_waits_B,22561.0,74691.0,30.20578115167825,H*(H+1)/2,Unique forward transitions plus exactly H waits; completed graph,Finite derivation from chain_graph() enumeration and pruning,O(n^3 m^3),,,H4
hurricane:AL072006__AL011900:a0.5|CPS-2F,67,hurricane,AL072006__AL011900,0.5,CPS-2F,62,81,reused,output\paper_v1\expanded_comparison\slots\67\attempts\expanded67_d4d4cf7eb7c74142954855b541101365,transition_budget_limit,False,True,observed before termination,configuration_states_input_bound,14181.0,499441244652.0,2.839373029730658e-06,n*m*(n+2n(n-1))*(m+2m(m-1)),All index combinations; includes source/terminal; no hidden asymptotic constant,Thesis Observation 4 p.18 and section 5.1 p.26; manuscript section 4.4 pp.15-16,O(n^3 m^3),,,H4
hurricane:AL072006__AL011900:a0.5|CPS-2F,67,hurricane,AL072006__AL011900,0.5,CPS-2F,62,81,reused,output\paper_v1\expanded_comparison\slots\67\attempts\expanded67_d4d4cf7eb7c74142954855b541101365,transition_budget_limit,False,True,observed before termination,configuration_states_extended_bound,14181.0,222695568.0,0.006367886046120146,n*m*(n+aA)*(m+aB),Actual extended-curve sizes; all index combinations,Thesis Observation 4 p.18 and section 5.1 p.26; manuscript section 4.4 pp.15-16,O(n^3 m^3),,,H4
hurricane:AL072006__AL011900:a0.5|CPS-2F,67,hurricane,AL072006__AL011900,0.5,CPS-2F,62,81,reused,output\paper_v1\expanded_comparison\slots\67\attempts\expanded67_d4d4cf7eb7c74142954855b541101365,transition_budget_limit,False,True,observed before termination,configuration_states_active_bound,14181.0,103834.0,13.65737619662153,H_A*H_B,Completed single graphs; includes coupling-invalid combinations,Thesis Observation 4 p.18 and section 5.1 p.26; manuscript section 4.4 pp.15-16,O(n^3 m^3),,,H4
hurricane:AL072006__AL011900:a0.5|CPS-2F,67,hurricane,AL072006__AL011900,0.5,CPS-2F,62,81,reused,output\paper_v1\expanded_comparison\slots\67\attempts\expanded67_d4d4cf7eb7c74142954855b541101365,transition_budget_limit,False,True,observed before termination,candidate_transition_checks,20000001.0,222370187.0,8.994011863649689,E_A*E_B-H_A*H_B,No duplicate single-graph entries; each product source popped once; excludes simultaneous waits,Finite derivation from solve_cps() and chain_graph(); see graph_bounds.md,O(n^3 m^3),,,H4
hurricane:AL072006__AL011900:a0.5|CPS-2F,67,hurricane,AL072006__AL011900,0.5,CPS-2F,62,81,reused,output\paper_v1\expanded_comparison\slots\67\attempts\expanded67_d4d4cf7eb7c74142954855b541101365,transition_budget_limit,False,True,observed before termination,unique_configuration_edges,,5390697861.0,,"N*(N-1)/2, N=H_A*H_B",Product graph not materialized; no observed unique-edge count; strict forward topological order,Finite DAG counting derivation; not a transition-check measurement,O(n^3 m^3),Counter unavailable or phase not reached; historical runs not rerun,,H4
hurricane:AL072006__AL011900:a0.5|CPS-2F,67,hurricane,AL072006__AL011900,0.5,CPS-2F,62,81,reused,output\paper_v1\expanded_comparison\slots\67\attempts\expanded67_d4d4cf7eb7c74142954855b541101365,transition_budget_limit,False,True,observed before termination,dynamic_programming_labels,,6437708.0,,n*H_A*H_B,At most n distinct A-hop counts per state; labels not instrumented,Thesis section5.1; manuscript section4.4; solve_cps values dictionaries,O(n^3 m^3),Counter unavailable or phase not reached; historical runs not rerun,,H4
hurricane:AL072006__AL011900:a0.5|CPS-3F,68,hurricane,AL072006__AL011900,0.5,CPS-3F,62,81,reused,output\paper_v1\expanded_comparison\slots\68\attempts\expanded68_601a57a3ba474fa3960adc238e08ffc1,validated,True,True,completed search,auxiliary_A,0.0,0.0,,0 (no auxiliary locations),Interior curve-parameter intersections; CPS-3F percentage not applicable,Thesis Observation 4 p.18 and section 5.1 p.26; manuscript section 4.4 pp.15-16,O(n^2 m^2),,Zero/non-applicable bound,H4
hurricane:AL072006__AL011900:a0.5|CPS-3F,68,hurricane,AL072006__AL011900,0.5,CPS-3F,62,81,reused,output\paper_v1\expanded_comparison\slots\68\attempts\expanded68_601a57a3ba474fa3960adc238e08ffc1,validated,True,True,completed search,single_dense_A,3844.0,3844.0,100.0,k^2,"Dense indexing slots, not valid vertices",Thesis Observation 4 p.18 and section 5.1 p.26; manuscript section 4.4 pp.15-16,O(n^2 m^2),,,H4
hurricane:AL072006__AL011900:a0.5|CPS-3F,68,hurricane,AL072006__AL011900,0.5,CPS-3F,62,81,reused,output\paper_v1\expanded_comparison\slots\68\attempts\expanded68_601a57a3ba474fa3960adc238e08ffc1,validated,True,True,completed search,single_active_A,68.0,3844.0,1.7689906347554631,k*(k+a),Anchored source/terminal included; single-graph construction complete,Thesis Observation 4 p.18 and section 5.1 p.26; manuscript section 4.4 pp.15-16,O(n^2 m^2),,,H4
hurricane:AL072006__AL011900:a0.5|CPS-3F,68,hurricane,AL072006__AL011900,0.5,CPS-3F,62,81,reused,output\paper_v1\expanded_comparison\slots\68\attempts\expanded68_601a57a3ba474fa3960adc238e08ffc1,validated,True,True,completed search,single_edges_with_waits_A,154.0,2346.0,6.564364876385337,H*(H+1)/2,Unique forward transitions plus exactly H waits; completed graph,Finite derivation from chain_graph() enumeration and pruning,O(n^2 m^2),,,H4
hurricane:AL072006__AL011900:a0.5|CPS-3F,68,hurricane,AL072006__AL011900,0.5,CPS-3F,62,81,reused,output\paper_v1\expanded_comparison\slots\68\attempts\expanded68_601a57a3ba474fa3960adc238e08ffc1,validated,True,True,completed search,auxiliary_B,0.0,0.0,,0 (no auxiliary locations),Interior curve-parameter intersections; CPS-3F percentage not applicable,Thesis Observation 4 p.18 and section 5.1 p.26; manuscript section 4.4 pp.15-16,O(n^2 m^2),,Zero/non-applicable bound,H4
hurricane:AL072006__AL011900:a0.5|CPS-3F,68,hurricane,AL072006__AL011900,0.5,CPS-3F,62,81,reused,output\paper_v1\expanded_comparison\slots\68\attempts\expanded68_601a57a3ba474fa3960adc238e08ffc1,validated,True,True,completed search,single_dense_B,6561.0,6561.0,100.0,k^2,"Dense indexing slots, not valid vertices",Thesis Observation 4 p.18 and section 5.1 p.26; manuscript section 4.4 pp.15-16,O(n^2 m^2),,,H4
hurricane:AL072006__AL011900:a0.5|CPS-3F,68,hurricane,AL072006__AL011900,0.5,CPS-3F,62,81,reused,output\paper_v1\expanded_comparison\slots\68\attempts\expanded68_601a57a3ba474fa3960adc238e08ffc1,validated,True,True,completed search,single_active_B,97.0,6561.0,1.478433165675964,k*(k+a),Anchored source/terminal included; single-graph construction complete,Thesis Observation 4 p.18 and section 5.1 p.26; manuscript section 4.4 pp.15-16,O(n^2 m^2),,,H4
hurricane:AL072006__AL011900:a0.5|CPS-3F,68,hurricane,AL072006__AL011900,0.5,CPS-3F,62,81,reused,output\paper_v1\expanded_comparison\slots\68\attempts\expanded68_601a57a3ba474fa3960adc238e08ffc1,validated,True,True,completed search,single_edges_with_waits_B,248.0,4753.0,5.217757205975174,H*(H+1)/2,Unique forward transitions plus exactly H waits; completed graph,Finite derivation from chain_graph() enumeration and pruning,O(n^2 m^2),,,H4
hurricane:AL072006__AL011900:a0.5|CPS-3F,68,hurricane,AL072006__AL011900,0.5,CPS-3F,62,81,reused,output\paper_v1\expanded_comparison\slots\68\attempts\expanded68_601a57a3ba474fa3960adc238e08ffc1,validated,True,True,completed search,configuration_states_input_bound,2724.0,25220484.0,0.010800744347332907,n^2*m^2,All index combinations; includes source/terminal; no hidden asymptotic constant,Thesis Observation 4 p.18 and section 5.1 p.26; manuscript section 4.4 pp.15-16,O(n^2 m^2),,,H4
hurricane:AL072006__AL011900:a0.5|CPS-3F,68,hurricane,AL072006__AL011900,0.5,CPS-3F,62,81,reused,output\paper_v1\expanded_comparison\slots\68\attempts\expanded68_601a57a3ba474fa3960adc238e08ffc1,validated,True,True,completed search,configuration_states_active_bound,2724.0,6596.0,41.29775621588842,H_A*H_B,Completed single graphs; includes coupling-invalid combinations,Thesis Observation 4 p.18 and section 5.1 p.26; manuscript section 4.4 pp.15-16,O(n^2 m^2),,,H4
hurricane:AL072006__AL011900:a0.5|CPS-3F,68,hurricane,AL072006__AL011900,0.5,CPS-3F,62,81,reused,output\paper_v1\expanded_comparison\slots\68\attempts\expanded68_601a57a3ba474fa3960adc238e08ffc1,validated,True,True,completed search,candidate_transition_checks,14141.0,31596.0,44.755665274085324,E_A*E_B-H_A*H_B,No duplicate single-graph entries; each product source popped once; excludes simultaneous waits,Finite derivation from solve_cps() and chain_graph(); see graph_bounds.md,O(n^2 m^2),,,H4
hurricane:AL072006__AL011900:a0.5|CPS-3F,68,hurricane,AL072006__AL011900,0.5,CPS-3F,62,81,reused,output\paper_v1\expanded_comparison\slots\68\attempts\expanded68_601a57a3ba474fa3960adc238e08ffc1,validated,True,True,completed search,unique_configuration_edges,,21750310.0,,"N*(N-1)/2, N=H_A*H_B",Product graph not materialized; no observed unique-edge count; strict forward topological order,Finite DAG counting derivation; not a transition-check measurement,O(n^2 m^2),Counter unavailable or phase not reached; historical runs not rerun,,H4
hurricane:AL072006__AL011900:a0.5|CPS-3F,68,hurricane,AL072006__AL011900,0.5,CPS-3F,62,81,reused,output\paper_v1\expanded_comparison\slots\68\attempts\expanded68_601a57a3ba474fa3960adc238e08ffc1,validated,True,True,completed search,dynamic_programming_labels,,408952.0,,n*H_A*H_B,At most n distinct A-hop counts per state; labels not instrumented,Thesis section5.1; manuscript section4.4; solve_cps values dictionaries,O(n^2 m^2),Counter unavailable or phase not reached; historical runs not rerun,,H4
hurricane:EP012014__EP212006:a0.5|CPS-2F,75,hurricane,EP012014__EP212006,0.5,CPS-2F,30,29,reused,output\paper_v1\expanded_comparison\slots\75\attempts\expanded75_1d406bb8211e4ea9ad5fa732f6052f0d,validated,True,True,completed search,auxiliary_A,58.0,1740.0,3.3333333333333335,2 k(k-1),Interior curve-parameter intersections; CPS-3F percentage not applicable,Thesis Observation 4 p.18 and section 5.1 p.26; manuscript section 4.4 pp.15-16,O(n^3 m^3),,,H5
hurricane:EP012014__EP212006:a0.5|CPS-2F,75,hurricane,EP012014__EP212006,0.5,CPS-2F,30,29,reused,output\paper_v1\expanded_comparison\slots\75\attempts\expanded75_1d406bb8211e4ea9ad5fa732f6052f0d,validated,True,True,completed search,single_dense_A,2640.0,53100.0,4.971751412429379,k*(k+2k(k-1)),"Dense indexing slots, not valid vertices",Thesis Observation 4 p.18 and section 5.1 p.26; manuscript section 4.4 pp.15-16,O(n^3 m^3),,,H5
hurricane:EP012014__EP212006:a0.5|CPS-2F,75,hurricane,EP012014__EP212006,0.5,CPS-2F,30,29,reused,output\paper_v1\expanded_comparison\slots\75\attempts\expanded75_1d406bb8211e4ea9ad5fa732f6052f0d,validated,True,True,completed search,single_active_A,122.0,2640.0,4.621212121212121,k*(k+a),Anchored source/terminal included; single-graph construction complete,Thesis Observation 4 p.18 and section 5.1 p.26; manuscript section 4.4 pp.15-16,O(n^3 m^3),,,H5
hurricane:EP012014__EP212006:a0.5|CPS-2F,75,hurricane,EP012014__EP212006,0.5,CPS-2F,30,29,reused,output\paper_v1\expanded_comparison\slots\75\attempts\expanded75_1d406bb8211e4ea9ad5fa732f6052f0d,validated,True,True,completed search,single_edges_with_waits_A,3172.0,7503.0,42.27642276422764,H*(H+1)/2,Unique forward transitions plus exactly H waits; completed graph,Finite derivation from chain_graph() enumeration and pruning,O(n^3 m^3),,,H5
hurricane:EP012014__EP212006:a0.5|CPS-2F,75,hurricane,EP012014__EP212006,0.5,CPS-2F,30,29,reused,output\paper_v1\expanded_comparison\slots\75\attempts\expanded75_1d406bb8211e4ea9ad5fa732f6052f0d,validated,True,True,completed search,auxiliary_B,58.0,1624.0,3.5714285714285716,2 k(k-1),Interior curve-parameter intersections; CPS-3F percentage not applicable,Thesis Observation 4 p.18 and section 5.1 p.26; manuscript section 4.4 pp.15-16,O(n^3 m^3),,,H5
hurricane:EP012014__EP212006:a0.5|CPS-2F,75,hurricane,EP012014__EP212006,0.5,CPS-2F,30,29,reused,output\paper_v1\expanded_comparison\slots\75\attempts\expanded75_1d406bb8211e4ea9ad5fa732f6052f0d,validated,True,True,completed search,single_dense_B,2523.0,47937.0,5.2631578947368425,k*(k+2k(k-1)),"Dense indexing slots, not valid vertices",Thesis Observation 4 p.18 and section 5.1 p.26; manuscript section 4.4 pp.15-16,O(n^3 m^3),,,H5
hurricane:EP012014__EP212006:a0.5|CPS-2F,75,hurricane,EP012014__EP212006,0.5,CPS-2F,30,29,reused,output\paper_v1\expanded_comparison\slots\75\attempts\expanded75_1d406bb8211e4ea9ad5fa732f6052f0d,validated,True,True,completed search,single_active_B,124.0,2523.0,4.914783987316686,k*(k+a),Anchored source/terminal included; single-graph construction complete,Thesis Observation 4 p.18 and section 5.1 p.26; manuscript section 4.4 pp.15-16,O(n^3 m^3),,,H5
hurricane:EP012014__EP212006:a0.5|CPS-2F,75,hurricane,EP012014__EP212006,0.5,CPS-2F,30,29,reused,output\paper_v1\expanded_comparison\slots\75\attempts\expanded75_1d406bb8211e4ea9ad5fa732f6052f0d,validated,True,True,completed search,single_edges_with_waits_B,2254.0,7750.0,29.083870967741934,H*(H+1)/2,Unique forward transitions plus exactly H waits; completed graph,Finite derivation from chain_graph() enumeration and pruning,O(n^3 m^3),,,H5
hurricane:EP012014__EP212006:a0.5|CPS-2F,75,hurricane,EP012014__EP212006,0.5,CPS-2F,30,29,reused,output\paper_v1\expanded_comparison\slots\75\attempts\expanded75_1d406bb8211e4ea9ad5fa732f6052f0d,validated,True,True,completed search,configuration_states_input_bound,3254.0,2545454700.0,0.00012783570652426067,n*m*(n+2n(n-1))*(m+2m(m-1)),All index combinations; includes source/terminal; no hidden asymptotic constant,Thesis Observation 4 p.18 and section 5.1 p.26; manuscript section 4.4 pp.15-16,O(n^3 m^3),,,H5
hurricane:EP012014__EP212006:a0.5|CPS-2F,75,hurricane,EP012014__EP212006,0.5,CPS-2F,30,29,reused,output\paper_v1\expanded_comparison\slots\75\attempts\expanded75_1d406bb8211e4ea9ad5fa732f6052f0d,validated,True,True,completed search,configuration_states_extended_bound,3254.0,6660720.0,0.0488535773910328,n*m*(n+aA)*(m+aB),Actual extended-curve sizes; all index combinations,Thesis Observation 4 p.18 and section 5.1 p.26; manuscript section 4.4 pp.15-16,O(n^3 m^3),,,H5
hurricane:EP012014__EP212006:a0.5|CPS-2F,75,hurricane,EP012014__EP212006,0.5,CPS-2F,30,29,reused,output\paper_v1\expanded_comparison\slots\75\attempts\expanded75_1d406bb8211e4ea9ad5fa732f6052f0d,validated,True,True,completed search,configuration_states_active_bound,3254.0,15128.0,21.509783183500794,H_A*H_B,Completed single graphs; includes coupling-invalid combinations,Thesis Observation 4 p.18 and section 5.1 p.26; manuscript section 4.4 pp.15-16,O(n^3 m^3),,,H5
hurricane:EP012014__EP212006:a0.5|CPS-2F,75,hurricane,EP012014__EP212006,0.5,CPS-2F,30,29,reused,output\paper_v1\expanded_comparison\slots\75\attempts\expanded75_1d406bb8211e4ea9ad5fa732f6052f0d,validated,True,True,completed search,candidate_transition_checks,724841.0,7134560.0,10.15957536274136,E_A*E_B-H_A*H_B,No duplicate single-graph entries; each product source popped once; excludes simultaneous waits,Finite derivation from solve_cps() and chain_graph(); see graph_bounds.md,O(n^3 m^3),,,H5
hurricane:EP012014__EP212006:a0.5|CPS-2F,75,hurricane,EP012014__EP212006,0.5,CPS-2F,30,29,reused,output\paper_v1\expanded_comparison\slots\75\attempts\expanded75_1d406bb8211e4ea9ad5fa732f6052f0d,validated,True,True,completed search,unique_configuration_edges,,114420628.0,,"N*(N-1)/2, N=H_A*H_B",Product graph not materialized; no observed unique-edge count; strict forward topological order,Finite DAG counting derivation; not a transition-check measurement,O(n^3 m^3),Counter unavailable or phase not reached; historical runs not rerun,,H5
hurricane:EP012014__EP212006:a0.5|CPS-2F,75,hurricane,EP012014__EP212006,0.5,CPS-2F,30,29,reused,output\paper_v1\expanded_comparison\slots\75\attempts\expanded75_1d406bb8211e4ea9ad5fa732f6052f0d,validated,True,True,completed search,dynamic_programming_labels,,453840.0,,n*H_A*H_B,At most n distinct A-hop counts per state; labels not instrumented,Thesis section5.1; manuscript section4.4; solve_cps values dictionaries,O(n^3 m^3),Counter unavailable or phase not reached; historical runs not rerun,,H5
hurricane:EP012014__EP212006:a0.5|CPS-3F,76,hurricane,EP012014__EP212006,0.5,CPS-3F,30,29,reused,output\paper_v1\expanded_comparison\slots\76\attempts\expanded76_b5080725e48e4dd8bd107e4a0bb2ca1a,validated,True,True,completed search,auxiliary_A,0.0,0.0,,0 (no auxiliary locations),Interior curve-parameter intersections; CPS-3F percentage not applicable,Thesis Observation 4 p.18 and section 5.1 p.26; manuscript section 4.4 pp.15-16,O(n^2 m^2),,Zero/non-applicable bound,H5
hurricane:EP012014__EP212006:a0.5|CPS-3F,76,hurricane,EP012014__EP212006,0.5,CPS-3F,30,29,reused,output\paper_v1\expanded_comparison\slots\76\attempts\expanded76_b5080725e48e4dd8bd107e4a0bb2ca1a,validated,True,True,completed search,single_dense_A,900.0,900.0,100.0,k^2,"Dense indexing slots, not valid vertices",Thesis Observation 4 p.18 and section 5.1 p.26; manuscript section 4.4 pp.15-16,O(n^2 m^2),,,H5
hurricane:EP012014__EP212006:a0.5|CPS-3F,76,hurricane,EP012014__EP212006,0.5,CPS-3F,30,29,reused,output\paper_v1\expanded_comparison\slots\76\attempts\expanded76_b5080725e48e4dd8bd107e4a0bb2ca1a,validated,True,True,completed search,single_active_A,34.0,900.0,3.7777777777777777,k*(k+a),Anchored source/terminal included; single-graph construction complete,Thesis Observation 4 p.18 and section 5.1 p.26; manuscript section 4.4 pp.15-16,O(n^2 m^2),,,H5
hurricane:EP012014__EP212006:a0.5|CPS-3F,76,hurricane,EP012014__EP212006,0.5,CPS-3F,30,29,reused,output\paper_v1\expanded_comparison\slots\76\attempts\expanded76_b5080725e48e4dd8bd107e4a0bb2ca1a,validated,True,True,completed search,single_edges_with_waits_A,78.0,595.0,13.109243697478991,H*(H+1)/2,Unique forward transitions plus exactly H waits; completed graph,Finite derivation from chain_graph() enumeration and pruning,O(n^2 m^2),,,H5
hurricane:EP012014__EP212006:a0.5|CPS-3F,76,hurricane,EP012014__EP212006,0.5,CPS-3F,30,29,reused,output\paper_v1\expanded_comparison\slots\76\attempts\expanded76_b5080725e48e4dd8bd107e4a0bb2ca1a,validated,True,True,completed search,auxiliary_B,0.0,0.0,,0 (no auxiliary locations),Interior curve-parameter intersections; CPS-3F percentage not applicable,Thesis Observation 4 p.18 and section 5.1 p.26; manuscript section 4.4 pp.15-16,O(n^2 m^2),,Zero/non-applicable bound,H5
hurricane:EP012014__EP212006:a0.5|CPS-3F,76,hurricane,EP012014__EP212006,0.5,CPS-3F,30,29,reused,output\paper_v1\expanded_comparison\slots\76\attempts\expanded76_b5080725e48e4dd8bd107e4a0bb2ca1a,validated,True,True,completed search,single_dense_B,841.0,841.0,100.0,k^2,"Dense indexing slots, not valid vertices",Thesis Observation 4 p.18 and section 5.1 p.26; manuscript section 4.4 pp.15-16,O(n^2 m^2),,,H5
hurricane:EP012014__EP212006:a0.5|CPS-3F,76,hurricane,EP012014__EP212006,0.5,CPS-3F,30,29,reused,output\paper_v1\expanded_comparison\slots\76\attempts\expanded76_b5080725e48e4dd8bd107e4a0bb2ca1a,validated,True,True,completed search,single_active_B,33.0,841.0,3.9239001189060643,k*(k+a),Anchored source/terminal included; single-graph construction complete,Thesis Observation 4 p.18 and section 5.1 p.26; manuscript section 4.4 pp.15-16,O(n^2 m^2),,,H5
hurricane:EP012014__EP212006:a0.5|CPS-3F,76,hurricane,EP012014__EP212006,0.5,CPS-3F,30,29,reused,output\paper_v1\expanded_comparison\slots\76\attempts\expanded76_b5080725e48e4dd8bd107e4a0bb2ca1a,validated,True,True,completed search,single_edges_with_waits_B,73.0,561.0,13.01247771836007,H*(H+1)/2,Unique forward transitions plus exactly H waits; completed graph,Finite derivation from chain_graph() enumeration and pruning,O(n^2 m^2),,,H5
hurricane:EP012014__EP212006:a0.5|CPS-3F,76,hurricane,EP012014__EP212006,0.5,CPS-3F,30,29,reused,output\paper_v1\expanded_comparison\slots\76\attempts\expanded76_b5080725e48e4dd8bd107e4a0bb2ca1a,validated,True,True,completed search,configuration_states_input_bound,269.0,756900.0,0.03553970141366099,n^2*m^2,All index combinations; includes source/terminal; no hidden asymptotic constant,Thesis Observation 4 p.18 and section 5.1 p.26; manuscript section 4.4 pp.15-16,O(n^2 m^2),,,H5
hurricane:EP012014__EP212006:a0.5|CPS-3F,76,hurricane,EP012014__EP212006,0.5,CPS-3F,30,29,reused,output\paper_v1\expanded_comparison\slots\76\attempts\expanded76_b5080725e48e4dd8bd107e4a0bb2ca1a,validated,True,True,completed search,configuration_states_active_bound,269.0,1122.0,23.97504456327986,H_A*H_B,Completed single graphs; includes coupling-invalid combinations,Thesis Observation 4 p.18 and section 5.1 p.26; manuscript section 4.4 pp.15-16,O(n^2 m^2),,,H5
hurricane:EP012014__EP212006:a0.5|CPS-3F,76,hurricane,EP012014__EP212006,0.5,CPS-3F,30,29,reused,output\paper_v1\expanded_comparison\slots\76\attempts\expanded76_b5080725e48e4dd8bd107e4a0bb2ca1a,validated,True,True,completed search,candidate_transition_checks,777.0,4572.0,16.99475065616798,E_A*E_B-H_A*H_B,No duplicate single-graph entries; each product source popped once; excludes simultaneous waits,Finite derivation from solve_cps() and chain_graph(); see graph_bounds.md,O(n^2 m^2),,,H5
hurricane:EP012014__EP212006:a0.5|CPS-3F,76,hurricane,EP012014__EP212006,0.5,CPS-3F,30,29,reused,output\paper_v1\expanded_comparison\slots\76\attempts\expanded76_b5080725e48e4dd8bd107e4a0bb2ca1a,validated,True,True,completed search,unique_configuration_edges,,628881.0,,"N*(N-1)/2, N=H_A*H_B",Product graph not materialized; no observed unique-edge count; strict forward topological order,Finite DAG counting derivation; not a transition-check measurement,O(n^2 m^2),Counter unavailable or phase not reached; historical runs not rerun,,H5
hurricane:EP012014__EP212006:a0.5|CPS-3F,76,hurricane,EP012014__EP212006,0.5,CPS-3F,30,29,reused,output\paper_v1\expanded_comparison\slots\76\attempts\expanded76_b5080725e48e4dd8bd107e4a0bb2ca1a,validated,True,True,completed search,dynamic_programming_labels,,33660.0,,n*H_A*H_B,At most n distinct A-hop counts per state; labels not instrumented,Thesis section5.1; manuscript section4.4; solve_cps values dictionaries,O(n^2 m^2),Counter unavailable or phase not reached; historical runs not rerun,,H5
protein:1o7j.a__4eca.b:a0.5|CPS-2F,3,protein,1o7j.a__4eca.b,0.5,CPS-2F,22,22,new,output\paper_v1\coverage_extension\slots\03\attempts\coverage03_7089725cc44342a1bffd2ef8ac5f17a3,validated,True,True,completed search,auxiliary_A,96.0,924.0,10.38961038961039,2 k(k-1),Interior curve-parameter intersections; CPS-3F percentage not applicable,Thesis Observation 4 p.18 and section 5.1 p.26; manuscript section 4.4 pp.15-16,O(n^3 m^3),,,P6
protein:1o7j.a__4eca.b:a0.5|CPS-2F,3,protein,1o7j.a__4eca.b,0.5,CPS-2F,22,22,new,output\paper_v1\coverage_extension\slots\03\attempts\coverage03_7089725cc44342a1bffd2ef8ac5f17a3,validated,True,True,completed search,single_dense_A,2596.0,20812.0,12.473572938689218,k*(k+2k(k-1)),"Dense indexing slots, not valid vertices",Thesis Observation 4 p.18 and section 5.1 p.26; manuscript section 4.4 pp.15-16,O(n^3 m^3),,,P6
protein:1o7j.a__4eca.b:a0.5|CPS-2F,3,protein,1o7j.a__4eca.b,0.5,CPS-2F,22,22,new,output\paper_v1\coverage_extension\slots\03\attempts\coverage03_7089725cc44342a1bffd2ef8ac5f17a3,validated,True,True,completed search,single_active_A,155.0,2596.0,5.970724191063174,k*(k+a),Anchored source/terminal included; single-graph construction complete,Thesis Observation 4 p.18 and section 5.1 p.26; manuscript section 4.4 pp.15-16,O(n^3 m^3),,,P6
protein:1o7j.a__4eca.b:a0.5|CPS-2F,3,protein,1o7j.a__4eca.b,0.5,CPS-2F,22,22,new,output\paper_v1\coverage_extension\slots\03\attempts\coverage03_7089725cc44342a1bffd2ef8ac5f17a3,validated,True,True,completed search,single_edges_with_waits_A,2715.0,12090.0,22.456575682382134,H*(H+1)/2,Unique forward transitions plus exactly H waits; completed graph,Finite derivation from chain_graph() enumeration and pruning,O(n^3 m^3),,,P6
protein:1o7j.a__4eca.b:a0.5|CPS-2F,3,protein,1o7j.a__4eca.b,0.5,CPS-2F,22,22,new,output\paper_v1\coverage_extension\slots\03\attempts\coverage03_7089725cc44342a1bffd2ef8ac5f17a3,validated,True,True,completed search,auxiliary_B,75.0,924.0,8.116883116883116,2 k(k-1),Interior curve-parameter intersections; CPS-3F percentage not applicable,Thesis Observation 4 p.18 and section 5.1 p.26; manuscript section 4.4 pp.15-16,O(n^3 m^3),,,P6
protein:1o7j.a__4eca.b:a0.5|CPS-2F,3,protein,1o7j.a__4eca.b,0.5,CPS-2F,22,22,new,output\paper_v1\coverage_extension\slots\03\attempts\coverage03_7089725cc44342a1bffd2ef8ac5f17a3,validated,True,True,completed search,single_dense_B,2134.0,20812.0,10.253699788583509,k*(k+2k(k-1)),"Dense indexing slots, not valid vertices",Thesis Observation 4 p.18 and section 5.1 p.26; manuscript section 4.4 pp.15-16,O(n^3 m^3),,,P6
protein:1o7j.a__4eca.b:a0.5|CPS-2F,3,protein,1o7j.a__4eca.b,0.5,CPS-2F,22,22,new,output\paper_v1\coverage_extension\slots\03\attempts\coverage03_7089725cc44342a1bffd2ef8ac5f17a3,validated,True,True,completed search,single_active_B,117.0,2134.0,5.482661668228679,k*(k+a),Anchored source/terminal included; single-graph construction complete,Thesis Observation 4 p.18 and section 5.1 p.26; manuscript section 4.4 pp.15-16,O(n^3 m^3),,,P6
protein:1o7j.a__4eca.b:a0.5|CPS-2F,3,protein,1o7j.a__4eca.b,0.5,CPS-2F,22,22,new,output\paper_v1\coverage_extension\slots\03\attempts\coverage03_7089725cc44342a1bffd2ef8ac5f17a3,validated,True,True,completed search,single_edges_with_waits_B,1135.0,6903.0,16.442126611618136,H*(H+1)/2,Unique forward transitions plus exactly H waits; completed graph,Finite derivation from chain_graph() enumeration and pruning,O(n^3 m^3),,,P6
protein:1o7j.a__4eca.b:a0.5|CPS-2F,3,protein,1o7j.a__4eca.b,0.5,CPS-2F,22,22,new,output\paper_v1\coverage_extension\slots\03\attempts\coverage03_7089725cc44342a1bffd2ef8ac5f17a3,validated,True,True,completed search,configuration_states_input_bound,2419.0,433139344.0,0.0005584807830341083,n*m*(n+2n(n-1))*(m+2m(m-1)),All index combinations; includes source/terminal; no hidden asymptotic constant,Thesis Observation 4 p.18 and section 5.1 p.26; manuscript section 4.4 pp.15-16,O(n^3 m^3),,,P6
protein:1o7j.a__4eca.b:a0.5|CPS-2F,3,protein,1o7j.a__4eca.b,0.5,CPS-2F,22,22,new,output\paper_v1\coverage_extension\slots\03\attempts\coverage03_7089725cc44342a1bffd2ef8ac5f17a3,validated,True,True,completed search,configuration_states_extended_bound,2419.0,5539864.0,0.04366533185652211,n*m*(n+aA)*(m+aB),Actual extended-curve sizes; all index combinations,Thesis Observation 4 p.18 and section 5.1 p.26; manuscript section 4.4 pp.15-16,O(n^3 m^3),,,P6
protein:1o7j.a__4eca.b:a0.5|CPS-2F,3,protein,1o7j.a__4eca.b,0.5,CPS-2F,22,22,new,output\paper_v1\coverage_extension\slots\03\attempts\coverage03_7089725cc44342a1bffd2ef8ac5f17a3,validated,True,True,completed search,configuration_states_active_bound,2419.0,18135.0,13.338847532395919,H_A*H_B,Completed single graphs; includes coupling-invalid combinations,Thesis Observation 4 p.18 and section 5.1 p.26; manuscript section 4.4 pp.15-16,O(n^3 m^3),,,P6
protein:1o7j.a__4eca.b:a0.5|CPS-2F,3,protein,1o7j.a__4eca.b,0.5,CPS-2F,22,22,new,output\paper_v1\coverage_extension\slots\03\attempts\coverage03_7089725cc44342a1bffd2ef8ac5f17a3,validated,True,True,completed search,candidate_transition_checks,285153.0,3063390.0,9.308413228482172,E_A*E_B-H_A*H_B,No duplicate single-graph entries; each product source popped once; excludes simultaneous waits,Finite derivation from solve_cps() and chain_graph(); see graph_bounds.md,O(n^3 m^3),,,P6
protein:1o7j.a__4eca.b:a0.5|CPS-2F,3,protein,1o7j.a__4eca.b,0.5,CPS-2F,22,22,new,output\paper_v1\coverage_extension\slots\03\attempts\coverage03_7089725cc44342a1bffd2ef8ac5f17a3,validated,True,True,completed search,unique_configuration_edges,,164430045.0,,"N*(N-1)/2, N=H_A*H_B",Product graph not materialized; no observed unique-edge count; strict forward topological order,Finite DAG counting derivation; not a transition-check measurement,O(n^3 m^3),Counter unavailable or phase not reached; historical runs not rerun,,P6
protein:1o7j.a__4eca.b:a0.5|CPS-2F,3,protein,1o7j.a__4eca.b,0.5,CPS-2F,22,22,new,output\paper_v1\coverage_extension\slots\03\attempts\coverage03_7089725cc44342a1bffd2ef8ac5f17a3,validated,True,True,completed search,dynamic_programming_labels,,398970.0,,n*H_A*H_B,At most n distinct A-hop counts per state; labels not instrumented,Thesis section5.1; manuscript section4.4; solve_cps values dictionaries,O(n^3 m^3),Counter unavailable or phase not reached; historical runs not rerun,,P6
protein:1o7j.a__4eca.b:a0.5|CPS-3F,4,protein,1o7j.a__4eca.b,0.5,CPS-3F,22,22,new,output\paper_v1\coverage_extension\slots\04\attempts\coverage04_b29e35efdd404a5b9a18e13afa304f94,validated,True,True,completed search,auxiliary_A,0.0,0.0,,0 (no auxiliary locations),Interior curve-parameter intersections; CPS-3F percentage not applicable,Thesis Observation 4 p.18 and section 5.1 p.26; manuscript section 4.4 pp.15-16,O(n^2 m^2),,Zero/non-applicable bound,P6
protein:1o7j.a__4eca.b:a0.5|CPS-3F,4,protein,1o7j.a__4eca.b,0.5,CPS-3F,22,22,new,output\paper_v1\coverage_extension\slots\04\attempts\coverage04_b29e35efdd404a5b9a18e13afa304f94,validated,True,True,completed search,single_dense_A,484.0,484.0,100.0,k^2,"Dense indexing slots, not valid vertices",Thesis Observation 4 p.18 and section 5.1 p.26; manuscript section 4.4 pp.15-16,O(n^2 m^2),,,P6
protein:1o7j.a__4eca.b:a0.5|CPS-3F,4,protein,1o7j.a__4eca.b,0.5,CPS-3F,22,22,new,output\paper_v1\coverage_extension\slots\04\attempts\coverage04_b29e35efdd404a5b9a18e13afa304f94,validated,True,True,completed search,single_active_A,28.0,484.0,5.785123966942149,k*(k+a),Anchored source/terminal included; single-graph construction complete,Thesis Observation 4 p.18 and section 5.1 p.26; manuscript section 4.4 pp.15-16,O(n^2 m^2),,,P6
protein:1o7j.a__4eca.b:a0.5|CPS-3F,4,protein,1o7j.a__4eca.b,0.5,CPS-3F,22,22,new,output\paper_v1\coverage_extension\slots\04\attempts\coverage04_b29e35efdd404a5b9a18e13afa304f94,validated,True,True,completed search,single_edges_with_waits_A,70.0,406.0,17.24137931034483,H*(H+1)/2,Unique forward transitions plus exactly H waits; completed graph,Finite derivation from chain_graph() enumeration and pruning,O(n^2 m^2),,,P6
protein:1o7j.a__4eca.b:a0.5|CPS-3F,4,protein,1o7j.a__4eca.b,0.5,CPS-3F,22,22,new,output\paper_v1\coverage_extension\slots\04\attempts\coverage04_b29e35efdd404a5b9a18e13afa304f94,validated,True,True,completed search,auxiliary_B,0.0,0.0,,0 (no auxiliary locations),Interior curve-parameter intersections; CPS-3F percentage not applicable,Thesis Observation 4 p.18 and section 5.1 p.26; manuscript section 4.4 pp.15-16,O(n^2 m^2),,Zero/non-applicable bound,P6
protein:1o7j.a__4eca.b:a0.5|CPS-3F,4,protein,1o7j.a__4eca.b,0.5,CPS-3F,22,22,new,output\paper_v1\coverage_extension\slots\04\attempts\coverage04_b29e35efdd404a5b9a18e13afa304f94,validated,True,True,completed search,single_dense_B,484.0,484.0,100.0,k^2,"Dense indexing slots, not valid vertices",Thesis Observation 4 p.18 and section 5.1 p.26; manuscript section 4.4 pp.15-16,O(n^2 m^2),,,P6
protein:1o7j.a__4eca.b:a0.5|CPS-3F,4,protein,1o7j.a__4eca.b,0.5,CPS-3F,22,22,new,output\paper_v1\coverage_extension\slots\04\attempts\coverage04_b29e35efdd404a5b9a18e13afa304f94,validated,True,True,completed search,single_active_B,26.0,484.0,5.371900826446281,k*(k+a),Anchored source/terminal included; single-graph construction complete,Thesis Observation 4 p.18 and section 5.1 p.26; manuscript section 4.4 pp.15-16,O(n^2 m^2),,,P6
protein:1o7j.a__4eca.b:a0.5|CPS-3F,4,protein,1o7j.a__4eca.b,0.5,CPS-3F,22,22,new,output\paper_v1\coverage_extension\slots\04\attempts\coverage04_b29e35efdd404a5b9a18e13afa304f94,validated,True,True,completed search,single_edges_with_waits_B,61.0,351.0,17.37891737891738,H*(H+1)/2,Unique forward transitions plus exactly H waits; completed graph,Finite derivation from chain_graph() enumeration and pruning,O(n^2 m^2),,,P6
protein:1o7j.a__4eca.b:a0.5|CPS-3F,4,protein,1o7j.a__4eca.b,0.5,CPS-3F,22,22,new,output\paper_v1\coverage_extension\slots\04\attempts\coverage04_b29e35efdd404a5b9a18e13afa304f94,validated,True,True,completed search,configuration_states_input_bound,109.0,234256.0,0.04653029164674544,n^2*m^2,All index combinations; includes source/terminal; no hidden asymptotic constant,Thesis Observation 4 p.18 and section 5.1 p.26; manuscript section 4.4 pp.15-16,O(n^2 m^2),,,P6
protein:1o7j.a__4eca.b:a0.5|CPS-3F,4,protein,1o7j.a__4eca.b,0.5,CPS-3F,22,22,new,output\paper_v1\coverage_extension\slots\04\attempts\coverage04_b29e35efdd404a5b9a18e13afa304f94,validated,True,True,completed search,configuration_states_active_bound,109.0,728.0,14.972527472527473,H_A*H_B,Completed single graphs; includes coupling-invalid combinations,Thesis Observation 4 p.18 and section 5.1 p.26; manuscript section 4.4 pp.15-16,O(n^2 m^2),,,P6
protein:1o7j.a__4eca.b:a0.5|CPS-3F,4,protein,1o7j.a__4eca.b,0.5,CPS-3F,22,22,new,output\paper_v1\coverage_extension\slots\04\attempts\coverage04_b29e35efdd404a5b9a18e13afa304f94,validated,True,True,completed search,candidate_transition_checks,638.0,3542.0,18.012422360248447,E_A*E_B-H_A*H_B,No duplicate single-graph entries; each product source popped once; excludes simultaneous waits,Finite derivation from solve_cps() and chain_graph(); see graph_bounds.md,O(n^2 m^2),,,P6
protein:1o7j.a__4eca.b:a0.5|CPS-3F,4,protein,1o7j.a__4eca.b,0.5,CPS-3F,22,22,new,output\paper_v1\coverage_extension\slots\04\attempts\coverage04_b29e35efdd404a5b9a18e13afa304f94,validated,True,True,completed search,unique_configuration_edges,,264628.0,,"N*(N-1)/2, N=H_A*H_B",Product graph not materialized; no observed unique-edge count; strict forward topological order,Finite DAG counting derivation; not a transition-check measurement,O(n^2 m^2),Counter unavailable or phase not reached; historical runs not rerun,,P6
protein:1o7j.a__4eca.b:a0.5|CPS-3F,4,protein,1o7j.a__4eca.b,0.5,CPS-3F,22,22,new,output\paper_v1\coverage_extension\slots\04\attempts\coverage04_b29e35efdd404a5b9a18e13afa304f94,validated,True,True,completed search,dynamic_programming_labels,,16016.0,,n*H_A*H_B,At most n distinct A-hop counts per state; labels not instrumented,Thesis section5.1; manuscript section4.4; solve_cps values dictionaries,O(n^2 m^2),Counter unavailable or phase not reached; historical runs not rerun,,P6
protein:1o7j.a__4eca.c:a0.5|CPS-2F,7,protein,1o7j.a__4eca.c,0.5,CPS-2F,22,22,new,output\paper_v1\coverage_extension\slots\07\attempts\coverage07_0f8bde73980c4f1788a9ad0fca35b21e,validated,True,True,completed search,auxiliary_A,96.0,924.0,10.38961038961039,2 k(k-1),Interior curve-parameter intersections; CPS-3F percentage not applicable,Thesis Observation 4 p.18 and section 5.1 p.26; manuscript section 4.4 pp.15-16,O(n^3 m^3),,,P7
protein:1o7j.a__4eca.c:a0.5|CPS-2F,7,protein,1o7j.a__4eca.c,0.5,CPS-2F,22,22,new,output\paper_v1\coverage_extension\slots\07\attempts\coverage07_0f8bde73980c4f1788a9ad0fca35b21e,validated,True,True,completed search,single_dense_A,2596.0,20812.0,12.473572938689218,k*(k+2k(k-1)),"Dense indexing slots, not valid vertices",Thesis Observation 4 p.18 and section 5.1 p.26; manuscript section 4.4 pp.15-16,O(n^3 m^3),,,P7
protein:1o7j.a__4eca.c:a0.5|CPS-2F,7,protein,1o7j.a__4eca.c,0.5,CPS-2F,22,22,new,output\paper_v1\coverage_extension\slots\07\attempts\coverage07_0f8bde73980c4f1788a9ad0fca35b21e,validated,True,True,completed search,single_active_A,155.0,2596.0,5.970724191063174,k*(k+a),Anchored source/terminal included; single-graph construction complete,Thesis Observation 4 p.18 and section 5.1 p.26; manuscript section 4.4 pp.15-16,O(n^3 m^3),,,P7
protein:1o7j.a__4eca.c:a0.5|CPS-2F,7,protein,1o7j.a__4eca.c,0.5,CPS-2F,22,22,new,output\paper_v1\coverage_extension\slots\07\attempts\coverage07_0f8bde73980c4f1788a9ad0fca35b21e,validated,True,True,completed search,single_edges_with_waits_A,2715.0,12090.0,22.456575682382134,H*(H+1)/2,Unique forward transitions plus exactly H waits; completed graph,Finite derivation from chain_graph() enumeration and pruning,O(n^3 m^3),,,P7
protein:1o7j.a__4eca.c:a0.5|CPS-2F,7,protein,1o7j.a__4eca.c,0.5,CPS-2F,22,22,new,output\paper_v1\coverage_extension\slots\07\attempts\coverage07_0f8bde73980c4f1788a9ad0fca35b21e,validated,True,True,completed search,auxiliary_B,73.0,924.0,7.9004329004329,2 k(k-1),Interior curve-parameter intersections; CPS-3F percentage not applicable,Thesis Observation 4 p.18 and section 5.1 p.26; manuscript section 4.4 pp.15-16,O(n^3 m^3),,,P7
protein:1o7j.a__4eca.c:a0.5|CPS-2F,7,protein,1o7j.a__4eca.c,0.5,CPS-2F,22,22,new,output\paper_v1\coverage_extension\slots\07\attempts\coverage07_0f8bde73980c4f1788a9ad0fca35b21e,validated,True,True,completed search,single_dense_B,2090.0,20812.0,10.042283298097251,k*(k+2k(k-1)),"Dense indexing slots, not valid vertices",Thesis Observation 4 p.18 and section 5.1 p.26; manuscript section 4.4 pp.15-16,O(n^3 m^3),,,P7
protein:1o7j.a__4eca.c:a0.5|CPS-2F,7,protein,1o7j.a__4eca.c,0.5,CPS-2F,22,22,new,output\paper_v1\coverage_extension\slots\07\attempts\coverage07_0f8bde73980c4f1788a9ad0fca35b21e,validated,True,True,completed search,single_active_B,118.0,2090.0,5.645933014354067,k*(k+a),Anchored source/terminal included; single-graph construction complete,Thesis Observation 4 p.18 and section 5.1 p.26; manuscript section 4.4 pp.15-16,O(n^3 m^3),,,P7
protein:1o7j.a__4eca.c:a0.5|CPS-2F,7,protein,1o7j.a__4eca.c,0.5,CPS-2F,22,22,new,output\paper_v1\coverage_extension\slots\07\attempts\coverage07_0f8bde73980c4f1788a9ad0fca35b21e,validated,True,True,completed search,single_edges_with_waits_B,1154.0,7021.0,16.436405070502776,H*(H+1)/2,Unique forward transitions plus exactly H waits; completed graph,Finite derivation from chain_graph() enumeration and pruning,O(n^3 m^3),,,P7
protein:1o7j.a__4eca.c:a0.5|CPS-2F,7,protein,1o7j.a__4eca.c,0.5,CPS-2F,22,22,new,output\paper_v1\coverage_extension\slots\07\attempts\coverage07_0f8bde73980c4f1788a9ad0fca35b21e,validated,True,True,completed search,configuration_states_input_bound,2448.0,433139344.0,0.0005651760879981385,n*m*(n+2n(n-1))*(m+2m(m-1)),All index combinations; includes source/terminal; no hidden asymptotic constant,Thesis Observation 4 p.18 and section 5.1 p.26; manuscript section 4.4 pp.15-16,O(n^3 m^3),,,P7
protein:1o7j.a__4eca.c:a0.5|CPS-2F,7,protein,1o7j.a__4eca.c,0.5,CPS-2F,22,22,new,output\paper_v1\coverage_extension\slots\07\attempts\coverage07_0f8bde73980c4f1788a9ad0fca35b21e,validated,True,True,completed search,configuration_states_extended_bound,2448.0,5425640.0,0.045119101156729895,n*m*(n+aA)*(m+aB),Actual extended-curve sizes; all index combinations,Thesis Observation 4 p.18 and section 5.1 p.26; manuscript section 4.4 pp.15-16,O(n^3 m^3),,,P7
protein:1o7j.a__4eca.c:a0.5|CPS-2F,7,protein,1o7j.a__4eca.c,0.5,CPS-2F,22,22,new,output\paper_v1\coverage_extension\slots\07\attempts\coverage07_0f8bde73980c4f1788a9ad0fca35b21e,validated,True,True,completed search,configuration_states_active_bound,2448.0,18290.0,13.38436303991252,H_A*H_B,Completed single graphs; includes coupling-invalid combinations,Thesis Observation 4 p.18 and section 5.1 p.26; manuscript section 4.4 pp.15-16,O(n^3 m^3),,,P7
protein:1o7j.a__4eca.c:a0.5|CPS-2F,7,protein,1o7j.a__4eca.c,0.5,CPS-2F,22,22,new,output\paper_v1\coverage_extension\slots\07\attempts\coverage07_0f8bde73980c4f1788a9ad0fca35b21e,validated,True,True,completed search,candidate_transition_checks,290104.0,3114820.0,9.313668205546389,E_A*E_B-H_A*H_B,No duplicate single-graph entries; each product source popped once; excludes simultaneous waits,Finite derivation from solve_cps() and chain_graph(); see graph_bounds.md,O(n^3 m^3),,,P7
protein:1o7j.a__4eca.c:a0.5|CPS-2F,7,protein,1o7j.a__4eca.c,0.5,CPS-2F,22,22,new,output\paper_v1\coverage_extension\slots\07\attempts\coverage07_0f8bde73980c4f1788a9ad0fca35b21e,validated,True,True,completed search,unique_configuration_edges,,167252905.0,,"N*(N-1)/2, N=H_A*H_B",Product graph not materialized; no observed unique-edge count; strict forward topological order,Finite DAG counting derivation; not a transition-check measurement,O(n^3 m^3),Counter unavailable or phase not reached; historical runs not rerun,,P7
protein:1o7j.a__4eca.c:a0.5|CPS-2F,7,protein,1o7j.a__4eca.c,0.5,CPS-2F,22,22,new,output\paper_v1\coverage_extension\slots\07\attempts\coverage07_0f8bde73980c4f1788a9ad0fca35b21e,validated,True,True,completed search,dynamic_programming_labels,,402380.0,,n*H_A*H_B,At most n distinct A-hop counts per state; labels not instrumented,Thesis section5.1; manuscript section4.4; solve_cps values dictionaries,O(n^3 m^3),Counter unavailable or phase not reached; historical runs not rerun,,P7
protein:1o7j.a__4eca.c:a0.5|CPS-3F,8,protein,1o7j.a__4eca.c,0.5,CPS-3F,22,22,new,output\paper_v1\coverage_extension\slots\08\attempts\coverage08_0414cf2ed27848009d87d0c4750feb50,validated,True,True,completed search,auxiliary_A,0.0,0.0,,0 (no auxiliary locations),Interior curve-parameter intersections; CPS-3F percentage not applicable,Thesis Observation 4 p.18 and section 5.1 p.26; manuscript section 4.4 pp.15-16,O(n^2 m^2),,Zero/non-applicable bound,P7
protein:1o7j.a__4eca.c:a0.5|CPS-3F,8,protein,1o7j.a__4eca.c,0.5,CPS-3F,22,22,new,output\paper_v1\coverage_extension\slots\08\attempts\coverage08_0414cf2ed27848009d87d0c4750feb50,validated,True,True,completed search,single_dense_A,484.0,484.0,100.0,k^2,"Dense indexing slots, not valid vertices",Thesis Observation 4 p.18 and section 5.1 p.26; manuscript section 4.4 pp.15-16,O(n^2 m^2),,,P7
protein:1o7j.a__4eca.c:a0.5|CPS-3F,8,protein,1o7j.a__4eca.c,0.5,CPS-3F,22,22,new,output\paper_v1\coverage_extension\slots\08\attempts\coverage08_0414cf2ed27848009d87d0c4750feb50,validated,True,True,completed search,single_active_A,28.0,484.0,5.785123966942149,k*(k+a),Anchored source/terminal included; single-graph construction complete,Thesis Observation 4 p.18 and section 5.1 p.26; manuscript section 4.4 pp.15-16,O(n^2 m^2),,,P7
protein:1o7j.a__4eca.c:a0.5|CPS-3F,8,protein,1o7j.a__4eca.c,0.5,CPS-3F,22,22,new,output\paper_v1\coverage_extension\slots\08\attempts\coverage08_0414cf2ed27848009d87d0c4750feb50,validated,True,True,completed search,single_edges_with_waits_A,70.0,406.0,17.24137931034483,H*(H+1)/2,Unique forward transitions plus exactly H waits; completed graph,Finite derivation from chain_graph() enumeration and pruning,O(n^2 m^2),,,P7
protein:1o7j.a__4eca.c:a0.5|CPS-3F,8,protein,1o7j.a__4eca.c,0.5,CPS-3F,22,22,new,output\paper_v1\coverage_extension\slots\08\attempts\coverage08_0414cf2ed27848009d87d0c4750feb50,validated,True,True,completed search,auxiliary_B,0.0,0.0,,0 (no auxiliary locations),Interior curve-parameter intersections; CPS-3F percentage not applicable,Thesis Observation 4 p.18 and section 5.1 p.26; manuscript section 4.4 pp.15-16,O(n^2 m^2),,Zero/non-applicable bound,P7
protein:1o7j.a__4eca.c:a0.5|CPS-3F,8,protein,1o7j.a__4eca.c,0.5,CPS-3F,22,22,new,output\paper_v1\coverage_extension\slots\08\attempts\coverage08_0414cf2ed27848009d87d0c4750feb50,validated,True,True,completed search,single_dense_B,484.0,484.0,100.0,k^2,"Dense indexing slots, not valid vertices",Thesis Observation 4 p.18 and section 5.1 p.26; manuscript section 4.4 pp.15-16,O(n^2 m^2),,,P7
protein:1o7j.a__4eca.c:a0.5|CPS-3F,8,protein,1o7j.a__4eca.c,0.5,CPS-3F,22,22,new,output\paper_v1\coverage_extension\slots\08\attempts\coverage08_0414cf2ed27848009d87d0c4750feb50,validated,True,True,completed search,single_active_B,26.0,484.0,5.371900826446281,k*(k+a),Anchored source/terminal included; single-graph construction complete,Thesis Observation 4 p.18 and section 5.1 p.26; manuscript section 4.4 pp.15-16,O(n^2 m^2),,,P7
protein:1o7j.a__4eca.c:a0.5|CPS-3F,8,protein,1o7j.a__4eca.c,0.5,CPS-3F,22,22,new,output\paper_v1\coverage_extension\slots\08\attempts\coverage08_0414cf2ed27848009d87d0c4750feb50,validated,True,True,completed search,single_edges_with_waits_B,61.0,351.0,17.37891737891738,H*(H+1)/2,Unique forward transitions plus exactly H waits; completed graph,Finite derivation from chain_graph() enumeration and pruning,O(n^2 m^2),,,P7
protein:1o7j.a__4eca.c:a0.5|CPS-3F,8,protein,1o7j.a__4eca.c,0.5,CPS-3F,22,22,new,output\paper_v1\coverage_extension\slots\08\attempts\coverage08_0414cf2ed27848009d87d0c4750feb50,validated,True,True,completed search,configuration_states_input_bound,109.0,234256.0,0.04653029164674544,n^2*m^2,All index combinations; includes source/terminal; no hidden asymptotic constant,Thesis Observation 4 p.18 and section 5.1 p.26; manuscript section 4.4 pp.15-16,O(n^2 m^2),,,P7
protein:1o7j.a__4eca.c:a0.5|CPS-3F,8,protein,1o7j.a__4eca.c,0.5,CPS-3F,22,22,new,output\paper_v1\coverage_extension\slots\08\attempts\coverage08_0414cf2ed27848009d87d0c4750feb50,validated,True,True,completed search,configuration_states_active_bound,109.0,728.0,14.972527472527473,H_A*H_B,Completed single graphs; includes coupling-invalid combinations,Thesis Observation 4 p.18 and section 5.1 p.26; manuscript section 4.4 pp.15-16,O(n^2 m^2),,,P7
protein:1o7j.a__4eca.c:a0.5|CPS-3F,8,protein,1o7j.a__4eca.c,0.5,CPS-3F,22,22,new,output\paper_v1\coverage_extension\slots\08\attempts\coverage08_0414cf2ed27848009d87d0c4750feb50,validated,True,True,completed search,candidate_transition_checks,638.0,3542.0,18.012422360248447,E_A*E_B-H_A*H_B,No duplicate single-graph entries; each product source popped once; excludes simultaneous waits,Finite derivation from solve_cps() and chain_graph(); see graph_bounds.md,O(n^2 m^2),,,P7
protein:1o7j.a__4eca.c:a0.5|CPS-3F,8,protein,1o7j.a__4eca.c,0.5,CPS-3F,22,22,new,output\paper_v1\coverage_extension\slots\08\attempts\coverage08_0414cf2ed27848009d87d0c4750feb50,validated,True,True,completed search,unique_configuration_edges,,264628.0,,"N*(N-1)/2, N=H_A*H_B",Product graph not materialized; no observed unique-edge count; strict forward topological order,Finite DAG counting derivation; not a transition-check measurement,O(n^2 m^2),Counter unavailable or phase not reached; historical runs not rerun,,P7
protein:1o7j.a__4eca.c:a0.5|CPS-3F,8,protein,1o7j.a__4eca.c,0.5,CPS-3F,22,22,new,output\paper_v1\coverage_extension\slots\08\attempts\coverage08_0414cf2ed27848009d87d0c4750feb50,validated,True,True,completed search,dynamic_programming_labels,,16016.0,,n*H_A*H_B,At most n distinct A-hop counts per state; labels not instrumented,Thesis section5.1; manuscript section4.4; solve_cps values dictionaries,O(n^2 m^2),Counter unavailable or phase not reached; historical runs not rerun,,P7
protein:1o7j.a__1wls.a:a0.5|CPS-2F,15,protein,1o7j.a__1wls.a,0.5,CPS-2F,22,22,new,output\paper_v1\coverage_extension\slots\15\attempts\coverage15_6d6dba71c8234043ad070d96c7f676bc,validated,True,True,completed search,auxiliary_A,96.0,924.0,10.38961038961039,2 k(k-1),Interior curve-parameter intersections; CPS-3F percentage not applicable,Thesis Observation 4 p.18 and section 5.1 p.26; manuscript section 4.4 pp.15-16,O(n^3 m^3),,,P9
protein:1o7j.a__1wls.a:a0.5|CPS-2F,15,protein,1o7j.a__1wls.a,0.5,CPS-2F,22,22,new,output\paper_v1\coverage_extension\slots\15\attempts\coverage15_6d6dba71c8234043ad070d96c7f676bc,validated,True,True,completed search,single_dense_A,2596.0,20812.0,12.473572938689218,k*(k+2k(k-1)),"Dense indexing slots, not valid vertices",Thesis Observation 4 p.18 and section 5.1 p.26; manuscript section 4.4 pp.15-16,O(n^3 m^3),,,P9
protein:1o7j.a__1wls.a:a0.5|CPS-2F,15,protein,1o7j.a__1wls.a,0.5,CPS-2F,22,22,new,output\paper_v1\coverage_extension\slots\15\attempts\coverage15_6d6dba71c8234043ad070d96c7f676bc,validated,True,True,completed search,single_active_A,155.0,2596.0,5.970724191063174,k*(k+a),Anchored source/terminal included; single-graph construction complete,Thesis Observation 4 p.18 and section 5.1 p.26; manuscript section 4.4 pp.15-16,O(n^3 m^3),,,P9
protein:1o7j.a__1wls.a:a0.5|CPS-2F,15,protein,1o7j.a__1wls.a,0.5,CPS-2F,22,22,new,output\paper_v1\coverage_extension\slots\15\attempts\coverage15_6d6dba71c8234043ad070d96c7f676bc,validated,True,True,completed search,single_edges_with_waits_A,2715.0,12090.0,22.456575682382134,H*(H+1)/2,Unique forward transitions plus exactly H waits; completed graph,Finite derivation from chain_graph() enumeration and pruning,O(n^3 m^3),,,P9
protein:1o7j.a__1wls.a:a0.5|CPS-2F,15,protein,1o7j.a__1wls.a,0.5,CPS-2F,22,22,new,output\paper_v1\coverage_extension\slots\15\attempts\coverage15_6d6dba71c8234043ad070d96c7f676bc,validated,True,True,completed search,auxiliary_B,104.0,924.0,11.255411255411255,2 k(k-1),Interior curve-parameter intersections; CPS-3F percentage not applicable,Thesis Observation 4 p.18 and section 5.1 p.26; manuscript section 4.4 pp.15-16,O(n^3 m^3),,,P9
protein:1o7j.a__1wls.a:a0.5|CPS-2F,15,protein,1o7j.a__1wls.a,0.5,CPS-2F,22,22,new,output\paper_v1\coverage_extension\slots\15\attempts\coverage15_6d6dba71c8234043ad070d96c7f676bc,validated,True,True,completed search,single_dense_B,2772.0,20812.0,13.31923890063425,k*(k+2k(k-1)),"Dense indexing slots, not valid vertices",Thesis Observation 4 p.18 and section 5.1 p.26; manuscript section 4.4 pp.15-16,O(n^3 m^3),,,P9
protein:1o7j.a__1wls.a:a0.5|CPS-2F,15,protein,1o7j.a__1wls.a,0.5,CPS-2F,22,22,new,output\paper_v1\coverage_extension\slots\15\attempts\coverage15_6d6dba71c8234043ad070d96c7f676bc,validated,True,True,completed search,single_active_B,186.0,2772.0,6.70995670995671,k*(k+a),Anchored source/terminal included; single-graph construction complete,Thesis Observation 4 p.18 and section 5.1 p.26; manuscript section 4.4 pp.15-16,O(n^3 m^3),,,P9
protein:1o7j.a__1wls.a:a0.5|CPS-2F,15,protein,1o7j.a__1wls.a,0.5,CPS-2F,22,22,new,output\paper_v1\coverage_extension\slots\15\attempts\coverage15_6d6dba71c8234043ad070d96c7f676bc,validated,True,True,completed search,single_edges_with_waits_B,2993.0,17391.0,17.21005117589558,H*(H+1)/2,Unique forward transitions plus exactly H waits; completed graph,Finite derivation from chain_graph() enumeration and pruning,O(n^3 m^3),,,P9
protein:1o7j.a__1wls.a:a0.5|CPS-2F,15,protein,1o7j.a__1wls.a,0.5,CPS-2F,22,22,new,output\paper_v1\coverage_extension\slots\15\attempts\coverage15_6d6dba71c8234043ad070d96c7f676bc,validated,True,True,completed search,configuration_states_input_bound,3412.0,433139344.0,0.0007877372599059023,n*m*(n+2n(n-1))*(m+2m(m-1)),All index combinations; includes source/terminal; no hidden asymptotic constant,Thesis Observation 4 p.18 and section 5.1 p.26; manuscript section 4.4 pp.15-16,O(n^3 m^3),,,P9
protein:1o7j.a__1wls.a:a0.5|CPS-2F,15,protein,1o7j.a__1wls.a,0.5,CPS-2F,22,22,new,output\paper_v1\coverage_extension\slots\15\attempts\coverage15_6d6dba71c8234043ad070d96c7f676bc,validated,True,True,completed search,configuration_states_extended_bound,3412.0,7196112.0,0.047414492714954966,n*m*(n+aA)*(m+aB),Actual extended-curve sizes; all index combinations,Thesis Observation 4 p.18 and section 5.1 p.26; manuscript section 4.4 pp.15-16,O(n^3 m^3),,,P9
protein:1o7j.a__1wls.a:a0.5|CPS-2F,15,protein,1o7j.a__1wls.a,0.5,CPS-2F,22,22,new,output\paper_v1\coverage_extension\slots\15\attempts\coverage15_6d6dba71c8234043ad070d96c7f676bc,validated,True,True,completed search,configuration_states_active_bound,3412.0,28830.0,11.834894207422824,H_A*H_B,Completed single graphs; includes coupling-invalid combinations,Thesis Observation 4 p.18 and section 5.1 p.26; manuscript section 4.4 pp.15-16,O(n^3 m^3),,,P9
protein:1o7j.a__1wls.a:a0.5|CPS-2F,15,protein,1o7j.a__1wls.a,0.5,CPS-2F,22,22,new,output\paper_v1\coverage_extension\slots\15\attempts\coverage15_6d6dba71c8234043ad070d96c7f676bc,validated,True,True,completed search,candidate_transition_checks,351474.0,8097165.0,4.340704431736293,E_A*E_B-H_A*H_B,No duplicate single-graph entries; each product source popped once; excludes simultaneous waits,Finite derivation from solve_cps() and chain_graph(); see graph_bounds.md,O(n^3 m^3),,,P9
protein:1o7j.a__1wls.a:a0.5|CPS-2F,15,protein,1o7j.a__1wls.a,0.5,CPS-2F,22,22,new,output\paper_v1\coverage_extension\slots\15\attempts\coverage15_6d6dba71c8234043ad070d96c7f676bc,validated,True,True,completed search,unique_configuration_edges,,415570035.0,,"N*(N-1)/2, N=H_A*H_B",Product graph not materialized; no observed unique-edge count; strict forward topological order,Finite DAG counting derivation; not a transition-check measurement,O(n^3 m^3),Counter unavailable or phase not reached; historical runs not rerun,,P9
protein:1o7j.a__1wls.a:a0.5|CPS-2F,15,protein,1o7j.a__1wls.a,0.5,CPS-2F,22,22,new,output\paper_v1\coverage_extension\slots\15\attempts\coverage15_6d6dba71c8234043ad070d96c7f676bc,validated,True,True,completed search,dynamic_programming_labels,,634260.0,,n*H_A*H_B,At most n distinct A-hop counts per state; labels not instrumented,Thesis section5.1; manuscript section4.4; solve_cps values dictionaries,O(n^3 m^3),Counter unavailable or phase not reached; historical runs not rerun,,P9
protein:1o7j.a__1wls.a:a0.5|CPS-3F,16,protein,1o7j.a__1wls.a,0.5,CPS-3F,22,22,new,output\paper_v1\coverage_extension\slots\16\attempts\coverage16_bf733beeb810407eb88685f8227c4df5,validated,True,True,completed search,auxiliary_A,0.0,0.0,,0 (no auxiliary locations),Interior curve-parameter intersections; CPS-3F percentage not applicable,Thesis Observation 4 p.18 and section 5.1 p.26; manuscript section 4.4 pp.15-16,O(n^2 m^2),,Zero/non-applicable bound,P9
protein:1o7j.a__1wls.a:a0.5|CPS-3F,16,protein,1o7j.a__1wls.a,0.5,CPS-3F,22,22,new,output\paper_v1\coverage_extension\slots\16\attempts\coverage16_bf733beeb810407eb88685f8227c4df5,validated,True,True,completed search,single_dense_A,484.0,484.0,100.0,k^2,"Dense indexing slots, not valid vertices",Thesis Observation 4 p.18 and section 5.1 p.26; manuscript section 4.4 pp.15-16,O(n^2 m^2),,,P9
protein:1o7j.a__1wls.a:a0.5|CPS-3F,16,protein,1o7j.a__1wls.a,0.5,CPS-3F,22,22,new,output\paper_v1\coverage_extension\slots\16\attempts\coverage16_bf733beeb810407eb88685f8227c4df5,validated,True,True,completed search,single_active_A,28.0,484.0,5.785123966942149,k*(k+a),Anchored source/terminal included; single-graph construction complete,Thesis Observation 4 p.18 and section 5.1 p.26; manuscript section 4.4 pp.15-16,O(n^2 m^2),,,P9
protein:1o7j.a__1wls.a:a0.5|CPS-3F,16,protein,1o7j.a__1wls.a,0.5,CPS-3F,22,22,new,output\paper_v1\coverage_extension\slots\16\attempts\coverage16_bf733beeb810407eb88685f8227c4df5,validated,True,True,completed search,single_edges_with_waits_A,70.0,406.0,17.24137931034483,H*(H+1)/2,Unique forward transitions plus exactly H waits; completed graph,Finite derivation from chain_graph() enumeration and pruning,O(n^2 m^2),,,P9
protein:1o7j.a__1wls.a:a0.5|CPS-3F,16,protein,1o7j.a__1wls.a,0.5,CPS-3F,22,22,new,output\paper_v1\coverage_extension\slots\16\attempts\coverage16_bf733beeb810407eb88685f8227c4df5,validated,True,True,completed search,auxiliary_B,0.0,0.0,,0 (no auxiliary locations),Interior curve-parameter intersections; CPS-3F percentage not applicable,Thesis Observation 4 p.18 and section 5.1 p.26; manuscript section 4.4 pp.15-16,O(n^2 m^2),,Zero/non-applicable bound,P9
protein:1o7j.a__1wls.a:a0.5|CPS-3F,16,protein,1o7j.a__1wls.a,0.5,CPS-3F,22,22,new,output\paper_v1\coverage_extension\slots\16\attempts\coverage16_bf733beeb810407eb88685f8227c4df5,validated,True,True,completed search,single_dense_B,484.0,484.0,100.0,k^2,"Dense indexing slots, not valid vertices",Thesis Observation 4 p.18 and section 5.1 p.26; manuscript section 4.4 pp.15-16,O(n^2 m^2),,,P9
protein:1o7j.a__1wls.a:a0.5|CPS-3F,16,protein,1o7j.a__1wls.a,0.5,CPS-3F,22,22,new,output\paper_v1\coverage_extension\slots\16\attempts\coverage16_bf733beeb810407eb88685f8227c4df5,validated,True,True,completed search,single_active_B,24.0,484.0,4.958677685950414,k*(k+a),Anchored source/terminal included; single-graph construction complete,Thesis Observation 4 p.18 and section 5.1 p.26; manuscript section 4.4 pp.15-16,O(n^2 m^2),,,P9
protein:1o7j.a__1wls.a:a0.5|CPS-3F,16,protein,1o7j.a__1wls.a,0.5,CPS-3F,22,22,new,output\paper_v1\coverage_extension\slots\16\attempts\coverage16_bf733beeb810407eb88685f8227c4df5,validated,True,True,completed search,single_edges_with_waits_B,51.0,300.0,17.0,H*(H+1)/2,Unique forward transitions plus exactly H waits; completed graph,Finite derivation from chain_graph() enumeration and pruning,O(n^2 m^2),,,P9
protein:1o7j.a__1wls.a:a0.5|CPS-3F,16,protein,1o7j.a__1wls.a,0.5,CPS-3F,22,22,new,output\paper_v1\coverage_extension\slots\16\attempts\coverage16_bf733beeb810407eb88685f8227c4df5,validated,True,True,completed search,configuration_states_input_bound,83.0,234256.0,0.035431322997063044,n^2*m^2,All index combinations; includes source/terminal; no hidden asymptotic constant,Thesis Observation 4 p.18 and section 5.1 p.26; manuscript section 4.4 pp.15-16,O(n^2 m^2),,,P9
protein:1o7j.a__1wls.a:a0.5|CPS-3F,16,protein,1o7j.a__1wls.a,0.5,CPS-3F,22,22,new,output\paper_v1\coverage_extension\slots\16\attempts\coverage16_bf733beeb810407eb88685f8227c4df5,validated,True,True,completed search,configuration_states_active_bound,83.0,672.0,12.351190476190476,H_A*H_B,Completed single graphs; includes coupling-invalid combinations,Thesis Observation 4 p.18 and section 5.1 p.26; manuscript section 4.4 pp.15-16,O(n^2 m^2),,,P9
protein:1o7j.a__1wls.a:a0.5|CPS-3F,16,protein,1o7j.a__1wls.a,0.5,CPS-3F,22,22,new,output\paper_v1\coverage_extension\slots\16\attempts\coverage16_bf733beeb810407eb88685f8227c4df5,validated,True,True,completed search,candidate_transition_checks,226.0,2898.0,7.79848171152519,E_A*E_B-H_A*H_B,No duplicate single-graph entries; each product source popped once; excludes simultaneous waits,Finite derivation from solve_cps() and chain_graph(); see graph_bounds.md,O(n^2 m^2),,,P9
protein:1o7j.a__1wls.a:a0.5|CPS-3F,16,protein,1o7j.a__1wls.a,0.5,CPS-3F,22,22,new,output\paper_v1\coverage_extension\slots\16\attempts\coverage16_bf733beeb810407eb88685f8227c4df5,validated,True,True,completed search,unique_configuration_edges,,225456.0,,"N*(N-1)/2, N=H_A*H_B",Product graph not materialized; no observed unique-edge count; strict forward topological order,Finite DAG counting derivation; not a transition-check measurement,O(n^2 m^2),Counter unavailable or phase not reached; historical runs not rerun,,P9
protein:1o7j.a__1wls.a:a0.5|CPS-3F,16,protein,1o7j.a__1wls.a,0.5,CPS-3F,22,22,new,output\paper_v1\coverage_extension\slots\16\attempts\coverage16_bf733beeb810407eb88685f8227c4df5,validated,True,True,completed search,dynamic_programming_labels,,14784.0,,n*H_A*H_B,At most n distinct A-hop counts per state; labels not instrumented,Thesis section5.1; manuscript section4.4; solve_cps values dictionaries,O(n^2 m^2),Counter unavailable or phase not reached; historical runs not rerun,,P9
protein:1o7j.a__2eq5.a:a0.5|CPS-2F,19,protein,1o7j.a__2eq5.a,0.5,CPS-2F,22,15,new,output\paper_v1\coverage_extension\slots\19\attempts\coverage19_2a8ba5eb34294f84ab6d2c2c6d7fce1b,validated,True,True,completed search,auxiliary_A,96.0,924.0,10.38961038961039,2 k(k-1),Interior curve-parameter intersections; CPS-3F percentage not applicable,Thesis Observation 4 p.18 and section 5.1 p.26; manuscript section 4.4 pp.15-16,O(n^3 m^3),,,P10
protein:1o7j.a__2eq5.a:a0.5|CPS-2F,19,protein,1o7j.a__2eq5.a,0.5,CPS-2F,22,15,new,output\paper_v1\coverage_extension\slots\19\attempts\coverage19_2a8ba5eb34294f84ab6d2c2c6d7fce1b,validated,True,True,completed search,single_dense_A,2596.0,20812.0,12.473572938689218,k*(k+2k(k-1)),"Dense indexing slots, not valid vertices",Thesis Observation 4 p.18 and section 5.1 p.26; manuscript section 4.4 pp.15-16,O(n^3 m^3),,,P10
protein:1o7j.a__2eq5.a:a0.5|CPS-2F,19,protein,1o7j.a__2eq5.a,0.5,CPS-2F,22,15,new,output\paper_v1\coverage_extension\slots\19\attempts\coverage19_2a8ba5eb34294f84ab6d2c2c6d7fce1b,validated,True,True,completed search,single_active_A,155.0,2596.0,5.970724191063174,k*(k+a),Anchored source/terminal included; single-graph construction complete,Thesis Observation 4 p.18 and section 5.1 p.26; manuscript section 4.4 pp.15-16,O(n^3 m^3),,,P10
protein:1o7j.a__2eq5.a:a0.5|CPS-2F,19,protein,1o7j.a__2eq5.a,0.5,CPS-2F,22,15,new,output\paper_v1\coverage_extension\slots\19\attempts\coverage19_2a8ba5eb34294f84ab6d2c2c6d7fce1b,validated,True,True,completed search,single_edges_with_waits_A,2715.0,12090.0,22.456575682382134,H*(H+1)/2,Unique forward transitions plus exactly H waits; completed graph,Finite derivation from chain_graph() enumeration and pruning,O(n^3 m^3),,,P10
protein:1o7j.a__2eq5.a:a0.5|CPS-2F,19,protein,1o7j.a__2eq5.a,0.5,CPS-2F,22,15,new,output\paper_v1\coverage_extension\slots\19\attempts\coverage19_2a8ba5eb34294f84ab6d2c2c6d7fce1b,validated,True,True,completed search,auxiliary_B,45.0,420.0,10.714285714285714,2 k(k-1),Interior curve-parameter intersections; CPS-3F percentage not applicable,Thesis Observation 4 p.18 and section 5.1 p.26; manuscript section 4.4 pp.15-16,O(n^3 m^3),,,P10
protein:1o7j.a__2eq5.a:a0.5|CPS-2F,19,protein,1o7j.a__2eq5.a,0.5,CPS-2F,22,15,new,output\paper_v1\coverage_extension\slots\19\attempts\coverage19_2a8ba5eb34294f84ab6d2c2c6d7fce1b,validated,True,True,completed search,single_dense_B,900.0,6525.0,13.793103448275861,k*(k+2k(k-1)),"Dense indexing slots, not valid vertices",Thesis Observation 4 p.18 and section 5.1 p.26; manuscript section 4.4 pp.15-16,O(n^3 m^3),,,P10
protein:1o7j.a__2eq5.a:a0.5|CPS-2F,19,protein,1o7j.a__2eq5.a,0.5,CPS-2F,22,15,new,output\paper_v1\coverage_extension\slots\19\attempts\coverage19_2a8ba5eb34294f84ab6d2c2c6d7fce1b,validated,True,True,completed search,single_active_B,76.0,900.0,8.444444444444445,k*(k+a),Anchored source/terminal included; single-graph construction complete,Thesis Observation 4 p.18 and section 5.1 p.26; manuscript section 4.4 pp.15-16,O(n^3 m^3),,,P10
protein:1o7j.a__2eq5.a:a0.5|CPS-2F,19,protein,1o7j.a__2eq5.a,0.5,CPS-2F,22,15,new,output\paper_v1\coverage_extension\slots\19\attempts\coverage19_2a8ba5eb34294f84ab6d2c2c6d7fce1b,validated,True,True,completed search,single_edges_with_waits_B,737.0,2926.0,25.18796992481203,H*(H+1)/2,Unique forward transitions plus exactly H waits; completed graph,Finite derivation from chain_graph() enumeration and pruning,O(n^3 m^3),,,P10
protein:1o7j.a__2eq5.a:a0.5|CPS-2F,19,protein,1o7j.a__2eq5.a,0.5,CPS-2F,22,15,new,output\paper_v1\coverage_extension\slots\19\attempts\coverage19_2a8ba5eb34294f84ab6d2c2c6d7fce1b,validated,True,True,completed search,configuration_states_input_bound,9606.0,135798300.0,0.0070737262543050985,n*m*(n+2n(n-1))*(m+2m(m-1)),All index combinations; includes source/terminal; no hidden asymptotic constant,Thesis Observation 4 p.18 and section 5.1 p.26; manuscript section 4.4 pp.15-16,O(n^3 m^3),,,P10
protein:1o7j.a__2eq5.a:a0.5|CPS-2F,19,protein,1o7j.a__2eq5.a,0.5,CPS-2F,22,15,new,output\paper_v1\coverage_extension\slots\19\attempts\coverage19_2a8ba5eb34294f84ab6d2c2c6d7fce1b,validated,True,True,completed search,configuration_states_extended_bound,9606.0,2336400.0,0.4111453518233179,n*m*(n+aA)*(m+aB),Actual extended-curve sizes; all index combinations,Thesis Observation 4 p.18 and section 5.1 p.26; manuscript section 4.4 pp.15-16,O(n^3 m^3),,,P10
protein:1o7j.a__2eq5.a:a0.5|CPS-2F,19,protein,1o7j.a__2eq5.a,0.5,CPS-2F,22,15,new,output\paper_v1\coverage_extension\slots\19\attempts\coverage19_2a8ba5eb34294f84ab6d2c2c6d7fce1b,validated,True,True,completed search,configuration_states_active_bound,9606.0,11780.0,81.54499151103565,H_A*H_B,Completed single graphs; includes coupling-invalid combinations,Thesis Observation 4 p.18 and section 5.1 p.26; manuscript section 4.4 pp.15-16,O(n^3 m^3),,,P10
protein:1o7j.a__2eq5.a:a0.5|CPS-2F,19,protein,1o7j.a__2eq5.a,0.5,CPS-2F,22,15,new,output\paper_v1\coverage_extension\slots\19\attempts\coverage19_2a8ba5eb34294f84ab6d2c2c6d7fce1b,validated,True,True,completed search,candidate_transition_checks,1468313.0,1989175.0,73.81517463269948,E_A*E_B-H_A*H_B,No duplicate single-graph entries; each product source popped once; excludes simultaneous waits,Finite derivation from solve_cps() and chain_graph(); see graph_bounds.md,O(n^3 m^3),,,P10
protein:1o7j.a__2eq5.a:a0.5|CPS-2F,19,protein,1o7j.a__2eq5.a,0.5,CPS-2F,22,15,new,output\paper_v1\coverage_extension\slots\19\attempts\coverage19_2a8ba5eb34294f84ab6d2c2c6d7fce1b,validated,True,True,completed search,unique_configuration_edges,,69378310.0,,"N*(N-1)/2, N=H_A*H_B",Product graph not materialized; no observed unique-edge count; strict forward topological order,Finite DAG counting derivation; not a transition-check measurement,O(n^3 m^3),Counter unavailable or phase not reached; historical runs not rerun,,P10
protein:1o7j.a__2eq5.a:a0.5|CPS-2F,19,protein,1o7j.a__2eq5.a,0.5,CPS-2F,22,15,new,output\paper_v1\coverage_extension\slots\19\attempts\coverage19_2a8ba5eb34294f84ab6d2c2c6d7fce1b,validated,True,True,completed search,dynamic_programming_labels,,259160.0,,n*H_A*H_B,At most n distinct A-hop counts per state; labels not instrumented,Thesis section5.1; manuscript section4.4; solve_cps values dictionaries,O(n^3 m^3),Counter unavailable or phase not reached; historical runs not rerun,,P10
protein:1o7j.a__2eq5.a:a0.5|CPS-3F,20,protein,1o7j.a__2eq5.a,0.5,CPS-3F,22,15,new,output\paper_v1\coverage_extension\slots\20\attempts\coverage20_892755f8079b42358bd7ac263683db50,validated,True,True,completed search,auxiliary_A,0.0,0.0,,0 (no auxiliary locations),Interior curve-parameter intersections; CPS-3F percentage not applicable,Thesis Observation 4 p.18 and section 5.1 p.26; manuscript section 4.4 pp.15-16,O(n^2 m^2),,Zero/non-applicable bound,P10
protein:1o7j.a__2eq5.a:a0.5|CPS-3F,20,protein,1o7j.a__2eq5.a,0.5,CPS-3F,22,15,new,output\paper_v1\coverage_extension\slots\20\attempts\coverage20_892755f8079b42358bd7ac263683db50,validated,True,True,completed search,single_dense_A,484.0,484.0,100.0,k^2,"Dense indexing slots, not valid vertices",Thesis Observation 4 p.18 and section 5.1 p.26; manuscript section 4.4 pp.15-16,O(n^2 m^2),,,P10
protein:1o7j.a__2eq5.a:a0.5|CPS-3F,20,protein,1o7j.a__2eq5.a,0.5,CPS-3F,22,15,new,output\paper_v1\coverage_extension\slots\20\attempts\coverage20_892755f8079b42358bd7ac263683db50,validated,True,True,completed search,single_active_A,28.0,484.0,5.785123966942149,k*(k+a),Anchored source/terminal included; single-graph construction complete,Thesis Observation 4 p.18 and section 5.1 p.26; manuscript section 4.4 pp.15-16,O(n^2 m^2),,,P10
protein:1o7j.a__2eq5.a:a0.5|CPS-3F,20,protein,1o7j.a__2eq5.a,0.5,CPS-3F,22,15,new,output\paper_v1\coverage_extension\slots\20\attempts\coverage20_892755f8079b42358bd7ac263683db50,validated,True,True,completed search,single_edges_with_waits_A,70.0,406.0,17.24137931034483,H*(H+1)/2,Unique forward transitions plus exactly H waits; completed graph,Finite derivation from chain_graph() enumeration and pruning,O(n^2 m^2),,,P10
protein:1o7j.a__2eq5.a:a0.5|CPS-3F,20,protein,1o7j.a__2eq5.a,0.5,CPS-3F,22,15,new,output\paper_v1\coverage_extension\slots\20\attempts\coverage20_892755f8079b42358bd7ac263683db50,validated,True,True,completed search,auxiliary_B,0.0,0.0,,0 (no auxiliary locations),Interior curve-parameter intersections; CPS-3F percentage not applicable,Thesis Observation 4 p.18 and section 5.1 p.26; manuscript section 4.4 pp.15-16,O(n^2 m^2),,Zero/non-applicable bound,P10
protein:1o7j.a__2eq5.a:a0.5|CPS-3F,20,protein,1o7j.a__2eq5.a,0.5,CPS-3F,22,15,new,output\paper_v1\coverage_extension\slots\20\attempts\coverage20_892755f8079b42358bd7ac263683db50,validated,True,True,completed search,single_dense_B,225.0,225.0,100.0,k^2,"Dense indexing slots, not valid vertices",Thesis Observation 4 p.18 and section 5.1 p.26; manuscript section 4.4 pp.15-16,O(n^2 m^2),,,P10
protein:1o7j.a__2eq5.a:a0.5|CPS-3F,20,protein,1o7j.a__2eq5.a,0.5,CPS-3F,22,15,new,output\paper_v1\coverage_extension\slots\20\attempts\coverage20_892755f8079b42358bd7ac263683db50,validated,True,True,completed search,single_active_B,17.0,225.0,7.555555555555555,k*(k+a),Anchored source/terminal included; single-graph construction complete,Thesis Observation 4 p.18 and section 5.1 p.26; manuscript section 4.4 pp.15-16,O(n^2 m^2),,,P10
protein:1o7j.a__2eq5.a:a0.5|CPS-3F,20,protein,1o7j.a__2eq5.a,0.5,CPS-3F,22,15,new,output\paper_v1\coverage_extension\slots\20\attempts\coverage20_892755f8079b42358bd7ac263683db50,validated,True,True,completed search,single_edges_with_waits_B,37.0,153.0,24.18300653594771,H*(H+1)/2,Unique forward transitions plus exactly H waits; completed graph,Finite derivation from chain_graph() enumeration and pruning,O(n^2 m^2),,,P10
protein:1o7j.a__2eq5.a:a0.5|CPS-3F,20,protein,1o7j.a__2eq5.a,0.5,CPS-3F,22,15,new,output\paper_v1\coverage_extension\slots\20\attempts\coverage20_892755f8079b42358bd7ac263683db50,validated,True,True,completed search,configuration_states_input_bound,376.0,108900.0,0.34527089072543615,n^2*m^2,All index combinations; includes source/terminal; no hidden asymptotic constant,Thesis Observation 4 p.18 and section 5.1 p.26; manuscript section 4.4 pp.15-16,O(n^2 m^2),,,P10
protein:1o7j.a__2eq5.a:a0.5|CPS-3F,20,protein,1o7j.a__2eq5.a,0.5,CPS-3F,22,15,new,output\paper_v1\coverage_extension\slots\20\attempts\coverage20_892755f8079b42358bd7ac263683db50,validated,True,True,completed search,configuration_states_active_bound,376.0,476.0,78.99159663865547,H_A*H_B,Completed single graphs; includes coupling-invalid combinations,Thesis Observation 4 p.18 and section 5.1 p.26; manuscript section 4.4 pp.15-16,O(n^2 m^2),,,P10
protein:1o7j.a__2eq5.a:a0.5|CPS-3F,20,protein,1o7j.a__2eq5.a,0.5,CPS-3F,22,15,new,output\paper_v1\coverage_extension\slots\20\attempts\coverage20_892755f8079b42358bd7ac263683db50,validated,True,True,completed search,candidate_transition_checks,1550.0,2114.0,73.32071901608326,E_A*E_B-H_A*H_B,No duplicate single-graph entries; each product source popped once; excludes simultaneous waits,Finite derivation from solve_cps() and chain_graph(); see graph_bounds.md,O(n^2 m^2),,,P10
protein:1o7j.a__2eq5.a:a0.5|CPS-3F,20,protein,1o7j.a__2eq5.a,0.5,CPS-3F,22,15,new,output\paper_v1\coverage_extension\slots\20\attempts\coverage20_892755f8079b42358bd7ac263683db50,validated,True,True,completed search,unique_configuration_edges,,113050.0,,"N*(N-1)/2, N=H_A*H_B",Product graph not materialized; no observed unique-edge count; strict forward topological order,Finite DAG counting derivation; not a transition-check measurement,O(n^2 m^2),Counter unavailable or phase not reached; historical runs not rerun,,P10
protein:1o7j.a__2eq5.a:a0.5|CPS-3F,20,protein,1o7j.a__2eq5.a,0.5,CPS-3F,22,15,new,output\paper_v1\coverage_extension\slots\20\attempts\coverage20_892755f8079b42358bd7ac263683db50,validated,True,True,completed search,dynamic_programming_labels,,10472.0,,n*H_A*H_B,At most n distinct A-hop counts per state; labels not instrumented,Thesis section5.1; manuscript section4.4; solve_cps values dictionaries,O(n^2 m^2),Counter unavailable or phase not reached; historical runs not rerun,,P10
protein:1o7j.a__2zsk.a:a0.5|CPS-2F,23,protein,1o7j.a__2zsk.a,0.5,CPS-2F,22,16,new,output\paper_v1\coverage_extension\slots\23\attempts\coverage23_53501d6800ad40f29d6023390210ffa3,validated,True,True,completed search,auxiliary_A,96.0,924.0,10.38961038961039,2 k(k-1),Interior curve-parameter intersections; CPS-3F percentage not applicable,Thesis Observation 4 p.18 and section 5.1 p.26; manuscript section 4.4 pp.15-16,O(n^3 m^3),,,P11
protein:1o7j.a__2zsk.a:a0.5|CPS-2F,23,protein,1o7j.a__2zsk.a,0.5,CPS-2F,22,16,new,output\paper_v1\coverage_extension\slots\23\attempts\coverage23_53501d6800ad40f29d6023390210ffa3,validated,True,True,completed search,single_dense_A,2596.0,20812.0,12.473572938689218,k*(k+2k(k-1)),"Dense indexing slots, not valid vertices",Thesis Observation 4 p.18 and section 5.1 p.26; manuscript section 4.4 pp.15-16,O(n^3 m^3),,,P11
protein:1o7j.a__2zsk.a:a0.5|CPS-2F,23,protein,1o7j.a__2zsk.a,0.5,CPS-2F,22,16,new,output\paper_v1\coverage_extension\slots\23\attempts\coverage23_53501d6800ad40f29d6023390210ffa3,validated,True,True,completed search,single_active_A,155.0,2596.0,5.970724191063174,k*(k+a),Anchored source/terminal included; single-graph construction complete,Thesis Observation 4 p.18 and section 5.1 p.26; manuscript section 4.4 pp.15-16,O(n^3 m^3),,,P11
protein:1o7j.a__2zsk.a:a0.5|CPS-2F,23,protein,1o7j.a__2zsk.a,0.5,CPS-2F,22,16,new,output\paper_v1\coverage_extension\slots\23\attempts\coverage23_53501d6800ad40f29d6023390210ffa3,validated,True,True,completed search,single_edges_with_waits_A,2715.0,12090.0,22.456575682382134,H*(H+1)/2,Unique forward transitions plus exactly H waits; completed graph,Finite derivation from chain_graph() enumeration and pruning,O(n^3 m^3),,,P11
protein:1o7j.a__2zsk.a:a0.5|CPS-2F,23,protein,1o7j.a__2zsk.a,0.5,CPS-2F,22,16,new,output\paper_v1\coverage_extension\slots\23\attempts\coverage23_53501d6800ad40f29d6023390210ffa3,validated,True,True,completed search,auxiliary_B,56.0,480.0,11.666666666666666,2 k(k-1),Interior curve-parameter intersections; CPS-3F percentage not applicable,Thesis Observation 4 p.18 and section 5.1 p.26; manuscript section 4.4 pp.15-16,O(n^3 m^3),,,P11
protein:1o7j.a__2zsk.a:a0.5|CPS-2F,23,protein,1o7j.a__2zsk.a,0.5,CPS-2F,22,16,new,output\paper_v1\coverage_extension\slots\23\attempts\coverage23_53501d6800ad40f29d6023390210ffa3,validated,True,True,completed search,single_dense_B,1152.0,7936.0,14.516129032258064,k*(k+2k(k-1)),"Dense indexing slots, not valid vertices",Thesis Observation 4 p.18 and section 5.1 p.26; manuscript section 4.4 pp.15-16,O(n^3 m^3),,,P11
protein:1o7j.a__2zsk.a:a0.5|CPS-2F,23,protein,1o7j.a__2zsk.a,0.5,CPS-2F,22,16,new,output\paper_v1\coverage_extension\slots\23\attempts\coverage23_53501d6800ad40f29d6023390210ffa3,validated,True,True,completed search,single_active_B,86.0,1152.0,7.465277777777778,k*(k+a),Anchored source/terminal included; single-graph construction complete,Thesis Observation 4 p.18 and section 5.1 p.26; manuscript section 4.4 pp.15-16,O(n^3 m^3),,,P11
protein:1o7j.a__2zsk.a:a0.5|CPS-2F,23,protein,1o7j.a__2zsk.a,0.5,CPS-2F,22,16,new,output\paper_v1\coverage_extension\slots\23\attempts\coverage23_53501d6800ad40f29d6023390210ffa3,validated,True,True,completed search,single_edges_with_waits_B,843.0,3741.0,22.534081796311145,H*(H+1)/2,Unique forward transitions plus exactly H waits; completed graph,Finite derivation from chain_graph() enumeration and pruning,O(n^3 m^3),,,P11
protein:1o7j.a__2zsk.a:a0.5|CPS-2F,23,protein,1o7j.a__2zsk.a,0.5,CPS-2F,22,16,new,output\paper_v1\coverage_extension\slots\23\attempts\coverage23_53501d6800ad40f29d6023390210ffa3,validated,True,True,completed search,configuration_states_input_bound,10795.0,165164032.0,0.006535926659867446,n*m*(n+2n(n-1))*(m+2m(m-1)),All index combinations; includes source/terminal; no hidden asymptotic constant,Thesis Observation 4 p.18 and section 5.1 p.26; manuscript section 4.4 pp.15-16,O(n^3 m^3),,,P11
protein:1o7j.a__2zsk.a:a0.5|CPS-2F,23,protein,1o7j.a__2zsk.a,0.5,CPS-2F,22,16,new,output\paper_v1\coverage_extension\slots\23\attempts\coverage23_53501d6800ad40f29d6023390210ffa3,validated,True,True,completed search,configuration_states_extended_bound,10795.0,2990592.0,0.36096532057866804,n*m*(n+aA)*(m+aB),Actual extended-curve sizes; all index combinations,Thesis Observation 4 p.18 and section 5.1 p.26; manuscript section 4.4 pp.15-16,O(n^3 m^3),,,P11
protein:1o7j.a__2zsk.a:a0.5|CPS-2F,23,protein,1o7j.a__2zsk.a,0.5,CPS-2F,22,16,new,output\paper_v1\coverage_extension\slots\23\attempts\coverage23_53501d6800ad40f29d6023390210ffa3,validated,True,True,completed search,configuration_states_active_bound,10795.0,13330.0,80.98274568642161,H_A*H_B,Completed single graphs; includes coupling-invalid combinations,Thesis Observation 4 p.18 and section 5.1 p.26; manuscript section 4.4 pp.15-16,O(n^3 m^3),,,P11
protein:1o7j.a__2zsk.a:a0.5|CPS-2F,23,protein,1o7j.a__2zsk.a,0.5,CPS-2F,22,16,new,output\paper_v1\coverage_extension\slots\23\attempts\coverage23_53501d6800ad40f29d6023390210ffa3,validated,True,True,completed search,candidate_transition_checks,1512919.0,2275415.0,66.48980515642201,E_A*E_B-H_A*H_B,No duplicate single-graph entries; each product source popped once; excludes simultaneous waits,Finite derivation from solve_cps() and chain_graph(); see graph_bounds.md,O(n^3 m^3),,,P11
protein:1o7j.a__2zsk.a:a0.5|CPS-2F,23,protein,1o7j.a__2zsk.a,0.5,CPS-2F,22,16,new,output\paper_v1\coverage_extension\slots\23\attempts\coverage23_53501d6800ad40f29d6023390210ffa3,validated,True,True,completed search,unique_configuration_edges,,88837785.0,,"N*(N-1)/2, N=H_A*H_B",Product graph not materialized; no observed unique-edge count; strict forward topological order,Finite DAG counting derivation; not a transition-check measurement,O(n^3 m^3),Counter unavailable or phase not reached; historical runs not rerun,,P11
protein:1o7j.a__2zsk.a:a0.5|CPS-2F,23,protein,1o7j.a__2zsk.a,0.5,CPS-2F,22,16,new,output\paper_v1\coverage_extension\slots\23\attempts\coverage23_53501d6800ad40f29d6023390210ffa3,validated,True,True,completed search,dynamic_programming_labels,,293260.0,,n*H_A*H_B,At most n distinct A-hop counts per state; labels not instrumented,Thesis section5.1; manuscript section4.4; solve_cps values dictionaries,O(n^3 m^3),Counter unavailable or phase not reached; historical runs not rerun,,P11
protein:1o7j.a__2zsk.a:a0.5|CPS-3F,24,protein,1o7j.a__2zsk.a,0.5,CPS-3F,22,16,new,output\paper_v1\coverage_extension\slots\24\attempts\coverage24_d75f107610ba40c2b62cf918565a8972,validated,True,True,completed search,auxiliary_A,0.0,0.0,,0 (no auxiliary locations),Interior curve-parameter intersections; CPS-3F percentage not applicable,Thesis Observation 4 p.18 and section 5.1 p.26; manuscript section 4.4 pp.15-16,O(n^2 m^2),,Zero/non-applicable bound,P11
protein:1o7j.a__2zsk.a:a0.5|CPS-3F,24,protein,1o7j.a__2zsk.a,0.5,CPS-3F,22,16,new,output\paper_v1\coverage_extension\slots\24\attempts\coverage24_d75f107610ba40c2b62cf918565a8972,validated,True,True,completed search,single_dense_A,484.0,484.0,100.0,k^2,"Dense indexing slots, not valid vertices",Thesis Observation 4 p.18 and section 5.1 p.26; manuscript section 4.4 pp.15-16,O(n^2 m^2),,,P11
protein:1o7j.a__2zsk.a:a0.5|CPS-3F,24,protein,1o7j.a__2zsk.a,0.5,CPS-3F,22,16,new,output\paper_v1\coverage_extension\slots\24\attempts\coverage24_d75f107610ba40c2b62cf918565a8972,validated,True,True,completed search,single_active_A,28.0,484.0,5.785123966942149,k*(k+a),Anchored source/terminal included; single-graph construction complete,Thesis Observation 4 p.18 and section 5.1 p.26; manuscript section 4.4 pp.15-16,O(n^2 m^2),,,P11
protein:1o7j.a__2zsk.a:a0.5|CPS-3F,24,protein,1o7j.a__2zsk.a,0.5,CPS-3F,22,16,new,output\paper_v1\coverage_extension\slots\24\attempts\coverage24_d75f107610ba40c2b62cf918565a8972,validated,True,True,completed search,single_edges_with_waits_A,70.0,406.0,17.24137931034483,H*(H+1)/2,Unique forward transitions plus exactly H waits; completed graph,Finite derivation from chain_graph() enumeration and pruning,O(n^2 m^2),,,P11
protein:1o7j.a__2zsk.a:a0.5|CPS-3F,24,protein,1o7j.a__2zsk.a,0.5,CPS-3F,22,16,new,output\paper_v1\coverage_extension\slots\24\attempts\coverage24_d75f107610ba40c2b62cf918565a8972,validated,True,True,completed search,auxiliary_B,0.0,0.0,,0 (no auxiliary locations),Interior curve-parameter intersections; CPS-3F percentage not applicable,Thesis Observation 4 p.18 and section 5.1 p.26; manuscript section 4.4 pp.15-16,O(n^2 m^2),,Zero/non-applicable bound,P11
protein:1o7j.a__2zsk.a:a0.5|CPS-3F,24,protein,1o7j.a__2zsk.a,0.5,CPS-3F,22,16,new,output\paper_v1\coverage_extension\slots\24\attempts\coverage24_d75f107610ba40c2b62cf918565a8972,validated,True,True,completed search,single_dense_B,256.0,256.0,100.0,k^2,"Dense indexing slots, not valid vertices",Thesis Observation 4 p.18 and section 5.1 p.26; manuscript section 4.4 pp.15-16,O(n^2 m^2),,,P11
protein:1o7j.a__2zsk.a:a0.5|CPS-3F,24,protein,1o7j.a__2zsk.a,0.5,CPS-3F,22,16,new,output\paper_v1\coverage_extension\slots\24\attempts\coverage24_d75f107610ba40c2b62cf918565a8972,validated,True,True,completed search,single_active_B,18.0,256.0,7.03125,k*(k+a),Anchored source/terminal included; single-graph construction complete,Thesis Observation 4 p.18 and section 5.1 p.26; manuscript section 4.4 pp.15-16,O(n^2 m^2),,,P11
protein:1o7j.a__2zsk.a:a0.5|CPS-3F,24,protein,1o7j.a__2zsk.a,0.5,CPS-3F,22,16,new,output\paper_v1\coverage_extension\slots\24\attempts\coverage24_d75f107610ba40c2b62cf918565a8972,validated,True,True,completed search,single_edges_with_waits_B,38.0,171.0,22.22222222222222,H*(H+1)/2,Unique forward transitions plus exactly H waits; completed graph,Finite derivation from chain_graph() enumeration and pruning,O(n^2 m^2),,,P11
protein:1o7j.a__2zsk.a:a0.5|CPS-3F,24,protein,1o7j.a__2zsk.a,0.5,CPS-3F,22,16,new,output\paper_v1\coverage_extension\slots\24\attempts\coverage24_d75f107610ba40c2b62cf918565a8972,validated,True,True,completed search,configuration_states_input_bound,389.0,123904.0,0.3139527376033058,n^2*m^2,All index combinations; includes source/terminal; no hidden asymptotic constant,Thesis Observation 4 p.18 and section 5.1 p.26; manuscript section 4.4 pp.15-16,O(n^2 m^2),,,P11
protein:1o7j.a__2zsk.a:a0.5|CPS-3F,24,protein,1o7j.a__2zsk.a,0.5,CPS-3F,22,16,new,output\paper_v1\coverage_extension\slots\24\attempts\coverage24_d75f107610ba40c2b62cf918565a8972,validated,True,True,completed search,configuration_states_active_bound,389.0,504.0,77.18253968253968,H_A*H_B,Completed single graphs; includes coupling-invalid combinations,Thesis Observation 4 p.18 and section 5.1 p.26; manuscript section 4.4 pp.15-16,O(n^2 m^2),,,P11
protein:1o7j.a__2zsk.a:a0.5|CPS-3F,24,protein,1o7j.a__2zsk.a,0.5,CPS-3F,22,16,new,output\paper_v1\coverage_extension\slots\24\attempts\coverage24_d75f107610ba40c2b62cf918565a8972,validated,True,True,completed search,candidate_transition_checks,1470.0,2156.0,68.18181818181819,E_A*E_B-H_A*H_B,No duplicate single-graph entries; each product source popped once; excludes simultaneous waits,Finite derivation from solve_cps() and chain_graph(); see graph_bounds.md,O(n^2 m^2),,,P11
protein:1o7j.a__2zsk.a:a0.5|CPS-3F,24,protein,1o7j.a__2zsk.a,0.5,CPS-3F,22,16,new,output\paper_v1\coverage_extension\slots\24\attempts\coverage24_d75f107610ba40c2b62cf918565a8972,validated,True,True,completed search,unique_configuration_edges,,126756.0,,"N*(N-1)/2, N=H_A*H_B",Product graph not materialized; no observed unique-edge count; strict forward topological order,Finite DAG counting derivation; not a transition-check measurement,O(n^2 m^2),Counter unavailable or phase not reached; historical runs not rerun,,P11
protein:1o7j.a__2zsk.a:a0.5|CPS-3F,24,protein,1o7j.a__2zsk.a,0.5,CPS-3F,22,16,new,output\paper_v1\coverage_extension\slots\24\attempts\coverage24_d75f107610ba40c2b62cf918565a8972,validated,True,True,completed search,dynamic_programming_labels,,11088.0,,n*H_A*H_B,At most n distinct A-hop counts per state; labels not instrumented,Thesis section5.1; manuscript section4.4; solve_cps values dictionaries,O(n^2 m^2),Counter unavailable or phase not reached; historical runs not rerun,,P11
protein:1o7j.a__1zq1.a:a0.5|CPS-2F,27,protein,1o7j.a__1zq1.a,0.5,CPS-2F,22,29,new,output\paper_v1\coverage_extension\slots\27\attempts\coverage27_cbb21cb995de4210aef66e964765c41a,validated,True,True,completed search,auxiliary_A,96.0,924.0,10.38961038961039,2 k(k-1),Interior curve-parameter intersections; CPS-3F percentage not applicable,Thesis Observation 4 p.18 and section 5.1 p.26; manuscript section 4.4 pp.15-16,O(n^3 m^3),,,P12
protein:1o7j.a__1zq1.a:a0.5|CPS-2F,27,protein,1o7j.a__1zq1.a,0.5,CPS-2F,22,29,new,output\paper_v1\coverage_extension\slots\27\attempts\coverage27_cbb21cb995de4210aef66e964765c41a,validated,True,True,completed search,single_dense_A,2596.0,20812.0,12.473572938689218,k*(k+2k(k-1)),"Dense indexing slots, not valid vertices",Thesis Observation 4 p.18 and section 5.1 p.26; manuscript section 4.4 pp.15-16,O(n^3 m^3),,,P12
protein:1o7j.a__1zq1.a:a0.5|CPS-2F,27,protein,1o7j.a__1zq1.a,0.5,CPS-2F,22,29,new,output\paper_v1\coverage_extension\slots\27\attempts\coverage27_cbb21cb995de4210aef66e964765c41a,validated,True,True,completed search,single_active_A,155.0,2596.0,5.970724191063174,k*(k+a),Anchored source/terminal included; single-graph construction complete,Thesis Observation 4 p.18 and section 5.1 p.26; manuscript section 4.4 pp.15-16,O(n^3 m^3),,,P12
protein:1o7j.a__1zq1.a:a0.5|CPS-2F,27,protein,1o7j.a__1zq1.a,0.5,CPS-2F,22,29,new,output\paper_v1\coverage_extension\slots\27\attempts\coverage27_cbb21cb995de4210aef66e964765c41a,validated,True,True,completed search,single_edges_with_waits_A,2715.0,12090.0,22.456575682382134,H*(H+1)/2,Unique forward transitions plus exactly H waits; completed graph,Finite derivation from chain_graph() enumeration and pruning,O(n^3 m^3),,,P12
protein:1o7j.a__1zq1.a:a0.5|CPS-2F,27,protein,1o7j.a__1zq1.a,0.5,CPS-2F,22,29,new,output\paper_v1\coverage_extension\slots\27\attempts\coverage27_cbb21cb995de4210aef66e964765c41a,validated,True,True,completed search,auxiliary_B,113.0,1624.0,6.958128078817734,2 k(k-1),Interior curve-parameter intersections; CPS-3F percentage not applicable,Thesis Observation 4 p.18 and section 5.1 p.26; manuscript section 4.4 pp.15-16,O(n^3 m^3),,,P12
protein:1o7j.a__1zq1.a:a0.5|CPS-2F,27,protein,1o7j.a__1zq1.a,0.5,CPS-2F,22,29,new,output\paper_v1\coverage_extension\slots\27\attempts\coverage27_cbb21cb995de4210aef66e964765c41a,validated,True,True,completed search,single_dense_B,4118.0,47937.0,8.590441621294616,k*(k+2k(k-1)),"Dense indexing slots, not valid vertices",Thesis Observation 4 p.18 and section 5.1 p.26; manuscript section 4.4 pp.15-16,O(n^3 m^3),,,P12
protein:1o7j.a__1zq1.a:a0.5|CPS-2F,27,protein,1o7j.a__1zq1.a,0.5,CPS-2F,22,29,new,output\paper_v1\coverage_extension\slots\27\attempts\coverage27_cbb21cb995de4210aef66e964765c41a,validated,True,True,completed search,single_active_B,194.0,4118.0,4.711024769305488,k*(k+a),Anchored source/terminal included; single-graph construction complete,Thesis Observation 4 p.18 and section 5.1 p.26; manuscript section 4.4 pp.15-16,O(n^3 m^3),,,P12
protein:1o7j.a__1zq1.a:a0.5|CPS-2F,27,protein,1o7j.a__1zq1.a,0.5,CPS-2F,22,29,new,output\paper_v1\coverage_extension\slots\27\attempts\coverage27_cbb21cb995de4210aef66e964765c41a,validated,True,True,completed search,single_edges_with_waits_B,2665.0,18915.0,14.0893470790378,H*(H+1)/2,Unique forward transitions plus exactly H waits; completed graph,Finite derivation from chain_graph() enumeration and pruning,O(n^3 m^3),,,P12
protein:1o7j.a__1zq1.a:a0.5|CPS-2F,27,protein,1o7j.a__1zq1.a,0.5,CPS-2F,22,29,new,output\paper_v1\coverage_extension\slots\27\attempts\coverage27_cbb21cb995de4210aef66e964765c41a,validated,True,True,completed search,configuration_states_input_bound,27689.0,997664844.0,0.0027753809474717742,n*m*(n+2n(n-1))*(m+2m(m-1)),All index combinations; includes source/terminal; no hidden asymptotic constant,Thesis Observation 4 p.18 and section 5.1 p.26; manuscript section 4.4 pp.15-16,O(n^3 m^3),,,P12
protein:1o7j.a__1zq1.a:a0.5|CPS-2F,27,protein,1o7j.a__1zq1.a,0.5,CPS-2F,22,29,new,output\paper_v1\coverage_extension\slots\27\attempts\coverage27_cbb21cb995de4210aef66e964765c41a,validated,True,True,completed search,configuration_states_extended_bound,27689.0,10690328.0,0.2590098264524718,n*m*(n+aA)*(m+aB),Actual extended-curve sizes; all index combinations,Thesis Observation 4 p.18 and section 5.1 p.26; manuscript section 4.4 pp.15-16,O(n^3 m^3),,,P12
protein:1o7j.a__1zq1.a:a0.5|CPS-2F,27,protein,1o7j.a__1zq1.a,0.5,CPS-2F,22,29,new,output\paper_v1\coverage_extension\slots\27\attempts\coverage27_cbb21cb995de4210aef66e964765c41a,validated,True,True,completed search,configuration_states_active_bound,27689.0,30070.0,92.08180911207184,H_A*H_B,Completed single graphs; includes coupling-invalid combinations,Thesis Observation 4 p.18 and section 5.1 p.26; manuscript section 4.4 pp.15-16,O(n^3 m^3),,,P12
protein:1o7j.a__1zq1.a:a0.5|CPS-2F,27,protein,1o7j.a__1zq1.a,0.5,CPS-2F,22,29,new,output\paper_v1\coverage_extension\slots\27\attempts\coverage27_cbb21cb995de4210aef66e964765c41a,validated,True,True,completed search,candidate_transition_checks,5398861.0,7205405.0,74.92793257283942,E_A*E_B-H_A*H_B,No duplicate single-graph entries; each product source popped once; excludes simultaneous waits,Finite derivation from solve_cps() and chain_graph(); see graph_bounds.md,O(n^3 m^3),,,P12
protein:1o7j.a__1zq1.a:a0.5|CPS-2F,27,protein,1o7j.a__1zq1.a,0.5,CPS-2F,22,29,new,output\paper_v1\coverage_extension\slots\27\attempts\coverage27_cbb21cb995de4210aef66e964765c41a,validated,True,True,completed search,unique_configuration_edges,,452087415.0,,"N*(N-1)/2, N=H_A*H_B",Product graph not materialized; no observed unique-edge count; strict forward topological order,Finite DAG counting derivation; not a transition-check measurement,O(n^3 m^3),Counter unavailable or phase not reached; historical runs not rerun,,P12
protein:1o7j.a__1zq1.a:a0.5|CPS-2F,27,protein,1o7j.a__1zq1.a,0.5,CPS-2F,22,29,new,output\paper_v1\coverage_extension\slots\27\attempts\coverage27_cbb21cb995de4210aef66e964765c41a,validated,True,True,completed search,dynamic_programming_labels,,661540.0,,n*H_A*H_B,At most n distinct A-hop counts per state; labels not instrumented,Thesis section5.1; manuscript section4.4; solve_cps values dictionaries,O(n^3 m^3),Counter unavailable or phase not reached; historical runs not rerun,,P12
protein:1o7j.a__1zq1.a:a0.5|CPS-3F,28,protein,1o7j.a__1zq1.a,0.5,CPS-3F,22,29,new,output\paper_v1\coverage_extension\slots\28\attempts\coverage28_6a4c4e4d17944c9aa27d9c60ad70176d,validated,True,True,completed search,auxiliary_A,0.0,0.0,,0 (no auxiliary locations),Interior curve-parameter intersections; CPS-3F percentage not applicable,Thesis Observation 4 p.18 and section 5.1 p.26; manuscript section 4.4 pp.15-16,O(n^2 m^2),,Zero/non-applicable bound,P12
protein:1o7j.a__1zq1.a:a0.5|CPS-3F,28,protein,1o7j.a__1zq1.a,0.5,CPS-3F,22,29,new,output\paper_v1\coverage_extension\slots\28\attempts\coverage28_6a4c4e4d17944c9aa27d9c60ad70176d,validated,True,True,completed search,single_dense_A,484.0,484.0,100.0,k^2,"Dense indexing slots, not valid vertices",Thesis Observation 4 p.18 and section 5.1 p.26; manuscript section 4.4 pp.15-16,O(n^2 m^2),,,P12
protein:1o7j.a__1zq1.a:a0.5|CPS-3F,28,protein,1o7j.a__1zq1.a,0.5,CPS-3F,22,29,new,output\paper_v1\coverage_extension\slots\28\attempts\coverage28_6a4c4e4d17944c9aa27d9c60ad70176d,validated,True,True,completed search,single_active_A,28.0,484.0,5.785123966942149,k*(k+a),Anchored source/terminal included; single-graph construction complete,Thesis Observation 4 p.18 and section 5.1 p.26; manuscript section 4.4 pp.15-16,O(n^2 m^2),,,P12
protein:1o7j.a__1zq1.a:a0.5|CPS-3F,28,protein,1o7j.a__1zq1.a,0.5,CPS-3F,22,29,new,output\paper_v1\coverage_extension\slots\28\attempts\coverage28_6a4c4e4d17944c9aa27d9c60ad70176d,validated,True,True,completed search,single_edges_with_waits_A,70.0,406.0,17.24137931034483,H*(H+1)/2,Unique forward transitions plus exactly H waits; completed graph,Finite derivation from chain_graph() enumeration and pruning,O(n^2 m^2),,,P12
protein:1o7j.a__1zq1.a:a0.5|CPS-3F,28,protein,1o7j.a__1zq1.a,0.5,CPS-3F,22,29,new,output\paper_v1\coverage_extension\slots\28\attempts\coverage28_6a4c4e4d17944c9aa27d9c60ad70176d,validated,True,True,completed search,auxiliary_B,0.0,0.0,,0 (no auxiliary locations),Interior curve-parameter intersections; CPS-3F percentage not applicable,Thesis Observation 4 p.18 and section 5.1 p.26; manuscript section 4.4 pp.15-16,O(n^2 m^2),,Zero/non-applicable bound,P12
protein:1o7j.a__1zq1.a:a0.5|CPS-3F,28,protein,1o7j.a__1zq1.a,0.5,CPS-3F,22,29,new,output\paper_v1\coverage_extension\slots\28\attempts\coverage28_6a4c4e4d17944c9aa27d9c60ad70176d,validated,True,True,completed search,single_dense_B,841.0,841.0,100.0,k^2,"Dense indexing slots, not valid vertices",Thesis Observation 4 p.18 and section 5.1 p.26; manuscript section 4.4 pp.15-16,O(n^2 m^2),,,P12
protein:1o7j.a__1zq1.a:a0.5|CPS-3F,28,protein,1o7j.a__1zq1.a,0.5,CPS-3F,22,29,new,output\paper_v1\coverage_extension\slots\28\attempts\coverage28_6a4c4e4d17944c9aa27d9c60ad70176d,validated,True,True,completed search,single_active_B,40.0,841.0,4.756242568370987,k*(k+a),Anchored source/terminal included; single-graph construction complete,Thesis Observation 4 p.18 and section 5.1 p.26; manuscript section 4.4 pp.15-16,O(n^2 m^2),,,P12
protein:1o7j.a__1zq1.a:a0.5|CPS-3F,28,protein,1o7j.a__1zq1.a,0.5,CPS-3F,22,29,new,output\paper_v1\coverage_extension\slots\28\attempts\coverage28_6a4c4e4d17944c9aa27d9c60ad70176d,validated,True,True,completed search,single_edges_with_waits_B,106.0,820.0,12.926829268292684,H*(H+1)/2,Unique forward transitions plus exactly H waits; completed graph,Finite derivation from chain_graph() enumeration and pruning,O(n^2 m^2),,,P12
protein:1o7j.a__1zq1.a:a0.5|CPS-3F,28,protein,1o7j.a__1zq1.a,0.5,CPS-3F,22,29,new,output\paper_v1\coverage_extension\slots\28\attempts\coverage28_6a4c4e4d17944c9aa27d9c60ad70176d,validated,True,True,completed search,configuration_states_input_bound,1039.0,407044.0,0.25525496015172805,n^2*m^2,All index combinations; includes source/terminal; no hidden asymptotic constant,Thesis Observation 4 p.18 and section 5.1 p.26; manuscript section 4.4 pp.15-16,O(n^2 m^2),,,P12
protein:1o7j.a__1zq1.a:a0.5|CPS-3F,28,protein,1o7j.a__1zq1.a,0.5,CPS-3F,22,29,new,output\paper_v1\coverage_extension\slots\28\attempts\coverage28_6a4c4e4d17944c9aa27d9c60ad70176d,validated,True,True,completed search,configuration_states_active_bound,1039.0,1120.0,92.76785714285714,H_A*H_B,Completed single graphs; includes coupling-invalid combinations,Thesis Observation 4 p.18 and section 5.1 p.26; manuscript section 4.4 pp.15-16,O(n^2 m^2),,,P12
protein:1o7j.a__1zq1.a:a0.5|CPS-3F,28,protein,1o7j.a__1zq1.a,0.5,CPS-3F,22,29,new,output\paper_v1\coverage_extension\slots\28\attempts\coverage28_6a4c4e4d17944c9aa27d9c60ad70176d,validated,True,True,completed search,candidate_transition_checks,5165.0,6300.0,81.98412698412699,E_A*E_B-H_A*H_B,No duplicate single-graph entries; each product source popped once; excludes simultaneous waits,Finite derivation from solve_cps() and chain_graph(); see graph_bounds.md,O(n^2 m^2),,,P12
protein:1o7j.a__1zq1.a:a0.5|CPS-3F,28,protein,1o7j.a__1zq1.a,0.5,CPS-3F,22,29,new,output\paper_v1\coverage_extension\slots\28\attempts\coverage28_6a4c4e4d17944c9aa27d9c60ad70176d,validated,True,True,completed search,unique_configuration_edges,,626640.0,,"N*(N-1)/2, N=H_A*H_B",Product graph not materialized; no observed unique-edge count; strict forward topological order,Finite DAG counting derivation; not a transition-check measurement,O(n^2 m^2),Counter unavailable or phase not reached; historical runs not rerun,,P12
protein:1o7j.a__1zq1.a:a0.5|CPS-3F,28,protein,1o7j.a__1zq1.a,0.5,CPS-3F,22,29,new,output\paper_v1\coverage_extension\slots\28\attempts\coverage28_6a4c4e4d17944c9aa27d9c60ad70176d,validated,True,True,completed search,dynamic_programming_labels,,24640.0,,n*H_A*H_B,At most n distinct A-hop counts per state; labels not instrumented,Thesis section5.1; manuscript section4.4; solve_cps values dictionaries,O(n^2 m^2),Counter unavailable or phase not reached; historical runs not rerun,,P12
protein:1o7j.a__2fep.a:a0.5|CPS-2F,35,protein,1o7j.a__2fep.a,0.5,CPS-2F,22,18,new,output\paper_v1\coverage_extension\slots\35\attempts\coverage35_be5a003f7d1b4180b96e8af88864666d,validated,True,True,completed search,auxiliary_A,96.0,924.0,10.38961038961039,2 k(k-1),Interior curve-parameter intersections; CPS-3F percentage not applicable,Thesis Observation 4 p.18 and section 5.1 p.26; manuscript section 4.4 pp.15-16,O(n^3 m^3),,,P14
protein:1o7j.a__2fep.a:a0.5|CPS-2F,35,protein,1o7j.a__2fep.a,0.5,CPS-2F,22,18,new,output\paper_v1\coverage_extension\slots\35\attempts\coverage35_be5a003f7d1b4180b96e8af88864666d,validated,True,True,completed search,single_dense_A,2596.0,20812.0,12.473572938689218,k*(k+2k(k-1)),"Dense indexing slots, not valid vertices",Thesis Observation 4 p.18 and section 5.1 p.26; manuscript section 4.4 pp.15-16,O(n^3 m^3),,,P14
protein:1o7j.a__2fep.a:a0.5|CPS-2F,35,protein,1o7j.a__2fep.a,0.5,CPS-2F,22,18,new,output\paper_v1\coverage_extension\slots\35\attempts\coverage35_be5a003f7d1b4180b96e8af88864666d,validated,True,True,completed search,single_active_A,155.0,2596.0,5.970724191063174,k*(k+a),Anchored source/terminal included; single-graph construction complete,Thesis Observation 4 p.18 and section 5.1 p.26; manuscript section 4.4 pp.15-16,O(n^3 m^3),,,P14
protein:1o7j.a__2fep.a:a0.5|CPS-2F,35,protein,1o7j.a__2fep.a,0.5,CPS-2F,22,18,new,output\paper_v1\coverage_extension\slots\35\attempts\coverage35_be5a003f7d1b4180b96e8af88864666d,validated,True,True,completed search,single_edges_with_waits_A,2715.0,12090.0,22.456575682382134,H*(H+1)/2,Unique forward transitions plus exactly H waits; completed graph,Finite derivation from chain_graph() enumeration and pruning,O(n^3 m^3),,,P14
protein:1o7j.a__2fep.a:a0.5|CPS-2F,35,protein,1o7j.a__2fep.a,0.5,CPS-2F,22,18,new,output\paper_v1\coverage_extension\slots\35\attempts\coverage35_be5a003f7d1b4180b96e8af88864666d,validated,True,True,completed search,auxiliary_B,65.0,612.0,10.620915032679738,2 k(k-1),Interior curve-parameter intersections; CPS-3F percentage not applicable,Thesis Observation 4 p.18 and section 5.1 p.26; manuscript section 4.4 pp.15-16,O(n^3 m^3),,,P14
protein:1o7j.a__2fep.a:a0.5|CPS-2F,35,protein,1o7j.a__2fep.a,0.5,CPS-2F,22,18,new,output\paper_v1\coverage_extension\slots\35\attempts\coverage35_be5a003f7d1b4180b96e8af88864666d,validated,True,True,completed search,single_dense_B,1494.0,11340.0,13.174603174603174,k*(k+2k(k-1)),"Dense indexing slots, not valid vertices",Thesis Observation 4 p.18 and section 5.1 p.26; manuscript section 4.4 pp.15-16,O(n^3 m^3),,,P14
protein:1o7j.a__2fep.a:a0.5|CPS-2F,35,protein,1o7j.a__2fep.a,0.5,CPS-2F,22,18,new,output\paper_v1\coverage_extension\slots\35\attempts\coverage35_be5a003f7d1b4180b96e8af88864666d,validated,True,True,completed search,single_active_B,105.0,1494.0,7.028112449799197,k*(k+a),Anchored source/terminal included; single-graph construction complete,Thesis Observation 4 p.18 and section 5.1 p.26; manuscript section 4.4 pp.15-16,O(n^3 m^3),,,P14
protein:1o7j.a__2fep.a:a0.5|CPS-2F,35,protein,1o7j.a__2fep.a,0.5,CPS-2F,22,18,new,output\paper_v1\coverage_extension\slots\35\attempts\coverage35_be5a003f7d1b4180b96e8af88864666d,validated,True,True,completed search,single_edges_with_waits_B,1154.0,5565.0,20.73674752920036,H*(H+1)/2,Unique forward transitions plus exactly H waits; completed graph,Finite derivation from chain_graph() enumeration and pruning,O(n^3 m^3),,,P14
protein:1o7j.a__2fep.a:a0.5|CPS-2F,35,protein,1o7j.a__2fep.a,0.5,CPS-2F,22,18,new,output\paper_v1\coverage_extension\slots\35\attempts\coverage35_be5a003f7d1b4180b96e8af88864666d,validated,True,True,completed search,configuration_states_input_bound,14822.0,236008080.0,0.0062802934543596985,n*m*(n+2n(n-1))*(m+2m(m-1)),All index combinations; includes source/terminal; no hidden asymptotic constant,Thesis Observation 4 p.18 and section 5.1 p.26; manuscript section 4.4 pp.15-16,O(n^3 m^3),,,P14
protein:1o7j.a__2fep.a:a0.5|CPS-2F,35,protein,1o7j.a__2fep.a,0.5,CPS-2F,22,18,new,output\paper_v1\coverage_extension\slots\35\attempts\coverage35_be5a003f7d1b4180b96e8af88864666d,validated,True,True,completed search,configuration_states_extended_bound,14822.0,3878424.0,0.3821655394046654,n*m*(n+aA)*(m+aB),Actual extended-curve sizes; all index combinations,Thesis Observation 4 p.18 and section 5.1 p.26; manuscript section 4.4 pp.15-16,O(n^3 m^3),,,P14
protein:1o7j.a__2fep.a:a0.5|CPS-2F,35,protein,1o7j.a__2fep.a,0.5,CPS-2F,22,18,new,output\paper_v1\coverage_extension\slots\35\attempts\coverage35_be5a003f7d1b4180b96e8af88864666d,validated,True,True,completed search,configuration_states_active_bound,14822.0,16275.0,91.07219662058371,H_A*H_B,Completed single graphs; includes coupling-invalid combinations,Thesis Observation 4 p.18 and section 5.1 p.26; manuscript section 4.4 pp.15-16,O(n^3 m^3),,,P14
protein:1o7j.a__2fep.a:a0.5|CPS-2F,35,protein,1o7j.a__2fep.a,0.5,CPS-2F,22,18,new,output\paper_v1\coverage_extension\slots\35\attempts\coverage35_be5a003f7d1b4180b96e8af88864666d,validated,True,True,completed search,candidate_transition_checks,2542893.0,3116835.0,81.58574322991112,E_A*E_B-H_A*H_B,No duplicate single-graph entries; each product source popped once; excludes simultaneous waits,Finite derivation from solve_cps() and chain_graph(); see graph_bounds.md,O(n^3 m^3),,,P14
protein:1o7j.a__2fep.a:a0.5|CPS-2F,35,protein,1o7j.a__2fep.a,0.5,CPS-2F,22,18,new,output\paper_v1\coverage_extension\slots\35\attempts\coverage35_be5a003f7d1b4180b96e8af88864666d,validated,True,True,completed search,unique_configuration_edges,,132429675.0,,"N*(N-1)/2, N=H_A*H_B",Product graph not materialized; no observed unique-edge count; strict forward topological order,Finite DAG counting derivation; not a transition-check measurement,O(n^3 m^3),Counter unavailable or phase not reached; historical runs not rerun,,P14
protein:1o7j.a__2fep.a:a0.5|CPS-2F,35,protein,1o7j.a__2fep.a,0.5,CPS-2F,22,18,new,output\paper_v1\coverage_extension\slots\35\attempts\coverage35_be5a003f7d1b4180b96e8af88864666d,validated,True,True,completed search,dynamic_programming_labels,,358050.0,,n*H_A*H_B,At most n distinct A-hop counts per state; labels not instrumented,Thesis section5.1; manuscript section4.4; solve_cps values dictionaries,O(n^3 m^3),Counter unavailable or phase not reached; historical runs not rerun,,P14
protein:1o7j.a__2fep.a:a0.5|CPS-3F,36,protein,1o7j.a__2fep.a,0.5,CPS-3F,22,18,new,output\paper_v1\coverage_extension\slots\36\attempts\coverage36_d4c553cd3aee4672aa7eef1f70c1d476,validated,True,True,completed search,auxiliary_A,0.0,0.0,,0 (no auxiliary locations),Interior curve-parameter intersections; CPS-3F percentage not applicable,Thesis Observation 4 p.18 and section 5.1 p.26; manuscript section 4.4 pp.15-16,O(n^2 m^2),,Zero/non-applicable bound,P14
protein:1o7j.a__2fep.a:a0.5|CPS-3F,36,protein,1o7j.a__2fep.a,0.5,CPS-3F,22,18,new,output\paper_v1\coverage_extension\slots\36\attempts\coverage36_d4c553cd3aee4672aa7eef1f70c1d476,validated,True,True,completed search,single_dense_A,484.0,484.0,100.0,k^2,"Dense indexing slots, not valid vertices",Thesis Observation 4 p.18 and section 5.1 p.26; manuscript section 4.4 pp.15-16,O(n^2 m^2),,,P14
protein:1o7j.a__2fep.a:a0.5|CPS-3F,36,protein,1o7j.a__2fep.a,0.5,CPS-3F,22,18,new,output\paper_v1\coverage_extension\slots\36\attempts\coverage36_d4c553cd3aee4672aa7eef1f70c1d476,validated,True,True,completed search,single_active_A,28.0,484.0,5.785123966942149,k*(k+a),Anchored source/terminal included; single-graph construction complete,Thesis Observation 4 p.18 and section 5.1 p.26; manuscript section 4.4 pp.15-16,O(n^2 m^2),,,P14
protein:1o7j.a__2fep.a:a0.5|CPS-3F,36,protein,1o7j.a__2fep.a,0.5,CPS-3F,22,18,new,output\paper_v1\coverage_extension\slots\36\attempts\coverage36_d4c553cd3aee4672aa7eef1f70c1d476,validated,True,True,completed search,single_edges_with_waits_A,70.0,406.0,17.24137931034483,H*(H+1)/2,Unique forward transitions plus exactly H waits; completed graph,Finite derivation from chain_graph() enumeration and pruning,O(n^2 m^2),,,P14
protein:1o7j.a__2fep.a:a0.5|CPS-3F,36,protein,1o7j.a__2fep.a,0.5,CPS-3F,22,18,new,output\paper_v1\coverage_extension\slots\36\attempts\coverage36_d4c553cd3aee4672aa7eef1f70c1d476,validated,True,True,completed search,auxiliary_B,0.0,0.0,,0 (no auxiliary locations),Interior curve-parameter intersections; CPS-3F percentage not applicable,Thesis Observation 4 p.18 and section 5.1 p.26; manuscript section 4.4 pp.15-16,O(n^2 m^2),,Zero/non-applicable bound,P14
protein:1o7j.a__2fep.a:a0.5|CPS-3F,36,protein,1o7j.a__2fep.a,0.5,CPS-3F,22,18,new,output\paper_v1\coverage_extension\slots\36\attempts\coverage36_d4c553cd3aee4672aa7eef1f70c1d476,validated,True,True,completed search,single_dense_B,324.0,324.0,100.0,k^2,"Dense indexing slots, not valid vertices",Thesis Observation 4 p.18 and section 5.1 p.26; manuscript section 4.4 pp.15-16,O(n^2 m^2),,,P14
protein:1o7j.a__2fep.a:a0.5|CPS-3F,36,protein,1o7j.a__2fep.a,0.5,CPS-3F,22,18,new,output\paper_v1\coverage_extension\slots\36\attempts\coverage36_d4c553cd3aee4672aa7eef1f70c1d476,validated,True,True,completed search,single_active_B,18.0,324.0,5.555555555555555,k*(k+a),Anchored source/terminal included; single-graph construction complete,Thesis Observation 4 p.18 and section 5.1 p.26; manuscript section 4.4 pp.15-16,O(n^2 m^2),,,P14
protein:1o7j.a__2fep.a:a0.5|CPS-3F,36,protein,1o7j.a__2fep.a,0.5,CPS-3F,22,18,new,output\paper_v1\coverage_extension\slots\36\attempts\coverage36_d4c553cd3aee4672aa7eef1f70c1d476,validated,True,True,completed search,single_edges_with_waits_B,35.0,171.0,20.46783625730994,H*(H+1)/2,Unique forward transitions plus exactly H waits; completed graph,Finite derivation from chain_graph() enumeration and pruning,O(n^2 m^2),,,P14
protein:1o7j.a__2fep.a:a0.5|CPS-3F,36,protein,1o7j.a__2fep.a,0.5,CPS-3F,22,18,new,output\paper_v1\coverage_extension\slots\36\attempts\coverage36_d4c553cd3aee4672aa7eef1f70c1d476,validated,True,True,completed search,configuration_states_input_bound,440.0,156816.0,0.28058361391694725,n^2*m^2,All index combinations; includes source/terminal; no hidden asymptotic constant,Thesis Observation 4 p.18 and section 5.1 p.26; manuscript section 4.4 pp.15-16,O(n^2 m^2),,,P14
protein:1o7j.a__2fep.a:a0.5|CPS-3F,36,protein,1o7j.a__2fep.a,0.5,CPS-3F,22,18,new,output\paper_v1\coverage_extension\slots\36\attempts\coverage36_d4c553cd3aee4672aa7eef1f70c1d476,validated,True,True,completed search,configuration_states_active_bound,440.0,504.0,87.3015873015873,H_A*H_B,Completed single graphs; includes coupling-invalid combinations,Thesis Observation 4 p.18 and section 5.1 p.26; manuscript section 4.4 pp.15-16,O(n^2 m^2),,,P14
protein:1o7j.a__2fep.a:a0.5|CPS-3F,36,protein,1o7j.a__2fep.a,0.5,CPS-3F,22,18,new,output\paper_v1\coverage_extension\slots\36\attempts\coverage36_d4c553cd3aee4672aa7eef1f70c1d476,validated,True,True,completed search,candidate_transition_checks,1568.0,1946.0,80.57553956834532,E_A*E_B-H_A*H_B,No duplicate single-graph entries; each product source popped once; excludes simultaneous waits,Finite derivation from solve_cps() and chain_graph(); see graph_bounds.md,O(n^2 m^2),,,P14
protein:1o7j.a__2fep.a:a0.5|CPS-3F,36,protein,1o7j.a__2fep.a,0.5,CPS-3F,22,18,new,output\paper_v1\coverage_extension\slots\36\attempts\coverage36_d4c553cd3aee4672aa7eef1f70c1d476,validated,True,True,completed search,unique_configuration_edges,,126756.0,,"N*(N-1)/2, N=H_A*H_B",Product graph not materialized; no observed unique-edge count; strict forward topological order,Finite DAG counting derivation; not a transition-check measurement,O(n^2 m^2),Counter unavailable or phase not reached; historical runs not rerun,,P14
protein:1o7j.a__2fep.a:a0.5|CPS-3F,36,protein,1o7j.a__2fep.a,0.5,CPS-3F,22,18,new,output\paper_v1\coverage_extension\slots\36\attempts\coverage36_d4c553cd3aee4672aa7eef1f70c1d476,validated,True,True,completed search,dynamic_programming_labels,,11088.0,,n*H_A*H_B,At most n distinct A-hop counts per state; labels not instrumented,Thesis section5.1; manuscript section4.4; solve_cps values dictionaries,O(n^2 m^2),Counter unavailable or phase not reached; historical runs not rerun,,P14
hurricane:AL182011__AL061926:a0.5|CPS-2F,39,hurricane,AL182011__AL061926,0.5,CPS-2F,31,27,new,output\paper_v1\coverage_extension\slots\39\attempts\coverage39_d0000f0707ba4c0fa5783226237f953b,validated,True,True,completed search,auxiliary_A,59.0,1860.0,3.172043010752688,2 k(k-1),Interior curve-parameter intersections; CPS-3F percentage not applicable,Thesis Observation 4 p.18 and section 5.1 p.26; manuscript section 4.4 pp.15-16,O(n^3 m^3),,,H6
hurricane:AL182011__AL061926:a0.5|CPS-2F,39,hurricane,AL182011__AL061926,0.5,CPS-2F,31,27,new,output\paper_v1\coverage_extension\slots\39\attempts\coverage39_d0000f0707ba4c0fa5783226237f953b,validated,True,True,completed search,single_dense_A,2790.0,58621.0,4.759386567953464,k*(k+2k(k-1)),"Dense indexing slots, not valid vertices",Thesis Observation 4 p.18 and section 5.1 p.26; manuscript section 4.4 pp.15-16,O(n^3 m^3),,,H6
hurricane:AL182011__AL061926:a0.5|CPS-2F,39,hurricane,AL182011__AL061926,0.5,CPS-2F,31,27,new,output\paper_v1\coverage_extension\slots\39\attempts\coverage39_d0000f0707ba4c0fa5783226237f953b,validated,True,True,completed search,single_active_A,129.0,2790.0,4.623655913978495,k*(k+a),Anchored source/terminal included; single-graph construction complete,Thesis Observation 4 p.18 and section 5.1 p.26; manuscript section 4.4 pp.15-16,O(n^3 m^3),,,H6
hurricane:AL182011__AL061926:a0.5|CPS-2F,39,hurricane,AL182011__AL061926,0.5,CPS-2F,31,27,new,output\paper_v1\coverage_extension\slots\39\attempts\coverage39_d0000f0707ba4c0fa5783226237f953b,validated,True,True,completed search,single_edges_with_waits_A,2905.0,8385.0,34.64519976147883,H*(H+1)/2,Unique forward transitions plus exactly H waits; completed graph,Finite derivation from chain_graph() enumeration and pruning,O(n^3 m^3),,,H6
hurricane:AL182011__AL061926:a0.5|CPS-2F,39,hurricane,AL182011__AL061926,0.5,CPS-2F,31,27,new,output\paper_v1\coverage_extension\slots\39\attempts\coverage39_d0000f0707ba4c0fa5783226237f953b,validated,True,True,completed search,auxiliary_B,51.0,1404.0,3.6324786324786325,2 k(k-1),Interior curve-parameter intersections; CPS-3F percentage not applicable,Thesis Observation 4 p.18 and section 5.1 p.26; manuscript section 4.4 pp.15-16,O(n^3 m^3),,,H6
hurricane:AL182011__AL061926:a0.5|CPS-2F,39,hurricane,AL182011__AL061926,0.5,CPS-2F,31,27,new,output\paper_v1\coverage_extension\slots\39\attempts\coverage39_d0000f0707ba4c0fa5783226237f953b,validated,True,True,completed search,single_dense_B,2106.0,38637.0,5.450733752620545,k*(k+2k(k-1)),"Dense indexing slots, not valid vertices",Thesis Observation 4 p.18 and section 5.1 p.26; manuscript section 4.4 pp.15-16,O(n^3 m^3),,,H6
hurricane:AL182011__AL061926:a0.5|CPS-2F,39,hurricane,AL182011__AL061926,0.5,CPS-2F,31,27,new,output\paper_v1\coverage_extension\slots\39\attempts\coverage39_d0000f0707ba4c0fa5783226237f953b,validated,True,True,completed search,single_active_B,123.0,2106.0,5.84045584045584,k*(k+a),Anchored source/terminal included; single-graph construction complete,Thesis Observation 4 p.18 and section 5.1 p.26; manuscript section 4.4 pp.15-16,O(n^3 m^3),,,H6
hurricane:AL182011__AL061926:a0.5|CPS-2F,39,hurricane,AL182011__AL061926,0.5,CPS-2F,31,27,new,output\paper_v1\coverage_extension\slots\39\attempts\coverage39_d0000f0707ba4c0fa5783226237f953b,validated,True,True,completed search,single_edges_with_waits_B,2348.0,7626.0,30.78940466824023,H*(H+1)/2,Unique forward transitions plus exactly H waits; completed graph,Finite derivation from chain_graph() enumeration and pruning,O(n^3 m^3),,,H6
hurricane:AL182011__AL061926:a0.5|CPS-2F,39,hurricane,AL182011__AL061926,0.5,CPS-2F,31,27,new,output\paper_v1\coverage_extension\slots\39\attempts\coverage39_d0000f0707ba4c0fa5783226237f953b,validated,True,True,completed search,configuration_states_input_bound,9162.0,2264939577.0,0.00040451410240865775,n*m*(n+2n(n-1))*(m+2m(m-1)),All index combinations; includes source/terminal; no hidden asymptotic constant,Thesis Observation 4 p.18 and section 5.1 p.26; manuscript section 4.4 pp.15-16,O(n^3 m^3),,,H6
hurricane:AL182011__AL061926:a0.5|CPS-2F,39,hurricane,AL182011__AL061926,0.5,CPS-2F,31,27,new,output\paper_v1\coverage_extension\slots\39\attempts\coverage39_d0000f0707ba4c0fa5783226237f953b,validated,True,True,completed search,configuration_states_extended_bound,9162.0,5875740.0,0.15592929571424194,n*m*(n+aA)*(m+aB),Actual extended-curve sizes; all index combinations,Thesis Observation 4 p.18 and section 5.1 p.26; manuscript section 4.4 pp.15-16,O(n^3 m^3),,,H6
hurricane:AL182011__AL061926:a0.5|CPS-2F,39,hurricane,AL182011__AL061926,0.5,CPS-2F,31,27,new,output\paper_v1\coverage_extension\slots\39\attempts\coverage39_d0000f0707ba4c0fa5783226237f953b,validated,True,True,completed search,configuration_states_active_bound,9162.0,15867.0,57.7424844015882,H_A*H_B,Completed single graphs; includes coupling-invalid combinations,Thesis Observation 4 p.18 and section 5.1 p.26; manuscript section 4.4 pp.15-16,O(n^3 m^3),,,H6
hurricane:AL182011__AL061926:a0.5|CPS-2F,39,hurricane,AL182011__AL061926,0.5,CPS-2F,31,27,new,output\paper_v1\coverage_extension\slots\39\attempts\coverage39_d0000f0707ba4c0fa5783226237f953b,validated,True,True,completed search,candidate_transition_checks,3970390.0,6805073.0,58.344561476416196,E_A*E_B-H_A*H_B,No duplicate single-graph entries; each product source popped once; excludes simultaneous waits,Finite derivation from solve_cps() and chain_graph(); see graph_bounds.md,O(n^3 m^3),,,H6
hurricane:AL182011__AL061926:a0.5|CPS-2F,39,hurricane,AL182011__AL061926,0.5,CPS-2F,31,27,new,output\paper_v1\coverage_extension\slots\39\attempts\coverage39_d0000f0707ba4c0fa5783226237f953b,validated,True,True,completed search,unique_configuration_edges,,125872911.0,,"N*(N-1)/2, N=H_A*H_B",Product graph not materialized; no observed unique-edge count; strict forward topological order,Finite DAG counting derivation; not a transition-check measurement,O(n^3 m^3),Counter unavailable or phase not reached; historical runs not rerun,,H6
hurricane:AL182011__AL061926:a0.5|CPS-2F,39,hurricane,AL182011__AL061926,0.5,CPS-2F,31,27,new,output\paper_v1\coverage_extension\slots\39\attempts\coverage39_d0000f0707ba4c0fa5783226237f953b,validated,True,True,completed search,dynamic_programming_labels,,491877.0,,n*H_A*H_B,At most n distinct A-hop counts per state; labels not instrumented,Thesis section5.1; manuscript section4.4; solve_cps values dictionaries,O(n^3 m^3),Counter unavailable or phase not reached; historical runs not rerun,,H6
hurricane:AL182011__AL061926:a0.5|CPS-3F,40,hurricane,AL182011__AL061926,0.5,CPS-3F,31,27,new,output\paper_v1\coverage_extension\slots\40\attempts\coverage40_fdf11ff49a2d482f9e9f066277b907a8,validated,True,True,completed search,auxiliary_A,0.0,0.0,,0 (no auxiliary locations),Interior curve-parameter intersections; CPS-3F percentage not applicable,Thesis Observation 4 p.18 and section 5.1 p.26; manuscript section 4.4 pp.15-16,O(n^2 m^2),,Zero/non-applicable bound,H6
hurricane:AL182011__AL061926:a0.5|CPS-3F,40,hurricane,AL182011__AL061926,0.5,CPS-3F,31,27,new,output\paper_v1\coverage_extension\slots\40\attempts\coverage40_fdf11ff49a2d482f9e9f066277b907a8,validated,True,True,completed search,single_dense_A,961.0,961.0,100.0,k^2,"Dense indexing slots, not valid vertices",Thesis Observation 4 p.18 and section 5.1 p.26; manuscript section 4.4 pp.15-16,O(n^2 m^2),,,H6
hurricane:AL182011__AL061926:a0.5|CPS-3F,40,hurricane,AL182011__AL061926,0.5,CPS-3F,31,27,new,output\paper_v1\coverage_extension\slots\40\attempts\coverage40_fdf11ff49a2d482f9e9f066277b907a8,validated,True,True,completed search,single_active_A,35.0,961.0,3.6420395421436003,k*(k+a),Anchored source/terminal included; single-graph construction complete,Thesis Observation 4 p.18 and section 5.1 p.26; manuscript section 4.4 pp.15-16,O(n^2 m^2),,,H6
hurricane:AL182011__AL061926:a0.5|CPS-3F,40,hurricane,AL182011__AL061926,0.5,CPS-3F,31,27,new,output\paper_v1\coverage_extension\slots\40\attempts\coverage40_fdf11ff49a2d482f9e9f066277b907a8,validated,True,True,completed search,single_edges_with_waits_A,76.0,630.0,12.063492063492063,H*(H+1)/2,Unique forward transitions plus exactly H waits; completed graph,Finite derivation from chain_graph() enumeration and pruning,O(n^2 m^2),,,H6
hurricane:AL182011__AL061926:a0.5|CPS-3F,40,hurricane,AL182011__AL061926,0.5,CPS-3F,31,27,new,output\paper_v1\coverage_extension\slots\40\attempts\coverage40_fdf11ff49a2d482f9e9f066277b907a8,validated,True,True,completed search,auxiliary_B,0.0,0.0,,0 (no auxiliary locations),Interior curve-parameter intersections; CPS-3F percentage not applicable,Thesis Observation 4 p.18 and section 5.1 p.26; manuscript section 4.4 pp.15-16,O(n^2 m^2),,Zero/non-applicable bound,H6
hurricane:AL182011__AL061926:a0.5|CPS-3F,40,hurricane,AL182011__AL061926,0.5,CPS-3F,31,27,new,output\paper_v1\coverage_extension\slots\40\attempts\coverage40_fdf11ff49a2d482f9e9f066277b907a8,validated,True,True,completed search,single_dense_B,729.0,729.0,100.0,k^2,"Dense indexing slots, not valid vertices",Thesis Observation 4 p.18 and section 5.1 p.26; manuscript section 4.4 pp.15-16,O(n^2 m^2),,,H6
hurricane:AL182011__AL061926:a0.5|CPS-3F,40,hurricane,AL182011__AL061926,0.5,CPS-3F,31,27,new,output\paper_v1\coverage_extension\slots\40\attempts\coverage40_fdf11ff49a2d482f9e9f066277b907a8,validated,True,True,completed search,single_active_B,31.0,729.0,4.252400548696845,k*(k+a),Anchored source/terminal included; single-graph construction complete,Thesis Observation 4 p.18 and section 5.1 p.26; manuscript section 4.4 pp.15-16,O(n^2 m^2),,,H6
hurricane:AL182011__AL061926:a0.5|CPS-3F,40,hurricane,AL182011__AL061926,0.5,CPS-3F,31,27,new,output\paper_v1\coverage_extension\slots\40\attempts\coverage40_fdf11ff49a2d482f9e9f066277b907a8,validated,True,True,completed search,single_edges_with_waits_B,71.0,496.0,14.314516129032258,H*(H+1)/2,Unique forward transitions plus exactly H waits; completed graph,Finite derivation from chain_graph() enumeration and pruning,O(n^2 m^2),,,H6
hurricane:AL182011__AL061926:a0.5|CPS-3F,40,hurricane,AL182011__AL061926,0.5,CPS-3F,31,27,new,output\paper_v1\coverage_extension\slots\40\attempts\coverage40_fdf11ff49a2d482f9e9f066277b907a8,validated,True,True,completed search,configuration_states_input_bound,665.0,700569.0,0.09492284129043678,n^2*m^2,All index combinations; includes source/terminal; no hidden asymptotic constant,Thesis Observation 4 p.18 and section 5.1 p.26; manuscript section 4.4 pp.15-16,O(n^2 m^2),,,H6
hurricane:AL182011__AL061926:a0.5|CPS-3F,40,hurricane,AL182011__AL061926,0.5,CPS-3F,31,27,new,output\paper_v1\coverage_extension\slots\40\attempts\coverage40_fdf11ff49a2d482f9e9f066277b907a8,validated,True,True,completed search,configuration_states_active_bound,665.0,1085.0,61.29032258064516,H_A*H_B,Completed single graphs; includes coupling-invalid combinations,Thesis Observation 4 p.18 and section 5.1 p.26; manuscript section 4.4 pp.15-16,O(n^2 m^2),,,H6
hurricane:AL182011__AL061926:a0.5|CPS-3F,40,hurricane,AL182011__AL061926,0.5,CPS-3F,31,27,new,output\paper_v1\coverage_extension\slots\40\attempts\coverage40_fdf11ff49a2d482f9e9f066277b907a8,validated,True,True,completed search,candidate_transition_checks,2867.0,4311.0,66.50429134771515,E_A*E_B-H_A*H_B,No duplicate single-graph entries; each product source popped once; excludes simultaneous waits,Finite derivation from solve_cps() and chain_graph(); see graph_bounds.md,O(n^2 m^2),,,H6
hurricane:AL182011__AL061926:a0.5|CPS-3F,40,hurricane,AL182011__AL061926,0.5,CPS-3F,31,27,new,output\paper_v1\coverage_extension\slots\40\attempts\coverage40_fdf11ff49a2d482f9e9f066277b907a8,validated,True,True,completed search,unique_configuration_edges,,588070.0,,"N*(N-1)/2, N=H_A*H_B",Product graph not materialized; no observed unique-edge count; strict forward topological order,Finite DAG counting derivation; not a transition-check measurement,O(n^2 m^2),Counter unavailable or phase not reached; historical runs not rerun,,H6
hurricane:AL182011__AL061926:a0.5|CPS-3F,40,hurricane,AL182011__AL061926,0.5,CPS-3F,31,27,new,output\paper_v1\coverage_extension\slots\40\attempts\coverage40_fdf11ff49a2d482f9e9f066277b907a8,validated,True,True,completed search,dynamic_programming_labels,,33635.0,,n*H_A*H_B,At most n distinct A-hop counts per state; labels not instrumented,Thesis section5.1; manuscript section4.4; solve_cps values dictionaries,O(n^2 m^2),Counter unavailable or phase not reached; historical runs not rerun,,H6
hurricane:EP141997__EP092000:a0.5|CPS-2F,43,hurricane,EP141997__EP092000,0.5,CPS-2F,34,25,new,output\paper_v1\coverage_extension\slots\43\attempts\coverage43_8541b5d5d53f44b4949584f38e7422e3,validated,True,True,completed search,auxiliary_A,66.0,2244.0,2.9411764705882355,2 k(k-1),Interior curve-parameter intersections; CPS-3F percentage not applicable,Thesis Observation 4 p.18 and section 5.1 p.26; manuscript section 4.4 pp.15-16,O(n^3 m^3),,,H7
hurricane:EP141997__EP092000:a0.5|CPS-2F,43,hurricane,EP141997__EP092000,0.5,CPS-2F,34,25,new,output\paper_v1\coverage_extension\slots\43\attempts\coverage43_8541b5d5d53f44b4949584f38e7422e3,validated,True,True,completed search,single_dense_A,3400.0,77452.0,4.389815627743634,k*(k+2k(k-1)),"Dense indexing slots, not valid vertices",Thesis Observation 4 p.18 and section 5.1 p.26; manuscript section 4.4 pp.15-16,O(n^3 m^3),,,H7
hurricane:EP141997__EP092000:a0.5|CPS-2F,43,hurricane,EP141997__EP092000,0.5,CPS-2F,34,25,new,output\paper_v1\coverage_extension\slots\43\attempts\coverage43_8541b5d5d53f44b4949584f38e7422e3,validated,True,True,completed search,single_active_A,142.0,3400.0,4.176470588235294,k*(k+a),Anchored source/terminal included; single-graph construction complete,Thesis Observation 4 p.18 and section 5.1 p.26; manuscript section 4.4 pp.15-16,O(n^3 m^3),,,H7
hurricane:EP141997__EP092000:a0.5|CPS-2F,43,hurricane,EP141997__EP092000,0.5,CPS-2F,34,25,new,output\paper_v1\coverage_extension\slots\43\attempts\coverage43_8541b5d5d53f44b4949584f38e7422e3,validated,True,True,completed search,single_edges_with_waits_A,5101.0,10153.0,50.24130798778686,H*(H+1)/2,Unique forward transitions plus exactly H waits; completed graph,Finite derivation from chain_graph() enumeration and pruning,O(n^3 m^3),,,H7
hurricane:EP141997__EP092000:a0.5|CPS-2F,43,hurricane,EP141997__EP092000,0.5,CPS-2F,34,25,new,output\paper_v1\coverage_extension\slots\43\attempts\coverage43_8541b5d5d53f44b4949584f38e7422e3,validated,True,True,completed search,auxiliary_B,47.0,1200.0,3.9166666666666665,2 k(k-1),Interior curve-parameter intersections; CPS-3F percentage not applicable,Thesis Observation 4 p.18 and section 5.1 p.26; manuscript section 4.4 pp.15-16,O(n^3 m^3),,,H7
hurricane:EP141997__EP092000:a0.5|CPS-2F,43,hurricane,EP141997__EP092000,0.5,CPS-2F,34,25,new,output\paper_v1\coverage_extension\slots\43\attempts\coverage43_8541b5d5d53f44b4949584f38e7422e3,validated,True,True,completed search,single_dense_B,1800.0,30625.0,5.877551020408164,k*(k+2k(k-1)),"Dense indexing slots, not valid vertices",Thesis Observation 4 p.18 and section 5.1 p.26; manuscript section 4.4 pp.15-16,O(n^3 m^3),,,H7
hurricane:EP141997__EP092000:a0.5|CPS-2F,43,hurricane,EP141997__EP092000,0.5,CPS-2F,34,25,new,output\paper_v1\coverage_extension\slots\43\attempts\coverage43_8541b5d5d53f44b4949584f38e7422e3,validated,True,True,completed search,single_active_B,97.0,1800.0,5.388888888888889,k*(k+a),Anchored source/terminal included; single-graph construction complete,Thesis Observation 4 p.18 and section 5.1 p.26; manuscript section 4.4 pp.15-16,O(n^3 m^3),,,H7
hurricane:EP141997__EP092000:a0.5|CPS-2F,43,hurricane,EP141997__EP092000,0.5,CPS-2F,34,25,new,output\paper_v1\coverage_extension\slots\43\attempts\coverage43_8541b5d5d53f44b4949584f38e7422e3,validated,True,True,completed search,single_edges_with_waits_B,2841.0,4753.0,59.77277508941721,H*(H+1)/2,Unique forward transitions plus exactly H waits; completed graph,Finite derivation from chain_graph() enumeration and pruning,O(n^3 m^3),,,H7
hurricane:EP141997__EP092000:a0.5|CPS-2F,43,hurricane,EP141997__EP092000,0.5,CPS-2F,34,25,new,output\paper_v1\coverage_extension\slots\43\attempts\coverage43_8541b5d5d53f44b4949584f38e7422e3,validated,True,True,completed search,configuration_states_input_bound,3417.0,2371967500.0,0.0001440576230492197,n*m*(n+2n(n-1))*(m+2m(m-1)),All index combinations; includes source/terminal; no hidden asymptotic constant,Thesis Observation 4 p.18 and section 5.1 p.26; manuscript section 4.4 pp.15-16,O(n^3 m^3),,,H7
hurricane:EP141997__EP092000:a0.5|CPS-2F,43,hurricane,EP141997__EP092000,0.5,CPS-2F,34,25,new,output\paper_v1\coverage_extension\slots\43\attempts\coverage43_8541b5d5d53f44b4949584f38e7422e3,validated,True,True,completed search,configuration_states_extended_bound,3417.0,6120000.0,0.05583333333333333,n*m*(n+aA)*(m+aB),Actual extended-curve sizes; all index combinations,Thesis Observation 4 p.18 and section 5.1 p.26; manuscript section 4.4 pp.15-16,O(n^3 m^3),,,H7
hurricane:EP141997__EP092000:a0.5|CPS-2F,43,hurricane,EP141997__EP092000,0.5,CPS-2F,34,25,new,output\paper_v1\coverage_extension\slots\43\attempts\coverage43_8541b5d5d53f44b4949584f38e7422e3,validated,True,True,completed search,configuration_states_active_bound,3417.0,13774.0,24.807608537824887,H_A*H_B,Completed single graphs; includes coupling-invalid combinations,Thesis Observation 4 p.18 and section 5.1 p.26; manuscript section 4.4 pp.15-16,O(n^3 m^3),,,H7
hurricane:EP141997__EP092000:a0.5|CPS-2F,43,hurricane,EP141997__EP092000,0.5,CPS-2F,34,25,new,output\paper_v1\coverage_extension\slots\43\attempts\coverage43_8541b5d5d53f44b4949584f38e7422e3,validated,True,True,completed search,candidate_transition_checks,1876981.0,14478167.0,12.964217086320389,E_A*E_B-H_A*H_B,No duplicate single-graph entries; each product source popped once; excludes simultaneous waits,Finite derivation from solve_cps() and chain_graph(); see graph_bounds.md,O(n^3 m^3),,,H7
hurricane:EP141997__EP092000:a0.5|CPS-2F,43,hurricane,EP141997__EP092000,0.5,CPS-2F,34,25,new,output\paper_v1\coverage_extension\slots\43\attempts\coverage43_8541b5d5d53f44b4949584f38e7422e3,validated,True,True,completed search,unique_configuration_edges,,94854651.0,,"N*(N-1)/2, N=H_A*H_B",Product graph not materialized; no observed unique-edge count; strict forward topological order,Finite DAG counting derivation; not a transition-check measurement,O(n^3 m^3),Counter unavailable or phase not reached; historical runs not rerun,,H7
hurricane:EP141997__EP092000:a0.5|CPS-2F,43,hurricane,EP141997__EP092000,0.5,CPS-2F,34,25,new,output\paper_v1\coverage_extension\slots\43\attempts\coverage43_8541b5d5d53f44b4949584f38e7422e3,validated,True,True,completed search,dynamic_programming_labels,,468316.0,,n*H_A*H_B,At most n distinct A-hop counts per state; labels not instrumented,Thesis section5.1; manuscript section4.4; solve_cps values dictionaries,O(n^3 m^3),Counter unavailable or phase not reached; historical runs not rerun,,H7
hurricane:EP141997__EP092000:a0.5|CPS-3F,44,hurricane,EP141997__EP092000,0.5,CPS-3F,34,25,new,output\paper_v1\coverage_extension\slots\44\attempts\coverage44_0c3d4777937a42ce9ef5c3dd1a5a157b,validated,True,True,completed search,auxiliary_A,0.0,0.0,,0 (no auxiliary locations),Interior curve-parameter intersections; CPS-3F percentage not applicable,Thesis Observation 4 p.18 and section 5.1 p.26; manuscript section 4.4 pp.15-16,O(n^2 m^2),,Zero/non-applicable bound,H7
hurricane:EP141997__EP092000:a0.5|CPS-3F,44,hurricane,EP141997__EP092000,0.5,CPS-3F,34,25,new,output\paper_v1\coverage_extension\slots\44\attempts\coverage44_0c3d4777937a42ce9ef5c3dd1a5a157b,validated,True,True,completed search,single_dense_A,1156.0,1156.0,100.0,k^2,"Dense indexing slots, not valid vertices",Thesis Observation 4 p.18 and section 5.1 p.26; manuscript section 4.4 pp.15-16,O(n^2 m^2),,,H7
hurricane:EP141997__EP092000:a0.5|CPS-3F,44,hurricane,EP141997__EP092000,0.5,CPS-3F,34,25,new,output\paper_v1\coverage_extension\slots\44\attempts\coverage44_0c3d4777937a42ce9ef5c3dd1a5a157b,validated,True,True,completed search,single_active_A,38.0,1156.0,3.28719723183391,k*(k+a),Anchored source/terminal included; single-graph construction complete,Thesis Observation 4 p.18 and section 5.1 p.26; manuscript section 4.4 pp.15-16,O(n^2 m^2),,,H7
hurricane:EP141997__EP092000:a0.5|CPS-3F,44,hurricane,EP141997__EP092000,0.5,CPS-3F,34,25,new,output\paper_v1\coverage_extension\slots\44\attempts\coverage44_0c3d4777937a42ce9ef5c3dd1a5a157b,validated,True,True,completed search,single_edges_with_waits_A,86.0,741.0,11.605937921727396,H*(H+1)/2,Unique forward transitions plus exactly H waits; completed graph,Finite derivation from chain_graph() enumeration and pruning,O(n^2 m^2),,,H7
hurricane:EP141997__EP092000:a0.5|CPS-3F,44,hurricane,EP141997__EP092000,0.5,CPS-3F,34,25,new,output\paper_v1\coverage_extension\slots\44\attempts\coverage44_0c3d4777937a42ce9ef5c3dd1a5a157b,validated,True,True,completed search,auxiliary_B,0.0,0.0,,0 (no auxiliary locations),Interior curve-parameter intersections; CPS-3F percentage not applicable,Thesis Observation 4 p.18 and section 5.1 p.26; manuscript section 4.4 pp.15-16,O(n^2 m^2),,Zero/non-applicable bound,H7
hurricane:EP141997__EP092000:a0.5|CPS-3F,44,hurricane,EP141997__EP092000,0.5,CPS-3F,34,25,new,output\paper_v1\coverage_extension\slots\44\attempts\coverage44_0c3d4777937a42ce9ef5c3dd1a5a157b,validated,True,True,completed search,single_dense_B,625.0,625.0,100.0,k^2,"Dense indexing slots, not valid vertices",Thesis Observation 4 p.18 and section 5.1 p.26; manuscript section 4.4 pp.15-16,O(n^2 m^2),,,H7
hurricane:EP141997__EP092000:a0.5|CPS-3F,44,hurricane,EP141997__EP092000,0.5,CPS-3F,34,25,new,output\paper_v1\coverage_extension\slots\44\attempts\coverage44_0c3d4777937a42ce9ef5c3dd1a5a157b,validated,True,True,completed search,single_active_B,27.0,625.0,4.32,k*(k+a),Anchored source/terminal included; single-graph construction complete,Thesis Observation 4 p.18 and section 5.1 p.26; manuscript section 4.4 pp.15-16,O(n^2 m^2),,,H7
hurricane:EP141997__EP092000:a0.5|CPS-3F,44,hurricane,EP141997__EP092000,0.5,CPS-3F,34,25,new,output\paper_v1\coverage_extension\slots\44\attempts\coverage44_0c3d4777937a42ce9ef5c3dd1a5a157b,validated,True,True,completed search,single_edges_with_waits_B,56.0,378.0,14.814814814814815,H*(H+1)/2,Unique forward transitions plus exactly H waits; completed graph,Finite derivation from chain_graph() enumeration and pruning,O(n^2 m^2),,,H7
hurricane:EP141997__EP092000:a0.5|CPS-3F,44,hurricane,EP141997__EP092000,0.5,CPS-3F,34,25,new,output\paper_v1\coverage_extension\slots\44\attempts\coverage44_0c3d4777937a42ce9ef5c3dd1a5a157b,validated,True,True,completed search,configuration_states_input_bound,281.0,722500.0,0.03889273356401384,n^2*m^2,All index combinations; includes source/terminal; no hidden asymptotic constant,Thesis Observation 4 p.18 and section 5.1 p.26; manuscript section 4.4 pp.15-16,O(n^2 m^2),,,H7
hurricane:EP141997__EP092000:a0.5|CPS-3F,44,hurricane,EP141997__EP092000,0.5,CPS-3F,34,25,new,output\paper_v1\coverage_extension\slots\44\attempts\coverage44_0c3d4777937a42ce9ef5c3dd1a5a157b,validated,True,True,completed search,configuration_states_active_bound,281.0,1026.0,27.387914230019494,H_A*H_B,Completed single graphs; includes coupling-invalid combinations,Thesis Observation 4 p.18 and section 5.1 p.26; manuscript section 4.4 pp.15-16,O(n^2 m^2),,,H7
hurricane:EP141997__EP092000:a0.5|CPS-3F,44,hurricane,EP141997__EP092000,0.5,CPS-3F,34,25,new,output\paper_v1\coverage_extension\slots\44\attempts\coverage44_0c3d4777937a42ce9ef5c3dd1a5a157b,validated,True,True,completed search,candidate_transition_checks,973.0,3790.0,25.67282321899736,E_A*E_B-H_A*H_B,No duplicate single-graph entries; each product source popped once; excludes simultaneous waits,Finite derivation from solve_cps() and chain_graph(); see graph_bounds.md,O(n^2 m^2),,,H7
hurricane:EP141997__EP092000:a0.5|CPS-3F,44,hurricane,EP141997__EP092000,0.5,CPS-3F,34,25,new,output\paper_v1\coverage_extension\slots\44\attempts\coverage44_0c3d4777937a42ce9ef5c3dd1a5a157b,validated,True,True,completed search,unique_configuration_edges,,525825.0,,"N*(N-1)/2, N=H_A*H_B",Product graph not materialized; no observed unique-edge count; strict forward topological order,Finite DAG counting derivation; not a transition-check measurement,O(n^2 m^2),Counter unavailable or phase not reached; historical runs not rerun,,H7
hurricane:EP141997__EP092000:a0.5|CPS-3F,44,hurricane,EP141997__EP092000,0.5,CPS-3F,34,25,new,output\paper_v1\coverage_extension\slots\44\attempts\coverage44_0c3d4777937a42ce9ef5c3dd1a5a157b,validated,True,True,completed search,dynamic_programming_labels,,34884.0,,n*H_A*H_B,At most n distinct A-hop counts per state; labels not instrumented,Thesis section5.1; manuscript section4.4; solve_cps values dictionaries,O(n^2 m^2),Counter unavailable or phase not reached; historical runs not rerun,,H7
hurricane:EP211990__EP152008:a0.5|CPS-2F,47,hurricane,EP211990__EP152008,0.5,CPS-2F,26,38,new,output\paper_v1\coverage_extension\slots\47\attempts\coverage47_30c8adcf99e14ab09a9650bae3cbb95b,validated,True,True,completed search,auxiliary_A,49.0,1300.0,3.769230769230769,2 k(k-1),Interior curve-parameter intersections; CPS-3F percentage not applicable,Thesis Observation 4 p.18 and section 5.1 p.26; manuscript section 4.4 pp.15-16,O(n^3 m^3),,,H8
hurricane:EP211990__EP152008:a0.5|CPS-2F,47,hurricane,EP211990__EP152008,0.5,CPS-2F,26,38,new,output\paper_v1\coverage_extension\slots\47\attempts\coverage47_30c8adcf99e14ab09a9650bae3cbb95b,validated,True,True,completed search,single_dense_A,1950.0,34476.0,5.656108597285068,k*(k+2k(k-1)),"Dense indexing slots, not valid vertices",Thesis Observation 4 p.18 and section 5.1 p.26; manuscript section 4.4 pp.15-16,O(n^3 m^3),,,H8
hurricane:EP211990__EP152008:a0.5|CPS-2F,47,hurricane,EP211990__EP152008,0.5,CPS-2F,26,38,new,output\paper_v1\coverage_extension\slots\47\attempts\coverage47_30c8adcf99e14ab09a9650bae3cbb95b,validated,True,True,completed search,single_active_A,126.0,1950.0,6.461538461538462,k*(k+a),Anchored source/terminal included; single-graph construction complete,Thesis Observation 4 p.18 and section 5.1 p.26; manuscript section 4.4 pp.15-16,O(n^3 m^3),,,H8
hurricane:EP211990__EP152008:a0.5|CPS-2F,47,hurricane,EP211990__EP152008,0.5,CPS-2F,26,38,new,output\paper_v1\coverage_extension\slots\47\attempts\coverage47_30c8adcf99e14ab09a9650bae3cbb95b,validated,True,True,completed search,single_edges_with_waits_A,3365.0,8001.0,42.05724284464442,H*(H+1)/2,Unique forward transitions plus exactly H waits; completed graph,Finite derivation from chain_graph() enumeration and pruning,O(n^3 m^3),,,H8
hurricane:EP211990__EP152008:a0.5|CPS-2F,47,hurricane,EP211990__EP152008,0.5,CPS-2F,26,38,new,output\paper_v1\coverage_extension\slots\47\attempts\coverage47_30c8adcf99e14ab09a9650bae3cbb95b,validated,True,True,completed search,auxiliary_B,73.0,2812.0,2.59601706970128,2 k(k-1),Interior curve-parameter intersections; CPS-3F percentage not applicable,Thesis Observation 4 p.18 and section 5.1 p.26; manuscript section 4.4 pp.15-16,O(n^3 m^3),,,H8
hurricane:EP211990__EP152008:a0.5|CPS-2F,47,hurricane,EP211990__EP152008,0.5,CPS-2F,26,38,new,output\paper_v1\coverage_extension\slots\47\attempts\coverage47_30c8adcf99e14ab09a9650bae3cbb95b,validated,True,True,completed search,single_dense_B,4218.0,108300.0,3.8947368421052633,k*(k+2k(k-1)),"Dense indexing slots, not valid vertices",Thesis Observation 4 p.18 and section 5.1 p.26; manuscript section 4.4 pp.15-16,O(n^3 m^3),,,H8
hurricane:EP211990__EP152008:a0.5|CPS-2F,47,hurricane,EP211990__EP152008,0.5,CPS-2F,26,38,new,output\paper_v1\coverage_extension\slots\47\attempts\coverage47_30c8adcf99e14ab09a9650bae3cbb95b,validated,True,True,completed search,single_active_B,166.0,4218.0,3.9355144618302513,k*(k+a),Anchored source/terminal included; single-graph construction complete,Thesis Observation 4 p.18 and section 5.1 p.26; manuscript section 4.4 pp.15-16,O(n^3 m^3),,,H8
hurricane:EP211990__EP152008:a0.5|CPS-2F,47,hurricane,EP211990__EP152008,0.5,CPS-2F,26,38,new,output\paper_v1\coverage_extension\slots\47\attempts\coverage47_30c8adcf99e14ab09a9650bae3cbb95b,validated,True,True,completed search,single_edges_with_waits_B,4874.0,13861.0,35.16340812351201,H*(H+1)/2,Unique forward transitions plus exactly H waits; completed graph,Finite derivation from chain_graph() enumeration and pruning,O(n^3 m^3),,,H8
hurricane:EP211990__EP152008:a0.5|CPS-2F,47,hurricane,EP211990__EP152008,0.5,CPS-2F,26,38,new,output\paper_v1\coverage_extension\slots\47\attempts\coverage47_30c8adcf99e14ab09a9650bae3cbb95b,validated,True,True,completed search,configuration_states_input_bound,2749.0,3733750800.0,7.362569564096244e-05,n*m*(n+2n(n-1))*(m+2m(m-1)),All index combinations; includes source/terminal; no hidden asymptotic constant,Thesis Observation 4 p.18 and section 5.1 p.26; manuscript section 4.4 pp.15-16,O(n^3 m^3),,,H8
hurricane:EP211990__EP152008:a0.5|CPS-2F,47,hurricane,EP211990__EP152008,0.5,CPS-2F,26,38,new,output\paper_v1\coverage_extension\slots\47\attempts\coverage47_30c8adcf99e14ab09a9650bae3cbb95b,validated,True,True,completed search,configuration_states_extended_bound,2749.0,8225100.0,0.033422086053665,n*m*(n+aA)*(m+aB),Actual extended-curve sizes; all index combinations,Thesis Observation 4 p.18 and section 5.1 p.26; manuscript section 4.4 pp.15-16,O(n^3 m^3),,,H8
hurricane:EP211990__EP152008:a0.5|CPS-2F,47,hurricane,EP211990__EP152008,0.5,CPS-2F,26,38,new,output\paper_v1\coverage_extension\slots\47\attempts\coverage47_30c8adcf99e14ab09a9650bae3cbb95b,validated,True,True,completed search,configuration_states_active_bound,2749.0,20916.0,13.14304838401224,H_A*H_B,Completed single graphs; includes coupling-invalid combinations,Thesis Observation 4 p.18 and section 5.1 p.26; manuscript section 4.4 pp.15-16,O(n^3 m^3),,,H8
hurricane:EP211990__EP152008:a0.5|CPS-2F,47,hurricane,EP211990__EP152008,0.5,CPS-2F,26,38,new,output\paper_v1\coverage_extension\slots\47\attempts\coverage47_30c8adcf99e14ab09a9650bae3cbb95b,validated,True,True,completed search,candidate_transition_checks,955852.0,16380094.0,5.835448807558736,E_A*E_B-H_A*H_B,No duplicate single-graph entries; each product source popped once; excludes simultaneous waits,Finite derivation from solve_cps() and chain_graph(); see graph_bounds.md,O(n^3 m^3),,,H8
hurricane:EP211990__EP152008:a0.5|CPS-2F,47,hurricane,EP211990__EP152008,0.5,CPS-2F,26,38,new,output\paper_v1\coverage_extension\slots\47\attempts\coverage47_30c8adcf99e14ab09a9650bae3cbb95b,validated,True,True,completed search,unique_configuration_edges,,218729070.0,,"N*(N-1)/2, N=H_A*H_B",Product graph not materialized; no observed unique-edge count; strict forward topological order,Finite DAG counting derivation; not a transition-check measurement,O(n^3 m^3),Counter unavailable or phase not reached; historical runs not rerun,,H8
hurricane:EP211990__EP152008:a0.5|CPS-2F,47,hurricane,EP211990__EP152008,0.5,CPS-2F,26,38,new,output\paper_v1\coverage_extension\slots\47\attempts\coverage47_30c8adcf99e14ab09a9650bae3cbb95b,validated,True,True,completed search,dynamic_programming_labels,,543816.0,,n*H_A*H_B,At most n distinct A-hop counts per state; labels not instrumented,Thesis section5.1; manuscript section4.4; solve_cps values dictionaries,O(n^3 m^3),Counter unavailable or phase not reached; historical runs not rerun,,H8
hurricane:EP211990__EP152008:a0.5|CPS-3F,48,hurricane,EP211990__EP152008,0.5,CPS-3F,26,38,new,output\paper_v1\coverage_extension\slots\48\attempts\coverage48_362b69f475c64b18bc40230adac5213f,validated,True,True,completed search,auxiliary_A,0.0,0.0,,0 (no auxiliary locations),Interior curve-parameter intersections; CPS-3F percentage not applicable,Thesis Observation 4 p.18 and section 5.1 p.26; manuscript section 4.4 pp.15-16,O(n^2 m^2),,Zero/non-applicable bound,H8
hurricane:EP211990__EP152008:a0.5|CPS-3F,48,hurricane,EP211990__EP152008,0.5,CPS-3F,26,38,new,output\paper_v1\coverage_extension\slots\48\attempts\coverage48_362b69f475c64b18bc40230adac5213f,validated,True,True,completed search,single_dense_A,676.0,676.0,100.0,k^2,"Dense indexing slots, not valid vertices",Thesis Observation 4 p.18 and section 5.1 p.26; manuscript section 4.4 pp.15-16,O(n^2 m^2),,,H8
hurricane:EP211990__EP152008:a0.5|CPS-3F,48,hurricane,EP211990__EP152008,0.5,CPS-3F,26,38,new,output\paper_v1\coverage_extension\slots\48\attempts\coverage48_362b69f475c64b18bc40230adac5213f,validated,True,True,completed search,single_active_A,36.0,676.0,5.325443786982248,k*(k+a),Anchored source/terminal included; single-graph construction complete,Thesis Observation 4 p.18 and section 5.1 p.26; manuscript section 4.4 pp.15-16,O(n^2 m^2),,,H8
hurricane:EP211990__EP152008:a0.5|CPS-3F,48,hurricane,EP211990__EP152008,0.5,CPS-3F,26,38,new,output\paper_v1\coverage_extension\slots\48\attempts\coverage48_362b69f475c64b18bc40230adac5213f,validated,True,True,completed search,single_edges_with_waits_A,101.0,666.0,15.165165165165165,H*(H+1)/2,Unique forward transitions plus exactly H waits; completed graph,Finite derivation from chain_graph() enumeration and pruning,O(n^2 m^2),,,H8
hurricane:EP211990__EP152008:a0.5|CPS-3F,48,hurricane,EP211990__EP152008,0.5,CPS-3F,26,38,new,output\paper_v1\coverage_extension\slots\48\attempts\coverage48_362b69f475c64b18bc40230adac5213f,validated,True,True,completed search,auxiliary_B,0.0,0.0,,0 (no auxiliary locations),Interior curve-parameter intersections; CPS-3F percentage not applicable,Thesis Observation 4 p.18 and section 5.1 p.26; manuscript section 4.4 pp.15-16,O(n^2 m^2),,Zero/non-applicable bound,H8
hurricane:EP211990__EP152008:a0.5|CPS-3F,48,hurricane,EP211990__EP152008,0.5,CPS-3F,26,38,new,output\paper_v1\coverage_extension\slots\48\attempts\coverage48_362b69f475c64b18bc40230adac5213f,validated,True,True,completed search,single_dense_B,1444.0,1444.0,100.0,k^2,"Dense indexing slots, not valid vertices",Thesis Observation 4 p.18 and section 5.1 p.26; manuscript section 4.4 pp.15-16,O(n^2 m^2),,,H8
hurricane:EP211990__EP152008:a0.5|CPS-3F,48,hurricane,EP211990__EP152008,0.5,CPS-3F,26,38,new,output\paper_v1\coverage_extension\slots\48\attempts\coverage48_362b69f475c64b18bc40230adac5213f,validated,True,True,completed search,single_active_B,44.0,1444.0,3.0470914127423825,k*(k+a),Anchored source/terminal included; single-graph construction complete,Thesis Observation 4 p.18 and section 5.1 p.26; manuscript section 4.4 pp.15-16,O(n^2 m^2),,,H8
hurricane:EP211990__EP152008:a0.5|CPS-3F,48,hurricane,EP211990__EP152008,0.5,CPS-3F,26,38,new,output\paper_v1\coverage_extension\slots\48\attempts\coverage48_362b69f475c64b18bc40230adac5213f,validated,True,True,completed search,single_edges_with_waits_B,98.0,990.0,9.8989898989899,H*(H+1)/2,Unique forward transitions plus exactly H waits; completed graph,Finite derivation from chain_graph() enumeration and pruning,O(n^2 m^2),,,H8
hurricane:EP211990__EP152008:a0.5|CPS-3F,48,hurricane,EP211990__EP152008,0.5,CPS-3F,26,38,new,output\paper_v1\coverage_extension\slots\48\attempts\coverage48_362b69f475c64b18bc40230adac5213f,validated,True,True,completed search,configuration_states_input_bound,202.0,976144.0,0.020693668147322528,n^2*m^2,All index combinations; includes source/terminal; no hidden asymptotic constant,Thesis Observation 4 p.18 and section 5.1 p.26; manuscript section 4.4 pp.15-16,O(n^2 m^2),,,H8
hurricane:EP211990__EP152008:a0.5|CPS-3F,48,hurricane,EP211990__EP152008,0.5,CPS-3F,26,38,new,output\paper_v1\coverage_extension\slots\48\attempts\coverage48_362b69f475c64b18bc40230adac5213f,validated,True,True,completed search,configuration_states_active_bound,202.0,1584.0,12.752525252525253,H_A*H_B,Completed single graphs; includes coupling-invalid combinations,Thesis Observation 4 p.18 and section 5.1 p.26; manuscript section 4.4 pp.15-16,O(n^2 m^2),,,H8
hurricane:EP211990__EP152008:a0.5|CPS-3F,48,hurricane,EP211990__EP152008,0.5,CPS-3F,26,38,new,output\paper_v1\coverage_extension\slots\48\attempts\coverage48_362b69f475c64b18bc40230adac5213f,validated,True,True,completed search,candidate_transition_checks,978.0,8314.0,11.763290834736589,E_A*E_B-H_A*H_B,No duplicate single-graph entries; each product source popped once; excludes simultaneous waits,Finite derivation from solve_cps() and chain_graph(); see graph_bounds.md,O(n^2 m^2),,,H8
hurricane:EP211990__EP152008:a0.5|CPS-3F,48,hurricane,EP211990__EP152008,0.5,CPS-3F,26,38,new,output\paper_v1\coverage_extension\slots\48\attempts\coverage48_362b69f475c64b18bc40230adac5213f,validated,True,True,completed search,unique_configuration_edges,,1253736.0,,"N*(N-1)/2, N=H_A*H_B",Product graph not materialized; no observed unique-edge count; strict forward topological order,Finite DAG counting derivation; not a transition-check measurement,O(n^2 m^2),Counter unavailable or phase not reached; historical runs not rerun,,H8
hurricane:EP211990__EP152008:a0.5|CPS-3F,48,hurricane,EP211990__EP152008,0.5,CPS-3F,26,38,new,output\paper_v1\coverage_extension\slots\48\attempts\coverage48_362b69f475c64b18bc40230adac5213f,validated,True,True,completed search,dynamic_programming_labels,,41184.0,,n*H_A*H_B,At most n distinct A-hop counts per state; labels not instrumented,Thesis section5.1; manuscript section4.4; solve_cps values dictionaries,O(n^2 m^2),Counter unavailable or phase not reached; historical runs not rerun,,H8
hurricane:EP041981__EP211992:a0.5|CPS-2F,51,hurricane,EP041981__EP211992,0.5,CPS-2F,25,40,new,output\paper_v1\coverage_extension\slots\51\attempts\coverage51_2c8472d7d1364a8f98e47021d71f6cae,validated,True,True,completed search,auxiliary_A,48.0,1200.0,4.0,2 k(k-1),Interior curve-parameter intersections; CPS-3F percentage not applicable,Thesis Observation 4 p.18 and section 5.1 p.26; manuscript section 4.4 pp.15-16,O(n^3 m^3),,,H9
hurricane:EP041981__EP211992:a0.5|CPS-2F,51,hurricane,EP041981__EP211992,0.5,CPS-2F,25,40,new,output\paper_v1\coverage_extension\slots\51\attempts\coverage51_2c8472d7d1364a8f98e47021d71f6cae,validated,True,True,completed search,single_dense_A,1825.0,30625.0,5.959183673469388,k*(k+2k(k-1)),"Dense indexing slots, not valid vertices",Thesis Observation 4 p.18 and section 5.1 p.26; manuscript section 4.4 pp.15-16,O(n^3 m^3),,,H9
hurricane:EP041981__EP211992:a0.5|CPS-2F,51,hurricane,EP041981__EP211992,0.5,CPS-2F,25,40,new,output\paper_v1\coverage_extension\slots\51\attempts\coverage51_2c8472d7d1364a8f98e47021d71f6cae,validated,True,True,completed search,single_active_A,95.0,1825.0,5.205479452054795,k*(k+a),Anchored source/terminal included; single-graph construction complete,Thesis Observation 4 p.18 and section 5.1 p.26; manuscript section 4.4 pp.15-16,O(n^3 m^3),,,H9
hurricane:EP041981__EP211992:a0.5|CPS-2F,51,hurricane,EP041981__EP211992,0.5,CPS-2F,25,40,new,output\paper_v1\coverage_extension\slots\51\attempts\coverage51_2c8472d7d1364a8f98e47021d71f6cae,validated,True,True,completed search,single_edges_with_waits_A,4501.0,4560.0,98.70614035087719,H*(H+1)/2,Unique forward transitions plus exactly H waits; completed graph,Finite derivation from chain_graph() enumeration and pruning,O(n^3 m^3),,,H9
hurricane:EP041981__EP211992:a0.5|CPS-2F,51,hurricane,EP041981__EP211992,0.5,CPS-2F,25,40,new,output\paper_v1\coverage_extension\slots\51\attempts\coverage51_2c8472d7d1364a8f98e47021d71f6cae,validated,True,True,completed search,auxiliary_B,78.0,3120.0,2.5,2 k(k-1),Interior curve-parameter intersections; CPS-3F percentage not applicable,Thesis Observation 4 p.18 and section 5.1 p.26; manuscript section 4.4 pp.15-16,O(n^3 m^3),,,H9
hurricane:EP041981__EP211992:a0.5|CPS-2F,51,hurricane,EP041981__EP211992,0.5,CPS-2F,25,40,new,output\paper_v1\coverage_extension\slots\51\attempts\coverage51_2c8472d7d1364a8f98e47021d71f6cae,validated,True,True,completed search,single_dense_B,4720.0,126400.0,3.7341772151898733,k*(k+2k(k-1)),"Dense indexing slots, not valid vertices",Thesis Observation 4 p.18 and section 5.1 p.26; manuscript section 4.4 pp.15-16,O(n^3 m^3),,,H9
hurricane:EP041981__EP211992:a0.5|CPS-2F,51,hurricane,EP041981__EP211992,0.5,CPS-2F,25,40,new,output\paper_v1\coverage_extension\slots\51\attempts\coverage51_2c8472d7d1364a8f98e47021d71f6cae,validated,True,True,completed search,single_active_B,166.0,4720.0,3.516949152542373,k*(k+a),Anchored source/terminal included; single-graph construction complete,Thesis Observation 4 p.18 and section 5.1 p.26; manuscript section 4.4 pp.15-16,O(n^3 m^3),,,H9
hurricane:EP041981__EP211992:a0.5|CPS-2F,51,hurricane,EP041981__EP211992,0.5,CPS-2F,25,40,new,output\paper_v1\coverage_extension\slots\51\attempts\coverage51_2c8472d7d1364a8f98e47021d71f6cae,validated,True,True,completed search,single_edges_with_waits_B,4437.0,13861.0,32.01067744030012,H*(H+1)/2,Unique forward transitions plus exactly H waits; completed graph,Finite derivation from chain_graph() enumeration and pruning,O(n^3 m^3),,,H9
hurricane:EP041981__EP211992:a0.5|CPS-2F,51,hurricane,EP041981__EP211992,0.5,CPS-2F,25,40,new,output\paper_v1\coverage_extension\slots\51\attempts\coverage51_2c8472d7d1364a8f98e47021d71f6cae,validated,True,True,completed search,configuration_states_input_bound,3810.0,3871000000.0,9.842417979850168e-05,n*m*(n+2n(n-1))*(m+2m(m-1)),All index combinations; includes source/terminal; no hidden asymptotic constant,Thesis Observation 4 p.18 and section 5.1 p.26; manuscript section 4.4 pp.15-16,O(n^3 m^3),,,H9
hurricane:EP041981__EP211992:a0.5|CPS-2F,51,hurricane,EP041981__EP211992,0.5,CPS-2F,25,40,new,output\paper_v1\coverage_extension\slots\51\attempts\coverage51_2c8472d7d1364a8f98e47021d71f6cae,validated,True,True,completed search,configuration_states_extended_bound,3810.0,8614000.0,0.04423032273043882,n*m*(n+aA)*(m+aB),Actual extended-curve sizes; all index combinations,Thesis Observation 4 p.18 and section 5.1 p.26; manuscript section 4.4 pp.15-16,O(n^3 m^3),,,H9
hurricane:EP041981__EP211992:a0.5|CPS-2F,51,hurricane,EP041981__EP211992,0.5,CPS-2F,25,40,new,output\paper_v1\coverage_extension\slots\51\attempts\coverage51_2c8472d7d1364a8f98e47021d71f6cae,validated,True,True,completed search,configuration_states_active_bound,3810.0,15770.0,24.15979708306912,H_A*H_B,Completed single graphs; includes coupling-invalid combinations,Thesis Observation 4 p.18 and section 5.1 p.26; manuscript section 4.4 pp.15-16,O(n^3 m^3),,,H9
hurricane:EP041981__EP211992:a0.5|CPS-2F,51,hurricane,EP041981__EP211992,0.5,CPS-2F,25,40,new,output\paper_v1\coverage_extension\slots\51\attempts\coverage51_2c8472d7d1364a8f98e47021d71f6cae,validated,True,True,completed search,candidate_transition_checks,1472665.0,19955167.0,7.379868081284411,E_A*E_B-H_A*H_B,No duplicate single-graph entries; each product source popped once; excludes simultaneous waits,Finite derivation from solve_cps() and chain_graph(); see graph_bounds.md,O(n^3 m^3),,,H9
hurricane:EP041981__EP211992:a0.5|CPS-2F,51,hurricane,EP041981__EP211992,0.5,CPS-2F,25,40,new,output\paper_v1\coverage_extension\slots\51\attempts\coverage51_2c8472d7d1364a8f98e47021d71f6cae,validated,True,True,completed search,unique_configuration_edges,,124338565.0,,"N*(N-1)/2, N=H_A*H_B",Product graph not materialized; no observed unique-edge count; strict forward topological order,Finite DAG counting derivation; not a transition-check measurement,O(n^3 m^3),Counter unavailable or phase not reached; historical runs not rerun,,H9
hurricane:EP041981__EP211992:a0.5|CPS-2F,51,hurricane,EP041981__EP211992,0.5,CPS-2F,25,40,new,output\paper_v1\coverage_extension\slots\51\attempts\coverage51_2c8472d7d1364a8f98e47021d71f6cae,validated,True,True,completed search,dynamic_programming_labels,,394250.0,,n*H_A*H_B,At most n distinct A-hop counts per state; labels not instrumented,Thesis section5.1; manuscript section4.4; solve_cps values dictionaries,O(n^3 m^3),Counter unavailable or phase not reached; historical runs not rerun,,H9
hurricane:EP041981__EP211992:a0.5|CPS-3F,52,hurricane,EP041981__EP211992,0.5,CPS-3F,25,40,new,output\paper_v1\coverage_extension\slots\52\attempts\coverage52_7629beed627b42709681a8a5ffb84a23,validated,True,True,completed search,auxiliary_A,0.0,0.0,,0 (no auxiliary locations),Interior curve-parameter intersections; CPS-3F percentage not applicable,Thesis Observation 4 p.18 and section 5.1 p.26; manuscript section 4.4 pp.15-16,O(n^2 m^2),,Zero/non-applicable bound,H9
hurricane:EP041981__EP211992:a0.5|CPS-3F,52,hurricane,EP041981__EP211992,0.5,CPS-3F,25,40,new,output\paper_v1\coverage_extension\slots\52\attempts\coverage52_7629beed627b42709681a8a5ffb84a23,validated,True,True,completed search,single_dense_A,625.0,625.0,100.0,k^2,"Dense indexing slots, not valid vertices",Thesis Observation 4 p.18 and section 5.1 p.26; manuscript section 4.4 pp.15-16,O(n^2 m^2),,,H9
hurricane:EP041981__EP211992:a0.5|CPS-3F,52,hurricane,EP041981__EP211992,0.5,CPS-3F,25,40,new,output\paper_v1\coverage_extension\slots\52\attempts\coverage52_7629beed627b42709681a8a5ffb84a23,validated,True,True,completed search,single_active_A,25.0,625.0,4.0,k*(k+a),Anchored source/terminal included; single-graph construction complete,Thesis Observation 4 p.18 and section 5.1 p.26; manuscript section 4.4 pp.15-16,O(n^2 m^2),,,H9
hurricane:EP041981__EP211992:a0.5|CPS-3F,52,hurricane,EP041981__EP211992,0.5,CPS-3F,25,40,new,output\paper_v1\coverage_extension\slots\52\attempts\coverage52_7629beed627b42709681a8a5ffb84a23,validated,True,True,completed search,single_edges_with_waits_A,49.0,325.0,15.076923076923077,H*(H+1)/2,Unique forward transitions plus exactly H waits; completed graph,Finite derivation from chain_graph() enumeration and pruning,O(n^2 m^2),,,H9
hurricane:EP041981__EP211992:a0.5|CPS-3F,52,hurricane,EP041981__EP211992,0.5,CPS-3F,25,40,new,output\paper_v1\coverage_extension\slots\52\attempts\coverage52_7629beed627b42709681a8a5ffb84a23,validated,True,True,completed search,auxiliary_B,0.0,0.0,,0 (no auxiliary locations),Interior curve-parameter intersections; CPS-3F percentage not applicable,Thesis Observation 4 p.18 and section 5.1 p.26; manuscript section 4.4 pp.15-16,O(n^2 m^2),,Zero/non-applicable bound,H9
hurricane:EP041981__EP211992:a0.5|CPS-3F,52,hurricane,EP041981__EP211992,0.5,CPS-3F,25,40,new,output\paper_v1\coverage_extension\slots\52\attempts\coverage52_7629beed627b42709681a8a5ffb84a23,validated,True,True,completed search,single_dense_B,1600.0,1600.0,100.0,k^2,"Dense indexing slots, not valid vertices",Thesis Observation 4 p.18 and section 5.1 p.26; manuscript section 4.4 pp.15-16,O(n^2 m^2),,,H9
hurricane:EP041981__EP211992:a0.5|CPS-3F,52,hurricane,EP041981__EP211992,0.5,CPS-3F,25,40,new,output\paper_v1\coverage_extension\slots\52\attempts\coverage52_7629beed627b42709681a8a5ffb84a23,validated,True,True,completed search,single_active_B,40.0,1600.0,2.5,k*(k+a),Anchored source/terminal included; single-graph construction complete,Thesis Observation 4 p.18 and section 5.1 p.26; manuscript section 4.4 pp.15-16,O(n^2 m^2),,,H9
hurricane:EP041981__EP211992:a0.5|CPS-3F,52,hurricane,EP041981__EP211992,0.5,CPS-3F,25,40,new,output\paper_v1\coverage_extension\slots\52\attempts\coverage52_7629beed627b42709681a8a5ffb84a23,validated,True,True,completed search,single_edges_with_waits_B,79.0,820.0,9.634146341463415,H*(H+1)/2,Unique forward transitions plus exactly H waits; completed graph,Finite derivation from chain_graph() enumeration and pruning,O(n^2 m^2),,,H9
hurricane:EP041981__EP211992:a0.5|CPS-3F,52,hurricane,EP041981__EP211992,0.5,CPS-3F,25,40,new,output\paper_v1\coverage_extension\slots\52\attempts\coverage52_7629beed627b42709681a8a5ffb84a23,validated,True,True,completed search,configuration_states_input_bound,260.0,1000000.0,0.026,n^2*m^2,All index combinations; includes source/terminal; no hidden asymptotic constant,Thesis Observation 4 p.18 and section 5.1 p.26; manuscript section 4.4 pp.15-16,O(n^2 m^2),,,H9
hurricane:EP041981__EP211992:a0.5|CPS-3F,52,hurricane,EP041981__EP211992,0.5,CPS-3F,25,40,new,output\paper_v1\coverage_extension\slots\52\attempts\coverage52_7629beed627b42709681a8a5ffb84a23,validated,True,True,completed search,configuration_states_active_bound,260.0,1000.0,26.0,H_A*H_B,Completed single graphs; includes coupling-invalid combinations,Thesis Observation 4 p.18 and section 5.1 p.26; manuscript section 4.4 pp.15-16,O(n^2 m^2),,,H9
hurricane:EP041981__EP211992:a0.5|CPS-3F,52,hurricane,EP041981__EP211992,0.5,CPS-3F,25,40,new,output\paper_v1\coverage_extension\slots\52\attempts\coverage52_7629beed627b42709681a8a5ffb84a23,validated,True,True,completed search,candidate_transition_checks,679.0,2871.0,23.65029606408917,E_A*E_B-H_A*H_B,No duplicate single-graph entries; each product source popped once; excludes simultaneous waits,Finite derivation from solve_cps() and chain_graph(); see graph_bounds.md,O(n^2 m^2),,,H9
hurricane:EP041981__EP211992:a0.5|CPS-3F,52,hurricane,EP041981__EP211992,0.5,CPS-3F,25,40,new,output\paper_v1\coverage_extension\slots\52\attempts\coverage52_7629beed627b42709681a8a5ffb84a23,validated,True,True,completed search,unique_configuration_edges,,499500.0,,"N*(N-1)/2, N=H_A*H_B",Product graph not materialized; no observed unique-edge count; strict forward topological order,Finite DAG counting derivation; not a transition-check measurement,O(n^2 m^2),Counter unavailable or phase not reached; historical runs not rerun,,H9
hurricane:EP041981__EP211992:a0.5|CPS-3F,52,hurricane,EP041981__EP211992,0.5,CPS-3F,25,40,new,output\paper_v1\coverage_extension\slots\52\attempts\coverage52_7629beed627b42709681a8a5ffb84a23,validated,True,True,completed search,dynamic_programming_labels,,25000.0,,n*H_A*H_B,At most n distinct A-hop counts per state; labels not instrumented,Thesis section5.1; manuscript section4.4; solve_cps values dictionaries,O(n^2 m^2),Counter unavailable or phase not reached; historical runs not rerun,,H9
hurricane:AL181887__AL091888:a0.5|CPS-2F,55,hurricane,AL181887__AL091888,0.5,CPS-2F,26,64,new,output\paper_v1\coverage_extension\slots\55\attempts\coverage55_36facae9ae4c474291ca5ad092b5f61a,validated,True,True,completed search,auxiliary_A,50.0,1300.0,3.8461538461538463,2 k(k-1),Interior curve-parameter intersections; CPS-3F percentage not applicable,Thesis Observation 4 p.18 and section 5.1 p.26; manuscript section 4.4 pp.15-16,O(n^3 m^3),,,H10
hurricane:AL181887__AL091888:a0.5|CPS-2F,55,hurricane,AL181887__AL091888,0.5,CPS-2F,26,64,new,output\paper_v1\coverage_extension\slots\55\attempts\coverage55_36facae9ae4c474291ca5ad092b5f61a,validated,True,True,completed search,single_dense_A,1976.0,34476.0,5.731523378582202,k*(k+2k(k-1)),"Dense indexing slots, not valid vertices",Thesis Observation 4 p.18 and section 5.1 p.26; manuscript section 4.4 pp.15-16,O(n^3 m^3),,,H10
hurricane:AL181887__AL091888:a0.5|CPS-2F,55,hurricane,AL181887__AL091888,0.5,CPS-2F,26,64,new,output\paper_v1\coverage_extension\slots\55\attempts\coverage55_36facae9ae4c474291ca5ad092b5f61a,validated,True,True,completed search,single_active_A,104.0,1976.0,5.2631578947368425,k*(k+a),Anchored source/terminal included; single-graph construction complete,Thesis Observation 4 p.18 and section 5.1 p.26; manuscript section 4.4 pp.15-16,O(n^3 m^3),,,H10
hurricane:AL181887__AL091888:a0.5|CPS-2F,55,hurricane,AL181887__AL091888,0.5,CPS-2F,26,64,new,output\paper_v1\coverage_extension\slots\55\attempts\coverage55_36facae9ae4c474291ca5ad092b5f61a,validated,True,True,completed search,single_edges_with_waits_A,2235.0,5460.0,40.934065934065934,H*(H+1)/2,Unique forward transitions plus exactly H waits; completed graph,Finite derivation from chain_graph() enumeration and pruning,O(n^3 m^3),,,H10
hurricane:AL181887__AL091888:a0.5|CPS-2F,55,hurricane,AL181887__AL091888,0.5,CPS-2F,26,64,new,output\paper_v1\coverage_extension\slots\55\attempts\coverage55_36facae9ae4c474291ca5ad092b5f61a,validated,True,True,completed search,auxiliary_B,126.0,8064.0,1.5625,2 k(k-1),Interior curve-parameter intersections; CPS-3F percentage not applicable,Thesis Observation 4 p.18 and section 5.1 p.26; manuscript section 4.4 pp.15-16,O(n^3 m^3),,,H10
hurricane:AL181887__AL091888:a0.5|CPS-2F,55,hurricane,AL181887__AL091888,0.5,CPS-2F,26,64,new,output\paper_v1\coverage_extension\slots\55\attempts\coverage55_36facae9ae4c474291ca5ad092b5f61a,validated,True,True,completed search,single_dense_B,12160.0,520192.0,2.3375984251968505,k*(k+2k(k-1)),"Dense indexing slots, not valid vertices",Thesis Observation 4 p.18 and section 5.1 p.26; manuscript section 4.4 pp.15-16,O(n^3 m^3),,,H10
hurricane:AL181887__AL091888:a0.5|CPS-2F,55,hurricane,AL181887__AL091888,0.5,CPS-2F,26,64,new,output\paper_v1\coverage_extension\slots\55\attempts\coverage55_36facae9ae4c474291ca5ad092b5f61a,validated,True,True,completed search,single_active_B,266.0,12160.0,2.1875,k*(k+a),Anchored source/terminal included; single-graph construction complete,Thesis Observation 4 p.18 and section 5.1 p.26; manuscript section 4.4 pp.15-16,O(n^3 m^3),,,H10
hurricane:AL181887__AL091888:a0.5|CPS-2F,55,hurricane,AL181887__AL091888,0.5,CPS-2F,26,64,new,output\paper_v1\coverage_extension\slots\55\attempts\coverage55_36facae9ae4c474291ca5ad092b5f61a,validated,True,True,completed search,single_edges_with_waits_B,11737.0,35511.0,33.051730449719805,H*(H+1)/2,Unique forward transitions plus exactly H waits; completed graph,Finite derivation from chain_graph() enumeration and pruning,O(n^3 m^3),,,H10
hurricane:AL181887__AL091888:a0.5|CPS-2F,55,hurricane,AL181887__AL091888,0.5,CPS-2F,26,64,new,output\paper_v1\coverage_extension\slots\55\attempts\coverage55_36facae9ae4c474291ca5ad092b5f61a,validated,True,True,completed search,configuration_states_input_bound,8659.0,17934139392.0,4.8282216451727686e-05,n*m*(n+2n(n-1))*(m+2m(m-1)),All index combinations; includes source/terminal; no hidden asymptotic constant,Thesis Observation 4 p.18 and section 5.1 p.26; manuscript section 4.4 pp.15-16,O(n^3 m^3),,,H10
hurricane:AL181887__AL091888:a0.5|CPS-2F,55,hurricane,AL181887__AL091888,0.5,CPS-2F,26,64,new,output\paper_v1\coverage_extension\slots\55\attempts\coverage55_36facae9ae4c474291ca5ad092b5f61a,validated,True,True,completed search,configuration_states_extended_bound,8659.0,24028160.0,0.03603688339015555,n*m*(n+aA)*(m+aB),Actual extended-curve sizes; all index combinations,Thesis Observation 4 p.18 and section 5.1 p.26; manuscript section 4.4 pp.15-16,O(n^3 m^3),,,H10
hurricane:AL181887__AL091888:a0.5|CPS-2F,55,hurricane,AL181887__AL091888,0.5,CPS-2F,26,64,new,output\paper_v1\coverage_extension\slots\55\attempts\coverage55_36facae9ae4c474291ca5ad092b5f61a,validated,True,True,completed search,configuration_states_active_bound,8659.0,27664.0,31.30060728744939,H_A*H_B,Completed single graphs; includes coupling-invalid combinations,Thesis Observation 4 p.18 and section 5.1 p.26; manuscript section 4.4 pp.15-16,O(n^3 m^3),,,H10
hurricane:AL181887__AL091888:a0.5|CPS-2F,55,hurricane,AL181887__AL091888,0.5,CPS-2F,26,64,new,output\paper_v1\coverage_extension\slots\55\attempts\coverage55_36facae9ae4c474291ca5ad092b5f61a,validated,True,True,completed search,candidate_transition_checks,5753071.0,26204531.0,21.954489473595235,E_A*E_B-H_A*H_B,No duplicate single-graph entries; each product source popped once; excludes simultaneous waits,Finite derivation from solve_cps() and chain_graph(); see graph_bounds.md,O(n^3 m^3),,,H10
hurricane:AL181887__AL091888:a0.5|CPS-2F,55,hurricane,AL181887__AL091888,0.5,CPS-2F,26,64,new,output\paper_v1\coverage_extension\slots\55\attempts\coverage55_36facae9ae4c474291ca5ad092b5f61a,validated,True,True,completed search,unique_configuration_edges,,382634616.0,,"N*(N-1)/2, N=H_A*H_B",Product graph not materialized; no observed unique-edge count; strict forward topological order,Finite DAG counting derivation; not a transition-check measurement,O(n^3 m^3),Counter unavailable or phase not reached; historical runs not rerun,,H10
hurricane:AL181887__AL091888:a0.5|CPS-2F,55,hurricane,AL181887__AL091888,0.5,CPS-2F,26,64,new,output\paper_v1\coverage_extension\slots\55\attempts\coverage55_36facae9ae4c474291ca5ad092b5f61a,validated,True,True,completed search,dynamic_programming_labels,,719264.0,,n*H_A*H_B,At most n distinct A-hop counts per state; labels not instrumented,Thesis section5.1; manuscript section4.4; solve_cps values dictionaries,O(n^3 m^3),Counter unavailable or phase not reached; historical runs not rerun,,H10
hurricane:AL181887__AL091888:a0.5|CPS-3F,56,hurricane,AL181887__AL091888,0.5,CPS-3F,26,64,new,output\paper_v1\coverage_extension\slots\56\attempts\coverage56_bae8233866794268a95ea28a702e30c7,validated,True,True,completed search,auxiliary_A,0.0,0.0,,0 (no auxiliary locations),Interior curve-parameter intersections; CPS-3F percentage not applicable,Thesis Observation 4 p.18 and section 5.1 p.26; manuscript section 4.4 pp.15-16,O(n^2 m^2),,Zero/non-applicable bound,H10
hurricane:AL181887__AL091888:a0.5|CPS-3F,56,hurricane,AL181887__AL091888,0.5,CPS-3F,26,64,new,output\paper_v1\coverage_extension\slots\56\attempts\coverage56_bae8233866794268a95ea28a702e30c7,validated,True,True,completed search,single_dense_A,676.0,676.0,100.0,k^2,"Dense indexing slots, not valid vertices",Thesis Observation 4 p.18 and section 5.1 p.26; manuscript section 4.4 pp.15-16,O(n^2 m^2),,,H10
hurricane:AL181887__AL091888:a0.5|CPS-3F,56,hurricane,AL181887__AL091888,0.5,CPS-3F,26,64,new,output\paper_v1\coverage_extension\slots\56\attempts\coverage56_bae8233866794268a95ea28a702e30c7,validated,True,True,completed search,single_active_A,26.0,676.0,3.8461538461538463,k*(k+a),Anchored source/terminal included; single-graph construction complete,Thesis Observation 4 p.18 and section 5.1 p.26; manuscript section 4.4 pp.15-16,O(n^2 m^2),,,H10
hurricane:AL181887__AL091888:a0.5|CPS-3F,56,hurricane,AL181887__AL091888,0.5,CPS-3F,26,64,new,output\paper_v1\coverage_extension\slots\56\attempts\coverage56_bae8233866794268a95ea28a702e30c7,validated,True,True,completed search,single_edges_with_waits_A,51.0,351.0,14.52991452991453,H*(H+1)/2,Unique forward transitions plus exactly H waits; completed graph,Finite derivation from chain_graph() enumeration and pruning,O(n^2 m^2),,,H10
hurricane:AL181887__AL091888:a0.5|CPS-3F,56,hurricane,AL181887__AL091888,0.5,CPS-3F,26,64,new,output\paper_v1\coverage_extension\slots\56\attempts\coverage56_bae8233866794268a95ea28a702e30c7,validated,True,True,completed search,auxiliary_B,0.0,0.0,,0 (no auxiliary locations),Interior curve-parameter intersections; CPS-3F percentage not applicable,Thesis Observation 4 p.18 and section 5.1 p.26; manuscript section 4.4 pp.15-16,O(n^2 m^2),,Zero/non-applicable bound,H10
hurricane:AL181887__AL091888:a0.5|CPS-3F,56,hurricane,AL181887__AL091888,0.5,CPS-3F,26,64,new,output\paper_v1\coverage_extension\slots\56\attempts\coverage56_bae8233866794268a95ea28a702e30c7,validated,True,True,completed search,single_dense_B,4096.0,4096.0,100.0,k^2,"Dense indexing slots, not valid vertices",Thesis Observation 4 p.18 and section 5.1 p.26; manuscript section 4.4 pp.15-16,O(n^2 m^2),,,H10
hurricane:AL181887__AL091888:a0.5|CPS-3F,56,hurricane,AL181887__AL091888,0.5,CPS-3F,26,64,new,output\paper_v1\coverage_extension\slots\56\attempts\coverage56_bae8233866794268a95ea28a702e30c7,validated,True,True,completed search,single_active_B,68.0,4096.0,1.66015625,k*(k+a),Anchored source/terminal included; single-graph construction complete,Thesis Observation 4 p.18 and section 5.1 p.26; manuscript section 4.4 pp.15-16,O(n^2 m^2),,,H10
hurricane:AL181887__AL091888:a0.5|CPS-3F,56,hurricane,AL181887__AL091888,0.5,CPS-3F,26,64,new,output\paper_v1\coverage_extension\slots\56\attempts\coverage56_bae8233866794268a95ea28a702e30c7,validated,True,True,completed search,single_edges_with_waits_B,144.0,2346.0,6.138107416879795,H*(H+1)/2,Unique forward transitions plus exactly H waits; completed graph,Finite derivation from chain_graph() enumeration and pruning,O(n^2 m^2),,,H10
hurricane:AL181887__AL091888:a0.5|CPS-3F,56,hurricane,AL181887__AL091888,0.5,CPS-3F,26,64,new,output\paper_v1\coverage_extension\slots\56\attempts\coverage56_bae8233866794268a95ea28a702e30c7,validated,True,True,completed search,configuration_states_input_bound,508.0,2768896.0,0.018346662352071007,n^2*m^2,All index combinations; includes source/terminal; no hidden asymptotic constant,Thesis Observation 4 p.18 and section 5.1 p.26; manuscript section 4.4 pp.15-16,O(n^2 m^2),,,H10
hurricane:AL181887__AL091888:a0.5|CPS-3F,56,hurricane,AL181887__AL091888,0.5,CPS-3F,26,64,new,output\paper_v1\coverage_extension\slots\56\attempts\coverage56_bae8233866794268a95ea28a702e30c7,validated,True,True,completed search,configuration_states_active_bound,508.0,1768.0,28.733031674208146,H_A*H_B,Completed single graphs; includes coupling-invalid combinations,Thesis Observation 4 p.18 and section 5.1 p.26; manuscript section 4.4 pp.15-16,O(n^2 m^2),,,H10
hurricane:AL181887__AL091888:a0.5|CPS-3F,56,hurricane,AL181887__AL091888,0.5,CPS-3F,26,64,new,output\paper_v1\coverage_extension\slots\56\attempts\coverage56_bae8233866794268a95ea28a702e30c7,validated,True,True,completed search,candidate_transition_checks,1417.0,5576.0,25.412482065997132,E_A*E_B-H_A*H_B,No duplicate single-graph entries; each product source popped once; excludes simultaneous waits,Finite derivation from solve_cps() and chain_graph(); see graph_bounds.md,O(n^2 m^2),,,H10
hurricane:AL181887__AL091888:a0.5|CPS-3F,56,hurricane,AL181887__AL091888,0.5,CPS-3F,26,64,new,output\paper_v1\coverage_extension\slots\56\attempts\coverage56_bae8233866794268a95ea28a702e30c7,validated,True,True,completed search,unique_configuration_edges,,1562028.0,,"N*(N-1)/2, N=H_A*H_B",Product graph not materialized; no observed unique-edge count; strict forward topological order,Finite DAG counting derivation; not a transition-check measurement,O(n^2 m^2),Counter unavailable or phase not reached; historical runs not rerun,,H10
hurricane:AL181887__AL091888:a0.5|CPS-3F,56,hurricane,AL181887__AL091888,0.5,CPS-3F,26,64,new,output\paper_v1\coverage_extension\slots\56\attempts\coverage56_bae8233866794268a95ea28a702e30c7,validated,True,True,completed search,dynamic_programming_labels,,45968.0,,n*H_A*H_B,At most n distinct A-hop counts per state; labels not instrumented,Thesis section5.1; manuscript section4.4; solve_cps values dictionaries,O(n^2 m^2),Counter unavailable or phase not reached; historical runs not rerun,,H10
hurricane:EP172000__EP061970:a0.5|CPS-2F,3,hurricane,EP172000__EP061970,0.5,CPS-2F,32,29,new,output\paper_v1\hurricane_extension_3\slots\03\attempts\hurricane3_03_b45df61f7c364569b48f895a3c451579,validated,True,True,completed search,auxiliary_A,62.0,1984.0,3.125,2 k(k-1),Interior curve-parameter intersections; CPS-3F percentage not applicable,Thesis Observation 4 p.18 and section 5.1 p.26; manuscript section 4.4 pp.15-16,O(n^3 m^3),,,H11
hurricane:EP172000__EP061970:a0.5|CPS-2F,3,hurricane,EP172000__EP061970,0.5,CPS-2F,32,29,new,output\paper_v1\hurricane_extension_3\slots\03\attempts\hurricane3_03_b45df61f7c364569b48f895a3c451579,validated,True,True,completed search,single_dense_A,3008.0,64512.0,4.662698412698413,k*(k+2k(k-1)),"Dense indexing slots, not valid vertices",Thesis Observation 4 p.18 and section 5.1 p.26; manuscript section 4.4 pp.15-16,O(n^3 m^3),,,H11
hurricane:EP172000__EP061970:a0.5|CPS-2F,3,hurricane,EP172000__EP061970,0.5,CPS-2F,32,29,new,output\paper_v1\hurricane_extension_3\slots\03\attempts\hurricane3_03_b45df61f7c364569b48f895a3c451579,validated,True,True,completed search,single_active_A,136.0,3008.0,4.5212765957446805,k*(k+a),Anchored source/terminal included; single-graph construction complete,Thesis Observation 4 p.18 and section 5.1 p.26; manuscript section 4.4 pp.15-16,O(n^3 m^3),,,H11
hurricane:EP172000__EP061970:a0.5|CPS-2F,3,hurricane,EP172000__EP061970,0.5,CPS-2F,32,29,new,output\paper_v1\hurricane_extension_3\slots\03\attempts\hurricane3_03_b45df61f7c364569b48f895a3c451579,validated,True,True,completed search,single_edges_with_waits_A,4233.0,9316.0,45.43795620437956,H*(H+1)/2,Unique forward transitions plus exactly H waits; completed graph,Finite derivation from chain_graph() enumeration and pruning,O(n^3 m^3),,,H11
hurricane:EP172000__EP061970:a0.5|CPS-2F,3,hurricane,EP172000__EP061970,0.5,CPS-2F,32,29,new,output\paper_v1\hurricane_extension_3\slots\03\attempts\hurricane3_03_b45df61f7c364569b48f895a3c451579,validated,True,True,completed search,auxiliary_B,56.0,1624.0,3.4482758620689653,2 k(k-1),Interior curve-parameter intersections; CPS-3F percentage not applicable,Thesis Observation 4 p.18 and section 5.1 p.26; manuscript section 4.4 pp.15-16,O(n^3 m^3),,,H11
hurricane:EP172000__EP061970:a0.5|CPS-2F,3,hurricane,EP172000__EP061970,0.5,CPS-2F,32,29,new,output\paper_v1\hurricane_extension_3\slots\03\attempts\hurricane3_03_b45df61f7c364569b48f895a3c451579,validated,True,True,completed search,single_dense_B,2465.0,47937.0,5.142165759225651,k*(k+2k(k-1)),"Dense indexing slots, not valid vertices",Thesis Observation 4 p.18 and section 5.1 p.26; manuscript section 4.4 pp.15-16,O(n^3 m^3),,,H11
hurricane:EP172000__EP061970:a0.5|CPS-2F,3,hurricane,EP172000__EP061970,0.5,CPS-2F,32,29,new,output\paper_v1\hurricane_extension_3\slots\03\attempts\hurricane3_03_b45df61f7c364569b48f895a3c451579,validated,True,True,completed search,single_active_B,137.0,2465.0,5.557809330628803,k*(k+a),Anchored source/terminal included; single-graph construction complete,Thesis Observation 4 p.18 and section 5.1 p.26; manuscript section 4.4 pp.15-16,O(n^3 m^3),,,H11
hurricane:EP172000__EP061970:a0.5|CPS-2F,3,hurricane,EP172000__EP061970,0.5,CPS-2F,32,29,new,output\paper_v1\hurricane_extension_3\slots\03\attempts\hurricane3_03_b45df61f7c364569b48f895a3c451579,validated,True,True,completed search,single_edges_with_waits_B,5245.0,9453.0,55.48503120702423,H*(H+1)/2,Unique forward transitions plus exactly H waits; completed graph,Finite derivation from chain_graph() enumeration and pruning,O(n^3 m^3),,,H11
hurricane:EP172000__EP061970:a0.5|CPS-2F,3,hurricane,EP172000__EP061970,0.5,CPS-2F,32,29,new,output\paper_v1\hurricane_extension_3\slots\03\attempts\hurricane3_03_b45df61f7c364569b48f895a3c451579,validated,True,True,completed search,configuration_states_input_bound,4069.0,3092511744.0,0.00013157589483352985,n*m*(n+2n(n-1))*(m+2m(m-1)),All index combinations; includes source/terminal; no hidden asymptotic constant,Thesis Observation 4 p.18 and section 5.1 p.26; manuscript section 4.4 pp.15-16,O(n^3 m^3),,,H11
hurricane:EP172000__EP061970:a0.5|CPS-2F,3,hurricane,EP172000__EP061970,0.5,CPS-2F,32,29,new,output\paper_v1\hurricane_extension_3\slots\03\attempts\hurricane3_03_b45df61f7c364569b48f895a3c451579,validated,True,True,completed search,configuration_states_extended_bound,4069.0,7414720.0,0.054877325104656684,n*m*(n+aA)*(m+aB),Actual extended-curve sizes; all index combinations,Thesis Observation 4 p.18 and section 5.1 p.26; manuscript section 4.4 pp.15-16,O(n^3 m^3),,,H11
hurricane:EP172000__EP061970:a0.5|CPS-2F,3,hurricane,EP172000__EP061970,0.5,CPS-2F,32,29,new,output\paper_v1\hurricane_extension_3\slots\03\attempts\hurricane3_03_b45df61f7c364569b48f895a3c451579,validated,True,True,completed search,configuration_states_active_bound,4069.0,18632.0,21.838772005152425,H_A*H_B,Completed single graphs; includes coupling-invalid combinations,Thesis Observation 4 p.18 and section 5.1 p.26; manuscript section 4.4 pp.15-16,O(n^3 m^3),,,H11
hurricane:EP172000__EP061970:a0.5|CPS-2F,3,hurricane,EP172000__EP061970,0.5,CPS-2F,32,29,new,output\paper_v1\hurricane_extension_3\slots\03\attempts\hurricane3_03_b45df61f7c364569b48f895a3c451579,validated,True,True,completed search,candidate_transition_checks,2176448.0,22183453.0,9.81113264918676,E_A*E_B-H_A*H_B,No duplicate single-graph entries; each product source popped once; excludes simultaneous waits,Finite derivation from solve_cps() and chain_graph(); see graph_bounds.md,O(n^3 m^3),,,H11
hurricane:EP172000__EP061970:a0.5|CPS-2F,3,hurricane,EP172000__EP061970,0.5,CPS-2F,32,29,new,output\paper_v1\hurricane_extension_3\slots\03\attempts\hurricane3_03_b45df61f7c364569b48f895a3c451579,validated,True,True,completed search,unique_configuration_edges,,173566396.0,,"N*(N-1)/2, N=H_A*H_B",Product graph not materialized; no observed unique-edge count; strict forward topological order,Finite DAG counting derivation; not a transition-check measurement,O(n^3 m^3),Counter unavailable or phase not reached; historical runs not rerun,,H11
hurricane:EP172000__EP061970:a0.5|CPS-2F,3,hurricane,EP172000__EP061970,0.5,CPS-2F,32,29,new,output\paper_v1\hurricane_extension_3\slots\03\attempts\hurricane3_03_b45df61f7c364569b48f895a3c451579,validated,True,True,completed search,dynamic_programming_labels,,596224.0,,n*H_A*H_B,At most n distinct A-hop counts per state; labels not instrumented,Thesis section5.1; manuscript section4.4; solve_cps values dictionaries,O(n^3 m^3),Counter unavailable or phase not reached; historical runs not rerun,,H11
hurricane:EP172000__EP061970:a0.5|CPS-3F,4,hurricane,EP172000__EP061970,0.5,CPS-3F,32,29,new,output\paper_v1\hurricane_extension_3\slots\04\attempts\hurricane3_04_ef3ef5b482a148d1861bbc99a0efbb34,validated,True,True,completed search,auxiliary_A,0.0,0.0,,0 (no auxiliary locations),Interior curve-parameter intersections; CPS-3F percentage not applicable,Thesis Observation 4 p.18 and section 5.1 p.26; manuscript section 4.4 pp.15-16,O(n^2 m^2),,Zero/non-applicable bound,H11
hurricane:EP172000__EP061970:a0.5|CPS-3F,4,hurricane,EP172000__EP061970,0.5,CPS-3F,32,29,new,output\paper_v1\hurricane_extension_3\slots\04\attempts\hurricane3_04_ef3ef5b482a148d1861bbc99a0efbb34,validated,True,True,completed search,single_dense_A,1024.0,1024.0,100.0,k^2,"Dense indexing slots, not valid vertices",Thesis Observation 4 p.18 and section 5.1 p.26; manuscript section 4.4 pp.15-16,O(n^2 m^2),,,H11
hurricane:EP172000__EP061970:a0.5|CPS-3F,4,hurricane,EP172000__EP061970,0.5,CPS-3F,32,29,new,output\paper_v1\hurricane_extension_3\slots\04\attempts\hurricane3_04_ef3ef5b482a148d1861bbc99a0efbb34,validated,True,True,completed search,single_active_A,36.0,1024.0,3.515625,k*(k+a),Anchored source/terminal included; single-graph construction complete,Thesis Observation 4 p.18 and section 5.1 p.26; manuscript section 4.4 pp.15-16,O(n^2 m^2),,,H11
hurricane:EP172000__EP061970:a0.5|CPS-3F,4,hurricane,EP172000__EP061970,0.5,CPS-3F,32,29,new,output\paper_v1\hurricane_extension_3\slots\04\attempts\hurricane3_04_ef3ef5b482a148d1861bbc99a0efbb34,validated,True,True,completed search,single_edges_with_waits_A,82.0,666.0,12.312312312312311,H*(H+1)/2,Unique forward transitions plus exactly H waits; completed graph,Finite derivation from chain_graph() enumeration and pruning,O(n^2 m^2),,,H11
hurricane:EP172000__EP061970:a0.5|CPS-3F,4,hurricane,EP172000__EP061970,0.5,CPS-3F,32,29,new,output\paper_v1\hurricane_extension_3\slots\04\attempts\hurricane3_04_ef3ef5b482a148d1861bbc99a0efbb34,validated,True,True,completed search,auxiliary_B,0.0,0.0,,0 (no auxiliary locations),Interior curve-parameter intersections; CPS-3F percentage not applicable,Thesis Observation 4 p.18 and section 5.1 p.26; manuscript section 4.4 pp.15-16,O(n^2 m^2),,Zero/non-applicable bound,H11
hurricane:EP172000__EP061970:a0.5|CPS-3F,4,hurricane,EP172000__EP061970,0.5,CPS-3F,32,29,new,output\paper_v1\hurricane_extension_3\slots\04\attempts\hurricane3_04_ef3ef5b482a148d1861bbc99a0efbb34,validated,True,True,completed search,single_dense_B,841.0,841.0,100.0,k^2,"Dense indexing slots, not valid vertices",Thesis Observation 4 p.18 and section 5.1 p.26; manuscript section 4.4 pp.15-16,O(n^2 m^2),,,H11
hurricane:EP172000__EP061970:a0.5|CPS-3F,4,hurricane,EP172000__EP061970,0.5,CPS-3F,32,29,new,output\paper_v1\hurricane_extension_3\slots\04\attempts\hurricane3_04_ef3ef5b482a148d1861bbc99a0efbb34,validated,True,True,completed search,single_active_B,37.0,841.0,4.399524375743163,k*(k+a),Anchored source/terminal included; single-graph construction complete,Thesis Observation 4 p.18 and section 5.1 p.26; manuscript section 4.4 pp.15-16,O(n^2 m^2),,,H11
hurricane:EP172000__EP061970:a0.5|CPS-3F,4,hurricane,EP172000__EP061970,0.5,CPS-3F,32,29,new,output\paper_v1\hurricane_extension_3\slots\04\attempts\hurricane3_04_ef3ef5b482a148d1861bbc99a0efbb34,validated,True,True,completed search,single_edges_with_waits_B,94.0,703.0,13.37126600284495,H*(H+1)/2,Unique forward transitions plus exactly H waits; completed graph,Finite derivation from chain_graph() enumeration and pruning,O(n^2 m^2),,,H11
hurricane:EP172000__EP061970:a0.5|CPS-3F,4,hurricane,EP172000__EP061970,0.5,CPS-3F,32,29,new,output\paper_v1\hurricane_extension_3\slots\04\attempts\hurricane3_04_ef3ef5b482a148d1861bbc99a0efbb34,validated,True,True,completed search,configuration_states_input_bound,350.0,861184.0,0.04064172116527943,n^2*m^2,All index combinations; includes source/terminal; no hidden asymptotic constant,Thesis Observation 4 p.18 and section 5.1 p.26; manuscript section 4.4 pp.15-16,O(n^2 m^2),,,H11
hurricane:EP172000__EP061970:a0.5|CPS-3F,4,hurricane,EP172000__EP061970,0.5,CPS-3F,32,29,new,output\paper_v1\hurricane_extension_3\slots\04\attempts\hurricane3_04_ef3ef5b482a148d1861bbc99a0efbb34,validated,True,True,completed search,configuration_states_active_bound,350.0,1332.0,26.276276276276278,H_A*H_B,Completed single graphs; includes coupling-invalid combinations,Thesis Observation 4 p.18 and section 5.1 p.26; manuscript section 4.4 pp.15-16,O(n^2 m^2),,,H11
hurricane:EP172000__EP061970:a0.5|CPS-3F,4,hurricane,EP172000__EP061970,0.5,CPS-3F,32,29,new,output\paper_v1\hurricane_extension_3\slots\04\attempts\hurricane3_04_ef3ef5b482a148d1861bbc99a0efbb34,validated,True,True,completed search,candidate_transition_checks,1250.0,6376.0,19.604767879548305,E_A*E_B-H_A*H_B,No duplicate single-graph entries; each product source popped once; excludes simultaneous waits,Finite derivation from solve_cps() and chain_graph(); see graph_bounds.md,O(n^2 m^2),,,H11
hurricane:EP172000__EP061970:a0.5|CPS-3F,4,hurricane,EP172000__EP061970,0.5,CPS-3F,32,29,new,output\paper_v1\hurricane_extension_3\slots\04\attempts\hurricane3_04_ef3ef5b482a148d1861bbc99a0efbb34,validated,True,True,completed search,unique_configuration_edges,,886446.0,,"N*(N-1)/2, N=H_A*H_B",Product graph not materialized; no observed unique-edge count; strict forward topological order,Finite DAG counting derivation; not a transition-check measurement,O(n^2 m^2),Counter unavailable or phase not reached; historical runs not rerun,,H11
hurricane:EP172000__EP061970:a0.5|CPS-3F,4,hurricane,EP172000__EP061970,0.5,CPS-3F,32,29,new,output\paper_v1\hurricane_extension_3\slots\04\attempts\hurricane3_04_ef3ef5b482a148d1861bbc99a0efbb34,validated,True,True,completed search,dynamic_programming_labels,,42624.0,,n*H_A*H_B,At most n distinct A-hop counts per state; labels not instrumented,Thesis section5.1; manuscript section4.4; solve_cps values dictionaries,O(n^2 m^2),Counter unavailable or phase not reached; historical runs not rerun,,H11
hurricane:EP111995__EP032014:a0.5|CPS-2F,7,hurricane,EP111995__EP032014,0.5,CPS-2F,41,41,new,output\paper_v1\hurricane_extension_3\slots\07\attempts\hurricane3_07_4c21c4ed71a9480f8e995dd5d7042530,validated,True,True,completed search,auxiliary_A,81.0,3280.0,2.4695121951219514,2 k(k-1),Interior curve-parameter intersections; CPS-3F percentage not applicable,Thesis Observation 4 p.18 and section 5.1 p.26; manuscript section 4.4 pp.15-16,O(n^3 m^3),,,H12
hurricane:EP111995__EP032014:a0.5|CPS-2F,7,hurricane,EP111995__EP032014,0.5,CPS-2F,41,41,new,output\paper_v1\hurricane_extension_3\slots\07\attempts\hurricane3_07_4c21c4ed71a9480f8e995dd5d7042530,validated,True,True,completed search,single_dense_A,5002.0,136161.0,3.6735922914784704,k*(k+2k(k-1)),"Dense indexing slots, not valid vertices",Thesis Observation 4 p.18 and section 5.1 p.26; manuscript section 4.4 pp.15-16,O(n^3 m^3),,,H12
hurricane:EP111995__EP032014:a0.5|CPS-2F,7,hurricane,EP111995__EP032014,0.5,CPS-2F,41,41,new,output\paper_v1\hurricane_extension_3\slots\07\attempts\hurricane3_07_4c21c4ed71a9480f8e995dd5d7042530,validated,True,True,completed search,single_active_A,203.0,5002.0,4.058376649340264,k*(k+a),Anchored source/terminal included; single-graph construction complete,Thesis Observation 4 p.18 and section 5.1 p.26; manuscript section 4.4 pp.15-16,O(n^3 m^3),,,H12
hurricane:EP111995__EP032014:a0.5|CPS-2F,7,hurricane,EP111995__EP032014,0.5,CPS-2F,41,41,new,output\paper_v1\hurricane_extension_3\slots\07\attempts\hurricane3_07_4c21c4ed71a9480f8e995dd5d7042530,validated,True,True,completed search,single_edges_with_waits_A,6367.0,20706.0,30.74954119578866,H*(H+1)/2,Unique forward transitions plus exactly H waits; completed graph,Finite derivation from chain_graph() enumeration and pruning,O(n^3 m^3),,,H12
hurricane:EP111995__EP032014:a0.5|CPS-2F,7,hurricane,EP111995__EP032014,0.5,CPS-2F,41,41,new,output\paper_v1\hurricane_extension_3\slots\07\attempts\hurricane3_07_4c21c4ed71a9480f8e995dd5d7042530,validated,True,True,completed search,auxiliary_B,90.0,3280.0,2.7439024390243905,2 k(k-1),Interior curve-parameter intersections; CPS-3F percentage not applicable,Thesis Observation 4 p.18 and section 5.1 p.26; manuscript section 4.4 pp.15-16,O(n^3 m^3),,,H12
hurricane:EP111995__EP032014:a0.5|CPS-2F,7,hurricane,EP111995__EP032014,0.5,CPS-2F,41,41,new,output\paper_v1\hurricane_extension_3\slots\07\attempts\hurricane3_07_4c21c4ed71a9480f8e995dd5d7042530,validated,True,True,completed search,single_dense_B,5371.0,136161.0,3.9445950015055704,k*(k+2k(k-1)),"Dense indexing slots, not valid vertices",Thesis Observation 4 p.18 and section 5.1 p.26; manuscript section 4.4 pp.15-16,O(n^3 m^3),,,H12
hurricane:EP111995__EP032014:a0.5|CPS-2F,7,hurricane,EP111995__EP032014,0.5,CPS-2F,41,41,new,output\paper_v1\hurricane_extension_3\slots\07\attempts\hurricane3_07_4c21c4ed71a9480f8e995dd5d7042530,validated,True,True,completed search,single_active_B,187.0,5371.0,3.4816607708061813,k*(k+a),Anchored source/terminal included; single-graph construction complete,Thesis Observation 4 p.18 and section 5.1 p.26; manuscript section 4.4 pp.15-16,O(n^3 m^3),,,H12
hurricane:EP111995__EP032014:a0.5|CPS-2F,7,hurricane,EP111995__EP032014,0.5,CPS-2F,41,41,new,output\paper_v1\hurricane_extension_3\slots\07\attempts\hurricane3_07_4c21c4ed71a9480f8e995dd5d7042530,validated,True,True,completed search,single_edges_with_waits_B,5665.0,17578.0,32.22778473091364,H*(H+1)/2,Unique forward transitions plus exactly H waits; completed graph,Finite derivation from chain_graph() enumeration and pruning,O(n^3 m^3),,,H12
hurricane:EP111995__EP032014:a0.5|CPS-2F,7,hurricane,EP111995__EP032014,0.5,CPS-2F,41,41,new,output\paper_v1\hurricane_extension_3\slots\07\attempts\hurricane3_07_4c21c4ed71a9480f8e995dd5d7042530,validated,True,True,completed search,configuration_states_input_bound,9335.0,18539817921.0,5.035108780343669e-05,n*m*(n+2n(n-1))*(m+2m(m-1)),All index combinations; includes source/terminal; no hidden asymptotic constant,Thesis Observation 4 p.18 and section 5.1 p.26; manuscript section 4.4 pp.15-16,O(n^3 m^3),,,H12
hurricane:EP111995__EP032014:a0.5|CPS-2F,7,hurricane,EP111995__EP032014,0.5,CPS-2F,41,41,new,output\paper_v1\hurricane_extension_3\slots\07\attempts\hurricane3_07_4c21c4ed71a9480f8e995dd5d7042530,validated,True,True,completed search,configuration_states_extended_bound,9335.0,26865742.0,0.03474685344629603,n*m*(n+aA)*(m+aB),Actual extended-curve sizes; all index combinations,Thesis Observation 4 p.18 and section 5.1 p.26; manuscript section 4.4 pp.15-16,O(n^3 m^3),,,H12
hurricane:EP111995__EP032014:a0.5|CPS-2F,7,hurricane,EP111995__EP032014,0.5,CPS-2F,41,41,new,output\paper_v1\hurricane_extension_3\slots\07\attempts\hurricane3_07_4c21c4ed71a9480f8e995dd5d7042530,validated,True,True,completed search,configuration_states_active_bound,9335.0,37961.0,24.591027633623984,H_A*H_B,Completed single graphs; includes coupling-invalid combinations,Thesis Observation 4 p.18 and section 5.1 p.26; manuscript section 4.4 pp.15-16,O(n^3 m^3),,,H12
hurricane:EP111995__EP032014:a0.5|CPS-2F,7,hurricane,EP111995__EP032014,0.5,CPS-2F,41,41,new,output\paper_v1\hurricane_extension_3\slots\07\attempts\hurricane3_07_4c21c4ed71a9480f8e995dd5d7042530,validated,True,True,completed search,candidate_transition_checks,5300017.0,36031094.0,14.709564466735316,E_A*E_B-H_A*H_B,No duplicate single-graph entries; each product source popped once; excludes simultaneous waits,Finite derivation from solve_cps() and chain_graph(); see graph_bounds.md,O(n^3 m^3),,,H12
hurricane:EP111995__EP032014:a0.5|CPS-2F,7,hurricane,EP111995__EP032014,0.5,CPS-2F,41,41,new,output\paper_v1\hurricane_extension_3\slots\07\attempts\hurricane3_07_4c21c4ed71a9480f8e995dd5d7042530,validated,True,True,completed search,unique_configuration_edges,,720499780.0,,"N*(N-1)/2, N=H_A*H_B",Product graph not materialized; no observed unique-edge count; strict forward topological order,Finite DAG counting derivation; not a transition-check measurement,O(n^3 m^3),Counter unavailable or phase not reached; historical runs not rerun,,H12
hurricane:EP111995__EP032014:a0.5|CPS-2F,7,hurricane,EP111995__EP032014,0.5,CPS-2F,41,41,new,output\paper_v1\hurricane_extension_3\slots\07\attempts\hurricane3_07_4c21c4ed71a9480f8e995dd5d7042530,validated,True,True,completed search,dynamic_programming_labels,,1556401.0,,n*H_A*H_B,At most n distinct A-hop counts per state; labels not instrumented,Thesis section5.1; manuscript section4.4; solve_cps values dictionaries,O(n^3 m^3),Counter unavailable or phase not reached; historical runs not rerun,,H12
hurricane:EP111995__EP032014:a0.5|CPS-3F,8,hurricane,EP111995__EP032014,0.5,CPS-3F,41,41,new,output\paper_v1\hurricane_extension_3\slots\08\attempts\hurricane3_08_c39016413aec43668328a3c20b36ffc0,validated,True,True,completed search,auxiliary_A,0.0,0.0,,0 (no auxiliary locations),Interior curve-parameter intersections; CPS-3F percentage not applicable,Thesis Observation 4 p.18 and section 5.1 p.26; manuscript section 4.4 pp.15-16,O(n^2 m^2),,Zero/non-applicable bound,H12
hurricane:EP111995__EP032014:a0.5|CPS-3F,8,hurricane,EP111995__EP032014,0.5,CPS-3F,41,41,new,output\paper_v1\hurricane_extension_3\slots\08\attempts\hurricane3_08_c39016413aec43668328a3c20b36ffc0,validated,True,True,completed search,single_dense_A,1681.0,1681.0,100.0,k^2,"Dense indexing slots, not valid vertices",Thesis Observation 4 p.18 and section 5.1 p.26; manuscript section 4.4 pp.15-16,O(n^2 m^2),,,H12
hurricane:EP111995__EP032014:a0.5|CPS-3F,8,hurricane,EP111995__EP032014,0.5,CPS-3F,41,41,new,output\paper_v1\hurricane_extension_3\slots\08\attempts\hurricane3_08_c39016413aec43668328a3c20b36ffc0,validated,True,True,completed search,single_active_A,58.0,1681.0,3.4503271861986913,k*(k+a),Anchored source/terminal included; single-graph construction complete,Thesis Observation 4 p.18 and section 5.1 p.26; manuscript section 4.4 pp.15-16,O(n^2 m^2),,,H12
hurricane:EP111995__EP032014:a0.5|CPS-3F,8,hurricane,EP111995__EP032014,0.5,CPS-3F,41,41,new,output\paper_v1\hurricane_extension_3\slots\08\attempts\hurricane3_08_c39016413aec43668328a3c20b36ffc0,validated,True,True,completed search,single_edges_with_waits_A,171.0,1711.0,9.994155464640562,H*(H+1)/2,Unique forward transitions plus exactly H waits; completed graph,Finite derivation from chain_graph() enumeration and pruning,O(n^2 m^2),,,H12
hurricane:EP111995__EP032014:a0.5|CPS-3F,8,hurricane,EP111995__EP032014,0.5,CPS-3F,41,41,new,output\paper_v1\hurricane_extension_3\slots\08\attempts\hurricane3_08_c39016413aec43668328a3c20b36ffc0,validated,True,True,completed search,auxiliary_B,0.0,0.0,,0 (no auxiliary locations),Interior curve-parameter intersections; CPS-3F percentage not applicable,Thesis Observation 4 p.18 and section 5.1 p.26; manuscript section 4.4 pp.15-16,O(n^2 m^2),,Zero/non-applicable bound,H12
hurricane:EP111995__EP032014:a0.5|CPS-3F,8,hurricane,EP111995__EP032014,0.5,CPS-3F,41,41,new,output\paper_v1\hurricane_extension_3\slots\08\attempts\hurricane3_08_c39016413aec43668328a3c20b36ffc0,validated,True,True,completed search,single_dense_B,1681.0,1681.0,100.0,k^2,"Dense indexing slots, not valid vertices",Thesis Observation 4 p.18 and section 5.1 p.26; manuscript section 4.4 pp.15-16,O(n^2 m^2),,,H12
hurricane:EP111995__EP032014:a0.5|CPS-3F,8,hurricane,EP111995__EP032014,0.5,CPS-3F,41,41,new,output\paper_v1\hurricane_extension_3\slots\08\attempts\hurricane3_08_c39016413aec43668328a3c20b36ffc0,validated,True,True,completed search,single_active_B,47.0,1681.0,2.795954788816181,k*(k+a),Anchored source/terminal included; single-graph construction complete,Thesis Observation 4 p.18 and section 5.1 p.26; manuscript section 4.4 pp.15-16,O(n^2 m^2),,,H12
hurricane:EP111995__EP032014:a0.5|CPS-3F,8,hurricane,EP111995__EP032014,0.5,CPS-3F,41,41,new,output\paper_v1\hurricane_extension_3\slots\08\attempts\hurricane3_08_c39016413aec43668328a3c20b36ffc0,validated,True,True,completed search,single_edges_with_waits_B,111.0,1128.0,9.840425531914894,H*(H+1)/2,Unique forward transitions plus exactly H waits; completed graph,Finite derivation from chain_graph() enumeration and pruning,O(n^2 m^2),,,H12
hurricane:EP111995__EP032014:a0.5|CPS-3F,8,hurricane,EP111995__EP032014,0.5,CPS-3F,41,41,new,output\paper_v1\hurricane_extension_3\slots\08\attempts\hurricane3_08_c39016413aec43668328a3c20b36ffc0,validated,True,True,completed search,configuration_states_input_bound,562.0,2825761.0,0.019888447749119617,n^2*m^2,All index combinations; includes source/terminal; no hidden asymptotic constant,Thesis Observation 4 p.18 and section 5.1 p.26; manuscript section 4.4 pp.15-16,O(n^2 m^2),,,H12
hurricane:EP111995__EP032014:a0.5|CPS-3F,8,hurricane,EP111995__EP032014,0.5,CPS-3F,41,41,new,output\paper_v1\hurricane_extension_3\slots\08\attempts\hurricane3_08_c39016413aec43668328a3c20b36ffc0,validated,True,True,completed search,configuration_states_active_bound,562.0,2726.0,20.616287600880412,H_A*H_B,Completed single graphs; includes coupling-invalid combinations,Thesis Observation 4 p.18 and section 5.1 p.26; manuscript section 4.4 pp.15-16,O(n^2 m^2),,,H12
hurricane:EP111995__EP032014:a0.5|CPS-3F,8,hurricane,EP111995__EP032014,0.5,CPS-3F,41,41,new,output\paper_v1\hurricane_extension_3\slots\08\attempts\hurricane3_08_c39016413aec43668328a3c20b36ffc0,validated,True,True,completed search,candidate_transition_checks,2597.0,16255.0,15.97662257766841,E_A*E_B-H_A*H_B,No duplicate single-graph entries; each product source popped once; excludes simultaneous waits,Finite derivation from solve_cps() and chain_graph(); see graph_bounds.md,O(n^2 m^2),,,H12
hurricane:EP111995__EP032014:a0.5|CPS-3F,8,hurricane,EP111995__EP032014,0.5,CPS-3F,41,41,new,output\paper_v1\hurricane_extension_3\slots\08\attempts\hurricane3_08_c39016413aec43668328a3c20b36ffc0,validated,True,True,completed search,unique_configuration_edges,,3714175.0,,"N*(N-1)/2, N=H_A*H_B",Product graph not materialized; no observed unique-edge count; strict forward topological order,Finite DAG counting derivation; not a transition-check measurement,O(n^2 m^2),Counter unavailable or phase not reached; historical runs not rerun,,H12
hurricane:EP111995__EP032014:a0.5|CPS-3F,8,hurricane,EP111995__EP032014,0.5,CPS-3F,41,41,new,output\paper_v1\hurricane_extension_3\slots\08\attempts\hurricane3_08_c39016413aec43668328a3c20b36ffc0,validated,True,True,completed search,dynamic_programming_labels,,111766.0,,n*H_A*H_B,At most n distinct A-hop counts per state; labels not instrumented,Thesis section5.1; manuscript section4.4; solve_cps values dictionaries,O(n^2 m^2),Counter unavailable or phase not reached; historical runs not rerun,,H12
hurricane:EP061986__EP131991:a0.5|CPS-2F,11,hurricane,EP061986__EP131991,0.5,CPS-2F,38,70,new,output\paper_v1\hurricane_extension_3\slots\11\attempts\hurricane3_11_1f56e28212ab4666a6da3cc53e3431a0,validated,True,True,completed search,auxiliary_A,74.0,2812.0,2.6315789473684212,2 k(k-1),Interior curve-parameter intersections; CPS-3F percentage not applicable,Thesis Observation 4 p.18 and section 5.1 p.26; manuscript section 4.4 pp.15-16,O(n^3 m^3),,,H13
hurricane:EP061986__EP131991:a0.5|CPS-2F,11,hurricane,EP061986__EP131991,0.5,CPS-2F,38,70,new,output\paper_v1\hurricane_extension_3\slots\11\attempts\hurricane3_11_1f56e28212ab4666a6da3cc53e3431a0,validated,True,True,completed search,single_dense_A,4256.0,108300.0,3.9298245614035086,k*(k+2k(k-1)),"Dense indexing slots, not valid vertices",Thesis Observation 4 p.18 and section 5.1 p.26; manuscript section 4.4 pp.15-16,O(n^3 m^3),,,H13
hurricane:EP061986__EP131991:a0.5|CPS-2F,11,hurricane,EP061986__EP131991,0.5,CPS-2F,38,70,new,output\paper_v1\hurricane_extension_3\slots\11\attempts\hurricane3_11_1f56e28212ab4666a6da3cc53e3431a0,validated,True,True,completed search,single_active_A,152.0,4256.0,3.5714285714285716,k*(k+a),Anchored source/terminal included; single-graph construction complete,Thesis Observation 4 p.18 and section 5.1 p.26; manuscript section 4.4 pp.15-16,O(n^3 m^3),,,H13
hurricane:EP061986__EP131991:a0.5|CPS-2F,11,hurricane,EP061986__EP131991,0.5,CPS-2F,38,70,new,output\paper_v1\hurricane_extension_3\slots\11\attempts\hurricane3_11_1f56e28212ab4666a6da3cc53e3431a0,validated,True,True,completed search,single_edges_with_waits_A,7159.0,11628.0,61.56690746474028,H*(H+1)/2,Unique forward transitions plus exactly H waits; completed graph,Finite derivation from chain_graph() enumeration and pruning,O(n^3 m^3),,,H13
hurricane:EP061986__EP131991:a0.5|CPS-2F,11,hurricane,EP061986__EP131991,0.5,CPS-2F,38,70,new,output\paper_v1\hurricane_extension_3\slots\11\attempts\hurricane3_11_1f56e28212ab4666a6da3cc53e3431a0,validated,True,True,completed search,auxiliary_B,138.0,9660.0,1.4285714285714286,2 k(k-1),Interior curve-parameter intersections; CPS-3F percentage not applicable,Thesis Observation 4 p.18 and section 5.1 p.26; manuscript section 4.4 pp.15-16,O(n^3 m^3),,,H13
hurricane:EP061986__EP131991:a0.5|CPS-2F,11,hurricane,EP061986__EP131991,0.5,CPS-2F,38,70,new,output\paper_v1\hurricane_extension_3\slots\11\attempts\hurricane3_11_1f56e28212ab4666a6da3cc53e3431a0,validated,True,True,completed search,single_dense_B,14560.0,681100.0,2.1377183967112026,k*(k+2k(k-1)),"Dense indexing slots, not valid vertices",Thesis Observation 4 p.18 and section 5.1 p.26; manuscript section 4.4 pp.15-16,O(n^3 m^3),,,H13
hurricane:EP061986__EP131991:a0.5|CPS-2F,11,hurricane,EP061986__EP131991,0.5,CPS-2F,38,70,new,output\paper_v1\hurricane_extension_3\slots\11\attempts\hurricane3_11_1f56e28212ab4666a6da3cc53e3431a0,validated,True,True,completed search,single_active_B,296.0,14560.0,2.032967032967033,k*(k+a),Anchored source/terminal included; single-graph construction complete,Thesis Observation 4 p.18 and section 5.1 p.26; manuscript section 4.4 pp.15-16,O(n^3 m^3),,,H13
hurricane:EP061986__EP131991:a0.5|CPS-2F,11,hurricane,EP061986__EP131991,0.5,CPS-2F,38,70,new,output\paper_v1\hurricane_extension_3\slots\11\attempts\hurricane3_11_1f56e28212ab4666a6da3cc53e3431a0,validated,True,True,completed search,single_edges_with_waits_B,11372.0,43956.0,25.871325871325872,H*(H+1)/2,Unique forward transitions plus exactly H waits; completed graph,Finite derivation from chain_graph() enumeration and pruning,O(n^3 m^3),,,H13
hurricane:EP061986__EP131991:a0.5|CPS-2F,11,hurricane,EP061986__EP131991,0.5,CPS-2F,38,70,new,output\paper_v1\hurricane_extension_3\slots\11\attempts\hurricane3_11_1f56e28212ab4666a6da3cc53e3431a0,validated,True,True,completed search,configuration_states_input_bound,5169.0,73763130000.0,7.007565975033868e-06,n*m*(n+2n(n-1))*(m+2m(m-1)),All index combinations; includes source/terminal; no hidden asymptotic constant,Thesis Observation 4 p.18 and section 5.1 p.26; manuscript section 4.4 pp.15-16,O(n^3 m^3),,,H13
hurricane:EP061986__EP131991:a0.5|CPS-2F,11,hurricane,EP061986__EP131991,0.5,CPS-2F,38,70,new,output\paper_v1\hurricane_extension_3\slots\11\attempts\hurricane3_11_1f56e28212ab4666a6da3cc53e3431a0,validated,True,True,completed search,configuration_states_extended_bound,5169.0,61967360.0,0.008341488164091547,n*m*(n+aA)*(m+aB),Actual extended-curve sizes; all index combinations,Thesis Observation 4 p.18 and section 5.1 p.26; manuscript section 4.4 pp.15-16,O(n^3 m^3),,,H13
hurricane:EP061986__EP131991:a0.5|CPS-2F,11,hurricane,EP061986__EP131991,0.5,CPS-2F,38,70,new,output\paper_v1\hurricane_extension_3\slots\11\attempts\hurricane3_11_1f56e28212ab4666a6da3cc53e3431a0,validated,True,True,completed search,configuration_states_active_bound,5169.0,44992.0,11.488709103840684,H_A*H_B,Completed single graphs; includes coupling-invalid combinations,Thesis Observation 4 p.18 and section 5.1 p.26; manuscript section 4.4 pp.15-16,O(n^3 m^3),,,H13
hurricane:EP061986__EP131991:a0.5|CPS-2F,11,hurricane,EP061986__EP131991,0.5,CPS-2F,38,70,new,output\paper_v1\hurricane_extension_3\slots\11\attempts\hurricane3_11_1f56e28212ab4666a6da3cc53e3431a0,validated,True,True,completed search,candidate_transition_checks,2970436.0,81367156.0,3.6506572750312176,E_A*E_B-H_A*H_B,No duplicate single-graph entries; each product source popped once; excludes simultaneous waits,Finite derivation from solve_cps() and chain_graph(); see graph_bounds.md,O(n^3 m^3),,,H13
hurricane:EP061986__EP131991:a0.5|CPS-2F,11,hurricane,EP061986__EP131991,0.5,CPS-2F,38,70,new,output\paper_v1\hurricane_extension_3\slots\11\attempts\hurricane3_11_1f56e28212ab4666a6da3cc53e3431a0,validated,True,True,completed search,unique_configuration_edges,,1012117536.0,,"N*(N-1)/2, N=H_A*H_B",Product graph not materialized; no observed unique-edge count; strict forward topological order,Finite DAG counting derivation; not a transition-check measurement,O(n^3 m^3),Counter unavailable or phase not reached; historical runs not rerun,,H13
hurricane:EP061986__EP131991:a0.5|CPS-2F,11,hurricane,EP061986__EP131991,0.5,CPS-2F,38,70,new,output\paper_v1\hurricane_extension_3\slots\11\attempts\hurricane3_11_1f56e28212ab4666a6da3cc53e3431a0,validated,True,True,completed search,dynamic_programming_labels,,1709696.0,,n*H_A*H_B,At most n distinct A-hop counts per state; labels not instrumented,Thesis section5.1; manuscript section4.4; solve_cps values dictionaries,O(n^3 m^3),Counter unavailable or phase not reached; historical runs not rerun,,H13
hurricane:EP061986__EP131991:a0.5|CPS-3F,12,hurricane,EP061986__EP131991,0.5,CPS-3F,38,70,new,output\paper_v1\hurricane_extension_3\slots\12\attempts\hurricane3_12_b935ae03384b4dedb947a289c5f820a0,validated,True,True,completed search,auxiliary_A,0.0,0.0,,0 (no auxiliary locations),Interior curve-parameter intersections; CPS-3F percentage not applicable,Thesis Observation 4 p.18 and section 5.1 p.26; manuscript section 4.4 pp.15-16,O(n^2 m^2),,Zero/non-applicable bound,H13
hurricane:EP061986__EP131991:a0.5|CPS-3F,12,hurricane,EP061986__EP131991,0.5,CPS-3F,38,70,new,output\paper_v1\hurricane_extension_3\slots\12\attempts\hurricane3_12_b935ae03384b4dedb947a289c5f820a0,validated,True,True,completed search,single_dense_A,1444.0,1444.0,100.0,k^2,"Dense indexing slots, not valid vertices",Thesis Observation 4 p.18 and section 5.1 p.26; manuscript section 4.4 pp.15-16,O(n^2 m^2),,,H13
hurricane:EP061986__EP131991:a0.5|CPS-3F,12,hurricane,EP061986__EP131991,0.5,CPS-3F,38,70,new,output\paper_v1\hurricane_extension_3\slots\12\attempts\hurricane3_12_b935ae03384b4dedb947a289c5f820a0,validated,True,True,completed search,single_active_A,38.0,1444.0,2.6315789473684212,k*(k+a),Anchored source/terminal included; single-graph construction complete,Thesis Observation 4 p.18 and section 5.1 p.26; manuscript section 4.4 pp.15-16,O(n^2 m^2),,,H13
hurricane:EP061986__EP131991:a0.5|CPS-3F,12,hurricane,EP061986__EP131991,0.5,CPS-3F,38,70,new,output\paper_v1\hurricane_extension_3\slots\12\attempts\hurricane3_12_b935ae03384b4dedb947a289c5f820a0,validated,True,True,completed search,single_edges_with_waits_A,75.0,741.0,10.121457489878543,H*(H+1)/2,Unique forward transitions plus exactly H waits; completed graph,Finite derivation from chain_graph() enumeration and pruning,O(n^2 m^2),,,H13
hurricane:EP061986__EP131991:a0.5|CPS-3F,12,hurricane,EP061986__EP131991,0.5,CPS-3F,38,70,new,output\paper_v1\hurricane_extension_3\slots\12\attempts\hurricane3_12_b935ae03384b4dedb947a289c5f820a0,validated,True,True,completed search,auxiliary_B,0.0,0.0,,0 (no auxiliary locations),Interior curve-parameter intersections; CPS-3F percentage not applicable,Thesis Observation 4 p.18 and section 5.1 p.26; manuscript section 4.4 pp.15-16,O(n^2 m^2),,Zero/non-applicable bound,H13
hurricane:EP061986__EP131991:a0.5|CPS-3F,12,hurricane,EP061986__EP131991,0.5,CPS-3F,38,70,new,output\paper_v1\hurricane_extension_3\slots\12\attempts\hurricane3_12_b935ae03384b4dedb947a289c5f820a0,validated,True,True,completed search,single_dense_B,4900.0,4900.0,100.0,k^2,"Dense indexing slots, not valid vertices",Thesis Observation 4 p.18 and section 5.1 p.26; manuscript section 4.4 pp.15-16,O(n^2 m^2),,,H13
hurricane:EP061986__EP131991:a0.5|CPS-3F,12,hurricane,EP061986__EP131991,0.5,CPS-3F,38,70,new,output\paper_v1\hurricane_extension_3\slots\12\attempts\hurricane3_12_b935ae03384b4dedb947a289c5f820a0,validated,True,True,completed search,single_active_B,78.0,4900.0,1.5918367346938775,k*(k+a),Anchored source/terminal included; single-graph construction complete,Thesis Observation 4 p.18 and section 5.1 p.26; manuscript section 4.4 pp.15-16,O(n^2 m^2),,,H13
hurricane:EP061986__EP131991:a0.5|CPS-3F,12,hurricane,EP061986__EP131991,0.5,CPS-3F,38,70,new,output\paper_v1\hurricane_extension_3\slots\12\attempts\hurricane3_12_b935ae03384b4dedb947a289c5f820a0,validated,True,True,completed search,single_edges_with_waits_B,178.0,3081.0,5.777345017851347,H*(H+1)/2,Unique forward transitions plus exactly H waits; completed graph,Finite derivation from chain_graph() enumeration and pruning,O(n^2 m^2),,,H13
hurricane:EP061986__EP131991:a0.5|CPS-3F,12,hurricane,EP061986__EP131991,0.5,CPS-3F,38,70,new,output\paper_v1\hurricane_extension_3\slots\12\attempts\hurricane3_12_b935ae03384b4dedb947a289c5f820a0,validated,True,True,completed search,configuration_states_input_bound,338.0,7075600.0,0.004776980044095201,n^2*m^2,All index combinations; includes source/terminal; no hidden asymptotic constant,Thesis Observation 4 p.18 and section 5.1 p.26; manuscript section 4.4 pp.15-16,O(n^2 m^2),,,H13
hurricane:EP061986__EP131991:a0.5|CPS-3F,12,hurricane,EP061986__EP131991,0.5,CPS-3F,38,70,new,output\paper_v1\hurricane_extension_3\slots\12\attempts\hurricane3_12_b935ae03384b4dedb947a289c5f820a0,validated,True,True,completed search,configuration_states_active_bound,338.0,2964.0,11.403508771929825,H_A*H_B,Completed single graphs; includes coupling-invalid combinations,Thesis Observation 4 p.18 and section 5.1 p.26; manuscript section 4.4 pp.15-16,O(n^2 m^2),,,H13
hurricane:EP061986__EP131991:a0.5|CPS-3F,12,hurricane,EP061986__EP131991,0.5,CPS-3F,38,70,new,output\paper_v1\hurricane_extension_3\slots\12\attempts\hurricane3_12_b935ae03384b4dedb947a289c5f820a0,validated,True,True,completed search,candidate_transition_checks,962.0,10386.0,9.262468707875987,E_A*E_B-H_A*H_B,No duplicate single-graph entries; each product source popped once; excludes simultaneous waits,Finite derivation from solve_cps() and chain_graph(); see graph_bounds.md,O(n^2 m^2),,,H13
hurricane:EP061986__EP131991:a0.5|CPS-3F,12,hurricane,EP061986__EP131991,0.5,CPS-3F,38,70,new,output\paper_v1\hurricane_extension_3\slots\12\attempts\hurricane3_12_b935ae03384b4dedb947a289c5f820a0,validated,True,True,completed search,unique_configuration_edges,,4391166.0,,"N*(N-1)/2, N=H_A*H_B",Product graph not materialized; no observed unique-edge count; strict forward topological order,Finite DAG counting derivation; not a transition-check measurement,O(n^2 m^2),Counter unavailable or phase not reached; historical runs not rerun,,H13
hurricane:EP061986__EP131991:a0.5|CPS-3F,12,hurricane,EP061986__EP131991,0.5,CPS-3F,38,70,new,output\paper_v1\hurricane_extension_3\slots\12\attempts\hurricane3_12_b935ae03384b4dedb947a289c5f820a0,validated,True,True,completed search,dynamic_programming_labels,,112632.0,,n*H_A*H_B,At most n distinct A-hop counts per state; labels not instrumented,Thesis section5.1; manuscript section4.4; solve_cps values dictionaries,O(n^2 m^2),Counter unavailable or phase not reached; historical runs not rerun,,H13
hurricane:EP092002__EP171994:a0.5|CPS-2F,3,hurricane,EP092002__EP171994,0.5,CPS-2F,26,31,new,output\paper_v1\hurricane_final_20\slots\03\attempts\final20_03_30ed5a490d4340e4b557ed8452b1516c,validated,True,True,completed search,auxiliary_A,50.0,1300.0,3.8461538461538463,2 k(k-1),Interior curve-parameter intersections; CPS-3F percentage not applicable,Thesis Observation 4 p.18 and section 5.1 p.26; manuscript section 4.4 pp.15-16,O(n^3 m^3),,,H14
hurricane:EP092002__EP171994:a0.5|CPS-2F,3,hurricane,EP092002__EP171994,0.5,CPS-2F,26,31,new,output\paper_v1\hurricane_final_20\slots\03\attempts\final20_03_30ed5a490d4340e4b557ed8452b1516c,validated,True,True,completed search,single_dense_A,1976.0,34476.0,5.731523378582202,k*(k+2k(k-1)),"Dense indexing slots, not valid vertices",Thesis Observation 4 p.18 and section 5.1 p.26; manuscript section 4.4 pp.15-16,O(n^3 m^3),,,H14
hurricane:EP092002__EP171994:a0.5|CPS-2F,3,hurricane,EP092002__EP171994,0.5,CPS-2F,26,31,new,output\paper_v1\hurricane_final_20\slots\03\attempts\final20_03_30ed5a490d4340e4b557ed8452b1516c,validated,True,True,completed search,single_active_A,100.0,1976.0,5.060728744939271,k*(k+a),Anchored source/terminal included; single-graph construction complete,Thesis Observation 4 p.18 and section 5.1 p.26; manuscript section 4.4 pp.15-16,O(n^3 m^3),,,H14
hurricane:EP092002__EP171994:a0.5|CPS-2F,3,hurricane,EP092002__EP171994,0.5,CPS-2F,26,31,new,output\paper_v1\hurricane_final_20\slots\03\attempts\final20_03_30ed5a490d4340e4b557ed8452b1516c,validated,True,True,completed search,single_edges_with_waits_A,2580.0,5050.0,51.08910891089109,H*(H+1)/2,Unique forward transitions plus exactly H waits; completed graph,Finite derivation from chain_graph() enumeration and pruning,O(n^3 m^3),,,H14
hurricane:EP092002__EP171994:a0.5|CPS-2F,3,hurricane,EP092002__EP171994,0.5,CPS-2F,26,31,new,output\paper_v1\hurricane_final_20\slots\03\attempts\final20_03_30ed5a490d4340e4b557ed8452b1516c,validated,True,True,completed search,auxiliary_B,62.0,1860.0,3.3333333333333335,2 k(k-1),Interior curve-parameter intersections; CPS-3F percentage not applicable,Thesis Observation 4 p.18 and section 5.1 p.26; manuscript section 4.4 pp.15-16,O(n^3 m^3),,,H14
hurricane:EP092002__EP171994:a0.5|CPS-2F,3,hurricane,EP092002__EP171994,0.5,CPS-2F,26,31,new,output\paper_v1\hurricane_final_20\slots\03\attempts\final20_03_30ed5a490d4340e4b557ed8452b1516c,validated,True,True,completed search,single_dense_B,2883.0,58621.0,4.918032786885246,k*(k+2k(k-1)),"Dense indexing slots, not valid vertices",Thesis Observation 4 p.18 and section 5.1 p.26; manuscript section 4.4 pp.15-16,O(n^3 m^3),,,H14
hurricane:EP092002__EP171994:a0.5|CPS-2F,3,hurricane,EP092002__EP171994,0.5,CPS-2F,26,31,new,output\paper_v1\hurricane_final_20\slots\03\attempts\final20_03_30ed5a490d4340e4b557ed8452b1516c,validated,True,True,completed search,single_active_B,142.0,2883.0,4.92542490461325,k*(k+a),Anchored source/terminal included; single-graph construction complete,Thesis Observation 4 p.18 and section 5.1 p.26; manuscript section 4.4 pp.15-16,O(n^3 m^3),,,H14
hurricane:EP092002__EP171994:a0.5|CPS-2F,3,hurricane,EP092002__EP171994,0.5,CPS-2F,26,31,new,output\paper_v1\hurricane_final_20\slots\03\attempts\final20_03_30ed5a490d4340e4b557ed8452b1516c,validated,True,True,completed search,single_edges_with_waits_B,4031.0,10153.0,39.7025509701566,H*(H+1)/2,Unique forward transitions plus exactly H waits; completed graph,Finite derivation from chain_graph() enumeration and pruning,O(n^3 m^3),,,H14
hurricane:EP092002__EP171994:a0.5|CPS-2F,3,hurricane,EP092002__EP171994,0.5,CPS-2F,26,31,new,output\paper_v1\hurricane_final_20\slots\03\attempts\final20_03_30ed5a490d4340e4b557ed8452b1516c,validated,True,True,completed search,configuration_states_input_bound,3208.0,2021017596.0,0.0001587319183340747,n*m*(n+2n(n-1))*(m+2m(m-1)),All index combinations; includes source/terminal; no hidden asymptotic constant,Thesis Observation 4 p.18 and section 5.1 p.26; manuscript section 4.4 pp.15-16,O(n^3 m^3),,,H14
hurricane:EP092002__EP171994:a0.5|CPS-2F,3,hurricane,EP092002__EP171994,0.5,CPS-2F,26,31,new,output\paper_v1\hurricane_final_20\slots\03\attempts\final20_03_30ed5a490d4340e4b557ed8452b1516c,validated,True,True,completed search,configuration_states_extended_bound,3208.0,5696808.0,0.05631223660688582,n*m*(n+aA)*(m+aB),Actual extended-curve sizes; all index combinations,Thesis Observation 4 p.18 and section 5.1 p.26; manuscript section 4.4 pp.15-16,O(n^3 m^3),,,H14
hurricane:EP092002__EP171994:a0.5|CPS-2F,3,hurricane,EP092002__EP171994,0.5,CPS-2F,26,31,new,output\paper_v1\hurricane_final_20\slots\03\attempts\final20_03_30ed5a490d4340e4b557ed8452b1516c,validated,True,True,completed search,configuration_states_active_bound,3208.0,14200.0,22.591549295774648,H_A*H_B,Completed single graphs; includes coupling-invalid combinations,Thesis Observation 4 p.18 and section 5.1 p.26; manuscript section 4.4 pp.15-16,O(n^3 m^3),,,H14
hurricane:EP092002__EP171994:a0.5|CPS-2F,3,hurricane,EP092002__EP171994,0.5,CPS-2F,26,31,new,output\paper_v1\hurricane_final_20\slots\03\attempts\final20_03_30ed5a490d4340e4b557ed8452b1516c,validated,True,True,completed search,candidate_transition_checks,1098127.0,10385780.0,10.57337051237365,E_A*E_B-H_A*H_B,No duplicate single-graph entries; each product source popped once; excludes simultaneous waits,Finite derivation from solve_cps() and chain_graph(); see graph_bounds.md,O(n^3 m^3),,,H14
hurricane:EP092002__EP171994:a0.5|CPS-2F,3,hurricane,EP092002__EP171994,0.5,CPS-2F,26,31,new,output\paper_v1\hurricane_final_20\slots\03\attempts\final20_03_30ed5a490d4340e4b557ed8452b1516c,validated,True,True,completed search,unique_configuration_edges,,100812900.0,,"N*(N-1)/2, N=H_A*H_B",Product graph not materialized; no observed unique-edge count; strict forward topological order,Finite DAG counting derivation; not a transition-check measurement,O(n^3 m^3),Counter unavailable or phase not reached; historical runs not rerun,,H14
hurricane:EP092002__EP171994:a0.5|CPS-2F,3,hurricane,EP092002__EP171994,0.5,CPS-2F,26,31,new,output\paper_v1\hurricane_final_20\slots\03\attempts\final20_03_30ed5a490d4340e4b557ed8452b1516c,validated,True,True,completed search,dynamic_programming_labels,,369200.0,,n*H_A*H_B,At most n distinct A-hop counts per state; labels not instrumented,Thesis section5.1; manuscript section4.4; solve_cps values dictionaries,O(n^3 m^3),Counter unavailable or phase not reached; historical runs not rerun,,H14
hurricane:EP092002__EP171994:a0.5|CPS-3F,4,hurricane,EP092002__EP171994,0.5,CPS-3F,26,31,new,output\paper_v1\hurricane_final_20\slots\04\attempts\final20_04_619d64cf04564736abd1dd18b2c8b991,validated,True,True,completed search,auxiliary_A,0.0,0.0,,0 (no auxiliary locations),Interior curve-parameter intersections; CPS-3F percentage not applicable,Thesis Observation 4 p.18 and section 5.1 p.26; manuscript section 4.4 pp.15-16,O(n^2 m^2),,Zero/non-applicable bound,H14
hurricane:EP092002__EP171994:a0.5|CPS-3F,4,hurricane,EP092002__EP171994,0.5,CPS-3F,26,31,new,output\paper_v1\hurricane_final_20\slots\04\attempts\final20_04_619d64cf04564736abd1dd18b2c8b991,validated,True,True,completed search,single_dense_A,676.0,676.0,100.0,k^2,"Dense indexing slots, not valid vertices",Thesis Observation 4 p.18 and section 5.1 p.26; manuscript section 4.4 pp.15-16,O(n^2 m^2),,,H14
hurricane:EP092002__EP171994:a0.5|CPS-3F,4,hurricane,EP092002__EP171994,0.5,CPS-3F,26,31,new,output\paper_v1\hurricane_final_20\slots\04\attempts\final20_04_619d64cf04564736abd1dd18b2c8b991,validated,True,True,completed search,single_active_A,26.0,676.0,3.8461538461538463,k*(k+a),Anchored source/terminal included; single-graph construction complete,Thesis Observation 4 p.18 and section 5.1 p.26; manuscript section 4.4 pp.15-16,O(n^2 m^2),,,H14
hurricane:EP092002__EP171994:a0.5|CPS-3F,4,hurricane,EP092002__EP171994,0.5,CPS-3F,26,31,new,output\paper_v1\hurricane_final_20\slots\04\attempts\final20_04_619d64cf04564736abd1dd18b2c8b991,validated,True,True,completed search,single_edges_with_waits_A,51.0,351.0,14.52991452991453,H*(H+1)/2,Unique forward transitions plus exactly H waits; completed graph,Finite derivation from chain_graph() enumeration and pruning,O(n^2 m^2),,,H14
hurricane:EP092002__EP171994:a0.5|CPS-3F,4,hurricane,EP092002__EP171994,0.5,CPS-3F,26,31,new,output\paper_v1\hurricane_final_20\slots\04\attempts\final20_04_619d64cf04564736abd1dd18b2c8b991,validated,True,True,completed search,auxiliary_B,0.0,0.0,,0 (no auxiliary locations),Interior curve-parameter intersections; CPS-3F percentage not applicable,Thesis Observation 4 p.18 and section 5.1 p.26; manuscript section 4.4 pp.15-16,O(n^2 m^2),,Zero/non-applicable bound,H14
hurricane:EP092002__EP171994:a0.5|CPS-3F,4,hurricane,EP092002__EP171994,0.5,CPS-3F,26,31,new,output\paper_v1\hurricane_final_20\slots\04\attempts\final20_04_619d64cf04564736abd1dd18b2c8b991,validated,True,True,completed search,single_dense_B,961.0,961.0,100.0,k^2,"Dense indexing slots, not valid vertices",Thesis Observation 4 p.18 and section 5.1 p.26; manuscript section 4.4 pp.15-16,O(n^2 m^2),,,H14
hurricane:EP092002__EP171994:a0.5|CPS-3F,4,hurricane,EP092002__EP171994,0.5,CPS-3F,26,31,new,output\paper_v1\hurricane_final_20\slots\04\attempts\final20_04_619d64cf04564736abd1dd18b2c8b991,validated,True,True,completed search,single_active_B,42.0,961.0,4.37044745057232,k*(k+a),Anchored source/terminal included; single-graph construction complete,Thesis Observation 4 p.18 and section 5.1 p.26; manuscript section 4.4 pp.15-16,O(n^2 m^2),,,H14
hurricane:EP092002__EP171994:a0.5|CPS-3F,4,hurricane,EP092002__EP171994,0.5,CPS-3F,26,31,new,output\paper_v1\hurricane_final_20\slots\04\attempts\final20_04_619d64cf04564736abd1dd18b2c8b991,validated,True,True,completed search,single_edges_with_waits_B,122.0,903.0,13.510520487264673,H*(H+1)/2,Unique forward transitions plus exactly H waits; completed graph,Finite derivation from chain_graph() enumeration and pruning,O(n^2 m^2),,,H14
hurricane:EP092002__EP171994:a0.5|CPS-3F,4,hurricane,EP092002__EP171994,0.5,CPS-3F,26,31,new,output\paper_v1\hurricane_final_20\slots\04\attempts\final20_04_619d64cf04564736abd1dd18b2c8b991,validated,True,True,completed search,configuration_states_input_bound,243.0,649636.0,0.03740556249961517,n^2*m^2,All index combinations; includes source/terminal; no hidden asymptotic constant,Thesis Observation 4 p.18 and section 5.1 p.26; manuscript section 4.4 pp.15-16,O(n^2 m^2),,,H14
hurricane:EP092002__EP171994:a0.5|CPS-3F,4,hurricane,EP092002__EP171994,0.5,CPS-3F,26,31,new,output\paper_v1\hurricane_final_20\slots\04\attempts\final20_04_619d64cf04564736abd1dd18b2c8b991,validated,True,True,completed search,configuration_states_active_bound,243.0,1092.0,22.252747252747252,H_A*H_B,Completed single graphs; includes coupling-invalid combinations,Thesis Observation 4 p.18 and section 5.1 p.26; manuscript section 4.4 pp.15-16,O(n^2 m^2),,,H14
hurricane:EP092002__EP171994:a0.5|CPS-3F,4,hurricane,EP092002__EP171994,0.5,CPS-3F,26,31,new,output\paper_v1\hurricane_final_20\slots\04\attempts\final20_04_619d64cf04564736abd1dd18b2c8b991,validated,True,True,completed search,candidate_transition_checks,891.0,5130.0,17.36842105263158,E_A*E_B-H_A*H_B,No duplicate single-graph entries; each product source popped once; excludes simultaneous waits,Finite derivation from solve_cps() and chain_graph(); see graph_bounds.md,O(n^2 m^2),,,H14
hurricane:EP092002__EP171994:a0.5|CPS-3F,4,hurricane,EP092002__EP171994,0.5,CPS-3F,26,31,new,output\paper_v1\hurricane_final_20\slots\04\attempts\final20_04_619d64cf04564736abd1dd18b2c8b991,validated,True,True,completed search,unique_configuration_edges,,595686.0,,"N*(N-1)/2, N=H_A*H_B",Product graph not materialized; no observed unique-edge count; strict forward topological order,Finite DAG counting derivation; not a transition-check measurement,O(n^2 m^2),Counter unavailable or phase not reached; historical runs not rerun,,H14
hurricane:EP092002__EP171994:a0.5|CPS-3F,4,hurricane,EP092002__EP171994,0.5,CPS-3F,26,31,new,output\paper_v1\hurricane_final_20\slots\04\attempts\final20_04_619d64cf04564736abd1dd18b2c8b991,validated,True,True,completed search,dynamic_programming_labels,,28392.0,,n*H_A*H_B,At most n distinct A-hop counts per state; labels not instrumented,Thesis section5.1; manuscript section4.4; solve_cps values dictionaries,O(n^2 m^2),Counter unavailable or phase not reached; historical runs not rerun,,H14
hurricane:AL091944__AL031917:a0.5|CPS-2F,6,hurricane,AL091944__AL031917,0.5,CPS-2F,29,35,new,output\paper_v1\hurricane_final_20\slots\06\attempts\final20_06_866e9f142f5548c9b31eea1aac3dc726,validated,True,True,completed search,auxiliary_A,56.0,1624.0,3.4482758620689653,2 k(k-1),Interior curve-parameter intersections; CPS-3F percentage not applicable,Thesis Observation 4 p.18 and section 5.1 p.26; manuscript section 4.4 pp.15-16,O(n^3 m^3),,,H15
hurricane:AL091944__AL031917:a0.5|CPS-2F,6,hurricane,AL091944__AL031917,0.5,CPS-2F,29,35,new,output\paper_v1\hurricane_final_20\slots\06\attempts\final20_06_866e9f142f5548c9b31eea1aac3dc726,validated,True,True,completed search,single_dense_A,2465.0,47937.0,5.142165759225651,k*(k+2k(k-1)),"Dense indexing slots, not valid vertices",Thesis Observation 4 p.18 and section 5.1 p.26; manuscript section 4.4 pp.15-16,O(n^3 m^3),,,H15
hurricane:AL091944__AL031917:a0.5|CPS-2F,6,hurricane,AL091944__AL031917,0.5,CPS-2F,29,35,new,output\paper_v1\hurricane_final_20\slots\06\attempts\final20_06_866e9f142f5548c9b31eea1aac3dc726,validated,True,True,completed search,single_active_A,133.0,2465.0,5.395537525354969,k*(k+a),Anchored source/terminal included; single-graph construction complete,Thesis Observation 4 p.18 and section 5.1 p.26; manuscript section 4.4 pp.15-16,O(n^3 m^3),,,H15
hurricane:AL091944__AL031917:a0.5|CPS-2F,6,hurricane,AL091944__AL031917,0.5,CPS-2F,29,35,new,output\paper_v1\hurricane_final_20\slots\06\attempts\final20_06_866e9f142f5548c9b31eea1aac3dc726,validated,True,True,completed search,single_edges_with_waits_A,4459.0,8911.0,50.03927729772192,H*(H+1)/2,Unique forward transitions plus exactly H waits; completed graph,Finite derivation from chain_graph() enumeration and pruning,O(n^3 m^3),,,H15
hurricane:AL091944__AL031917:a0.5|CPS-2F,6,hurricane,AL091944__AL031917,0.5,CPS-2F,29,35,new,output\paper_v1\hurricane_final_20\slots\06\attempts\final20_06_866e9f142f5548c9b31eea1aac3dc726,validated,True,True,completed search,auxiliary_B,68.0,2380.0,2.857142857142857,2 k(k-1),Interior curve-parameter intersections; CPS-3F percentage not applicable,Thesis Observation 4 p.18 and section 5.1 p.26; manuscript section 4.4 pp.15-16,O(n^3 m^3),,,H15
hurricane:AL091944__AL031917:a0.5|CPS-2F,6,hurricane,AL091944__AL031917,0.5,CPS-2F,29,35,new,output\paper_v1\hurricane_final_20\slots\06\attempts\final20_06_866e9f142f5548c9b31eea1aac3dc726,validated,True,True,completed search,single_dense_B,3605.0,84525.0,4.265010351966874,k*(k+2k(k-1)),"Dense indexing slots, not valid vertices",Thesis Observation 4 p.18 and section 5.1 p.26; manuscript section 4.4 pp.15-16,O(n^3 m^3),,,H15
hurricane:AL091944__AL031917:a0.5|CPS-2F,6,hurricane,AL091944__AL031917,0.5,CPS-2F,29,35,new,output\paper_v1\hurricane_final_20\slots\06\attempts\final20_06_866e9f142f5548c9b31eea1aac3dc726,validated,True,True,completed search,single_active_B,147.0,3605.0,4.077669902912621,k*(k+a),Anchored source/terminal included; single-graph construction complete,Thesis Observation 4 p.18 and section 5.1 p.26; manuscript section 4.4 pp.15-16,O(n^3 m^3),,,H15
hurricane:AL091944__AL031917:a0.5|CPS-2F,6,hurricane,AL091944__AL031917,0.5,CPS-2F,29,35,new,output\paper_v1\hurricane_final_20\slots\06\attempts\final20_06_866e9f142f5548c9b31eea1aac3dc726,validated,True,True,completed search,single_edges_with_waits_B,5134.0,10878.0,47.19617576760434,H*(H+1)/2,Unique forward transitions plus exactly H waits; completed graph,Finite derivation from chain_graph() enumeration and pruning,O(n^3 m^3),,,H15
hurricane:AL091944__AL031917:a0.5|CPS-2F,6,hurricane,AL091944__AL031917,0.5,CPS-2F,29,35,new,output\paper_v1\hurricane_final_20\slots\06\attempts\final20_06_866e9f142f5548c9b31eea1aac3dc726,validated,True,True,completed search,configuration_states_input_bound,3660.0,4051874925.0,9.032855326846004e-05,n*m*(n+2n(n-1))*(m+2m(m-1)),All index combinations; includes source/terminal; no hidden asymptotic constant,Thesis Observation 4 p.18 and section 5.1 p.26; manuscript section 4.4 pp.15-16,O(n^3 m^3),,,H15
hurricane:AL091944__AL031917:a0.5|CPS-2F,6,hurricane,AL091944__AL031917,0.5,CPS-2F,29,35,new,output\paper_v1\hurricane_final_20\slots\06\attempts\final20_06_866e9f142f5548c9b31eea1aac3dc726,validated,True,True,completed search,configuration_states_extended_bound,3660.0,8886325.0,0.04118687984065404,n*m*(n+aA)*(m+aB),Actual extended-curve sizes; all index combinations,Thesis Observation 4 p.18 and section 5.1 p.26; manuscript section 4.4 pp.15-16,O(n^3 m^3),,,H15
hurricane:AL091944__AL031917:a0.5|CPS-2F,6,hurricane,AL091944__AL031917,0.5,CPS-2F,29,35,new,output\paper_v1\hurricane_final_20\slots\06\attempts\final20_06_866e9f142f5548c9b31eea1aac3dc726,validated,True,True,completed search,configuration_states_active_bound,3660.0,19551.0,18.720270062912384,H_A*H_B,Completed single graphs; includes coupling-invalid combinations,Thesis Observation 4 p.18 and section 5.1 p.26; manuscript section 4.4 pp.15-16,O(n^3 m^3),,,H15
hurricane:AL091944__AL031917:a0.5|CPS-2F,6,hurricane,AL091944__AL031917,0.5,CPS-2F,29,35,new,output\paper_v1\hurricane_final_20\slots\06\attempts\final20_06_866e9f142f5548c9b31eea1aac3dc726,validated,True,True,completed search,candidate_transition_checks,2318923.0,22872955.0,10.138274656685155,E_A*E_B-H_A*H_B,No duplicate single-graph entries; each product source popped once; excludes simultaneous waits,Finite derivation from solve_cps() and chain_graph(); see graph_bounds.md,O(n^3 m^3),,,H15
hurricane:AL091944__AL031917:a0.5|CPS-2F,6,hurricane,AL091944__AL031917,0.5,CPS-2F,29,35,new,output\paper_v1\hurricane_final_20\slots\06\attempts\final20_06_866e9f142f5548c9b31eea1aac3dc726,validated,True,True,completed search,unique_configuration_edges,,191111025.0,,"N*(N-1)/2, N=H_A*H_B",Product graph not materialized; no observed unique-edge count; strict forward topological order,Finite DAG counting derivation; not a transition-check measurement,O(n^3 m^3),Counter unavailable or phase not reached; historical runs not rerun,,H15
hurricane:AL091944__AL031917:a0.5|CPS-2F,6,hurricane,AL091944__AL031917,0.5,CPS-2F,29,35,new,output\paper_v1\hurricane_final_20\slots\06\attempts\final20_06_866e9f142f5548c9b31eea1aac3dc726,validated,True,True,completed search,dynamic_programming_labels,,566979.0,,n*H_A*H_B,At most n distinct A-hop counts per state; labels not instrumented,Thesis section5.1; manuscript section4.4; solve_cps values dictionaries,O(n^3 m^3),Counter unavailable or phase not reached; historical runs not rerun,,H15
hurricane:AL091944__AL031917:a0.5|CPS-3F,7,hurricane,AL091944__AL031917,0.5,CPS-3F,29,35,new,output\paper_v1\hurricane_final_20\slots\07\attempts\final20_07_9ead45b3a9ed4ab19713c687e77e7dd3,validated,True,True,completed search,auxiliary_A,0.0,0.0,,0 (no auxiliary locations),Interior curve-parameter intersections; CPS-3F percentage not applicable,Thesis Observation 4 p.18 and section 5.1 p.26; manuscript section 4.4 pp.15-16,O(n^2 m^2),,Zero/non-applicable bound,H15
hurricane:AL091944__AL031917:a0.5|CPS-3F,7,hurricane,AL091944__AL031917,0.5,CPS-3F,29,35,new,output\paper_v1\hurricane_final_20\slots\07\attempts\final20_07_9ead45b3a9ed4ab19713c687e77e7dd3,validated,True,True,completed search,single_dense_A,841.0,841.0,100.0,k^2,"Dense indexing slots, not valid vertices",Thesis Observation 4 p.18 and section 5.1 p.26; manuscript section 4.4 pp.15-16,O(n^2 m^2),,,H15
hurricane:AL091944__AL031917:a0.5|CPS-3F,7,hurricane,AL091944__AL031917,0.5,CPS-3F,29,35,new,output\paper_v1\hurricane_final_20\slots\07\attempts\final20_07_9ead45b3a9ed4ab19713c687e77e7dd3,validated,True,True,completed search,single_active_A,33.0,841.0,3.9239001189060643,k*(k+a),Anchored source/terminal included; single-graph construction complete,Thesis Observation 4 p.18 and section 5.1 p.26; manuscript section 4.4 pp.15-16,O(n^2 m^2),,,H15
hurricane:AL091944__AL031917:a0.5|CPS-3F,7,hurricane,AL091944__AL031917,0.5,CPS-3F,29,35,new,output\paper_v1\hurricane_final_20\slots\07\attempts\final20_07_9ead45b3a9ed4ab19713c687e77e7dd3,validated,True,True,completed search,single_edges_with_waits_A,76.0,561.0,13.547237076648841,H*(H+1)/2,Unique forward transitions plus exactly H waits; completed graph,Finite derivation from chain_graph() enumeration and pruning,O(n^2 m^2),,,H15
hurricane:AL091944__AL031917:a0.5|CPS-3F,7,hurricane,AL091944__AL031917,0.5,CPS-3F,29,35,new,output\paper_v1\hurricane_final_20\slots\07\attempts\final20_07_9ead45b3a9ed4ab19713c687e77e7dd3,validated,True,True,completed search,auxiliary_B,0.0,0.0,,0 (no auxiliary locations),Interior curve-parameter intersections; CPS-3F percentage not applicable,Thesis Observation 4 p.18 and section 5.1 p.26; manuscript section 4.4 pp.15-16,O(n^2 m^2),,Zero/non-applicable bound,H15
hurricane:AL091944__AL031917:a0.5|CPS-3F,7,hurricane,AL091944__AL031917,0.5,CPS-3F,29,35,new,output\paper_v1\hurricane_final_20\slots\07\attempts\final20_07_9ead45b3a9ed4ab19713c687e77e7dd3,validated,True,True,completed search,single_dense_B,1225.0,1225.0,100.0,k^2,"Dense indexing slots, not valid vertices",Thesis Observation 4 p.18 and section 5.1 p.26; manuscript section 4.4 pp.15-16,O(n^2 m^2),,,H15
hurricane:AL091944__AL031917:a0.5|CPS-3F,7,hurricane,AL091944__AL031917,0.5,CPS-3F,29,35,new,output\paper_v1\hurricane_final_20\slots\07\attempts\final20_07_9ead45b3a9ed4ab19713c687e77e7dd3,validated,True,True,completed search,single_active_B,35.0,1225.0,2.857142857142857,k*(k+a),Anchored source/terminal included; single-graph construction complete,Thesis Observation 4 p.18 and section 5.1 p.26; manuscript section 4.4 pp.15-16,O(n^2 m^2),,,H15
hurricane:AL091944__AL031917:a0.5|CPS-3F,7,hurricane,AL091944__AL031917,0.5,CPS-3F,29,35,new,output\paper_v1\hurricane_final_20\slots\07\attempts\final20_07_9ead45b3a9ed4ab19713c687e77e7dd3,validated,True,True,completed search,single_edges_with_waits_B,69.0,630.0,10.952380952380953,H*(H+1)/2,Unique forward transitions plus exactly H waits; completed graph,Finite derivation from chain_graph() enumeration and pruning,O(n^2 m^2),,,H15
hurricane:AL091944__AL031917:a0.5|CPS-3F,7,hurricane,AL091944__AL031917,0.5,CPS-3F,29,35,new,output\paper_v1\hurricane_final_20\slots\07\attempts\final20_07_9ead45b3a9ed4ab19713c687e77e7dd3,validated,True,True,completed search,configuration_states_input_bound,195.0,1030225.0,0.018927904098619233,n^2*m^2,All index combinations; includes source/terminal; no hidden asymptotic constant,Thesis Observation 4 p.18 and section 5.1 p.26; manuscript section 4.4 pp.15-16,O(n^2 m^2),,,H15
hurricane:AL091944__AL031917:a0.5|CPS-3F,7,hurricane,AL091944__AL031917,0.5,CPS-3F,29,35,new,output\paper_v1\hurricane_final_20\slots\07\attempts\final20_07_9ead45b3a9ed4ab19713c687e77e7dd3,validated,True,True,completed search,configuration_states_active_bound,195.0,1155.0,16.883116883116884,H_A*H_B,Completed single graphs; includes coupling-invalid combinations,Thesis Observation 4 p.18 and section 5.1 p.26; manuscript section 4.4 pp.15-16,O(n^2 m^2),,,H15
hurricane:AL091944__AL031917:a0.5|CPS-3F,7,hurricane,AL091944__AL031917,0.5,CPS-3F,29,35,new,output\paper_v1\hurricane_final_20\slots\07\attempts\final20_07_9ead45b3a9ed4ab19713c687e77e7dd3,validated,True,True,completed search,candidate_transition_checks,570.0,4089.0,13.939838591342626,E_A*E_B-H_A*H_B,No duplicate single-graph entries; each product source popped once; excludes simultaneous waits,Finite derivation from solve_cps() and chain_graph(); see graph_bounds.md,O(n^2 m^2),,,H15
hurricane:AL091944__AL031917:a0.5|CPS-3F,7,hurricane,AL091944__AL031917,0.5,CPS-3F,29,35,new,output\paper_v1\hurricane_final_20\slots\07\attempts\final20_07_9ead45b3a9ed4ab19713c687e77e7dd3,validated,True,True,completed search,unique_configuration_edges,,666435.0,,"N*(N-1)/2, N=H_A*H_B",Product graph not materialized; no observed unique-edge count; strict forward topological order,Finite DAG counting derivation; not a transition-check measurement,O(n^2 m^2),Counter unavailable or phase not reached; historical runs not rerun,,H15
hurricane:AL091944__AL031917:a0.5|CPS-3F,7,hurricane,AL091944__AL031917,0.5,CPS-3F,29,35,new,output\paper_v1\hurricane_final_20\slots\07\attempts\final20_07_9ead45b3a9ed4ab19713c687e77e7dd3,validated,True,True,completed search,dynamic_programming_labels,,33495.0,,n*H_A*H_B,At most n distinct A-hop counts per state; labels not instrumented,Thesis section5.1; manuscript section4.4; solve_cps values dictionaries,O(n^2 m^2),Counter unavailable or phase not reached; historical runs not rerun,,H15
hurricane:EP101985__EP151985:a0.5|CPS-2F,9,hurricane,EP101985__EP151985,0.5,CPS-2F,37,38,new,output\paper_v1\hurricane_final_20\slots\09\attempts\final20_09_eb7bd5f7323448baa7ad1468993fe005,validated,True,True,completed search,auxiliary_A,72.0,2664.0,2.7027027027027026,2 k(k-1),Interior curve-parameter intersections; CPS-3F percentage not applicable,Thesis Observation 4 p.18 and section 5.1 p.26; manuscript section 4.4 pp.15-16,O(n^3 m^3),,,H16
hurricane:EP101985__EP151985:a0.5|CPS-2F,9,hurricane,EP101985__EP151985,0.5,CPS-2F,37,38,new,output\paper_v1\hurricane_final_20\slots\09\attempts\final20_09_eb7bd5f7323448baa7ad1468993fe005,validated,True,True,completed search,single_dense_A,4033.0,99937.0,4.035542391706775,k*(k+2k(k-1)),"Dense indexing slots, not valid vertices",Thesis Observation 4 p.18 and section 5.1 p.26; manuscript section 4.4 pp.15-16,O(n^3 m^3),,,H16
hurricane:EP101985__EP151985:a0.5|CPS-2F,9,hurricane,EP101985__EP151985,0.5,CPS-2F,37,38,new,output\paper_v1\hurricane_final_20\slots\09\attempts\final20_09_eb7bd5f7323448baa7ad1468993fe005,validated,True,True,completed search,single_active_A,153.0,4033.0,3.7937019588395735,k*(k+a),Anchored source/terminal included; single-graph construction complete,Thesis Observation 4 p.18 and section 5.1 p.26; manuscript section 4.4 pp.15-16,O(n^3 m^3),,,H16
hurricane:EP101985__EP151985:a0.5|CPS-2F,9,hurricane,EP101985__EP151985,0.5,CPS-2F,37,38,new,output\paper_v1\hurricane_final_20\slots\09\attempts\final20_09_eb7bd5f7323448baa7ad1468993fe005,validated,True,True,completed search,single_edges_with_waits_A,8102.0,11781.0,68.7717511246923,H*(H+1)/2,Unique forward transitions plus exactly H waits; completed graph,Finite derivation from chain_graph() enumeration and pruning,O(n^3 m^3),,,H16
hurricane:EP101985__EP151985:a0.5|CPS-2F,9,hurricane,EP101985__EP151985,0.5,CPS-2F,37,38,new,output\paper_v1\hurricane_final_20\slots\09\attempts\final20_09_eb7bd5f7323448baa7ad1468993fe005,validated,True,True,completed search,auxiliary_B,73.0,2812.0,2.59601706970128,2 k(k-1),Interior curve-parameter intersections; CPS-3F percentage not applicable,Thesis Observation 4 p.18 and section 5.1 p.26; manuscript section 4.4 pp.15-16,O(n^3 m^3),,,H16
hurricane:EP101985__EP151985:a0.5|CPS-2F,9,hurricane,EP101985__EP151985,0.5,CPS-2F,37,38,new,output\paper_v1\hurricane_final_20\slots\09\attempts\final20_09_eb7bd5f7323448baa7ad1468993fe005,validated,True,True,completed search,single_dense_B,4218.0,108300.0,3.8947368421052633,k*(k+2k(k-1)),"Dense indexing slots, not valid vertices",Thesis Observation 4 p.18 and section 5.1 p.26; manuscript section 4.4 pp.15-16,O(n^3 m^3),,,H16
hurricane:EP101985__EP151985:a0.5|CPS-2F,9,hurricane,EP101985__EP151985,0.5,CPS-2F,37,38,new,output\paper_v1\hurricane_final_20\slots\09\attempts\final20_09_eb7bd5f7323448baa7ad1468993fe005,validated,True,True,completed search,single_active_B,156.0,4218.0,3.6984352773826457,k*(k+a),Anchored source/terminal included; single-graph construction complete,Thesis Observation 4 p.18 and section 5.1 p.26; manuscript section 4.4 pp.15-16,O(n^3 m^3),,,H16
hurricane:EP101985__EP151985:a0.5|CPS-2F,9,hurricane,EP101985__EP151985,0.5,CPS-2F,37,38,new,output\paper_v1\hurricane_final_20\slots\09\attempts\final20_09_eb7bd5f7323448baa7ad1468993fe005,validated,True,True,completed search,single_edges_with_waits_B,3748.0,12246.0,30.605912134574556,H*(H+1)/2,Unique forward transitions plus exactly H waits; completed graph,Finite derivation from chain_graph() enumeration and pruning,O(n^3 m^3),,,H16
hurricane:EP101985__EP151985:a0.5|CPS-2F,9,hurricane,EP101985__EP151985,0.5,CPS-2F,37,38,new,output\paper_v1\hurricane_final_20\slots\09\attempts\final20_09_eb7bd5f7323448baa7ad1468993fe005,validated,True,True,completed search,configuration_states_input_bound,4039.0,10823177100.0,3.731806254930449e-05,n*m*(n+2n(n-1))*(m+2m(m-1)),All index combinations; includes source/terminal; no hidden asymptotic constant,Thesis Observation 4 p.18 and section 5.1 p.26; manuscript section 4.4 pp.15-16,O(n^3 m^3),,,H16
hurricane:EP101985__EP151985:a0.5|CPS-2F,9,hurricane,EP101985__EP151985,0.5,CPS-2F,37,38,new,output\paper_v1\hurricane_final_20\slots\09\attempts\final20_09_eb7bd5f7323448baa7ad1468993fe005,validated,True,True,completed search,configuration_states_extended_bound,4039.0,17011194.0,0.023743189337562077,n*m*(n+aA)*(m+aB),Actual extended-curve sizes; all index combinations,Thesis Observation 4 p.18 and section 5.1 p.26; manuscript section 4.4 pp.15-16,O(n^3 m^3),,,H16
hurricane:EP101985__EP151985:a0.5|CPS-2F,9,hurricane,EP101985__EP151985,0.5,CPS-2F,37,38,new,output\paper_v1\hurricane_final_20\slots\09\attempts\final20_09_eb7bd5f7323448baa7ad1468993fe005,validated,True,True,completed search,configuration_states_active_bound,4039.0,23868.0,16.92223898106251,H_A*H_B,Completed single graphs; includes coupling-invalid combinations,Thesis Observation 4 p.18 and section 5.1 p.26; manuscript section 4.4 pp.15-16,O(n^3 m^3),,,H16
hurricane:EP101985__EP151985:a0.5|CPS-2F,9,hurricane,EP101985__EP151985,0.5,CPS-2F,37,38,new,output\paper_v1\hurricane_final_20\slots\09\attempts\final20_09_eb7bd5f7323448baa7ad1468993fe005,validated,True,True,completed search,candidate_transition_checks,1670988.0,30342428.0,5.507100486487106,E_A*E_B-H_A*H_B,No duplicate single-graph entries; each product source popped once; excludes simultaneous waits,Finite derivation from solve_cps() and chain_graph(); see graph_bounds.md,O(n^3 m^3),,,H16
hurricane:EP101985__EP151985:a0.5|CPS-2F,9,hurricane,EP101985__EP151985,0.5,CPS-2F,37,38,new,output\paper_v1\hurricane_final_20\slots\09\attempts\final20_09_eb7bd5f7323448baa7ad1468993fe005,validated,True,True,completed search,unique_configuration_edges,,284828778.0,,"N*(N-1)/2, N=H_A*H_B",Product graph not materialized; no observed unique-edge count; strict forward topological order,Finite DAG counting derivation; not a transition-check measurement,O(n^3 m^3),Counter unavailable or phase not reached; historical runs not rerun,,H16
hurricane:EP101985__EP151985:a0.5|CPS-2F,9,hurricane,EP101985__EP151985,0.5,CPS-2F,37,38,new,output\paper_v1\hurricane_final_20\slots\09\attempts\final20_09_eb7bd5f7323448baa7ad1468993fe005,validated,True,True,completed search,dynamic_programming_labels,,883116.0,,n*H_A*H_B,At most n distinct A-hop counts per state; labels not instrumented,Thesis section5.1; manuscript section4.4; solve_cps values dictionaries,O(n^3 m^3),Counter unavailable or phase not reached; historical runs not rerun,,H16
hurricane:EP101985__EP151985:a0.5|CPS-3F,10,hurricane,EP101985__EP151985,0.5,CPS-3F,37,38,new,output\paper_v1\hurricane_final_20\slots\10\attempts\final20_10_a12a88c5c90046c5828fe762e12e783e,validated,True,True,completed search,auxiliary_A,0.0,0.0,,0 (no auxiliary locations),Interior curve-parameter intersections; CPS-3F percentage not applicable,Thesis Observation 4 p.18 and section 5.1 p.26; manuscript section 4.4 pp.15-16,O(n^2 m^2),,Zero/non-applicable bound,H16
hurricane:EP101985__EP151985:a0.5|CPS-3F,10,hurricane,EP101985__EP151985,0.5,CPS-3F,37,38,new,output\paper_v1\hurricane_final_20\slots\10\attempts\final20_10_a12a88c5c90046c5828fe762e12e783e,validated,True,True,completed search,single_dense_A,1369.0,1369.0,100.0,k^2,"Dense indexing slots, not valid vertices",Thesis Observation 4 p.18 and section 5.1 p.26; manuscript section 4.4 pp.15-16,O(n^2 m^2),,,H16
hurricane:EP101985__EP151985:a0.5|CPS-3F,10,hurricane,EP101985__EP151985,0.5,CPS-3F,37,38,new,output\paper_v1\hurricane_final_20\slots\10\attempts\final20_10_a12a88c5c90046c5828fe762e12e783e,validated,True,True,completed search,single_active_A,37.0,1369.0,2.7027027027027026,k*(k+a),Anchored source/terminal included; single-graph construction complete,Thesis Observation 4 p.18 and section 5.1 p.26; manuscript section 4.4 pp.15-16,O(n^2 m^2),,,H16
hurricane:EP101985__EP151985:a0.5|CPS-3F,10,hurricane,EP101985__EP151985,0.5,CPS-3F,37,38,new,output\paper_v1\hurricane_final_20\slots\10\attempts\final20_10_a12a88c5c90046c5828fe762e12e783e,validated,True,True,completed search,single_edges_with_waits_A,73.0,703.0,10.38406827880512,H*(H+1)/2,Unique forward transitions plus exactly H waits; completed graph,Finite derivation from chain_graph() enumeration and pruning,O(n^2 m^2),,,H16
hurricane:EP101985__EP151985:a0.5|CPS-3F,10,hurricane,EP101985__EP151985,0.5,CPS-3F,37,38,new,output\paper_v1\hurricane_final_20\slots\10\attempts\final20_10_a12a88c5c90046c5828fe762e12e783e,validated,True,True,completed search,auxiliary_B,0.0,0.0,,0 (no auxiliary locations),Interior curve-parameter intersections; CPS-3F percentage not applicable,Thesis Observation 4 p.18 and section 5.1 p.26; manuscript section 4.4 pp.15-16,O(n^2 m^2),,Zero/non-applicable bound,H16
hurricane:EP101985__EP151985:a0.5|CPS-3F,10,hurricane,EP101985__EP151985,0.5,CPS-3F,37,38,new,output\paper_v1\hurricane_final_20\slots\10\attempts\final20_10_a12a88c5c90046c5828fe762e12e783e,validated,True,True,completed search,single_dense_B,1444.0,1444.0,100.0,k^2,"Dense indexing slots, not valid vertices",Thesis Observation 4 p.18 and section 5.1 p.26; manuscript section 4.4 pp.15-16,O(n^2 m^2),,,H16
hurricane:EP101985__EP151985:a0.5|CPS-3F,10,hurricane,EP101985__EP151985,0.5,CPS-3F,37,38,new,output\paper_v1\hurricane_final_20\slots\10\attempts\final20_10_a12a88c5c90046c5828fe762e12e783e,validated,True,True,completed search,single_active_B,42.0,1444.0,2.9085872576177287,k*(k+a),Anchored source/terminal included; single-graph construction complete,Thesis Observation 4 p.18 and section 5.1 p.26; manuscript section 4.4 pp.15-16,O(n^2 m^2),,,H16
hurricane:EP101985__EP151985:a0.5|CPS-3F,10,hurricane,EP101985__EP151985,0.5,CPS-3F,37,38,new,output\paper_v1\hurricane_final_20\slots\10\attempts\final20_10_a12a88c5c90046c5828fe762e12e783e,validated,True,True,completed search,single_edges_with_waits_B,90.0,903.0,9.966777408637874,H*(H+1)/2,Unique forward transitions plus exactly H waits; completed graph,Finite derivation from chain_graph() enumeration and pruning,O(n^2 m^2),,,H16
hurricane:EP101985__EP151985:a0.5|CPS-3F,10,hurricane,EP101985__EP151985,0.5,CPS-3F,37,38,new,output\paper_v1\hurricane_final_20\slots\10\attempts\final20_10_a12a88c5c90046c5828fe762e12e783e,validated,True,True,completed search,configuration_states_input_bound,288.0,1976836.0,0.014568735089810181,n^2*m^2,All index combinations; includes source/terminal; no hidden asymptotic constant,Thesis Observation 4 p.18 and section 5.1 p.26; manuscript section 4.4 pp.15-16,O(n^2 m^2),,,H16
hurricane:EP101985__EP151985:a0.5|CPS-3F,10,hurricane,EP101985__EP151985,0.5,CPS-3F,37,38,new,output\paper_v1\hurricane_final_20\slots\10\attempts\final20_10_a12a88c5c90046c5828fe762e12e783e,validated,True,True,completed search,configuration_states_active_bound,288.0,1554.0,18.53281853281853,H_A*H_B,Completed single graphs; includes coupling-invalid combinations,Thesis Observation 4 p.18 and section 5.1 p.26; manuscript section 4.4 pp.15-16,O(n^2 m^2),,,H16
hurricane:EP101985__EP151985:a0.5|CPS-3F,10,hurricane,EP101985__EP151985,0.5,CPS-3F,37,38,new,output\paper_v1\hurricane_final_20\slots\10\attempts\final20_10_a12a88c5c90046c5828fe762e12e783e,validated,True,True,completed search,candidate_transition_checks,816.0,5016.0,16.267942583732058,E_A*E_B-H_A*H_B,No duplicate single-graph entries; each product source popped once; excludes simultaneous waits,Finite derivation from solve_cps() and chain_graph(); see graph_bounds.md,O(n^2 m^2),,,H16
hurricane:EP101985__EP151985:a0.5|CPS-3F,10,hurricane,EP101985__EP151985,0.5,CPS-3F,37,38,new,output\paper_v1\hurricane_final_20\slots\10\attempts\final20_10_a12a88c5c90046c5828fe762e12e783e,validated,True,True,completed search,unique_configuration_edges,,1206681.0,,"N*(N-1)/2, N=H_A*H_B",Product graph not materialized; no observed unique-edge count; strict forward topological order,Finite DAG counting derivation; not a transition-check measurement,O(n^2 m^2),Counter unavailable or phase not reached; historical runs not rerun,,H16
hurricane:EP101985__EP151985:a0.5|CPS-3F,10,hurricane,EP101985__EP151985,0.5,CPS-3F,37,38,new,output\paper_v1\hurricane_final_20\slots\10\attempts\final20_10_a12a88c5c90046c5828fe762e12e783e,validated,True,True,completed search,dynamic_programming_labels,,57498.0,,n*H_A*H_B,At most n distinct A-hop counts per state; labels not instrumented,Thesis section5.1; manuscript section4.4; solve_cps values dictionaries,O(n^2 m^2),Counter unavailable or phase not reached; historical runs not rerun,,H16
hurricane:EP031965__EP141991:a0.5|CPS-3F,13,hurricane,EP031965__EP141991,0.5,CPS-3F,25,42,new,output\paper_v1\hurricane_final_20\slots\13\attempts\final20_13_7957d74aba4843288c5f5ac0777d6ae5,validated,True,True,completed search,auxiliary_A,0.0,0.0,,0 (no auxiliary locations),Interior curve-parameter intersections; CPS-3F percentage not applicable,Thesis Observation 4 p.18 and section 5.1 p.26; manuscript section 4.4 pp.15-16,O(n^2 m^2),,Zero/non-applicable bound,H17
hurricane:EP031965__EP141991:a0.5|CPS-3F,13,hurricane,EP031965__EP141991,0.5,CPS-3F,25,42,new,output\paper_v1\hurricane_final_20\slots\13\attempts\final20_13_7957d74aba4843288c5f5ac0777d6ae5,validated,True,True,completed search,single_dense_A,625.0,625.0,100.0,k^2,"Dense indexing slots, not valid vertices",Thesis Observation 4 p.18 and section 5.1 p.26; manuscript section 4.4 pp.15-16,O(n^2 m^2),,,H17
hurricane:EP031965__EP141991:a0.5|CPS-3F,13,hurricane,EP031965__EP141991,0.5,CPS-3F,25,42,new,output\paper_v1\hurricane_final_20\slots\13\attempts\final20_13_7957d74aba4843288c5f5ac0777d6ae5,validated,True,True,completed search,single_active_A,25.0,625.0,4.0,k*(k+a),Anchored source/terminal included; single-graph construction complete,Thesis Observation 4 p.18 and section 5.1 p.26; manuscript section 4.4 pp.15-16,O(n^2 m^2),,,H17
hurricane:EP031965__EP141991:a0.5|CPS-3F,13,hurricane,EP031965__EP141991,0.5,CPS-3F,25,42,new,output\paper_v1\hurricane_final_20\slots\13\attempts\final20_13_7957d74aba4843288c5f5ac0777d6ae5,validated,True,True,completed search,single_edges_with_waits_A,49.0,325.0,15.076923076923077,H*(H+1)/2,Unique forward transitions plus exactly H waits; completed graph,Finite derivation from chain_graph() enumeration and pruning,O(n^2 m^2),,,H17
hurricane:EP031965__EP141991:a0.5|CPS-3F,13,hurricane,EP031965__EP141991,0.5,CPS-3F,25,42,new,output\paper_v1\hurricane_final_20\slots\13\attempts\final20_13_7957d74aba4843288c5f5ac0777d6ae5,validated,True,True,completed search,auxiliary_B,0.0,0.0,,0 (no auxiliary locations),Interior curve-parameter intersections; CPS-3F percentage not applicable,Thesis Observation 4 p.18 and section 5.1 p.26; manuscript section 4.4 pp.15-16,O(n^2 m^2),,Zero/non-applicable bound,H17
hurricane:EP031965__EP141991:a0.5|CPS-3F,13,hurricane,EP031965__EP141991,0.5,CPS-3F,25,42,new,output\paper_v1\hurricane_final_20\slots\13\attempts\final20_13_7957d74aba4843288c5f5ac0777d6ae5,validated,True,True,completed search,single_dense_B,1764.0,1764.0,100.0,k^2,"Dense indexing slots, not valid vertices",Thesis Observation 4 p.18 and section 5.1 p.26; manuscript section 4.4 pp.15-16,O(n^2 m^2),,,H17
hurricane:EP031965__EP141991:a0.5|CPS-3F,13,hurricane,EP031965__EP141991,0.5,CPS-3F,25,42,new,output\paper_v1\hurricane_final_20\slots\13\attempts\final20_13_7957d74aba4843288c5f5ac0777d6ae5,validated,True,True,completed search,single_active_B,50.0,1764.0,2.834467120181406,k*(k+a),Anchored source/terminal included; single-graph construction complete,Thesis Observation 4 p.18 and section 5.1 p.26; manuscript section 4.4 pp.15-16,O(n^2 m^2),,,H17
hurricane:EP031965__EP141991:a0.5|CPS-3F,13,hurricane,EP031965__EP141991,0.5,CPS-3F,25,42,new,output\paper_v1\hurricane_final_20\slots\13\attempts\final20_13_7957d74aba4843288c5f5ac0777d6ae5,validated,True,True,completed search,single_edges_with_waits_B,122.0,1275.0,9.568627450980392,H*(H+1)/2,Unique forward transitions plus exactly H waits; completed graph,Finite derivation from chain_graph() enumeration and pruning,O(n^2 m^2),,,H17
hurricane:EP031965__EP141991:a0.5|CPS-3F,13,hurricane,EP031965__EP141991,0.5,CPS-3F,25,42,new,output\paper_v1\hurricane_final_20\slots\13\attempts\final20_13_7957d74aba4843288c5f5ac0777d6ae5,validated,True,True,completed search,configuration_states_input_bound,260.0,1102500.0,0.023582766439909298,n^2*m^2,All index combinations; includes source/terminal; no hidden asymptotic constant,Thesis Observation 4 p.18 and section 5.1 p.26; manuscript section 4.4 pp.15-16,O(n^2 m^2),,,H17
hurricane:EP031965__EP141991:a0.5|CPS-3F,13,hurricane,EP031965__EP141991,0.5,CPS-3F,25,42,new,output\paper_v1\hurricane_final_20\slots\13\attempts\final20_13_7957d74aba4843288c5f5ac0777d6ae5,validated,True,True,completed search,configuration_states_active_bound,260.0,1250.0,20.8,H_A*H_B,Completed single graphs; includes coupling-invalid combinations,Thesis Observation 4 p.18 and section 5.1 p.26; manuscript section 4.4 pp.15-16,O(n^2 m^2),,,H17
hurricane:EP031965__EP141991:a0.5|CPS-3F,13,hurricane,EP031965__EP141991,0.5,CPS-3F,25,42,new,output\paper_v1\hurricane_final_20\slots\13\attempts\final20_13_7957d74aba4843288c5f5ac0777d6ae5,validated,True,True,completed search,candidate_transition_checks,803.0,4728.0,16.983925549915398,E_A*E_B-H_A*H_B,No duplicate single-graph entries; each product source popped once; excludes simultaneous waits,Finite derivation from solve_cps() and chain_graph(); see graph_bounds.md,O(n^2 m^2),,,H17
hurricane:EP031965__EP141991:a0.5|CPS-3F,13,hurricane,EP031965__EP141991,0.5,CPS-3F,25,42,new,output\paper_v1\hurricane_final_20\slots\13\attempts\final20_13_7957d74aba4843288c5f5ac0777d6ae5,validated,True,True,completed search,unique_configuration_edges,,780625.0,,"N*(N-1)/2, N=H_A*H_B",Product graph not materialized; no observed unique-edge count; strict forward topological order,Finite DAG counting derivation; not a transition-check measurement,O(n^2 m^2),Counter unavailable or phase not reached; historical runs not rerun,,H17
hurricane:EP031965__EP141991:a0.5|CPS-3F,13,hurricane,EP031965__EP141991,0.5,CPS-3F,25,42,new,output\paper_v1\hurricane_final_20\slots\13\attempts\final20_13_7957d74aba4843288c5f5ac0777d6ae5,validated,True,True,completed search,dynamic_programming_labels,,31250.0,,n*H_A*H_B,At most n distinct A-hop counts per state; labels not instrumented,Thesis section5.1; manuscript section4.4; solve_cps values dictionaries,O(n^2 m^2),Counter unavailable or phase not reached; historical runs not rerun,,H17
hurricane:EP031965__EP141991:a0.5|CPS-2F,16,hurricane,EP031965__EP141991,0.5,CPS-2F,25,42,new,output\paper_v1\hurricane_final_20\slots\16\attempts\final20_16_d4e35d041ef04ad5989ece181a5d19a1,validated,True,True,completed search,auxiliary_A,48.0,1200.0,4.0,2 k(k-1),Interior curve-parameter intersections; CPS-3F percentage not applicable,Thesis Observation 4 p.18 and section 5.1 p.26; manuscript section 4.4 pp.15-16,O(n^3 m^3),,,H17
hurricane:EP031965__EP141991:a0.5|CPS-2F,16,hurricane,EP031965__EP141991,0.5,CPS-2F,25,42,new,output\paper_v1\hurricane_final_20\slots\16\attempts\final20_16_d4e35d041ef04ad5989ece181a5d19a1,validated,True,True,completed search,single_dense_A,1825.0,30625.0,5.959183673469388,k*(k+2k(k-1)),"Dense indexing slots, not valid vertices",Thesis Observation 4 p.18 and section 5.1 p.26; manuscript section 4.4 pp.15-16,O(n^3 m^3),,,H17
hurricane:EP031965__EP141991:a0.5|CPS-2F,16,hurricane,EP031965__EP141991,0.5,CPS-2F,25,42,new,output\paper_v1\hurricane_final_20\slots\16\attempts\final20_16_d4e35d041ef04ad5989ece181a5d19a1,validated,True,True,completed search,single_active_A,99.0,1825.0,5.424657534246576,k*(k+a),Anchored source/terminal included; single-graph construction complete,Thesis Observation 4 p.18 and section 5.1 p.26; manuscript section 4.4 pp.15-16,O(n^3 m^3),,,H17
hurricane:EP031965__EP141991:a0.5|CPS-2F,16,hurricane,EP031965__EP141991,0.5,CPS-2F,25,42,new,output\paper_v1\hurricane_final_20\slots\16\attempts\final20_16_d4e35d041ef04ad5989ece181a5d19a1,validated,True,True,completed search,single_edges_with_waits_A,3208.0,4950.0,64.8080808080808,H*(H+1)/2,Unique forward transitions plus exactly H waits; completed graph,Finite derivation from chain_graph() enumeration and pruning,O(n^3 m^3),,,H17
hurricane:EP031965__EP141991:a0.5|CPS-2F,16,hurricane,EP031965__EP141991,0.5,CPS-2F,25,42,new,output\paper_v1\hurricane_final_20\slots\16\attempts\final20_16_d4e35d041ef04ad5989ece181a5d19a1,validated,True,True,completed search,auxiliary_B,82.0,3444.0,2.380952380952381,2 k(k-1),Interior curve-parameter intersections; CPS-3F percentage not applicable,Thesis Observation 4 p.18 and section 5.1 p.26; manuscript section 4.4 pp.15-16,O(n^3 m^3),,,H17
hurricane:EP031965__EP141991:a0.5|CPS-2F,16,hurricane,EP031965__EP141991,0.5,CPS-2F,25,42,new,output\paper_v1\hurricane_final_20\slots\16\attempts\final20_16_d4e35d041ef04ad5989ece181a5d19a1,validated,True,True,completed search,single_dense_B,5208.0,146412.0,3.5570854847963282,k*(k+2k(k-1)),"Dense indexing slots, not valid vertices",Thesis Observation 4 p.18 and section 5.1 p.26; manuscript section 4.4 pp.15-16,O(n^3 m^3),,,H17
hurricane:EP031965__EP141991:a0.5|CPS-2F,16,hurricane,EP031965__EP141991,0.5,CPS-2F,25,42,new,output\paper_v1\hurricane_final_20\slots\16\attempts\final20_16_d4e35d041ef04ad5989ece181a5d19a1,validated,True,True,completed search,single_active_B,176.0,5208.0,3.3794162826420893,k*(k+a),Anchored source/terminal included; single-graph construction complete,Thesis Observation 4 p.18 and section 5.1 p.26; manuscript section 4.4 pp.15-16,O(n^3 m^3),,,H17
hurricane:EP031965__EP141991:a0.5|CPS-2F,16,hurricane,EP031965__EP141991,0.5,CPS-2F,25,42,new,output\paper_v1\hurricane_final_20\slots\16\attempts\final20_16_d4e35d041ef04ad5989ece181a5d19a1,validated,True,True,completed search,single_edges_with_waits_B,5428.0,15576.0,34.84848484848485,H*(H+1)/2,Unique forward transitions plus exactly H waits; completed graph,Finite derivation from chain_graph() enumeration and pruning,O(n^3 m^3),,,H17
hurricane:EP031965__EP141991:a0.5|CPS-2F,16,hurricane,EP031965__EP141991,0.5,CPS-2F,25,42,new,output\paper_v1\hurricane_final_20\slots\16\attempts\final20_16_d4e35d041ef04ad5989ece181a5d19a1,validated,True,True,completed search,configuration_states_input_bound,3543.0,4483867500.0,7.901660787255645e-05,n*m*(n+2n(n-1))*(m+2m(m-1)),All index combinations; includes source/terminal; no hidden asymptotic constant,Thesis Observation 4 p.18 and section 5.1 p.26; manuscript section 4.4 pp.15-16,O(n^3 m^3),,,H17
hurricane:EP031965__EP141991:a0.5|CPS-2F,16,hurricane,EP031965__EP141991,0.5,CPS-2F,25,42,new,output\paper_v1\hurricane_final_20\slots\16\attempts\final20_16_d4e35d041ef04ad5989ece181a5d19a1,validated,True,True,completed search,configuration_states_extended_bound,3543.0,9504600.0,0.037276687077836,n*m*(n+aA)*(m+aB),Actual extended-curve sizes; all index combinations,Thesis Observation 4 p.18 and section 5.1 p.26; manuscript section 4.4 pp.15-16,O(n^3 m^3),,,H17
hurricane:EP031965__EP141991:a0.5|CPS-2F,16,hurricane,EP031965__EP141991,0.5,CPS-2F,25,42,new,output\paper_v1\hurricane_final_20\slots\16\attempts\final20_16_d4e35d041ef04ad5989ece181a5d19a1,validated,True,True,completed search,configuration_states_active_bound,3543.0,17424.0,20.334022038567493,H_A*H_B,Completed single graphs; includes coupling-invalid combinations,Thesis Observation 4 p.18 and section 5.1 p.26; manuscript section 4.4 pp.15-16,O(n^3 m^3),,,H17
hurricane:EP031965__EP141991:a0.5|CPS-2F,16,hurricane,EP031965__EP141991,0.5,CPS-2F,25,42,new,output\paper_v1\hurricane_final_20\slots\16\attempts\final20_16_d4e35d041ef04ad5989ece181a5d19a1,validated,True,True,completed search,candidate_transition_checks,1843112.0,17395600.0,10.595276966589253,E_A*E_B-H_A*H_B,No duplicate single-graph entries; each product source popped once; excludes simultaneous waits,Finite derivation from solve_cps() and chain_graph(); see graph_bounds.md,O(n^3 m^3),,,H17
hurricane:EP031965__EP141991:a0.5|CPS-2F,16,hurricane,EP031965__EP141991,0.5,CPS-2F,25,42,new,output\paper_v1\hurricane_final_20\slots\16\attempts\final20_16_d4e35d041ef04ad5989ece181a5d19a1,validated,True,True,completed search,unique_configuration_edges,,151789176.0,,"N*(N-1)/2, N=H_A*H_B",Product graph not materialized; no observed unique-edge count; strict forward topological order,Finite DAG counting derivation; not a transition-check measurement,O(n^3 m^3),Counter unavailable or phase not reached; historical runs not rerun,,H17
hurricane:EP031965__EP141991:a0.5|CPS-2F,16,hurricane,EP031965__EP141991,0.5,CPS-2F,25,42,new,output\paper_v1\hurricane_final_20\slots\16\attempts\final20_16_d4e35d041ef04ad5989ece181a5d19a1,validated,True,True,completed search,dynamic_programming_labels,,435600.0,,n*H_A*H_B,At most n distinct A-hop counts per state; labels not instrumented,Thesis section5.1; manuscript section4.4; solve_cps values dictionaries,O(n^3 m^3),Counter unavailable or phase not reached; historical runs not rerun,,H17
hurricane:AL061921__AL101926:a0.5|CPS-2F,19,hurricane,AL061921__AL101926,0.5,CPS-2F,43,57,new,output\paper_v1\hurricane_final_20\slots\19\attempts\final20_19_670b202c19c54aa28a7f79a13800898a,transition_budget_limit,False,True,observed before termination,auxiliary_A,83.0,3612.0,2.2978959025470655,2 k(k-1),Interior curve-parameter intersections; CPS-3F percentage not applicable,Thesis Observation 4 p.18 and section 5.1 p.26; manuscript section 4.4 pp.15-16,O(n^3 m^3),,,H18
hurricane:AL061921__AL101926:a0.5|CPS-2F,19,hurricane,AL061921__AL101926,0.5,CPS-2F,43,57,new,output\paper_v1\hurricane_final_20\slots\19\attempts\final20_19_670b202c19c54aa28a7f79a13800898a,transition_budget_limit,False,True,observed before termination,single_dense_A,5418.0,157165.0,3.4473324213406293,k*(k+2k(k-1)),"Dense indexing slots, not valid vertices",Thesis Observation 4 p.18 and section 5.1 p.26; manuscript section 4.4 pp.15-16,O(n^3 m^3),,,H18
hurricane:AL061921__AL101926:a0.5|CPS-2F,19,hurricane,AL061921__AL101926,0.5,CPS-2F,43,57,new,output\paper_v1\hurricane_final_20\slots\19\attempts\final20_19_670b202c19c54aa28a7f79a13800898a,transition_budget_limit,False,True,observed before termination,single_active_A,207.0,5418.0,3.820598006644518,k*(k+a),Anchored source/terminal included; single-graph construction complete,Thesis Observation 4 p.18 and section 5.1 p.26; manuscript section 4.4 pp.15-16,O(n^3 m^3),,,H18
hurricane:AL061921__AL101926:a0.5|CPS-2F,19,hurricane,AL061921__AL101926,0.5,CPS-2F,43,57,new,output\paper_v1\hurricane_final_20\slots\19\attempts\final20_19_670b202c19c54aa28a7f79a13800898a,transition_budget_limit,False,True,observed before termination,single_edges_with_waits_A,7455.0,21528.0,34.62931995540691,H*(H+1)/2,Unique forward transitions plus exactly H waits; completed graph,Finite derivation from chain_graph() enumeration and pruning,O(n^3 m^3),,,H18
hurricane:AL061921__AL101926:a0.5|CPS-2F,19,hurricane,AL061921__AL101926,0.5,CPS-2F,43,57,new,output\paper_v1\hurricane_final_20\slots\19\attempts\final20_19_670b202c19c54aa28a7f79a13800898a,transition_budget_limit,False,True,observed before termination,auxiliary_B,109.0,6384.0,1.7073934837092732,2 k(k-1),Interior curve-parameter intersections; CPS-3F percentage not applicable,Thesis Observation 4 p.18 and section 5.1 p.26; manuscript section 4.4 pp.15-16,O(n^3 m^3),,,H18
hurricane:AL061921__AL101926:a0.5|CPS-2F,19,hurricane,AL061921__AL101926,0.5,CPS-2F,43,57,new,output\paper_v1\hurricane_final_20\slots\19\attempts\final20_19_670b202c19c54aa28a7f79a13800898a,transition_budget_limit,False,True,observed before termination,single_dense_B,9462.0,367137.0,2.5772395590746777,k*(k+2k(k-1)),"Dense indexing slots, not valid vertices",Thesis Observation 4 p.18 and section 5.1 p.26; manuscript section 4.4 pp.15-16,O(n^3 m^3),,,H18
hurricane:AL061921__AL101926:a0.5|CPS-2F,19,hurricane,AL061921__AL101926,0.5,CPS-2F,43,57,new,output\paper_v1\hurricane_final_20\slots\19\attempts\final20_19_670b202c19c54aa28a7f79a13800898a,transition_budget_limit,False,True,observed before termination,single_active_B,388.0,9462.0,4.100612978228704,k*(k+a),Anchored source/terminal included; single-graph construction complete,Thesis Observation 4 p.18 and section 5.1 p.26; manuscript section 4.4 pp.15-16,O(n^3 m^3),,,H18
hurricane:AL061921__AL101926:a0.5|CPS-2F,19,hurricane,AL061921__AL101926,0.5,CPS-2F,43,57,new,output\paper_v1\hurricane_final_20\slots\19\attempts\final20_19_670b202c19c54aa28a7f79a13800898a,transition_budget_limit,False,True,observed before termination,single_edges_with_waits_B,30765.0,75466.0,40.7667028860679,H*(H+1)/2,Unique forward transitions plus exactly H waits; completed graph,Finite derivation from chain_graph() enumeration and pruning,O(n^3 m^3),,,H18
hurricane:AL061921__AL101926:a0.5|CPS-2F,19,hurricane,AL061921__AL101926,0.5,CPS-2F,43,57,new,output\paper_v1\hurricane_final_20\slots\19\attempts\final20_19_670b202c19c54aa28a7f79a13800898a,transition_budget_limit,False,True,observed before termination,configuration_states_input_bound,24180.0,57701086605.0,4.190562331265477e-05,n*m*(n+2n(n-1))*(m+2m(m-1)),All index combinations; includes source/terminal; no hidden asymptotic constant,Thesis Observation 4 p.18 and section 5.1 p.26; manuscript section 4.4 pp.15-16,O(n^3 m^3),,,H18
hurricane:AL061921__AL101926:a0.5|CPS-2F,19,hurricane,AL061921__AL101926,0.5,CPS-2F,43,57,new,output\paper_v1\hurricane_final_20\slots\19\attempts\final20_19_670b202c19c54aa28a7f79a13800898a,transition_budget_limit,False,True,observed before termination,configuration_states_extended_bound,24180.0,51265116.0,0.04716657619578975,n*m*(n+aA)*(m+aB),Actual extended-curve sizes; all index combinations,Thesis Observation 4 p.18 and section 5.1 p.26; manuscript section 4.4 pp.15-16,O(n^3 m^3),,,H18
hurricane:AL061921__AL101926:a0.5|CPS-2F,19,hurricane,AL061921__AL101926,0.5,CPS-2F,43,57,new,output\paper_v1\hurricane_final_20\slots\19\attempts\final20_19_670b202c19c54aa28a7f79a13800898a,transition_budget_limit,False,True,observed before termination,configuration_states_active_bound,24180.0,80316.0,30.106080980128493,H_A*H_B,Completed single graphs; includes coupling-invalid combinations,Thesis Observation 4 p.18 and section 5.1 p.26; manuscript section 4.4 pp.15-16,O(n^3 m^3),,,H18
hurricane:AL061921__AL101926:a0.5|CPS-2F,19,hurricane,AL061921__AL101926,0.5,CPS-2F,43,57,new,output\paper_v1\hurricane_final_20\slots\19\attempts\final20_19_670b202c19c54aa28a7f79a13800898a,transition_budget_limit,False,True,observed before termination,candidate_transition_checks,20000001.0,229272759.0,8.72323475638028,E_A*E_B-H_A*H_B,No duplicate single-graph entries; each product source popped once; excludes simultaneous waits,Finite derivation from solve_cps() and chain_graph(); see graph_bounds.md,O(n^3 m^3),,,H18
hurricane:AL061921__AL101926:a0.5|CPS-2F,19,hurricane,AL061921__AL101926,0.5,CPS-2F,43,57,new,output\paper_v1\hurricane_final_20\slots\19\attempts\final20_19_670b202c19c54aa28a7f79a13800898a,transition_budget_limit,False,True,observed before termination,unique_configuration_edges,,3225289770.0,,"N*(N-1)/2, N=H_A*H_B",Product graph not materialized; no observed unique-edge count; strict forward topological order,Finite DAG counting derivation; not a transition-check measurement,O(n^3 m^3),Counter unavailable or phase not reached; historical runs not rerun,,H18
hurricane:AL061921__AL101926:a0.5|CPS-2F,19,hurricane,AL061921__AL101926,0.5,CPS-2F,43,57,new,output\paper_v1\hurricane_final_20\slots\19\attempts\final20_19_670b202c19c54aa28a7f79a13800898a,transition_budget_limit,False,True,observed before termination,dynamic_programming_labels,,3453588.0,,n*H_A*H_B,At most n distinct A-hop counts per state; labels not instrumented,Thesis section5.1; manuscript section4.4; solve_cps values dictionaries,O(n^3 m^3),Counter unavailable or phase not reached; historical runs not rerun,,H18
hurricane:AL061921__AL101926:a0.5|CPS-3F,20,hurricane,AL061921__AL101926,0.5,CPS-3F,43,57,new,output\paper_v1\hurricane_final_20\slots\20\attempts\final20_20_5c112c2ece744b91bba8231374693156,validated,True,True,completed search,auxiliary_A,0.0,0.0,,0 (no auxiliary locations),Interior curve-parameter intersections; CPS-3F percentage not applicable,Thesis Observation 4 p.18 and section 5.1 p.26; manuscript section 4.4 pp.15-16,O(n^2 m^2),,Zero/non-applicable bound,H18
hurricane:AL061921__AL101926:a0.5|CPS-3F,20,hurricane,AL061921__AL101926,0.5,CPS-3F,43,57,new,output\paper_v1\hurricane_final_20\slots\20\attempts\final20_20_5c112c2ece744b91bba8231374693156,validated,True,True,completed search,single_dense_A,1849.0,1849.0,100.0,k^2,"Dense indexing slots, not valid vertices",Thesis Observation 4 p.18 and section 5.1 p.26; manuscript section 4.4 pp.15-16,O(n^2 m^2),,,H18
hurricane:AL061921__AL101926:a0.5|CPS-3F,20,hurricane,AL061921__AL101926,0.5,CPS-3F,43,57,new,output\paper_v1\hurricane_final_20\slots\20\attempts\final20_20_5c112c2ece744b91bba8231374693156,validated,True,True,completed search,single_active_A,57.0,1849.0,3.0827474310438077,k*(k+a),Anchored source/terminal included; single-graph construction complete,Thesis Observation 4 p.18 and section 5.1 p.26; manuscript section 4.4 pp.15-16,O(n^2 m^2),,,H18
hurricane:AL061921__AL101926:a0.5|CPS-3F,20,hurricane,AL061921__AL101926,0.5,CPS-3F,43,57,new,output\paper_v1\hurricane_final_20\slots\20\attempts\final20_20_5c112c2ece744b91bba8231374693156,validated,True,True,completed search,single_edges_with_waits_A,159.0,1653.0,9.618874773139746,H*(H+1)/2,Unique forward transitions plus exactly H waits; completed graph,Finite derivation from chain_graph() enumeration and pruning,O(n^2 m^2),,,H18
hurricane:AL061921__AL101926:a0.5|CPS-3F,20,hurricane,AL061921__AL101926,0.5,CPS-3F,43,57,new,output\paper_v1\hurricane_final_20\slots\20\attempts\final20_20_5c112c2ece744b91bba8231374693156,validated,True,True,completed search,auxiliary_B,0.0,0.0,,0 (no auxiliary locations),Interior curve-parameter intersections; CPS-3F percentage not applicable,Thesis Observation 4 p.18 and section 5.1 p.26; manuscript section 4.4 pp.15-16,O(n^2 m^2),,Zero/non-applicable bound,H18
hurricane:AL061921__AL101926:a0.5|CPS-3F,20,hurricane,AL061921__AL101926,0.5,CPS-3F,43,57,new,output\paper_v1\hurricane_final_20\slots\20\attempts\final20_20_5c112c2ece744b91bba8231374693156,validated,True,True,completed search,single_dense_B,3249.0,3249.0,100.0,k^2,"Dense indexing slots, not valid vertices",Thesis Observation 4 p.18 and section 5.1 p.26; manuscript section 4.4 pp.15-16,O(n^2 m^2),,,H18
hurricane:AL061921__AL101926:a0.5|CPS-3F,20,hurricane,AL061921__AL101926,0.5,CPS-3F,43,57,new,output\paper_v1\hurricane_final_20\slots\20\attempts\final20_20_5c112c2ece744b91bba8231374693156,validated,True,True,completed search,single_active_B,123.0,3249.0,3.7857802400738687,k*(k+a),Anchored source/terminal included; single-graph construction complete,Thesis Observation 4 p.18 and section 5.1 p.26; manuscript section 4.4 pp.15-16,O(n^2 m^2),,,H18
hurricane:AL061921__AL101926:a0.5|CPS-3F,20,hurricane,AL061921__AL101926,0.5,CPS-3F,43,57,new,output\paper_v1\hurricane_final_20\slots\20\attempts\final20_20_5c112c2ece744b91bba8231374693156,validated,True,True,completed search,single_edges_with_waits_B,664.0,7626.0,8.707054812483609,H*(H+1)/2,Unique forward transitions plus exactly H waits; completed graph,Finite derivation from chain_graph() enumeration and pruning,O(n^2 m^2),,,H18
hurricane:AL061921__AL101926:a0.5|CPS-3F,20,hurricane,AL061921__AL101926,0.5,CPS-3F,43,57,new,output\paper_v1\hurricane_final_20\slots\20\attempts\final20_20_5c112c2ece744b91bba8231374693156,validated,True,True,completed search,configuration_states_input_bound,2926.0,6007401.0,0.04870658709148931,n^2*m^2,All index combinations; includes source/terminal; no hidden asymptotic constant,Thesis Observation 4 p.18 and section 5.1 p.26; manuscript section 4.4 pp.15-16,O(n^2 m^2),,,H18
hurricane:AL061921__AL101926:a0.5|CPS-3F,20,hurricane,AL061921__AL101926,0.5,CPS-3F,43,57,new,output\paper_v1\hurricane_final_20\slots\20\attempts\final20_20_5c112c2ece744b91bba8231374693156,validated,True,True,completed search,configuration_states_active_bound,2926.0,7011.0,41.734417344173444,H_A*H_B,Completed single graphs; includes coupling-invalid combinations,Thesis Observation 4 p.18 and section 5.1 p.26; manuscript section 4.4 pp.15-16,O(n^2 m^2),,,H18
hurricane:AL061921__AL101926:a0.5|CPS-3F,20,hurricane,AL061921__AL101926,0.5,CPS-3F,43,57,new,output\paper_v1\hurricane_final_20\slots\20\attempts\final20_20_5c112c2ece744b91bba8231374693156,validated,True,True,completed search,candidate_transition_checks,55992.0,98565.0,56.807183077157205,E_A*E_B-H_A*H_B,No duplicate single-graph entries; each product source popped once; excludes simultaneous waits,Finite derivation from solve_cps() and chain_graph(); see graph_bounds.md,O(n^2 m^2),,,H18
hurricane:AL061921__AL101926:a0.5|CPS-3F,20,hurricane,AL061921__AL101926,0.5,CPS-3F,43,57,new,output\paper_v1\hurricane_final_20\slots\20\attempts\final20_20_5c112c2ece744b91bba8231374693156,validated,True,True,completed search,unique_configuration_edges,,24573555.0,,"N*(N-1)/2, N=H_A*H_B",Product graph not materialized; no observed unique-edge count; strict forward topological order,Finite DAG counting derivation; not a transition-check measurement,O(n^2 m^2),Counter unavailable or phase not reached; historical runs not rerun,,H18
hurricane:AL061921__AL101926:a0.5|CPS-3F,20,hurricane,AL061921__AL101926,0.5,CPS-3F,43,57,new,output\paper_v1\hurricane_final_20\slots\20\attempts\final20_20_5c112c2ece744b91bba8231374693156,validated,True,True,completed search,dynamic_programming_labels,,301473.0,,n*H_A*H_B,At most n distinct A-hop counts per state; labels not instrumented,Thesis section5.1; manuscript section4.4; solve_cps values dictionaries,O(n^2 m^2),Counter unavailable or phase not reached; historical runs not rerun,,H18
hurricane:EP041976__EP041984:a0.5|CPS-2F,22,hurricane,EP041976__EP041984,0.5,CPS-2F,30,48,new,output\paper_v1\hurricane_final_20\slots\22\attempts\final20_22_2aadd96ecd56487888d5543761e41814,validated,True,True,completed search,auxiliary_A,58.0,1740.0,3.3333333333333335,2 k(k-1),Interior curve-parameter intersections; CPS-3F percentage not applicable,Thesis Observation 4 p.18 and section 5.1 p.26; manuscript section 4.4 pp.15-16,O(n^3 m^3),,,H19
hurricane:EP041976__EP041984:a0.5|CPS-2F,22,hurricane,EP041976__EP041984,0.5,CPS-2F,30,48,new,output\paper_v1\hurricane_final_20\slots\22\attempts\final20_22_2aadd96ecd56487888d5543761e41814,validated,True,True,completed search,single_dense_A,2640.0,53100.0,4.971751412429379,k*(k+2k(k-1)),"Dense indexing slots, not valid vertices",Thesis Observation 4 p.18 and section 5.1 p.26; manuscript section 4.4 pp.15-16,O(n^3 m^3),,,H19
hurricane:EP041976__EP041984:a0.5|CPS-2F,22,hurricane,EP041976__EP041984,0.5,CPS-2F,30,48,new,output\paper_v1\hurricane_final_20\slots\22\attempts\final20_22_2aadd96ecd56487888d5543761e41814,validated,True,True,completed search,single_active_A,118.0,2640.0,4.46969696969697,k*(k+a),Anchored source/terminal included; single-graph construction complete,Thesis Observation 4 p.18 and section 5.1 p.26; manuscript section 4.4 pp.15-16,O(n^3 m^3),,,H19
hurricane:EP041976__EP041984:a0.5|CPS-2F,22,hurricane,EP041976__EP041984,0.5,CPS-2F,30,48,new,output\paper_v1\hurricane_final_20\slots\22\attempts\final20_22_2aadd96ecd56487888d5543761e41814,validated,True,True,completed search,single_edges_with_waits_A,4406.0,7021.0,62.75459336276884,H*(H+1)/2,Unique forward transitions plus exactly H waits; completed graph,Finite derivation from chain_graph() enumeration and pruning,O(n^3 m^3),,,H19
hurricane:EP041976__EP041984:a0.5|CPS-2F,22,hurricane,EP041976__EP041984,0.5,CPS-2F,30,48,new,output\paper_v1\hurricane_final_20\slots\22\attempts\final20_22_2aadd96ecd56487888d5543761e41814,validated,True,True,completed search,auxiliary_B,92.0,4512.0,2.0390070921985815,2 k(k-1),Interior curve-parameter intersections; CPS-3F percentage not applicable,Thesis Observation 4 p.18 and section 5.1 p.26; manuscript section 4.4 pp.15-16,O(n^3 m^3),,,H19
hurricane:EP041976__EP041984:a0.5|CPS-2F,22,hurricane,EP041976__EP041984,0.5,CPS-2F,30,48,new,output\paper_v1\hurricane_final_20\slots\22\attempts\final20_22_2aadd96ecd56487888d5543761e41814,validated,True,True,completed search,single_dense_B,6720.0,218880.0,3.0701754385964914,k*(k+2k(k-1)),"Dense indexing slots, not valid vertices",Thesis Observation 4 p.18 and section 5.1 p.26; manuscript section 4.4 pp.15-16,O(n^3 m^3),,,H19
hurricane:EP041976__EP041984:a0.5|CPS-2F,22,hurricane,EP041976__EP041984,0.5,CPS-2F,30,48,new,output\paper_v1\hurricane_final_20\slots\22\attempts\final20_22_2aadd96ecd56487888d5543761e41814,validated,True,True,completed search,single_active_B,195.0,6720.0,2.9017857142857144,k*(k+a),Anchored source/terminal included; single-graph construction complete,Thesis Observation 4 p.18 and section 5.1 p.26; manuscript section 4.4 pp.15-16,O(n^3 m^3),,,H19
hurricane:EP041976__EP041984:a0.5|CPS-2F,22,hurricane,EP041976__EP041984,0.5,CPS-2F,30,48,new,output\paper_v1\hurricane_final_20\slots\22\attempts\final20_22_2aadd96ecd56487888d5543761e41814,validated,True,True,completed search,single_edges_with_waits_B,6880.0,19110.0,36.00209314495029,H*(H+1)/2,Unique forward transitions plus exactly H waits; completed graph,Finite derivation from chain_graph() enumeration and pruning,O(n^3 m^3),,,H19
hurricane:EP041976__EP041984:a0.5|CPS-2F,22,hurricane,EP041976__EP041984,0.5,CPS-2F,30,48,new,output\paper_v1\hurricane_final_20\slots\22\attempts\final20_22_2aadd96ecd56487888d5543761e41814,validated,True,True,completed search,configuration_states_input_bound,3295.0,11622528000.0,2.835011453618352e-05,n*m*(n+2n(n-1))*(m+2m(m-1)),All index combinations; includes source/terminal; no hidden asymptotic constant,Thesis Observation 4 p.18 and section 5.1 p.26; manuscript section 4.4 pp.15-16,O(n^3 m^3),,,H19
hurricane:EP041976__EP041984:a0.5|CPS-2F,22,hurricane,EP041976__EP041984,0.5,CPS-2F,30,48,new,output\paper_v1\hurricane_final_20\slots\22\attempts\final20_22_2aadd96ecd56487888d5543761e41814,validated,True,True,completed search,configuration_states_extended_bound,3295.0,17740800.0,0.018573006854256856,n*m*(n+aA)*(m+aB),Actual extended-curve sizes; all index combinations,Thesis Observation 4 p.18 and section 5.1 p.26; manuscript section 4.4 pp.15-16,O(n^3 m^3),,,H19
hurricane:EP041976__EP041984:a0.5|CPS-2F,22,hurricane,EP041976__EP041984,0.5,CPS-2F,30,48,new,output\paper_v1\hurricane_final_20\slots\22\attempts\final20_22_2aadd96ecd56487888d5543761e41814,validated,True,True,completed search,configuration_states_active_bound,3295.0,23010.0,14.319860930030421,H_A*H_B,Completed single graphs; includes coupling-invalid combinations,Thesis Observation 4 p.18 and section 5.1 p.26; manuscript section 4.4 pp.15-16,O(n^3 m^3),,,H19
hurricane:EP041976__EP041984:a0.5|CPS-2F,22,hurricane,EP041976__EP041984,0.5,CPS-2F,30,48,new,output\paper_v1\hurricane_final_20\slots\22\attempts\final20_22_2aadd96ecd56487888d5543761e41814,validated,True,True,completed search,candidate_transition_checks,1795151.0,30290270.0,5.926493887311008,E_A*E_B-H_A*H_B,No duplicate single-graph entries; each product source popped once; excludes simultaneous waits,Finite derivation from solve_cps() and chain_graph(); see graph_bounds.md,O(n^3 m^3),,,H19
hurricane:EP041976__EP041984:a0.5|CPS-2F,22,hurricane,EP041976__EP041984,0.5,CPS-2F,30,48,new,output\paper_v1\hurricane_final_20\slots\22\attempts\final20_22_2aadd96ecd56487888d5543761e41814,validated,True,True,completed search,unique_configuration_edges,,264718545.0,,"N*(N-1)/2, N=H_A*H_B",Product graph not materialized; no observed unique-edge count; strict forward topological order,Finite DAG counting derivation; not a transition-check measurement,O(n^3 m^3),Counter unavailable or phase not reached; historical runs not rerun,,H19
hurricane:EP041976__EP041984:a0.5|CPS-2F,22,hurricane,EP041976__EP041984,0.5,CPS-2F,30,48,new,output\paper_v1\hurricane_final_20\slots\22\attempts\final20_22_2aadd96ecd56487888d5543761e41814,validated,True,True,completed search,dynamic_programming_labels,,690300.0,,n*H_A*H_B,At most n distinct A-hop counts per state; labels not instrumented,Thesis section5.1; manuscript section4.4; solve_cps values dictionaries,O(n^3 m^3),Counter unavailable or phase not reached; historical runs not rerun,,H19
hurricane:EP041976__EP041984:a0.5|CPS-3F,23,hurricane,EP041976__EP041984,0.5,CPS-3F,30,48,new,output\paper_v1\hurricane_final_20\slots\23\attempts\final20_23_0892021af506422ebb7300b58a6e42e8,validated,True,True,completed search,auxiliary_A,0.0,0.0,,0 (no auxiliary locations),Interior curve-parameter intersections; CPS-3F percentage not applicable,Thesis Observation 4 p.18 and section 5.1 p.26; manuscript section 4.4 pp.15-16,O(n^2 m^2),,Zero/non-applicable bound,H19
hurricane:EP041976__EP041984:a0.5|CPS-3F,23,hurricane,EP041976__EP041984,0.5,CPS-3F,30,48,new,output\paper_v1\hurricane_final_20\slots\23\attempts\final20_23_0892021af506422ebb7300b58a6e42e8,validated,True,True,completed search,single_dense_A,900.0,900.0,100.0,k^2,"Dense indexing slots, not valid vertices",Thesis Observation 4 p.18 and section 5.1 p.26; manuscript section 4.4 pp.15-16,O(n^2 m^2),,,H19
hurricane:EP041976__EP041984:a0.5|CPS-3F,23,hurricane,EP041976__EP041984,0.5,CPS-3F,30,48,new,output\paper_v1\hurricane_final_20\slots\23\attempts\final20_23_0892021af506422ebb7300b58a6e42e8,validated,True,True,completed search,single_active_A,30.0,900.0,3.3333333333333335,k*(k+a),Anchored source/terminal included; single-graph construction complete,Thesis Observation 4 p.18 and section 5.1 p.26; manuscript section 4.4 pp.15-16,O(n^2 m^2),,,H19
hurricane:EP041976__EP041984:a0.5|CPS-3F,23,hurricane,EP041976__EP041984,0.5,CPS-3F,30,48,new,output\paper_v1\hurricane_final_20\slots\23\attempts\final20_23_0892021af506422ebb7300b58a6e42e8,validated,True,True,completed search,single_edges_with_waits_A,59.0,465.0,12.688172043010752,H*(H+1)/2,Unique forward transitions plus exactly H waits; completed graph,Finite derivation from chain_graph() enumeration and pruning,O(n^2 m^2),,,H19
hurricane:EP041976__EP041984:a0.5|CPS-3F,23,hurricane,EP041976__EP041984,0.5,CPS-3F,30,48,new,output\paper_v1\hurricane_final_20\slots\23\attempts\final20_23_0892021af506422ebb7300b58a6e42e8,validated,True,True,completed search,auxiliary_B,0.0,0.0,,0 (no auxiliary locations),Interior curve-parameter intersections; CPS-3F percentage not applicable,Thesis Observation 4 p.18 and section 5.1 p.26; manuscript section 4.4 pp.15-16,O(n^2 m^2),,Zero/non-applicable bound,H19
hurricane:EP041976__EP041984:a0.5|CPS-3F,23,hurricane,EP041976__EP041984,0.5,CPS-3F,30,48,new,output\paper_v1\hurricane_final_20\slots\23\attempts\final20_23_0892021af506422ebb7300b58a6e42e8,validated,True,True,completed search,single_dense_B,2304.0,2304.0,100.0,k^2,"Dense indexing slots, not valid vertices",Thesis Observation 4 p.18 and section 5.1 p.26; manuscript section 4.4 pp.15-16,O(n^2 m^2),,,H19
hurricane:EP041976__EP041984:a0.5|CPS-3F,23,hurricane,EP041976__EP041984,0.5,CPS-3F,30,48,new,output\paper_v1\hurricane_final_20\slots\23\attempts\final20_23_0892021af506422ebb7300b58a6e42e8,validated,True,True,completed search,single_active_B,56.0,2304.0,2.4305555555555554,k*(k+a),Anchored source/terminal included; single-graph construction complete,Thesis Observation 4 p.18 and section 5.1 p.26; manuscript section 4.4 pp.15-16,O(n^2 m^2),,,H19
hurricane:EP041976__EP041984:a0.5|CPS-3F,23,hurricane,EP041976__EP041984,0.5,CPS-3F,30,48,new,output\paper_v1\hurricane_final_20\slots\23\attempts\final20_23_0892021af506422ebb7300b58a6e42e8,validated,True,True,completed search,single_edges_with_waits_B,136.0,1596.0,8.521303258145364,H*(H+1)/2,Unique forward transitions plus exactly H waits; completed graph,Finite derivation from chain_graph() enumeration and pruning,O(n^2 m^2),,,H19
hurricane:EP041976__EP041984:a0.5|CPS-3F,23,hurricane,EP041976__EP041984,0.5,CPS-3F,30,48,new,output\paper_v1\hurricane_final_20\slots\23\attempts\final20_23_0892021af506422ebb7300b58a6e42e8,validated,True,True,completed search,configuration_states_input_bound,225.0,2073600.0,0.010850694444444444,n^2*m^2,All index combinations; includes source/terminal; no hidden asymptotic constant,Thesis Observation 4 p.18 and section 5.1 p.26; manuscript section 4.4 pp.15-16,O(n^2 m^2),,,H19
hurricane:EP041976__EP041984:a0.5|CPS-3F,23,hurricane,EP041976__EP041984,0.5,CPS-3F,30,48,new,output\paper_v1\hurricane_final_20\slots\23\attempts\final20_23_0892021af506422ebb7300b58a6e42e8,validated,True,True,completed search,configuration_states_active_bound,225.0,1680.0,13.392857142857142,H_A*H_B,Completed single graphs; includes coupling-invalid combinations,Thesis Observation 4 p.18 and section 5.1 p.26; manuscript section 4.4 pp.15-16,O(n^2 m^2),,,H19
hurricane:EP041976__EP041984:a0.5|CPS-3F,23,hurricane,EP041976__EP041984,0.5,CPS-3F,30,48,new,output\paper_v1\hurricane_final_20\slots\23\attempts\final20_23_0892021af506422ebb7300b58a6e42e8,validated,True,True,completed search,candidate_transition_checks,632.0,6344.0,9.96216897856242,E_A*E_B-H_A*H_B,No duplicate single-graph entries; each product source popped once; excludes simultaneous waits,Finite derivation from solve_cps() and chain_graph(); see graph_bounds.md,O(n^2 m^2),,,H19
hurricane:EP041976__EP041984:a0.5|CPS-3F,23,hurricane,EP041976__EP041984,0.5,CPS-3F,30,48,new,output\paper_v1\hurricane_final_20\slots\23\attempts\final20_23_0892021af506422ebb7300b58a6e42e8,validated,True,True,completed search,unique_configuration_edges,,1410360.0,,"N*(N-1)/2, N=H_A*H_B",Product graph not materialized; no observed unique-edge count; strict forward topological order,Finite DAG counting derivation; not a transition-check measurement,O(n^2 m^2),Counter unavailable or phase not reached; historical runs not rerun,,H19
hurricane:EP041976__EP041984:a0.5|CPS-3F,23,hurricane,EP041976__EP041984,0.5,CPS-3F,30,48,new,output\paper_v1\hurricane_final_20\slots\23\attempts\final20_23_0892021af506422ebb7300b58a6e42e8,validated,True,True,completed search,dynamic_programming_labels,,50400.0,,n*H_A*H_B,At most n distinct A-hop counts per state; labels not instrumented,Thesis section5.1; manuscript section4.4; solve_cps values dictionaries,O(n^2 m^2),Counter unavailable or phase not reached; historical runs not rerun,,H19
hurricane:EP081967__EP101980:a0.5|CPS-2F,25,hurricane,EP081967__EP101980,0.5,CPS-2F,25,26,new,output\paper_v1\hurricane_final_20\slots\25\attempts\final20_25_66c8bad9489b41fab6327cf23c780263,validated,True,True,completed search,auxiliary_A,47.0,1200.0,3.9166666666666665,2 k(k-1),Interior curve-parameter intersections; CPS-3F percentage not applicable,Thesis Observation 4 p.18 and section 5.1 p.26; manuscript section 4.4 pp.15-16,O(n^3 m^3),,,H20
hurricane:EP081967__EP101980:a0.5|CPS-2F,25,hurricane,EP081967__EP101980,0.5,CPS-2F,25,26,new,output\paper_v1\hurricane_final_20\slots\25\attempts\final20_25_66c8bad9489b41fab6327cf23c780263,validated,True,True,completed search,single_dense_A,1800.0,30625.0,5.877551020408164,k*(k+2k(k-1)),"Dense indexing slots, not valid vertices",Thesis Observation 4 p.18 and section 5.1 p.26; manuscript section 4.4 pp.15-16,O(n^3 m^3),,,H20
hurricane:EP081967__EP101980:a0.5|CPS-2F,25,hurricane,EP081967__EP101980,0.5,CPS-2F,25,26,new,output\paper_v1\hurricane_final_20\slots\25\attempts\final20_25_66c8bad9489b41fab6327cf23c780263,validated,True,True,completed search,single_active_A,105.0,1800.0,5.833333333333333,k*(k+a),Anchored source/terminal included; single-graph construction complete,Thesis Observation 4 p.18 and section 5.1 p.26; manuscript section 4.4 pp.15-16,O(n^3 m^3),,,H20
hurricane:EP081967__EP101980:a0.5|CPS-2F,25,hurricane,EP081967__EP101980,0.5,CPS-2F,25,26,new,output\paper_v1\hurricane_final_20\slots\25\attempts\final20_25_66c8bad9489b41fab6327cf23c780263,validated,True,True,completed search,single_edges_with_waits_A,2820.0,5565.0,50.67385444743935,H*(H+1)/2,Unique forward transitions plus exactly H waits; completed graph,Finite derivation from chain_graph() enumeration and pruning,O(n^3 m^3),,,H20
hurricane:EP081967__EP101980:a0.5|CPS-2F,25,hurricane,EP081967__EP101980,0.5,CPS-2F,25,26,new,output\paper_v1\hurricane_final_20\slots\25\attempts\final20_25_66c8bad9489b41fab6327cf23c780263,validated,True,True,completed search,auxiliary_B,50.0,1300.0,3.8461538461538463,2 k(k-1),Interior curve-parameter intersections; CPS-3F percentage not applicable,Thesis Observation 4 p.18 and section 5.1 p.26; manuscript section 4.4 pp.15-16,O(n^3 m^3),,,H20
hurricane:EP081967__EP101980:a0.5|CPS-2F,25,hurricane,EP081967__EP101980,0.5,CPS-2F,25,26,new,output\paper_v1\hurricane_final_20\slots\25\attempts\final20_25_66c8bad9489b41fab6327cf23c780263,validated,True,True,completed search,single_dense_B,1976.0,34476.0,5.731523378582202,k*(k+2k(k-1)),"Dense indexing slots, not valid vertices",Thesis Observation 4 p.18 and section 5.1 p.26; manuscript section 4.4 pp.15-16,O(n^3 m^3),,,H20
hurricane:EP081967__EP101980:a0.5|CPS-2F,25,hurricane,EP081967__EP101980,0.5,CPS-2F,25,26,new,output\paper_v1\hurricane_final_20\slots\25\attempts\final20_25_66c8bad9489b41fab6327cf23c780263,validated,True,True,completed search,single_active_B,102.0,1976.0,5.161943319838056,k*(k+a),Anchored source/terminal included; single-graph construction complete,Thesis Observation 4 p.18 and section 5.1 p.26; manuscript section 4.4 pp.15-16,O(n^3 m^3),,,H20
hurricane:EP081967__EP101980:a0.5|CPS-2F,25,hurricane,EP081967__EP101980,0.5,CPS-2F,25,26,new,output\paper_v1\hurricane_final_20\slots\25\attempts\final20_25_66c8bad9489b41fab6327cf23c780263,validated,True,True,completed search,single_edges_with_waits_B,3863.0,5253.0,73.53893013516085,H*(H+1)/2,Unique forward transitions plus exactly H waits; completed graph,Finite derivation from chain_graph() enumeration and pruning,O(n^3 m^3),,,H20
hurricane:EP081967__EP101980:a0.5|CPS-2F,25,hurricane,EP081967__EP101980,0.5,CPS-2F,25,26,new,output\paper_v1\hurricane_final_20\slots\25\attempts\final20_25_66c8bad9489b41fab6327cf23c780263,validated,True,True,completed search,configuration_states_input_bound,1675.0,1055827500.0,0.0001586433389924017,n*m*(n+2n(n-1))*(m+2m(m-1)),All index combinations; includes source/terminal; no hidden asymptotic constant,Thesis Observation 4 p.18 and section 5.1 p.26; manuscript section 4.4 pp.15-16,O(n^3 m^3),,,H20
hurricane:EP081967__EP101980:a0.5|CPS-2F,25,hurricane,EP081967__EP101980,0.5,CPS-2F,25,26,new,output\paper_v1\hurricane_final_20\slots\25\attempts\final20_25_66c8bad9489b41fab6327cf23c780263,validated,True,True,completed search,configuration_states_extended_bound,1675.0,3556800.0,0.04709289248762933,n*m*(n+aA)*(m+aB),Actual extended-curve sizes; all index combinations,Thesis Observation 4 p.18 and section 5.1 p.26; manuscript section 4.4 pp.15-16,O(n^3 m^3),,,H20
hurricane:EP081967__EP101980:a0.5|CPS-2F,25,hurricane,EP081967__EP101980,0.5,CPS-2F,25,26,new,output\paper_v1\hurricane_final_20\slots\25\attempts\final20_25_66c8bad9489b41fab6327cf23c780263,validated,True,True,completed search,configuration_states_active_bound,1675.0,10710.0,15.639589169000933,H_A*H_B,Completed single graphs; includes coupling-invalid combinations,Thesis Observation 4 p.18 and section 5.1 p.26; manuscript section 4.4 pp.15-16,O(n^3 m^3),,,H20
hurricane:EP081967__EP101980:a0.5|CPS-2F,25,hurricane,EP081967__EP101980,0.5,CPS-2F,25,26,new,output\paper_v1\hurricane_final_20\slots\25\attempts\final20_25_66c8bad9489b41fab6327cf23c780263,validated,True,True,completed search,candidate_transition_checks,636165.0,10882950.0,5.845519826885174,E_A*E_B-H_A*H_B,No duplicate single-graph entries; each product source popped once; excludes simultaneous waits,Finite derivation from solve_cps() and chain_graph(); see graph_bounds.md,O(n^3 m^3),,,H20
hurricane:EP081967__EP101980:a0.5|CPS-2F,25,hurricane,EP081967__EP101980,0.5,CPS-2F,25,26,new,output\paper_v1\hurricane_final_20\slots\25\attempts\final20_25_66c8bad9489b41fab6327cf23c780263,validated,True,True,completed search,unique_configuration_edges,,57346695.0,,"N*(N-1)/2, N=H_A*H_B",Product graph not materialized; no observed unique-edge count; strict forward topological order,Finite DAG counting derivation; not a transition-check measurement,O(n^3 m^3),Counter unavailable or phase not reached; historical runs not rerun,,H20
hurricane:EP081967__EP101980:a0.5|CPS-2F,25,hurricane,EP081967__EP101980,0.5,CPS-2F,25,26,new,output\paper_v1\hurricane_final_20\slots\25\attempts\final20_25_66c8bad9489b41fab6327cf23c780263,validated,True,True,completed search,dynamic_programming_labels,,267750.0,,n*H_A*H_B,At most n distinct A-hop counts per state; labels not instrumented,Thesis section5.1; manuscript section4.4; solve_cps values dictionaries,O(n^3 m^3),Counter unavailable or phase not reached; historical runs not rerun,,H20
hurricane:EP081967__EP101980:a0.5|CPS-3F,26,hurricane,EP081967__EP101980,0.5,CPS-3F,25,26,new,output\paper_v1\hurricane_final_20\slots\26\attempts\final20_26_30241021b400499a9710be07c88dddac,validated,True,True,completed search,auxiliary_A,0.0,0.0,,0 (no auxiliary locations),Interior curve-parameter intersections; CPS-3F percentage not applicable,Thesis Observation 4 p.18 and section 5.1 p.26; manuscript section 4.4 pp.15-16,O(n^2 m^2),,Zero/non-applicable bound,H20
hurricane:EP081967__EP101980:a0.5|CPS-3F,26,hurricane,EP081967__EP101980,0.5,CPS-3F,25,26,new,output\paper_v1\hurricane_final_20\slots\26\attempts\final20_26_30241021b400499a9710be07c88dddac,validated,True,True,completed search,single_dense_A,625.0,625.0,100.0,k^2,"Dense indexing slots, not valid vertices",Thesis Observation 4 p.18 and section 5.1 p.26; manuscript section 4.4 pp.15-16,O(n^2 m^2),,,H20
hurricane:EP081967__EP101980:a0.5|CPS-3F,26,hurricane,EP081967__EP101980,0.5,CPS-3F,25,26,new,output\paper_v1\hurricane_final_20\slots\26\attempts\final20_26_30241021b400499a9710be07c88dddac,validated,True,True,completed search,single_active_A,27.0,625.0,4.32,k*(k+a),Anchored source/terminal included; single-graph construction complete,Thesis Observation 4 p.18 and section 5.1 p.26; manuscript section 4.4 pp.15-16,O(n^2 m^2),,,H20
hurricane:EP081967__EP101980:a0.5|CPS-3F,26,hurricane,EP081967__EP101980,0.5,CPS-3F,25,26,new,output\paper_v1\hurricane_final_20\slots\26\attempts\final20_26_30241021b400499a9710be07c88dddac,validated,True,True,completed search,single_edges_with_waits_A,56.0,378.0,14.814814814814815,H*(H+1)/2,Unique forward transitions plus exactly H waits; completed graph,Finite derivation from chain_graph() enumeration and pruning,O(n^2 m^2),,,H20
hurricane:EP081967__EP101980:a0.5|CPS-3F,26,hurricane,EP081967__EP101980,0.5,CPS-3F,25,26,new,output\paper_v1\hurricane_final_20\slots\26\attempts\final20_26_30241021b400499a9710be07c88dddac,validated,True,True,completed search,auxiliary_B,0.0,0.0,,0 (no auxiliary locations),Interior curve-parameter intersections; CPS-3F percentage not applicable,Thesis Observation 4 p.18 and section 5.1 p.26; manuscript section 4.4 pp.15-16,O(n^2 m^2),,Zero/non-applicable bound,H20
hurricane:EP081967__EP101980:a0.5|CPS-3F,26,hurricane,EP081967__EP101980,0.5,CPS-3F,25,26,new,output\paper_v1\hurricane_final_20\slots\26\attempts\final20_26_30241021b400499a9710be07c88dddac,validated,True,True,completed search,single_dense_B,676.0,676.0,100.0,k^2,"Dense indexing slots, not valid vertices",Thesis Observation 4 p.18 and section 5.1 p.26; manuscript section 4.4 pp.15-16,O(n^2 m^2),,,H20
hurricane:EP081967__EP101980:a0.5|CPS-3F,26,hurricane,EP081967__EP101980,0.5,CPS-3F,25,26,new,output\paper_v1\hurricane_final_20\slots\26\attempts\final20_26_30241021b400499a9710be07c88dddac,validated,True,True,completed search,single_active_B,26.0,676.0,3.8461538461538463,k*(k+a),Anchored source/terminal included; single-graph construction complete,Thesis Observation 4 p.18 and section 5.1 p.26; manuscript section 4.4 pp.15-16,O(n^2 m^2),,,H20
hurricane:EP081967__EP101980:a0.5|CPS-3F,26,hurricane,EP081967__EP101980,0.5,CPS-3F,25,26,new,output\paper_v1\hurricane_final_20\slots\26\attempts\final20_26_30241021b400499a9710be07c88dddac,validated,True,True,completed search,single_edges_with_waits_B,51.0,351.0,14.52991452991453,H*(H+1)/2,Unique forward transitions plus exactly H waits; completed graph,Finite derivation from chain_graph() enumeration and pruning,O(n^2 m^2),,,H20
hurricane:EP081967__EP101980:a0.5|CPS-3F,26,hurricane,EP081967__EP101980,0.5,CPS-3F,25,26,new,output\paper_v1\hurricane_final_20\slots\26\attempts\final20_26_30241021b400499a9710be07c88dddac,validated,True,True,completed search,configuration_states_input_bound,100.0,422500.0,0.023668639053254437,n^2*m^2,All index combinations; includes source/terminal; no hidden asymptotic constant,Thesis Observation 4 p.18 and section 5.1 p.26; manuscript section 4.4 pp.15-16,O(n^2 m^2),,,H20
hurricane:EP081967__EP101980:a0.5|CPS-3F,26,hurricane,EP081967__EP101980,0.5,CPS-3F,25,26,new,output\paper_v1\hurricane_final_20\slots\26\attempts\final20_26_30241021b400499a9710be07c88dddac,validated,True,True,completed search,configuration_states_active_bound,100.0,702.0,14.245014245014245,H_A*H_B,Completed single graphs; includes coupling-invalid combinations,Thesis Observation 4 p.18 and section 5.1 p.26; manuscript section 4.4 pp.15-16,O(n^2 m^2),,,H20
hurricane:EP081967__EP101980:a0.5|CPS-3F,26,hurricane,EP081967__EP101980,0.5,CPS-3F,25,26,new,output\paper_v1\hurricane_final_20\slots\26\attempts\final20_26_30241021b400499a9710be07c88dddac,validated,True,True,completed search,candidate_transition_checks,238.0,2154.0,11.049210770659238,E_A*E_B-H_A*H_B,No duplicate single-graph entries; each product source popped once; excludes simultaneous waits,Finite derivation from solve_cps() and chain_graph(); see graph_bounds.md,O(n^2 m^2),,,H20
hurricane:EP081967__EP101980:a0.5|CPS-3F,26,hurricane,EP081967__EP101980,0.5,CPS-3F,25,26,new,output\paper_v1\hurricane_final_20\slots\26\attempts\final20_26_30241021b400499a9710be07c88dddac,validated,True,True,completed search,unique_configuration_edges,,246051.0,,"N*(N-1)/2, N=H_A*H_B",Product graph not materialized; no observed unique-edge count; strict forward topological order,Finite DAG counting derivation; not a transition-check measurement,O(n^2 m^2),Counter unavailable or phase not reached; historical runs not rerun,,H20
hurricane:EP081967__EP101980:a0.5|CPS-3F,26,hurricane,EP081967__EP101980,0.5,CPS-3F,25,26,new,output\paper_v1\hurricane_final_20\slots\26\attempts\final20_26_30241021b400499a9710be07c88dddac,validated,True,True,completed search,dynamic_programming_labels,,17550.0,,n*H_A*H_B,At most n distinct A-hop counts per state; labels not instrumented,Thesis section5.1; manuscript section4.4; solve_cps values dictionaries,O(n^2 m^2),Counter unavailable or phase not reached; historical runs not rerun,,H20
hurricane:EP031994__EP031978:a0.5|CPS-3F,29,hurricane,EP031994__EP031978,0.5,CPS-3F,29,35,new,output\paper_v1\hurricane_final_20\slots\29\attempts\final20_29_aa3ca4b72b8c4222901d54440e883ea9,validated,True,True,completed search,auxiliary_A,0.0,0.0,,0 (no auxiliary locations),Interior curve-parameter intersections; CPS-3F percentage not applicable,Thesis Observation 4 p.18 and section 5.1 p.26; manuscript section 4.4 pp.15-16,O(n^2 m^2),,Zero/non-applicable bound,H21
hurricane:EP031994__EP031978:a0.5|CPS-3F,29,hurricane,EP031994__EP031978,0.5,CPS-3F,29,35,new,output\paper_v1\hurricane_final_20\slots\29\attempts\final20_29_aa3ca4b72b8c4222901d54440e883ea9,validated,True,True,completed search,single_dense_A,841.0,841.0,100.0,k^2,"Dense indexing slots, not valid vertices",Thesis Observation 4 p.18 and section 5.1 p.26; manuscript section 4.4 pp.15-16,O(n^2 m^2),,,H21
hurricane:EP031994__EP031978:a0.5|CPS-3F,29,hurricane,EP031994__EP031978,0.5,CPS-3F,29,35,new,output\paper_v1\hurricane_final_20\slots\29\attempts\final20_29_aa3ca4b72b8c4222901d54440e883ea9,validated,True,True,completed search,single_active_A,29.0,841.0,3.4482758620689653,k*(k+a),Anchored source/terminal included; single-graph construction complete,Thesis Observation 4 p.18 and section 5.1 p.26; manuscript section 4.4 pp.15-16,O(n^2 m^2),,,H21
hurricane:EP031994__EP031978:a0.5|CPS-3F,29,hurricane,EP031994__EP031978,0.5,CPS-3F,29,35,new,output\paper_v1\hurricane_final_20\slots\29\attempts\final20_29_aa3ca4b72b8c4222901d54440e883ea9,validated,True,True,completed search,single_edges_with_waits_A,57.0,435.0,13.10344827586207,H*(H+1)/2,Unique forward transitions plus exactly H waits; completed graph,Finite derivation from chain_graph() enumeration and pruning,O(n^2 m^2),,,H21
hurricane:EP031994__EP031978:a0.5|CPS-3F,29,hurricane,EP031994__EP031978,0.5,CPS-3F,29,35,new,output\paper_v1\hurricane_final_20\slots\29\attempts\final20_29_aa3ca4b72b8c4222901d54440e883ea9,validated,True,True,completed search,auxiliary_B,0.0,0.0,,0 (no auxiliary locations),Interior curve-parameter intersections; CPS-3F percentage not applicable,Thesis Observation 4 p.18 and section 5.1 p.26; manuscript section 4.4 pp.15-16,O(n^2 m^2),,Zero/non-applicable bound,H21
hurricane:EP031994__EP031978:a0.5|CPS-3F,29,hurricane,EP031994__EP031978,0.5,CPS-3F,29,35,new,output\paper_v1\hurricane_final_20\slots\29\attempts\final20_29_aa3ca4b72b8c4222901d54440e883ea9,validated,True,True,completed search,single_dense_B,1225.0,1225.0,100.0,k^2,"Dense indexing slots, not valid vertices",Thesis Observation 4 p.18 and section 5.1 p.26; manuscript section 4.4 pp.15-16,O(n^2 m^2),,,H21
hurricane:EP031994__EP031978:a0.5|CPS-3F,29,hurricane,EP031994__EP031978,0.5,CPS-3F,29,35,new,output\paper_v1\hurricane_final_20\slots\29\attempts\final20_29_aa3ca4b72b8c4222901d54440e883ea9,validated,True,True,completed search,single_active_B,39.0,1225.0,3.183673469387755,k*(k+a),Anchored source/terminal included; single-graph construction complete,Thesis Observation 4 p.18 and section 5.1 p.26; manuscript section 4.4 pp.15-16,O(n^2 m^2),,,H21
hurricane:EP031994__EP031978:a0.5|CPS-3F,29,hurricane,EP031994__EP031978,0.5,CPS-3F,29,35,new,output\paper_v1\hurricane_final_20\slots\29\attempts\final20_29_aa3ca4b72b8c4222901d54440e883ea9,validated,True,True,completed search,single_edges_with_waits_B,88.0,780.0,11.282051282051283,H*(H+1)/2,Unique forward transitions plus exactly H waits; completed graph,Finite derivation from chain_graph() enumeration and pruning,O(n^2 m^2),,,H21
hurricane:EP031994__EP031978:a0.5|CPS-3F,29,hurricane,EP031994__EP031978,0.5,CPS-3F,29,35,new,output\paper_v1\hurricane_final_20\slots\29\attempts\final20_29_aa3ca4b72b8c4222901d54440e883ea9,validated,True,True,completed search,configuration_states_input_bound,235.0,1030225.0,0.022810551093207794,n^2*m^2,All index combinations; includes source/terminal; no hidden asymptotic constant,Thesis Observation 4 p.18 and section 5.1 p.26; manuscript section 4.4 pp.15-16,O(n^2 m^2),,,H21
hurricane:EP031994__EP031978:a0.5|CPS-3F,29,hurricane,EP031994__EP031978,0.5,CPS-3F,29,35,new,output\paper_v1\hurricane_final_20\slots\29\attempts\final20_29_aa3ca4b72b8c4222901d54440e883ea9,validated,True,True,completed search,configuration_states_active_bound,235.0,1131.0,20.778072502210435,H_A*H_B,Completed single graphs; includes coupling-invalid combinations,Thesis Observation 4 p.18 and section 5.1 p.26; manuscript section 4.4 pp.15-16,O(n^2 m^2),,,H21
hurricane:EP031994__EP031978:a0.5|CPS-3F,29,hurricane,EP031994__EP031978,0.5,CPS-3F,29,35,new,output\paper_v1\hurricane_final_20\slots\29\attempts\final20_29_aa3ca4b72b8c4222901d54440e883ea9,validated,True,True,completed search,candidate_transition_checks,639.0,3885.0,16.44787644787645,E_A*E_B-H_A*H_B,No duplicate single-graph entries; each product source popped once; excludes simultaneous waits,Finite derivation from solve_cps() and chain_graph(); see graph_bounds.md,O(n^2 m^2),,,H21
hurricane:EP031994__EP031978:a0.5|CPS-3F,29,hurricane,EP031994__EP031978,0.5,CPS-3F,29,35,new,output\paper_v1\hurricane_final_20\slots\29\attempts\final20_29_aa3ca4b72b8c4222901d54440e883ea9,validated,True,True,completed search,unique_configuration_edges,,639015.0,,"N*(N-1)/2, N=H_A*H_B",Product graph not materialized; no observed unique-edge count; strict forward topological order,Finite DAG counting derivation; not a transition-check measurement,O(n^2 m^2),Counter unavailable or phase not reached; historical runs not rerun,,H21
hurricane:EP031994__EP031978:a0.5|CPS-3F,29,hurricane,EP031994__EP031978,0.5,CPS-3F,29,35,new,output\paper_v1\hurricane_final_20\slots\29\attempts\final20_29_aa3ca4b72b8c4222901d54440e883ea9,validated,True,True,completed search,dynamic_programming_labels,,32799.0,,n*H_A*H_B,At most n distinct A-hop counts per state; labels not instrumented,Thesis section5.1; manuscript section4.4; solve_cps values dictionaries,O(n^2 m^2),Counter unavailable or phase not reached; historical runs not rerun,,H21
hurricane:EP031994__EP031978:a0.5|CPS-2F,32,hurricane,EP031994__EP031978,0.5,CPS-2F,29,35,new,output\paper_v1\hurricane_final_20\slots\32\attempts\final20_32_d7629be544a04b7c9a22f439d333fc89,validated,True,True,completed search,auxiliary_A,56.0,1624.0,3.4482758620689653,2 k(k-1),Interior curve-parameter intersections; CPS-3F percentage not applicable,Thesis Observation 4 p.18 and section 5.1 p.26; manuscript section 4.4 pp.15-16,O(n^3 m^3),,,H21
hurricane:EP031994__EP031978:a0.5|CPS-2F,32,hurricane,EP031994__EP031978,0.5,CPS-2F,29,35,new,output\paper_v1\hurricane_final_20\slots\32\attempts\final20_32_d7629be544a04b7c9a22f439d333fc89,validated,True,True,completed search,single_dense_A,2465.0,47937.0,5.142165759225651,k*(k+2k(k-1)),"Dense indexing slots, not valid vertices",Thesis Observation 4 p.18 and section 5.1 p.26; manuscript section 4.4 pp.15-16,O(n^3 m^3),,,H21
hurricane:EP031994__EP031978:a0.5|CPS-2F,32,hurricane,EP031994__EP031978,0.5,CPS-2F,29,35,new,output\paper_v1\hurricane_final_20\slots\32\attempts\final20_32_d7629be544a04b7c9a22f439d333fc89,validated,True,True,completed search,single_active_A,115.0,2465.0,4.665314401622718,k*(k+a),Anchored source/terminal included; single-graph construction complete,Thesis Observation 4 p.18 and section 5.1 p.26; manuscript section 4.4 pp.15-16,O(n^3 m^3),,,H21
hurricane:EP031994__EP031978:a0.5|CPS-2F,32,hurricane,EP031994__EP031978,0.5,CPS-2F,29,35,new,output\paper_v1\hurricane_final_20\slots\32\attempts\final20_32_d7629be544a04b7c9a22f439d333fc89,validated,True,True,completed search,single_edges_with_waits_A,4798.0,6670.0,71.93403298350825,H*(H+1)/2,Unique forward transitions plus exactly H waits; completed graph,Finite derivation from chain_graph() enumeration and pruning,O(n^3 m^3),,,H21
hurricane:EP031994__EP031978:a0.5|CPS-2F,32,hurricane,EP031994__EP031978,0.5,CPS-2F,29,35,new,output\paper_v1\hurricane_final_20\slots\32\attempts\final20_32_d7629be544a04b7c9a22f439d333fc89,validated,True,True,completed search,auxiliary_B,68.0,2380.0,2.857142857142857,2 k(k-1),Interior curve-parameter intersections; CPS-3F percentage not applicable,Thesis Observation 4 p.18 and section 5.1 p.26; manuscript section 4.4 pp.15-16,O(n^3 m^3),,,H21
hurricane:EP031994__EP031978:a0.5|CPS-2F,32,hurricane,EP031994__EP031978,0.5,CPS-2F,29,35,new,output\paper_v1\hurricane_final_20\slots\32\attempts\final20_32_d7629be544a04b7c9a22f439d333fc89,validated,True,True,completed search,single_dense_B,3605.0,84525.0,4.265010351966874,k*(k+2k(k-1)),"Dense indexing slots, not valid vertices",Thesis Observation 4 p.18 and section 5.1 p.26; manuscript section 4.4 pp.15-16,O(n^3 m^3),,,H21
hurricane:EP031994__EP031978:a0.5|CPS-2F,32,hurricane,EP031994__EP031978,0.5,CPS-2F,29,35,new,output\paper_v1\hurricane_final_20\slots\32\attempts\final20_32_d7629be544a04b7c9a22f439d333fc89,validated,True,True,completed search,single_active_B,147.0,3605.0,4.077669902912621,k*(k+a),Anchored source/terminal included; single-graph construction complete,Thesis Observation 4 p.18 and section 5.1 p.26; manuscript section 4.4 pp.15-16,O(n^3 m^3),,,H21
hurricane:EP031994__EP031978:a0.5|CPS-2F,32,hurricane,EP031994__EP031978,0.5,CPS-2F,29,35,new,output\paper_v1\hurricane_final_20\slots\32\attempts\final20_32_d7629be544a04b7c9a22f439d333fc89,validated,True,True,completed search,single_edges_with_waits_B,4778.0,10878.0,43.92351535208678,H*(H+1)/2,Unique forward transitions plus exactly H waits; completed graph,Finite derivation from chain_graph() enumeration and pruning,O(n^3 m^3),,,H21
hurricane:EP031994__EP031978:a0.5|CPS-2F,32,hurricane,EP031994__EP031978,0.5,CPS-2F,29,35,new,output\paper_v1\hurricane_final_20\slots\32\attempts\final20_32_d7629be544a04b7c9a22f439d333fc89,validated,True,True,completed search,configuration_states_input_bound,3403.0,4051874925.0,8.398581059359823e-05,n*m*(n+2n(n-1))*(m+2m(m-1)),All index combinations; includes source/terminal; no hidden asymptotic constant,Thesis Observation 4 p.18 and section 5.1 p.26; manuscript section 4.4 pp.15-16,O(n^3 m^3),,,H21
hurricane:EP031994__EP031978:a0.5|CPS-2F,32,hurricane,EP031994__EP031978,0.5,CPS-2F,29,35,new,output\paper_v1\hurricane_final_20\slots\32\attempts\final20_32_d7629be544a04b7c9a22f439d333fc89,validated,True,True,completed search,configuration_states_extended_bound,3403.0,8886325.0,0.038294795655121776,n*m*(n+aA)*(m+aB),Actual extended-curve sizes; all index combinations,Thesis Observation 4 p.18 and section 5.1 p.26; manuscript section 4.4 pp.15-16,O(n^3 m^3),,,H21
hurricane:EP031994__EP031978:a0.5|CPS-2F,32,hurricane,EP031994__EP031978,0.5,CPS-2F,29,35,new,output\paper_v1\hurricane_final_20\slots\32\attempts\final20_32_d7629be544a04b7c9a22f439d333fc89,validated,True,True,completed search,configuration_states_active_bound,3403.0,16905.0,20.13013901212659,H_A*H_B,Completed single graphs; includes coupling-invalid combinations,Thesis Observation 4 p.18 and section 5.1 p.26; manuscript section 4.4 pp.15-16,O(n^3 m^3),,,H21
hurricane:EP031994__EP031978:a0.5|CPS-2F,32,hurricane,EP031994__EP031978,0.5,CPS-2F,29,35,new,output\paper_v1\hurricane_final_20\slots\32\attempts\final20_32_d7629be544a04b7c9a22f439d333fc89,validated,True,True,completed search,candidate_transition_checks,1648014.0,22907939.0,7.1940736353453705,E_A*E_B-H_A*H_B,No duplicate single-graph entries; each product source popped once; excludes simultaneous waits,Finite derivation from solve_cps() and chain_graph(); see graph_bounds.md,O(n^3 m^3),,,H21
hurricane:EP031994__EP031978:a0.5|CPS-2F,32,hurricane,EP031994__EP031978,0.5,CPS-2F,29,35,new,output\paper_v1\hurricane_final_20\slots\32\attempts\final20_32_d7629be544a04b7c9a22f439d333fc89,validated,True,True,completed search,unique_configuration_edges,,142881060.0,,"N*(N-1)/2, N=H_A*H_B",Product graph not materialized; no observed unique-edge count; strict forward topological order,Finite DAG counting derivation; not a transition-check measurement,O(n^3 m^3),Counter unavailable or phase not reached; historical runs not rerun,,H21
hurricane:EP031994__EP031978:a0.5|CPS-2F,32,hurricane,EP031994__EP031978,0.5,CPS-2F,29,35,new,output\paper_v1\hurricane_final_20\slots\32\attempts\final20_32_d7629be544a04b7c9a22f439d333fc89,validated,True,True,completed search,dynamic_programming_labels,,490245.0,,n*H_A*H_B,At most n distinct A-hop counts per state; labels not instrumented,Thesis section5.1; manuscript section4.4; solve_cps values dictionaries,O(n^3 m^3),Counter unavailable or phase not reached; historical runs not rerun,,H21
hurricane:EP021985__EP181984:a0.5|CPS-2F,35,hurricane,EP021985__EP181984,0.5,CPS-2F,41,36,new,output\paper_v1\hurricane_final_20\slots\35\attempts\final20_35_ebb9bf586aa24487a1f9d9f887ce4018,validated,True,True,completed search,auxiliary_A,80.0,3280.0,2.4390243902439024,2 k(k-1),Interior curve-parameter intersections; CPS-3F percentage not applicable,Thesis Observation 4 p.18 and section 5.1 p.26; manuscript section 4.4 pp.15-16,O(n^3 m^3),,,H22
hurricane:EP021985__EP181984:a0.5|CPS-2F,35,hurricane,EP021985__EP181984,0.5,CPS-2F,41,36,new,output\paper_v1\hurricane_final_20\slots\35\attempts\final20_35_ebb9bf586aa24487a1f9d9f887ce4018,validated,True,True,completed search,single_dense_A,4961.0,136161.0,3.643480879253237,k*(k+2k(k-1)),"Dense indexing slots, not valid vertices",Thesis Observation 4 p.18 and section 5.1 p.26; manuscript section 4.4 pp.15-16,O(n^3 m^3),,,H22
hurricane:EP021985__EP181984:a0.5|CPS-2F,35,hurricane,EP021985__EP181984,0.5,CPS-2F,41,36,new,output\paper_v1\hurricane_final_20\slots\35\attempts\final20_35_ebb9bf586aa24487a1f9d9f887ce4018,validated,True,True,completed search,single_active_A,165.0,4961.0,3.3259423503325944,k*(k+a),Anchored source/terminal included; single-graph construction complete,Thesis Observation 4 p.18 and section 5.1 p.26; manuscript section 4.4 pp.15-16,O(n^3 m^3),,,H22
hurricane:EP021985__EP181984:a0.5|CPS-2F,35,hurricane,EP021985__EP181984,0.5,CPS-2F,41,36,new,output\paper_v1\hurricane_final_20\slots\35\attempts\final20_35_ebb9bf586aa24487a1f9d9f887ce4018,validated,True,True,completed search,single_edges_with_waits_A,8477.0,13695.0,61.89850310332238,H*(H+1)/2,Unique forward transitions plus exactly H waits; completed graph,Finite derivation from chain_graph() enumeration and pruning,O(n^3 m^3),,,H22
hurricane:EP021985__EP181984:a0.5|CPS-2F,35,hurricane,EP021985__EP181984,0.5,CPS-2F,41,36,new,output\paper_v1\hurricane_final_20\slots\35\attempts\final20_35_ebb9bf586aa24487a1f9d9f887ce4018,validated,True,True,completed search,auxiliary_B,69.0,2520.0,2.738095238095238,2 k(k-1),Interior curve-parameter intersections; CPS-3F percentage not applicable,Thesis Observation 4 p.18 and section 5.1 p.26; manuscript section 4.4 pp.15-16,O(n^3 m^3),,,H22
hurricane:EP021985__EP181984:a0.5|CPS-2F,35,hurricane,EP021985__EP181984,0.5,CPS-2F,41,36,new,output\paper_v1\hurricane_final_20\slots\35\attempts\final20_35_ebb9bf586aa24487a1f9d9f887ce4018,validated,True,True,completed search,single_dense_B,3780.0,92016.0,4.107981220657277,k*(k+2k(k-1)),"Dense indexing slots, not valid vertices",Thesis Observation 4 p.18 and section 5.1 p.26; manuscript section 4.4 pp.15-16,O(n^3 m^3),,,H22
hurricane:EP021985__EP181984:a0.5|CPS-2F,35,hurricane,EP021985__EP181984,0.5,CPS-2F,41,36,new,output\paper_v1\hurricane_final_20\slots\35\attempts\final20_35_ebb9bf586aa24487a1f9d9f887ce4018,validated,True,True,completed search,single_active_B,180.0,3780.0,4.761904761904762,k*(k+a),Anchored source/terminal included; single-graph construction complete,Thesis Observation 4 p.18 and section 5.1 p.26; manuscript section 4.4 pp.15-16,O(n^3 m^3),,,H22
hurricane:EP021985__EP181984:a0.5|CPS-2F,35,hurricane,EP021985__EP181984,0.5,CPS-2F,41,36,new,output\paper_v1\hurricane_final_20\slots\35\attempts\final20_35_ebb9bf586aa24487a1f9d9f887ce4018,validated,True,True,completed search,single_edges_with_waits_B,9523.0,16290.0,58.45917740945365,H*(H+1)/2,Unique forward transitions plus exactly H waits; completed graph,Finite derivation from chain_graph() enumeration and pruning,O(n^3 m^3),,,H22
hurricane:EP021985__EP181984:a0.5|CPS-2F,35,hurricane,EP021985__EP181984,0.5,CPS-2F,41,36,new,output\paper_v1\hurricane_final_20\slots\35\attempts\final20_35_ebb9bf586aa24487a1f9d9f887ce4018,validated,True,True,completed search,configuration_states_input_bound,6553.0,12528990576.0,5.230269717460437e-05,n*m*(n+2n(n-1))*(m+2m(m-1)),All index combinations; includes source/terminal; no hidden asymptotic constant,Thesis Observation 4 p.18 and section 5.1 p.26; manuscript section 4.4 pp.15-16,O(n^3 m^3),,,H22
hurricane:EP021985__EP181984:a0.5|CPS-2F,35,hurricane,EP021985__EP181984,0.5,CPS-2F,41,36,new,output\paper_v1\hurricane_final_20\slots\35\attempts\final20_35_ebb9bf586aa24487a1f9d9f887ce4018,validated,True,True,completed search,configuration_states_extended_bound,6553.0,18752580.0,0.034944524966697914,n*m*(n+aA)*(m+aB),Actual extended-curve sizes; all index combinations,Thesis Observation 4 p.18 and section 5.1 p.26; manuscript section 4.4 pp.15-16,O(n^3 m^3),,,H22
hurricane:EP021985__EP181984:a0.5|CPS-2F,35,hurricane,EP021985__EP181984,0.5,CPS-2F,41,36,new,output\paper_v1\hurricane_final_20\slots\35\attempts\final20_35_ebb9bf586aa24487a1f9d9f887ce4018,validated,True,True,completed search,configuration_states_active_bound,6553.0,29700.0,22.063973063973062,H_A*H_B,Completed single graphs; includes coupling-invalid combinations,Thesis Observation 4 p.18 and section 5.1 p.26; manuscript section 4.4 pp.15-16,O(n^3 m^3),,,H22
hurricane:EP021985__EP181984:a0.5|CPS-2F,35,hurricane,EP021985__EP181984,0.5,CPS-2F,41,36,new,output\paper_v1\hurricane_final_20\slots\35\attempts\final20_35_ebb9bf586aa24487a1f9d9f887ce4018,validated,True,True,completed search,candidate_transition_checks,7885493.0,80696771.0,9.77175778198114,E_A*E_B-H_A*H_B,No duplicate single-graph entries; each product source popped once; excludes simultaneous waits,Finite derivation from solve_cps() and chain_graph(); see graph_bounds.md,O(n^3 m^3),,,H22
hurricane:EP021985__EP181984:a0.5|CPS-2F,35,hurricane,EP021985__EP181984,0.5,CPS-2F,41,36,new,output\paper_v1\hurricane_final_20\slots\35\attempts\final20_35_ebb9bf586aa24487a1f9d9f887ce4018,validated,True,True,completed search,unique_configuration_edges,,441030150.0,,"N*(N-1)/2, N=H_A*H_B",Product graph not materialized; no observed unique-edge count; strict forward topological order,Finite DAG counting derivation; not a transition-check measurement,O(n^3 m^3),Counter unavailable or phase not reached; historical runs not rerun,,H22
hurricane:EP021985__EP181984:a0.5|CPS-2F,35,hurricane,EP021985__EP181984,0.5,CPS-2F,41,36,new,output\paper_v1\hurricane_final_20\slots\35\attempts\final20_35_ebb9bf586aa24487a1f9d9f887ce4018,validated,True,True,completed search,dynamic_programming_labels,,1217700.0,,n*H_A*H_B,At most n distinct A-hop counts per state; labels not instrumented,Thesis section5.1; manuscript section4.4; solve_cps values dictionaries,O(n^3 m^3),Counter unavailable or phase not reached; historical runs not rerun,,H22
hurricane:EP021985__EP181984:a0.5|CPS-3F,36,hurricane,EP021985__EP181984,0.5,CPS-3F,41,36,new,output\paper_v1\hurricane_final_20\slots\36\attempts\final20_36_4e04d78dd5974e99b6e05aa37ad0a368,validated,True,True,completed search,auxiliary_A,0.0,0.0,,0 (no auxiliary locations),Interior curve-parameter intersections; CPS-3F percentage not applicable,Thesis Observation 4 p.18 and section 5.1 p.26; manuscript section 4.4 pp.15-16,O(n^2 m^2),,Zero/non-applicable bound,H22
hurricane:EP021985__EP181984:a0.5|CPS-3F,36,hurricane,EP021985__EP181984,0.5,CPS-3F,41,36,new,output\paper_v1\hurricane_final_20\slots\36\attempts\final20_36_4e04d78dd5974e99b6e05aa37ad0a368,validated,True,True,completed search,single_dense_A,1681.0,1681.0,100.0,k^2,"Dense indexing slots, not valid vertices",Thesis Observation 4 p.18 and section 5.1 p.26; manuscript section 4.4 pp.15-16,O(n^2 m^2),,,H22
hurricane:EP021985__EP181984:a0.5|CPS-3F,36,hurricane,EP021985__EP181984,0.5,CPS-3F,41,36,new,output\paper_v1\hurricane_final_20\slots\36\attempts\final20_36_4e04d78dd5974e99b6e05aa37ad0a368,validated,True,True,completed search,single_active_A,41.0,1681.0,2.4390243902439024,k*(k+a),Anchored source/terminal included; single-graph construction complete,Thesis Observation 4 p.18 and section 5.1 p.26; manuscript section 4.4 pp.15-16,O(n^2 m^2),,,H22
hurricane:EP021985__EP181984:a0.5|CPS-3F,36,hurricane,EP021985__EP181984,0.5,CPS-3F,41,36,new,output\paper_v1\hurricane_final_20\slots\36\attempts\final20_36_4e04d78dd5974e99b6e05aa37ad0a368,validated,True,True,completed search,single_edges_with_waits_A,81.0,861.0,9.40766550522648,H*(H+1)/2,Unique forward transitions plus exactly H waits; completed graph,Finite derivation from chain_graph() enumeration and pruning,O(n^2 m^2),,,H22
hurricane:EP021985__EP181984:a0.5|CPS-3F,36,hurricane,EP021985__EP181984,0.5,CPS-3F,41,36,new,output\paper_v1\hurricane_final_20\slots\36\attempts\final20_36_4e04d78dd5974e99b6e05aa37ad0a368,validated,True,True,completed search,auxiliary_B,0.0,0.0,,0 (no auxiliary locations),Interior curve-parameter intersections; CPS-3F percentage not applicable,Thesis Observation 4 p.18 and section 5.1 p.26; manuscript section 4.4 pp.15-16,O(n^2 m^2),,Zero/non-applicable bound,H22
hurricane:EP021985__EP181984:a0.5|CPS-3F,36,hurricane,EP021985__EP181984,0.5,CPS-3F,41,36,new,output\paper_v1\hurricane_final_20\slots\36\attempts\final20_36_4e04d78dd5974e99b6e05aa37ad0a368,validated,True,True,completed search,single_dense_B,1296.0,1296.0,100.0,k^2,"Dense indexing slots, not valid vertices",Thesis Observation 4 p.18 and section 5.1 p.26; manuscript section 4.4 pp.15-16,O(n^2 m^2),,,H22
hurricane:EP021985__EP181984:a0.5|CPS-3F,36,hurricane,EP021985__EP181984,0.5,CPS-3F,41,36,new,output\paper_v1\hurricane_final_20\slots\36\attempts\final20_36_4e04d78dd5974e99b6e05aa37ad0a368,validated,True,True,completed search,single_active_B,52.0,1296.0,4.012345679012346,k*(k+a),Anchored source/terminal included; single-graph construction complete,Thesis Observation 4 p.18 and section 5.1 p.26; manuscript section 4.4 pp.15-16,O(n^2 m^2),,,H22
hurricane:EP021985__EP181984:a0.5|CPS-3F,36,hurricane,EP021985__EP181984,0.5,CPS-3F,41,36,new,output\paper_v1\hurricane_final_20\slots\36\attempts\final20_36_4e04d78dd5974e99b6e05aa37ad0a368,validated,True,True,completed search,single_edges_with_waits_B,161.0,1378.0,11.683599419448477,H*(H+1)/2,Unique forward transitions plus exactly H waits; completed graph,Finite derivation from chain_graph() enumeration and pruning,O(n^2 m^2),,,H22
hurricane:EP021985__EP181984:a0.5|CPS-3F,36,hurricane,EP021985__EP181984,0.5,CPS-3F,41,36,new,output\paper_v1\hurricane_final_20\slots\36\attempts\final20_36_4e04d78dd5974e99b6e05aa37ad0a368,validated,True,True,completed search,configuration_states_input_bound,504.0,2178576.0,0.02313437768524027,n^2*m^2,All index combinations; includes source/terminal; no hidden asymptotic constant,Thesis Observation 4 p.18 and section 5.1 p.26; manuscript section 4.4 pp.15-16,O(n^2 m^2),,,H22
hurricane:EP021985__EP181984:a0.5|CPS-3F,36,hurricane,EP021985__EP181984,0.5,CPS-3F,41,36,new,output\paper_v1\hurricane_final_20\slots\36\attempts\final20_36_4e04d78dd5974e99b6e05aa37ad0a368,validated,True,True,completed search,configuration_states_active_bound,504.0,2132.0,23.639774859287055,H_A*H_B,Completed single graphs; includes coupling-invalid combinations,Thesis Observation 4 p.18 and section 5.1 p.26; manuscript section 4.4 pp.15-16,O(n^2 m^2),,,H22
hurricane:EP021985__EP181984:a0.5|CPS-3F,36,hurricane,EP021985__EP181984,0.5,CPS-3F,41,36,new,output\paper_v1\hurricane_final_20\slots\36\attempts\final20_36_4e04d78dd5974e99b6e05aa37ad0a368,validated,True,True,completed search,candidate_transition_checks,2402.0,10909.0,22.01851682097351,E_A*E_B-H_A*H_B,No duplicate single-graph entries; each product source popped once; excludes simultaneous waits,Finite derivation from solve_cps() and chain_graph(); see graph_bounds.md,O(n^2 m^2),,,H22
hurricane:EP021985__EP181984:a0.5|CPS-3F,36,hurricane,EP021985__EP181984,0.5,CPS-3F,41,36,new,output\paper_v1\hurricane_final_20\slots\36\attempts\final20_36_4e04d78dd5974e99b6e05aa37ad0a368,validated,True,True,completed search,unique_configuration_edges,,2271646.0,,"N*(N-1)/2, N=H_A*H_B",Product graph not materialized; no observed unique-edge count; strict forward topological order,Finite DAG counting derivation; not a transition-check measurement,O(n^2 m^2),Counter unavailable or phase not reached; historical runs not rerun,,H22
hurricane:EP021985__EP181984:a0.5|CPS-3F,36,hurricane,EP021985__EP181984,0.5,CPS-3F,41,36,new,output\paper_v1\hurricane_final_20\slots\36\attempts\final20_36_4e04d78dd5974e99b6e05aa37ad0a368,validated,True,True,completed search,dynamic_programming_labels,,87412.0,,n*H_A*H_B,At most n distinct A-hop counts per state; labels not instrumented,Thesis section5.1; manuscript section4.4; solve_cps values dictionaries,O(n^2 m^2),Counter unavailable or phase not reached; historical runs not rerun,,H22
hurricane:AL101886__AL051950:a0.5|CPS-2F,38,hurricane,AL101886__AL051950,0.5,CPS-2F,25,38,new,output\paper_v1\hurricane_final_20\slots\38\attempts\final20_38_58df75aaae554088a8460ccc5c84df2f,validated,True,True,completed search,auxiliary_A,48.0,1200.0,4.0,2 k(k-1),Interior curve-parameter intersections; CPS-3F percentage not applicable,Thesis Observation 4 p.18 and section 5.1 p.26; manuscript section 4.4 pp.15-16,O(n^3 m^3),,,H23
hurricane:AL101886__AL051950:a0.5|CPS-2F,38,hurricane,AL101886__AL051950,0.5,CPS-2F,25,38,new,output\paper_v1\hurricane_final_20\slots\38\attempts\final20_38_58df75aaae554088a8460ccc5c84df2f,validated,True,True,completed search,single_dense_A,1825.0,30625.0,5.959183673469388,k*(k+2k(k-1)),"Dense indexing slots, not valid vertices",Thesis Observation 4 p.18 and section 5.1 p.26; manuscript section 4.4 pp.15-16,O(n^3 m^3),,,H23
hurricane:AL101886__AL051950:a0.5|CPS-2F,38,hurricane,AL101886__AL051950,0.5,CPS-2F,25,38,new,output\paper_v1\hurricane_final_20\slots\38\attempts\final20_38_58df75aaae554088a8460ccc5c84df2f,validated,True,True,completed search,single_active_A,107.0,1825.0,5.863013698630137,k*(k+a),Anchored source/terminal included; single-graph construction complete,Thesis Observation 4 p.18 and section 5.1 p.26; manuscript section 4.4 pp.15-16,O(n^3 m^3),,,H23
hurricane:AL101886__AL051950:a0.5|CPS-2F,38,hurricane,AL101886__AL051950,0.5,CPS-2F,25,38,new,output\paper_v1\hurricane_final_20\slots\38\attempts\final20_38_58df75aaae554088a8460ccc5c84df2f,validated,True,True,completed search,single_edges_with_waits_A,3162.0,5778.0,54.72481827622015,H*(H+1)/2,Unique forward transitions plus exactly H waits; completed graph,Finite derivation from chain_graph() enumeration and pruning,O(n^3 m^3),,,H23
hurricane:AL101886__AL051950:a0.5|CPS-2F,38,hurricane,AL101886__AL051950,0.5,CPS-2F,25,38,new,output\paper_v1\hurricane_final_20\slots\38\attempts\final20_38_58df75aaae554088a8460ccc5c84df2f,validated,True,True,completed search,auxiliary_B,77.0,2812.0,2.7382645803698433,2 k(k-1),Interior curve-parameter intersections; CPS-3F percentage not applicable,Thesis Observation 4 p.18 and section 5.1 p.26; manuscript section 4.4 pp.15-16,O(n^3 m^3),,,H23
hurricane:AL101886__AL051950:a0.5|CPS-2F,38,hurricane,AL101886__AL051950,0.5,CPS-2F,25,38,new,output\paper_v1\hurricane_final_20\slots\38\attempts\final20_38_58df75aaae554088a8460ccc5c84df2f,validated,True,True,completed search,single_dense_B,4370.0,108300.0,4.035087719298246,k*(k+2k(k-1)),"Dense indexing slots, not valid vertices",Thesis Observation 4 p.18 and section 5.1 p.26; manuscript section 4.4 pp.15-16,O(n^3 m^3),,,H23
hurricane:AL101886__AL051950:a0.5|CPS-2F,38,hurricane,AL101886__AL051950,0.5,CPS-2F,25,38,new,output\paper_v1\hurricane_final_20\slots\38\attempts\final20_38_58df75aaae554088a8460ccc5c84df2f,validated,True,True,completed search,single_active_B,214.0,4370.0,4.897025171624714,k*(k+a),Anchored source/terminal included; single-graph construction complete,Thesis Observation 4 p.18 and section 5.1 p.26; manuscript section 4.4 pp.15-16,O(n^3 m^3),,,H23
hurricane:AL101886__AL051950:a0.5|CPS-2F,38,hurricane,AL101886__AL051950,0.5,CPS-2F,25,38,new,output\paper_v1\hurricane_final_20\slots\38\attempts\final20_38_58df75aaae554088a8460ccc5c84df2f,validated,True,True,completed search,single_edges_with_waits_B,5464.0,23005.0,23.75135840034775,H*(H+1)/2,Unique forward transitions plus exactly H waits; completed graph,Finite derivation from chain_graph() enumeration and pruning,O(n^3 m^3),,,H23
hurricane:AL101886__AL051950:a0.5|CPS-2F,38,hurricane,AL101886__AL051950,0.5,CPS-2F,25,38,new,output\paper_v1\hurricane_final_20\slots\38\attempts\final20_38_58df75aaae554088a8460ccc5c84df2f,validated,True,True,completed search,configuration_states_input_bound,11941.0,3316687500.0,0.00036002788927205233,n*m*(n+2n(n-1))*(m+2m(m-1)),All index combinations; includes source/terminal; no hidden asymptotic constant,Thesis Observation 4 p.18 and section 5.1 p.26; manuscript section 4.4 pp.15-16,O(n^3 m^3),,,H23
hurricane:AL101886__AL051950:a0.5|CPS-2F,38,hurricane,AL101886__AL051950,0.5,CPS-2F,25,38,new,output\paper_v1\hurricane_final_20\slots\38\attempts\final20_38_58df75aaae554088a8460ccc5c84df2f,validated,True,True,completed search,configuration_states_extended_bound,11941.0,7975250.0,0.1497257139274631,n*m*(n+aA)*(m+aB),Actual extended-curve sizes; all index combinations,Thesis Observation 4 p.18 and section 5.1 p.26; manuscript section 4.4 pp.15-16,O(n^3 m^3),,,H23
hurricane:AL101886__AL051950:a0.5|CPS-2F,38,hurricane,AL101886__AL051950,0.5,CPS-2F,25,38,new,output\paper_v1\hurricane_final_20\slots\38\attempts\final20_38_58df75aaae554088a8460ccc5c84df2f,validated,True,True,completed search,configuration_states_active_bound,11941.0,22898.0,52.1486592715521,H_A*H_B,Completed single graphs; includes coupling-invalid combinations,Thesis Observation 4 p.18 and section 5.1 p.26; manuscript section 4.4 pp.15-16,O(n^3 m^3),,,H23
hurricane:AL101886__AL051950:a0.5|CPS-2F,38,hurricane,AL101886__AL051950,0.5,CPS-2F,25,38,new,output\paper_v1\hurricane_final_20\slots\38\attempts\final20_38_58df75aaae554088a8460ccc5c84df2f,validated,True,True,completed search,candidate_transition_checks,10421580.0,17254270.0,60.400005332013464,E_A*E_B-H_A*H_B,No duplicate single-graph entries; each product source popped once; excludes simultaneous waits,Finite derivation from solve_cps() and chain_graph(); see graph_bounds.md,O(n^3 m^3),,,H23
hurricane:AL101886__AL051950:a0.5|CPS-2F,38,hurricane,AL101886__AL051950,0.5,CPS-2F,25,38,new,output\paper_v1\hurricane_final_20\slots\38\attempts\final20_38_58df75aaae554088a8460ccc5c84df2f,validated,True,True,completed search,unique_configuration_edges,,262147753.0,,"N*(N-1)/2, N=H_A*H_B",Product graph not materialized; no observed unique-edge count; strict forward topological order,Finite DAG counting derivation; not a transition-check measurement,O(n^3 m^3),Counter unavailable or phase not reached; historical runs not rerun,,H23
hurricane:AL101886__AL051950:a0.5|CPS-2F,38,hurricane,AL101886__AL051950,0.5,CPS-2F,25,38,new,output\paper_v1\hurricane_final_20\slots\38\attempts\final20_38_58df75aaae554088a8460ccc5c84df2f,validated,True,True,completed search,dynamic_programming_labels,,572450.0,,n*H_A*H_B,At most n distinct A-hop counts per state; labels not instrumented,Thesis section5.1; manuscript section4.4; solve_cps values dictionaries,O(n^3 m^3),Counter unavailable or phase not reached; historical runs not rerun,,H23
hurricane:AL101886__AL051950:a0.5|CPS-3F,39,hurricane,AL101886__AL051950,0.5,CPS-3F,25,38,new,output\paper_v1\hurricane_final_20\slots\39\attempts\final20_39_f320fc4065b8426997773f0f0db07068,validated,True,True,completed search,auxiliary_A,0.0,0.0,,0 (no auxiliary locations),Interior curve-parameter intersections; CPS-3F percentage not applicable,Thesis Observation 4 p.18 and section 5.1 p.26; manuscript section 4.4 pp.15-16,O(n^2 m^2),,Zero/non-applicable bound,H23
hurricane:AL101886__AL051950:a0.5|CPS-3F,39,hurricane,AL101886__AL051950,0.5,CPS-3F,25,38,new,output\paper_v1\hurricane_final_20\slots\39\attempts\final20_39_f320fc4065b8426997773f0f0db07068,validated,True,True,completed search,single_dense_A,625.0,625.0,100.0,k^2,"Dense indexing slots, not valid vertices",Thesis Observation 4 p.18 and section 5.1 p.26; manuscript section 4.4 pp.15-16,O(n^2 m^2),,,H23
hurricane:AL101886__AL051950:a0.5|CPS-3F,39,hurricane,AL101886__AL051950,0.5,CPS-3F,25,38,new,output\paper_v1\hurricane_final_20\slots\39\attempts\final20_39_f320fc4065b8426997773f0f0db07068,validated,True,True,completed search,single_active_A,27.0,625.0,4.32,k*(k+a),Anchored source/terminal included; single-graph construction complete,Thesis Observation 4 p.18 and section 5.1 p.26; manuscript section 4.4 pp.15-16,O(n^2 m^2),,,H23
hurricane:AL101886__AL051950:a0.5|CPS-3F,39,hurricane,AL101886__AL051950,0.5,CPS-3F,25,38,new,output\paper_v1\hurricane_final_20\slots\39\attempts\final20_39_f320fc4065b8426997773f0f0db07068,validated,True,True,completed search,single_edges_with_waits_A,57.0,378.0,15.079365079365079,H*(H+1)/2,Unique forward transitions plus exactly H waits; completed graph,Finite derivation from chain_graph() enumeration and pruning,O(n^2 m^2),,,H23
hurricane:AL101886__AL051950:a0.5|CPS-3F,39,hurricane,AL101886__AL051950,0.5,CPS-3F,25,38,new,output\paper_v1\hurricane_final_20\slots\39\attempts\final20_39_f320fc4065b8426997773f0f0db07068,validated,True,True,completed search,auxiliary_B,0.0,0.0,,0 (no auxiliary locations),Interior curve-parameter intersections; CPS-3F percentage not applicable,Thesis Observation 4 p.18 and section 5.1 p.26; manuscript section 4.4 pp.15-16,O(n^2 m^2),,Zero/non-applicable bound,H23
hurricane:AL101886__AL051950:a0.5|CPS-3F,39,hurricane,AL101886__AL051950,0.5,CPS-3F,25,38,new,output\paper_v1\hurricane_final_20\slots\39\attempts\final20_39_f320fc4065b8426997773f0f0db07068,validated,True,True,completed search,single_dense_B,1444.0,1444.0,100.0,k^2,"Dense indexing slots, not valid vertices",Thesis Observation 4 p.18 and section 5.1 p.26; manuscript section 4.4 pp.15-16,O(n^2 m^2),,,H23
hurricane:AL101886__AL051950:a0.5|CPS-3F,39,hurricane,AL101886__AL051950,0.5,CPS-3F,25,38,new,output\paper_v1\hurricane_final_20\slots\39\attempts\final20_39_f320fc4065b8426997773f0f0db07068,validated,True,True,completed search,single_active_B,62.0,1444.0,4.293628808864266,k*(k+a),Anchored source/terminal included; single-graph construction complete,Thesis Observation 4 p.18 and section 5.1 p.26; manuscript section 4.4 pp.15-16,O(n^2 m^2),,,H23
hurricane:AL101886__AL051950:a0.5|CPS-3F,39,hurricane,AL101886__AL051950,0.5,CPS-3F,25,38,new,output\paper_v1\hurricane_final_20\slots\39\attempts\final20_39_f320fc4065b8426997773f0f0db07068,validated,True,True,completed search,single_edges_with_waits_B,194.0,1953.0,9.933435739887353,H*(H+1)/2,Unique forward transitions plus exactly H waits; completed graph,Finite derivation from chain_graph() enumeration and pruning,O(n^2 m^2),,,H23
hurricane:AL101886__AL051950:a0.5|CPS-3F,39,hurricane,AL101886__AL051950,0.5,CPS-3F,25,38,new,output\paper_v1\hurricane_final_20\slots\39\attempts\final20_39_f320fc4065b8426997773f0f0db07068,validated,True,True,completed search,configuration_states_input_bound,761.0,902500.0,0.0843213296398892,n^2*m^2,All index combinations; includes source/terminal; no hidden asymptotic constant,Thesis Observation 4 p.18 and section 5.1 p.26; manuscript section 4.4 pp.15-16,O(n^2 m^2),,,H23
hurricane:AL101886__AL051950:a0.5|CPS-3F,39,hurricane,AL101886__AL051950,0.5,CPS-3F,25,38,new,output\paper_v1\hurricane_final_20\slots\39\attempts\final20_39_f320fc4065b8426997773f0f0db07068,validated,True,True,completed search,configuration_states_active_bound,761.0,1674.0,45.45997610513739,H_A*H_B,Completed single graphs; includes coupling-invalid combinations,Thesis Observation 4 p.18 and section 5.1 p.26; manuscript section 4.4 pp.15-16,O(n^2 m^2),,,H23
hurricane:AL101886__AL051950:a0.5|CPS-3F,39,hurricane,AL101886__AL051950,0.5,CPS-3F,25,38,new,output\paper_v1\hurricane_final_20\slots\39\attempts\final20_39_f320fc4065b8426997773f0f0db07068,validated,True,True,completed search,candidate_transition_checks,3952.0,9384.0,42.11423699914749,E_A*E_B-H_A*H_B,No duplicate single-graph entries; each product source popped once; excludes simultaneous waits,Finite derivation from solve_cps() and chain_graph(); see graph_bounds.md,O(n^2 m^2),,,H23
hurricane:AL101886__AL051950:a0.5|CPS-3F,39,hurricane,AL101886__AL051950,0.5,CPS-3F,25,38,new,output\paper_v1\hurricane_final_20\slots\39\attempts\final20_39_f320fc4065b8426997773f0f0db07068,validated,True,True,completed search,unique_configuration_edges,,1400301.0,,"N*(N-1)/2, N=H_A*H_B",Product graph not materialized; no observed unique-edge count; strict forward topological order,Finite DAG counting derivation; not a transition-check measurement,O(n^2 m^2),Counter unavailable or phase not reached; historical runs not rerun,,H23
hurricane:AL101886__AL051950:a0.5|CPS-3F,39,hurricane,AL101886__AL051950,0.5,CPS-3F,25,38,new,output\paper_v1\hurricane_final_20\slots\39\attempts\final20_39_f320fc4065b8426997773f0f0db07068,validated,True,True,completed search,dynamic_programming_labels,,41850.0,,n*H_A*H_B,At most n distinct A-hop counts per state; labels not instrumented,Thesis section5.1; manuscript section4.4; solve_cps values dictionaries,O(n^2 m^2),Counter unavailable or phase not reached; historical runs not rerun,,H23
hurricane:AL091947__AL011953:a0.5|CPS-2F,41,hurricane,AL091947__AL011953,0.5,CPS-2F,36,53,new,output\paper_v1\hurricane_final_20\slots\41\attempts\final20_41_0a466baa66464fb3943e4e57645c28be,validated,True,True,completed search,auxiliary_A,70.0,2520.0,2.7777777777777777,2 k(k-1),Interior curve-parameter intersections; CPS-3F percentage not applicable,Thesis Observation 4 p.18 and section 5.1 p.26; manuscript section 4.4 pp.15-16,O(n^3 m^3),,,H24
hurricane:AL091947__AL011953:a0.5|CPS-2F,41,hurricane,AL091947__AL011953,0.5,CPS-2F,36,53,new,output\paper_v1\hurricane_final_20\slots\41\attempts\final20_41_0a466baa66464fb3943e4e57645c28be,validated,True,True,completed search,single_dense_A,3816.0,92016.0,4.147104851330203,k*(k+2k(k-1)),"Dense indexing slots, not valid vertices",Thesis Observation 4 p.18 and section 5.1 p.26; manuscript section 4.4 pp.15-16,O(n^3 m^3),,,H24
hurricane:AL091947__AL011953:a0.5|CPS-2F,41,hurricane,AL091947__AL011953,0.5,CPS-2F,36,53,new,output\paper_v1\hurricane_final_20\slots\41\attempts\final20_41_0a466baa66464fb3943e4e57645c28be,validated,True,True,completed search,single_active_A,144.0,3816.0,3.7735849056603774,k*(k+a),Anchored source/terminal included; single-graph construction complete,Thesis Observation 4 p.18 and section 5.1 p.26; manuscript section 4.4 pp.15-16,O(n^3 m^3),,,H24
hurricane:AL091947__AL011953:a0.5|CPS-2F,41,hurricane,AL091947__AL011953,0.5,CPS-2F,36,53,new,output\paper_v1\hurricane_final_20\slots\41\attempts\final20_41_0a466baa66464fb3943e4e57645c28be,validated,True,True,completed search,single_edges_with_waits_A,3093.0,10440.0,29.626436781609197,H*(H+1)/2,Unique forward transitions plus exactly H waits; completed graph,Finite derivation from chain_graph() enumeration and pruning,O(n^3 m^3),,,H24
hurricane:AL091947__AL011953:a0.5|CPS-2F,41,hurricane,AL091947__AL011953,0.5,CPS-2F,36,53,new,output\paper_v1\hurricane_final_20\slots\41\attempts\final20_41_0a466baa66464fb3943e4e57645c28be,validated,True,True,completed search,auxiliary_B,116.0,5512.0,2.1044992743105952,2 k(k-1),Interior curve-parameter intersections; CPS-3F percentage not applicable,Thesis Observation 4 p.18 and section 5.1 p.26; manuscript section 4.4 pp.15-16,O(n^3 m^3),,,H24
hurricane:AL091947__AL011953:a0.5|CPS-2F,41,hurricane,AL091947__AL011953,0.5,CPS-2F,36,53,new,output\paper_v1\hurricane_final_20\slots\41\attempts\final20_41_0a466baa66464fb3943e4e57645c28be,validated,True,True,completed search,single_dense_B,8957.0,294945.0,3.036837376460018,k*(k+2k(k-1)),"Dense indexing slots, not valid vertices",Thesis Observation 4 p.18 and section 5.1 p.26; manuscript section 4.4 pp.15-16,O(n^3 m^3),,,H24
hurricane:AL091947__AL011953:a0.5|CPS-2F,41,hurricane,AL091947__AL011953,0.5,CPS-2F,36,53,new,output\paper_v1\hurricane_final_20\slots\41\attempts\final20_41_0a466baa66464fb3943e4e57645c28be,validated,True,True,completed search,single_active_B,261.0,8957.0,2.913922072122362,k*(k+a),Anchored source/terminal included; single-graph construction complete,Thesis Observation 4 p.18 and section 5.1 p.26; manuscript section 4.4 pp.15-16,O(n^3 m^3),,,H24
hurricane:AL091947__AL011953:a0.5|CPS-2F,41,hurricane,AL091947__AL011953,0.5,CPS-2F,36,53,new,output\paper_v1\hurricane_final_20\slots\41\attempts\final20_41_0a466baa66464fb3943e4e57645c28be,validated,True,True,completed search,single_edges_with_waits_B,6912.0,34191.0,20.215846275335615,H*(H+1)/2,Unique forward transitions plus exactly H waits; completed graph,Finite derivation from chain_graph() enumeration and pruning,O(n^3 m^3),,,H24
hurricane:AL091947__AL011953:a0.5|CPS-2F,41,hurricane,AL091947__AL011953,0.5,CPS-2F,36,53,new,output\paper_v1\hurricane_final_20\slots\41\attempts\final20_41_0a466baa66464fb3943e4e57645c28be,validated,True,True,completed search,configuration_states_input_bound,15604.0,27139659120.0,5.749519524547366e-05,n*m*(n+2n(n-1))*(m+2m(m-1)),All index combinations; includes source/terminal; no hidden asymptotic constant,Thesis Observation 4 p.18 and section 5.1 p.26; manuscript section 4.4 pp.15-16,O(n^3 m^3),,,H24
hurricane:AL091947__AL011953:a0.5|CPS-2F,41,hurricane,AL091947__AL011953,0.5,CPS-2F,36,53,new,output\paper_v1\hurricane_final_20\slots\41\attempts\final20_41_0a466baa66464fb3943e4e57645c28be,validated,True,True,completed search,configuration_states_extended_bound,15604.0,34179912.0,0.045652545857929654,n*m*(n+aA)*(m+aB),Actual extended-curve sizes; all index combinations,Thesis Observation 4 p.18 and section 5.1 p.26; manuscript section 4.4 pp.15-16,O(n^3 m^3),,,H24
hurricane:AL091947__AL011953:a0.5|CPS-2F,41,hurricane,AL091947__AL011953,0.5,CPS-2F,36,53,new,output\paper_v1\hurricane_final_20\slots\41\attempts\final20_41_0a466baa66464fb3943e4e57645c28be,validated,True,True,completed search,configuration_states_active_bound,15604.0,37584.0,41.51766709237974,H_A*H_B,Completed single graphs; includes coupling-invalid combinations,Thesis Observation 4 p.18 and section 5.1 p.26; manuscript section 4.4 pp.15-16,O(n^3 m^3),,,H24
hurricane:AL091947__AL011953:a0.5|CPS-2F,41,hurricane,AL091947__AL011953,0.5,CPS-2F,36,53,new,output\paper_v1\hurricane_final_20\slots\41\attempts\final20_41_0a466baa66464fb3943e4e57645c28be,validated,True,True,completed search,candidate_transition_checks,7636068.0,21341232.0,35.78082090106138,E_A*E_B-H_A*H_B,No duplicate single-graph entries; each product source popped once; excludes simultaneous waits,Finite derivation from solve_cps() and chain_graph(); see graph_bounds.md,O(n^3 m^3),,,H24
hurricane:AL091947__AL011953:a0.5|CPS-2F,41,hurricane,AL091947__AL011953,0.5,CPS-2F,36,53,new,output\paper_v1\hurricane_final_20\slots\41\attempts\final20_41_0a466baa66464fb3943e4e57645c28be,validated,True,True,completed search,unique_configuration_edges,,706259736.0,,"N*(N-1)/2, N=H_A*H_B",Product graph not materialized; no observed unique-edge count; strict forward topological order,Finite DAG counting derivation; not a transition-check measurement,O(n^3 m^3),Counter unavailable or phase not reached; historical runs not rerun,,H24
hurricane:AL091947__AL011953:a0.5|CPS-2F,41,hurricane,AL091947__AL011953,0.5,CPS-2F,36,53,new,output\paper_v1\hurricane_final_20\slots\41\attempts\final20_41_0a466baa66464fb3943e4e57645c28be,validated,True,True,completed search,dynamic_programming_labels,,1353024.0,,n*H_A*H_B,At most n distinct A-hop counts per state; labels not instrumented,Thesis section5.1; manuscript section4.4; solve_cps values dictionaries,O(n^3 m^3),Counter unavailable or phase not reached; historical runs not rerun,,H24
hurricane:AL091947__AL011953:a0.5|CPS-3F,42,hurricane,AL091947__AL011953,0.5,CPS-3F,36,53,new,output\paper_v1\hurricane_final_20\slots\42\attempts\final20_42_d2895748c5d14bdeb6a05676e77abfb5,validated,True,True,completed search,auxiliary_A,0.0,0.0,,0 (no auxiliary locations),Interior curve-parameter intersections; CPS-3F percentage not applicable,Thesis Observation 4 p.18 and section 5.1 p.26; manuscript section 4.4 pp.15-16,O(n^2 m^2),,Zero/non-applicable bound,H24
hurricane:AL091947__AL011953:a0.5|CPS-3F,42,hurricane,AL091947__AL011953,0.5,CPS-3F,36,53,new,output\paper_v1\hurricane_final_20\slots\42\attempts\final20_42_d2895748c5d14bdeb6a05676e77abfb5,validated,True,True,completed search,single_dense_A,1296.0,1296.0,100.0,k^2,"Dense indexing slots, not valid vertices",Thesis Observation 4 p.18 and section 5.1 p.26; manuscript section 4.4 pp.15-16,O(n^2 m^2),,,H24
hurricane:AL091947__AL011953:a0.5|CPS-3F,42,hurricane,AL091947__AL011953,0.5,CPS-3F,36,53,new,output\paper_v1\hurricane_final_20\slots\42\attempts\final20_42_d2895748c5d14bdeb6a05676e77abfb5,validated,True,True,completed search,single_active_A,40.0,1296.0,3.0864197530864197,k*(k+a),Anchored source/terminal included; single-graph construction complete,Thesis Observation 4 p.18 and section 5.1 p.26; manuscript section 4.4 pp.15-16,O(n^2 m^2),,,H24
hurricane:AL091947__AL011953:a0.5|CPS-3F,42,hurricane,AL091947__AL011953,0.5,CPS-3F,36,53,new,output\paper_v1\hurricane_final_20\slots\42\attempts\final20_42_d2895748c5d14bdeb6a05676e77abfb5,validated,True,True,completed search,single_edges_with_waits_A,87.0,820.0,10.609756097560975,H*(H+1)/2,Unique forward transitions plus exactly H waits; completed graph,Finite derivation from chain_graph() enumeration and pruning,O(n^2 m^2),,,H24
hurricane:AL091947__AL011953:a0.5|CPS-3F,42,hurricane,AL091947__AL011953,0.5,CPS-3F,36,53,new,output\paper_v1\hurricane_final_20\slots\42\attempts\final20_42_d2895748c5d14bdeb6a05676e77abfb5,validated,True,True,completed search,auxiliary_B,0.0,0.0,,0 (no auxiliary locations),Interior curve-parameter intersections; CPS-3F percentage not applicable,Thesis Observation 4 p.18 and section 5.1 p.26; manuscript section 4.4 pp.15-16,O(n^2 m^2),,Zero/non-applicable bound,H24
hurricane:AL091947__AL011953:a0.5|CPS-3F,42,hurricane,AL091947__AL011953,0.5,CPS-3F,36,53,new,output\paper_v1\hurricane_final_20\slots\42\attempts\final20_42_d2895748c5d14bdeb6a05676e77abfb5,validated,True,True,completed search,single_dense_B,2809.0,2809.0,100.0,k^2,"Dense indexing slots, not valid vertices",Thesis Observation 4 p.18 and section 5.1 p.26; manuscript section 4.4 pp.15-16,O(n^2 m^2),,,H24
hurricane:AL091947__AL011953:a0.5|CPS-3F,42,hurricane,AL091947__AL011953,0.5,CPS-3F,36,53,new,output\paper_v1\hurricane_final_20\slots\42\attempts\final20_42_d2895748c5d14bdeb6a05676e77abfb5,validated,True,True,completed search,single_active_B,70.0,2809.0,2.491990032039872,k*(k+a),Anchored source/terminal included; single-graph construction complete,Thesis Observation 4 p.18 and section 5.1 p.26; manuscript section 4.4 pp.15-16,O(n^2 m^2),,,H24
hurricane:AL091947__AL011953:a0.5|CPS-3F,42,hurricane,AL091947__AL011953,0.5,CPS-3F,36,53,new,output\paper_v1\hurricane_final_20\slots\42\attempts\final20_42_d2895748c5d14bdeb6a05676e77abfb5,validated,True,True,completed search,single_edges_with_waits_B,185.0,2485.0,7.44466800804829,H*(H+1)/2,Unique forward transitions plus exactly H waits; completed graph,Finite derivation from chain_graph() enumeration and pruning,O(n^2 m^2),,,H24
hurricane:AL091947__AL011953:a0.5|CPS-3F,42,hurricane,AL091947__AL011953,0.5,CPS-3F,36,53,new,output\paper_v1\hurricane_final_20\slots\42\attempts\final20_42_d2895748c5d14bdeb6a05676e77abfb5,validated,True,True,completed search,configuration_states_input_bound,1237.0,3640464.0,0.03397918507091404,n^2*m^2,All index combinations; includes source/terminal; no hidden asymptotic constant,Thesis Observation 4 p.18 and section 5.1 p.26; manuscript section 4.4 pp.15-16,O(n^2 m^2),,,H24
hurricane:AL091947__AL011953:a0.5|CPS-3F,42,hurricane,AL091947__AL011953,0.5,CPS-3F,36,53,new,output\paper_v1\hurricane_final_20\slots\42\attempts\final20_42_d2895748c5d14bdeb6a05676e77abfb5,validated,True,True,completed search,configuration_states_active_bound,1237.0,2800.0,44.17857142857143,H_A*H_B,Completed single graphs; includes coupling-invalid combinations,Thesis Observation 4 p.18 and section 5.1 p.26; manuscript section 4.4 pp.15-16,O(n^2 m^2),,,H24
hurricane:AL091947__AL011953:a0.5|CPS-3F,42,hurricane,AL091947__AL011953,0.5,CPS-3F,36,53,new,output\paper_v1\hurricane_final_20\slots\42\attempts\final20_42_d2895748c5d14bdeb6a05676e77abfb5,validated,True,True,completed search,candidate_transition_checks,5869.0,13295.0,44.14441519368184,E_A*E_B-H_A*H_B,No duplicate single-graph entries; each product source popped once; excludes simultaneous waits,Finite derivation from solve_cps() and chain_graph(); see graph_bounds.md,O(n^2 m^2),,,H24
hurricane:AL091947__AL011953:a0.5|CPS-3F,42,hurricane,AL091947__AL011953,0.5,CPS-3F,36,53,new,output\paper_v1\hurricane_final_20\slots\42\attempts\final20_42_d2895748c5d14bdeb6a05676e77abfb5,validated,True,True,completed search,unique_configuration_edges,,3918600.0,,"N*(N-1)/2, N=H_A*H_B",Product graph not materialized; no observed unique-edge count; strict forward topological order,Finite DAG counting derivation; not a transition-check measurement,O(n^2 m^2),Counter unavailable or phase not reached; historical runs not rerun,,H24
hurricane:AL091947__AL011953:a0.5|CPS-3F,42,hurricane,AL091947__AL011953,0.5,CPS-3F,36,53,new,output\paper_v1\hurricane_final_20\slots\42\attempts\final20_42_d2895748c5d14bdeb6a05676e77abfb5,validated,True,True,completed search,dynamic_programming_labels,,100800.0,,n*H_A*H_B,At most n distinct A-hop counts per state; labels not instrumented,Thesis section5.1; manuscript section4.4; solve_cps values dictionaries,O(n^2 m^2),Counter unavailable or phase not reached; historical runs not rerun,,H24
hurricane:EP072011__EP092011:a0.5|CPS-3F,45,hurricane,EP072011__EP092011,0.5,CPS-3F,26,50,new,output\paper_v1\hurricane_final_20\slots\45\attempts\final20_45_0821628804ba483ba30cbc671c8e4102,validated,True,True,completed search,auxiliary_A,0.0,0.0,,0 (no auxiliary locations),Interior curve-parameter intersections; CPS-3F percentage not applicable,Thesis Observation 4 p.18 and section 5.1 p.26; manuscript section 4.4 pp.15-16,O(n^2 m^2),,Zero/non-applicable bound,H25
hurricane:EP072011__EP092011:a0.5|CPS-3F,45,hurricane,EP072011__EP092011,0.5,CPS-3F,26,50,new,output\paper_v1\hurricane_final_20\slots\45\attempts\final20_45_0821628804ba483ba30cbc671c8e4102,validated,True,True,completed search,single_dense_A,676.0,676.0,100.0,k^2,"Dense indexing slots, not valid vertices",Thesis Observation 4 p.18 and section 5.1 p.26; manuscript section 4.4 pp.15-16,O(n^2 m^2),,,H25
hurricane:EP072011__EP092011:a0.5|CPS-3F,45,hurricane,EP072011__EP092011,0.5,CPS-3F,26,50,new,output\paper_v1\hurricane_final_20\slots\45\attempts\final20_45_0821628804ba483ba30cbc671c8e4102,validated,True,True,completed search,single_active_A,26.0,676.0,3.8461538461538463,k*(k+a),Anchored source/terminal included; single-graph construction complete,Thesis Observation 4 p.18 and section 5.1 p.26; manuscript section 4.4 pp.15-16,O(n^2 m^2),,,H25
hurricane:EP072011__EP092011:a0.5|CPS-3F,45,hurricane,EP072011__EP092011,0.5,CPS-3F,26,50,new,output\paper_v1\hurricane_final_20\slots\45\attempts\final20_45_0821628804ba483ba30cbc671c8e4102,validated,True,True,completed search,single_edges_with_waits_A,51.0,351.0,14.52991452991453,H*(H+1)/2,Unique forward transitions plus exactly H waits; completed graph,Finite derivation from chain_graph() enumeration and pruning,O(n^2 m^2),,,H25
hurricane:EP072011__EP092011:a0.5|CPS-3F,45,hurricane,EP072011__EP092011,0.5,CPS-3F,26,50,new,output\paper_v1\hurricane_final_20\slots\45\attempts\final20_45_0821628804ba483ba30cbc671c8e4102,validated,True,True,completed search,auxiliary_B,0.0,0.0,,0 (no auxiliary locations),Interior curve-parameter intersections; CPS-3F percentage not applicable,Thesis Observation 4 p.18 and section 5.1 p.26; manuscript section 4.4 pp.15-16,O(n^2 m^2),,Zero/non-applicable bound,H25
hurricane:EP072011__EP092011:a0.5|CPS-3F,45,hurricane,EP072011__EP092011,0.5,CPS-3F,26,50,new,output\paper_v1\hurricane_final_20\slots\45\attempts\final20_45_0821628804ba483ba30cbc671c8e4102,validated,True,True,completed search,single_dense_B,2500.0,2500.0,100.0,k^2,"Dense indexing slots, not valid vertices",Thesis Observation 4 p.18 and section 5.1 p.26; manuscript section 4.4 pp.15-16,O(n^2 m^2),,,H25
hurricane:EP072011__EP092011:a0.5|CPS-3F,45,hurricane,EP072011__EP092011,0.5,CPS-3F,26,50,new,output\paper_v1\hurricane_final_20\slots\45\attempts\final20_45_0821628804ba483ba30cbc671c8e4102,validated,True,True,completed search,single_active_B,62.0,2500.0,2.48,k*(k+a),Anchored source/terminal included; single-graph construction complete,Thesis Observation 4 p.18 and section 5.1 p.26; manuscript section 4.4 pp.15-16,O(n^2 m^2),,,H25
hurricane:EP072011__EP092011:a0.5|CPS-3F,45,hurricane,EP072011__EP092011,0.5,CPS-3F,26,50,new,output\paper_v1\hurricane_final_20\slots\45\attempts\final20_45_0821628804ba483ba30cbc671c8e4102,validated,True,True,completed search,single_edges_with_waits_B,157.0,1953.0,8.038914490527393,H*(H+1)/2,Unique forward transitions plus exactly H waits; completed graph,Finite derivation from chain_graph() enumeration and pruning,O(n^2 m^2),,,H25
hurricane:EP072011__EP092011:a0.5|CPS-3F,45,hurricane,EP072011__EP092011,0.5,CPS-3F,26,50,new,output\paper_v1\hurricane_final_20\slots\45\attempts\final20_45_0821628804ba483ba30cbc671c8e4102,validated,True,True,completed search,configuration_states_input_bound,260.0,1690000.0,0.015384615384615385,n^2*m^2,All index combinations; includes source/terminal; no hidden asymptotic constant,Thesis Observation 4 p.18 and section 5.1 p.26; manuscript section 4.4 pp.15-16,O(n^2 m^2),,,H25
hurricane:EP072011__EP092011:a0.5|CPS-3F,45,hurricane,EP072011__EP092011,0.5,CPS-3F,26,50,new,output\paper_v1\hurricane_final_20\slots\45\attempts\final20_45_0821628804ba483ba30cbc671c8e4102,validated,True,True,completed search,configuration_states_active_bound,260.0,1612.0,16.129032258064516,H_A*H_B,Completed single graphs; includes coupling-invalid combinations,Thesis Observation 4 p.18 and section 5.1 p.26; manuscript section 4.4 pp.15-16,O(n^2 m^2),,,H25
hurricane:EP072011__EP092011:a0.5|CPS-3F,45,hurricane,EP072011__EP092011,0.5,CPS-3F,26,50,new,output\paper_v1\hurricane_final_20\slots\45\attempts\final20_45_0821628804ba483ba30cbc671c8e4102,validated,True,True,completed search,candidate_transition_checks,798.0,6395.0,12.478498827208757,E_A*E_B-H_A*H_B,No duplicate single-graph entries; each product source popped once; excludes simultaneous waits,Finite derivation from solve_cps() and chain_graph(); see graph_bounds.md,O(n^2 m^2),,,H25
hurricane:EP072011__EP092011:a0.5|CPS-3F,45,hurricane,EP072011__EP092011,0.5,CPS-3F,26,50,new,output\paper_v1\hurricane_final_20\slots\45\attempts\final20_45_0821628804ba483ba30cbc671c8e4102,validated,True,True,completed search,unique_configuration_edges,,1298466.0,,"N*(N-1)/2, N=H_A*H_B",Product graph not materialized; no observed unique-edge count; strict forward topological order,Finite DAG counting derivation; not a transition-check measurement,O(n^2 m^2),Counter unavailable or phase not reached; historical runs not rerun,,H25
hurricane:EP072011__EP092011:a0.5|CPS-3F,45,hurricane,EP072011__EP092011,0.5,CPS-3F,26,50,new,output\paper_v1\hurricane_final_20\slots\45\attempts\final20_45_0821628804ba483ba30cbc671c8e4102,validated,True,True,completed search,dynamic_programming_labels,,41912.0,,n*H_A*H_B,At most n distinct A-hop counts per state; labels not instrumented,Thesis section5.1; manuscript section4.4; solve_cps values dictionaries,O(n^2 m^2),Counter unavailable or phase not reached; historical runs not rerun,,H25
hurricane:EP072011__EP092011:a0.5|CPS-2F,48,hurricane,EP072011__EP092011,0.5,CPS-2F,26,50,new,output\paper_v1\hurricane_final_20\slots\48\attempts\final20_48_2edd7361056443178e128d82458295ee,validated,True,True,completed search,auxiliary_A,50.0,1300.0,3.8461538461538463,2 k(k-1),Interior curve-parameter intersections; CPS-3F percentage not applicable,Thesis Observation 4 p.18 and section 5.1 p.26; manuscript section 4.4 pp.15-16,O(n^3 m^3),,,H25
hurricane:EP072011__EP092011:a0.5|CPS-2F,48,hurricane,EP072011__EP092011,0.5,CPS-2F,26,50,new,output\paper_v1\hurricane_final_20\slots\48\attempts\final20_48_2edd7361056443178e128d82458295ee,validated,True,True,completed search,single_dense_A,1976.0,34476.0,5.731523378582202,k*(k+2k(k-1)),"Dense indexing slots, not valid vertices",Thesis Observation 4 p.18 and section 5.1 p.26; manuscript section 4.4 pp.15-16,O(n^3 m^3),,,H25
hurricane:EP072011__EP092011:a0.5|CPS-2F,48,hurricane,EP072011__EP092011,0.5,CPS-2F,26,50,new,output\paper_v1\hurricane_final_20\slots\48\attempts\final20_48_2edd7361056443178e128d82458295ee,validated,True,True,completed search,single_active_A,106.0,1976.0,5.364372469635628,k*(k+a),Anchored source/terminal included; single-graph construction complete,Thesis Observation 4 p.18 and section 5.1 p.26; manuscript section 4.4 pp.15-16,O(n^3 m^3),,,H25
hurricane:EP072011__EP092011:a0.5|CPS-2F,48,hurricane,EP072011__EP092011,0.5,CPS-2F,26,50,new,output\paper_v1\hurricane_final_20\slots\48\attempts\final20_48_2edd7361056443178e128d82458295ee,validated,True,True,completed search,single_edges_with_waits_A,4449.0,5671.0,78.45177217421971,H*(H+1)/2,Unique forward transitions plus exactly H waits; completed graph,Finite derivation from chain_graph() enumeration and pruning,O(n^3 m^3),,,H25
hurricane:EP072011__EP092011:a0.5|CPS-2F,48,hurricane,EP072011__EP092011,0.5,CPS-2F,26,50,new,output\paper_v1\hurricane_final_20\slots\48\attempts\final20_48_2edd7361056443178e128d82458295ee,validated,True,True,completed search,auxiliary_B,98.0,4900.0,2.0,2 k(k-1),Interior curve-parameter intersections; CPS-3F percentage not applicable,Thesis Observation 4 p.18 and section 5.1 p.26; manuscript section 4.4 pp.15-16,O(n^3 m^3),,,H25
hurricane:EP072011__EP092011:a0.5|CPS-2F,48,hurricane,EP072011__EP092011,0.5,CPS-2F,26,50,new,output\paper_v1\hurricane_final_20\slots\48\attempts\final20_48_2edd7361056443178e128d82458295ee,validated,True,True,completed search,single_dense_B,7400.0,247500.0,2.98989898989899,k*(k+2k(k-1)),"Dense indexing slots, not valid vertices",Thesis Observation 4 p.18 and section 5.1 p.26; manuscript section 4.4 pp.15-16,O(n^3 m^3),,,H25
hurricane:EP072011__EP092011:a0.5|CPS-2F,48,hurricane,EP072011__EP092011,0.5,CPS-2F,26,50,new,output\paper_v1\hurricane_final_20\slots\48\attempts\final20_48_2edd7361056443178e128d82458295ee,validated,True,True,completed search,single_active_B,214.0,7400.0,2.891891891891892,k*(k+a),Anchored source/terminal included; single-graph construction complete,Thesis Observation 4 p.18 and section 5.1 p.26; manuscript section 4.4 pp.15-16,O(n^3 m^3),,,H25
hurricane:EP072011__EP092011:a0.5|CPS-2F,48,hurricane,EP072011__EP092011,0.5,CPS-2F,26,50,new,output\paper_v1\hurricane_final_20\slots\48\attempts\final20_48_2edd7361056443178e128d82458295ee,validated,True,True,completed search,single_edges_with_waits_B,6338.0,23005.0,27.55053249293632,H*(H+1)/2,Unique forward transitions plus exactly H waits; completed graph,Finite derivation from chain_graph() enumeration and pruning,O(n^3 m^3),,,H25
hurricane:EP072011__EP092011:a0.5|CPS-2F,48,hurricane,EP072011__EP092011,0.5,CPS-2F,26,50,new,output\paper_v1\hurricane_final_20\slots\48\attempts\final20_48_2edd7361056443178e128d82458295ee,validated,True,True,completed search,configuration_states_input_bound,3992.0,8532810000.0,4.678411918230923e-05,n*m*(n+2n(n-1))*(m+2m(m-1)),All index combinations; includes source/terminal; no hidden asymptotic constant,Thesis Observation 4 p.18 and section 5.1 p.26; manuscript section 4.4 pp.15-16,O(n^3 m^3),,,H25
hurricane:EP072011__EP092011:a0.5|CPS-2F,48,hurricane,EP072011__EP092011,0.5,CPS-2F,26,50,new,output\paper_v1\hurricane_final_20\slots\48\attempts\final20_48_2edd7361056443178e128d82458295ee,validated,True,True,completed search,configuration_states_extended_bound,3992.0,14622400.0,0.02730057993215888,n*m*(n+aA)*(m+aB),Actual extended-curve sizes; all index combinations,Thesis Observation 4 p.18 and section 5.1 p.26; manuscript section 4.4 pp.15-16,O(n^3 m^3),,,H25
hurricane:EP072011__EP092011:a0.5|CPS-2F,48,hurricane,EP072011__EP092011,0.5,CPS-2F,26,50,new,output\paper_v1\hurricane_final_20\slots\48\attempts\final20_48_2edd7361056443178e128d82458295ee,validated,True,True,completed search,configuration_states_active_bound,3992.0,22684.0,17.59830717686475,H_A*H_B,Completed single graphs; includes coupling-invalid combinations,Thesis Observation 4 p.18 and section 5.1 p.26; manuscript section 4.4 pp.15-16,O(n^3 m^3),,,H25
hurricane:EP072011__EP092011:a0.5|CPS-2F,48,hurricane,EP072011__EP092011,0.5,CPS-2F,26,50,new,output\paper_v1\hurricane_final_20\slots\48\attempts\final20_48_2edd7361056443178e128d82458295ee,validated,True,True,completed search,candidate_transition_checks,2000225.0,28175078.0,7.099270497139352,E_A*E_B-H_A*H_B,No duplicate single-graph entries; each product source popped once; excludes simultaneous waits,Finite derivation from solve_cps() and chain_graph(); see graph_bounds.md,O(n^3 m^3),,,H25
hurricane:EP072011__EP092011:a0.5|CPS-2F,48,hurricane,EP072011__EP092011,0.5,CPS-2F,26,50,new,output\paper_v1\hurricane_final_20\slots\48\attempts\final20_48_2edd7361056443178e128d82458295ee,validated,True,True,completed search,unique_configuration_edges,,257270586.0,,"N*(N-1)/2, N=H_A*H_B",Product graph not materialized; no observed unique-edge count; strict forward topological order,Finite DAG counting derivation; not a transition-check measurement,O(n^3 m^3),Counter unavailable or phase not reached; historical runs not rerun,,H25
hurricane:EP072011__EP092011:a0.5|CPS-2F,48,hurricane,EP072011__EP092011,0.5,CPS-2F,26,50,new,output\paper_v1\hurricane_final_20\slots\48\attempts\final20_48_2edd7361056443178e128d82458295ee,validated,True,True,completed search,dynamic_programming_labels,,589784.0,,n*H_A*H_B,At most n distinct A-hop counts per state; labels not instrumented,Thesis section5.1; manuscript section4.4; solve_cps values dictionaries,O(n^3 m^3),Counter unavailable or phase not reached; historical runs not rerun,,H25
hurricane:AL171980__AL112009:a0.5|CPS-2F,51,hurricane,AL171980__AL112009,0.5,CPS-2F,25,31,new,output\paper_v1\hurricane_final_20\slots\51\attempts\final20_51_14a139201f594820b2f7e7b3059dcaad,validated,True,True,completed search,auxiliary_A,48.0,1200.0,4.0,2 k(k-1),Interior curve-parameter intersections; CPS-3F percentage not applicable,Thesis Observation 4 p.18 and section 5.1 p.26; manuscript section 4.4 pp.15-16,O(n^3 m^3),,,H26
hurricane:AL171980__AL112009:a0.5|CPS-2F,51,hurricane,AL171980__AL112009,0.5,CPS-2F,25,31,new,output\paper_v1\hurricane_final_20\slots\51\attempts\final20_51_14a139201f594820b2f7e7b3059dcaad,validated,True,True,completed search,single_dense_A,1825.0,30625.0,5.959183673469388,k*(k+2k(k-1)),"Dense indexing slots, not valid vertices",Thesis Observation 4 p.18 and section 5.1 p.26; manuscript section 4.4 pp.15-16,O(n^3 m^3),,,H26
hurricane:AL171980__AL112009:a0.5|CPS-2F,51,hurricane,AL171980__AL112009,0.5,CPS-2F,25,31,new,output\paper_v1\hurricane_final_20\slots\51\attempts\final20_51_14a139201f594820b2f7e7b3059dcaad,validated,True,True,completed search,single_active_A,103.0,1825.0,5.6438356164383565,k*(k+a),Anchored source/terminal included; single-graph construction complete,Thesis Observation 4 p.18 and section 5.1 p.26; manuscript section 4.4 pp.15-16,O(n^3 m^3),,,H26
hurricane:AL171980__AL112009:a0.5|CPS-2F,51,hurricane,AL171980__AL112009,0.5,CPS-2F,25,31,new,output\paper_v1\hurricane_final_20\slots\51\attempts\final20_51_14a139201f594820b2f7e7b3059dcaad,validated,True,True,completed search,single_edges_with_waits_A,2527.0,5356.0,47.180731889469754,H*(H+1)/2,Unique forward transitions plus exactly H waits; completed graph,Finite derivation from chain_graph() enumeration and pruning,O(n^3 m^3),,,H26
hurricane:AL171980__AL112009:a0.5|CPS-2F,51,hurricane,AL171980__AL112009,0.5,CPS-2F,25,31,new,output\paper_v1\hurricane_final_20\slots\51\attempts\final20_51_14a139201f594820b2f7e7b3059dcaad,validated,True,True,completed search,auxiliary_B,60.0,1860.0,3.225806451612903,2 k(k-1),Interior curve-parameter intersections; CPS-3F percentage not applicable,Thesis Observation 4 p.18 and section 5.1 p.26; manuscript section 4.4 pp.15-16,O(n^3 m^3),,,H26
hurricane:AL171980__AL112009:a0.5|CPS-2F,51,hurricane,AL171980__AL112009,0.5,CPS-2F,25,31,new,output\paper_v1\hurricane_final_20\slots\51\attempts\final20_51_14a139201f594820b2f7e7b3059dcaad,validated,True,True,completed search,single_dense_B,2821.0,58621.0,4.812268640930725,k*(k+2k(k-1)),"Dense indexing slots, not valid vertices",Thesis Observation 4 p.18 and section 5.1 p.26; manuscript section 4.4 pp.15-16,O(n^3 m^3),,,H26
hurricane:AL171980__AL112009:a0.5|CPS-2F,51,hurricane,AL171980__AL112009,0.5,CPS-2F,25,31,new,output\paper_v1\hurricane_final_20\slots\51\attempts\final20_51_14a139201f594820b2f7e7b3059dcaad,validated,True,True,completed search,single_active_B,141.0,2821.0,4.99822757887274,k*(k+a),Anchored source/terminal included; single-graph construction complete,Thesis Observation 4 p.18 and section 5.1 p.26; manuscript section 4.4 pp.15-16,O(n^3 m^3),,,H26
hurricane:AL171980__AL112009:a0.5|CPS-2F,51,hurricane,AL171980__AL112009,0.5,CPS-2F,25,31,new,output\paper_v1\hurricane_final_20\slots\51\attempts\final20_51_14a139201f594820b2f7e7b3059dcaad,validated,True,True,completed search,single_edges_with_waits_B,3701.0,10011.0,36.969333732893816,H*(H+1)/2,Unique forward transitions plus exactly H waits; completed graph,Finite derivation from chain_graph() enumeration and pruning,O(n^3 m^3),,,H26
hurricane:AL171980__AL112009:a0.5|CPS-2F,51,hurricane,AL171980__AL112009,0.5,CPS-2F,25,31,new,output\paper_v1\hurricane_final_20\slots\51\attempts\final20_51_14a139201f594820b2f7e7b3059dcaad,validated,True,True,completed search,configuration_states_input_bound,4509.0,1795268125.0,0.0002511602549619155,n*m*(n+2n(n-1))*(m+2m(m-1)),All index combinations; includes source/terminal; no hidden asymptotic constant,Thesis Observation 4 p.18 and section 5.1 p.26; manuscript section 4.4 pp.15-16,O(n^3 m^3),,,H26
hurricane:AL171980__AL112009:a0.5|CPS-2F,51,hurricane,AL171980__AL112009,0.5,CPS-2F,25,31,new,output\paper_v1\hurricane_final_20\slots\51\attempts\final20_51_14a139201f594820b2f7e7b3059dcaad,validated,True,True,completed search,configuration_states_extended_bound,4509.0,5148325.0,0.08758188342810526,n*m*(n+aA)*(m+aB),Actual extended-curve sizes; all index combinations,Thesis Observation 4 p.18 and section 5.1 p.26; manuscript section 4.4 pp.15-16,O(n^3 m^3),,,H26
hurricane:AL171980__AL112009:a0.5|CPS-2F,51,hurricane,AL171980__AL112009,0.5,CPS-2F,25,31,new,output\paper_v1\hurricane_final_20\slots\51\attempts\final20_51_14a139201f594820b2f7e7b3059dcaad,validated,True,True,completed search,configuration_states_active_bound,4509.0,14523.0,31.04730427597604,H_A*H_B,Completed single graphs; includes coupling-invalid combinations,Thesis Observation 4 p.18 and section 5.1 p.26; manuscript section 4.4 pp.15-16,O(n^3 m^3),,,H26
hurricane:AL171980__AL112009:a0.5|CPS-2F,51,hurricane,AL171980__AL112009,0.5,CPS-2F,25,31,new,output\paper_v1\hurricane_final_20\slots\51\attempts\final20_51_14a139201f594820b2f7e7b3059dcaad,validated,True,True,completed search,candidate_transition_checks,2370136.0,9337904.0,25.381884414318247,E_A*E_B-H_A*H_B,No duplicate single-graph entries; each product source popped once; excludes simultaneous waits,Finite derivation from solve_cps() and chain_graph(); see graph_bounds.md,O(n^3 m^3),,,H26
hurricane:AL171980__AL112009:a0.5|CPS-2F,51,hurricane,AL171980__AL112009,0.5,CPS-2F,25,31,new,output\paper_v1\hurricane_final_20\slots\51\attempts\final20_51_14a139201f594820b2f7e7b3059dcaad,validated,True,True,completed search,unique_configuration_edges,,105451503.0,,"N*(N-1)/2, N=H_A*H_B",Product graph not materialized; no observed unique-edge count; strict forward topological order,Finite DAG counting derivation; not a transition-check measurement,O(n^3 m^3),Counter unavailable or phase not reached; historical runs not rerun,,H26
hurricane:AL171980__AL112009:a0.5|CPS-2F,51,hurricane,AL171980__AL112009,0.5,CPS-2F,25,31,new,output\paper_v1\hurricane_final_20\slots\51\attempts\final20_51_14a139201f594820b2f7e7b3059dcaad,validated,True,True,completed search,dynamic_programming_labels,,363075.0,,n*H_A*H_B,At most n distinct A-hop counts per state; labels not instrumented,Thesis section5.1; manuscript section4.4; solve_cps values dictionaries,O(n^3 m^3),Counter unavailable or phase not reached; historical runs not rerun,,H26
hurricane:AL171980__AL112009:a0.5|CPS-3F,52,hurricane,AL171980__AL112009,0.5,CPS-3F,25,31,new,output\paper_v1\hurricane_final_20\slots\52\attempts\final20_52_b4f045f5d8844464bd2f0bcf54eea3e8,validated,True,True,completed search,auxiliary_A,0.0,0.0,,0 (no auxiliary locations),Interior curve-parameter intersections; CPS-3F percentage not applicable,Thesis Observation 4 p.18 and section 5.1 p.26; manuscript section 4.4 pp.15-16,O(n^2 m^2),,Zero/non-applicable bound,H26
hurricane:AL171980__AL112009:a0.5|CPS-3F,52,hurricane,AL171980__AL112009,0.5,CPS-3F,25,31,new,output\paper_v1\hurricane_final_20\slots\52\attempts\final20_52_b4f045f5d8844464bd2f0bcf54eea3e8,validated,True,True,completed search,single_dense_A,625.0,625.0,100.0,k^2,"Dense indexing slots, not valid vertices",Thesis Observation 4 p.18 and section 5.1 p.26; manuscript section 4.4 pp.15-16,O(n^2 m^2),,,H26
hurricane:AL171980__AL112009:a0.5|CPS-3F,52,hurricane,AL171980__AL112009,0.5,CPS-3F,25,31,new,output\paper_v1\hurricane_final_20\slots\52\attempts\final20_52_b4f045f5d8844464bd2f0bcf54eea3e8,validated,True,True,completed search,single_active_A,25.0,625.0,4.0,k*(k+a),Anchored source/terminal included; single-graph construction complete,Thesis Observation 4 p.18 and section 5.1 p.26; manuscript section 4.4 pp.15-16,O(n^2 m^2),,,H26
hurricane:AL171980__AL112009:a0.5|CPS-3F,52,hurricane,AL171980__AL112009,0.5,CPS-3F,25,31,new,output\paper_v1\hurricane_final_20\slots\52\attempts\final20_52_b4f045f5d8844464bd2f0bcf54eea3e8,validated,True,True,completed search,single_edges_with_waits_A,49.0,325.0,15.076923076923077,H*(H+1)/2,Unique forward transitions plus exactly H waits; completed graph,Finite derivation from chain_graph() enumeration and pruning,O(n^2 m^2),,,H26
hurricane:AL171980__AL112009:a0.5|CPS-3F,52,hurricane,AL171980__AL112009,0.5,CPS-3F,25,31,new,output\paper_v1\hurricane_final_20\slots\52\attempts\final20_52_b4f045f5d8844464bd2f0bcf54eea3e8,validated,True,True,completed search,auxiliary_B,0.0,0.0,,0 (no auxiliary locations),Interior curve-parameter intersections; CPS-3F percentage not applicable,Thesis Observation 4 p.18 and section 5.1 p.26; manuscript section 4.4 pp.15-16,O(n^2 m^2),,Zero/non-applicable bound,H26
hurricane:AL171980__AL112009:a0.5|CPS-3F,52,hurricane,AL171980__AL112009,0.5,CPS-3F,25,31,new,output\paper_v1\hurricane_final_20\slots\52\attempts\final20_52_b4f045f5d8844464bd2f0bcf54eea3e8,validated,True,True,completed search,single_dense_B,961.0,961.0,100.0,k^2,"Dense indexing slots, not valid vertices",Thesis Observation 4 p.18 and section 5.1 p.26; manuscript section 4.4 pp.15-16,O(n^2 m^2),,,H26
hurricane:AL171980__AL112009:a0.5|CPS-3F,52,hurricane,AL171980__AL112009,0.5,CPS-3F,25,31,new,output\paper_v1\hurricane_final_20\slots\52\attempts\final20_52_b4f045f5d8844464bd2f0bcf54eea3e8,validated,True,True,completed search,single_active_B,37.0,961.0,3.850156087408949,k*(k+a),Anchored source/terminal included; single-graph construction complete,Thesis Observation 4 p.18 and section 5.1 p.26; manuscript section 4.4 pp.15-16,O(n^2 m^2),,,H26
hurricane:AL171980__AL112009:a0.5|CPS-3F,52,hurricane,AL171980__AL112009,0.5,CPS-3F,25,31,new,output\paper_v1\hurricane_final_20\slots\52\attempts\final20_52_b4f045f5d8844464bd2f0bcf54eea3e8,validated,True,True,completed search,single_edges_with_waits_B,88.0,703.0,12.517780938833571,H*(H+1)/2,Unique forward transitions plus exactly H waits; completed graph,Finite derivation from chain_graph() enumeration and pruning,O(n^2 m^2),,,H26
hurricane:AL171980__AL112009:a0.5|CPS-3F,52,hurricane,AL171980__AL112009,0.5,CPS-3F,25,31,new,output\paper_v1\hurricane_final_20\slots\52\attempts\final20_52_b4f045f5d8844464bd2f0bcf54eea3e8,validated,True,True,completed search,configuration_states_input_bound,270.0,600625.0,0.044953173777315295,n^2*m^2,All index combinations; includes source/terminal; no hidden asymptotic constant,Thesis Observation 4 p.18 and section 5.1 p.26; manuscript section 4.4 pp.15-16,O(n^2 m^2),,,H26
hurricane:AL171980__AL112009:a0.5|CPS-3F,52,hurricane,AL171980__AL112009,0.5,CPS-3F,25,31,new,output\paper_v1\hurricane_final_20\slots\52\attempts\final20_52_b4f045f5d8844464bd2f0bcf54eea3e8,validated,True,True,completed search,configuration_states_active_bound,270.0,925.0,29.18918918918919,H_A*H_B,Completed single graphs; includes coupling-invalid combinations,Thesis Observation 4 p.18 and section 5.1 p.26; manuscript section 4.4 pp.15-16,O(n^2 m^2),,,H26
hurricane:AL171980__AL112009:a0.5|CPS-3F,52,hurricane,AL171980__AL112009,0.5,CPS-3F,25,31,new,output\paper_v1\hurricane_final_20\slots\52\attempts\final20_52_b4f045f5d8844464bd2f0bcf54eea3e8,validated,True,True,completed search,candidate_transition_checks,795.0,3387.0,23.472099202834368,E_A*E_B-H_A*H_B,No duplicate single-graph entries; each product source popped once; excludes simultaneous waits,Finite derivation from solve_cps() and chain_graph(); see graph_bounds.md,O(n^2 m^2),,,H26
hurricane:AL171980__AL112009:a0.5|CPS-3F,52,hurricane,AL171980__AL112009,0.5,CPS-3F,25,31,new,output\paper_v1\hurricane_final_20\slots\52\attempts\final20_52_b4f045f5d8844464bd2f0bcf54eea3e8,validated,True,True,completed search,unique_configuration_edges,,427350.0,,"N*(N-1)/2, N=H_A*H_B",Product graph not materialized; no observed unique-edge count; strict forward topological order,Finite DAG counting derivation; not a transition-check measurement,O(n^2 m^2),Counter unavailable or phase not reached; historical runs not rerun,,H26
hurricane:AL171980__AL112009:a0.5|CPS-3F,52,hurricane,AL171980__AL112009,0.5,CPS-3F,25,31,new,output\paper_v1\hurricane_final_20\slots\52\attempts\final20_52_b4f045f5d8844464bd2f0bcf54eea3e8,validated,True,True,completed search,dynamic_programming_labels,,23125.0,,n*H_A*H_B,At most n distinct A-hop counts per state; labels not instrumented,Thesis section5.1; manuscript section4.4; solve_cps values dictionaries,O(n^2 m^2),Counter unavailable or phase not reached; historical runs not rerun,,H26
hurricane:AL102008__AL061989:a0.5|CPS-2F,54,hurricane,AL102008__AL061989,0.5,CPS-2F,33,36,new,output\paper_v1\hurricane_final_20\slots\54\attempts\final20_54_5781486474d142eca33fd1ac3ecba66e,validated,True,True,completed search,auxiliary_A,64.0,2112.0,3.0303030303030303,2 k(k-1),Interior curve-parameter intersections; CPS-3F percentage not applicable,Thesis Observation 4 p.18 and section 5.1 p.26; manuscript section 4.4 pp.15-16,O(n^3 m^3),,,H27
hurricane:AL102008__AL061989:a0.5|CPS-2F,54,hurricane,AL102008__AL061989,0.5,CPS-2F,33,36,new,output\paper_v1\hurricane_final_20\slots\54\attempts\final20_54_5781486474d142eca33fd1ac3ecba66e,validated,True,True,completed search,single_dense_A,3201.0,70785.0,4.522144522144522,k*(k+2k(k-1)),"Dense indexing slots, not valid vertices",Thesis Observation 4 p.18 and section 5.1 p.26; manuscript section 4.4 pp.15-16,O(n^3 m^3),,,H27
hurricane:AL102008__AL061989:a0.5|CPS-2F,54,hurricane,AL102008__AL061989,0.5,CPS-2F,33,36,new,output\paper_v1\hurricane_final_20\slots\54\attempts\final20_54_5781486474d142eca33fd1ac3ecba66e,validated,True,True,completed search,single_active_A,145.0,3201.0,4.529834426741643,k*(k+a),Anchored source/terminal included; single-graph construction complete,Thesis Observation 4 p.18 and section 5.1 p.26; manuscript section 4.4 pp.15-16,O(n^3 m^3),,,H27
hurricane:AL102008__AL061989:a0.5|CPS-2F,54,hurricane,AL102008__AL061989,0.5,CPS-2F,33,36,new,output\paper_v1\hurricane_final_20\slots\54\attempts\final20_54_5781486474d142eca33fd1ac3ecba66e,validated,True,True,completed search,single_edges_with_waits_A,5970.0,10585.0,56.400566839867736,H*(H+1)/2,Unique forward transitions plus exactly H waits; completed graph,Finite derivation from chain_graph() enumeration and pruning,O(n^3 m^3),,,H27
hurricane:AL102008__AL061989:a0.5|CPS-2F,54,hurricane,AL102008__AL061989,0.5,CPS-2F,33,36,new,output\paper_v1\hurricane_final_20\slots\54\attempts\final20_54_5781486474d142eca33fd1ac3ecba66e,validated,True,True,completed search,auxiliary_B,83.0,2520.0,3.2936507936507935,2 k(k-1),Interior curve-parameter intersections; CPS-3F percentage not applicable,Thesis Observation 4 p.18 and section 5.1 p.26; manuscript section 4.4 pp.15-16,O(n^3 m^3),,,H27
hurricane:AL102008__AL061989:a0.5|CPS-2F,54,hurricane,AL102008__AL061989,0.5,CPS-2F,33,36,new,output\paper_v1\hurricane_final_20\slots\54\attempts\final20_54_5781486474d142eca33fd1ac3ecba66e,validated,True,True,completed search,single_dense_B,4284.0,92016.0,4.655712050078248,k*(k+2k(k-1)),"Dense indexing slots, not valid vertices",Thesis Observation 4 p.18 and section 5.1 p.26; manuscript section 4.4 pp.15-16,O(n^3 m^3),,,H27
hurricane:AL102008__AL061989:a0.5|CPS-2F,54,hurricane,AL102008__AL061989,0.5,CPS-2F,33,36,new,output\paper_v1\hurricane_final_20\slots\54\attempts\final20_54_5781486474d142eca33fd1ac3ecba66e,validated,True,True,completed search,single_active_B,272.0,4284.0,6.349206349206349,k*(k+a),Anchored source/terminal included; single-graph construction complete,Thesis Observation 4 p.18 and section 5.1 p.26; manuscript section 4.4 pp.15-16,O(n^3 m^3),,,H27
hurricane:AL102008__AL061989:a0.5|CPS-2F,54,hurricane,AL102008__AL061989,0.5,CPS-2F,33,36,new,output\paper_v1\hurricane_final_20\slots\54\attempts\final20_54_5781486474d142eca33fd1ac3ecba66e,validated,True,True,completed search,single_edges_with_waits_B,21310.0,37128.0,57.396035337211806,H*(H+1)/2,Unique forward transitions plus exactly H waits; completed graph,Finite derivation from chain_graph() enumeration and pruning,O(n^3 m^3),,,H27
hurricane:AL102008__AL061989:a0.5|CPS-2F,54,hurricane,AL102008__AL061989,0.5,CPS-2F,33,36,new,output\paper_v1\hurricane_final_20\slots\54\attempts\final20_54_5781486474d142eca33fd1ac3ecba66e,validated,True,True,completed search,configuration_states_input_bound,3833.0,6513352560.0,5.8848342150850807e-05,n*m*(n+2n(n-1))*(m+2m(m-1)),All index combinations; includes source/terminal; no hidden asymptotic constant,Thesis Observation 4 p.18 and section 5.1 p.26; manuscript section 4.4 pp.15-16,O(n^3 m^3),,,H27
hurricane:AL102008__AL061989:a0.5|CPS-2F,54,hurricane,AL102008__AL061989,0.5,CPS-2F,33,36,new,output\paper_v1\hurricane_final_20\slots\54\attempts\final20_54_5781486474d142eca33fd1ac3ecba66e,validated,True,True,completed search,configuration_states_extended_bound,3833.0,13713084.0,0.02795140757542213,n*m*(n+aA)*(m+aB),Actual extended-curve sizes; all index combinations,Thesis Observation 4 p.18 and section 5.1 p.26; manuscript section 4.4 pp.15-16,O(n^3 m^3),,,H27
hurricane:AL102008__AL061989:a0.5|CPS-2F,54,hurricane,AL102008__AL061989,0.5,CPS-2F,33,36,new,output\paper_v1\hurricane_final_20\slots\54\attempts\final20_54_5781486474d142eca33fd1ac3ecba66e,validated,True,True,completed search,configuration_states_active_bound,3833.0,39440.0,9.718559837728195,H_A*H_B,Completed single graphs; includes coupling-invalid combinations,Thesis Observation 4 p.18 and section 5.1 p.26; manuscript section 4.4 pp.15-16,O(n^3 m^3),,,H27
hurricane:AL102008__AL061989:a0.5|CPS-2F,54,hurricane,AL102008__AL061989,0.5,CPS-2F,33,36,new,output\paper_v1\hurricane_final_20\slots\54\attempts\final20_54_5781486474d142eca33fd1ac3ecba66e,validated,True,True,completed search,candidate_transition_checks,1865958.0,127181260.0,1.467164266181983,E_A*E_B-H_A*H_B,No duplicate single-graph entries; each product source popped once; excludes simultaneous waits,Finite derivation from solve_cps() and chain_graph(); see graph_bounds.md,O(n^3 m^3),,,H27
hurricane:AL102008__AL061989:a0.5|CPS-2F,54,hurricane,AL102008__AL061989,0.5,CPS-2F,33,36,new,output\paper_v1\hurricane_final_20\slots\54\attempts\final20_54_5781486474d142eca33fd1ac3ecba66e,validated,True,True,completed search,unique_configuration_edges,,777737080.0,,"N*(N-1)/2, N=H_A*H_B",Product graph not materialized; no observed unique-edge count; strict forward topological order,Finite DAG counting derivation; not a transition-check measurement,O(n^3 m^3),Counter unavailable or phase not reached; historical runs not rerun,,H27
hurricane:AL102008__AL061989:a0.5|CPS-2F,54,hurricane,AL102008__AL061989,0.5,CPS-2F,33,36,new,output\paper_v1\hurricane_final_20\slots\54\attempts\final20_54_5781486474d142eca33fd1ac3ecba66e,validated,True,True,completed search,dynamic_programming_labels,,1301520.0,,n*H_A*H_B,At most n distinct A-hop counts per state; labels not instrumented,Thesis section5.1; manuscript section4.4; solve_cps values dictionaries,O(n^3 m^3),Counter unavailable or phase not reached; historical runs not rerun,,H27
hurricane:AL102008__AL061989:a0.5|CPS-3F,55,hurricane,AL102008__AL061989,0.5,CPS-3F,33,36,new,output\paper_v1\hurricane_final_20\slots\55\attempts\final20_55_f8e5c012d43b42c6bfe76bb8c06d1308,validated,True,True,completed search,auxiliary_A,0.0,0.0,,0 (no auxiliary locations),Interior curve-parameter intersections; CPS-3F percentage not applicable,Thesis Observation 4 p.18 and section 5.1 p.26; manuscript section 4.4 pp.15-16,O(n^2 m^2),,Zero/non-applicable bound,H27
hurricane:AL102008__AL061989:a0.5|CPS-3F,55,hurricane,AL102008__AL061989,0.5,CPS-3F,33,36,new,output\paper_v1\hurricane_final_20\slots\55\attempts\final20_55_f8e5c012d43b42c6bfe76bb8c06d1308,validated,True,True,completed search,single_dense_A,1089.0,1089.0,100.0,k^2,"Dense indexing slots, not valid vertices",Thesis Observation 4 p.18 and section 5.1 p.26; manuscript section 4.4 pp.15-16,O(n^2 m^2),,,H27
hurricane:AL102008__AL061989:a0.5|CPS-3F,55,hurricane,AL102008__AL061989,0.5,CPS-3F,33,36,new,output\paper_v1\hurricane_final_20\slots\55\attempts\final20_55_f8e5c012d43b42c6bfe76bb8c06d1308,validated,True,True,completed search,single_active_A,35.0,1089.0,3.2139577594123048,k*(k+a),Anchored source/terminal included; single-graph construction complete,Thesis Observation 4 p.18 and section 5.1 p.26; manuscript section 4.4 pp.15-16,O(n^2 m^2),,,H27
hurricane:AL102008__AL061989:a0.5|CPS-3F,55,hurricane,AL102008__AL061989,0.5,CPS-3F,33,36,new,output\paper_v1\hurricane_final_20\slots\55\attempts\final20_55_f8e5c012d43b42c6bfe76bb8c06d1308,validated,True,True,completed search,single_edges_with_waits_A,73.0,630.0,11.587301587301587,H*(H+1)/2,Unique forward transitions plus exactly H waits; completed graph,Finite derivation from chain_graph() enumeration and pruning,O(n^2 m^2),,,H27
hurricane:AL102008__AL061989:a0.5|CPS-3F,55,hurricane,AL102008__AL061989,0.5,CPS-3F,33,36,new,output\paper_v1\hurricane_final_20\slots\55\attempts\final20_55_f8e5c012d43b42c6bfe76bb8c06d1308,validated,True,True,completed search,auxiliary_B,0.0,0.0,,0 (no auxiliary locations),Interior curve-parameter intersections; CPS-3F percentage not applicable,Thesis Observation 4 p.18 and section 5.1 p.26; manuscript section 4.4 pp.15-16,O(n^2 m^2),,Zero/non-applicable bound,H27
hurricane:AL102008__AL061989:a0.5|CPS-3F,55,hurricane,AL102008__AL061989,0.5,CPS-3F,33,36,new,output\paper_v1\hurricane_final_20\slots\55\attempts\final20_55_f8e5c012d43b42c6bfe76bb8c06d1308,validated,True,True,completed search,single_dense_B,1296.0,1296.0,100.0,k^2,"Dense indexing slots, not valid vertices",Thesis Observation 4 p.18 and section 5.1 p.26; manuscript section 4.4 pp.15-16,O(n^2 m^2),,,H27
hurricane:AL102008__AL061989:a0.5|CPS-3F,55,hurricane,AL102008__AL061989,0.5,CPS-3F,33,36,new,output\paper_v1\hurricane_final_20\slots\55\attempts\final20_55_f8e5c012d43b42c6bfe76bb8c06d1308,validated,True,True,completed search,single_active_B,88.0,1296.0,6.790123456790123,k*(k+a),Anchored source/terminal included; single-graph construction complete,Thesis Observation 4 p.18 and section 5.1 p.26; manuscript section 4.4 pp.15-16,O(n^2 m^2),,,H27
hurricane:AL102008__AL061989:a0.5|CPS-3F,55,hurricane,AL102008__AL061989,0.5,CPS-3F,33,36,new,output\paper_v1\hurricane_final_20\slots\55\attempts\final20_55_f8e5c012d43b42c6bfe76bb8c06d1308,validated,True,True,completed search,single_edges_with_waits_B,534.0,3916.0,13.636363636363637,H*(H+1)/2,Unique forward transitions plus exactly H waits; completed graph,Finite derivation from chain_graph() enumeration and pruning,O(n^2 m^2),,,H27
hurricane:AL102008__AL061989:a0.5|CPS-3F,55,hurricane,AL102008__AL061989,0.5,CPS-3F,33,36,new,output\paper_v1\hurricane_final_20\slots\55\attempts\final20_55_f8e5c012d43b42c6bfe76bb8c06d1308,validated,True,True,completed search,configuration_states_input_bound,321.0,1411344.0,0.022744277794782844,n^2*m^2,All index combinations; includes source/terminal; no hidden asymptotic constant,Thesis Observation 4 p.18 and section 5.1 p.26; manuscript section 4.4 pp.15-16,O(n^2 m^2),,,H27
hurricane:AL102008__AL061989:a0.5|CPS-3F,55,hurricane,AL102008__AL061989,0.5,CPS-3F,33,36,new,output\paper_v1\hurricane_final_20\slots\55\attempts\final20_55_f8e5c012d43b42c6bfe76bb8c06d1308,validated,True,True,completed search,configuration_states_active_bound,321.0,3080.0,10.422077922077921,H_A*H_B,Completed single graphs; includes coupling-invalid combinations,Thesis Observation 4 p.18 and section 5.1 p.26; manuscript section 4.4 pp.15-16,O(n^2 m^2),,,H27
hurricane:AL102008__AL061989:a0.5|CPS-3F,55,hurricane,AL102008__AL061989,0.5,CPS-3F,33,36,new,output\paper_v1\hurricane_final_20\slots\55\attempts\final20_55_f8e5c012d43b42c6bfe76bb8c06d1308,validated,True,True,completed search,candidate_transition_checks,1202.0,35902.0,3.348002896774553,E_A*E_B-H_A*H_B,No duplicate single-graph entries; each product source popped once; excludes simultaneous waits,Finite derivation from solve_cps() and chain_graph(); see graph_bounds.md,O(n^2 m^2),,,H27
hurricane:AL102008__AL061989:a0.5|CPS-3F,55,hurricane,AL102008__AL061989,0.5,CPS-3F,33,36,new,output\paper_v1\hurricane_final_20\slots\55\attempts\final20_55_f8e5c012d43b42c6bfe76bb8c06d1308,validated,True,True,completed search,unique_configuration_edges,,4741660.0,,"N*(N-1)/2, N=H_A*H_B",Product graph not materialized; no observed unique-edge count; strict forward topological order,Finite DAG counting derivation; not a transition-check measurement,O(n^2 m^2),Counter unavailable or phase not reached; historical runs not rerun,,H27
hurricane:AL102008__AL061989:a0.5|CPS-3F,55,hurricane,AL102008__AL061989,0.5,CPS-3F,33,36,new,output\paper_v1\hurricane_final_20\slots\55\attempts\final20_55_f8e5c012d43b42c6bfe76bb8c06d1308,validated,True,True,completed search,dynamic_programming_labels,,101640.0,,n*H_A*H_B,At most n distinct A-hop counts per state; labels not instrumented,Thesis section5.1; manuscript section4.4; solve_cps values dictionaries,O(n^2 m^2),Counter unavailable or phase not reached; historical runs not rerun,,H27
hurricane:EP102002__EP042014:a0.5|CPS-2F,57,hurricane,EP102002__EP042014,0.5,CPS-2F,31,42,new,output\paper_v1\hurricane_final_20\slots\57\attempts\final20_57_3b593e011f1945c8b0d3ed5a26fd0127,validated,True,True,completed search,auxiliary_A,60.0,1860.0,3.225806451612903,2 k(k-1),Interior curve-parameter intersections; CPS-3F percentage not applicable,Thesis Observation 4 p.18 and section 5.1 p.26; manuscript section 4.4 pp.15-16,O(n^3 m^3),,,H28
hurricane:EP102002__EP042014:a0.5|CPS-2F,57,hurricane,EP102002__EP042014,0.5,CPS-2F,31,42,new,output\paper_v1\hurricane_final_20\slots\57\attempts\final20_57_3b593e011f1945c8b0d3ed5a26fd0127,validated,True,True,completed search,single_dense_A,2821.0,58621.0,4.812268640930725,k*(k+2k(k-1)),"Dense indexing slots, not valid vertices",Thesis Observation 4 p.18 and section 5.1 p.26; manuscript section 4.4 pp.15-16,O(n^3 m^3),,,H28
hurricane:EP102002__EP042014:a0.5|CPS-2F,57,hurricane,EP102002__EP042014,0.5,CPS-2F,31,42,new,output\paper_v1\hurricane_final_20\slots\57\attempts\final20_57_3b593e011f1945c8b0d3ed5a26fd0127,validated,True,True,completed search,single_active_A,127.0,2821.0,4.501949663239986,k*(k+a),Anchored source/terminal included; single-graph construction complete,Thesis Observation 4 p.18 and section 5.1 p.26; manuscript section 4.4 pp.15-16,O(n^3 m^3),,,H28
hurricane:EP102002__EP042014:a0.5|CPS-2F,57,hurricane,EP102002__EP042014,0.5,CPS-2F,31,42,new,output\paper_v1\hurricane_final_20\slots\57\attempts\final20_57_3b593e011f1945c8b0d3ed5a26fd0127,validated,True,True,completed search,single_edges_with_waits_A,3550.0,8128.0,43.67618110236221,H*(H+1)/2,Unique forward transitions plus exactly H waits; completed graph,Finite derivation from chain_graph() enumeration and pruning,O(n^3 m^3),,,H28
hurricane:EP102002__EP042014:a0.5|CPS-2F,57,hurricane,EP102002__EP042014,0.5,CPS-2F,31,42,new,output\paper_v1\hurricane_final_20\slots\57\attempts\final20_57_3b593e011f1945c8b0d3ed5a26fd0127,validated,True,True,completed search,auxiliary_B,80.0,3444.0,2.3228803716608595,2 k(k-1),Interior curve-parameter intersections; CPS-3F percentage not applicable,Thesis Observation 4 p.18 and section 5.1 p.26; manuscript section 4.4 pp.15-16,O(n^3 m^3),,,H28
hurricane:EP102002__EP042014:a0.5|CPS-2F,57,hurricane,EP102002__EP042014,0.5,CPS-2F,31,42,new,output\paper_v1\hurricane_final_20\slots\57\attempts\final20_57_3b593e011f1945c8b0d3ed5a26fd0127,validated,True,True,completed search,single_dense_B,5124.0,146412.0,3.499713138267355,k*(k+2k(k-1)),"Dense indexing slots, not valid vertices",Thesis Observation 4 p.18 and section 5.1 p.26; manuscript section 4.4 pp.15-16,O(n^3 m^3),,,H28
hurricane:EP102002__EP042014:a0.5|CPS-2F,57,hurricane,EP102002__EP042014,0.5,CPS-2F,31,42,new,output\paper_v1\hurricane_final_20\slots\57\attempts\final20_57_3b593e011f1945c8b0d3ed5a26fd0127,validated,True,True,completed search,single_active_B,229.0,5124.0,4.469164715066355,k*(k+a),Anchored source/terminal included; single-graph construction complete,Thesis Observation 4 p.18 and section 5.1 p.26; manuscript section 4.4 pp.15-16,O(n^3 m^3),,,H28
hurricane:EP102002__EP042014:a0.5|CPS-2F,57,hurricane,EP102002__EP042014,0.5,CPS-2F,31,42,new,output\paper_v1\hurricane_final_20\slots\57\attempts\final20_57_3b593e011f1945c8b0d3ed5a26fd0127,validated,True,True,completed search,single_edges_with_waits_B,14166.0,26335.0,53.7915321815075,H*(H+1)/2,Unique forward transitions plus exactly H waits; completed graph,Finite derivation from chain_graph() enumeration and pruning,O(n^3 m^3),,,H28
hurricane:EP102002__EP042014:a0.5|CPS-2F,57,hurricane,EP102002__EP042014,0.5,CPS-2F,31,42,new,output\paper_v1\hurricane_final_20\slots\57\attempts\final20_57_3b593e011f1945c8b0d3ed5a26fd0127,validated,True,True,completed search,configuration_states_input_bound,5120.0,8582817852.0,5.965406802623591e-05,n*m*(n+2n(n-1))*(m+2m(m-1)),All index combinations; includes source/terminal; no hidden asymptotic constant,Thesis Observation 4 p.18 and section 5.1 p.26; manuscript section 4.4 pp.15-16,O(n^3 m^3),,,H28
hurricane:EP102002__EP042014:a0.5|CPS-2F,57,hurricane,EP102002__EP042014,0.5,CPS-2F,31,42,new,output\paper_v1\hurricane_final_20\slots\57\attempts\final20_57_3b593e011f1945c8b0d3ed5a26fd0127,validated,True,True,completed search,configuration_states_extended_bound,5120.0,14454804.0,0.035420750084193466,n*m*(n+aA)*(m+aB),Actual extended-curve sizes; all index combinations,Thesis Observation 4 p.18 and section 5.1 p.26; manuscript section 4.4 pp.15-16,O(n^3 m^3),,,H28
hurricane:EP102002__EP042014:a0.5|CPS-2F,57,hurricane,EP102002__EP042014,0.5,CPS-2F,31,42,new,output\paper_v1\hurricane_final_20\slots\57\attempts\final20_57_3b593e011f1945c8b0d3ed5a26fd0127,validated,True,True,completed search,configuration_states_active_bound,5120.0,29083.0,17.60478630127566,H_A*H_B,Completed single graphs; includes coupling-invalid combinations,Thesis Observation 4 p.18 and section 5.1 p.26; manuscript section 4.4 pp.15-16,O(n^3 m^3),,,H28
hurricane:EP102002__EP042014:a0.5|CPS-2F,57,hurricane,EP102002__EP042014,0.5,CPS-2F,31,42,new,output\paper_v1\hurricane_final_20\slots\57\attempts\final20_57_3b593e011f1945c8b0d3ed5a26fd0127,validated,True,True,completed search,candidate_transition_checks,4028404.0,50260217.0,8.015094721934846,E_A*E_B-H_A*H_B,No duplicate single-graph entries; each product source popped once; excludes simultaneous waits,Finite derivation from solve_cps() and chain_graph(); see graph_bounds.md,O(n^3 m^3),,,H28
hurricane:EP102002__EP042014:a0.5|CPS-2F,57,hurricane,EP102002__EP042014,0.5,CPS-2F,31,42,new,output\paper_v1\hurricane_final_20\slots\57\attempts\final20_57_3b593e011f1945c8b0d3ed5a26fd0127,validated,True,True,completed search,unique_configuration_edges,,422895903.0,,"N*(N-1)/2, N=H_A*H_B",Product graph not materialized; no observed unique-edge count; strict forward topological order,Finite DAG counting derivation; not a transition-check measurement,O(n^3 m^3),Counter unavailable or phase not reached; historical runs not rerun,,H28
hurricane:EP102002__EP042014:a0.5|CPS-2F,57,hurricane,EP102002__EP042014,0.5,CPS-2F,31,42,new,output\paper_v1\hurricane_final_20\slots\57\attempts\final20_57_3b593e011f1945c8b0d3ed5a26fd0127,validated,True,True,completed search,dynamic_programming_labels,,901573.0,,n*H_A*H_B,At most n distinct A-hop counts per state; labels not instrumented,Thesis section5.1; manuscript section4.4; solve_cps values dictionaries,O(n^3 m^3),Counter unavailable or phase not reached; historical runs not rerun,,H28
hurricane:EP102002__EP042014:a0.5|CPS-3F,58,hurricane,EP102002__EP042014,0.5,CPS-3F,31,42,new,output\paper_v1\hurricane_final_20\slots\58\attempts\final20_58_ea2ce80db7c94079a2cb369e959559f5,validated,True,True,completed search,auxiliary_A,0.0,0.0,,0 (no auxiliary locations),Interior curve-parameter intersections; CPS-3F percentage not applicable,Thesis Observation 4 p.18 and section 5.1 p.26; manuscript section 4.4 pp.15-16,O(n^2 m^2),,Zero/non-applicable bound,H28
hurricane:EP102002__EP042014:a0.5|CPS-3F,58,hurricane,EP102002__EP042014,0.5,CPS-3F,31,42,new,output\paper_v1\hurricane_final_20\slots\58\attempts\final20_58_ea2ce80db7c94079a2cb369e959559f5,validated,True,True,completed search,single_dense_A,961.0,961.0,100.0,k^2,"Dense indexing slots, not valid vertices",Thesis Observation 4 p.18 and section 5.1 p.26; manuscript section 4.4 pp.15-16,O(n^2 m^2),,,H28
hurricane:EP102002__EP042014:a0.5|CPS-3F,58,hurricane,EP102002__EP042014,0.5,CPS-3F,31,42,new,output\paper_v1\hurricane_final_20\slots\58\attempts\final20_58_ea2ce80db7c94079a2cb369e959559f5,validated,True,True,completed search,single_active_A,35.0,961.0,3.6420395421436003,k*(k+a),Anchored source/terminal included; single-graph construction complete,Thesis Observation 4 p.18 and section 5.1 p.26; manuscript section 4.4 pp.15-16,O(n^2 m^2),,,H28
hurricane:EP102002__EP042014:a0.5|CPS-3F,58,hurricane,EP102002__EP042014,0.5,CPS-3F,31,42,new,output\paper_v1\hurricane_final_20\slots\58\attempts\final20_58_ea2ce80db7c94079a2cb369e959559f5,validated,True,True,completed search,single_edges_with_waits_A,80.0,630.0,12.698412698412698,H*(H+1)/2,Unique forward transitions plus exactly H waits; completed graph,Finite derivation from chain_graph() enumeration and pruning,O(n^2 m^2),,,H28
hurricane:EP102002__EP042014:a0.5|CPS-3F,58,hurricane,EP102002__EP042014,0.5,CPS-3F,31,42,new,output\paper_v1\hurricane_final_20\slots\58\attempts\final20_58_ea2ce80db7c94079a2cb369e959559f5,validated,True,True,completed search,auxiliary_B,0.0,0.0,,0 (no auxiliary locations),Interior curve-parameter intersections; CPS-3F percentage not applicable,Thesis Observation 4 p.18 and section 5.1 p.26; manuscript section 4.4 pp.15-16,O(n^2 m^2),,Zero/non-applicable bound,H28
hurricane:EP102002__EP042014:a0.5|CPS-3F,58,hurricane,EP102002__EP042014,0.5,CPS-3F,31,42,new,output\paper_v1\hurricane_final_20\slots\58\attempts\final20_58_ea2ce80db7c94079a2cb369e959559f5,validated,True,True,completed search,single_dense_B,1764.0,1764.0,100.0,k^2,"Dense indexing slots, not valid vertices",Thesis Observation 4 p.18 and section 5.1 p.26; manuscript section 4.4 pp.15-16,O(n^2 m^2),,,H28
hurricane:EP102002__EP042014:a0.5|CPS-3F,58,hurricane,EP102002__EP042014,0.5,CPS-3F,31,42,new,output\paper_v1\hurricane_final_20\slots\58\attempts\final20_58_ea2ce80db7c94079a2cb369e959559f5,validated,True,True,completed search,single_active_B,74.0,1764.0,4.195011337868481,k*(k+a),Anchored source/terminal included; single-graph construction complete,Thesis Observation 4 p.18 and section 5.1 p.26; manuscript section 4.4 pp.15-16,O(n^2 m^2),,,H28
hurricane:EP102002__EP042014:a0.5|CPS-3F,58,hurricane,EP102002__EP042014,0.5,CPS-3F,31,42,new,output\paper_v1\hurricane_final_20\slots\58\attempts\final20_58_ea2ce80db7c94079a2cb369e959559f5,validated,True,True,completed search,single_edges_with_waits_B,273.0,2775.0,9.837837837837839,H*(H+1)/2,Unique forward transitions plus exactly H waits; completed graph,Finite derivation from chain_graph() enumeration and pruning,O(n^2 m^2),,,H28
hurricane:EP102002__EP042014:a0.5|CPS-3F,58,hurricane,EP102002__EP042014,0.5,CPS-3F,31,42,new,output\paper_v1\hurricane_final_20\slots\58\attempts\final20_58_ea2ce80db7c94079a2cb369e959559f5,validated,True,True,completed search,configuration_states_input_bound,487.0,1695204.0,0.028728105879882303,n^2*m^2,All index combinations; includes source/terminal; no hidden asymptotic constant,Thesis Observation 4 p.18 and section 5.1 p.26; manuscript section 4.4 pp.15-16,O(n^2 m^2),,,H28
hurricane:EP102002__EP042014:a0.5|CPS-3F,58,hurricane,EP102002__EP042014,0.5,CPS-3F,31,42,new,output\paper_v1\hurricane_final_20\slots\58\attempts\final20_58_ea2ce80db7c94079a2cb369e959559f5,validated,True,True,completed search,configuration_states_active_bound,487.0,2590.0,18.8030888030888,H_A*H_B,Completed single graphs; includes coupling-invalid combinations,Thesis Observation 4 p.18 and section 5.1 p.26; manuscript section 4.4 pp.15-16,O(n^2 m^2),,,H28
hurricane:EP102002__EP042014:a0.5|CPS-3F,58,hurricane,EP102002__EP042014,0.5,CPS-3F,31,42,new,output\paper_v1\hurricane_final_20\slots\58\attempts\final20_58_ea2ce80db7c94079a2cb369e959559f5,validated,True,True,completed search,candidate_transition_checks,3100.0,19250.0,16.103896103896105,E_A*E_B-H_A*H_B,No duplicate single-graph entries; each product source popped once; excludes simultaneous waits,Finite derivation from solve_cps() and chain_graph(); see graph_bounds.md,O(n^2 m^2),,,H28
hurricane:EP102002__EP042014:a0.5|CPS-3F,58,hurricane,EP102002__EP042014,0.5,CPS-3F,31,42,new,output\paper_v1\hurricane_final_20\slots\58\attempts\final20_58_ea2ce80db7c94079a2cb369e959559f5,validated,True,True,completed search,unique_configuration_edges,,3352755.0,,"N*(N-1)/2, N=H_A*H_B",Product graph not materialized; no observed unique-edge count; strict forward topological order,Finite DAG counting derivation; not a transition-check measurement,O(n^2 m^2),Counter unavailable or phase not reached; historical runs not rerun,,H28
hurricane:EP102002__EP042014:a0.5|CPS-3F,58,hurricane,EP102002__EP042014,0.5,CPS-3F,31,42,new,output\paper_v1\hurricane_final_20\slots\58\attempts\final20_58_ea2ce80db7c94079a2cb369e959559f5,validated,True,True,completed search,dynamic_programming_labels,,80290.0,,n*H_A*H_B,At most n distinct A-hop counts per state; labels not instrumented,Thesis section5.1; manuscript section4.4; solve_cps values dictionaries,O(n^2 m^2),Counter unavailable or phase not reached; historical runs not rerun,,H28
hurricane:EP032000__EP041975:a0.5|CPS-3F,61,hurricane,EP032000__EP041975,0.5,CPS-3F,27,41,new,output\paper_v1\hurricane_final_20\slots\61\attempts\final20_61_4070de11bcbf480b88acbf4063e461e3,validated,True,True,completed search,auxiliary_A,0.0,0.0,,0 (no auxiliary locations),Interior curve-parameter intersections; CPS-3F percentage not applicable,Thesis Observation 4 p.18 and section 5.1 p.26; manuscript section 4.4 pp.15-16,O(n^2 m^2),,Zero/non-applicable bound,H29
hurricane:EP032000__EP041975:a0.5|CPS-3F,61,hurricane,EP032000__EP041975,0.5,CPS-3F,27,41,new,output\paper_v1\hurricane_final_20\slots\61\attempts\final20_61_4070de11bcbf480b88acbf4063e461e3,validated,True,True,completed search,single_dense_A,729.0,729.0,100.0,k^2,"Dense indexing slots, not valid vertices",Thesis Observation 4 p.18 and section 5.1 p.26; manuscript section 4.4 pp.15-16,O(n^2 m^2),,,H29
hurricane:EP032000__EP041975:a0.5|CPS-3F,61,hurricane,EP032000__EP041975,0.5,CPS-3F,27,41,new,output\paper_v1\hurricane_final_20\slots\61\attempts\final20_61_4070de11bcbf480b88acbf4063e461e3,validated,True,True,completed search,single_active_A,27.0,729.0,3.7037037037037037,k*(k+a),Anchored source/terminal included; single-graph construction complete,Thesis Observation 4 p.18 and section 5.1 p.26; manuscript section 4.4 pp.15-16,O(n^2 m^2),,,H29
hurricane:EP032000__EP041975:a0.5|CPS-3F,61,hurricane,EP032000__EP041975,0.5,CPS-3F,27,41,new,output\paper_v1\hurricane_final_20\slots\61\attempts\final20_61_4070de11bcbf480b88acbf4063e461e3,validated,True,True,completed search,single_edges_with_waits_A,53.0,378.0,14.02116402116402,H*(H+1)/2,Unique forward transitions plus exactly H waits; completed graph,Finite derivation from chain_graph() enumeration and pruning,O(n^2 m^2),,,H29
hurricane:EP032000__EP041975:a0.5|CPS-3F,61,hurricane,EP032000__EP041975,0.5,CPS-3F,27,41,new,output\paper_v1\hurricane_final_20\slots\61\attempts\final20_61_4070de11bcbf480b88acbf4063e461e3,validated,True,True,completed search,auxiliary_B,0.0,0.0,,0 (no auxiliary locations),Interior curve-parameter intersections; CPS-3F percentage not applicable,Thesis Observation 4 p.18 and section 5.1 p.26; manuscript section 4.4 pp.15-16,O(n^2 m^2),,Zero/non-applicable bound,H29
hurricane:EP032000__EP041975:a0.5|CPS-3F,61,hurricane,EP032000__EP041975,0.5,CPS-3F,27,41,new,output\paper_v1\hurricane_final_20\slots\61\attempts\final20_61_4070de11bcbf480b88acbf4063e461e3,validated,True,True,completed search,single_dense_B,1681.0,1681.0,100.0,k^2,"Dense indexing slots, not valid vertices",Thesis Observation 4 p.18 and section 5.1 p.26; manuscript section 4.4 pp.15-16,O(n^2 m^2),,,H29
hurricane:EP032000__EP041975:a0.5|CPS-3F,61,hurricane,EP032000__EP041975,0.5,CPS-3F,27,41,new,output\paper_v1\hurricane_final_20\slots\61\attempts\final20_61_4070de11bcbf480b88acbf4063e461e3,validated,True,True,completed search,single_active_B,63.0,1681.0,3.747769185008923,k*(k+a),Anchored source/terminal included; single-graph construction complete,Thesis Observation 4 p.18 and section 5.1 p.26; manuscript section 4.4 pp.15-16,O(n^2 m^2),,,H29
hurricane:EP032000__EP041975:a0.5|CPS-3F,61,hurricane,EP032000__EP041975,0.5,CPS-3F,27,41,new,output\paper_v1\hurricane_final_20\slots\61\attempts\final20_61_4070de11bcbf480b88acbf4063e461e3,validated,True,True,completed search,single_edges_with_waits_B,213.0,2016.0,10.56547619047619,H*(H+1)/2,Unique forward transitions plus exactly H waits; completed graph,Finite derivation from chain_graph() enumeration and pruning,O(n^2 m^2),,,H29
hurricane:EP032000__EP041975:a0.5|CPS-3F,61,hurricane,EP032000__EP041975,0.5,CPS-3F,27,41,new,output\paper_v1\hurricane_final_20\slots\61\attempts\final20_61_4070de11bcbf480b88acbf4063e461e3,validated,True,True,completed search,configuration_states_input_bound,449.0,1225449.0,0.036639631677858484,n^2*m^2,All index combinations; includes source/terminal; no hidden asymptotic constant,Thesis Observation 4 p.18 and section 5.1 p.26; manuscript section 4.4 pp.15-16,O(n^2 m^2),,,H29
hurricane:EP032000__EP041975:a0.5|CPS-3F,61,hurricane,EP032000__EP041975,0.5,CPS-3F,27,41,new,output\paper_v1\hurricane_final_20\slots\61\attempts\final20_61_4070de11bcbf480b88acbf4063e461e3,validated,True,True,completed search,configuration_states_active_bound,449.0,1701.0,26.39623750734862,H_A*H_B,Completed single graphs; includes coupling-invalid combinations,Thesis Observation 4 p.18 and section 5.1 p.26; manuscript section 4.4 pp.15-16,O(n^2 m^2),,,H29
hurricane:EP032000__EP041975:a0.5|CPS-3F,61,hurricane,EP032000__EP041975,0.5,CPS-3F,27,41,new,output\paper_v1\hurricane_final_20\slots\61\attempts\final20_61_4070de11bcbf480b88acbf4063e461e3,validated,True,True,completed search,candidate_transition_checks,2006.0,9588.0,20.921985815602838,E_A*E_B-H_A*H_B,No duplicate single-graph entries; each product source popped once; excludes simultaneous waits,Finite derivation from solve_cps() and chain_graph(); see graph_bounds.md,O(n^2 m^2),,,H29
hurricane:EP032000__EP041975:a0.5|CPS-3F,61,hurricane,EP032000__EP041975,0.5,CPS-3F,27,41,new,output\paper_v1\hurricane_final_20\slots\61\attempts\final20_61_4070de11bcbf480b88acbf4063e461e3,validated,True,True,completed search,unique_configuration_edges,,1445850.0,,"N*(N-1)/2, N=H_A*H_B",Product graph not materialized; no observed unique-edge count; strict forward topological order,Finite DAG counting derivation; not a transition-check measurement,O(n^2 m^2),Counter unavailable or phase not reached; historical runs not rerun,,H29
hurricane:EP032000__EP041975:a0.5|CPS-3F,61,hurricane,EP032000__EP041975,0.5,CPS-3F,27,41,new,output\paper_v1\hurricane_final_20\slots\61\attempts\final20_61_4070de11bcbf480b88acbf4063e461e3,validated,True,True,completed search,dynamic_programming_labels,,45927.0,,n*H_A*H_B,At most n distinct A-hop counts per state; labels not instrumented,Thesis section5.1; manuscript section4.4; solve_cps values dictionaries,O(n^2 m^2),Counter unavailable or phase not reached; historical runs not rerun,,H29
hurricane:EP032000__EP041975:a0.5|CPS-2F,64,hurricane,EP032000__EP041975,0.5,CPS-2F,27,41,new,output\paper_v1\hurricane_final_20\slots\64\attempts\final20_64_4b3df03886be47cba638b38fd36fc6e7,validated,True,True,completed search,auxiliary_A,52.0,1404.0,3.7037037037037037,2 k(k-1),Interior curve-parameter intersections; CPS-3F percentage not applicable,Thesis Observation 4 p.18 and section 5.1 p.26; manuscript section 4.4 pp.15-16,O(n^3 m^3),,,H29
hurricane:EP032000__EP041975:a0.5|CPS-2F,64,hurricane,EP032000__EP041975,0.5,CPS-2F,27,41,new,output\paper_v1\hurricane_final_20\slots\64\attempts\final20_64_4b3df03886be47cba638b38fd36fc6e7,validated,True,True,completed search,single_dense_A,2133.0,38637.0,5.520614954577218,k*(k+2k(k-1)),"Dense indexing slots, not valid vertices",Thesis Observation 4 p.18 and section 5.1 p.26; manuscript section 4.4 pp.15-16,O(n^3 m^3),,,H29
hurricane:EP032000__EP041975:a0.5|CPS-2F,64,hurricane,EP032000__EP041975,0.5,CPS-2F,27,41,new,output\paper_v1\hurricane_final_20\slots\64\attempts\final20_64_4b3df03886be47cba638b38fd36fc6e7,validated,True,True,completed search,single_active_A,103.0,2133.0,4.828879512423816,k*(k+a),Anchored source/terminal included; single-graph construction complete,Thesis Observation 4 p.18 and section 5.1 p.26; manuscript section 4.4 pp.15-16,O(n^3 m^3),,,H29
hurricane:EP032000__EP041975:a0.5|CPS-2F,64,hurricane,EP032000__EP041975,0.5,CPS-2F,27,41,new,output\paper_v1\hurricane_final_20\slots\64\attempts\final20_64_4b3df03886be47cba638b38fd36fc6e7,validated,True,True,completed search,single_edges_with_waits_A,3738.0,5356.0,69.79088872292756,H*(H+1)/2,Unique forward transitions plus exactly H waits; completed graph,Finite derivation from chain_graph() enumeration and pruning,O(n^3 m^3),,,H29
hurricane:EP032000__EP041975:a0.5|CPS-2F,64,hurricane,EP032000__EP041975,0.5,CPS-2F,27,41,new,output\paper_v1\hurricane_final_20\slots\64\attempts\final20_64_4b3df03886be47cba638b38fd36fc6e7,validated,True,True,completed search,auxiliary_B,79.0,3280.0,2.408536585365854,2 k(k-1),Interior curve-parameter intersections; CPS-3F percentage not applicable,Thesis Observation 4 p.18 and section 5.1 p.26; manuscript section 4.4 pp.15-16,O(n^3 m^3),,,H29
hurricane:EP032000__EP041975:a0.5|CPS-2F,64,hurricane,EP032000__EP041975,0.5,CPS-2F,27,41,new,output\paper_v1\hurricane_final_20\slots\64\attempts\final20_64_4b3df03886be47cba638b38fd36fc6e7,validated,True,True,completed search,single_dense_B,4920.0,136161.0,3.6133694670280034,k*(k+2k(k-1)),"Dense indexing slots, not valid vertices",Thesis Observation 4 p.18 and section 5.1 p.26; manuscript section 4.4 pp.15-16,O(n^3 m^3),,,H29
hurricane:EP032000__EP041975:a0.5|CPS-2F,64,hurricane,EP032000__EP041975,0.5,CPS-2F,27,41,new,output\paper_v1\hurricane_final_20\slots\64\attempts\final20_64_4b3df03886be47cba638b38fd36fc6e7,validated,True,True,completed search,single_active_B,215.0,4920.0,4.369918699186992,k*(k+a),Anchored source/terminal included; single-graph construction complete,Thesis Observation 4 p.18 and section 5.1 p.26; manuscript section 4.4 pp.15-16,O(n^3 m^3),,,H29
hurricane:EP032000__EP041975:a0.5|CPS-2F,64,hurricane,EP032000__EP041975,0.5,CPS-2F,27,41,new,output\paper_v1\hurricane_final_20\slots\64\attempts\final20_64_4b3df03886be47cba638b38fd36fc6e7,validated,True,True,completed search,single_edges_with_waits_B,8794.0,23220.0,37.87252368647717,H*(H+1)/2,Unique forward transitions plus exactly H waits; completed graph,Finite derivation from chain_graph() enumeration and pruning,O(n^3 m^3),,,H29
hurricane:EP032000__EP041975:a0.5|CPS-2F,64,hurricane,EP032000__EP041975,0.5,CPS-2F,27,41,new,output\paper_v1\hurricane_final_20\slots\64\attempts\final20_64_4b3df03886be47cba638b38fd36fc6e7,validated,True,True,completed search,configuration_states_input_bound,6319.0,5260852557.0,0.00012011361146383103,n*m*(n+2n(n-1))*(m+2m(m-1)),All index combinations; includes source/terminal; no hidden asymptotic constant,Thesis Observation 4 p.18 and section 5.1 p.26; manuscript section 4.4 pp.15-16,O(n^3 m^3),,,H29
hurricane:EP032000__EP041975:a0.5|CPS-2F,64,hurricane,EP032000__EP041975,0.5,CPS-2F,27,41,new,output\paper_v1\hurricane_final_20\slots\64\attempts\final20_64_4b3df03886be47cba638b38fd36fc6e7,validated,True,True,completed search,configuration_states_extended_bound,6319.0,10494360.0,0.06021329552254735,n*m*(n+aA)*(m+aB),Actual extended-curve sizes; all index combinations,Thesis Observation 4 p.18 and section 5.1 p.26; manuscript section 4.4 pp.15-16,O(n^3 m^3),,,H29
hurricane:EP032000__EP041975:a0.5|CPS-2F,64,hurricane,EP032000__EP041975,0.5,CPS-2F,27,41,new,output\paper_v1\hurricane_final_20\slots\64\attempts\final20_64_4b3df03886be47cba638b38fd36fc6e7,validated,True,True,completed search,configuration_states_active_bound,6319.0,22145.0,28.534657936328742,H_A*H_B,Completed single graphs; includes coupling-invalid combinations,Thesis Observation 4 p.18 and section 5.1 p.26; manuscript section 4.4 pp.15-16,O(n^3 m^3),,,H29
hurricane:EP032000__EP041975:a0.5|CPS-2F,64,hurricane,EP032000__EP041975,0.5,CPS-2F,27,41,new,output\paper_v1\hurricane_final_20\slots\64\attempts\final20_64_4b3df03886be47cba638b38fd36fc6e7,validated,True,True,completed search,candidate_transition_checks,4551767.0,32849827.0,13.856289106180071,E_A*E_B-H_A*H_B,No duplicate single-graph entries; each product source popped once; excludes simultaneous waits,Finite derivation from solve_cps() and chain_graph(); see graph_bounds.md,O(n^3 m^3),,,H29
hurricane:EP032000__EP041975:a0.5|CPS-2F,64,hurricane,EP032000__EP041975,0.5,CPS-2F,27,41,new,output\paper_v1\hurricane_final_20\slots\64\attempts\final20_64_4b3df03886be47cba638b38fd36fc6e7,validated,True,True,completed search,unique_configuration_edges,,245189440.0,,"N*(N-1)/2, N=H_A*H_B",Product graph not materialized; no observed unique-edge count; strict forward topological order,Finite DAG counting derivation; not a transition-check measurement,O(n^3 m^3),Counter unavailable or phase not reached; historical runs not rerun,,H29
hurricane:EP032000__EP041975:a0.5|CPS-2F,64,hurricane,EP032000__EP041975,0.5,CPS-2F,27,41,new,output\paper_v1\hurricane_final_20\slots\64\attempts\final20_64_4b3df03886be47cba638b38fd36fc6e7,validated,True,True,completed search,dynamic_programming_labels,,597915.0,,n*H_A*H_B,At most n distinct A-hop counts per state; labels not instrumented,Thesis section5.1; manuscript section4.4; solve_cps values dictionaries,O(n^3 m^3),Counter unavailable or phase not reached; historical runs not rerun,,H29
hurricane:EP081993__EP121989:a0.5|CPS-2F,67,hurricane,EP081993__EP121989,0.5,CPS-2F,56,45,new,output\paper_v1\hurricane_final_20\slots\67\attempts\final20_67_b9613bc87fb644248f17fad70973d282,validated,True,True,completed search,auxiliary_A,110.0,6160.0,1.7857142857142858,2 k(k-1),Interior curve-parameter intersections; CPS-3F percentage not applicable,Thesis Observation 4 p.18 and section 5.1 p.26; manuscript section 4.4 pp.15-16,O(n^3 m^3),,,H30
hurricane:EP081993__EP121989:a0.5|CPS-2F,67,hurricane,EP081993__EP121989,0.5,CPS-2F,56,45,new,output\paper_v1\hurricane_final_20\slots\67\attempts\final20_67_b9613bc87fb644248f17fad70973d282,validated,True,True,completed search,single_dense_A,9296.0,348096.0,2.6705276705276706,k*(k+2k(k-1)),"Dense indexing slots, not valid vertices",Thesis Observation 4 p.18 and section 5.1 p.26; manuscript section 4.4 pp.15-16,O(n^3 m^3),,,H30
hurricane:EP081993__EP121989:a0.5|CPS-2F,67,hurricane,EP081993__EP121989,0.5,CPS-2F,56,45,new,output\paper_v1\hurricane_final_20\slots\67\attempts\final20_67_b9613bc87fb644248f17fad70973d282,validated,True,True,completed search,single_active_A,230.0,9296.0,2.474182444061962,k*(k+a),Anchored source/terminal included; single-graph construction complete,Thesis Observation 4 p.18 and section 5.1 p.26; manuscript section 4.4 pp.15-16,O(n^3 m^3),,,H30
hurricane:EP081993__EP121989:a0.5|CPS-2F,67,hurricane,EP081993__EP121989,0.5,CPS-2F,56,45,new,output\paper_v1\hurricane_final_20\slots\67\attempts\final20_67_b9613bc87fb644248f17fad70973d282,validated,True,True,completed search,single_edges_with_waits_A,7573.0,26565.0,28.507434594391118,H*(H+1)/2,Unique forward transitions plus exactly H waits; completed graph,Finite derivation from chain_graph() enumeration and pruning,O(n^3 m^3),,,H30
hurricane:EP081993__EP121989:a0.5|CPS-2F,67,hurricane,EP081993__EP121989,0.5,CPS-2F,56,45,new,output\paper_v1\hurricane_final_20\slots\67\attempts\final20_67_b9613bc87fb644248f17fad70973d282,validated,True,True,completed search,auxiliary_B,87.0,3960.0,2.196969696969697,2 k(k-1),Interior curve-parameter intersections; CPS-3F percentage not applicable,Thesis Observation 4 p.18 and section 5.1 p.26; manuscript section 4.4 pp.15-16,O(n^3 m^3),,,H30
hurricane:EP081993__EP121989:a0.5|CPS-2F,67,hurricane,EP081993__EP121989,0.5,CPS-2F,56,45,new,output\paper_v1\hurricane_final_20\slots\67\attempts\final20_67_b9613bc87fb644248f17fad70973d282,validated,True,True,completed search,single_dense_B,5940.0,180225.0,3.295880149812734,k*(k+2k(k-1)),"Dense indexing slots, not valid vertices",Thesis Observation 4 p.18 and section 5.1 p.26; manuscript section 4.4 pp.15-16,O(n^3 m^3),,,H30
hurricane:EP081993__EP121989:a0.5|CPS-2F,67,hurricane,EP081993__EP121989,0.5,CPS-2F,56,45,new,output\paper_v1\hurricane_final_20\slots\67\attempts\final20_67_b9613bc87fb644248f17fad70973d282,validated,True,True,completed search,single_active_B,167.0,5940.0,2.8114478114478114,k*(k+a),Anchored source/terminal included; single-graph construction complete,Thesis Observation 4 p.18 and section 5.1 p.26; manuscript section 4.4 pp.15-16,O(n^3 m^3),,,H30
hurricane:EP081993__EP121989:a0.5|CPS-2F,67,hurricane,EP081993__EP121989,0.5,CPS-2F,56,45,new,output\paper_v1\hurricane_final_20\slots\67\attempts\final20_67_b9613bc87fb644248f17fad70973d282,validated,True,True,completed search,single_edges_with_waits_B,6071.0,14028.0,43.27773025377816,H*(H+1)/2,Unique forward transitions plus exactly H waits; completed graph,Finite derivation from chain_graph() enumeration and pruning,O(n^3 m^3),,,H30
hurricane:EP081993__EP121989:a0.5|CPS-2F,67,hurricane,EP081993__EP121989,0.5,CPS-2F,56,45,new,output\paper_v1\hurricane_final_20\slots\67\attempts\final20_67_b9613bc87fb644248f17fad70973d282,validated,True,True,completed search,configuration_states_input_bound,5661.0,62735601600.0,9.023584464996986e-06,n*m*(n+2n(n-1))*(m+2m(m-1)),All index combinations; includes source/terminal; no hidden asymptotic constant,Thesis Observation 4 p.18 and section 5.1 p.26; manuscript section 4.4 pp.15-16,O(n^3 m^3),,,H30
hurricane:EP081993__EP121989:a0.5|CPS-2F,67,hurricane,EP081993__EP121989,0.5,CPS-2F,56,45,new,output\paper_v1\hurricane_final_20\slots\67\attempts\final20_67_b9613bc87fb644248f17fad70973d282,validated,True,True,completed search,configuration_states_extended_bound,5661.0,55218240.0,0.010252047149637511,n*m*(n+aA)*(m+aB),Actual extended-curve sizes; all index combinations,Thesis Observation 4 p.18 and section 5.1 p.26; manuscript section 4.4 pp.15-16,O(n^3 m^3),,,H30
hurricane:EP081993__EP121989:a0.5|CPS-2F,67,hurricane,EP081993__EP121989,0.5,CPS-2F,56,45,new,output\paper_v1\hurricane_final_20\slots\67\attempts\final20_67_b9613bc87fb644248f17fad70973d282,validated,True,True,completed search,configuration_states_active_bound,5661.0,38410.0,14.738349388180161,H_A*H_B,Completed single graphs; includes coupling-invalid combinations,Thesis Observation 4 p.18 and section 5.1 p.26; manuscript section 4.4 pp.15-16,O(n^3 m^3),,,H30
hurricane:EP081993__EP121989:a0.5|CPS-2F,67,hurricane,EP081993__EP121989,0.5,CPS-2F,56,45,new,output\paper_v1\hurricane_final_20\slots\67\attempts\final20_67_b9613bc87fb644248f17fad70973d282,validated,True,True,completed search,candidate_transition_checks,3278530.0,45937273.0,7.13697132174128,E_A*E_B-H_A*H_B,No duplicate single-graph entries; each product source popped once; excludes simultaneous waits,Finite derivation from solve_cps() and chain_graph(); see graph_bounds.md,O(n^3 m^3),,,H30
hurricane:EP081993__EP121989:a0.5|CPS-2F,67,hurricane,EP081993__EP121989,0.5,CPS-2F,56,45,new,output\paper_v1\hurricane_final_20\slots\67\attempts\final20_67_b9613bc87fb644248f17fad70973d282,validated,True,True,completed search,unique_configuration_edges,,737644845.0,,"N*(N-1)/2, N=H_A*H_B",Product graph not materialized; no observed unique-edge count; strict forward topological order,Finite DAG counting derivation; not a transition-check measurement,O(n^3 m^3),Counter unavailable or phase not reached; historical runs not rerun,,H30
hurricane:EP081993__EP121989:a0.5|CPS-2F,67,hurricane,EP081993__EP121989,0.5,CPS-2F,56,45,new,output\paper_v1\hurricane_final_20\slots\67\attempts\final20_67_b9613bc87fb644248f17fad70973d282,validated,True,True,completed search,dynamic_programming_labels,,2150960.0,,n*H_A*H_B,At most n distinct A-hop counts per state; labels not instrumented,Thesis section5.1; manuscript section4.4; solve_cps values dictionaries,O(n^3 m^3),Counter unavailable or phase not reached; historical runs not rerun,,H30
hurricane:EP081993__EP121989:a0.5|CPS-3F,68,hurricane,EP081993__EP121989,0.5,CPS-3F,56,45,new,output\paper_v1\hurricane_final_20\slots\68\attempts\final20_68_2303304f7720454ab54fd261efac9fa1,validated,True,True,completed search,auxiliary_A,0.0,0.0,,0 (no auxiliary locations),Interior curve-parameter intersections; CPS-3F percentage not applicable,Thesis Observation 4 p.18 and section 5.1 p.26; manuscript section 4.4 pp.15-16,O(n^2 m^2),,Zero/non-applicable bound,H30
hurricane:EP081993__EP121989:a0.5|CPS-3F,68,hurricane,EP081993__EP121989,0.5,CPS-3F,56,45,new,output\paper_v1\hurricane_final_20\slots\68\attempts\final20_68_2303304f7720454ab54fd261efac9fa1,validated,True,True,completed search,single_dense_A,3136.0,3136.0,100.0,k^2,"Dense indexing slots, not valid vertices",Thesis Observation 4 p.18 and section 5.1 p.26; manuscript section 4.4 pp.15-16,O(n^2 m^2),,,H30
hurricane:EP081993__EP121989:a0.5|CPS-3F,68,hurricane,EP081993__EP121989,0.5,CPS-3F,56,45,new,output\paper_v1\hurricane_final_20\slots\68\attempts\final20_68_2303304f7720454ab54fd261efac9fa1,validated,True,True,completed search,single_active_A,62.0,3136.0,1.9770408163265305,k*(k+a),Anchored source/terminal included; single-graph construction complete,Thesis Observation 4 p.18 and section 5.1 p.26; manuscript section 4.4 pp.15-16,O(n^2 m^2),,,H30
hurricane:EP081993__EP121989:a0.5|CPS-3F,68,hurricane,EP081993__EP121989,0.5,CPS-3F,56,45,new,output\paper_v1\hurricane_final_20\slots\68\attempts\final20_68_2303304f7720454ab54fd261efac9fa1,validated,True,True,completed search,single_edges_with_waits_A,142.0,1953.0,7.2708653353814645,H*(H+1)/2,Unique forward transitions plus exactly H waits; completed graph,Finite derivation from chain_graph() enumeration and pruning,O(n^2 m^2),,,H30
hurricane:EP081993__EP121989:a0.5|CPS-3F,68,hurricane,EP081993__EP121989,0.5,CPS-3F,56,45,new,output\paper_v1\hurricane_final_20\slots\68\attempts\final20_68_2303304f7720454ab54fd261efac9fa1,validated,True,True,completed search,auxiliary_B,0.0,0.0,,0 (no auxiliary locations),Interior curve-parameter intersections; CPS-3F percentage not applicable,Thesis Observation 4 p.18 and section 5.1 p.26; manuscript section 4.4 pp.15-16,O(n^2 m^2),,Zero/non-applicable bound,H30
hurricane:EP081993__EP121989:a0.5|CPS-3F,68,hurricane,EP081993__EP121989,0.5,CPS-3F,56,45,new,output\paper_v1\hurricane_final_20\slots\68\attempts\final20_68_2303304f7720454ab54fd261efac9fa1,validated,True,True,completed search,single_dense_B,2025.0,2025.0,100.0,k^2,"Dense indexing slots, not valid vertices",Thesis Observation 4 p.18 and section 5.1 p.26; manuscript section 4.4 pp.15-16,O(n^2 m^2),,,H30
hurricane:EP081993__EP121989:a0.5|CPS-3F,68,hurricane,EP081993__EP121989,0.5,CPS-3F,56,45,new,output\paper_v1\hurricane_final_20\slots\68\attempts\final20_68_2303304f7720454ab54fd261efac9fa1,validated,True,True,completed search,single_active_B,47.0,2025.0,2.3209876543209877,k*(k+a),Anchored source/terminal included; single-graph construction complete,Thesis Observation 4 p.18 and section 5.1 p.26; manuscript section 4.4 pp.15-16,O(n^2 m^2),,,H30
hurricane:EP081993__EP121989:a0.5|CPS-3F,68,hurricane,EP081993__EP121989,0.5,CPS-3F,56,45,new,output\paper_v1\hurricane_final_20\slots\68\attempts\final20_68_2303304f7720454ab54fd261efac9fa1,validated,True,True,completed search,single_edges_with_waits_B,96.0,1128.0,8.51063829787234,H*(H+1)/2,Unique forward transitions plus exactly H waits; completed graph,Finite derivation from chain_graph() enumeration and pruning,O(n^2 m^2),,,H30
hurricane:EP081993__EP121989:a0.5|CPS-3F,68,hurricane,EP081993__EP121989,0.5,CPS-3F,56,45,new,output\paper_v1\hurricane_final_20\slots\68\attempts\final20_68_2303304f7720454ab54fd261efac9fa1,validated,True,True,completed search,configuration_states_input_bound,469.0,6350400.0,0.007385361552028218,n^2*m^2,All index combinations; includes source/terminal; no hidden asymptotic constant,Thesis Observation 4 p.18 and section 5.1 p.26; manuscript section 4.4 pp.15-16,O(n^2 m^2),,,H30
hurricane:EP081993__EP121989:a0.5|CPS-3F,68,hurricane,EP081993__EP121989,0.5,CPS-3F,56,45,new,output\paper_v1\hurricane_final_20\slots\68\attempts\final20_68_2303304f7720454ab54fd261efac9fa1,validated,True,True,completed search,configuration_states_active_bound,469.0,2914.0,16.09471516815374,H_A*H_B,Completed single graphs; includes coupling-invalid combinations,Thesis Observation 4 p.18 and section 5.1 p.26; manuscript section 4.4 pp.15-16,O(n^2 m^2),,,H30
hurricane:EP081993__EP121989:a0.5|CPS-3F,68,hurricane,EP081993__EP121989,0.5,CPS-3F,56,45,new,output\paper_v1\hurricane_final_20\slots\68\attempts\final20_68_2303304f7720454ab54fd261efac9fa1,validated,True,True,completed search,candidate_transition_checks,1556.0,10718.0,14.517633886919201,E_A*E_B-H_A*H_B,No duplicate single-graph entries; each product source popped once; excludes simultaneous waits,Finite derivation from solve_cps() and chain_graph(); see graph_bounds.md,O(n^2 m^2),,,H30
hurricane:EP081993__EP121989:a0.5|CPS-3F,68,hurricane,EP081993__EP121989,0.5,CPS-3F,56,45,new,output\paper_v1\hurricane_final_20\slots\68\attempts\final20_68_2303304f7720454ab54fd261efac9fa1,validated,True,True,completed search,unique_configuration_edges,,4244241.0,,"N*(N-1)/2, N=H_A*H_B",Product graph not materialized; no observed unique-edge count; strict forward topological order,Finite DAG counting derivation; not a transition-check measurement,O(n^2 m^2),Counter unavailable or phase not reached; historical runs not rerun,,H30
hurricane:EP081993__EP121989:a0.5|CPS-3F,68,hurricane,EP081993__EP121989,0.5,CPS-3F,56,45,new,output\paper_v1\hurricane_final_20\slots\68\attempts\final20_68_2303304f7720454ab54fd261efac9fa1,validated,True,True,completed search,dynamic_programming_labels,,163184.0,,n*H_A*H_B,At most n distinct A-hop counts per state; labels not instrumented,Thesis section5.1; manuscript section4.4; solve_cps values dictionaries,O(n^2 m^2),Counter unavailable or phase not reached; historical runs not rerun,,H30
hurricane:EP032006__EP201992:a0.5|CPS-2F,70,hurricane,EP032006__EP201992,0.5,CPS-2F,27,69,new,output\paper_v1\hurricane_final_20\slots\70\attempts\final20_70_20db140a05394c369c27539bd6baa588,validated,True,True,completed search,auxiliary_A,52.0,1404.0,3.7037037037037037,2 k(k-1),Interior curve-parameter intersections; CPS-3F percentage not applicable,Thesis Observation 4 p.18 and section 5.1 p.26; manuscript section 4.4 pp.15-16,O(n^3 m^3),,,H31
hurricane:EP032006__EP201992:a0.5|CPS-2F,70,hurricane,EP032006__EP201992,0.5,CPS-2F,27,69,new,output\paper_v1\hurricane_final_20\slots\70\attempts\final20_70_20db140a05394c369c27539bd6baa588,validated,True,True,completed search,single_dense_A,2133.0,38637.0,5.520614954577218,k*(k+2k(k-1)),"Dense indexing slots, not valid vertices",Thesis Observation 4 p.18 and section 5.1 p.26; manuscript section 4.4 pp.15-16,O(n^3 m^3),,,H31
hurricane:EP032006__EP201992:a0.5|CPS-2F,70,hurricane,EP032006__EP201992,0.5,CPS-2F,27,69,new,output\paper_v1\hurricane_final_20\slots\70\attempts\final20_70_20db140a05394c369c27539bd6baa588,validated,True,True,completed search,single_active_A,101.0,2133.0,4.735114861697141,k*(k+a),Anchored source/terminal included; single-graph construction complete,Thesis Observation 4 p.18 and section 5.1 p.26; manuscript section 4.4 pp.15-16,O(n^3 m^3),,,H31
hurricane:EP032006__EP201992:a0.5|CPS-2F,70,hurricane,EP032006__EP201992,0.5,CPS-2F,27,69,new,output\paper_v1\hurricane_final_20\slots\70\attempts\final20_70_20db140a05394c369c27539bd6baa588,validated,True,True,completed search,single_edges_with_waits_A,4807.0,5151.0,93.32168510968744,H*(H+1)/2,Unique forward transitions plus exactly H waits; completed graph,Finite derivation from chain_graph() enumeration and pruning,O(n^3 m^3),,,H31
hurricane:EP032006__EP201992:a0.5|CPS-2F,70,hurricane,EP032006__EP201992,0.5,CPS-2F,27,69,new,output\paper_v1\hurricane_final_20\slots\70\attempts\final20_70_20db140a05394c369c27539bd6baa588,validated,True,True,completed search,auxiliary_B,140.0,9384.0,1.4919011082693947,2 k(k-1),Interior curve-parameter intersections; CPS-3F percentage not applicable,Thesis Observation 4 p.18 and section 5.1 p.26; manuscript section 4.4 pp.15-16,O(n^3 m^3),,,H31
hurricane:EP032006__EP201992:a0.5|CPS-2F,70,hurricane,EP032006__EP201992,0.5,CPS-2F,27,69,new,output\paper_v1\hurricane_final_20\slots\70\attempts\final20_70_20db140a05394c369c27539bd6baa588,validated,True,True,completed search,single_dense_B,14421.0,652257.0,2.2109383264572093,k*(k+2k(k-1)),"Dense indexing slots, not valid vertices",Thesis Observation 4 p.18 and section 5.1 p.26; manuscript section 4.4 pp.15-16,O(n^3 m^3),,,H31
hurricane:EP032006__EP201992:a0.5|CPS-2F,70,hurricane,EP032006__EP201992,0.5,CPS-2F,27,69,new,output\paper_v1\hurricane_final_20\slots\70\attempts\final20_70_20db140a05394c369c27539bd6baa588,validated,True,True,completed search,single_active_B,360.0,14421.0,2.49635947576451,k*(k+a),Anchored source/terminal included; single-graph construction complete,Thesis Observation 4 p.18 and section 5.1 p.26; manuscript section 4.4 pp.15-16,O(n^3 m^3),,,H31
hurricane:EP032006__EP201992:a0.5|CPS-2F,70,hurricane,EP032006__EP201992,0.5,CPS-2F,27,69,new,output\paper_v1\hurricane_final_20\slots\70\attempts\final20_70_20db140a05394c369c27539bd6baa588,validated,True,True,completed search,single_edges_with_waits_B,15710.0,64980.0,24.17666974453678,H*(H+1)/2,Unique forward transitions plus exactly H waits; completed graph,Finite derivation from chain_graph() enumeration and pruning,O(n^3 m^3),,,H31
hurricane:EP032006__EP201992:a0.5|CPS-2F,70,hurricane,EP032006__EP201992,0.5,CPS-2F,27,69,new,output\paper_v1\hurricane_final_20\slots\70\attempts\final20_70_20db140a05394c369c27539bd6baa588,validated,True,True,completed search,configuration_states_input_bound,10730.0,25201253709.0,4.2577246846128325e-05,n*m*(n+2n(n-1))*(m+2m(m-1)),All index combinations; includes source/terminal; no hidden asymptotic constant,Thesis Observation 4 p.18 and section 5.1 p.26; manuscript section 4.4 pp.15-16,O(n^3 m^3),,,H31
hurricane:EP032006__EP201992:a0.5|CPS-2F,70,hurricane,EP032006__EP201992,0.5,CPS-2F,27,69,new,output\paper_v1\hurricane_final_20\slots\70\attempts\final20_70_20db140a05394c369c27539bd6baa588,validated,True,True,completed search,configuration_states_extended_bound,10730.0,30759993.0,0.03488297282772464,n*m*(n+aA)*(m+aB),Actual extended-curve sizes; all index combinations,Thesis Observation 4 p.18 and section 5.1 p.26; manuscript section 4.4 pp.15-16,O(n^3 m^3),,,H31
hurricane:EP032006__EP201992:a0.5|CPS-2F,70,hurricane,EP032006__EP201992,0.5,CPS-2F,27,69,new,output\paper_v1\hurricane_final_20\slots\70\attempts\final20_70_20db140a05394c369c27539bd6baa588,validated,True,True,completed search,configuration_states_active_bound,10730.0,36360.0,29.51045104510451,H_A*H_B,Completed single graphs; includes coupling-invalid combinations,Thesis Observation 4 p.18 and section 5.1 p.26; manuscript section 4.4 pp.15-16,O(n^3 m^3),,,H31
hurricane:EP032006__EP201992:a0.5|CPS-2F,70,hurricane,EP032006__EP201992,0.5,CPS-2F,27,69,new,output\paper_v1\hurricane_final_20\slots\70\attempts\final20_70_20db140a05394c369c27539bd6baa588,validated,True,True,completed search,candidate_transition_checks,13139250.0,75481610.0,17.40722011626408,E_A*E_B-H_A*H_B,No duplicate single-graph entries; each product source popped once; excludes simultaneous waits,Finite derivation from solve_cps() and chain_graph(); see graph_bounds.md,O(n^3 m^3),,,H31
hurricane:EP032006__EP201992:a0.5|CPS-2F,70,hurricane,EP032006__EP201992,0.5,CPS-2F,27,69,new,output\paper_v1\hurricane_final_20\slots\70\attempts\final20_70_20db140a05394c369c27539bd6baa588,validated,True,True,completed search,unique_configuration_edges,,661006620.0,,"N*(N-1)/2, N=H_A*H_B",Product graph not materialized; no observed unique-edge count; strict forward topological order,Finite DAG counting derivation; not a transition-check measurement,O(n^3 m^3),Counter unavailable or phase not reached; historical runs not rerun,,H31
hurricane:EP032006__EP201992:a0.5|CPS-2F,70,hurricane,EP032006__EP201992,0.5,CPS-2F,27,69,new,output\paper_v1\hurricane_final_20\slots\70\attempts\final20_70_20db140a05394c369c27539bd6baa588,validated,True,True,completed search,dynamic_programming_labels,,981720.0,,n*H_A*H_B,At most n distinct A-hop counts per state; labels not instrumented,Thesis section5.1; manuscript section4.4; solve_cps values dictionaries,O(n^3 m^3),Counter unavailable or phase not reached; historical runs not rerun,,H31
hurricane:EP032006__EP201992:a0.5|CPS-3F,71,hurricane,EP032006__EP201992,0.5,CPS-3F,27,69,new,output\paper_v1\hurricane_final_20\slots\71\attempts\final20_71_4d535e933a604b2e9ccbe57363192e3c,validated,True,True,completed search,auxiliary_A,0.0,0.0,,0 (no auxiliary locations),Interior curve-parameter intersections; CPS-3F percentage not applicable,Thesis Observation 4 p.18 and section 5.1 p.26; manuscript section 4.4 pp.15-16,O(n^2 m^2),,Zero/non-applicable bound,H31
hurricane:EP032006__EP201992:a0.5|CPS-3F,71,hurricane,EP032006__EP201992,0.5,CPS-3F,27,69,new,output\paper_v1\hurricane_final_20\slots\71\attempts\final20_71_4d535e933a604b2e9ccbe57363192e3c,validated,True,True,completed search,single_dense_A,729.0,729.0,100.0,k^2,"Dense indexing slots, not valid vertices",Thesis Observation 4 p.18 and section 5.1 p.26; manuscript section 4.4 pp.15-16,O(n^2 m^2),,,H31
hurricane:EP032006__EP201992:a0.5|CPS-3F,71,hurricane,EP032006__EP201992,0.5,CPS-3F,27,69,new,output\paper_v1\hurricane_final_20\slots\71\attempts\final20_71_4d535e933a604b2e9ccbe57363192e3c,validated,True,True,completed search,single_active_A,27.0,729.0,3.7037037037037037,k*(k+a),Anchored source/terminal included; single-graph construction complete,Thesis Observation 4 p.18 and section 5.1 p.26; manuscript section 4.4 pp.15-16,O(n^2 m^2),,,H31
hurricane:EP032006__EP201992:a0.5|CPS-3F,71,hurricane,EP032006__EP201992,0.5,CPS-3F,27,69,new,output\paper_v1\hurricane_final_20\slots\71\attempts\final20_71_4d535e933a604b2e9ccbe57363192e3c,validated,True,True,completed search,single_edges_with_waits_A,53.0,378.0,14.02116402116402,H*(H+1)/2,Unique forward transitions plus exactly H waits; completed graph,Finite derivation from chain_graph() enumeration and pruning,O(n^2 m^2),,,H31
hurricane:EP032006__EP201992:a0.5|CPS-3F,71,hurricane,EP032006__EP201992,0.5,CPS-3F,27,69,new,output\paper_v1\hurricane_final_20\slots\71\attempts\final20_71_4d535e933a604b2e9ccbe57363192e3c,validated,True,True,completed search,auxiliary_B,0.0,0.0,,0 (no auxiliary locations),Interior curve-parameter intersections; CPS-3F percentage not applicable,Thesis Observation 4 p.18 and section 5.1 p.26; manuscript section 4.4 pp.15-16,O(n^2 m^2),,Zero/non-applicable bound,H31
hurricane:EP032006__EP201992:a0.5|CPS-3F,71,hurricane,EP032006__EP201992,0.5,CPS-3F,27,69,new,output\paper_v1\hurricane_final_20\slots\71\attempts\final20_71_4d535e933a604b2e9ccbe57363192e3c,validated,True,True,completed search,single_dense_B,4761.0,4761.0,100.0,k^2,"Dense indexing slots, not valid vertices",Thesis Observation 4 p.18 and section 5.1 p.26; manuscript section 4.4 pp.15-16,O(n^2 m^2),,,H31
hurricane:EP032006__EP201992:a0.5|CPS-3F,71,hurricane,EP032006__EP201992,0.5,CPS-3F,27,69,new,output\paper_v1\hurricane_final_20\slots\71\attempts\final20_71_4d535e933a604b2e9ccbe57363192e3c,validated,True,True,completed search,single_active_B,101.0,4761.0,2.121403066582651,k*(k+a),Anchored source/terminal included; single-graph construction complete,Thesis Observation 4 p.18 and section 5.1 p.26; manuscript section 4.4 pp.15-16,O(n^2 m^2),,,H31
hurricane:EP032006__EP201992:a0.5|CPS-3F,71,hurricane,EP032006__EP201992,0.5,CPS-3F,27,69,new,output\paper_v1\hurricane_final_20\slots\71\attempts\final20_71_4d535e933a604b2e9ccbe57363192e3c,validated,True,True,completed search,single_edges_with_waits_B,300.0,5151.0,5.824111822947001,H*(H+1)/2,Unique forward transitions plus exactly H waits; completed graph,Finite derivation from chain_graph() enumeration and pruning,O(n^2 m^2),,,H31
hurricane:EP032006__EP201992:a0.5|CPS-3F,71,hurricane,EP032006__EP201992,0.5,CPS-3F,27,69,new,output\paper_v1\hurricane_final_20\slots\71\attempts\final20_71_4d535e933a604b2e9ccbe57363192e3c,validated,True,True,completed search,configuration_states_input_bound,827.0,3470769.0,0.023827572506265902,n^2*m^2,All index combinations; includes source/terminal; no hidden asymptotic constant,Thesis Observation 4 p.18 and section 5.1 p.26; manuscript section 4.4 pp.15-16,O(n^2 m^2),,,H31
hurricane:EP032006__EP201992:a0.5|CPS-3F,71,hurricane,EP032006__EP201992,0.5,CPS-3F,27,69,new,output\paper_v1\hurricane_final_20\slots\71\attempts\final20_71_4d535e933a604b2e9ccbe57363192e3c,validated,True,True,completed search,configuration_states_active_bound,827.0,2727.0,30.326365969930325,H_A*H_B,Completed single graphs; includes coupling-invalid combinations,Thesis Observation 4 p.18 and section 5.1 p.26; manuscript section 4.4 pp.15-16,O(n^2 m^2),,,H31
hurricane:EP032006__EP201992:a0.5|CPS-3F,71,hurricane,EP032006__EP201992,0.5,CPS-3F,27,69,new,output\paper_v1\hurricane_final_20\slots\71\attempts\final20_71_4d535e933a604b2e9ccbe57363192e3c,validated,True,True,completed search,candidate_transition_checks,3845.0,13173.0,29.18849161162985,E_A*E_B-H_A*H_B,No duplicate single-graph entries; each product source popped once; excludes simultaneous waits,Finite derivation from solve_cps() and chain_graph(); see graph_bounds.md,O(n^2 m^2),,,H31
hurricane:EP032006__EP201992:a0.5|CPS-3F,71,hurricane,EP032006__EP201992,0.5,CPS-3F,27,69,new,output\paper_v1\hurricane_final_20\slots\71\attempts\final20_71_4d535e933a604b2e9ccbe57363192e3c,validated,True,True,completed search,unique_configuration_edges,,3716901.0,,"N*(N-1)/2, N=H_A*H_B",Product graph not materialized; no observed unique-edge count; strict forward topological order,Finite DAG counting derivation; not a transition-check measurement,O(n^2 m^2),Counter unavailable or phase not reached; historical runs not rerun,,H31
hurricane:EP032006__EP201992:a0.5|CPS-3F,71,hurricane,EP032006__EP201992,0.5,CPS-3F,27,69,new,output\paper_v1\hurricane_final_20\slots\71\attempts\final20_71_4d535e933a604b2e9ccbe57363192e3c,validated,True,True,completed search,dynamic_programming_labels,,73629.0,,n*H_A*H_B,At most n distinct A-hop counts per state; labels not instrumented,Thesis section5.1; manuscript section4.4; solve_cps values dictionaries,O(n^2 m^2),Counter unavailable or phase not reached; historical runs not rerun,,H31
hurricane:AL022011__AL071977:a0.5|CPS-2F,73,hurricane,AL022011__AL071977,0.5,CPS-2F,29,27,new,output\paper_v1\hurricane_final_20\slots\73\attempts\final20_73_b1dda7d0a6b44fad905cf9786dcf9244,validated,True,True,completed search,auxiliary_A,56.0,1624.0,3.4482758620689653,2 k(k-1),Interior curve-parameter intersections; CPS-3F percentage not applicable,Thesis Observation 4 p.18 and section 5.1 p.26; manuscript section 4.4 pp.15-16,O(n^3 m^3),,,H32
hurricane:AL022011__AL071977:a0.5|CPS-2F,73,hurricane,AL022011__AL071977,0.5,CPS-2F,29,27,new,output\paper_v1\hurricane_final_20\slots\73\attempts\final20_73_b1dda7d0a6b44fad905cf9786dcf9244,validated,True,True,completed search,single_dense_A,2465.0,47937.0,5.142165759225651,k*(k+2k(k-1)),"Dense indexing slots, not valid vertices",Thesis Observation 4 p.18 and section 5.1 p.26; manuscript section 4.4 pp.15-16,O(n^3 m^3),,,H32
hurricane:AL022011__AL071977:a0.5|CPS-2F,73,hurricane,AL022011__AL071977,0.5,CPS-2F,29,27,new,output\paper_v1\hurricane_final_20\slots\73\attempts\final20_73_b1dda7d0a6b44fad905cf9786dcf9244,validated,True,True,completed search,single_active_A,137.0,2465.0,5.557809330628803,k*(k+a),Anchored source/terminal included; single-graph construction complete,Thesis Observation 4 p.18 and section 5.1 p.26; manuscript section 4.4 pp.15-16,O(n^3 m^3),,,H32
hurricane:AL022011__AL071977:a0.5|CPS-2F,73,hurricane,AL022011__AL071977,0.5,CPS-2F,29,27,new,output\paper_v1\hurricane_final_20\slots\73\attempts\final20_73_b1dda7d0a6b44fad905cf9786dcf9244,validated,True,True,completed search,single_edges_with_waits_A,5028.0,9453.0,53.189463662329416,H*(H+1)/2,Unique forward transitions plus exactly H waits; completed graph,Finite derivation from chain_graph() enumeration and pruning,O(n^3 m^3),,,H32
hurricane:AL022011__AL071977:a0.5|CPS-2F,73,hurricane,AL022011__AL071977,0.5,CPS-2F,29,27,new,output\paper_v1\hurricane_final_20\slots\73\attempts\final20_73_b1dda7d0a6b44fad905cf9786dcf9244,validated,True,True,completed search,auxiliary_B,56.0,1404.0,3.988603988603989,2 k(k-1),Interior curve-parameter intersections; CPS-3F percentage not applicable,Thesis Observation 4 p.18 and section 5.1 p.26; manuscript section 4.4 pp.15-16,O(n^3 m^3),,,H32
hurricane:AL022011__AL071977:a0.5|CPS-2F,73,hurricane,AL022011__AL071977,0.5,CPS-2F,29,27,new,output\paper_v1\hurricane_final_20\slots\73\attempts\final20_73_b1dda7d0a6b44fad905cf9786dcf9244,validated,True,True,completed search,single_dense_B,2241.0,38637.0,5.800139762403913,k*(k+2k(k-1)),"Dense indexing slots, not valid vertices",Thesis Observation 4 p.18 and section 5.1 p.26; manuscript section 4.4 pp.15-16,O(n^3 m^3),,,H32
hurricane:AL022011__AL071977:a0.5|CPS-2F,73,hurricane,AL022011__AL071977,0.5,CPS-2F,29,27,new,output\paper_v1\hurricane_final_20\slots\73\attempts\final20_73_b1dda7d0a6b44fad905cf9786dcf9244,validated,True,True,completed search,single_active_B,128.0,2241.0,5.71173583221776,k*(k+a),Anchored source/terminal included; single-graph construction complete,Thesis Observation 4 p.18 and section 5.1 p.26; manuscript section 4.4 pp.15-16,O(n^3 m^3),,,H32
hurricane:AL022011__AL071977:a0.5|CPS-2F,73,hurricane,AL022011__AL071977,0.5,CPS-2F,29,27,new,output\paper_v1\hurricane_final_20\slots\73\attempts\final20_73_b1dda7d0a6b44fad905cf9786dcf9244,validated,True,True,completed search,single_edges_with_waits_B,3445.0,8256.0,41.72722868217054,H*(H+1)/2,Unique forward transitions plus exactly H waits; completed graph,Finite derivation from chain_graph() enumeration and pruning,O(n^3 m^3),,,H32
hurricane:AL022011__AL071977:a0.5|CPS-2F,73,hurricane,AL022011__AL071977,0.5,CPS-2F,29,27,new,output\paper_v1\hurricane_final_20\slots\73\attempts\final20_73_b1dda7d0a6b44fad905cf9786dcf9244,validated,True,True,completed search,configuration_states_input_bound,5112.0,1852141869.0,0.0002760047750964157,n*m*(n+2n(n-1))*(m+2m(m-1)),All index combinations; includes source/terminal; no hidden asymptotic constant,Thesis Observation 4 p.18 and section 5.1 p.26; manuscript section 4.4 pp.15-16,O(n^3 m^3),,,H32
hurricane:AL022011__AL071977:a0.5|CPS-2F,73,hurricane,AL022011__AL071977,0.5,CPS-2F,29,27,new,output\paper_v1\hurricane_final_20\slots\73\attempts\final20_73_b1dda7d0a6b44fad905cf9786dcf9244,validated,True,True,completed search,configuration_states_extended_bound,5112.0,5524065.0,0.09254054758588105,n*m*(n+aA)*(m+aB),Actual extended-curve sizes; all index combinations,Thesis Observation 4 p.18 and section 5.1 p.26; manuscript section 4.4 pp.15-16,O(n^3 m^3),,,H32
hurricane:AL022011__AL071977:a0.5|CPS-2F,73,hurricane,AL022011__AL071977,0.5,CPS-2F,29,27,new,output\paper_v1\hurricane_final_20\slots\73\attempts\final20_73_b1dda7d0a6b44fad905cf9786dcf9244,validated,True,True,completed search,configuration_states_active_bound,5112.0,17536.0,29.151459854014597,H_A*H_B,Completed single graphs; includes coupling-invalid combinations,Thesis Observation 4 p.18 and section 5.1 p.26; manuscript section 4.4 pp.15-16,O(n^3 m^3),,,H32
hurricane:AL022011__AL071977:a0.5|CPS-2F,73,hurricane,AL022011__AL071977,0.5,CPS-2F,29,27,new,output\paper_v1\hurricane_final_20\slots\73\attempts\final20_73_b1dda7d0a6b44fad905cf9786dcf9244,validated,True,True,completed search,candidate_transition_checks,3389373.0,17303924.0,19.58730863589091,E_A*E_B-H_A*H_B,No duplicate single-graph entries; each product source popped once; excludes simultaneous waits,Finite derivation from solve_cps() and chain_graph(); see graph_bounds.md,O(n^3 m^3),,,H32
hurricane:AL022011__AL071977:a0.5|CPS-2F,73,hurricane,AL022011__AL071977,0.5,CPS-2F,29,27,new,output\paper_v1\hurricane_final_20\slots\73\attempts\final20_73_b1dda7d0a6b44fad905cf9786dcf9244,validated,True,True,completed search,unique_configuration_edges,,153746880.0,,"N*(N-1)/2, N=H_A*H_B",Product graph not materialized; no observed unique-edge count; strict forward topological order,Finite DAG counting derivation; not a transition-check measurement,O(n^3 m^3),Counter unavailable or phase not reached; historical runs not rerun,,H32
hurricane:AL022011__AL071977:a0.5|CPS-2F,73,hurricane,AL022011__AL071977,0.5,CPS-2F,29,27,new,output\paper_v1\hurricane_final_20\slots\73\attempts\final20_73_b1dda7d0a6b44fad905cf9786dcf9244,validated,True,True,completed search,dynamic_programming_labels,,508544.0,,n*H_A*H_B,At most n distinct A-hop counts per state; labels not instrumented,Thesis section5.1; manuscript section4.4; solve_cps values dictionaries,O(n^3 m^3),Counter unavailable or phase not reached; historical runs not rerun,,H32
hurricane:AL022011__AL071977:a0.5|CPS-3F,74,hurricane,AL022011__AL071977,0.5,CPS-3F,29,27,new,output\paper_v1\hurricane_final_20\slots\74\attempts\final20_74_ee94d0d551c84e2781b4167a658e706c,validated,True,True,completed search,auxiliary_A,0.0,0.0,,0 (no auxiliary locations),Interior curve-parameter intersections; CPS-3F percentage not applicable,Thesis Observation 4 p.18 and section 5.1 p.26; manuscript section 4.4 pp.15-16,O(n^2 m^2),,Zero/non-applicable bound,H32
hurricane:AL022011__AL071977:a0.5|CPS-3F,74,hurricane,AL022011__AL071977,0.5,CPS-3F,29,27,new,output\paper_v1\hurricane_final_20\slots\74\attempts\final20_74_ee94d0d551c84e2781b4167a658e706c,validated,True,True,completed search,single_dense_A,841.0,841.0,100.0,k^2,"Dense indexing slots, not valid vertices",Thesis Observation 4 p.18 and section 5.1 p.26; manuscript section 4.4 pp.15-16,O(n^2 m^2),,,H32
hurricane:AL022011__AL071977:a0.5|CPS-3F,74,hurricane,AL022011__AL071977,0.5,CPS-3F,29,27,new,output\paper_v1\hurricane_final_20\slots\74\attempts\final20_74_ee94d0d551c84e2781b4167a658e706c,validated,True,True,completed search,single_active_A,33.0,841.0,3.9239001189060643,k*(k+a),Anchored source/terminal included; single-graph construction complete,Thesis Observation 4 p.18 and section 5.1 p.26; manuscript section 4.4 pp.15-16,O(n^2 m^2),,,H32
hurricane:AL022011__AL071977:a0.5|CPS-3F,74,hurricane,AL022011__AL071977,0.5,CPS-3F,29,27,new,output\paper_v1\hurricane_final_20\slots\74\attempts\final20_74_ee94d0d551c84e2781b4167a658e706c,validated,True,True,completed search,single_edges_with_waits_A,76.0,561.0,13.547237076648841,H*(H+1)/2,Unique forward transitions plus exactly H waits; completed graph,Finite derivation from chain_graph() enumeration and pruning,O(n^2 m^2),,,H32
hurricane:AL022011__AL071977:a0.5|CPS-3F,74,hurricane,AL022011__AL071977,0.5,CPS-3F,29,27,new,output\paper_v1\hurricane_final_20\slots\74\attempts\final20_74_ee94d0d551c84e2781b4167a658e706c,validated,True,True,completed search,auxiliary_B,0.0,0.0,,0 (no auxiliary locations),Interior curve-parameter intersections; CPS-3F percentage not applicable,Thesis Observation 4 p.18 and section 5.1 p.26; manuscript section 4.4 pp.15-16,O(n^2 m^2),,Zero/non-applicable bound,H32
hurricane:AL022011__AL071977:a0.5|CPS-3F,74,hurricane,AL022011__AL071977,0.5,CPS-3F,29,27,new,output\paper_v1\hurricane_final_20\slots\74\attempts\final20_74_ee94d0d551c84e2781b4167a658e706c,validated,True,True,completed search,single_dense_B,729.0,729.0,100.0,k^2,"Dense indexing slots, not valid vertices",Thesis Observation 4 p.18 and section 5.1 p.26; manuscript section 4.4 pp.15-16,O(n^2 m^2),,,H32
hurricane:AL022011__AL071977:a0.5|CPS-3F,74,hurricane,AL022011__AL071977,0.5,CPS-3F,29,27,new,output\paper_v1\hurricane_final_20\slots\74\attempts\final20_74_ee94d0d551c84e2781b4167a658e706c,validated,True,True,completed search,single_active_B,31.0,729.0,4.252400548696845,k*(k+a),Anchored source/terminal included; single-graph construction complete,Thesis Observation 4 p.18 and section 5.1 p.26; manuscript section 4.4 pp.15-16,O(n^2 m^2),,,H32
hurricane:AL022011__AL071977:a0.5|CPS-3F,74,hurricane,AL022011__AL071977,0.5,CPS-3F,29,27,new,output\paper_v1\hurricane_final_20\slots\74\attempts\final20_74_ee94d0d551c84e2781b4167a658e706c,validated,True,True,completed search,single_edges_with_waits_B,72.0,496.0,14.516129032258064,H*(H+1)/2,Unique forward transitions plus exactly H waits; completed graph,Finite derivation from chain_graph() enumeration and pruning,O(n^2 m^2),,,H32
hurricane:AL022011__AL071977:a0.5|CPS-3F,74,hurricane,AL022011__AL071977,0.5,CPS-3F,29,27,new,output\paper_v1\hurricane_final_20\slots\74\attempts\final20_74_ee94d0d551c84e2781b4167a658e706c,validated,True,True,completed search,configuration_states_input_bound,284.0,613089.0,0.04632280142034843,n^2*m^2,All index combinations; includes source/terminal; no hidden asymptotic constant,Thesis Observation 4 p.18 and section 5.1 p.26; manuscript section 4.4 pp.15-16,O(n^2 m^2),,,H32
hurricane:AL022011__AL071977:a0.5|CPS-3F,74,hurricane,AL022011__AL071977,0.5,CPS-3F,29,27,new,output\paper_v1\hurricane_final_20\slots\74\attempts\final20_74_ee94d0d551c84e2781b4167a658e706c,validated,True,True,completed search,configuration_states_active_bound,284.0,1023.0,27.761485826001955,H_A*H_B,Completed single graphs; includes coupling-invalid combinations,Thesis Observation 4 p.18 and section 5.1 p.26; manuscript section 4.4 pp.15-16,O(n^2 m^2),,,H32
hurricane:AL022011__AL071977:a0.5|CPS-3F,74,hurricane,AL022011__AL071977,0.5,CPS-3F,29,27,new,output\paper_v1\hurricane_final_20\slots\74\attempts\final20_74_ee94d0d551c84e2781b4167a658e706c,validated,True,True,completed search,candidate_transition_checks,833.0,4449.0,18.723308608676106,E_A*E_B-H_A*H_B,No duplicate single-graph entries; each product source popped once; excludes simultaneous waits,Finite derivation from solve_cps() and chain_graph(); see graph_bounds.md,O(n^2 m^2),,,H32
hurricane:AL022011__AL071977:a0.5|CPS-3F,74,hurricane,AL022011__AL071977,0.5,CPS-3F,29,27,new,output\paper_v1\hurricane_final_20\slots\74\attempts\final20_74_ee94d0d551c84e2781b4167a658e706c,validated,True,True,completed search,unique_configuration_edges,,522753.0,,"N*(N-1)/2, N=H_A*H_B",Product graph not materialized; no observed unique-edge count; strict forward topological order,Finite DAG counting derivation; not a transition-check measurement,O(n^2 m^2),Counter unavailable or phase not reached; historical runs not rerun,,H32
hurricane:AL022011__AL071977:a0.5|CPS-3F,74,hurricane,AL022011__AL071977,0.5,CPS-3F,29,27,new,output\paper_v1\hurricane_final_20\slots\74\attempts\final20_74_ee94d0d551c84e2781b4167a658e706c,validated,True,True,completed search,dynamic_programming_labels,,29667.0,,n*H_A*H_B,At most n distinct A-hop counts per state; labels not instrumented,Thesis section5.1; manuscript section4.4; solve_cps values dictionaries,O(n^2 m^2),Counter unavailable or phase not reached; historical runs not rerun,,H32
hurricane:EP101972__EP141967:a0.5|CPS-3F,77,hurricane,EP101972__EP141967,0.5,CPS-3F,29,37,new,output\paper_v1\hurricane_final_20\slots\77\attempts\final20_77_dbc630bc997a4eac921ad233c09583b2,validated,True,True,completed search,auxiliary_A,0.0,0.0,,0 (no auxiliary locations),Interior curve-parameter intersections; CPS-3F percentage not applicable,Thesis Observation 4 p.18 and section 5.1 p.26; manuscript section 4.4 pp.15-16,O(n^2 m^2),,Zero/non-applicable bound,H33
hurricane:EP101972__EP141967:a0.5|CPS-3F,77,hurricane,EP101972__EP141967,0.5,CPS-3F,29,37,new,output\paper_v1\hurricane_final_20\slots\77\attempts\final20_77_dbc630bc997a4eac921ad233c09583b2,validated,True,True,completed search,single_dense_A,841.0,841.0,100.0,k^2,"Dense indexing slots, not valid vertices",Thesis Observation 4 p.18 and section 5.1 p.26; manuscript section 4.4 pp.15-16,O(n^2 m^2),,,H33
hurricane:EP101972__EP141967:a0.5|CPS-3F,77,hurricane,EP101972__EP141967,0.5,CPS-3F,29,37,new,output\paper_v1\hurricane_final_20\slots\77\attempts\final20_77_dbc630bc997a4eac921ad233c09583b2,validated,True,True,completed search,single_active_A,31.0,841.0,3.686087990487515,k*(k+a),Anchored source/terminal included; single-graph construction complete,Thesis Observation 4 p.18 and section 5.1 p.26; manuscript section 4.4 pp.15-16,O(n^2 m^2),,,H33
hurricane:EP101972__EP141967:a0.5|CPS-3F,77,hurricane,EP101972__EP141967,0.5,CPS-3F,29,37,new,output\paper_v1\hurricane_final_20\slots\77\attempts\final20_77_dbc630bc997a4eac921ad233c09583b2,validated,True,True,completed search,single_edges_with_waits_A,65.0,496.0,13.10483870967742,H*(H+1)/2,Unique forward transitions plus exactly H waits; completed graph,Finite derivation from chain_graph() enumeration and pruning,O(n^2 m^2),,,H33
hurricane:EP101972__EP141967:a0.5|CPS-3F,77,hurricane,EP101972__EP141967,0.5,CPS-3F,29,37,new,output\paper_v1\hurricane_final_20\slots\77\attempts\final20_77_dbc630bc997a4eac921ad233c09583b2,validated,True,True,completed search,auxiliary_B,0.0,0.0,,0 (no auxiliary locations),Interior curve-parameter intersections; CPS-3F percentage not applicable,Thesis Observation 4 p.18 and section 5.1 p.26; manuscript section 4.4 pp.15-16,O(n^2 m^2),,Zero/non-applicable bound,H33
hurricane:EP101972__EP141967:a0.5|CPS-3F,77,hurricane,EP101972__EP141967,0.5,CPS-3F,29,37,new,output\paper_v1\hurricane_final_20\slots\77\attempts\final20_77_dbc630bc997a4eac921ad233c09583b2,validated,True,True,completed search,single_dense_B,1369.0,1369.0,100.0,k^2,"Dense indexing slots, not valid vertices",Thesis Observation 4 p.18 and section 5.1 p.26; manuscript section 4.4 pp.15-16,O(n^2 m^2),,,H33
hurricane:EP101972__EP141967:a0.5|CPS-3F,77,hurricane,EP101972__EP141967,0.5,CPS-3F,29,37,new,output\paper_v1\hurricane_final_20\slots\77\attempts\final20_77_dbc630bc997a4eac921ad233c09583b2,validated,True,True,completed search,single_active_B,49.0,1369.0,3.579254930606282,k*(k+a),Anchored source/terminal included; single-graph construction complete,Thesis Observation 4 p.18 and section 5.1 p.26; manuscript section 4.4 pp.15-16,O(n^2 m^2),,,H33
hurricane:EP101972__EP141967:a0.5|CPS-3F,77,hurricane,EP101972__EP141967,0.5,CPS-3F,29,37,new,output\paper_v1\hurricane_final_20\slots\77\attempts\final20_77_dbc630bc997a4eac921ad233c09583b2,validated,True,True,completed search,single_edges_with_waits_B,137.0,1225.0,11.183673469387756,H*(H+1)/2,Unique forward transitions plus exactly H waits; completed graph,Finite derivation from chain_graph() enumeration and pruning,O(n^2 m^2),,,H33
hurricane:EP101972__EP141967:a0.5|CPS-3F,77,hurricane,EP101972__EP141967,0.5,CPS-3F,29,37,new,output\paper_v1\hurricane_final_20\slots\77\attempts\final20_77_dbc630bc997a4eac921ad233c09583b2,validated,True,True,completed search,configuration_states_input_bound,519.0,1151329.0,0.045078339901105595,n^2*m^2,All index combinations; includes source/terminal; no hidden asymptotic constant,Thesis Observation 4 p.18 and section 5.1 p.26; manuscript section 4.4 pp.15-16,O(n^2 m^2),,,H33
hurricane:EP101972__EP141967:a0.5|CPS-3F,77,hurricane,EP101972__EP141967,0.5,CPS-3F,29,37,new,output\paper_v1\hurricane_final_20\slots\77\attempts\final20_77_dbc630bc997a4eac921ad233c09583b2,validated,True,True,completed search,configuration_states_active_bound,519.0,1519.0,34.167215273206054,H_A*H_B,Completed single graphs; includes coupling-invalid combinations,Thesis Observation 4 p.18 and section 5.1 p.26; manuscript section 4.4 pp.15-16,O(n^2 m^2),,,H33
hurricane:EP101972__EP141967:a0.5|CPS-3F,77,hurricane,EP101972__EP141967,0.5,CPS-3F,29,37,new,output\paper_v1\hurricane_final_20\slots\77\attempts\final20_77_dbc630bc997a4eac921ad233c09583b2,validated,True,True,completed search,candidate_transition_checks,2565.0,7386.0,34.72786352558895,E_A*E_B-H_A*H_B,No duplicate single-graph entries; each product source popped once; excludes simultaneous waits,Finite derivation from solve_cps() and chain_graph(); see graph_bounds.md,O(n^2 m^2),,,H33
hurricane:EP101972__EP141967:a0.5|CPS-3F,77,hurricane,EP101972__EP141967,0.5,CPS-3F,29,37,new,output\paper_v1\hurricane_final_20\slots\77\attempts\final20_77_dbc630bc997a4eac921ad233c09583b2,validated,True,True,completed search,unique_configuration_edges,,1152921.0,,"N*(N-1)/2, N=H_A*H_B",Product graph not materialized; no observed unique-edge count; strict forward topological order,Finite DAG counting derivation; not a transition-check measurement,O(n^2 m^2),Counter unavailable or phase not reached; historical runs not rerun,,H33
hurricane:EP101972__EP141967:a0.5|CPS-3F,77,hurricane,EP101972__EP141967,0.5,CPS-3F,29,37,new,output\paper_v1\hurricane_final_20\slots\77\attempts\final20_77_dbc630bc997a4eac921ad233c09583b2,validated,True,True,completed search,dynamic_programming_labels,,44051.0,,n*H_A*H_B,At most n distinct A-hop counts per state; labels not instrumented,Thesis section5.1; manuscript section4.4; solve_cps values dictionaries,O(n^2 m^2),Counter unavailable or phase not reached; historical runs not rerun,,H33
hurricane:EP101972__EP141967:a0.5|CPS-2F,80,hurricane,EP101972__EP141967,0.5,CPS-2F,29,37,new,output\paper_v1\hurricane_final_20\slots\80\attempts\final20_80_bf6c654f7b404c9f8617a00187e97b14,validated,True,True,completed search,auxiliary_A,56.0,1624.0,3.4482758620689653,2 k(k-1),Interior curve-parameter intersections; CPS-3F percentage not applicable,Thesis Observation 4 p.18 and section 5.1 p.26; manuscript section 4.4 pp.15-16,O(n^3 m^3),,,H33
hurricane:EP101972__EP141967:a0.5|CPS-2F,80,hurricane,EP101972__EP141967,0.5,CPS-2F,29,37,new,output\paper_v1\hurricane_final_20\slots\80\attempts\final20_80_bf6c654f7b404c9f8617a00187e97b14,validated,True,True,completed search,single_dense_A,2465.0,47937.0,5.142165759225651,k*(k+2k(k-1)),"Dense indexing slots, not valid vertices",Thesis Observation 4 p.18 and section 5.1 p.26; manuscript section 4.4 pp.15-16,O(n^3 m^3),,,H33
hurricane:EP101972__EP141967:a0.5|CPS-2F,80,hurricane,EP101972__EP141967,0.5,CPS-2F,29,37,new,output\paper_v1\hurricane_final_20\slots\80\attempts\final20_80_bf6c654f7b404c9f8617a00187e97b14,validated,True,True,completed search,single_active_A,121.0,2465.0,4.9087221095334685,k*(k+a),Anchored source/terminal included; single-graph construction complete,Thesis Observation 4 p.18 and section 5.1 p.26; manuscript section 4.4 pp.15-16,O(n^3 m^3),,,H33
hurricane:EP101972__EP141967:a0.5|CPS-2F,80,hurricane,EP101972__EP141967,0.5,CPS-2F,29,37,new,output\paper_v1\hurricane_final_20\slots\80\attempts\final20_80_bf6c654f7b404c9f8617a00187e97b14,validated,True,True,completed search,single_edges_with_waits_A,3706.0,7381.0,50.20999864517003,H*(H+1)/2,Unique forward transitions plus exactly H waits; completed graph,Finite derivation from chain_graph() enumeration and pruning,O(n^3 m^3),,,H33
hurricane:EP101972__EP141967:a0.5|CPS-2F,80,hurricane,EP101972__EP141967,0.5,CPS-2F,29,37,new,output\paper_v1\hurricane_final_20\slots\80\attempts\final20_80_bf6c654f7b404c9f8617a00187e97b14,validated,True,True,completed search,auxiliary_B,72.0,2664.0,2.7027027027027026,2 k(k-1),Interior curve-parameter intersections; CPS-3F percentage not applicable,Thesis Observation 4 p.18 and section 5.1 p.26; manuscript section 4.4 pp.15-16,O(n^3 m^3),,,H33
hurricane:EP101972__EP141967:a0.5|CPS-2F,80,hurricane,EP101972__EP141967,0.5,CPS-2F,29,37,new,output\paper_v1\hurricane_final_20\slots\80\attempts\final20_80_bf6c654f7b404c9f8617a00187e97b14,validated,True,True,completed search,single_dense_B,4033.0,99937.0,4.035542391706775,k*(k+2k(k-1)),"Dense indexing slots, not valid vertices",Thesis Observation 4 p.18 and section 5.1 p.26; manuscript section 4.4 pp.15-16,O(n^3 m^3),,,H33
hurricane:EP101972__EP141967:a0.5|CPS-2F,80,hurricane,EP101972__EP141967,0.5,CPS-2F,29,37,new,output\paper_v1\hurricane_final_20\slots\80\attempts\final20_80_bf6c654f7b404c9f8617a00187e97b14,validated,True,True,completed search,single_active_B,181.0,4033.0,4.487974212744855,k*(k+a),Anchored source/terminal included; single-graph construction complete,Thesis Observation 4 p.18 and section 5.1 p.26; manuscript section 4.4 pp.15-16,O(n^3 m^3),,,H33
hurricane:EP101972__EP141967:a0.5|CPS-2F,80,hurricane,EP101972__EP141967,0.5,CPS-2F,29,37,new,output\paper_v1\hurricane_final_20\slots\80\attempts\final20_80_bf6c654f7b404c9f8617a00187e97b14,validated,True,True,completed search,single_edges_with_waits_B,7517.0,16471.0,45.637787626737904,H*(H+1)/2,Unique forward transitions plus exactly H waits; completed graph,Finite derivation from chain_graph() enumeration and pruning,O(n^3 m^3),,,H33
hurricane:EP101972__EP141967:a0.5|CPS-2F,80,hurricane,EP101972__EP141967,0.5,CPS-2F,29,37,new,output\paper_v1\hurricane_final_20\slots\80\attempts\final20_80_bf6c654f7b404c9f8617a00187e97b14,validated,True,True,completed search,configuration_states_input_bound,7735.0,4790679969.0,0.00016145933458407561,n*m*(n+2n(n-1))*(m+2m(m-1)),All index combinations; includes source/terminal; no hidden asymptotic constant,Thesis Observation 4 p.18 and section 5.1 p.26; manuscript section 4.4 pp.15-16,O(n^3 m^3),,,H33
hurricane:EP101972__EP141967:a0.5|CPS-2F,80,hurricane,EP101972__EP141967,0.5,CPS-2F,29,37,new,output\paper_v1\hurricane_final_20\slots\80\attempts\final20_80_bf6c654f7b404c9f8617a00187e97b14,validated,True,True,completed search,configuration_states_extended_bound,7735.0,9941345.0,0.07780637328248843,n*m*(n+aA)*(m+aB),Actual extended-curve sizes; all index combinations,Thesis Observation 4 p.18 and section 5.1 p.26; manuscript section 4.4 pp.15-16,O(n^3 m^3),,,H33
hurricane:EP101972__EP141967:a0.5|CPS-2F,80,hurricane,EP101972__EP141967,0.5,CPS-2F,29,37,new,output\paper_v1\hurricane_final_20\slots\80\attempts\final20_80_bf6c654f7b404c9f8617a00187e97b14,validated,True,True,completed search,configuration_states_active_bound,7735.0,21901.0,35.318022008127485,H_A*H_B,Completed single graphs; includes coupling-invalid combinations,Thesis Observation 4 p.18 and section 5.1 p.26; manuscript section 4.4 pp.15-16,O(n^3 m^3),,,H33
hurricane:EP101972__EP141967:a0.5|CPS-2F,80,hurricane,EP101972__EP141967,0.5,CPS-2F,29,37,new,output\paper_v1\hurricane_final_20\slots\80\attempts\final20_80_bf6c654f7b404c9f8617a00187e97b14,validated,True,True,completed search,candidate_transition_checks,7193899.0,27836101.0,25.84377388198153,E_A*E_B-H_A*H_B,No duplicate single-graph entries; each product source popped once; excludes simultaneous waits,Finite derivation from solve_cps() and chain_graph(); see graph_bounds.md,O(n^3 m^3),,,H33
hurricane:EP101972__EP141967:a0.5|CPS-2F,80,hurricane,EP101972__EP141967,0.5,CPS-2F,29,37,new,output\paper_v1\hurricane_final_20\slots\80\attempts\final20_80_bf6c654f7b404c9f8617a00187e97b14,validated,True,True,completed search,unique_configuration_edges,,239815950.0,,"N*(N-1)/2, N=H_A*H_B",Product graph not materialized; no observed unique-edge count; strict forward topological order,Finite DAG counting derivation; not a transition-check measurement,O(n^3 m^3),Counter unavailable or phase not reached; historical runs not rerun,,H33
hurricane:EP101972__EP141967:a0.5|CPS-2F,80,hurricane,EP101972__EP141967,0.5,CPS-2F,29,37,new,output\paper_v1\hurricane_final_20\slots\80\attempts\final20_80_bf6c654f7b404c9f8617a00187e97b14,validated,True,True,completed search,dynamic_programming_labels,,635129.0,,n*H_A*H_B,At most n distinct A-hop counts per state; labels not instrumented,Thesis section5.1; manuscript section4.4; solve_cps values dictionaries,O(n^3 m^3),Counter unavailable or phase not reached; historical runs not rerun,,H33
