configuration_id,plan_order,domain,pair,alpha,method,nA,nB,origin,attempt_path,status,search_completed,construction_completed,count_scope,quantity,observed,finite_upper_bound,percent_of_bound,formula,assumptions,source,asymptotic_states,missing_reason,bound_missing_reason
hurricane:AL031854__AL011991:a0.5|CPS-2F,3,hurricane,AL031854__AL011991,0.5,CPS-2F,25,25,reused,output\paper_v1\unified_pilot_results\slots\03\attempts\slot03_5333325f78a44ccf8c803cb680ccb2c1,validated,True,True,completed search,auxiliary_A,48.0,1200.0,4.0,2 k(k-1),Interior curve-parameter intersections; CPS-3F percentage not applicable,Thesis Observation 4 p.18 and section 5.1 p.26; manuscript section 4.4 pp.15-16,O(n^3 m^3),,
hurricane:AL031854__AL011991:a0.5|CPS-2F,3,hurricane,AL031854__AL011991,0.5,CPS-2F,25,25,reused,output\paper_v1\unified_pilot_results\slots\03\attempts\slot03_5333325f78a44ccf8c803cb680ccb2c1,validated,True,True,completed search,single_dense_A,1825.0,30625.0,5.959183673469388,k*(k+2k(k-1)),"Dense indexing slots, not valid vertices",Thesis Observation 4 p.18 and section 5.1 p.26; manuscript section 4.4 pp.15-16,O(n^3 m^3),,
hurricane:AL031854__AL011991:a0.5|CPS-2F,3,hurricane,AL031854__AL011991,0.5,CPS-2F,25,25,reused,output\paper_v1\unified_pilot_results\slots\03\attempts\slot03_5333325f78a44ccf8c803cb680ccb2c1,validated,True,True,completed search,single_active_A,,1825.0,,k*(k+a),Anchored source/terminal included; single-graph construction complete,Thesis Observation 4 p.18 and section 5.1 p.26; manuscript section 4.4 pp.15-16,O(n^3 m^3),Counter unavailable or phase not reached; historical runs not rerun,
hurricane:AL031854__AL011991:a0.5|CPS-2F,3,hurricane,AL031854__AL011991,0.5,CPS-2F,25,25,reused,output\paper_v1\unified_pilot_results\slots\03\attempts\slot03_5333325f78a44ccf8c803cb680ccb2c1,validated,True,True,completed search,single_edges_with_waits_A,,,,H*(H+1)/2,Unique forward transitions plus exactly H waits; completed graph,Finite derivation from chain_graph() enumeration and pruning,O(n^3 m^3),Counter unavailable or phase not reached; historical runs not rerun,Missing completed single-graph counters
hurricane:AL031854__AL011991:a0.5|CPS-2F,3,hurricane,AL031854__AL011991,0.5,CPS-2F,25,25,reused,output\paper_v1\unified_pilot_results\slots\03\attempts\slot03_5333325f78a44ccf8c803cb680ccb2c1,validated,True,True,completed search,auxiliary_B,48.0,1200.0,4.0,2 k(k-1),Interior curve-parameter intersections; CPS-3F percentage not applicable,Thesis Observation 4 p.18 and section 5.1 p.26; manuscript section 4.4 pp.15-16,O(n^3 m^3),,
hurricane:AL031854__AL011991:a0.5|CPS-2F,3,hurricane,AL031854__AL011991,0.5,CPS-2F,25,25,reused,output\paper_v1\unified_pilot_results\slots\03\attempts\slot03_5333325f78a44ccf8c803cb680ccb2c1,validated,True,True,completed search,single_dense_B,1825.0,30625.0,5.959183673469388,k*(k+2k(k-1)),"Dense indexing slots, not valid vertices",Thesis Observation 4 p.18 and section 5.1 p.26; manuscript section 4.4 pp.15-16,O(n^3 m^3),,
hurricane:AL031854__AL011991:a0.5|CPS-2F,3,hurricane,AL031854__AL011991,0.5,CPS-2F,25,25,reused,output\paper_v1\unified_pilot_results\slots\03\attempts\slot03_5333325f78a44ccf8c803cb680ccb2c1,validated,True,True,completed search,single_active_B,,1825.0,,k*(k+a),Anchored source/terminal included; single-graph construction complete,Thesis Observation 4 p.18 and section 5.1 p.26; manuscript section 4.4 pp.15-16,O(n^3 m^3),Counter unavailable or phase not reached; historical runs not rerun,
hurricane:AL031854__AL011991:a0.5|CPS-2F,3,hurricane,AL031854__AL011991,0.5,CPS-2F,25,25,reused,output\paper_v1\unified_pilot_results\slots\03\attempts\slot03_5333325f78a44ccf8c803cb680ccb2c1,validated,True,True,completed search,single_edges_with_waits_B,4616.0,,,H*(H+1)/2,Unique forward transitions plus exactly H waits; completed graph,Finite derivation from chain_graph() enumeration and pruning,O(n^3 m^3),,Missing completed single-graph counters
hurricane:AL031854__AL011991:a0.5|CPS-2F,3,hurricane,AL031854__AL011991,0.5,CPS-2F,25,25,reused,output\paper_v1\unified_pilot_results\slots\03\attempts\slot03_5333325f78a44ccf8c803cb680ccb2c1,validated,True,True,completed search,configuration_states_input_bound,5678.0,937890625.0,0.0006054010828821325,n*m*(n+2n(n-1))*(m+2m(m-1)),All index combinations; includes source/terminal; no hidden asymptotic constant,Thesis Observation 4 p.18 and section 5.1 p.26; manuscript section 4.4 pp.15-16,O(n^3 m^3),,
hurricane:AL031854__AL011991:a0.5|CPS-2F,3,hurricane,AL031854__AL011991,0.5,CPS-2F,25,25,reused,output\paper_v1\unified_pilot_results\slots\03\attempts\slot03_5333325f78a44ccf8c803cb680ccb2c1,validated,True,True,completed search,configuration_states_extended_bound,5678.0,3330625.0,0.17047851379245638,n*m*(n+aA)*(m+aB),Actual extended-curve sizes; all index combinations,Thesis Observation 4 p.18 and section 5.1 p.26; manuscript section 4.4 pp.15-16,O(n^3 m^3),,
hurricane:AL031854__AL011991:a0.5|CPS-2F,3,hurricane,AL031854__AL011991,0.5,CPS-2F,25,25,reused,output\paper_v1\unified_pilot_results\slots\03\attempts\slot03_5333325f78a44ccf8c803cb680ccb2c1,validated,True,True,completed search,configuration_states_active_bound,5678.0,,,H_A*H_B,Completed single graphs; includes coupling-invalid combinations,Thesis Observation 4 p.18 and section 5.1 p.26; manuscript section 4.4 pp.15-16,O(n^3 m^3),,Missing completed single-graph counters
hurricane:AL031854__AL011991:a0.5|CPS-2F,3,hurricane,AL031854__AL011991,0.5,CPS-2F,25,25,reused,output\paper_v1\unified_pilot_results\slots\03\attempts\slot03_5333325f78a44ccf8c803cb680ccb2c1,validated,True,True,completed search,candidate_transition_checks,7076530.0,,,E_A*E_B-H_A*H_B,No duplicate single-graph entries; each product source popped once; excludes simultaneous waits,Finite derivation from solve_cps() and chain_graph(); see graph_bounds.md,O(n^3 m^3),,Missing completed single-graph counters
hurricane:AL031854__AL011991:a0.5|CPS-3F,4,hurricane,AL031854__AL011991,0.5,CPS-3F,25,25,reused,output\paper_v1\unified_pilot_results\slots\04\attempts\slot04_932e5573922349258233e40f17b3a4ad,validated,True,True,completed search,auxiliary_A,0.0,0.0,,0 (no auxiliary locations),Interior curve-parameter intersections; CPS-3F percentage not applicable,Thesis Observation 4 p.18 and section 5.1 p.26; manuscript section 4.4 pp.15-16,O(n^2 m^2),,Zero/non-applicable bound
hurricane:AL031854__AL011991:a0.5|CPS-3F,4,hurricane,AL031854__AL011991,0.5,CPS-3F,25,25,reused,output\paper_v1\unified_pilot_results\slots\04\attempts\slot04_932e5573922349258233e40f17b3a4ad,validated,True,True,completed search,single_dense_A,625.0,625.0,100.0,k^2,"Dense indexing slots, not valid vertices",Thesis Observation 4 p.18 and section 5.1 p.26; manuscript section 4.4 pp.15-16,O(n^2 m^2),,
hurricane:AL031854__AL011991:a0.5|CPS-3F,4,hurricane,AL031854__AL011991,0.5,CPS-3F,25,25,reused,output\paper_v1\unified_pilot_results\slots\04\attempts\slot04_932e5573922349258233e40f17b3a4ad,validated,True,True,completed search,single_active_A,,625.0,,k*(k+a),Anchored source/terminal included; single-graph construction complete,Thesis Observation 4 p.18 and section 5.1 p.26; manuscript section 4.4 pp.15-16,O(n^2 m^2),Counter unavailable or phase not reached; historical runs not rerun,
hurricane:AL031854__AL011991:a0.5|CPS-3F,4,hurricane,AL031854__AL011991,0.5,CPS-3F,25,25,reused,output\paper_v1\unified_pilot_results\slots\04\attempts\slot04_932e5573922349258233e40f17b3a4ad,validated,True,True,completed search,single_edges_with_waits_A,,,,H*(H+1)/2,Unique forward transitions plus exactly H waits; completed graph,Finite derivation from chain_graph() enumeration and pruning,O(n^2 m^2),Counter unavailable or phase not reached; historical runs not rerun,Missing completed single-graph counters
hurricane:AL031854__AL011991:a0.5|CPS-3F,4,hurricane,AL031854__AL011991,0.5,CPS-3F,25,25,reused,output\paper_v1\unified_pilot_results\slots\04\attempts\slot04_932e5573922349258233e40f17b3a4ad,validated,True,True,completed search,auxiliary_B,0.0,0.0,,0 (no auxiliary locations),Interior curve-parameter intersections; CPS-3F percentage not applicable,Thesis Observation 4 p.18 and section 5.1 p.26; manuscript section 4.4 pp.15-16,O(n^2 m^2),,Zero/non-applicable bound
hurricane:AL031854__AL011991:a0.5|CPS-3F,4,hurricane,AL031854__AL011991,0.5,CPS-3F,25,25,reused,output\paper_v1\unified_pilot_results\slots\04\attempts\slot04_932e5573922349258233e40f17b3a4ad,validated,True,True,completed search,single_dense_B,625.0,625.0,100.0,k^2,"Dense indexing slots, not valid vertices",Thesis Observation 4 p.18 and section 5.1 p.26; manuscript section 4.4 pp.15-16,O(n^2 m^2),,
hurricane:AL031854__AL011991:a0.5|CPS-3F,4,hurricane,AL031854__AL011991,0.5,CPS-3F,25,25,reused,output\paper_v1\unified_pilot_results\slots\04\attempts\slot04_932e5573922349258233e40f17b3a4ad,validated,True,True,completed search,single_active_B,,625.0,,k*(k+a),Anchored source/terminal included; single-graph construction complete,Thesis Observation 4 p.18 and section 5.1 p.26; manuscript section 4.4 pp.15-16,O(n^2 m^2),Counter unavailable or phase not reached; historical runs not rerun,
hurricane:AL031854__AL011991:a0.5|CPS-3F,4,hurricane,AL031854__AL011991,0.5,CPS-3F,25,25,reused,output\paper_v1\unified_pilot_results\slots\04\attempts\slot04_932e5573922349258233e40f17b3a4ad,validated,True,True,completed search,single_edges_with_waits_B,121.0,,,H*(H+1)/2,Unique forward transitions plus exactly H waits; completed graph,Finite derivation from chain_graph() enumeration and pruning,O(n^2 m^2),,Missing completed single-graph counters
hurricane:AL031854__AL011991:a0.5|CPS-3F,4,hurricane,AL031854__AL011991,0.5,CPS-3F,25,25,reused,output\paper_v1\unified_pilot_results\slots\04\attempts\slot04_932e5573922349258233e40f17b3a4ad,validated,True,True,completed search,configuration_states_input_bound,522.0,390625.0,0.133632,n^2*m^2,All index combinations; includes source/terminal; no hidden asymptotic constant,Thesis Observation 4 p.18 and section 5.1 p.26; manuscript section 4.4 pp.15-16,O(n^2 m^2),,
hurricane:AL031854__AL011991:a0.5|CPS-3F,4,hurricane,AL031854__AL011991,0.5,CPS-3F,25,25,reused,output\paper_v1\unified_pilot_results\slots\04\attempts\slot04_932e5573922349258233e40f17b3a4ad,validated,True,True,completed search,configuration_states_active_bound,522.0,,,H_A*H_B,Completed single graphs; includes coupling-invalid combinations,Thesis Observation 4 p.18 and section 5.1 p.26; manuscript section 4.4 pp.15-16,O(n^2 m^2),,Missing completed single-graph counters
hurricane:AL031854__AL011991:a0.5|CPS-3F,4,hurricane,AL031854__AL011991,0.5,CPS-3F,25,25,reused,output\paper_v1\unified_pilot_results\slots\04\attempts\slot04_932e5573922349258233e40f17b3a4ad,validated,True,True,completed search,candidate_transition_checks,6544.0,,,E_A*E_B-H_A*H_B,No duplicate single-graph entries; each product source popped once; excludes simultaneous waits,Finite derivation from solve_cps() and chain_graph(); see graph_bounds.md,O(n^2 m^2),,Missing completed single-graph counters
hurricane:AL031854__AL011991:a1|CPS-2F,6,hurricane,AL031854__AL011991,1.0,CPS-2F,25,25,reused,output\paper_v1\unified_pilot_results\slots\06\attempts\slot06_e21c1ee13d734cd8b59abf9e4a4a1dd4,transition_budget_limit,False,True,observed before termination,auxiliary_A,,1200.0,,2 k(k-1),Interior curve-parameter intersections; CPS-3F percentage not applicable,Thesis Observation 4 p.18 and section 5.1 p.26; manuscript section 4.4 pp.15-16,O(n^3 m^3),Counter unavailable or phase not reached; historical runs not rerun,
hurricane:AL031854__AL011991:a1|CPS-2F,6,hurricane,AL031854__AL011991,1.0,CPS-2F,25,25,reused,output\paper_v1\unified_pilot_results\slots\06\attempts\slot06_e21c1ee13d734cd8b59abf9e4a4a1dd4,transition_budget_limit,False,True,observed before termination,single_dense_A,,30625.0,,k*(k+2k(k-1)),"Dense indexing slots, not valid vertices",Thesis Observation 4 p.18 and section 5.1 p.26; manuscript section 4.4 pp.15-16,O(n^3 m^3),Counter unavailable or phase not reached; historical runs not rerun,
hurricane:AL031854__AL011991:a1|CPS-2F,6,hurricane,AL031854__AL011991,1.0,CPS-2F,25,25,reused,output\paper_v1\unified_pilot_results\slots\06\attempts\slot06_e21c1ee13d734cd8b59abf9e4a4a1dd4,transition_budget_limit,False,True,observed before termination,single_active_A,,,,k*(k+a),Anchored source/terminal included; single-graph construction complete,Thesis Observation 4 p.18 and section 5.1 p.26; manuscript section 4.4 pp.15-16,O(n^3 m^3),Counter unavailable or phase not reached; historical runs not rerun,Missing completed single-graph counters
hurricane:AL031854__AL011991:a1|CPS-2F,6,hurricane,AL031854__AL011991,1.0,CPS-2F,25,25,reused,output\paper_v1\unified_pilot_results\slots\06\attempts\slot06_e21c1ee13d734cd8b59abf9e4a4a1dd4,transition_budget_limit,False,True,observed before termination,single_edges_with_waits_A,,,,H*(H+1)/2,Unique forward transitions plus exactly H waits; completed graph,Finite derivation from chain_graph() enumeration and pruning,O(n^3 m^3),Counter unavailable or phase not reached; historical runs not rerun,Missing completed single-graph counters
hurricane:AL031854__AL011991:a1|CPS-2F,6,hurricane,AL031854__AL011991,1.0,CPS-2F,25,25,reused,output\paper_v1\unified_pilot_results\slots\06\attempts\slot06_e21c1ee13d734cd8b59abf9e4a4a1dd4,transition_budget_limit,False,True,observed before termination,auxiliary_B,47.0,1200.0,3.9166666666666665,2 k(k-1),Interior curve-parameter intersections; CPS-3F percentage not applicable,Thesis Observation 4 p.18 and section 5.1 p.26; manuscript section 4.4 pp.15-16,O(n^3 m^3),,
hurricane:AL031854__AL011991:a1|CPS-2F,6,hurricane,AL031854__AL011991,1.0,CPS-2F,25,25,reused,output\paper_v1\unified_pilot_results\slots\06\attempts\slot06_e21c1ee13d734cd8b59abf9e4a4a1dd4,transition_budget_limit,False,True,observed before termination,single_dense_B,1800.0,30625.0,5.877551020408164,k*(k+2k(k-1)),"Dense indexing slots, not valid vertices",Thesis Observation 4 p.18 and section 5.1 p.26; manuscript section 4.4 pp.15-16,O(n^3 m^3),,
hurricane:AL031854__AL011991:a1|CPS-2F,6,hurricane,AL031854__AL011991,1.0,CPS-2F,25,25,reused,output\paper_v1\unified_pilot_results\slots\06\attempts\slot06_e21c1ee13d734cd8b59abf9e4a4a1dd4,transition_budget_limit,False,True,observed before termination,single_active_B,,1800.0,,k*(k+a),Anchored source/terminal included; single-graph construction complete,Thesis Observation 4 p.18 and section 5.1 p.26; manuscript section 4.4 pp.15-16,O(n^3 m^3),Counter unavailable or phase not reached; historical runs not rerun,
hurricane:AL031854__AL011991:a1|CPS-2F,6,hurricane,AL031854__AL011991,1.0,CPS-2F,25,25,reused,output\paper_v1\unified_pilot_results\slots\06\attempts\slot06_e21c1ee13d734cd8b59abf9e4a4a1dd4,transition_budget_limit,False,True,observed before termination,single_edges_with_waits_B,17016.0,,,H*(H+1)/2,Unique forward transitions plus exactly H waits; completed graph,Finite derivation from chain_graph() enumeration and pruning,O(n^3 m^3),,Missing completed single-graph counters
hurricane:AL031854__AL011991:a1|CPS-2F,6,hurricane,AL031854__AL011991,1.0,CPS-2F,25,25,reused,output\paper_v1\unified_pilot_results\slots\06\attempts\slot06_e21c1ee13d734cd8b59abf9e4a4a1dd4,transition_budget_limit,False,True,observed before termination,configuration_states_input_bound,16327.0,937890625.0,0.0017408213244481466,n*m*(n+2n(n-1))*(m+2m(m-1)),All index combinations; includes source/terminal; no hidden asymptotic constant,Thesis Observation 4 p.18 and section 5.1 p.26; manuscript section 4.4 pp.15-16,O(n^3 m^3),,
hurricane:AL031854__AL011991:a1|CPS-2F,6,hurricane,AL031854__AL011991,1.0,CPS-2F,25,25,reused,output\paper_v1\unified_pilot_results\slots\06\attempts\slot06_e21c1ee13d734cd8b59abf9e4a4a1dd4,transition_budget_limit,False,True,observed before termination,configuration_states_extended_bound,16327.0,,,n*m*(n+aA)*(m+aB),Actual extended-curve sizes; all index combinations,Thesis Observation 4 p.18 and section 5.1 p.26; manuscript section 4.4 pp.15-16,O(n^3 m^3),,Missing completed single-graph counters
hurricane:AL031854__AL011991:a1|CPS-2F,6,hurricane,AL031854__AL011991,1.0,CPS-2F,25,25,reused,output\paper_v1\unified_pilot_results\slots\06\attempts\slot06_e21c1ee13d734cd8b59abf9e4a4a1dd4,transition_budget_limit,False,True,observed before termination,configuration_states_active_bound,16327.0,,,H_A*H_B,Completed single graphs; includes coupling-invalid combinations,Thesis Observation 4 p.18 and section 5.1 p.26; manuscript section 4.4 pp.15-16,O(n^3 m^3),,Missing completed single-graph counters
hurricane:AL031854__AL011991:a1|CPS-2F,6,hurricane,AL031854__AL011991,1.0,CPS-2F,25,25,reused,output\paper_v1\unified_pilot_results\slots\06\attempts\slot06_e21c1ee13d734cd8b59abf9e4a4a1dd4,transition_budget_limit,False,True,observed before termination,candidate_transition_checks,20000001.0,,,E_A*E_B-H_A*H_B,No duplicate single-graph entries; each product source popped once; excludes simultaneous waits,Finite derivation from solve_cps() and chain_graph(); see graph_bounds.md,O(n^3 m^3),,Missing completed single-graph counters
hurricane:AL031854__AL011991:a1|CPS-3F,7,hurricane,AL031854__AL011991,1.0,CPS-3F,25,25,reused,output\paper_v1\unified_pilot_results\slots\07\attempts\slot07_61a62b3628834eafbcd97bd272a0369e,validated,True,True,completed search,auxiliary_A,0.0,0.0,,0 (no auxiliary locations),Interior curve-parameter intersections; CPS-3F percentage not applicable,Thesis Observation 4 p.18 and section 5.1 p.26; manuscript section 4.4 pp.15-16,O(n^2 m^2),,Zero/non-applicable bound
hurricane:AL031854__AL011991:a1|CPS-3F,7,hurricane,AL031854__AL011991,1.0,CPS-3F,25,25,reused,output\paper_v1\unified_pilot_results\slots\07\attempts\slot07_61a62b3628834eafbcd97bd272a0369e,validated,True,True,completed search,single_dense_A,625.0,625.0,100.0,k^2,"Dense indexing slots, not valid vertices",Thesis Observation 4 p.18 and section 5.1 p.26; manuscript section 4.4 pp.15-16,O(n^2 m^2),,
hurricane:AL031854__AL011991:a1|CPS-3F,7,hurricane,AL031854__AL011991,1.0,CPS-3F,25,25,reused,output\paper_v1\unified_pilot_results\slots\07\attempts\slot07_61a62b3628834eafbcd97bd272a0369e,validated,True,True,completed search,single_active_A,,625.0,,k*(k+a),Anchored source/terminal included; single-graph construction complete,Thesis Observation 4 p.18 and section 5.1 p.26; manuscript section 4.4 pp.15-16,O(n^2 m^2),Counter unavailable or phase not reached; historical runs not rerun,
hurricane:AL031854__AL011991:a1|CPS-3F,7,hurricane,AL031854__AL011991,1.0,CPS-3F,25,25,reused,output\paper_v1\unified_pilot_results\slots\07\attempts\slot07_61a62b3628834eafbcd97bd272a0369e,validated,True,True,completed search,single_edges_with_waits_A,,,,H*(H+1)/2,Unique forward transitions plus exactly H waits; completed graph,Finite derivation from chain_graph() enumeration and pruning,O(n^2 m^2),Counter unavailable or phase not reached; historical runs not rerun,Missing completed single-graph counters
hurricane:AL031854__AL011991:a1|CPS-3F,7,hurricane,AL031854__AL011991,1.0,CPS-3F,25,25,reused,output\paper_v1\unified_pilot_results\slots\07\attempts\slot07_61a62b3628834eafbcd97bd272a0369e,validated,True,True,completed search,auxiliary_B,0.0,0.0,,0 (no auxiliary locations),Interior curve-parameter intersections; CPS-3F percentage not applicable,Thesis Observation 4 p.18 and section 5.1 p.26; manuscript section 4.4 pp.15-16,O(n^2 m^2),,Zero/non-applicable bound
hurricane:AL031854__AL011991:a1|CPS-3F,7,hurricane,AL031854__AL011991,1.0,CPS-3F,25,25,reused,output\paper_v1\unified_pilot_results\slots\07\attempts\slot07_61a62b3628834eafbcd97bd272a0369e,validated,True,True,completed search,single_dense_B,625.0,625.0,100.0,k^2,"Dense indexing slots, not valid vertices",Thesis Observation 4 p.18 and section 5.1 p.26; manuscript section 4.4 pp.15-16,O(n^2 m^2),,
hurricane:AL031854__AL011991:a1|CPS-3F,7,hurricane,AL031854__AL011991,1.0,CPS-3F,25,25,reused,output\paper_v1\unified_pilot_results\slots\07\attempts\slot07_61a62b3628834eafbcd97bd272a0369e,validated,True,True,completed search,single_active_B,,625.0,,k*(k+a),Anchored source/terminal included; single-graph construction complete,Thesis Observation 4 p.18 and section 5.1 p.26; manuscript section 4.4 pp.15-16,O(n^2 m^2),Counter unavailable or phase not reached; historical runs not rerun,
hurricane:AL031854__AL011991:a1|CPS-3F,7,hurricane,AL031854__AL011991,1.0,CPS-3F,25,25,reused,output\paper_v1\unified_pilot_results\slots\07\attempts\slot07_61a62b3628834eafbcd97bd272a0369e,validated,True,True,completed search,single_edges_with_waits_B,335.0,,,H*(H+1)/2,Unique forward transitions plus exactly H waits; completed graph,Finite derivation from chain_graph() enumeration and pruning,O(n^2 m^2),,Missing completed single-graph counters
hurricane:AL031854__AL011991:a1|CPS-3F,7,hurricane,AL031854__AL011991,1.0,CPS-3F,25,25,reused,output\paper_v1\unified_pilot_results\slots\07\attempts\slot07_61a62b3628834eafbcd97bd272a0369e,validated,True,True,completed search,configuration_states_input_bound,1742.0,390625.0,0.445952,n^2*m^2,All index combinations; includes source/terminal; no hidden asymptotic constant,Thesis Observation 4 p.18 and section 5.1 p.26; manuscript section 4.4 pp.15-16,O(n^2 m^2),,
hurricane:AL031854__AL011991:a1|CPS-3F,7,hurricane,AL031854__AL011991,1.0,CPS-3F,25,25,reused,output\paper_v1\unified_pilot_results\slots\07\attempts\slot07_61a62b3628834eafbcd97bd272a0369e,validated,True,True,completed search,configuration_states_active_bound,1742.0,,,H_A*H_B,Completed single graphs; includes coupling-invalid combinations,Thesis Observation 4 p.18 and section 5.1 p.26; manuscript section 4.4 pp.15-16,O(n^2 m^2),,Missing completed single-graph counters
hurricane:AL031854__AL011991:a1|CPS-3F,7,hurricane,AL031854__AL011991,1.0,CPS-3F,25,25,reused,output\paper_v1\unified_pilot_results\slots\07\attempts\slot07_61a62b3628834eafbcd97bd272a0369e,validated,True,True,completed search,candidate_transition_checks,49344.0,,,E_A*E_B-H_A*H_B,No duplicate single-graph entries; each product source popped once; excludes simultaneous waits,Finite derivation from solve_cps() and chain_graph(); see graph_bounds.md,O(n^2 m^2),,Missing completed single-graph counters
hurricane:EP021949__EP031949:a0.5|CPS-2F,9,hurricane,EP021949__EP031949,0.5,CPS-2F,25,25,reused,output\paper_v1\unified_pilot_results\slots\09\attempts\slot09_e46deb0bcdd14153a890b48a67dfe8ee,validated,True,True,completed search,auxiliary_A,48.0,1200.0,4.0,2 k(k-1),Interior curve-parameter intersections; CPS-3F percentage not applicable,Thesis Observation 4 p.18 and section 5.1 p.26; manuscript section 4.4 pp.15-16,O(n^3 m^3),,
hurricane:EP021949__EP031949:a0.5|CPS-2F,9,hurricane,EP021949__EP031949,0.5,CPS-2F,25,25,reused,output\paper_v1\unified_pilot_results\slots\09\attempts\slot09_e46deb0bcdd14153a890b48a67dfe8ee,validated,True,True,completed search,single_dense_A,1825.0,30625.0,5.959183673469388,k*(k+2k(k-1)),"Dense indexing slots, not valid vertices",Thesis Observation 4 p.18 and section 5.1 p.26; manuscript section 4.4 pp.15-16,O(n^3 m^3),,
hurricane:EP021949__EP031949:a0.5|CPS-2F,9,hurricane,EP021949__EP031949,0.5,CPS-2F,25,25,reused,output\paper_v1\unified_pilot_results\slots\09\attempts\slot09_e46deb0bcdd14153a890b48a67dfe8ee,validated,True,True,completed search,single_active_A,,1825.0,,k*(k+a),Anchored source/terminal included; single-graph construction complete,Thesis Observation 4 p.18 and section 5.1 p.26; manuscript section 4.4 pp.15-16,O(n^3 m^3),Counter unavailable or phase not reached; historical runs not rerun,
hurricane:EP021949__EP031949:a0.5|CPS-2F,9,hurricane,EP021949__EP031949,0.5,CPS-2F,25,25,reused,output\paper_v1\unified_pilot_results\slots\09\attempts\slot09_e46deb0bcdd14153a890b48a67dfe8ee,validated,True,True,completed search,single_edges_with_waits_A,,,,H*(H+1)/2,Unique forward transitions plus exactly H waits; completed graph,Finite derivation from chain_graph() enumeration and pruning,O(n^3 m^3),Counter unavailable or phase not reached; historical runs not rerun,Missing completed single-graph counters
hurricane:EP021949__EP031949:a0.5|CPS-2F,9,hurricane,EP021949__EP031949,0.5,CPS-2F,25,25,reused,output\paper_v1\unified_pilot_results\slots\09\attempts\slot09_e46deb0bcdd14153a890b48a67dfe8ee,validated,True,True,completed search,auxiliary_B,52.0,1200.0,4.333333333333333,2 k(k-1),Interior curve-parameter intersections; CPS-3F percentage not applicable,Thesis Observation 4 p.18 and section 5.1 p.26; manuscript section 4.4 pp.15-16,O(n^3 m^3),,
hurricane:EP021949__EP031949:a0.5|CPS-2F,9,hurricane,EP021949__EP031949,0.5,CPS-2F,25,25,reused,output\paper_v1\unified_pilot_results\slots\09\attempts\slot09_e46deb0bcdd14153a890b48a67dfe8ee,validated,True,True,completed search,single_dense_B,1925.0,30625.0,6.285714285714286,k*(k+2k(k-1)),"Dense indexing slots, not valid vertices",Thesis Observation 4 p.18 and section 5.1 p.26; manuscript section 4.4 pp.15-16,O(n^3 m^3),,
hurricane:EP021949__EP031949:a0.5|CPS-2F,9,hurricane,EP021949__EP031949,0.5,CPS-2F,25,25,reused,output\paper_v1\unified_pilot_results\slots\09\attempts\slot09_e46deb0bcdd14153a890b48a67dfe8ee,validated,True,True,completed search,single_active_B,,1925.0,,k*(k+a),Anchored source/terminal included; single-graph construction complete,Thesis Observation 4 p.18 and section 5.1 p.26; manuscript section 4.4 pp.15-16,O(n^3 m^3),Counter unavailable or phase not reached; historical runs not rerun,
hurricane:EP021949__EP031949:a0.5|CPS-2F,9,hurricane,EP021949__EP031949,0.5,CPS-2F,25,25,reused,output\paper_v1\unified_pilot_results\slots\09\attempts\slot09_e46deb0bcdd14153a890b48a67dfe8ee,validated,True,True,completed search,single_edges_with_waits_B,5716.0,,,H*(H+1)/2,Unique forward transitions plus exactly H waits; completed graph,Finite derivation from chain_graph() enumeration and pruning,O(n^3 m^3),,Missing completed single-graph counters
hurricane:EP021949__EP031949:a0.5|CPS-2F,9,hurricane,EP021949__EP031949,0.5,CPS-2F,25,25,reused,output\paper_v1\unified_pilot_results\slots\09\attempts\slot09_e46deb0bcdd14153a890b48a67dfe8ee,validated,True,True,completed search,configuration_states_input_bound,2828.0,937890625.0,0.0003015276967930029,n*m*(n+2n(n-1))*(m+2m(m-1)),All index combinations; includes source/terminal; no hidden asymptotic constant,Thesis Observation 4 p.18 and section 5.1 p.26; manuscript section 4.4 pp.15-16,O(n^3 m^3),,
hurricane:EP021949__EP031949:a0.5|CPS-2F,9,hurricane,EP021949__EP031949,0.5,CPS-2F,25,25,reused,output\paper_v1\unified_pilot_results\slots\09\attempts\slot09_e46deb0bcdd14153a890b48a67dfe8ee,validated,True,True,completed search,configuration_states_extended_bound,2828.0,3513125.0,0.08049813200498132,n*m*(n+aA)*(m+aB),Actual extended-curve sizes; all index combinations,Thesis Observation 4 p.18 and section 5.1 p.26; manuscript section 4.4 pp.15-16,O(n^3 m^3),,
hurricane:EP021949__EP031949:a0.5|CPS-2F,9,hurricane,EP021949__EP031949,0.5,CPS-2F,25,25,reused,output\paper_v1\unified_pilot_results\slots\09\attempts\slot09_e46deb0bcdd14153a890b48a67dfe8ee,validated,True,True,completed search,configuration_states_active_bound,2828.0,,,H_A*H_B,Completed single graphs; includes coupling-invalid combinations,Thesis Observation 4 p.18 and section 5.1 p.26; manuscript section 4.4 pp.15-16,O(n^3 m^3),,Missing completed single-graph counters
hurricane:EP021949__EP031949:a0.5|CPS-2F,9,hurricane,EP021949__EP031949,0.5,CPS-2F,25,25,reused,output\paper_v1\unified_pilot_results\slots\09\attempts\slot09_e46deb0bcdd14153a890b48a67dfe8ee,validated,True,True,completed search,candidate_transition_checks,975595.0,,,E_A*E_B-H_A*H_B,No duplicate single-graph entries; each product source popped once; excludes simultaneous waits,Finite derivation from solve_cps() and chain_graph(); see graph_bounds.md,O(n^3 m^3),,Missing completed single-graph counters
hurricane:EP021949__EP031949:a0.5|CPS-3F,10,hurricane,EP021949__EP031949,0.5,CPS-3F,25,25,reused,output\paper_v1\unified_pilot_results\slots\10\attempts\slot10_9c3ce8eb1cc545e1b9833ac08e21c34d,validated,True,True,completed search,auxiliary_A,0.0,0.0,,0 (no auxiliary locations),Interior curve-parameter intersections; CPS-3F percentage not applicable,Thesis Observation 4 p.18 and section 5.1 p.26; manuscript section 4.4 pp.15-16,O(n^2 m^2),,Zero/non-applicable bound
hurricane:EP021949__EP031949:a0.5|CPS-3F,10,hurricane,EP021949__EP031949,0.5,CPS-3F,25,25,reused,output\paper_v1\unified_pilot_results\slots\10\attempts\slot10_9c3ce8eb1cc545e1b9833ac08e21c34d,validated,True,True,completed search,single_dense_A,625.0,625.0,100.0,k^2,"Dense indexing slots, not valid vertices",Thesis Observation 4 p.18 and section 5.1 p.26; manuscript section 4.4 pp.15-16,O(n^2 m^2),,
hurricane:EP021949__EP031949:a0.5|CPS-3F,10,hurricane,EP021949__EP031949,0.5,CPS-3F,25,25,reused,output\paper_v1\unified_pilot_results\slots\10\attempts\slot10_9c3ce8eb1cc545e1b9833ac08e21c34d,validated,True,True,completed search,single_active_A,,625.0,,k*(k+a),Anchored source/terminal included; single-graph construction complete,Thesis Observation 4 p.18 and section 5.1 p.26; manuscript section 4.4 pp.15-16,O(n^2 m^2),Counter unavailable or phase not reached; historical runs not rerun,
hurricane:EP021949__EP031949:a0.5|CPS-3F,10,hurricane,EP021949__EP031949,0.5,CPS-3F,25,25,reused,output\paper_v1\unified_pilot_results\slots\10\attempts\slot10_9c3ce8eb1cc545e1b9833ac08e21c34d,validated,True,True,completed search,single_edges_with_waits_A,,,,H*(H+1)/2,Unique forward transitions plus exactly H waits; completed graph,Finite derivation from chain_graph() enumeration and pruning,O(n^2 m^2),Counter unavailable or phase not reached; historical runs not rerun,Missing completed single-graph counters
hurricane:EP021949__EP031949:a0.5|CPS-3F,10,hurricane,EP021949__EP031949,0.5,CPS-3F,25,25,reused,output\paper_v1\unified_pilot_results\slots\10\attempts\slot10_9c3ce8eb1cc545e1b9833ac08e21c34d,validated,True,True,completed search,auxiliary_B,0.0,0.0,,0 (no auxiliary locations),Interior curve-parameter intersections; CPS-3F percentage not applicable,Thesis Observation 4 p.18 and section 5.1 p.26; manuscript section 4.4 pp.15-16,O(n^2 m^2),,Zero/non-applicable bound
hurricane:EP021949__EP031949:a0.5|CPS-3F,10,hurricane,EP021949__EP031949,0.5,CPS-3F,25,25,reused,output\paper_v1\unified_pilot_results\slots\10\attempts\slot10_9c3ce8eb1cc545e1b9833ac08e21c34d,validated,True,True,completed search,single_dense_B,625.0,625.0,100.0,k^2,"Dense indexing slots, not valid vertices",Thesis Observation 4 p.18 and section 5.1 p.26; manuscript section 4.4 pp.15-16,O(n^2 m^2),,
hurricane:EP021949__EP031949:a0.5|CPS-3F,10,hurricane,EP021949__EP031949,0.5,CPS-3F,25,25,reused,output\paper_v1\unified_pilot_results\slots\10\attempts\slot10_9c3ce8eb1cc545e1b9833ac08e21c34d,validated,True,True,completed search,single_active_B,,625.0,,k*(k+a),Anchored source/terminal included; single-graph construction complete,Thesis Observation 4 p.18 and section 5.1 p.26; manuscript section 4.4 pp.15-16,O(n^2 m^2),Counter unavailable or phase not reached; historical runs not rerun,
hurricane:EP021949__EP031949:a0.5|CPS-3F,10,hurricane,EP021949__EP031949,0.5,CPS-3F,25,25,reused,output\paper_v1\unified_pilot_results\slots\10\attempts\slot10_9c3ce8eb1cc545e1b9833ac08e21c34d,validated,True,True,completed search,single_edges_with_waits_B,222.0,,,H*(H+1)/2,Unique forward transitions plus exactly H waits; completed graph,Finite derivation from chain_graph() enumeration and pruning,O(n^2 m^2),,Missing completed single-graph counters
hurricane:EP021949__EP031949:a0.5|CPS-3F,10,hurricane,EP021949__EP031949,0.5,CPS-3F,25,25,reused,output\paper_v1\unified_pilot_results\slots\10\attempts\slot10_9c3ce8eb1cc545e1b9833ac08e21c34d,validated,True,True,completed search,configuration_states_input_bound,301.0,390625.0,0.077056,n^2*m^2,All index combinations; includes source/terminal; no hidden asymptotic constant,Thesis Observation 4 p.18 and section 5.1 p.26; manuscript section 4.4 pp.15-16,O(n^2 m^2),,
hurricane:EP021949__EP031949:a0.5|CPS-3F,10,hurricane,EP021949__EP031949,0.5,CPS-3F,25,25,reused,output\paper_v1\unified_pilot_results\slots\10\attempts\slot10_9c3ce8eb1cc545e1b9833ac08e21c34d,validated,True,True,completed search,configuration_states_active_bound,301.0,,,H_A*H_B,Completed single graphs; includes coupling-invalid combinations,Thesis Observation 4 p.18 and section 5.1 p.26; manuscript section 4.4 pp.15-16,O(n^2 m^2),,Missing completed single-graph counters
hurricane:EP021949__EP031949:a0.5|CPS-3F,10,hurricane,EP021949__EP031949,0.5,CPS-3F,25,25,reused,output\paper_v1\unified_pilot_results\slots\10\attempts\slot10_9c3ce8eb1cc545e1b9833ac08e21c34d,validated,True,True,completed search,candidate_transition_checks,1923.0,,,E_A*E_B-H_A*H_B,No duplicate single-graph entries; each product source popped once; excludes simultaneous waits,Finite derivation from solve_cps() and chain_graph(); see graph_bounds.md,O(n^2 m^2),,Missing completed single-graph counters
hurricane:EP021949__EP031949:a1|CPS-3F,13,hurricane,EP021949__EP031949,1.0,CPS-3F,25,25,reused,output\paper_v1\unified_pilot_results\slots\13\attempts\slot13_288bd832f6b34a6ca19d5e091f46554e,validated,True,True,completed search,auxiliary_A,0.0,0.0,,0 (no auxiliary locations),Interior curve-parameter intersections; CPS-3F percentage not applicable,Thesis Observation 4 p.18 and section 5.1 p.26; manuscript section 4.4 pp.15-16,O(n^2 m^2),,Zero/non-applicable bound
hurricane:EP021949__EP031949:a1|CPS-3F,13,hurricane,EP021949__EP031949,1.0,CPS-3F,25,25,reused,output\paper_v1\unified_pilot_results\slots\13\attempts\slot13_288bd832f6b34a6ca19d5e091f46554e,validated,True,True,completed search,single_dense_A,625.0,625.0,100.0,k^2,"Dense indexing slots, not valid vertices",Thesis Observation 4 p.18 and section 5.1 p.26; manuscript section 4.4 pp.15-16,O(n^2 m^2),,
hurricane:EP021949__EP031949:a1|CPS-3F,13,hurricane,EP021949__EP031949,1.0,CPS-3F,25,25,reused,output\paper_v1\unified_pilot_results\slots\13\attempts\slot13_288bd832f6b34a6ca19d5e091f46554e,validated,True,True,completed search,single_active_A,,625.0,,k*(k+a),Anchored source/terminal included; single-graph construction complete,Thesis Observation 4 p.18 and section 5.1 p.26; manuscript section 4.4 pp.15-16,O(n^2 m^2),Counter unavailable or phase not reached; historical runs not rerun,
hurricane:EP021949__EP031949:a1|CPS-3F,13,hurricane,EP021949__EP031949,1.0,CPS-3F,25,25,reused,output\paper_v1\unified_pilot_results\slots\13\attempts\slot13_288bd832f6b34a6ca19d5e091f46554e,validated,True,True,completed search,single_edges_with_waits_A,,,,H*(H+1)/2,Unique forward transitions plus exactly H waits; completed graph,Finite derivation from chain_graph() enumeration and pruning,O(n^2 m^2),Counter unavailable or phase not reached; historical runs not rerun,Missing completed single-graph counters
hurricane:EP021949__EP031949:a1|CPS-3F,13,hurricane,EP021949__EP031949,1.0,CPS-3F,25,25,reused,output\paper_v1\unified_pilot_results\slots\13\attempts\slot13_288bd832f6b34a6ca19d5e091f46554e,validated,True,True,completed search,auxiliary_B,0.0,0.0,,0 (no auxiliary locations),Interior curve-parameter intersections; CPS-3F percentage not applicable,Thesis Observation 4 p.18 and section 5.1 p.26; manuscript section 4.4 pp.15-16,O(n^2 m^2),,Zero/non-applicable bound
hurricane:EP021949__EP031949:a1|CPS-3F,13,hurricane,EP021949__EP031949,1.0,CPS-3F,25,25,reused,output\paper_v1\unified_pilot_results\slots\13\attempts\slot13_288bd832f6b34a6ca19d5e091f46554e,validated,True,True,completed search,single_dense_B,625.0,625.0,100.0,k^2,"Dense indexing slots, not valid vertices",Thesis Observation 4 p.18 and section 5.1 p.26; manuscript section 4.4 pp.15-16,O(n^2 m^2),,
hurricane:EP021949__EP031949:a1|CPS-3F,13,hurricane,EP021949__EP031949,1.0,CPS-3F,25,25,reused,output\paper_v1\unified_pilot_results\slots\13\attempts\slot13_288bd832f6b34a6ca19d5e091f46554e,validated,True,True,completed search,single_active_B,,625.0,,k*(k+a),Anchored source/terminal included; single-graph construction complete,Thesis Observation 4 p.18 and section 5.1 p.26; manuscript section 4.4 pp.15-16,O(n^2 m^2),Counter unavailable or phase not reached; historical runs not rerun,
hurricane:EP021949__EP031949:a1|CPS-3F,13,hurricane,EP021949__EP031949,1.0,CPS-3F,25,25,reused,output\paper_v1\unified_pilot_results\slots\13\attempts\slot13_288bd832f6b34a6ca19d5e091f46554e,validated,True,True,completed search,single_edges_with_waits_B,417.0,,,H*(H+1)/2,Unique forward transitions plus exactly H waits; completed graph,Finite derivation from chain_graph() enumeration and pruning,O(n^2 m^2),,Missing completed single-graph counters
hurricane:EP021949__EP031949:a1|CPS-3F,13,hurricane,EP021949__EP031949,1.0,CPS-3F,25,25,reused,output\paper_v1\unified_pilot_results\slots\13\attempts\slot13_288bd832f6b34a6ca19d5e091f46554e,validated,True,True,completed search,configuration_states_input_bound,575.0,390625.0,0.1472,n^2*m^2,All index combinations; includes source/terminal; no hidden asymptotic constant,Thesis Observation 4 p.18 and section 5.1 p.26; manuscript section 4.4 pp.15-16,O(n^2 m^2),,
hurricane:EP021949__EP031949:a1|CPS-3F,13,hurricane,EP021949__EP031949,1.0,CPS-3F,25,25,reused,output\paper_v1\unified_pilot_results\slots\13\attempts\slot13_288bd832f6b34a6ca19d5e091f46554e,validated,True,True,completed search,configuration_states_active_bound,575.0,,,H_A*H_B,Completed single graphs; includes coupling-invalid combinations,Thesis Observation 4 p.18 and section 5.1 p.26; manuscript section 4.4 pp.15-16,O(n^2 m^2),,Missing completed single-graph counters
hurricane:EP021949__EP031949:a1|CPS-3F,13,hurricane,EP021949__EP031949,1.0,CPS-3F,25,25,reused,output\paper_v1\unified_pilot_results\slots\13\attempts\slot13_288bd832f6b34a6ca19d5e091f46554e,validated,True,True,completed search,candidate_transition_checks,5345.0,,,E_A*E_B-H_A*H_B,No duplicate single-graph entries; each product source popped once; excludes simultaneous waits,Finite derivation from solve_cps() and chain_graph(); see graph_bounds.md,O(n^2 m^2),,Missing completed single-graph counters
hurricane:EP021949__EP031949:a1|CPS-2F,16,hurricane,EP021949__EP031949,1.0,CPS-2F,25,25,reused,output\paper_v1\unified_pilot_results\slots\16\attempts\slot16_717d93cece42448796adbcb4b4004ad9,validated,True,True,completed search,auxiliary_A,47.0,1200.0,3.9166666666666665,2 k(k-1),Interior curve-parameter intersections; CPS-3F percentage not applicable,Thesis Observation 4 p.18 and section 5.1 p.26; manuscript section 4.4 pp.15-16,O(n^3 m^3),,
hurricane:EP021949__EP031949:a1|CPS-2F,16,hurricane,EP021949__EP031949,1.0,CPS-2F,25,25,reused,output\paper_v1\unified_pilot_results\slots\16\attempts\slot16_717d93cece42448796adbcb4b4004ad9,validated,True,True,completed search,single_dense_A,1800.0,30625.0,5.877551020408164,k*(k+2k(k-1)),"Dense indexing slots, not valid vertices",Thesis Observation 4 p.18 and section 5.1 p.26; manuscript section 4.4 pp.15-16,O(n^3 m^3),,
hurricane:EP021949__EP031949:a1|CPS-2F,16,hurricane,EP021949__EP031949,1.0,CPS-2F,25,25,reused,output\paper_v1\unified_pilot_results\slots\16\attempts\slot16_717d93cece42448796adbcb4b4004ad9,validated,True,True,completed search,single_active_A,,1800.0,,k*(k+a),Anchored source/terminal included; single-graph construction complete,Thesis Observation 4 p.18 and section 5.1 p.26; manuscript section 4.4 pp.15-16,O(n^3 m^3),Counter unavailable or phase not reached; historical runs not rerun,
hurricane:EP021949__EP031949:a1|CPS-2F,16,hurricane,EP021949__EP031949,1.0,CPS-2F,25,25,reused,output\paper_v1\unified_pilot_results\slots\16\attempts\slot16_717d93cece42448796adbcb4b4004ad9,validated,True,True,completed search,single_edges_with_waits_A,,,,H*(H+1)/2,Unique forward transitions plus exactly H waits; completed graph,Finite derivation from chain_graph() enumeration and pruning,O(n^3 m^3),Counter unavailable or phase not reached; historical runs not rerun,Missing completed single-graph counters
hurricane:EP021949__EP031949:a1|CPS-2F,16,hurricane,EP021949__EP031949,1.0,CPS-2F,25,25,reused,output\paper_v1\unified_pilot_results\slots\16\attempts\slot16_717d93cece42448796adbcb4b4004ad9,validated,True,True,completed search,auxiliary_B,43.0,1200.0,3.5833333333333335,2 k(k-1),Interior curve-parameter intersections; CPS-3F percentage not applicable,Thesis Observation 4 p.18 and section 5.1 p.26; manuscript section 4.4 pp.15-16,O(n^3 m^3),,
hurricane:EP021949__EP031949:a1|CPS-2F,16,hurricane,EP021949__EP031949,1.0,CPS-2F,25,25,reused,output\paper_v1\unified_pilot_results\slots\16\attempts\slot16_717d93cece42448796adbcb4b4004ad9,validated,True,True,completed search,single_dense_B,1700.0,30625.0,5.551020408163265,k*(k+2k(k-1)),"Dense indexing slots, not valid vertices",Thesis Observation 4 p.18 and section 5.1 p.26; manuscript section 4.4 pp.15-16,O(n^3 m^3),,
hurricane:EP021949__EP031949:a1|CPS-2F,16,hurricane,EP021949__EP031949,1.0,CPS-2F,25,25,reused,output\paper_v1\unified_pilot_results\slots\16\attempts\slot16_717d93cece42448796adbcb4b4004ad9,validated,True,True,completed search,single_active_B,,1700.0,,k*(k+a),Anchored source/terminal included; single-graph construction complete,Thesis Observation 4 p.18 and section 5.1 p.26; manuscript section 4.4 pp.15-16,O(n^3 m^3),Counter unavailable or phase not reached; historical runs not rerun,
hurricane:EP021949__EP031949:a1|CPS-2F,16,hurricane,EP021949__EP031949,1.0,CPS-2F,25,25,reused,output\paper_v1\unified_pilot_results\slots\16\attempts\slot16_717d93cece42448796adbcb4b4004ad9,validated,True,True,completed search,single_edges_with_waits_B,19203.0,,,H*(H+1)/2,Unique forward transitions plus exactly H waits; completed graph,Finite derivation from chain_graph() enumeration and pruning,O(n^3 m^3),,Missing completed single-graph counters
hurricane:EP021949__EP031949:a1|CPS-2F,16,hurricane,EP021949__EP031949,1.0,CPS-2F,25,25,reused,output\paper_v1\unified_pilot_results\slots\16\attempts\slot16_717d93cece42448796adbcb4b4004ad9,validated,True,True,completed search,configuration_states_input_bound,6765.0,937890625.0,0.0007212994585589338,n*m*(n+2n(n-1))*(m+2m(m-1)),All index combinations; includes source/terminal; no hidden asymptotic constant,Thesis Observation 4 p.18 and section 5.1 p.26; manuscript section 4.4 pp.15-16,O(n^3 m^3),,
hurricane:EP021949__EP031949:a1|CPS-2F,16,hurricane,EP021949__EP031949,1.0,CPS-2F,25,25,reused,output\paper_v1\unified_pilot_results\slots\16\attempts\slot16_717d93cece42448796adbcb4b4004ad9,validated,True,True,completed search,configuration_states_extended_bound,6765.0,3060000.0,0.221078431372549,n*m*(n+aA)*(m+aB),Actual extended-curve sizes; all index combinations,Thesis Observation 4 p.18 and section 5.1 p.26; manuscript section 4.4 pp.15-16,O(n^3 m^3),,
hurricane:EP021949__EP031949:a1|CPS-2F,16,hurricane,EP021949__EP031949,1.0,CPS-2F,25,25,reused,output\paper_v1\unified_pilot_results\slots\16\attempts\slot16_717d93cece42448796adbcb4b4004ad9,validated,True,True,completed search,configuration_states_active_bound,6765.0,,,H_A*H_B,Completed single graphs; includes coupling-invalid combinations,Thesis Observation 4 p.18 and section 5.1 p.26; manuscript section 4.4 pp.15-16,O(n^3 m^3),,Missing completed single-graph counters
hurricane:EP021949__EP031949:a1|CPS-2F,16,hurricane,EP021949__EP031949,1.0,CPS-2F,25,25,reused,output\paper_v1\unified_pilot_results\slots\16\attempts\slot16_717d93cece42448796adbcb4b4004ad9,validated,True,True,completed search,candidate_transition_checks,8661251.0,,,E_A*E_B-H_A*H_B,No duplicate single-graph entries; each product source popped once; excludes simultaneous waits,Finite derivation from solve_cps() and chain_graph(); see graph_bounds.md,O(n^3 m^3),,Missing completed single-graph counters
protein:1o7j.a__1d9q.d:a0.5|CPS-2F,19,protein,1o7j.a__1d9q.d,0.5,CPS-2F,22,22,reused,output\paper_v1\unified_pilot_results\slots\19\attempts\slot19_67a95ddd348341d08fd3a07c99191bd7,validated,True,True,completed search,auxiliary_A,96.0,924.0,10.38961038961039,2 k(k-1),Interior curve-parameter intersections; CPS-3F percentage not applicable,Thesis Observation 4 p.18 and section 5.1 p.26; manuscript section 4.4 pp.15-16,O(n^3 m^3),,
protein:1o7j.a__1d9q.d:a0.5|CPS-2F,19,protein,1o7j.a__1d9q.d,0.5,CPS-2F,22,22,reused,output\paper_v1\unified_pilot_results\slots\19\attempts\slot19_67a95ddd348341d08fd3a07c99191bd7,validated,True,True,completed search,single_dense_A,2596.0,20812.0,12.473572938689218,k*(k+2k(k-1)),"Dense indexing slots, not valid vertices",Thesis Observation 4 p.18 and section 5.1 p.26; manuscript section 4.4 pp.15-16,O(n^3 m^3),,
protein:1o7j.a__1d9q.d:a0.5|CPS-2F,19,protein,1o7j.a__1d9q.d,0.5,CPS-2F,22,22,reused,output\paper_v1\unified_pilot_results\slots\19\attempts\slot19_67a95ddd348341d08fd3a07c99191bd7,validated,True,True,completed search,single_active_A,,2596.0,,k*(k+a),Anchored source/terminal included; single-graph construction complete,Thesis Observation 4 p.18 and section 5.1 p.26; manuscript section 4.4 pp.15-16,O(n^3 m^3),Counter unavailable or phase not reached; historical runs not rerun,
protein:1o7j.a__1d9q.d:a0.5|CPS-2F,19,protein,1o7j.a__1d9q.d,0.5,CPS-2F,22,22,reused,output\paper_v1\unified_pilot_results\slots\19\attempts\slot19_67a95ddd348341d08fd3a07c99191bd7,validated,True,True,completed search,single_edges_with_waits_A,,,,H*(H+1)/2,Unique forward transitions plus exactly H waits; completed graph,Finite derivation from chain_graph() enumeration and pruning,O(n^3 m^3),Counter unavailable or phase not reached; historical runs not rerun,Missing completed single-graph counters
protein:1o7j.a__1d9q.d:a0.5|CPS-2F,19,protein,1o7j.a__1d9q.d,0.5,CPS-2F,22,22,reused,output\paper_v1\unified_pilot_results\slots\19\attempts\slot19_67a95ddd348341d08fd3a07c99191bd7,validated,True,True,completed search,auxiliary_B,91.0,924.0,9.848484848484848,2 k(k-1),Interior curve-parameter intersections; CPS-3F percentage not applicable,Thesis Observation 4 p.18 and section 5.1 p.26; manuscript section 4.4 pp.15-16,O(n^3 m^3),,
protein:1o7j.a__1d9q.d:a0.5|CPS-2F,19,protein,1o7j.a__1d9q.d,0.5,CPS-2F,22,22,reused,output\paper_v1\unified_pilot_results\slots\19\attempts\slot19_67a95ddd348341d08fd3a07c99191bd7,validated,True,True,completed search,single_dense_B,2486.0,20812.0,11.945031712473574,k*(k+2k(k-1)),"Dense indexing slots, not valid vertices",Thesis Observation 4 p.18 and section 5.1 p.26; manuscript section 4.4 pp.15-16,O(n^3 m^3),,
protein:1o7j.a__1d9q.d:a0.5|CPS-2F,19,protein,1o7j.a__1d9q.d,0.5,CPS-2F,22,22,reused,output\paper_v1\unified_pilot_results\slots\19\attempts\slot19_67a95ddd348341d08fd3a07c99191bd7,validated,True,True,completed search,single_active_B,,2486.0,,k*(k+a),Anchored source/terminal included; single-graph construction complete,Thesis Observation 4 p.18 and section 5.1 p.26; manuscript section 4.4 pp.15-16,O(n^3 m^3),Counter unavailable or phase not reached; historical runs not rerun,
protein:1o7j.a__1d9q.d:a0.5|CPS-2F,19,protein,1o7j.a__1d9q.d,0.5,CPS-2F,22,22,reused,output\paper_v1\unified_pilot_results\slots\19\attempts\slot19_67a95ddd348341d08fd3a07c99191bd7,validated,True,True,completed search,single_edges_with_waits_B,2651.0,,,H*(H+1)/2,Unique forward transitions plus exactly H waits; completed graph,Finite derivation from chain_graph() enumeration and pruning,O(n^3 m^3),,Missing completed single-graph counters
protein:1o7j.a__1d9q.d:a0.5|CPS-2F,19,protein,1o7j.a__1d9q.d,0.5,CPS-2F,22,22,reused,output\paper_v1\unified_pilot_results\slots\19\attempts\slot19_67a95ddd348341d08fd3a07c99191bd7,validated,True,True,completed search,configuration_states_input_bound,22004.0,433139344.0,0.005080120359604183,n*m*(n+2n(n-1))*(m+2m(m-1)),All index combinations; includes source/terminal; no hidden asymptotic constant,Thesis Observation 4 p.18 and section 5.1 p.26; manuscript section 4.4 pp.15-16,O(n^3 m^3),,
protein:1o7j.a__1d9q.d:a0.5|CPS-2F,19,protein,1o7j.a__1d9q.d,0.5,CPS-2F,22,22,reused,output\paper_v1\unified_pilot_results\slots\19\attempts\slot19_67a95ddd348341d08fd3a07c99191bd7,validated,True,True,completed search,configuration_states_extended_bound,22004.0,6453656.0,0.34095402667883135,n*m*(n+aA)*(m+aB),Actual extended-curve sizes; all index combinations,Thesis Observation 4 p.18 and section 5.1 p.26; manuscript section 4.4 pp.15-16,O(n^3 m^3),,
protein:1o7j.a__1d9q.d:a0.5|CPS-2F,19,protein,1o7j.a__1d9q.d,0.5,CPS-2F,22,22,reused,output\paper_v1\unified_pilot_results\slots\19\attempts\slot19_67a95ddd348341d08fd3a07c99191bd7,validated,True,True,completed search,configuration_states_active_bound,22004.0,,,H_A*H_B,Completed single graphs; includes coupling-invalid combinations,Thesis Observation 4 p.18 and section 5.1 p.26; manuscript section 4.4 pp.15-16,O(n^3 m^3),,Missing completed single-graph counters
protein:1o7j.a__1d9q.d:a0.5|CPS-2F,19,protein,1o7j.a__1d9q.d,0.5,CPS-2F,22,22,reused,output\paper_v1\unified_pilot_results\slots\19\attempts\slot19_67a95ddd348341d08fd3a07c99191bd7,validated,True,True,completed search,candidate_transition_checks,6617064.0,,,E_A*E_B-H_A*H_B,No duplicate single-graph entries; each product source popped once; excludes simultaneous waits,Finite derivation from solve_cps() and chain_graph(); see graph_bounds.md,O(n^3 m^3),,Missing completed single-graph counters
protein:1o7j.a__1d9q.d:a0.5|CPS-3F,20,protein,1o7j.a__1d9q.d,0.5,CPS-3F,22,22,reused,output\paper_v1\unified_pilot_results\slots\20\attempts\slot20_e0ee0e87e6cf44b8b6e3f58388474666,validated,True,True,completed search,auxiliary_A,0.0,0.0,,0 (no auxiliary locations),Interior curve-parameter intersections; CPS-3F percentage not applicable,Thesis Observation 4 p.18 and section 5.1 p.26; manuscript section 4.4 pp.15-16,O(n^2 m^2),,Zero/non-applicable bound
protein:1o7j.a__1d9q.d:a0.5|CPS-3F,20,protein,1o7j.a__1d9q.d,0.5,CPS-3F,22,22,reused,output\paper_v1\unified_pilot_results\slots\20\attempts\slot20_e0ee0e87e6cf44b8b6e3f58388474666,validated,True,True,completed search,single_dense_A,484.0,484.0,100.0,k^2,"Dense indexing slots, not valid vertices",Thesis Observation 4 p.18 and section 5.1 p.26; manuscript section 4.4 pp.15-16,O(n^2 m^2),,
protein:1o7j.a__1d9q.d:a0.5|CPS-3F,20,protein,1o7j.a__1d9q.d,0.5,CPS-3F,22,22,reused,output\paper_v1\unified_pilot_results\slots\20\attempts\slot20_e0ee0e87e6cf44b8b6e3f58388474666,validated,True,True,completed search,single_active_A,,484.0,,k*(k+a),Anchored source/terminal included; single-graph construction complete,Thesis Observation 4 p.18 and section 5.1 p.26; manuscript section 4.4 pp.15-16,O(n^2 m^2),Counter unavailable or phase not reached; historical runs not rerun,
protein:1o7j.a__1d9q.d:a0.5|CPS-3F,20,protein,1o7j.a__1d9q.d,0.5,CPS-3F,22,22,reused,output\paper_v1\unified_pilot_results\slots\20\attempts\slot20_e0ee0e87e6cf44b8b6e3f58388474666,validated,True,True,completed search,single_edges_with_waits_A,,,,H*(H+1)/2,Unique forward transitions plus exactly H waits; completed graph,Finite derivation from chain_graph() enumeration and pruning,O(n^2 m^2),Counter unavailable or phase not reached; historical runs not rerun,Missing completed single-graph counters
protein:1o7j.a__1d9q.d:a0.5|CPS-3F,20,protein,1o7j.a__1d9q.d,0.5,CPS-3F,22,22,reused,output\paper_v1\unified_pilot_results\slots\20\attempts\slot20_e0ee0e87e6cf44b8b6e3f58388474666,validated,True,True,completed search,auxiliary_B,0.0,0.0,,0 (no auxiliary locations),Interior curve-parameter intersections; CPS-3F percentage not applicable,Thesis Observation 4 p.18 and section 5.1 p.26; manuscript section 4.4 pp.15-16,O(n^2 m^2),,Zero/non-applicable bound
protein:1o7j.a__1d9q.d:a0.5|CPS-3F,20,protein,1o7j.a__1d9q.d,0.5,CPS-3F,22,22,reused,output\paper_v1\unified_pilot_results\slots\20\attempts\slot20_e0ee0e87e6cf44b8b6e3f58388474666,validated,True,True,completed search,single_dense_B,484.0,484.0,100.0,k^2,"Dense indexing slots, not valid vertices",Thesis Observation 4 p.18 and section 5.1 p.26; manuscript section 4.4 pp.15-16,O(n^2 m^2),,
protein:1o7j.a__1d9q.d:a0.5|CPS-3F,20,protein,1o7j.a__1d9q.d,0.5,CPS-3F,22,22,reused,output\paper_v1\unified_pilot_results\slots\20\attempts\slot20_e0ee0e87e6cf44b8b6e3f58388474666,validated,True,True,completed search,single_active_B,,484.0,,k*(k+a),Anchored source/terminal included; single-graph construction complete,Thesis Observation 4 p.18 and section 5.1 p.26; manuscript section 4.4 pp.15-16,O(n^2 m^2),Counter unavailable or phase not reached; historical runs not rerun,
protein:1o7j.a__1d9q.d:a0.5|CPS-3F,20,protein,1o7j.a__1d9q.d,0.5,CPS-3F,22,22,reused,output\paper_v1\unified_pilot_results\slots\20\attempts\slot20_e0ee0e87e6cf44b8b6e3f58388474666,validated,True,True,completed search,single_edges_with_waits_B,62.0,,,H*(H+1)/2,Unique forward transitions plus exactly H waits; completed graph,Finite derivation from chain_graph() enumeration and pruning,O(n^2 m^2),,Missing completed single-graph counters
protein:1o7j.a__1d9q.d:a0.5|CPS-3F,20,protein,1o7j.a__1d9q.d,0.5,CPS-3F,22,22,reused,output\paper_v1\unified_pilot_results\slots\20\attempts\slot20_e0ee0e87e6cf44b8b6e3f58388474666,validated,True,True,completed search,configuration_states_input_bound,669.0,234256.0,0.28558500102452017,n^2*m^2,All index combinations; includes source/terminal; no hidden asymptotic constant,Thesis Observation 4 p.18 and section 5.1 p.26; manuscript section 4.4 pp.15-16,O(n^2 m^2),,
protein:1o7j.a__1d9q.d:a0.5|CPS-3F,20,protein,1o7j.a__1d9q.d,0.5,CPS-3F,22,22,reused,output\paper_v1\unified_pilot_results\slots\20\attempts\slot20_e0ee0e87e6cf44b8b6e3f58388474666,validated,True,True,completed search,configuration_states_active_bound,669.0,,,H_A*H_B,Completed single graphs; includes coupling-invalid combinations,Thesis Observation 4 p.18 and section 5.1 p.26; manuscript section 4.4 pp.15-16,O(n^2 m^2),,Missing completed single-graph counters
protein:1o7j.a__1d9q.d:a0.5|CPS-3F,20,protein,1o7j.a__1d9q.d,0.5,CPS-3F,22,22,reused,output\paper_v1\unified_pilot_results\slots\20\attempts\slot20_e0ee0e87e6cf44b8b6e3f58388474666,validated,True,True,completed search,candidate_transition_checks,3170.0,,,E_A*E_B-H_A*H_B,No duplicate single-graph entries; each product source popped once; excludes simultaneous waits,Finite derivation from solve_cps() and chain_graph(); see graph_bounds.md,O(n^2 m^2),,Missing completed single-graph counters
protein:1o7j.a__1d9q.d:a1|CPS-2F,22,protein,1o7j.a__1d9q.d,1.0,CPS-2F,22,22,reused,output\paper_v1\unified_pilot_results\slots\22\attempts\slot22_739086777aba470a8481508806d02f99,state_budget_limit,False,True,observed before termination,auxiliary_A,,924.0,,2 k(k-1),Interior curve-parameter intersections; CPS-3F percentage not applicable,Thesis Observation 4 p.18 and section 5.1 p.26; manuscript section 4.4 pp.15-16,O(n^3 m^3),Counter unavailable or phase not reached; historical runs not rerun,
protein:1o7j.a__1d9q.d:a1|CPS-2F,22,protein,1o7j.a__1d9q.d,1.0,CPS-2F,22,22,reused,output\paper_v1\unified_pilot_results\slots\22\attempts\slot22_739086777aba470a8481508806d02f99,state_budget_limit,False,True,observed before termination,single_dense_A,,20812.0,,k*(k+2k(k-1)),"Dense indexing slots, not valid vertices",Thesis Observation 4 p.18 and section 5.1 p.26; manuscript section 4.4 pp.15-16,O(n^3 m^3),Counter unavailable or phase not reached; historical runs not rerun,
protein:1o7j.a__1d9q.d:a1|CPS-2F,22,protein,1o7j.a__1d9q.d,1.0,CPS-2F,22,22,reused,output\paper_v1\unified_pilot_results\slots\22\attempts\slot22_739086777aba470a8481508806d02f99,state_budget_limit,False,True,observed before termination,single_active_A,,,,k*(k+a),Anchored source/terminal included; single-graph construction complete,Thesis Observation 4 p.18 and section 5.1 p.26; manuscript section 4.4 pp.15-16,O(n^3 m^3),Counter unavailable or phase not reached; historical runs not rerun,Missing completed single-graph counters
protein:1o7j.a__1d9q.d:a1|CPS-2F,22,protein,1o7j.a__1d9q.d,1.0,CPS-2F,22,22,reused,output\paper_v1\unified_pilot_results\slots\22\attempts\slot22_739086777aba470a8481508806d02f99,state_budget_limit,False,True,observed before termination,single_edges_with_waits_A,,,,H*(H+1)/2,Unique forward transitions plus exactly H waits; completed graph,Finite derivation from chain_graph() enumeration and pruning,O(n^3 m^3),Counter unavailable or phase not reached; historical runs not rerun,Missing completed single-graph counters
protein:1o7j.a__1d9q.d:a1|CPS-2F,22,protein,1o7j.a__1d9q.d,1.0,CPS-2F,22,22,reused,output\paper_v1\unified_pilot_results\slots\22\attempts\slot22_739086777aba470a8481508806d02f99,state_budget_limit,False,True,observed before termination,auxiliary_B,182.0,924.0,19.696969696969695,2 k(k-1),Interior curve-parameter intersections; CPS-3F percentage not applicable,Thesis Observation 4 p.18 and section 5.1 p.26; manuscript section 4.4 pp.15-16,O(n^3 m^3),,
protein:1o7j.a__1d9q.d:a1|CPS-2F,22,protein,1o7j.a__1d9q.d,1.0,CPS-2F,22,22,reused,output\paper_v1\unified_pilot_results\slots\22\attempts\slot22_739086777aba470a8481508806d02f99,state_budget_limit,False,True,observed before termination,single_dense_B,4488.0,20812.0,21.56448202959831,k*(k+2k(k-1)),"Dense indexing slots, not valid vertices",Thesis Observation 4 p.18 and section 5.1 p.26; manuscript section 4.4 pp.15-16,O(n^3 m^3),,
protein:1o7j.a__1d9q.d:a1|CPS-2F,22,protein,1o7j.a__1d9q.d,1.0,CPS-2F,22,22,reused,output\paper_v1\unified_pilot_results\slots\22\attempts\slot22_739086777aba470a8481508806d02f99,state_budget_limit,False,True,observed before termination,single_active_B,,4488.0,,k*(k+a),Anchored source/terminal included; single-graph construction complete,Thesis Observation 4 p.18 and section 5.1 p.26; manuscript section 4.4 pp.15-16,O(n^3 m^3),Counter unavailable or phase not reached; historical runs not rerun,
protein:1o7j.a__1d9q.d:a1|CPS-2F,22,protein,1o7j.a__1d9q.d,1.0,CPS-2F,22,22,reused,output\paper_v1\unified_pilot_results\slots\22\attempts\slot22_739086777aba470a8481508806d02f99,state_budget_limit,False,True,observed before termination,single_edges_with_waits_B,135841.0,,,H*(H+1)/2,Unique forward transitions plus exactly H waits; completed graph,Finite derivation from chain_graph() enumeration and pruning,O(n^3 m^3),,Missing completed single-graph counters
protein:1o7j.a__1d9q.d:a1|CPS-2F,22,protein,1o7j.a__1d9q.d,1.0,CPS-2F,22,22,reused,output\paper_v1\unified_pilot_results\slots\22\attempts\slot22_739086777aba470a8481508806d02f99,state_budget_limit,False,True,observed before termination,configuration_states_input_bound,100000.0,433139344.0,0.023087258496655987,n*m*(n+2n(n-1))*(m+2m(m-1)),All index combinations; includes source/terminal; no hidden asymptotic constant,Thesis Observation 4 p.18 and section 5.1 p.26; manuscript section 4.4 pp.15-16,O(n^3 m^3),,
protein:1o7j.a__1d9q.d:a1|CPS-2F,22,protein,1o7j.a__1d9q.d,1.0,CPS-2F,22,22,reused,output\paper_v1\unified_pilot_results\slots\22\attempts\slot22_739086777aba470a8481508806d02f99,state_budget_limit,False,True,observed before termination,configuration_states_extended_bound,100000.0,,,n*m*(n+aA)*(m+aB),Actual extended-curve sizes; all index combinations,Thesis Observation 4 p.18 and section 5.1 p.26; manuscript section 4.4 pp.15-16,O(n^3 m^3),,Missing completed single-graph counters
protein:1o7j.a__1d9q.d:a1|CPS-2F,22,protein,1o7j.a__1d9q.d,1.0,CPS-2F,22,22,reused,output\paper_v1\unified_pilot_results\slots\22\attempts\slot22_739086777aba470a8481508806d02f99,state_budget_limit,False,True,observed before termination,configuration_states_active_bound,100000.0,,,H_A*H_B,Completed single graphs; includes coupling-invalid combinations,Thesis Observation 4 p.18 and section 5.1 p.26; manuscript section 4.4 pp.15-16,O(n^3 m^3),,Missing completed single-graph counters
protein:1o7j.a__1d9q.d:a1|CPS-2F,22,protein,1o7j.a__1d9q.d,1.0,CPS-2F,22,22,reused,output\paper_v1\unified_pilot_results\slots\22\attempts\slot22_739086777aba470a8481508806d02f99,state_budget_limit,False,True,observed before termination,candidate_transition_checks,9667290.0,,,E_A*E_B-H_A*H_B,No duplicate single-graph entries; each product source popped once; excludes simultaneous waits,Finite derivation from solve_cps() and chain_graph(); see graph_bounds.md,O(n^3 m^3),,Missing completed single-graph counters
protein:1o7j.a__1d9q.d:a1|CPS-3F,23,protein,1o7j.a__1d9q.d,1.0,CPS-3F,22,22,reused,output\paper_v1\unified_pilot_results\slots\23\attempts\slot23_b83adb2f114340e2b1e0482117050c66,validated,True,True,completed search,auxiliary_A,0.0,0.0,,0 (no auxiliary locations),Interior curve-parameter intersections; CPS-3F percentage not applicable,Thesis Observation 4 p.18 and section 5.1 p.26; manuscript section 4.4 pp.15-16,O(n^2 m^2),,Zero/non-applicable bound
protein:1o7j.a__1d9q.d:a1|CPS-3F,23,protein,1o7j.a__1d9q.d,1.0,CPS-3F,22,22,reused,output\paper_v1\unified_pilot_results\slots\23\attempts\slot23_b83adb2f114340e2b1e0482117050c66,validated,True,True,completed search,single_dense_A,484.0,484.0,100.0,k^2,"Dense indexing slots, not valid vertices",Thesis Observation 4 p.18 and section 5.1 p.26; manuscript section 4.4 pp.15-16,O(n^2 m^2),,
protein:1o7j.a__1d9q.d:a1|CPS-3F,23,protein,1o7j.a__1d9q.d,1.0,CPS-3F,22,22,reused,output\paper_v1\unified_pilot_results\slots\23\attempts\slot23_b83adb2f114340e2b1e0482117050c66,validated,True,True,completed search,single_active_A,,484.0,,k*(k+a),Anchored source/terminal included; single-graph construction complete,Thesis Observation 4 p.18 and section 5.1 p.26; manuscript section 4.4 pp.15-16,O(n^2 m^2),Counter unavailable or phase not reached; historical runs not rerun,
protein:1o7j.a__1d9q.d:a1|CPS-3F,23,protein,1o7j.a__1d9q.d,1.0,CPS-3F,22,22,reused,output\paper_v1\unified_pilot_results\slots\23\attempts\slot23_b83adb2f114340e2b1e0482117050c66,validated,True,True,completed search,single_edges_with_waits_A,,,,H*(H+1)/2,Unique forward transitions plus exactly H waits; completed graph,Finite derivation from chain_graph() enumeration and pruning,O(n^2 m^2),Counter unavailable or phase not reached; historical runs not rerun,Missing completed single-graph counters
protein:1o7j.a__1d9q.d:a1|CPS-3F,23,protein,1o7j.a__1d9q.d,1.0,CPS-3F,22,22,reused,output\paper_v1\unified_pilot_results\slots\23\attempts\slot23_b83adb2f114340e2b1e0482117050c66,validated,True,True,completed search,auxiliary_B,0.0,0.0,,0 (no auxiliary locations),Interior curve-parameter intersections; CPS-3F percentage not applicable,Thesis Observation 4 p.18 and section 5.1 p.26; manuscript section 4.4 pp.15-16,O(n^2 m^2),,Zero/non-applicable bound
protein:1o7j.a__1d9q.d:a1|CPS-3F,23,protein,1o7j.a__1d9q.d,1.0,CPS-3F,22,22,reused,output\paper_v1\unified_pilot_results\slots\23\attempts\slot23_b83adb2f114340e2b1e0482117050c66,validated,True,True,completed search,single_dense_B,484.0,484.0,100.0,k^2,"Dense indexing slots, not valid vertices",Thesis Observation 4 p.18 and section 5.1 p.26; manuscript section 4.4 pp.15-16,O(n^2 m^2),,
protein:1o7j.a__1d9q.d:a1|CPS-3F,23,protein,1o7j.a__1d9q.d,1.0,CPS-3F,22,22,reused,output\paper_v1\unified_pilot_results\slots\23\attempts\slot23_b83adb2f114340e2b1e0482117050c66,validated,True,True,completed search,single_active_B,,484.0,,k*(k+a),Anchored source/terminal included; single-graph construction complete,Thesis Observation 4 p.18 and section 5.1 p.26; manuscript section 4.4 pp.15-16,O(n^2 m^2),Counter unavailable or phase not reached; historical runs not rerun,
protein:1o7j.a__1d9q.d:a1|CPS-3F,23,protein,1o7j.a__1d9q.d,1.0,CPS-3F,22,22,reused,output\paper_v1\unified_pilot_results\slots\23\attempts\slot23_b83adb2f114340e2b1e0482117050c66,validated,True,True,completed search,single_edges_with_waits_B,292.0,,,H*(H+1)/2,Unique forward transitions plus exactly H waits; completed graph,Finite derivation from chain_graph() enumeration and pruning,O(n^2 m^2),,Missing completed single-graph counters
protein:1o7j.a__1d9q.d:a1|CPS-3F,23,protein,1o7j.a__1d9q.d,1.0,CPS-3F,22,22,reused,output\paper_v1\unified_pilot_results\slots\23\attempts\slot23_b83adb2f114340e2b1e0482117050c66,validated,True,True,completed search,configuration_states_input_bound,5038.0,234256.0,2.1506386175807664,n^2*m^2,All index combinations; includes source/terminal; no hidden asymptotic constant,Thesis Observation 4 p.18 and section 5.1 p.26; manuscript section 4.4 pp.15-16,O(n^2 m^2),,
protein:1o7j.a__1d9q.d:a1|CPS-3F,23,protein,1o7j.a__1d9q.d,1.0,CPS-3F,22,22,reused,output\paper_v1\unified_pilot_results\slots\23\attempts\slot23_b83adb2f114340e2b1e0482117050c66,validated,True,True,completed search,configuration_states_active_bound,5038.0,,,H_A*H_B,Completed single graphs; includes coupling-invalid combinations,Thesis Observation 4 p.18 and section 5.1 p.26; manuscript section 4.4 pp.15-16,O(n^2 m^2),,Missing completed single-graph counters
protein:1o7j.a__1d9q.d:a1|CPS-3F,23,protein,1o7j.a__1d9q.d,1.0,CPS-3F,22,22,reused,output\paper_v1\unified_pilot_results\slots\23\attempts\slot23_b83adb2f114340e2b1e0482117050c66,validated,True,True,completed search,candidate_transition_checks,131421.0,,,E_A*E_B-H_A*H_B,No duplicate single-graph entries; each product source popped once; excludes simultaneous waits,Finite derivation from solve_cps() and chain_graph(); see graph_bounds.md,O(n^2 m^2),,Missing completed single-graph counters
protein:1o7j.a__1hfj.c:a0.5|CPS-2F,25,protein,1o7j.a__1hfj.c,0.5,CPS-2F,22,22,reused,output\paper_v1\unified_pilot_results\slots\25\attempts\slot25_e5ce743da5d4474f8086789aa234a723,validated,True,True,completed search,auxiliary_A,96.0,924.0,10.38961038961039,2 k(k-1),Interior curve-parameter intersections; CPS-3F percentage not applicable,Thesis Observation 4 p.18 and section 5.1 p.26; manuscript section 4.4 pp.15-16,O(n^3 m^3),,
protein:1o7j.a__1hfj.c:a0.5|CPS-2F,25,protein,1o7j.a__1hfj.c,0.5,CPS-2F,22,22,reused,output\paper_v1\unified_pilot_results\slots\25\attempts\slot25_e5ce743da5d4474f8086789aa234a723,validated,True,True,completed search,single_dense_A,2596.0,20812.0,12.473572938689218,k*(k+2k(k-1)),"Dense indexing slots, not valid vertices",Thesis Observation 4 p.18 and section 5.1 p.26; manuscript section 4.4 pp.15-16,O(n^3 m^3),,
protein:1o7j.a__1hfj.c:a0.5|CPS-2F,25,protein,1o7j.a__1hfj.c,0.5,CPS-2F,22,22,reused,output\paper_v1\unified_pilot_results\slots\25\attempts\slot25_e5ce743da5d4474f8086789aa234a723,validated,True,True,completed search,single_active_A,,2596.0,,k*(k+a),Anchored source/terminal included; single-graph construction complete,Thesis Observation 4 p.18 and section 5.1 p.26; manuscript section 4.4 pp.15-16,O(n^3 m^3),Counter unavailable or phase not reached; historical runs not rerun,
protein:1o7j.a__1hfj.c:a0.5|CPS-2F,25,protein,1o7j.a__1hfj.c,0.5,CPS-2F,22,22,reused,output\paper_v1\unified_pilot_results\slots\25\attempts\slot25_e5ce743da5d4474f8086789aa234a723,validated,True,True,completed search,single_edges_with_waits_A,,,,H*(H+1)/2,Unique forward transitions plus exactly H waits; completed graph,Finite derivation from chain_graph() enumeration and pruning,O(n^3 m^3),Counter unavailable or phase not reached; historical runs not rerun,Missing completed single-graph counters
protein:1o7j.a__1hfj.c:a0.5|CPS-2F,25,protein,1o7j.a__1hfj.c,0.5,CPS-2F,22,22,reused,output\paper_v1\unified_pilot_results\slots\25\attempts\slot25_e5ce743da5d4474f8086789aa234a723,validated,True,True,completed search,auxiliary_B,94.0,924.0,10.173160173160174,2 k(k-1),Interior curve-parameter intersections; CPS-3F percentage not applicable,Thesis Observation 4 p.18 and section 5.1 p.26; manuscript section 4.4 pp.15-16,O(n^3 m^3),,
protein:1o7j.a__1hfj.c:a0.5|CPS-2F,25,protein,1o7j.a__1hfj.c,0.5,CPS-2F,22,22,reused,output\paper_v1\unified_pilot_results\slots\25\attempts\slot25_e5ce743da5d4474f8086789aa234a723,validated,True,True,completed search,single_dense_B,2552.0,20812.0,12.26215644820296,k*(k+2k(k-1)),"Dense indexing slots, not valid vertices",Thesis Observation 4 p.18 and section 5.1 p.26; manuscript section 4.4 pp.15-16,O(n^3 m^3),,
protein:1o7j.a__1hfj.c:a0.5|CPS-2F,25,protein,1o7j.a__1hfj.c,0.5,CPS-2F,22,22,reused,output\paper_v1\unified_pilot_results\slots\25\attempts\slot25_e5ce743da5d4474f8086789aa234a723,validated,True,True,completed search,single_active_B,,2552.0,,k*(k+a),Anchored source/terminal included; single-graph construction complete,Thesis Observation 4 p.18 and section 5.1 p.26; manuscript section 4.4 pp.15-16,O(n^3 m^3),Counter unavailable or phase not reached; historical runs not rerun,
protein:1o7j.a__1hfj.c:a0.5|CPS-2F,25,protein,1o7j.a__1hfj.c,0.5,CPS-2F,22,22,reused,output\paper_v1\unified_pilot_results\slots\25\attempts\slot25_e5ce743da5d4474f8086789aa234a723,validated,True,True,completed search,single_edges_with_waits_B,2598.0,,,H*(H+1)/2,Unique forward transitions plus exactly H waits; completed graph,Finite derivation from chain_graph() enumeration and pruning,O(n^3 m^3),,Missing completed single-graph counters
protein:1o7j.a__1hfj.c:a0.5|CPS-2F,25,protein,1o7j.a__1hfj.c,0.5,CPS-2F,22,22,reused,output\paper_v1\unified_pilot_results\slots\25\attempts\slot25_e5ce743da5d4474f8086789aa234a723,validated,True,True,completed search,configuration_states_input_bound,1273.0,433139344.0,0.0002939008006624307,n*m*(n+2n(n-1))*(m+2m(m-1)),All index combinations; includes source/terminal; no hidden asymptotic constant,Thesis Observation 4 p.18 and section 5.1 p.26; manuscript section 4.4 pp.15-16,O(n^3 m^3),,
protein:1o7j.a__1hfj.c:a0.5|CPS-2F,25,protein,1o7j.a__1hfj.c,0.5,CPS-2F,22,22,reused,output\paper_v1\unified_pilot_results\slots\25\attempts\slot25_e5ce743da5d4474f8086789aa234a723,validated,True,True,completed search,configuration_states_extended_bound,1273.0,6624992.0,0.019215117542783447,n*m*(n+aA)*(m+aB),Actual extended-curve sizes; all index combinations,Thesis Observation 4 p.18 and section 5.1 p.26; manuscript section 4.4 pp.15-16,O(n^3 m^3),,
protein:1o7j.a__1hfj.c:a0.5|CPS-2F,25,protein,1o7j.a__1hfj.c,0.5,CPS-2F,22,22,reused,output\paper_v1\unified_pilot_results\slots\25\attempts\slot25_e5ce743da5d4474f8086789aa234a723,validated,True,True,completed search,configuration_states_active_bound,1273.0,,,H_A*H_B,Completed single graphs; includes coupling-invalid combinations,Thesis Observation 4 p.18 and section 5.1 p.26; manuscript section 4.4 pp.15-16,O(n^3 m^3),,Missing completed single-graph counters
protein:1o7j.a__1hfj.c:a0.5|CPS-2F,25,protein,1o7j.a__1hfj.c,0.5,CPS-2F,22,22,reused,output\paper_v1\unified_pilot_results\slots\25\attempts\slot25_e5ce743da5d4474f8086789aa234a723,validated,True,True,completed search,candidate_transition_checks,168920.0,,,E_A*E_B-H_A*H_B,No duplicate single-graph entries; each product source popped once; excludes simultaneous waits,Finite derivation from solve_cps() and chain_graph(); see graph_bounds.md,O(n^3 m^3),,Missing completed single-graph counters
protein:1o7j.a__1hfj.c:a0.5|CPS-3F,26,protein,1o7j.a__1hfj.c,0.5,CPS-3F,22,22,reused,output\paper_v1\unified_pilot_results\slots\26\attempts\slot26_dd70540fbfa346d9babebd31da1d1eae,validated,True,True,completed search,auxiliary_A,0.0,0.0,,0 (no auxiliary locations),Interior curve-parameter intersections; CPS-3F percentage not applicable,Thesis Observation 4 p.18 and section 5.1 p.26; manuscript section 4.4 pp.15-16,O(n^2 m^2),,Zero/non-applicable bound
protein:1o7j.a__1hfj.c:a0.5|CPS-3F,26,protein,1o7j.a__1hfj.c,0.5,CPS-3F,22,22,reused,output\paper_v1\unified_pilot_results\slots\26\attempts\slot26_dd70540fbfa346d9babebd31da1d1eae,validated,True,True,completed search,single_dense_A,484.0,484.0,100.0,k^2,"Dense indexing slots, not valid vertices",Thesis Observation 4 p.18 and section 5.1 p.26; manuscript section 4.4 pp.15-16,O(n^2 m^2),,
protein:1o7j.a__1hfj.c:a0.5|CPS-3F,26,protein,1o7j.a__1hfj.c,0.5,CPS-3F,22,22,reused,output\paper_v1\unified_pilot_results\slots\26\attempts\slot26_dd70540fbfa346d9babebd31da1d1eae,validated,True,True,completed search,single_active_A,,484.0,,k*(k+a),Anchored source/terminal included; single-graph construction complete,Thesis Observation 4 p.18 and section 5.1 p.26; manuscript section 4.4 pp.15-16,O(n^2 m^2),Counter unavailable or phase not reached; historical runs not rerun,
protein:1o7j.a__1hfj.c:a0.5|CPS-3F,26,protein,1o7j.a__1hfj.c,0.5,CPS-3F,22,22,reused,output\paper_v1\unified_pilot_results\slots\26\attempts\slot26_dd70540fbfa346d9babebd31da1d1eae,validated,True,True,completed search,single_edges_with_waits_A,,,,H*(H+1)/2,Unique forward transitions plus exactly H waits; completed graph,Finite derivation from chain_graph() enumeration and pruning,O(n^2 m^2),Counter unavailable or phase not reached; historical runs not rerun,Missing completed single-graph counters
protein:1o7j.a__1hfj.c:a0.5|CPS-3F,26,protein,1o7j.a__1hfj.c,0.5,CPS-3F,22,22,reused,output\paper_v1\unified_pilot_results\slots\26\attempts\slot26_dd70540fbfa346d9babebd31da1d1eae,validated,True,True,completed search,auxiliary_B,0.0,0.0,,0 (no auxiliary locations),Interior curve-parameter intersections; CPS-3F percentage not applicable,Thesis Observation 4 p.18 and section 5.1 p.26; manuscript section 4.4 pp.15-16,O(n^2 m^2),,Zero/non-applicable bound
protein:1o7j.a__1hfj.c:a0.5|CPS-3F,26,protein,1o7j.a__1hfj.c,0.5,CPS-3F,22,22,reused,output\paper_v1\unified_pilot_results\slots\26\attempts\slot26_dd70540fbfa346d9babebd31da1d1eae,validated,True,True,completed search,single_dense_B,484.0,484.0,100.0,k^2,"Dense indexing slots, not valid vertices",Thesis Observation 4 p.18 and section 5.1 p.26; manuscript section 4.4 pp.15-16,O(n^2 m^2),,
protein:1o7j.a__1hfj.c:a0.5|CPS-3F,26,protein,1o7j.a__1hfj.c,0.5,CPS-3F,22,22,reused,output\paper_v1\unified_pilot_results\slots\26\attempts\slot26_dd70540fbfa346d9babebd31da1d1eae,validated,True,True,completed search,single_active_B,,484.0,,k*(k+a),Anchored source/terminal included; single-graph construction complete,Thesis Observation 4 p.18 and section 5.1 p.26; manuscript section 4.4 pp.15-16,O(n^2 m^2),Counter unavailable or phase not reached; historical runs not rerun,
protein:1o7j.a__1hfj.c:a0.5|CPS-3F,26,protein,1o7j.a__1hfj.c,0.5,CPS-3F,22,22,reused,output\paper_v1\unified_pilot_results\slots\26\attempts\slot26_dd70540fbfa346d9babebd31da1d1eae,validated,True,True,completed search,single_edges_with_waits_B,70.0,,,H*(H+1)/2,Unique forward transitions plus exactly H waits; completed graph,Finite derivation from chain_graph() enumeration and pruning,O(n^2 m^2),,Missing completed single-graph counters
protein:1o7j.a__1hfj.c:a0.5|CPS-3F,26,protein,1o7j.a__1hfj.c,0.5,CPS-3F,22,22,reused,output\paper_v1\unified_pilot_results\slots\26\attempts\slot26_dd70540fbfa346d9babebd31da1d1eae,validated,True,True,completed search,configuration_states_input_bound,42.0,234256.0,0.017929103203333106,n^2*m^2,All index combinations; includes source/terminal; no hidden asymptotic constant,Thesis Observation 4 p.18 and section 5.1 p.26; manuscript section 4.4 pp.15-16,O(n^2 m^2),,
protein:1o7j.a__1hfj.c:a0.5|CPS-3F,26,protein,1o7j.a__1hfj.c,0.5,CPS-3F,22,22,reused,output\paper_v1\unified_pilot_results\slots\26\attempts\slot26_dd70540fbfa346d9babebd31da1d1eae,validated,True,True,completed search,configuration_states_active_bound,42.0,,,H_A*H_B,Completed single graphs; includes coupling-invalid combinations,Thesis Observation 4 p.18 and section 5.1 p.26; manuscript section 4.4 pp.15-16,O(n^2 m^2),,Missing completed single-graph counters
protein:1o7j.a__1hfj.c:a0.5|CPS-3F,26,protein,1o7j.a__1hfj.c,0.5,CPS-3F,22,22,reused,output\paper_v1\unified_pilot_results\slots\26\attempts\slot26_dd70540fbfa346d9babebd31da1d1eae,validated,True,True,completed search,candidate_transition_checks,108.0,,,E_A*E_B-H_A*H_B,No duplicate single-graph entries; each product source popped once; excludes simultaneous waits,Finite derivation from solve_cps() and chain_graph(); see graph_bounds.md,O(n^2 m^2),,Missing completed single-graph counters
protein:1o7j.a__1hfj.c:a1|CPS-3F,29,protein,1o7j.a__1hfj.c,1.0,CPS-3F,22,22,reused,output\paper_v1\unified_pilot_results\slots\29\attempts\slot29_29c4c84cb8ba494c9ab2694cf23b39ac,validated,True,True,completed search,auxiliary_A,0.0,0.0,,0 (no auxiliary locations),Interior curve-parameter intersections; CPS-3F percentage not applicable,Thesis Observation 4 p.18 and section 5.1 p.26; manuscript section 4.4 pp.15-16,O(n^2 m^2),,Zero/non-applicable bound
protein:1o7j.a__1hfj.c:a1|CPS-3F,29,protein,1o7j.a__1hfj.c,1.0,CPS-3F,22,22,reused,output\paper_v1\unified_pilot_results\slots\29\attempts\slot29_29c4c84cb8ba494c9ab2694cf23b39ac,validated,True,True,completed search,single_dense_A,484.0,484.0,100.0,k^2,"Dense indexing slots, not valid vertices",Thesis Observation 4 p.18 and section 5.1 p.26; manuscript section 4.4 pp.15-16,O(n^2 m^2),,
protein:1o7j.a__1hfj.c:a1|CPS-3F,29,protein,1o7j.a__1hfj.c,1.0,CPS-3F,22,22,reused,output\paper_v1\unified_pilot_results\slots\29\attempts\slot29_29c4c84cb8ba494c9ab2694cf23b39ac,validated,True,True,completed search,single_active_A,,484.0,,k*(k+a),Anchored source/terminal included; single-graph construction complete,Thesis Observation 4 p.18 and section 5.1 p.26; manuscript section 4.4 pp.15-16,O(n^2 m^2),Counter unavailable or phase not reached; historical runs not rerun,
protein:1o7j.a__1hfj.c:a1|CPS-3F,29,protein,1o7j.a__1hfj.c,1.0,CPS-3F,22,22,reused,output\paper_v1\unified_pilot_results\slots\29\attempts\slot29_29c4c84cb8ba494c9ab2694cf23b39ac,validated,True,True,completed search,single_edges_with_waits_A,,,,H*(H+1)/2,Unique forward transitions plus exactly H waits; completed graph,Finite derivation from chain_graph() enumeration and pruning,O(n^2 m^2),Counter unavailable or phase not reached; historical runs not rerun,Missing completed single-graph counters
protein:1o7j.a__1hfj.c:a1|CPS-3F,29,protein,1o7j.a__1hfj.c,1.0,CPS-3F,22,22,reused,output\paper_v1\unified_pilot_results\slots\29\attempts\slot29_29c4c84cb8ba494c9ab2694cf23b39ac,validated,True,True,completed search,auxiliary_B,0.0,0.0,,0 (no auxiliary locations),Interior curve-parameter intersections; CPS-3F percentage not applicable,Thesis Observation 4 p.18 and section 5.1 p.26; manuscript section 4.4 pp.15-16,O(n^2 m^2),,Zero/non-applicable bound
protein:1o7j.a__1hfj.c:a1|CPS-3F,29,protein,1o7j.a__1hfj.c,1.0,CPS-3F,22,22,reused,output\paper_v1\unified_pilot_results\slots\29\attempts\slot29_29c4c84cb8ba494c9ab2694cf23b39ac,validated,True,True,completed search,single_dense_B,484.0,484.0,100.0,k^2,"Dense indexing slots, not valid vertices",Thesis Observation 4 p.18 and section 5.1 p.26; manuscript section 4.4 pp.15-16,O(n^2 m^2),,
protein:1o7j.a__1hfj.c:a1|CPS-3F,29,protein,1o7j.a__1hfj.c,1.0,CPS-3F,22,22,reused,output\paper_v1\unified_pilot_results\slots\29\attempts\slot29_29c4c84cb8ba494c9ab2694cf23b39ac,validated,True,True,completed search,single_active_B,,484.0,,k*(k+a),Anchored source/terminal included; single-graph construction complete,Thesis Observation 4 p.18 and section 5.1 p.26; manuscript section 4.4 pp.15-16,O(n^2 m^2),Counter unavailable or phase not reached; historical runs not rerun,
protein:1o7j.a__1hfj.c:a1|CPS-3F,29,protein,1o7j.a__1hfj.c,1.0,CPS-3F,22,22,reused,output\paper_v1\unified_pilot_results\slots\29\attempts\slot29_29c4c84cb8ba494c9ab2694cf23b39ac,validated,True,True,completed search,single_edges_with_waits_B,478.0,,,H*(H+1)/2,Unique forward transitions plus exactly H waits; completed graph,Finite derivation from chain_graph() enumeration and pruning,O(n^2 m^2),,Missing completed single-graph counters
protein:1o7j.a__1hfj.c:a1|CPS-3F,29,protein,1o7j.a__1hfj.c,1.0,CPS-3F,22,22,reused,output\paper_v1\unified_pilot_results\slots\29\attempts\slot29_29c4c84cb8ba494c9ab2694cf23b39ac,validated,True,True,completed search,configuration_states_input_bound,456.0,234256.0,0.19465883477904514,n^2*m^2,All index combinations; includes source/terminal; no hidden asymptotic constant,Thesis Observation 4 p.18 and section 5.1 p.26; manuscript section 4.4 pp.15-16,O(n^2 m^2),,
protein:1o7j.a__1hfj.c:a1|CPS-3F,29,protein,1o7j.a__1hfj.c,1.0,CPS-3F,22,22,reused,output\paper_v1\unified_pilot_results\slots\29\attempts\slot29_29c4c84cb8ba494c9ab2694cf23b39ac,validated,True,True,completed search,configuration_states_active_bound,456.0,,,H_A*H_B,Completed single graphs; includes coupling-invalid combinations,Thesis Observation 4 p.18 and section 5.1 p.26; manuscript section 4.4 pp.15-16,O(n^2 m^2),,Missing completed single-graph counters
protein:1o7j.a__1hfj.c:a1|CPS-3F,29,protein,1o7j.a__1hfj.c,1.0,CPS-3F,22,22,reused,output\paper_v1\unified_pilot_results\slots\29\attempts\slot29_29c4c84cb8ba494c9ab2694cf23b39ac,validated,True,True,completed search,candidate_transition_checks,3210.0,,,E_A*E_B-H_A*H_B,No duplicate single-graph entries; each product source popped once; excludes simultaneous waits,Finite derivation from solve_cps() and chain_graph(); see graph_bounds.md,O(n^2 m^2),,Missing completed single-graph counters
protein:1o7j.a__1hfj.c:a1|CPS-2F,32,protein,1o7j.a__1hfj.c,1.0,CPS-2F,22,22,reused,output\paper_v1\protein_B_transitions_20m\attempts\B_59ec1647ee4e4a51828c60d087ccbbb5,transition_budget_limit,False,True,observed before termination,auxiliary_A,,924.0,,2 k(k-1),Interior curve-parameter intersections; CPS-3F percentage not applicable,Thesis Observation 4 p.18 and section 5.1 p.26; manuscript section 4.4 pp.15-16,O(n^3 m^3),Counter unavailable or phase not reached; historical runs not rerun,
protein:1o7j.a__1hfj.c:a1|CPS-2F,32,protein,1o7j.a__1hfj.c,1.0,CPS-2F,22,22,reused,output\paper_v1\protein_B_transitions_20m\attempts\B_59ec1647ee4e4a51828c60d087ccbbb5,transition_budget_limit,False,True,observed before termination,single_dense_A,,20812.0,,k*(k+2k(k-1)),"Dense indexing slots, not valid vertices",Thesis Observation 4 p.18 and section 5.1 p.26; manuscript section 4.4 pp.15-16,O(n^3 m^3),Counter unavailable or phase not reached; historical runs not rerun,
protein:1o7j.a__1hfj.c:a1|CPS-2F,32,protein,1o7j.a__1hfj.c,1.0,CPS-2F,22,22,reused,output\paper_v1\protein_B_transitions_20m\attempts\B_59ec1647ee4e4a51828c60d087ccbbb5,transition_budget_limit,False,True,observed before termination,single_active_A,,,,k*(k+a),Anchored source/terminal included; single-graph construction complete,Thesis Observation 4 p.18 and section 5.1 p.26; manuscript section 4.4 pp.15-16,O(n^3 m^3),Counter unavailable or phase not reached; historical runs not rerun,Missing completed single-graph counters
protein:1o7j.a__1hfj.c:a1|CPS-2F,32,protein,1o7j.a__1hfj.c,1.0,CPS-2F,22,22,reused,output\paper_v1\protein_B_transitions_20m\attempts\B_59ec1647ee4e4a51828c60d087ccbbb5,transition_budget_limit,False,True,observed before termination,single_edges_with_waits_A,,,,H*(H+1)/2,Unique forward transitions plus exactly H waits; completed graph,Finite derivation from chain_graph() enumeration and pruning,O(n^3 m^3),Counter unavailable or phase not reached; historical runs not rerun,Missing completed single-graph counters
protein:1o7j.a__1hfj.c:a1|CPS-2F,32,protein,1o7j.a__1hfj.c,1.0,CPS-2F,22,22,reused,output\paper_v1\protein_B_transitions_20m\attempts\B_59ec1647ee4e4a51828c60d087ccbbb5,transition_budget_limit,False,True,observed before termination,auxiliary_B,157.0,924.0,16.99134199134199,2 k(k-1),Interior curve-parameter intersections; CPS-3F percentage not applicable,Thesis Observation 4 p.18 and section 5.1 p.26; manuscript section 4.4 pp.15-16,O(n^3 m^3),,
protein:1o7j.a__1hfj.c:a1|CPS-2F,32,protein,1o7j.a__1hfj.c,1.0,CPS-2F,22,22,reused,output\paper_v1\protein_B_transitions_20m\attempts\B_59ec1647ee4e4a51828c60d087ccbbb5,transition_budget_limit,False,True,observed before termination,single_dense_B,3938.0,20812.0,18.921775898520085,k*(k+2k(k-1)),"Dense indexing slots, not valid vertices",Thesis Observation 4 p.18 and section 5.1 p.26; manuscript section 4.4 pp.15-16,O(n^3 m^3),,
protein:1o7j.a__1hfj.c:a1|CPS-2F,32,protein,1o7j.a__1hfj.c,1.0,CPS-2F,22,22,reused,output\paper_v1\protein_B_transitions_20m\attempts\B_59ec1647ee4e4a51828c60d087ccbbb5,transition_budget_limit,False,True,observed before termination,single_active_B,,3938.0,,k*(k+a),Anchored source/terminal included; single-graph construction complete,Thesis Observation 4 p.18 and section 5.1 p.26; manuscript section 4.4 pp.15-16,O(n^3 m^3),Counter unavailable or phase not reached; historical runs not rerun,
protein:1o7j.a__1hfj.c:a1|CPS-2F,32,protein,1o7j.a__1hfj.c,1.0,CPS-2F,22,22,reused,output\paper_v1\protein_B_transitions_20m\attempts\B_59ec1647ee4e4a51828c60d087ccbbb5,transition_budget_limit,False,True,observed before termination,single_edges_with_waits_B,194378.0,,,H*(H+1)/2,Unique forward transitions plus exactly H waits; completed graph,Finite derivation from chain_graph() enumeration and pruning,O(n^3 m^3),,Missing completed single-graph counters
protein:1o7j.a__1hfj.c:a1|CPS-2F,32,protein,1o7j.a__1hfj.c,1.0,CPS-2F,22,22,reused,output\paper_v1\protein_B_transitions_20m\attempts\B_59ec1647ee4e4a51828c60d087ccbbb5,transition_budget_limit,False,True,observed before termination,configuration_states_input_bound,57332.0,433139344.0,0.01323638704130281,n*m*(n+2n(n-1))*(m+2m(m-1)),All index combinations; includes source/terminal; no hidden asymptotic constant,Thesis Observation 4 p.18 and section 5.1 p.26; manuscript section 4.4 pp.15-16,O(n^3 m^3),,
protein:1o7j.a__1hfj.c:a1|CPS-2F,32,protein,1o7j.a__1hfj.c,1.0,CPS-2F,22,22,reused,output\paper_v1\protein_B_transitions_20m\attempts\B_59ec1647ee4e4a51828c60d087ccbbb5,transition_budget_limit,False,True,observed before termination,configuration_states_extended_bound,57332.0,,,n*m*(n+aA)*(m+aB),Actual extended-curve sizes; all index combinations,Thesis Observation 4 p.18 and section 5.1 p.26; manuscript section 4.4 pp.15-16,O(n^3 m^3),,Missing completed single-graph counters
protein:1o7j.a__1hfj.c:a1|CPS-2F,32,protein,1o7j.a__1hfj.c,1.0,CPS-2F,22,22,reused,output\paper_v1\protein_B_transitions_20m\attempts\B_59ec1647ee4e4a51828c60d087ccbbb5,transition_budget_limit,False,True,observed before termination,configuration_states_active_bound,57332.0,,,H_A*H_B,Completed single graphs; includes coupling-invalid combinations,Thesis Observation 4 p.18 and section 5.1 p.26; manuscript section 4.4 pp.15-16,O(n^3 m^3),,Missing completed single-graph counters
protein:1o7j.a__1hfj.c:a1|CPS-2F,32,protein,1o7j.a__1hfj.c,1.0,CPS-2F,22,22,reused,output\paper_v1\protein_B_transitions_20m\attempts\B_59ec1647ee4e4a51828c60d087ccbbb5,transition_budget_limit,False,True,observed before termination,candidate_transition_checks,20000001.0,,,E_A*E_B-H_A*H_B,No duplicate single-graph entries; each product source popped once; excludes simultaneous waits,Finite derivation from solve_cps() and chain_graph(); see graph_bounds.md,O(n^3 m^3),,Missing completed single-graph counters
protein:1o7j.a__1qd1.b:a0.5|CPS-2F,35,protein,1o7j.a__1qd1.b,0.5,CPS-2F,22,22,unexecuted,,unexecuted,False,False,not executed,auxiliary_A,,924.0,,2 k(k-1),Interior curve-parameter intersections; CPS-3F percentage not applicable,Thesis Observation 4 p.18 and section 5.1 p.26; manuscript section 4.4 pp.15-16,O(n^3 m^3),Counter unavailable or phase not reached; historical runs not rerun,
protein:1o7j.a__1qd1.b:a0.5|CPS-2F,35,protein,1o7j.a__1qd1.b,0.5,CPS-2F,22,22,unexecuted,,unexecuted,False,False,not executed,single_dense_A,,20812.0,,k*(k+2k(k-1)),"Dense indexing slots, not valid vertices",Thesis Observation 4 p.18 and section 5.1 p.26; manuscript section 4.4 pp.15-16,O(n^3 m^3),Counter unavailable or phase not reached; historical runs not rerun,
protein:1o7j.a__1qd1.b:a0.5|CPS-2F,35,protein,1o7j.a__1qd1.b,0.5,CPS-2F,22,22,unexecuted,,unexecuted,False,False,not executed,single_active_A,,,,k*(k+a),Anchored source/terminal included; single-graph construction complete,Thesis Observation 4 p.18 and section 5.1 p.26; manuscript section 4.4 pp.15-16,O(n^3 m^3),Counter unavailable or phase not reached; historical runs not rerun,Missing completed single-graph counters
protein:1o7j.a__1qd1.b:a0.5|CPS-2F,35,protein,1o7j.a__1qd1.b,0.5,CPS-2F,22,22,unexecuted,,unexecuted,False,False,not executed,single_edges_with_waits_A,,,,H*(H+1)/2,Unique forward transitions plus exactly H waits; completed graph,Finite derivation from chain_graph() enumeration and pruning,O(n^3 m^3),Counter unavailable or phase not reached; historical runs not rerun,Missing completed single-graph counters
protein:1o7j.a__1qd1.b:a0.5|CPS-2F,35,protein,1o7j.a__1qd1.b,0.5,CPS-2F,22,22,unexecuted,,unexecuted,False,False,not executed,auxiliary_B,,924.0,,2 k(k-1),Interior curve-parameter intersections; CPS-3F percentage not applicable,Thesis Observation 4 p.18 and section 5.1 p.26; manuscript section 4.4 pp.15-16,O(n^3 m^3),Counter unavailable or phase not reached; historical runs not rerun,
protein:1o7j.a__1qd1.b:a0.5|CPS-2F,35,protein,1o7j.a__1qd1.b,0.5,CPS-2F,22,22,unexecuted,,unexecuted,False,False,not executed,single_dense_B,,20812.0,,k*(k+2k(k-1)),"Dense indexing slots, not valid vertices",Thesis Observation 4 p.18 and section 5.1 p.26; manuscript section 4.4 pp.15-16,O(n^3 m^3),Counter unavailable or phase not reached; historical runs not rerun,
protein:1o7j.a__1qd1.b:a0.5|CPS-2F,35,protein,1o7j.a__1qd1.b,0.5,CPS-2F,22,22,unexecuted,,unexecuted,False,False,not executed,single_active_B,,,,k*(k+a),Anchored source/terminal included; single-graph construction complete,Thesis Observation 4 p.18 and section 5.1 p.26; manuscript section 4.4 pp.15-16,O(n^3 m^3),Counter unavailable or phase not reached; historical runs not rerun,Missing completed single-graph counters
protein:1o7j.a__1qd1.b:a0.5|CPS-2F,35,protein,1o7j.a__1qd1.b,0.5,CPS-2F,22,22,unexecuted,,unexecuted,False,False,not executed,single_edges_with_waits_B,,,,H*(H+1)/2,Unique forward transitions plus exactly H waits; completed graph,Finite derivation from chain_graph() enumeration and pruning,O(n^3 m^3),Counter unavailable or phase not reached; historical runs not rerun,Missing completed single-graph counters
protein:1o7j.a__1qd1.b:a0.5|CPS-2F,35,protein,1o7j.a__1qd1.b,0.5,CPS-2F,22,22,unexecuted,,unexecuted,False,False,not executed,configuration_states_input_bound,,433139344.0,,n*m*(n+2n(n-1))*(m+2m(m-1)),All index combinations; includes source/terminal; no hidden asymptotic constant,Thesis Observation 4 p.18 and section 5.1 p.26; manuscript section 4.4 pp.15-16,O(n^3 m^3),Counter unavailable or phase not reached; historical runs not rerun,
protein:1o7j.a__1qd1.b:a0.5|CPS-2F,35,protein,1o7j.a__1qd1.b,0.5,CPS-2F,22,22,unexecuted,,unexecuted,False,False,not executed,configuration_states_extended_bound,,,,n*m*(n+aA)*(m+aB),Actual extended-curve sizes; all index combinations,Thesis Observation 4 p.18 and section 5.1 p.26; manuscript section 4.4 pp.15-16,O(n^3 m^3),Counter unavailable or phase not reached; historical runs not rerun,Missing completed single-graph counters
protein:1o7j.a__1qd1.b:a0.5|CPS-2F,35,protein,1o7j.a__1qd1.b,0.5,CPS-2F,22,22,unexecuted,,unexecuted,False,False,not executed,configuration_states_active_bound,,,,H_A*H_B,Completed single graphs; includes coupling-invalid combinations,Thesis Observation 4 p.18 and section 5.1 p.26; manuscript section 4.4 pp.15-16,O(n^3 m^3),Counter unavailable or phase not reached; historical runs not rerun,Missing completed single-graph counters
protein:1o7j.a__1qd1.b:a0.5|CPS-2F,35,protein,1o7j.a__1qd1.b,0.5,CPS-2F,22,22,unexecuted,,unexecuted,False,False,not executed,candidate_transition_checks,,,,E_A*E_B-H_A*H_B,No duplicate single-graph entries; each product source popped once; excludes simultaneous waits,Finite derivation from solve_cps() and chain_graph(); see graph_bounds.md,O(n^3 m^3),Counter unavailable or phase not reached; historical runs not rerun,Missing completed single-graph counters
protein:1o7j.a__1qd1.b:a0.5|CPS-3F,36,protein,1o7j.a__1qd1.b,0.5,CPS-3F,22,22,unexecuted,,unexecuted,False,False,not executed,auxiliary_A,,0.0,,0 (no auxiliary locations),Interior curve-parameter intersections; CPS-3F percentage not applicable,Thesis Observation 4 p.18 and section 5.1 p.26; manuscript section 4.4 pp.15-16,O(n^2 m^2),Counter unavailable or phase not reached; historical runs not rerun,Zero/non-applicable bound
protein:1o7j.a__1qd1.b:a0.5|CPS-3F,36,protein,1o7j.a__1qd1.b,0.5,CPS-3F,22,22,unexecuted,,unexecuted,False,False,not executed,single_dense_A,,484.0,,k^2,"Dense indexing slots, not valid vertices",Thesis Observation 4 p.18 and section 5.1 p.26; manuscript section 4.4 pp.15-16,O(n^2 m^2),Counter unavailable or phase not reached; historical runs not rerun,
protein:1o7j.a__1qd1.b:a0.5|CPS-3F,36,protein,1o7j.a__1qd1.b,0.5,CPS-3F,22,22,unexecuted,,unexecuted,False,False,not executed,single_active_A,,,,k*(k+a),Anchored source/terminal included; single-graph construction complete,Thesis Observation 4 p.18 and section 5.1 p.26; manuscript section 4.4 pp.15-16,O(n^2 m^2),Counter unavailable or phase not reached; historical runs not rerun,Missing completed single-graph counters
protein:1o7j.a__1qd1.b:a0.5|CPS-3F,36,protein,1o7j.a__1qd1.b,0.5,CPS-3F,22,22,unexecuted,,unexecuted,False,False,not executed,single_edges_with_waits_A,,,,H*(H+1)/2,Unique forward transitions plus exactly H waits; completed graph,Finite derivation from chain_graph() enumeration and pruning,O(n^2 m^2),Counter unavailable or phase not reached; historical runs not rerun,Missing completed single-graph counters
protein:1o7j.a__1qd1.b:a0.5|CPS-3F,36,protein,1o7j.a__1qd1.b,0.5,CPS-3F,22,22,unexecuted,,unexecuted,False,False,not executed,auxiliary_B,,0.0,,0 (no auxiliary locations),Interior curve-parameter intersections; CPS-3F percentage not applicable,Thesis Observation 4 p.18 and section 5.1 p.26; manuscript section 4.4 pp.15-16,O(n^2 m^2),Counter unavailable or phase not reached; historical runs not rerun,Zero/non-applicable bound
protein:1o7j.a__1qd1.b:a0.5|CPS-3F,36,protein,1o7j.a__1qd1.b,0.5,CPS-3F,22,22,unexecuted,,unexecuted,False,False,not executed,single_dense_B,,484.0,,k^2,"Dense indexing slots, not valid vertices",Thesis Observation 4 p.18 and section 5.1 p.26; manuscript section 4.4 pp.15-16,O(n^2 m^2),Counter unavailable or phase not reached; historical runs not rerun,
protein:1o7j.a__1qd1.b:a0.5|CPS-3F,36,protein,1o7j.a__1qd1.b,0.5,CPS-3F,22,22,unexecuted,,unexecuted,False,False,not executed,single_active_B,,,,k*(k+a),Anchored source/terminal included; single-graph construction complete,Thesis Observation 4 p.18 and section 5.1 p.26; manuscript section 4.4 pp.15-16,O(n^2 m^2),Counter unavailable or phase not reached; historical runs not rerun,Missing completed single-graph counters
protein:1o7j.a__1qd1.b:a0.5|CPS-3F,36,protein,1o7j.a__1qd1.b,0.5,CPS-3F,22,22,unexecuted,,unexecuted,False,False,not executed,single_edges_with_waits_B,,,,H*(H+1)/2,Unique forward transitions plus exactly H waits; completed graph,Finite derivation from chain_graph() enumeration and pruning,O(n^2 m^2),Counter unavailable or phase not reached; historical runs not rerun,Missing completed single-graph counters
protein:1o7j.a__1qd1.b:a0.5|CPS-3F,36,protein,1o7j.a__1qd1.b,0.5,CPS-3F,22,22,unexecuted,,unexecuted,False,False,not executed,configuration_states_input_bound,,234256.0,,n^2*m^2,All index combinations; includes source/terminal; no hidden asymptotic constant,Thesis Observation 4 p.18 and section 5.1 p.26; manuscript section 4.4 pp.15-16,O(n^2 m^2),Counter unavailable or phase not reached; historical runs not rerun,
protein:1o7j.a__1qd1.b:a0.5|CPS-3F,36,protein,1o7j.a__1qd1.b,0.5,CPS-3F,22,22,unexecuted,,unexecuted,False,False,not executed,configuration_states_active_bound,,,,H_A*H_B,Completed single graphs; includes coupling-invalid combinations,Thesis Observation 4 p.18 and section 5.1 p.26; manuscript section 4.4 pp.15-16,O(n^2 m^2),Counter unavailable or phase not reached; historical runs not rerun,Missing completed single-graph counters
protein:1o7j.a__1qd1.b:a0.5|CPS-3F,36,protein,1o7j.a__1qd1.b,0.5,CPS-3F,22,22,unexecuted,,unexecuted,False,False,not executed,candidate_transition_checks,,,,E_A*E_B-H_A*H_B,No duplicate single-graph entries; each product source popped once; excludes simultaneous waits,Finite derivation from solve_cps() and chain_graph(); see graph_bounds.md,O(n^2 m^2),Counter unavailable or phase not reached; historical runs not rerun,Missing completed single-graph counters
protein:1o7j.a__1qd1.b:a1|CPS-2F,39,protein,1o7j.a__1qd1.b,1.0,CPS-2F,22,22,unexecuted,,unexecuted,False,False,not executed,auxiliary_A,,924.0,,2 k(k-1),Interior curve-parameter intersections; CPS-3F percentage not applicable,Thesis Observation 4 p.18 and section 5.1 p.26; manuscript section 4.4 pp.15-16,O(n^3 m^3),Counter unavailable or phase not reached; historical runs not rerun,
protein:1o7j.a__1qd1.b:a1|CPS-2F,39,protein,1o7j.a__1qd1.b,1.0,CPS-2F,22,22,unexecuted,,unexecuted,False,False,not executed,single_dense_A,,20812.0,,k*(k+2k(k-1)),"Dense indexing slots, not valid vertices",Thesis Observation 4 p.18 and section 5.1 p.26; manuscript section 4.4 pp.15-16,O(n^3 m^3),Counter unavailable or phase not reached; historical runs not rerun,
protein:1o7j.a__1qd1.b:a1|CPS-2F,39,protein,1o7j.a__1qd1.b,1.0,CPS-2F,22,22,unexecuted,,unexecuted,False,False,not executed,single_active_A,,,,k*(k+a),Anchored source/terminal included; single-graph construction complete,Thesis Observation 4 p.18 and section 5.1 p.26; manuscript section 4.4 pp.15-16,O(n^3 m^3),Counter unavailable or phase not reached; historical runs not rerun,Missing completed single-graph counters
protein:1o7j.a__1qd1.b:a1|CPS-2F,39,protein,1o7j.a__1qd1.b,1.0,CPS-2F,22,22,unexecuted,,unexecuted,False,False,not executed,single_edges_with_waits_A,,,,H*(H+1)/2,Unique forward transitions plus exactly H waits; completed graph,Finite derivation from chain_graph() enumeration and pruning,O(n^3 m^3),Counter unavailable or phase not reached; historical runs not rerun,Missing completed single-graph counters
protein:1o7j.a__1qd1.b:a1|CPS-2F,39,protein,1o7j.a__1qd1.b,1.0,CPS-2F,22,22,unexecuted,,unexecuted,False,False,not executed,auxiliary_B,,924.0,,2 k(k-1),Interior curve-parameter intersections; CPS-3F percentage not applicable,Thesis Observation 4 p.18 and section 5.1 p.26; manuscript section 4.4 pp.15-16,O(n^3 m^3),Counter unavailable or phase not reached; historical runs not rerun,
protein:1o7j.a__1qd1.b:a1|CPS-2F,39,protein,1o7j.a__1qd1.b,1.0,CPS-2F,22,22,unexecuted,,unexecuted,False,False,not executed,single_dense_B,,20812.0,,k*(k+2k(k-1)),"Dense indexing slots, not valid vertices",Thesis Observation 4 p.18 and section 5.1 p.26; manuscript section 4.4 pp.15-16,O(n^3 m^3),Counter unavailable or phase not reached; historical runs not rerun,
protein:1o7j.a__1qd1.b:a1|CPS-2F,39,protein,1o7j.a__1qd1.b,1.0,CPS-2F,22,22,unexecuted,,unexecuted,False,False,not executed,single_active_B,,,,k*(k+a),Anchored source/terminal included; single-graph construction complete,Thesis Observation 4 p.18 and section 5.1 p.26; manuscript section 4.4 pp.15-16,O(n^3 m^3),Counter unavailable or phase not reached; historical runs not rerun,Missing completed single-graph counters
protein:1o7j.a__1qd1.b:a1|CPS-2F,39,protein,1o7j.a__1qd1.b,1.0,CPS-2F,22,22,unexecuted,,unexecuted,False,False,not executed,single_edges_with_waits_B,,,,H*(H+1)/2,Unique forward transitions plus exactly H waits; completed graph,Finite derivation from chain_graph() enumeration and pruning,O(n^3 m^3),Counter unavailable or phase not reached; historical runs not rerun,Missing completed single-graph counters
protein:1o7j.a__1qd1.b:a1|CPS-2F,39,protein,1o7j.a__1qd1.b,1.0,CPS-2F,22,22,unexecuted,,unexecuted,False,False,not executed,configuration_states_input_bound,,433139344.0,,n*m*(n+2n(n-1))*(m+2m(m-1)),All index combinations; includes source/terminal; no hidden asymptotic constant,Thesis Observation 4 p.18 and section 5.1 p.26; manuscript section 4.4 pp.15-16,O(n^3 m^3),Counter unavailable or phase not reached; historical runs not rerun,
protein:1o7j.a__1qd1.b:a1|CPS-2F,39,protein,1o7j.a__1qd1.b,1.0,CPS-2F,22,22,unexecuted,,unexecuted,False,False,not executed,configuration_states_extended_bound,,,,n*m*(n+aA)*(m+aB),Actual extended-curve sizes; all index combinations,Thesis Observation 4 p.18 and section 5.1 p.26; manuscript section 4.4 pp.15-16,O(n^3 m^3),Counter unavailable or phase not reached; historical runs not rerun,Missing completed single-graph counters
protein:1o7j.a__1qd1.b:a1|CPS-2F,39,protein,1o7j.a__1qd1.b,1.0,CPS-2F,22,22,unexecuted,,unexecuted,False,False,not executed,configuration_states_active_bound,,,,H_A*H_B,Completed single graphs; includes coupling-invalid combinations,Thesis Observation 4 p.18 and section 5.1 p.26; manuscript section 4.4 pp.15-16,O(n^3 m^3),Counter unavailable or phase not reached; historical runs not rerun,Missing completed single-graph counters
protein:1o7j.a__1qd1.b:a1|CPS-2F,39,protein,1o7j.a__1qd1.b,1.0,CPS-2F,22,22,unexecuted,,unexecuted,False,False,not executed,candidate_transition_checks,,,,E_A*E_B-H_A*H_B,No duplicate single-graph entries; each product source popped once; excludes simultaneous waits,Finite derivation from solve_cps() and chain_graph(); see graph_bounds.md,O(n^3 m^3),Counter unavailable or phase not reached; historical runs not rerun,Missing completed single-graph counters
protein:1o7j.a__1qd1.b:a1|CPS-3F,40,protein,1o7j.a__1qd1.b,1.0,CPS-3F,22,22,unexecuted,,unexecuted,False,False,not executed,auxiliary_A,,0.0,,0 (no auxiliary locations),Interior curve-parameter intersections; CPS-3F percentage not applicable,Thesis Observation 4 p.18 and section 5.1 p.26; manuscript section 4.4 pp.15-16,O(n^2 m^2),Counter unavailable or phase not reached; historical runs not rerun,Zero/non-applicable bound
protein:1o7j.a__1qd1.b:a1|CPS-3F,40,protein,1o7j.a__1qd1.b,1.0,CPS-3F,22,22,unexecuted,,unexecuted,False,False,not executed,single_dense_A,,484.0,,k^2,"Dense indexing slots, not valid vertices",Thesis Observation 4 p.18 and section 5.1 p.26; manuscript section 4.4 pp.15-16,O(n^2 m^2),Counter unavailable or phase not reached; historical runs not rerun,
protein:1o7j.a__1qd1.b:a1|CPS-3F,40,protein,1o7j.a__1qd1.b,1.0,CPS-3F,22,22,unexecuted,,unexecuted,False,False,not executed,single_active_A,,,,k*(k+a),Anchored source/terminal included; single-graph construction complete,Thesis Observation 4 p.18 and section 5.1 p.26; manuscript section 4.4 pp.15-16,O(n^2 m^2),Counter unavailable or phase not reached; historical runs not rerun,Missing completed single-graph counters
protein:1o7j.a__1qd1.b:a1|CPS-3F,40,protein,1o7j.a__1qd1.b,1.0,CPS-3F,22,22,unexecuted,,unexecuted,False,False,not executed,single_edges_with_waits_A,,,,H*(H+1)/2,Unique forward transitions plus exactly H waits; completed graph,Finite derivation from chain_graph() enumeration and pruning,O(n^2 m^2),Counter unavailable or phase not reached; historical runs not rerun,Missing completed single-graph counters
protein:1o7j.a__1qd1.b:a1|CPS-3F,40,protein,1o7j.a__1qd1.b,1.0,CPS-3F,22,22,unexecuted,,unexecuted,False,False,not executed,auxiliary_B,,0.0,,0 (no auxiliary locations),Interior curve-parameter intersections; CPS-3F percentage not applicable,Thesis Observation 4 p.18 and section 5.1 p.26; manuscript section 4.4 pp.15-16,O(n^2 m^2),Counter unavailable or phase not reached; historical runs not rerun,Zero/non-applicable bound
protein:1o7j.a__1qd1.b:a1|CPS-3F,40,protein,1o7j.a__1qd1.b,1.0,CPS-3F,22,22,unexecuted,,unexecuted,False,False,not executed,single_dense_B,,484.0,,k^2,"Dense indexing slots, not valid vertices",Thesis Observation 4 p.18 and section 5.1 p.26; manuscript section 4.4 pp.15-16,O(n^2 m^2),Counter unavailable or phase not reached; historical runs not rerun,
protein:1o7j.a__1qd1.b:a1|CPS-3F,40,protein,1o7j.a__1qd1.b,1.0,CPS-3F,22,22,unexecuted,,unexecuted,False,False,not executed,single_active_B,,,,k*(k+a),Anchored source/terminal included; single-graph construction complete,Thesis Observation 4 p.18 and section 5.1 p.26; manuscript section 4.4 pp.15-16,O(n^2 m^2),Counter unavailable or phase not reached; historical runs not rerun,Missing completed single-graph counters
protein:1o7j.a__1qd1.b:a1|CPS-3F,40,protein,1o7j.a__1qd1.b,1.0,CPS-3F,22,22,unexecuted,,unexecuted,False,False,not executed,single_edges_with_waits_B,,,,H*(H+1)/2,Unique forward transitions plus exactly H waits; completed graph,Finite derivation from chain_graph() enumeration and pruning,O(n^2 m^2),Counter unavailable or phase not reached; historical runs not rerun,Missing completed single-graph counters
protein:1o7j.a__1qd1.b:a1|CPS-3F,40,protein,1o7j.a__1qd1.b,1.0,CPS-3F,22,22,unexecuted,,unexecuted,False,False,not executed,configuration_states_input_bound,,234256.0,,n^2*m^2,All index combinations; includes source/terminal; no hidden asymptotic constant,Thesis Observation 4 p.18 and section 5.1 p.26; manuscript section 4.4 pp.15-16,O(n^2 m^2),Counter unavailable or phase not reached; historical runs not rerun,
protein:1o7j.a__1qd1.b:a1|CPS-3F,40,protein,1o7j.a__1qd1.b,1.0,CPS-3F,22,22,unexecuted,,unexecuted,False,False,not executed,configuration_states_active_bound,,,,H_A*H_B,Completed single graphs; includes coupling-invalid combinations,Thesis Observation 4 p.18 and section 5.1 p.26; manuscript section 4.4 pp.15-16,O(n^2 m^2),Counter unavailable or phase not reached; historical runs not rerun,Missing completed single-graph counters
protein:1o7j.a__1qd1.b:a1|CPS-3F,40,protein,1o7j.a__1qd1.b,1.0,CPS-3F,22,22,unexecuted,,unexecuted,False,False,not executed,candidate_transition_checks,,,,E_A*E_B-H_A*H_B,No duplicate single-graph entries; each product source popped once; excludes simultaneous waits,Finite derivation from solve_cps() and chain_graph(); see graph_bounds.md,O(n^2 m^2),Counter unavailable or phase not reached; historical runs not rerun,Missing completed single-graph counters
protein:1o7j.a__4eca.d:a0.5|CPS-2F,43,protein,1o7j.a__4eca.d,0.5,CPS-2F,22,22,unexecuted,,unexecuted,False,False,not executed,auxiliary_A,,924.0,,2 k(k-1),Interior curve-parameter intersections; CPS-3F percentage not applicable,Thesis Observation 4 p.18 and section 5.1 p.26; manuscript section 4.4 pp.15-16,O(n^3 m^3),Counter unavailable or phase not reached; historical runs not rerun,
protein:1o7j.a__4eca.d:a0.5|CPS-2F,43,protein,1o7j.a__4eca.d,0.5,CPS-2F,22,22,unexecuted,,unexecuted,False,False,not executed,single_dense_A,,20812.0,,k*(k+2k(k-1)),"Dense indexing slots, not valid vertices",Thesis Observation 4 p.18 and section 5.1 p.26; manuscript section 4.4 pp.15-16,O(n^3 m^3),Counter unavailable or phase not reached; historical runs not rerun,
protein:1o7j.a__4eca.d:a0.5|CPS-2F,43,protein,1o7j.a__4eca.d,0.5,CPS-2F,22,22,unexecuted,,unexecuted,False,False,not executed,single_active_A,,,,k*(k+a),Anchored source/terminal included; single-graph construction complete,Thesis Observation 4 p.18 and section 5.1 p.26; manuscript section 4.4 pp.15-16,O(n^3 m^3),Counter unavailable or phase not reached; historical runs not rerun,Missing completed single-graph counters
protein:1o7j.a__4eca.d:a0.5|CPS-2F,43,protein,1o7j.a__4eca.d,0.5,CPS-2F,22,22,unexecuted,,unexecuted,False,False,not executed,single_edges_with_waits_A,,,,H*(H+1)/2,Unique forward transitions plus exactly H waits; completed graph,Finite derivation from chain_graph() enumeration and pruning,O(n^3 m^3),Counter unavailable or phase not reached; historical runs not rerun,Missing completed single-graph counters
protein:1o7j.a__4eca.d:a0.5|CPS-2F,43,protein,1o7j.a__4eca.d,0.5,CPS-2F,22,22,unexecuted,,unexecuted,False,False,not executed,auxiliary_B,,924.0,,2 k(k-1),Interior curve-parameter intersections; CPS-3F percentage not applicable,Thesis Observation 4 p.18 and section 5.1 p.26; manuscript section 4.4 pp.15-16,O(n^3 m^3),Counter unavailable or phase not reached; historical runs not rerun,
protein:1o7j.a__4eca.d:a0.5|CPS-2F,43,protein,1o7j.a__4eca.d,0.5,CPS-2F,22,22,unexecuted,,unexecuted,False,False,not executed,single_dense_B,,20812.0,,k*(k+2k(k-1)),"Dense indexing slots, not valid vertices",Thesis Observation 4 p.18 and section 5.1 p.26; manuscript section 4.4 pp.15-16,O(n^3 m^3),Counter unavailable or phase not reached; historical runs not rerun,
protein:1o7j.a__4eca.d:a0.5|CPS-2F,43,protein,1o7j.a__4eca.d,0.5,CPS-2F,22,22,unexecuted,,unexecuted,False,False,not executed,single_active_B,,,,k*(k+a),Anchored source/terminal included; single-graph construction complete,Thesis Observation 4 p.18 and section 5.1 p.26; manuscript section 4.4 pp.15-16,O(n^3 m^3),Counter unavailable or phase not reached; historical runs not rerun,Missing completed single-graph counters
protein:1o7j.a__4eca.d:a0.5|CPS-2F,43,protein,1o7j.a__4eca.d,0.5,CPS-2F,22,22,unexecuted,,unexecuted,False,False,not executed,single_edges_with_waits_B,,,,H*(H+1)/2,Unique forward transitions plus exactly H waits; completed graph,Finite derivation from chain_graph() enumeration and pruning,O(n^3 m^3),Counter unavailable or phase not reached; historical runs not rerun,Missing completed single-graph counters
protein:1o7j.a__4eca.d:a0.5|CPS-2F,43,protein,1o7j.a__4eca.d,0.5,CPS-2F,22,22,unexecuted,,unexecuted,False,False,not executed,configuration_states_input_bound,,433139344.0,,n*m*(n+2n(n-1))*(m+2m(m-1)),All index combinations; includes source/terminal; no hidden asymptotic constant,Thesis Observation 4 p.18 and section 5.1 p.26; manuscript section 4.4 pp.15-16,O(n^3 m^3),Counter unavailable or phase not reached; historical runs not rerun,
protein:1o7j.a__4eca.d:a0.5|CPS-2F,43,protein,1o7j.a__4eca.d,0.5,CPS-2F,22,22,unexecuted,,unexecuted,False,False,not executed,configuration_states_extended_bound,,,,n*m*(n+aA)*(m+aB),Actual extended-curve sizes; all index combinations,Thesis Observation 4 p.18 and section 5.1 p.26; manuscript section 4.4 pp.15-16,O(n^3 m^3),Counter unavailable or phase not reached; historical runs not rerun,Missing completed single-graph counters
protein:1o7j.a__4eca.d:a0.5|CPS-2F,43,protein,1o7j.a__4eca.d,0.5,CPS-2F,22,22,unexecuted,,unexecuted,False,False,not executed,configuration_states_active_bound,,,,H_A*H_B,Completed single graphs; includes coupling-invalid combinations,Thesis Observation 4 p.18 and section 5.1 p.26; manuscript section 4.4 pp.15-16,O(n^3 m^3),Counter unavailable or phase not reached; historical runs not rerun,Missing completed single-graph counters
protein:1o7j.a__4eca.d:a0.5|CPS-2F,43,protein,1o7j.a__4eca.d,0.5,CPS-2F,22,22,unexecuted,,unexecuted,False,False,not executed,candidate_transition_checks,,,,E_A*E_B-H_A*H_B,No duplicate single-graph entries; each product source popped once; excludes simultaneous waits,Finite derivation from solve_cps() and chain_graph(); see graph_bounds.md,O(n^3 m^3),Counter unavailable or phase not reached; historical runs not rerun,Missing completed single-graph counters
protein:1o7j.a__4eca.d:a0.5|CPS-3F,44,protein,1o7j.a__4eca.d,0.5,CPS-3F,22,22,unexecuted,,unexecuted,False,False,not executed,auxiliary_A,,0.0,,0 (no auxiliary locations),Interior curve-parameter intersections; CPS-3F percentage not applicable,Thesis Observation 4 p.18 and section 5.1 p.26; manuscript section 4.4 pp.15-16,O(n^2 m^2),Counter unavailable or phase not reached; historical runs not rerun,Zero/non-applicable bound
protein:1o7j.a__4eca.d:a0.5|CPS-3F,44,protein,1o7j.a__4eca.d,0.5,CPS-3F,22,22,unexecuted,,unexecuted,False,False,not executed,single_dense_A,,484.0,,k^2,"Dense indexing slots, not valid vertices",Thesis Observation 4 p.18 and section 5.1 p.26; manuscript section 4.4 pp.15-16,O(n^2 m^2),Counter unavailable or phase not reached; historical runs not rerun,
protein:1o7j.a__4eca.d:a0.5|CPS-3F,44,protein,1o7j.a__4eca.d,0.5,CPS-3F,22,22,unexecuted,,unexecuted,False,False,not executed,single_active_A,,,,k*(k+a),Anchored source/terminal included; single-graph construction complete,Thesis Observation 4 p.18 and section 5.1 p.26; manuscript section 4.4 pp.15-16,O(n^2 m^2),Counter unavailable or phase not reached; historical runs not rerun,Missing completed single-graph counters
protein:1o7j.a__4eca.d:a0.5|CPS-3F,44,protein,1o7j.a__4eca.d,0.5,CPS-3F,22,22,unexecuted,,unexecuted,False,False,not executed,single_edges_with_waits_A,,,,H*(H+1)/2,Unique forward transitions plus exactly H waits; completed graph,Finite derivation from chain_graph() enumeration and pruning,O(n^2 m^2),Counter unavailable or phase not reached; historical runs not rerun,Missing completed single-graph counters
protein:1o7j.a__4eca.d:a0.5|CPS-3F,44,protein,1o7j.a__4eca.d,0.5,CPS-3F,22,22,unexecuted,,unexecuted,False,False,not executed,auxiliary_B,,0.0,,0 (no auxiliary locations),Interior curve-parameter intersections; CPS-3F percentage not applicable,Thesis Observation 4 p.18 and section 5.1 p.26; manuscript section 4.4 pp.15-16,O(n^2 m^2),Counter unavailable or phase not reached; historical runs not rerun,Zero/non-applicable bound
protein:1o7j.a__4eca.d:a0.5|CPS-3F,44,protein,1o7j.a__4eca.d,0.5,CPS-3F,22,22,unexecuted,,unexecuted,False,False,not executed,single_dense_B,,484.0,,k^2,"Dense indexing slots, not valid vertices",Thesis Observation 4 p.18 and section 5.1 p.26; manuscript section 4.4 pp.15-16,O(n^2 m^2),Counter unavailable or phase not reached; historical runs not rerun,
protein:1o7j.a__4eca.d:a0.5|CPS-3F,44,protein,1o7j.a__4eca.d,0.5,CPS-3F,22,22,unexecuted,,unexecuted,False,False,not executed,single_active_B,,,,k*(k+a),Anchored source/terminal included; single-graph construction complete,Thesis Observation 4 p.18 and section 5.1 p.26; manuscript section 4.4 pp.15-16,O(n^2 m^2),Counter unavailable or phase not reached; historical runs not rerun,Missing completed single-graph counters
protein:1o7j.a__4eca.d:a0.5|CPS-3F,44,protein,1o7j.a__4eca.d,0.5,CPS-3F,22,22,unexecuted,,unexecuted,False,False,not executed,single_edges_with_waits_B,,,,H*(H+1)/2,Unique forward transitions plus exactly H waits; completed graph,Finite derivation from chain_graph() enumeration and pruning,O(n^2 m^2),Counter unavailable or phase not reached; historical runs not rerun,Missing completed single-graph counters
protein:1o7j.a__4eca.d:a0.5|CPS-3F,44,protein,1o7j.a__4eca.d,0.5,CPS-3F,22,22,unexecuted,,unexecuted,False,False,not executed,configuration_states_input_bound,,234256.0,,n^2*m^2,All index combinations; includes source/terminal; no hidden asymptotic constant,Thesis Observation 4 p.18 and section 5.1 p.26; manuscript section 4.4 pp.15-16,O(n^2 m^2),Counter unavailable or phase not reached; historical runs not rerun,
protein:1o7j.a__4eca.d:a0.5|CPS-3F,44,protein,1o7j.a__4eca.d,0.5,CPS-3F,22,22,unexecuted,,unexecuted,False,False,not executed,configuration_states_active_bound,,,,H_A*H_B,Completed single graphs; includes coupling-invalid combinations,Thesis Observation 4 p.18 and section 5.1 p.26; manuscript section 4.4 pp.15-16,O(n^2 m^2),Counter unavailable or phase not reached; historical runs not rerun,Missing completed single-graph counters
protein:1o7j.a__4eca.d:a0.5|CPS-3F,44,protein,1o7j.a__4eca.d,0.5,CPS-3F,22,22,unexecuted,,unexecuted,False,False,not executed,candidate_transition_checks,,,,E_A*E_B-H_A*H_B,No duplicate single-graph entries; each product source popped once; excludes simultaneous waits,Finite derivation from solve_cps() and chain_graph(); see graph_bounds.md,O(n^2 m^2),Counter unavailable or phase not reached; historical runs not rerun,Missing completed single-graph counters
protein:1o7j.a__4eca.d:a1|CPS-2F,47,protein,1o7j.a__4eca.d,1.0,CPS-2F,22,22,unexecuted,,unexecuted,False,False,not executed,auxiliary_A,,924.0,,2 k(k-1),Interior curve-parameter intersections; CPS-3F percentage not applicable,Thesis Observation 4 p.18 and section 5.1 p.26; manuscript section 4.4 pp.15-16,O(n^3 m^3),Counter unavailable or phase not reached; historical runs not rerun,
protein:1o7j.a__4eca.d:a1|CPS-2F,47,protein,1o7j.a__4eca.d,1.0,CPS-2F,22,22,unexecuted,,unexecuted,False,False,not executed,single_dense_A,,20812.0,,k*(k+2k(k-1)),"Dense indexing slots, not valid vertices",Thesis Observation 4 p.18 and section 5.1 p.26; manuscript section 4.4 pp.15-16,O(n^3 m^3),Counter unavailable or phase not reached; historical runs not rerun,
protein:1o7j.a__4eca.d:a1|CPS-2F,47,protein,1o7j.a__4eca.d,1.0,CPS-2F,22,22,unexecuted,,unexecuted,False,False,not executed,single_active_A,,,,k*(k+a),Anchored source/terminal included; single-graph construction complete,Thesis Observation 4 p.18 and section 5.1 p.26; manuscript section 4.4 pp.15-16,O(n^3 m^3),Counter unavailable or phase not reached; historical runs not rerun,Missing completed single-graph counters
protein:1o7j.a__4eca.d:a1|CPS-2F,47,protein,1o7j.a__4eca.d,1.0,CPS-2F,22,22,unexecuted,,unexecuted,False,False,not executed,single_edges_with_waits_A,,,,H*(H+1)/2,Unique forward transitions plus exactly H waits; completed graph,Finite derivation from chain_graph() enumeration and pruning,O(n^3 m^3),Counter unavailable or phase not reached; historical runs not rerun,Missing completed single-graph counters
protein:1o7j.a__4eca.d:a1|CPS-2F,47,protein,1o7j.a__4eca.d,1.0,CPS-2F,22,22,unexecuted,,unexecuted,False,False,not executed,auxiliary_B,,924.0,,2 k(k-1),Interior curve-parameter intersections; CPS-3F percentage not applicable,Thesis Observation 4 p.18 and section 5.1 p.26; manuscript section 4.4 pp.15-16,O(n^3 m^3),Counter unavailable or phase not reached; historical runs not rerun,
protein:1o7j.a__4eca.d:a1|CPS-2F,47,protein,1o7j.a__4eca.d,1.0,CPS-2F,22,22,unexecuted,,unexecuted,False,False,not executed,single_dense_B,,20812.0,,k*(k+2k(k-1)),"Dense indexing slots, not valid vertices",Thesis Observation 4 p.18 and section 5.1 p.26; manuscript section 4.4 pp.15-16,O(n^3 m^3),Counter unavailable or phase not reached; historical runs not rerun,
protein:1o7j.a__4eca.d:a1|CPS-2F,47,protein,1o7j.a__4eca.d,1.0,CPS-2F,22,22,unexecuted,,unexecuted,False,False,not executed,single_active_B,,,,k*(k+a),Anchored source/terminal included; single-graph construction complete,Thesis Observation 4 p.18 and section 5.1 p.26; manuscript section 4.4 pp.15-16,O(n^3 m^3),Counter unavailable or phase not reached; historical runs not rerun,Missing completed single-graph counters
protein:1o7j.a__4eca.d:a1|CPS-2F,47,protein,1o7j.a__4eca.d,1.0,CPS-2F,22,22,unexecuted,,unexecuted,False,False,not executed,single_edges_with_waits_B,,,,H*(H+1)/2,Unique forward transitions plus exactly H waits; completed graph,Finite derivation from chain_graph() enumeration and pruning,O(n^3 m^3),Counter unavailable or phase not reached; historical runs not rerun,Missing completed single-graph counters
protein:1o7j.a__4eca.d:a1|CPS-2F,47,protein,1o7j.a__4eca.d,1.0,CPS-2F,22,22,unexecuted,,unexecuted,False,False,not executed,configuration_states_input_bound,,433139344.0,,n*m*(n+2n(n-1))*(m+2m(m-1)),All index combinations; includes source/terminal; no hidden asymptotic constant,Thesis Observation 4 p.18 and section 5.1 p.26; manuscript section 4.4 pp.15-16,O(n^3 m^3),Counter unavailable or phase not reached; historical runs not rerun,
protein:1o7j.a__4eca.d:a1|CPS-2F,47,protein,1o7j.a__4eca.d,1.0,CPS-2F,22,22,unexecuted,,unexecuted,False,False,not executed,configuration_states_extended_bound,,,,n*m*(n+aA)*(m+aB),Actual extended-curve sizes; all index combinations,Thesis Observation 4 p.18 and section 5.1 p.26; manuscript section 4.4 pp.15-16,O(n^3 m^3),Counter unavailable or phase not reached; historical runs not rerun,Missing completed single-graph counters
protein:1o7j.a__4eca.d:a1|CPS-2F,47,protein,1o7j.a__4eca.d,1.0,CPS-2F,22,22,unexecuted,,unexecuted,False,False,not executed,configuration_states_active_bound,,,,H_A*H_B,Completed single graphs; includes coupling-invalid combinations,Thesis Observation 4 p.18 and section 5.1 p.26; manuscript section 4.4 pp.15-16,O(n^3 m^3),Counter unavailable or phase not reached; historical runs not rerun,Missing completed single-graph counters
protein:1o7j.a__4eca.d:a1|CPS-2F,47,protein,1o7j.a__4eca.d,1.0,CPS-2F,22,22,unexecuted,,unexecuted,False,False,not executed,candidate_transition_checks,,,,E_A*E_B-H_A*H_B,No duplicate single-graph entries; each product source popped once; excludes simultaneous waits,Finite derivation from solve_cps() and chain_graph(); see graph_bounds.md,O(n^3 m^3),Counter unavailable or phase not reached; historical runs not rerun,Missing completed single-graph counters
protein:1o7j.a__4eca.d:a1|CPS-3F,48,protein,1o7j.a__4eca.d,1.0,CPS-3F,22,22,unexecuted,,unexecuted,False,False,not executed,auxiliary_A,,0.0,,0 (no auxiliary locations),Interior curve-parameter intersections; CPS-3F percentage not applicable,Thesis Observation 4 p.18 and section 5.1 p.26; manuscript section 4.4 pp.15-16,O(n^2 m^2),Counter unavailable or phase not reached; historical runs not rerun,Zero/non-applicable bound
protein:1o7j.a__4eca.d:a1|CPS-3F,48,protein,1o7j.a__4eca.d,1.0,CPS-3F,22,22,unexecuted,,unexecuted,False,False,not executed,single_dense_A,,484.0,,k^2,"Dense indexing slots, not valid vertices",Thesis Observation 4 p.18 and section 5.1 p.26; manuscript section 4.4 pp.15-16,O(n^2 m^2),Counter unavailable or phase not reached; historical runs not rerun,
protein:1o7j.a__4eca.d:a1|CPS-3F,48,protein,1o7j.a__4eca.d,1.0,CPS-3F,22,22,unexecuted,,unexecuted,False,False,not executed,single_active_A,,,,k*(k+a),Anchored source/terminal included; single-graph construction complete,Thesis Observation 4 p.18 and section 5.1 p.26; manuscript section 4.4 pp.15-16,O(n^2 m^2),Counter unavailable or phase not reached; historical runs not rerun,Missing completed single-graph counters
protein:1o7j.a__4eca.d:a1|CPS-3F,48,protein,1o7j.a__4eca.d,1.0,CPS-3F,22,22,unexecuted,,unexecuted,False,False,not executed,single_edges_with_waits_A,,,,H*(H+1)/2,Unique forward transitions plus exactly H waits; completed graph,Finite derivation from chain_graph() enumeration and pruning,O(n^2 m^2),Counter unavailable or phase not reached; historical runs not rerun,Missing completed single-graph counters
protein:1o7j.a__4eca.d:a1|CPS-3F,48,protein,1o7j.a__4eca.d,1.0,CPS-3F,22,22,unexecuted,,unexecuted,False,False,not executed,auxiliary_B,,0.0,,0 (no auxiliary locations),Interior curve-parameter intersections; CPS-3F percentage not applicable,Thesis Observation 4 p.18 and section 5.1 p.26; manuscript section 4.4 pp.15-16,O(n^2 m^2),Counter unavailable or phase not reached; historical runs not rerun,Zero/non-applicable bound
protein:1o7j.a__4eca.d:a1|CPS-3F,48,protein,1o7j.a__4eca.d,1.0,CPS-3F,22,22,unexecuted,,unexecuted,False,False,not executed,single_dense_B,,484.0,,k^2,"Dense indexing slots, not valid vertices",Thesis Observation 4 p.18 and section 5.1 p.26; manuscript section 4.4 pp.15-16,O(n^2 m^2),Counter unavailable or phase not reached; historical runs not rerun,
protein:1o7j.a__4eca.d:a1|CPS-3F,48,protein,1o7j.a__4eca.d,1.0,CPS-3F,22,22,unexecuted,,unexecuted,False,False,not executed,single_active_B,,,,k*(k+a),Anchored source/terminal included; single-graph construction complete,Thesis Observation 4 p.18 and section 5.1 p.26; manuscript section 4.4 pp.15-16,O(n^2 m^2),Counter unavailable or phase not reached; historical runs not rerun,Missing completed single-graph counters
protein:1o7j.a__4eca.d:a1|CPS-3F,48,protein,1o7j.a__4eca.d,1.0,CPS-3F,22,22,unexecuted,,unexecuted,False,False,not executed,single_edges_with_waits_B,,,,H*(H+1)/2,Unique forward transitions plus exactly H waits; completed graph,Finite derivation from chain_graph() enumeration and pruning,O(n^2 m^2),Counter unavailable or phase not reached; historical runs not rerun,Missing completed single-graph counters
protein:1o7j.a__4eca.d:a1|CPS-3F,48,protein,1o7j.a__4eca.d,1.0,CPS-3F,22,22,unexecuted,,unexecuted,False,False,not executed,configuration_states_input_bound,,234256.0,,n^2*m^2,All index combinations; includes source/terminal; no hidden asymptotic constant,Thesis Observation 4 p.18 and section 5.1 p.26; manuscript section 4.4 pp.15-16,O(n^2 m^2),Counter unavailable or phase not reached; historical runs not rerun,
protein:1o7j.a__4eca.d:a1|CPS-3F,48,protein,1o7j.a__4eca.d,1.0,CPS-3F,22,22,unexecuted,,unexecuted,False,False,not executed,configuration_states_active_bound,,,,H_A*H_B,Completed single graphs; includes coupling-invalid combinations,Thesis Observation 4 p.18 and section 5.1 p.26; manuscript section 4.4 pp.15-16,O(n^2 m^2),Counter unavailable or phase not reached; historical runs not rerun,Missing completed single-graph counters
protein:1o7j.a__4eca.d:a1|CPS-3F,48,protein,1o7j.a__4eca.d,1.0,CPS-3F,22,22,unexecuted,,unexecuted,False,False,not executed,candidate_transition_checks,,,,E_A*E_B-H_A*H_B,No duplicate single-graph entries; each product source popped once; excludes simultaneous waits,Finite derivation from solve_cps() and chain_graph(); see graph_bounds.md,O(n^2 m^2),Counter unavailable or phase not reached; historical runs not rerun,Missing completed single-graph counters
protein:1o7j.a__1toh.a:a0.5|CPS-2F,51,protein,1o7j.a__1toh.a,0.5,CPS-2F,22,22,unexecuted,,unexecuted,False,False,not executed,auxiliary_A,,924.0,,2 k(k-1),Interior curve-parameter intersections; CPS-3F percentage not applicable,Thesis Observation 4 p.18 and section 5.1 p.26; manuscript section 4.4 pp.15-16,O(n^3 m^3),Counter unavailable or phase not reached; historical runs not rerun,
protein:1o7j.a__1toh.a:a0.5|CPS-2F,51,protein,1o7j.a__1toh.a,0.5,CPS-2F,22,22,unexecuted,,unexecuted,False,False,not executed,single_dense_A,,20812.0,,k*(k+2k(k-1)),"Dense indexing slots, not valid vertices",Thesis Observation 4 p.18 and section 5.1 p.26; manuscript section 4.4 pp.15-16,O(n^3 m^3),Counter unavailable or phase not reached; historical runs not rerun,
protein:1o7j.a__1toh.a:a0.5|CPS-2F,51,protein,1o7j.a__1toh.a,0.5,CPS-2F,22,22,unexecuted,,unexecuted,False,False,not executed,single_active_A,,,,k*(k+a),Anchored source/terminal included; single-graph construction complete,Thesis Observation 4 p.18 and section 5.1 p.26; manuscript section 4.4 pp.15-16,O(n^3 m^3),Counter unavailable or phase not reached; historical runs not rerun,Missing completed single-graph counters
protein:1o7j.a__1toh.a:a0.5|CPS-2F,51,protein,1o7j.a__1toh.a,0.5,CPS-2F,22,22,unexecuted,,unexecuted,False,False,not executed,single_edges_with_waits_A,,,,H*(H+1)/2,Unique forward transitions plus exactly H waits; completed graph,Finite derivation from chain_graph() enumeration and pruning,O(n^3 m^3),Counter unavailable or phase not reached; historical runs not rerun,Missing completed single-graph counters
protein:1o7j.a__1toh.a:a0.5|CPS-2F,51,protein,1o7j.a__1toh.a,0.5,CPS-2F,22,22,unexecuted,,unexecuted,False,False,not executed,auxiliary_B,,924.0,,2 k(k-1),Interior curve-parameter intersections; CPS-3F percentage not applicable,Thesis Observation 4 p.18 and section 5.1 p.26; manuscript section 4.4 pp.15-16,O(n^3 m^3),Counter unavailable or phase not reached; historical runs not rerun,
protein:1o7j.a__1toh.a:a0.5|CPS-2F,51,protein,1o7j.a__1toh.a,0.5,CPS-2F,22,22,unexecuted,,unexecuted,False,False,not executed,single_dense_B,,20812.0,,k*(k+2k(k-1)),"Dense indexing slots, not valid vertices",Thesis Observation 4 p.18 and section 5.1 p.26; manuscript section 4.4 pp.15-16,O(n^3 m^3),Counter unavailable or phase not reached; historical runs not rerun,
protein:1o7j.a__1toh.a:a0.5|CPS-2F,51,protein,1o7j.a__1toh.a,0.5,CPS-2F,22,22,unexecuted,,unexecuted,False,False,not executed,single_active_B,,,,k*(k+a),Anchored source/terminal included; single-graph construction complete,Thesis Observation 4 p.18 and section 5.1 p.26; manuscript section 4.4 pp.15-16,O(n^3 m^3),Counter unavailable or phase not reached; historical runs not rerun,Missing completed single-graph counters
protein:1o7j.a__1toh.a:a0.5|CPS-2F,51,protein,1o7j.a__1toh.a,0.5,CPS-2F,22,22,unexecuted,,unexecuted,False,False,not executed,single_edges_with_waits_B,,,,H*(H+1)/2,Unique forward transitions plus exactly H waits; completed graph,Finite derivation from chain_graph() enumeration and pruning,O(n^3 m^3),Counter unavailable or phase not reached; historical runs not rerun,Missing completed single-graph counters
protein:1o7j.a__1toh.a:a0.5|CPS-2F,51,protein,1o7j.a__1toh.a,0.5,CPS-2F,22,22,unexecuted,,unexecuted,False,False,not executed,configuration_states_input_bound,,433139344.0,,n*m*(n+2n(n-1))*(m+2m(m-1)),All index combinations; includes source/terminal; no hidden asymptotic constant,Thesis Observation 4 p.18 and section 5.1 p.26; manuscript section 4.4 pp.15-16,O(n^3 m^3),Counter unavailable or phase not reached; historical runs not rerun,
protein:1o7j.a__1toh.a:a0.5|CPS-2F,51,protein,1o7j.a__1toh.a,0.5,CPS-2F,22,22,unexecuted,,unexecuted,False,False,not executed,configuration_states_extended_bound,,,,n*m*(n+aA)*(m+aB),Actual extended-curve sizes; all index combinations,Thesis Observation 4 p.18 and section 5.1 p.26; manuscript section 4.4 pp.15-16,O(n^3 m^3),Counter unavailable or phase not reached; historical runs not rerun,Missing completed single-graph counters
protein:1o7j.a__1toh.a:a0.5|CPS-2F,51,protein,1o7j.a__1toh.a,0.5,CPS-2F,22,22,unexecuted,,unexecuted,False,False,not executed,configuration_states_active_bound,,,,H_A*H_B,Completed single graphs; includes coupling-invalid combinations,Thesis Observation 4 p.18 and section 5.1 p.26; manuscript section 4.4 pp.15-16,O(n^3 m^3),Counter unavailable or phase not reached; historical runs not rerun,Missing completed single-graph counters
protein:1o7j.a__1toh.a:a0.5|CPS-2F,51,protein,1o7j.a__1toh.a,0.5,CPS-2F,22,22,unexecuted,,unexecuted,False,False,not executed,candidate_transition_checks,,,,E_A*E_B-H_A*H_B,No duplicate single-graph entries; each product source popped once; excludes simultaneous waits,Finite derivation from solve_cps() and chain_graph(); see graph_bounds.md,O(n^3 m^3),Counter unavailable or phase not reached; historical runs not rerun,Missing completed single-graph counters
protein:1o7j.a__1toh.a:a0.5|CPS-3F,52,protein,1o7j.a__1toh.a,0.5,CPS-3F,22,22,unexecuted,,unexecuted,False,False,not executed,auxiliary_A,,0.0,,0 (no auxiliary locations),Interior curve-parameter intersections; CPS-3F percentage not applicable,Thesis Observation 4 p.18 and section 5.1 p.26; manuscript section 4.4 pp.15-16,O(n^2 m^2),Counter unavailable or phase not reached; historical runs not rerun,Zero/non-applicable bound
protein:1o7j.a__1toh.a:a0.5|CPS-3F,52,protein,1o7j.a__1toh.a,0.5,CPS-3F,22,22,unexecuted,,unexecuted,False,False,not executed,single_dense_A,,484.0,,k^2,"Dense indexing slots, not valid vertices",Thesis Observation 4 p.18 and section 5.1 p.26; manuscript section 4.4 pp.15-16,O(n^2 m^2),Counter unavailable or phase not reached; historical runs not rerun,
protein:1o7j.a__1toh.a:a0.5|CPS-3F,52,protein,1o7j.a__1toh.a,0.5,CPS-3F,22,22,unexecuted,,unexecuted,False,False,not executed,single_active_A,,,,k*(k+a),Anchored source/terminal included; single-graph construction complete,Thesis Observation 4 p.18 and section 5.1 p.26; manuscript section 4.4 pp.15-16,O(n^2 m^2),Counter unavailable or phase not reached; historical runs not rerun,Missing completed single-graph counters
protein:1o7j.a__1toh.a:a0.5|CPS-3F,52,protein,1o7j.a__1toh.a,0.5,CPS-3F,22,22,unexecuted,,unexecuted,False,False,not executed,single_edges_with_waits_A,,,,H*(H+1)/2,Unique forward transitions plus exactly H waits; completed graph,Finite derivation from chain_graph() enumeration and pruning,O(n^2 m^2),Counter unavailable or phase not reached; historical runs not rerun,Missing completed single-graph counters
protein:1o7j.a__1toh.a:a0.5|CPS-3F,52,protein,1o7j.a__1toh.a,0.5,CPS-3F,22,22,unexecuted,,unexecuted,False,False,not executed,auxiliary_B,,0.0,,0 (no auxiliary locations),Interior curve-parameter intersections; CPS-3F percentage not applicable,Thesis Observation 4 p.18 and section 5.1 p.26; manuscript section 4.4 pp.15-16,O(n^2 m^2),Counter unavailable or phase not reached; historical runs not rerun,Zero/non-applicable bound
protein:1o7j.a__1toh.a:a0.5|CPS-3F,52,protein,1o7j.a__1toh.a,0.5,CPS-3F,22,22,unexecuted,,unexecuted,False,False,not executed,single_dense_B,,484.0,,k^2,"Dense indexing slots, not valid vertices",Thesis Observation 4 p.18 and section 5.1 p.26; manuscript section 4.4 pp.15-16,O(n^2 m^2),Counter unavailable or phase not reached; historical runs not rerun,
protein:1o7j.a__1toh.a:a0.5|CPS-3F,52,protein,1o7j.a__1toh.a,0.5,CPS-3F,22,22,unexecuted,,unexecuted,False,False,not executed,single_active_B,,,,k*(k+a),Anchored source/terminal included; single-graph construction complete,Thesis Observation 4 p.18 and section 5.1 p.26; manuscript section 4.4 pp.15-16,O(n^2 m^2),Counter unavailable or phase not reached; historical runs not rerun,Missing completed single-graph counters
protein:1o7j.a__1toh.a:a0.5|CPS-3F,52,protein,1o7j.a__1toh.a,0.5,CPS-3F,22,22,unexecuted,,unexecuted,False,False,not executed,single_edges_with_waits_B,,,,H*(H+1)/2,Unique forward transitions plus exactly H waits; completed graph,Finite derivation from chain_graph() enumeration and pruning,O(n^2 m^2),Counter unavailable or phase not reached; historical runs not rerun,Missing completed single-graph counters
protein:1o7j.a__1toh.a:a0.5|CPS-3F,52,protein,1o7j.a__1toh.a,0.5,CPS-3F,22,22,unexecuted,,unexecuted,False,False,not executed,configuration_states_input_bound,,234256.0,,n^2*m^2,All index combinations; includes source/terminal; no hidden asymptotic constant,Thesis Observation 4 p.18 and section 5.1 p.26; manuscript section 4.4 pp.15-16,O(n^2 m^2),Counter unavailable or phase not reached; historical runs not rerun,
protein:1o7j.a__1toh.a:a0.5|CPS-3F,52,protein,1o7j.a__1toh.a,0.5,CPS-3F,22,22,unexecuted,,unexecuted,False,False,not executed,configuration_states_active_bound,,,,H_A*H_B,Completed single graphs; includes coupling-invalid combinations,Thesis Observation 4 p.18 and section 5.1 p.26; manuscript section 4.4 pp.15-16,O(n^2 m^2),Counter unavailable or phase not reached; historical runs not rerun,Missing completed single-graph counters
protein:1o7j.a__1toh.a:a0.5|CPS-3F,52,protein,1o7j.a__1toh.a,0.5,CPS-3F,22,22,unexecuted,,unexecuted,False,False,not executed,candidate_transition_checks,,,,E_A*E_B-H_A*H_B,No duplicate single-graph entries; each product source popped once; excludes simultaneous waits,Finite derivation from solve_cps() and chain_graph(); see graph_bounds.md,O(n^2 m^2),Counter unavailable or phase not reached; historical runs not rerun,Missing completed single-graph counters
protein:1o7j.a__1toh.a:a1|CPS-2F,55,protein,1o7j.a__1toh.a,1.0,CPS-2F,22,22,unexecuted,,unexecuted,False,False,not executed,auxiliary_A,,924.0,,2 k(k-1),Interior curve-parameter intersections; CPS-3F percentage not applicable,Thesis Observation 4 p.18 and section 5.1 p.26; manuscript section 4.4 pp.15-16,O(n^3 m^3),Counter unavailable or phase not reached; historical runs not rerun,
protein:1o7j.a__1toh.a:a1|CPS-2F,55,protein,1o7j.a__1toh.a,1.0,CPS-2F,22,22,unexecuted,,unexecuted,False,False,not executed,single_dense_A,,20812.0,,k*(k+2k(k-1)),"Dense indexing slots, not valid vertices",Thesis Observation 4 p.18 and section 5.1 p.26; manuscript section 4.4 pp.15-16,O(n^3 m^3),Counter unavailable or phase not reached; historical runs not rerun,
protein:1o7j.a__1toh.a:a1|CPS-2F,55,protein,1o7j.a__1toh.a,1.0,CPS-2F,22,22,unexecuted,,unexecuted,False,False,not executed,single_active_A,,,,k*(k+a),Anchored source/terminal included; single-graph construction complete,Thesis Observation 4 p.18 and section 5.1 p.26; manuscript section 4.4 pp.15-16,O(n^3 m^3),Counter unavailable or phase not reached; historical runs not rerun,Missing completed single-graph counters
protein:1o7j.a__1toh.a:a1|CPS-2F,55,protein,1o7j.a__1toh.a,1.0,CPS-2F,22,22,unexecuted,,unexecuted,False,False,not executed,single_edges_with_waits_A,,,,H*(H+1)/2,Unique forward transitions plus exactly H waits; completed graph,Finite derivation from chain_graph() enumeration and pruning,O(n^3 m^3),Counter unavailable or phase not reached; historical runs not rerun,Missing completed single-graph counters
protein:1o7j.a__1toh.a:a1|CPS-2F,55,protein,1o7j.a__1toh.a,1.0,CPS-2F,22,22,unexecuted,,unexecuted,False,False,not executed,auxiliary_B,,924.0,,2 k(k-1),Interior curve-parameter intersections; CPS-3F percentage not applicable,Thesis Observation 4 p.18 and section 5.1 p.26; manuscript section 4.4 pp.15-16,O(n^3 m^3),Counter unavailable or phase not reached; historical runs not rerun,
protein:1o7j.a__1toh.a:a1|CPS-2F,55,protein,1o7j.a__1toh.a,1.0,CPS-2F,22,22,unexecuted,,unexecuted,False,False,not executed,single_dense_B,,20812.0,,k*(k+2k(k-1)),"Dense indexing slots, not valid vertices",Thesis Observation 4 p.18 and section 5.1 p.26; manuscript section 4.4 pp.15-16,O(n^3 m^3),Counter unavailable or phase not reached; historical runs not rerun,
protein:1o7j.a__1toh.a:a1|CPS-2F,55,protein,1o7j.a__1toh.a,1.0,CPS-2F,22,22,unexecuted,,unexecuted,False,False,not executed,single_active_B,,,,k*(k+a),Anchored source/terminal included; single-graph construction complete,Thesis Observation 4 p.18 and section 5.1 p.26; manuscript section 4.4 pp.15-16,O(n^3 m^3),Counter unavailable or phase not reached; historical runs not rerun,Missing completed single-graph counters
protein:1o7j.a__1toh.a:a1|CPS-2F,55,protein,1o7j.a__1toh.a,1.0,CPS-2F,22,22,unexecuted,,unexecuted,False,False,not executed,single_edges_with_waits_B,,,,H*(H+1)/2,Unique forward transitions plus exactly H waits; completed graph,Finite derivation from chain_graph() enumeration and pruning,O(n^3 m^3),Counter unavailable or phase not reached; historical runs not rerun,Missing completed single-graph counters
protein:1o7j.a__1toh.a:a1|CPS-2F,55,protein,1o7j.a__1toh.a,1.0,CPS-2F,22,22,unexecuted,,unexecuted,False,False,not executed,configuration_states_input_bound,,433139344.0,,n*m*(n+2n(n-1))*(m+2m(m-1)),All index combinations; includes source/terminal; no hidden asymptotic constant,Thesis Observation 4 p.18 and section 5.1 p.26; manuscript section 4.4 pp.15-16,O(n^3 m^3),Counter unavailable or phase not reached; historical runs not rerun,
protein:1o7j.a__1toh.a:a1|CPS-2F,55,protein,1o7j.a__1toh.a,1.0,CPS-2F,22,22,unexecuted,,unexecuted,False,False,not executed,configuration_states_extended_bound,,,,n*m*(n+aA)*(m+aB),Actual extended-curve sizes; all index combinations,Thesis Observation 4 p.18 and section 5.1 p.26; manuscript section 4.4 pp.15-16,O(n^3 m^3),Counter unavailable or phase not reached; historical runs not rerun,Missing completed single-graph counters
protein:1o7j.a__1toh.a:a1|CPS-2F,55,protein,1o7j.a__1toh.a,1.0,CPS-2F,22,22,unexecuted,,unexecuted,False,False,not executed,configuration_states_active_bound,,,,H_A*H_B,Completed single graphs; includes coupling-invalid combinations,Thesis Observation 4 p.18 and section 5.1 p.26; manuscript section 4.4 pp.15-16,O(n^3 m^3),Counter unavailable or phase not reached; historical runs not rerun,Missing completed single-graph counters
protein:1o7j.a__1toh.a:a1|CPS-2F,55,protein,1o7j.a__1toh.a,1.0,CPS-2F,22,22,unexecuted,,unexecuted,False,False,not executed,candidate_transition_checks,,,,E_A*E_B-H_A*H_B,No duplicate single-graph entries; each product source popped once; excludes simultaneous waits,Finite derivation from solve_cps() and chain_graph(); see graph_bounds.md,O(n^3 m^3),Counter unavailable or phase not reached; historical runs not rerun,Missing completed single-graph counters
protein:1o7j.a__1toh.a:a1|CPS-3F,56,protein,1o7j.a__1toh.a,1.0,CPS-3F,22,22,unexecuted,,unexecuted,False,False,not executed,auxiliary_A,,0.0,,0 (no auxiliary locations),Interior curve-parameter intersections; CPS-3F percentage not applicable,Thesis Observation 4 p.18 and section 5.1 p.26; manuscript section 4.4 pp.15-16,O(n^2 m^2),Counter unavailable or phase not reached; historical runs not rerun,Zero/non-applicable bound
protein:1o7j.a__1toh.a:a1|CPS-3F,56,protein,1o7j.a__1toh.a,1.0,CPS-3F,22,22,unexecuted,,unexecuted,False,False,not executed,single_dense_A,,484.0,,k^2,"Dense indexing slots, not valid vertices",Thesis Observation 4 p.18 and section 5.1 p.26; manuscript section 4.4 pp.15-16,O(n^2 m^2),Counter unavailable or phase not reached; historical runs not rerun,
protein:1o7j.a__1toh.a:a1|CPS-3F,56,protein,1o7j.a__1toh.a,1.0,CPS-3F,22,22,unexecuted,,unexecuted,False,False,not executed,single_active_A,,,,k*(k+a),Anchored source/terminal included; single-graph construction complete,Thesis Observation 4 p.18 and section 5.1 p.26; manuscript section 4.4 pp.15-16,O(n^2 m^2),Counter unavailable or phase not reached; historical runs not rerun,Missing completed single-graph counters
protein:1o7j.a__1toh.a:a1|CPS-3F,56,protein,1o7j.a__1toh.a,1.0,CPS-3F,22,22,unexecuted,,unexecuted,False,False,not executed,single_edges_with_waits_A,,,,H*(H+1)/2,Unique forward transitions plus exactly H waits; completed graph,Finite derivation from chain_graph() enumeration and pruning,O(n^2 m^2),Counter unavailable or phase not reached; historical runs not rerun,Missing completed single-graph counters
protein:1o7j.a__1toh.a:a1|CPS-3F,56,protein,1o7j.a__1toh.a,1.0,CPS-3F,22,22,unexecuted,,unexecuted,False,False,not executed,auxiliary_B,,0.0,,0 (no auxiliary locations),Interior curve-parameter intersections; CPS-3F percentage not applicable,Thesis Observation 4 p.18 and section 5.1 p.26; manuscript section 4.4 pp.15-16,O(n^2 m^2),Counter unavailable or phase not reached; historical runs not rerun,Zero/non-applicable bound
protein:1o7j.a__1toh.a:a1|CPS-3F,56,protein,1o7j.a__1toh.a,1.0,CPS-3F,22,22,unexecuted,,unexecuted,False,False,not executed,single_dense_B,,484.0,,k^2,"Dense indexing slots, not valid vertices",Thesis Observation 4 p.18 and section 5.1 p.26; manuscript section 4.4 pp.15-16,O(n^2 m^2),Counter unavailable or phase not reached; historical runs not rerun,
protein:1o7j.a__1toh.a:a1|CPS-3F,56,protein,1o7j.a__1toh.a,1.0,CPS-3F,22,22,unexecuted,,unexecuted,False,False,not executed,single_active_B,,,,k*(k+a),Anchored source/terminal included; single-graph construction complete,Thesis Observation 4 p.18 and section 5.1 p.26; manuscript section 4.4 pp.15-16,O(n^2 m^2),Counter unavailable or phase not reached; historical runs not rerun,Missing completed single-graph counters
protein:1o7j.a__1toh.a:a1|CPS-3F,56,protein,1o7j.a__1toh.a,1.0,CPS-3F,22,22,unexecuted,,unexecuted,False,False,not executed,single_edges_with_waits_B,,,,H*(H+1)/2,Unique forward transitions plus exactly H waits; completed graph,Finite derivation from chain_graph() enumeration and pruning,O(n^2 m^2),Counter unavailable or phase not reached; historical runs not rerun,Missing completed single-graph counters
protein:1o7j.a__1toh.a:a1|CPS-3F,56,protein,1o7j.a__1toh.a,1.0,CPS-3F,22,22,unexecuted,,unexecuted,False,False,not executed,configuration_states_input_bound,,234256.0,,n^2*m^2,All index combinations; includes source/terminal; no hidden asymptotic constant,Thesis Observation 4 p.18 and section 5.1 p.26; manuscript section 4.4 pp.15-16,O(n^2 m^2),Counter unavailable or phase not reached; historical runs not rerun,
protein:1o7j.a__1toh.a:a1|CPS-3F,56,protein,1o7j.a__1toh.a,1.0,CPS-3F,22,22,unexecuted,,unexecuted,False,False,not executed,configuration_states_active_bound,,,,H_A*H_B,Completed single graphs; includes coupling-invalid combinations,Thesis Observation 4 p.18 and section 5.1 p.26; manuscript section 4.4 pp.15-16,O(n^2 m^2),Counter unavailable or phase not reached; historical runs not rerun,Missing completed single-graph counters
protein:1o7j.a__1toh.a:a1|CPS-3F,56,protein,1o7j.a__1toh.a,1.0,CPS-3F,22,22,unexecuted,,unexecuted,False,False,not executed,candidate_transition_checks,,,,E_A*E_B-H_A*H_B,No duplicate single-graph entries; each product source popped once; excludes simultaneous waits,Finite derivation from solve_cps() and chain_graph(); see graph_bounds.md,O(n^2 m^2),Counter unavailable or phase not reached; historical runs not rerun,Missing completed single-graph counters
hurricane:EP111954__EP021984:a0.5|CPS-2F,59,hurricane,EP111954__EP021984,0.5,CPS-2F,25,82,unexecuted,,unexecuted,False,False,not executed,auxiliary_A,,1200.0,,2 k(k-1),Interior curve-parameter intersections; CPS-3F percentage not applicable,Thesis Observation 4 p.18 and section 5.1 p.26; manuscript section 4.4 pp.15-16,O(n^3 m^3),Counter unavailable or phase not reached; historical runs not rerun,
hurricane:EP111954__EP021984:a0.5|CPS-2F,59,hurricane,EP111954__EP021984,0.5,CPS-2F,25,82,unexecuted,,unexecuted,False,False,not executed,single_dense_A,,30625.0,,k*(k+2k(k-1)),"Dense indexing slots, not valid vertices",Thesis Observation 4 p.18 and section 5.1 p.26; manuscript section 4.4 pp.15-16,O(n^3 m^3),Counter unavailable or phase not reached; historical runs not rerun,
hurricane:EP111954__EP021984:a0.5|CPS-2F,59,hurricane,EP111954__EP021984,0.5,CPS-2F,25,82,unexecuted,,unexecuted,False,False,not executed,single_active_A,,,,k*(k+a),Anchored source/terminal included; single-graph construction complete,Thesis Observation 4 p.18 and section 5.1 p.26; manuscript section 4.4 pp.15-16,O(n^3 m^3),Counter unavailable or phase not reached; historical runs not rerun,Missing completed single-graph counters
hurricane:EP111954__EP021984:a0.5|CPS-2F,59,hurricane,EP111954__EP021984,0.5,CPS-2F,25,82,unexecuted,,unexecuted,False,False,not executed,single_edges_with_waits_A,,,,H*(H+1)/2,Unique forward transitions plus exactly H waits; completed graph,Finite derivation from chain_graph() enumeration and pruning,O(n^3 m^3),Counter unavailable or phase not reached; historical runs not rerun,Missing completed single-graph counters
hurricane:EP111954__EP021984:a0.5|CPS-2F,59,hurricane,EP111954__EP021984,0.5,CPS-2F,25,82,unexecuted,,unexecuted,False,False,not executed,auxiliary_B,,13284.0,,2 k(k-1),Interior curve-parameter intersections; CPS-3F percentage not applicable,Thesis Observation 4 p.18 and section 5.1 p.26; manuscript section 4.4 pp.15-16,O(n^3 m^3),Counter unavailable or phase not reached; historical runs not rerun,
hurricane:EP111954__EP021984:a0.5|CPS-2F,59,hurricane,EP111954__EP021984,0.5,CPS-2F,25,82,unexecuted,,unexecuted,False,False,not executed,single_dense_B,,1096012.0,,k*(k+2k(k-1)),"Dense indexing slots, not valid vertices",Thesis Observation 4 p.18 and section 5.1 p.26; manuscript section 4.4 pp.15-16,O(n^3 m^3),Counter unavailable or phase not reached; historical runs not rerun,
hurricane:EP111954__EP021984:a0.5|CPS-2F,59,hurricane,EP111954__EP021984,0.5,CPS-2F,25,82,unexecuted,,unexecuted,False,False,not executed,single_active_B,,,,k*(k+a),Anchored source/terminal included; single-graph construction complete,Thesis Observation 4 p.18 and section 5.1 p.26; manuscript section 4.4 pp.15-16,O(n^3 m^3),Counter unavailable or phase not reached; historical runs not rerun,Missing completed single-graph counters
hurricane:EP111954__EP021984:a0.5|CPS-2F,59,hurricane,EP111954__EP021984,0.5,CPS-2F,25,82,unexecuted,,unexecuted,False,False,not executed,single_edges_with_waits_B,,,,H*(H+1)/2,Unique forward transitions plus exactly H waits; completed graph,Finite derivation from chain_graph() enumeration and pruning,O(n^3 m^3),Counter unavailable or phase not reached; historical runs not rerun,Missing completed single-graph counters
hurricane:EP111954__EP021984:a0.5|CPS-2F,59,hurricane,EP111954__EP021984,0.5,CPS-2F,25,82,unexecuted,,unexecuted,False,False,not executed,configuration_states_input_bound,,33565367500.0,,n*m*(n+2n(n-1))*(m+2m(m-1)),All index combinations; includes source/terminal; no hidden asymptotic constant,Thesis Observation 4 p.18 and section 5.1 p.26; manuscript section 4.4 pp.15-16,O(n^3 m^3),Counter unavailable or phase not reached; historical runs not rerun,
hurricane:EP111954__EP021984:a0.5|CPS-2F,59,hurricane,EP111954__EP021984,0.5,CPS-2F,25,82,unexecuted,,unexecuted,False,False,not executed,configuration_states_extended_bound,,,,n*m*(n+aA)*(m+aB),Actual extended-curve sizes; all index combinations,Thesis Observation 4 p.18 and section 5.1 p.26; manuscript section 4.4 pp.15-16,O(n^3 m^3),Counter unavailable or phase not reached; historical runs not rerun,Missing completed single-graph counters
hurricane:EP111954__EP021984:a0.5|CPS-2F,59,hurricane,EP111954__EP021984,0.5,CPS-2F,25,82,unexecuted,,unexecuted,False,False,not executed,configuration_states_active_bound,,,,H_A*H_B,Completed single graphs; includes coupling-invalid combinations,Thesis Observation 4 p.18 and section 5.1 p.26; manuscript section 4.4 pp.15-16,O(n^3 m^3),Counter unavailable or phase not reached; historical runs not rerun,Missing completed single-graph counters
hurricane:EP111954__EP021984:a0.5|CPS-2F,59,hurricane,EP111954__EP021984,0.5,CPS-2F,25,82,unexecuted,,unexecuted,False,False,not executed,candidate_transition_checks,,,,E_A*E_B-H_A*H_B,No duplicate single-graph entries; each product source popped once; excludes simultaneous waits,Finite derivation from solve_cps() and chain_graph(); see graph_bounds.md,O(n^3 m^3),Counter unavailable or phase not reached; historical runs not rerun,Missing completed single-graph counters
hurricane:EP111954__EP021984:a0.5|CPS-3F,60,hurricane,EP111954__EP021984,0.5,CPS-3F,25,82,unexecuted,,unexecuted,False,False,not executed,auxiliary_A,,0.0,,0 (no auxiliary locations),Interior curve-parameter intersections; CPS-3F percentage not applicable,Thesis Observation 4 p.18 and section 5.1 p.26; manuscript section 4.4 pp.15-16,O(n^2 m^2),Counter unavailable or phase not reached; historical runs not rerun,Zero/non-applicable bound
hurricane:EP111954__EP021984:a0.5|CPS-3F,60,hurricane,EP111954__EP021984,0.5,CPS-3F,25,82,unexecuted,,unexecuted,False,False,not executed,single_dense_A,,625.0,,k^2,"Dense indexing slots, not valid vertices",Thesis Observation 4 p.18 and section 5.1 p.26; manuscript section 4.4 pp.15-16,O(n^2 m^2),Counter unavailable or phase not reached; historical runs not rerun,
hurricane:EP111954__EP021984:a0.5|CPS-3F,60,hurricane,EP111954__EP021984,0.5,CPS-3F,25,82,unexecuted,,unexecuted,False,False,not executed,single_active_A,,,,k*(k+a),Anchored source/terminal included; single-graph construction complete,Thesis Observation 4 p.18 and section 5.1 p.26; manuscript section 4.4 pp.15-16,O(n^2 m^2),Counter unavailable or phase not reached; historical runs not rerun,Missing completed single-graph counters
hurricane:EP111954__EP021984:a0.5|CPS-3F,60,hurricane,EP111954__EP021984,0.5,CPS-3F,25,82,unexecuted,,unexecuted,False,False,not executed,single_edges_with_waits_A,,,,H*(H+1)/2,Unique forward transitions plus exactly H waits; completed graph,Finite derivation from chain_graph() enumeration and pruning,O(n^2 m^2),Counter unavailable or phase not reached; historical runs not rerun,Missing completed single-graph counters
hurricane:EP111954__EP021984:a0.5|CPS-3F,60,hurricane,EP111954__EP021984,0.5,CPS-3F,25,82,unexecuted,,unexecuted,False,False,not executed,auxiliary_B,,0.0,,0 (no auxiliary locations),Interior curve-parameter intersections; CPS-3F percentage not applicable,Thesis Observation 4 p.18 and section 5.1 p.26; manuscript section 4.4 pp.15-16,O(n^2 m^2),Counter unavailable or phase not reached; historical runs not rerun,Zero/non-applicable bound
hurricane:EP111954__EP021984:a0.5|CPS-3F,60,hurricane,EP111954__EP021984,0.5,CPS-3F,25,82,unexecuted,,unexecuted,False,False,not executed,single_dense_B,,6724.0,,k^2,"Dense indexing slots, not valid vertices",Thesis Observation 4 p.18 and section 5.1 p.26; manuscript section 4.4 pp.15-16,O(n^2 m^2),Counter unavailable or phase not reached; historical runs not rerun,
hurricane:EP111954__EP021984:a0.5|CPS-3F,60,hurricane,EP111954__EP021984,0.5,CPS-3F,25,82,unexecuted,,unexecuted,False,False,not executed,single_active_B,,,,k*(k+a),Anchored source/terminal included; single-graph construction complete,Thesis Observation 4 p.18 and section 5.1 p.26; manuscript section 4.4 pp.15-16,O(n^2 m^2),Counter unavailable or phase not reached; historical runs not rerun,Missing completed single-graph counters
hurricane:EP111954__EP021984:a0.5|CPS-3F,60,hurricane,EP111954__EP021984,0.5,CPS-3F,25,82,unexecuted,,unexecuted,False,False,not executed,single_edges_with_waits_B,,,,H*(H+1)/2,Unique forward transitions plus exactly H waits; completed graph,Finite derivation from chain_graph() enumeration and pruning,O(n^2 m^2),Counter unavailable or phase not reached; historical runs not rerun,Missing completed single-graph counters
hurricane:EP111954__EP021984:a0.5|CPS-3F,60,hurricane,EP111954__EP021984,0.5,CPS-3F,25,82,unexecuted,,unexecuted,False,False,not executed,configuration_states_input_bound,,4202500.0,,n^2*m^2,All index combinations; includes source/terminal; no hidden asymptotic constant,Thesis Observation 4 p.18 and section 5.1 p.26; manuscript section 4.4 pp.15-16,O(n^2 m^2),Counter unavailable or phase not reached; historical runs not rerun,
hurricane:EP111954__EP021984:a0.5|CPS-3F,60,hurricane,EP111954__EP021984,0.5,CPS-3F,25,82,unexecuted,,unexecuted,False,False,not executed,configuration_states_active_bound,,,,H_A*H_B,Completed single graphs; includes coupling-invalid combinations,Thesis Observation 4 p.18 and section 5.1 p.26; manuscript section 4.4 pp.15-16,O(n^2 m^2),Counter unavailable or phase not reached; historical runs not rerun,Missing completed single-graph counters
hurricane:EP111954__EP021984:a0.5|CPS-3F,60,hurricane,EP111954__EP021984,0.5,CPS-3F,25,82,unexecuted,,unexecuted,False,False,not executed,candidate_transition_checks,,,,E_A*E_B-H_A*H_B,No duplicate single-graph entries; each product source popped once; excludes simultaneous waits,Finite derivation from solve_cps() and chain_graph(); see graph_bounds.md,O(n^2 m^2),Counter unavailable or phase not reached; historical runs not rerun,Missing completed single-graph counters
hurricane:EP111954__EP021984:a1|CPS-2F,63,hurricane,EP111954__EP021984,1.0,CPS-2F,25,82,unexecuted,,unexecuted,False,False,not executed,auxiliary_A,,1200.0,,2 k(k-1),Interior curve-parameter intersections; CPS-3F percentage not applicable,Thesis Observation 4 p.18 and section 5.1 p.26; manuscript section 4.4 pp.15-16,O(n^3 m^3),Counter unavailable or phase not reached; historical runs not rerun,
hurricane:EP111954__EP021984:a1|CPS-2F,63,hurricane,EP111954__EP021984,1.0,CPS-2F,25,82,unexecuted,,unexecuted,False,False,not executed,single_dense_A,,30625.0,,k*(k+2k(k-1)),"Dense indexing slots, not valid vertices",Thesis Observation 4 p.18 and section 5.1 p.26; manuscript section 4.4 pp.15-16,O(n^3 m^3),Counter unavailable or phase not reached; historical runs not rerun,
hurricane:EP111954__EP021984:a1|CPS-2F,63,hurricane,EP111954__EP021984,1.0,CPS-2F,25,82,unexecuted,,unexecuted,False,False,not executed,single_active_A,,,,k*(k+a),Anchored source/terminal included; single-graph construction complete,Thesis Observation 4 p.18 and section 5.1 p.26; manuscript section 4.4 pp.15-16,O(n^3 m^3),Counter unavailable or phase not reached; historical runs not rerun,Missing completed single-graph counters
hurricane:EP111954__EP021984:a1|CPS-2F,63,hurricane,EP111954__EP021984,1.0,CPS-2F,25,82,unexecuted,,unexecuted,False,False,not executed,single_edges_with_waits_A,,,,H*(H+1)/2,Unique forward transitions plus exactly H waits; completed graph,Finite derivation from chain_graph() enumeration and pruning,O(n^3 m^3),Counter unavailable or phase not reached; historical runs not rerun,Missing completed single-graph counters
hurricane:EP111954__EP021984:a1|CPS-2F,63,hurricane,EP111954__EP021984,1.0,CPS-2F,25,82,unexecuted,,unexecuted,False,False,not executed,auxiliary_B,,13284.0,,2 k(k-1),Interior curve-parameter intersections; CPS-3F percentage not applicable,Thesis Observation 4 p.18 and section 5.1 p.26; manuscript section 4.4 pp.15-16,O(n^3 m^3),Counter unavailable or phase not reached; historical runs not rerun,
hurricane:EP111954__EP021984:a1|CPS-2F,63,hurricane,EP111954__EP021984,1.0,CPS-2F,25,82,unexecuted,,unexecuted,False,False,not executed,single_dense_B,,1096012.0,,k*(k+2k(k-1)),"Dense indexing slots, not valid vertices",Thesis Observation 4 p.18 and section 5.1 p.26; manuscript section 4.4 pp.15-16,O(n^3 m^3),Counter unavailable or phase not reached; historical runs not rerun,
hurricane:EP111954__EP021984:a1|CPS-2F,63,hurricane,EP111954__EP021984,1.0,CPS-2F,25,82,unexecuted,,unexecuted,False,False,not executed,single_active_B,,,,k*(k+a),Anchored source/terminal included; single-graph construction complete,Thesis Observation 4 p.18 and section 5.1 p.26; manuscript section 4.4 pp.15-16,O(n^3 m^3),Counter unavailable or phase not reached; historical runs not rerun,Missing completed single-graph counters
hurricane:EP111954__EP021984:a1|CPS-2F,63,hurricane,EP111954__EP021984,1.0,CPS-2F,25,82,unexecuted,,unexecuted,False,False,not executed,single_edges_with_waits_B,,,,H*(H+1)/2,Unique forward transitions plus exactly H waits; completed graph,Finite derivation from chain_graph() enumeration and pruning,O(n^3 m^3),Counter unavailable or phase not reached; historical runs not rerun,Missing completed single-graph counters
hurricane:EP111954__EP021984:a1|CPS-2F,63,hurricane,EP111954__EP021984,1.0,CPS-2F,25,82,unexecuted,,unexecuted,False,False,not executed,configuration_states_input_bound,,33565367500.0,,n*m*(n+2n(n-1))*(m+2m(m-1)),All index combinations; includes source/terminal; no hidden asymptotic constant,Thesis Observation 4 p.18 and section 5.1 p.26; manuscript section 4.4 pp.15-16,O(n^3 m^3),Counter unavailable or phase not reached; historical runs not rerun,
hurricane:EP111954__EP021984:a1|CPS-2F,63,hurricane,EP111954__EP021984,1.0,CPS-2F,25,82,unexecuted,,unexecuted,False,False,not executed,configuration_states_extended_bound,,,,n*m*(n+aA)*(m+aB),Actual extended-curve sizes; all index combinations,Thesis Observation 4 p.18 and section 5.1 p.26; manuscript section 4.4 pp.15-16,O(n^3 m^3),Counter unavailable or phase not reached; historical runs not rerun,Missing completed single-graph counters
hurricane:EP111954__EP021984:a1|CPS-2F,63,hurricane,EP111954__EP021984,1.0,CPS-2F,25,82,unexecuted,,unexecuted,False,False,not executed,configuration_states_active_bound,,,,H_A*H_B,Completed single graphs; includes coupling-invalid combinations,Thesis Observation 4 p.18 and section 5.1 p.26; manuscript section 4.4 pp.15-16,O(n^3 m^3),Counter unavailable or phase not reached; historical runs not rerun,Missing completed single-graph counters
hurricane:EP111954__EP021984:a1|CPS-2F,63,hurricane,EP111954__EP021984,1.0,CPS-2F,25,82,unexecuted,,unexecuted,False,False,not executed,candidate_transition_checks,,,,E_A*E_B-H_A*H_B,No duplicate single-graph entries; each product source popped once; excludes simultaneous waits,Finite derivation from solve_cps() and chain_graph(); see graph_bounds.md,O(n^3 m^3),Counter unavailable or phase not reached; historical runs not rerun,Missing completed single-graph counters
hurricane:EP111954__EP021984:a1|CPS-3F,64,hurricane,EP111954__EP021984,1.0,CPS-3F,25,82,unexecuted,,unexecuted,False,False,not executed,auxiliary_A,,0.0,,0 (no auxiliary locations),Interior curve-parameter intersections; CPS-3F percentage not applicable,Thesis Observation 4 p.18 and section 5.1 p.26; manuscript section 4.4 pp.15-16,O(n^2 m^2),Counter unavailable or phase not reached; historical runs not rerun,Zero/non-applicable bound
hurricane:EP111954__EP021984:a1|CPS-3F,64,hurricane,EP111954__EP021984,1.0,CPS-3F,25,82,unexecuted,,unexecuted,False,False,not executed,single_dense_A,,625.0,,k^2,"Dense indexing slots, not valid vertices",Thesis Observation 4 p.18 and section 5.1 p.26; manuscript section 4.4 pp.15-16,O(n^2 m^2),Counter unavailable or phase not reached; historical runs not rerun,
hurricane:EP111954__EP021984:a1|CPS-3F,64,hurricane,EP111954__EP021984,1.0,CPS-3F,25,82,unexecuted,,unexecuted,False,False,not executed,single_active_A,,,,k*(k+a),Anchored source/terminal included; single-graph construction complete,Thesis Observation 4 p.18 and section 5.1 p.26; manuscript section 4.4 pp.15-16,O(n^2 m^2),Counter unavailable or phase not reached; historical runs not rerun,Missing completed single-graph counters
hurricane:EP111954__EP021984:a1|CPS-3F,64,hurricane,EP111954__EP021984,1.0,CPS-3F,25,82,unexecuted,,unexecuted,False,False,not executed,single_edges_with_waits_A,,,,H*(H+1)/2,Unique forward transitions plus exactly H waits; completed graph,Finite derivation from chain_graph() enumeration and pruning,O(n^2 m^2),Counter unavailable or phase not reached; historical runs not rerun,Missing completed single-graph counters
hurricane:EP111954__EP021984:a1|CPS-3F,64,hurricane,EP111954__EP021984,1.0,CPS-3F,25,82,unexecuted,,unexecuted,False,False,not executed,auxiliary_B,,0.0,,0 (no auxiliary locations),Interior curve-parameter intersections; CPS-3F percentage not applicable,Thesis Observation 4 p.18 and section 5.1 p.26; manuscript section 4.4 pp.15-16,O(n^2 m^2),Counter unavailable or phase not reached; historical runs not rerun,Zero/non-applicable bound
hurricane:EP111954__EP021984:a1|CPS-3F,64,hurricane,EP111954__EP021984,1.0,CPS-3F,25,82,unexecuted,,unexecuted,False,False,not executed,single_dense_B,,6724.0,,k^2,"Dense indexing slots, not valid vertices",Thesis Observation 4 p.18 and section 5.1 p.26; manuscript section 4.4 pp.15-16,O(n^2 m^2),Counter unavailable or phase not reached; historical runs not rerun,
hurricane:EP111954__EP021984:a1|CPS-3F,64,hurricane,EP111954__EP021984,1.0,CPS-3F,25,82,unexecuted,,unexecuted,False,False,not executed,single_active_B,,,,k*(k+a),Anchored source/terminal included; single-graph construction complete,Thesis Observation 4 p.18 and section 5.1 p.26; manuscript section 4.4 pp.15-16,O(n^2 m^2),Counter unavailable or phase not reached; historical runs not rerun,Missing completed single-graph counters
hurricane:EP111954__EP021984:a1|CPS-3F,64,hurricane,EP111954__EP021984,1.0,CPS-3F,25,82,unexecuted,,unexecuted,False,False,not executed,single_edges_with_waits_B,,,,H*(H+1)/2,Unique forward transitions plus exactly H waits; completed graph,Finite derivation from chain_graph() enumeration and pruning,O(n^2 m^2),Counter unavailable or phase not reached; historical runs not rerun,Missing completed single-graph counters
hurricane:EP111954__EP021984:a1|CPS-3F,64,hurricane,EP111954__EP021984,1.0,CPS-3F,25,82,unexecuted,,unexecuted,False,False,not executed,configuration_states_input_bound,,4202500.0,,n^2*m^2,All index combinations; includes source/terminal; no hidden asymptotic constant,Thesis Observation 4 p.18 and section 5.1 p.26; manuscript section 4.4 pp.15-16,O(n^2 m^2),Counter unavailable or phase not reached; historical runs not rerun,
hurricane:EP111954__EP021984:a1|CPS-3F,64,hurricane,EP111954__EP021984,1.0,CPS-3F,25,82,unexecuted,,unexecuted,False,False,not executed,configuration_states_active_bound,,,,H_A*H_B,Completed single graphs; includes coupling-invalid combinations,Thesis Observation 4 p.18 and section 5.1 p.26; manuscript section 4.4 pp.15-16,O(n^2 m^2),Counter unavailable or phase not reached; historical runs not rerun,Missing completed single-graph counters
hurricane:EP111954__EP021984:a1|CPS-3F,64,hurricane,EP111954__EP021984,1.0,CPS-3F,25,82,unexecuted,,unexecuted,False,False,not executed,candidate_transition_checks,,,,E_A*E_B-H_A*H_B,No duplicate single-graph entries; each product source popped once; excludes simultaneous waits,Finite derivation from solve_cps() and chain_graph(); see graph_bounds.md,O(n^2 m^2),Counter unavailable or phase not reached; historical runs not rerun,Missing completed single-graph counters
hurricane:AL072006__AL011900:a0.5|CPS-2F,67,hurricane,AL072006__AL011900,0.5,CPS-2F,62,81,unexecuted,,unexecuted,False,False,not executed,auxiliary_A,,7564.0,,2 k(k-1),Interior curve-parameter intersections; CPS-3F percentage not applicable,Thesis Observation 4 p.18 and section 5.1 p.26; manuscript section 4.4 pp.15-16,O(n^3 m^3),Counter unavailable or phase not reached; historical runs not rerun,
hurricane:AL072006__AL011900:a0.5|CPS-2F,67,hurricane,AL072006__AL011900,0.5,CPS-2F,62,81,unexecuted,,unexecuted,False,False,not executed,single_dense_A,,472812.0,,k*(k+2k(k-1)),"Dense indexing slots, not valid vertices",Thesis Observation 4 p.18 and section 5.1 p.26; manuscript section 4.4 pp.15-16,O(n^3 m^3),Counter unavailable or phase not reached; historical runs not rerun,
hurricane:AL072006__AL011900:a0.5|CPS-2F,67,hurricane,AL072006__AL011900,0.5,CPS-2F,62,81,unexecuted,,unexecuted,False,False,not executed,single_active_A,,,,k*(k+a),Anchored source/terminal included; single-graph construction complete,Thesis Observation 4 p.18 and section 5.1 p.26; manuscript section 4.4 pp.15-16,O(n^3 m^3),Counter unavailable or phase not reached; historical runs not rerun,Missing completed single-graph counters
hurricane:AL072006__AL011900:a0.5|CPS-2F,67,hurricane,AL072006__AL011900,0.5,CPS-2F,62,81,unexecuted,,unexecuted,False,False,not executed,single_edges_with_waits_A,,,,H*(H+1)/2,Unique forward transitions plus exactly H waits; completed graph,Finite derivation from chain_graph() enumeration and pruning,O(n^3 m^3),Counter unavailable or phase not reached; historical runs not rerun,Missing completed single-graph counters
hurricane:AL072006__AL011900:a0.5|CPS-2F,67,hurricane,AL072006__AL011900,0.5,CPS-2F,62,81,unexecuted,,unexecuted,False,False,not executed,auxiliary_B,,12960.0,,2 k(k-1),Interior curve-parameter intersections; CPS-3F percentage not applicable,Thesis Observation 4 p.18 and section 5.1 p.26; manuscript section 4.4 pp.15-16,O(n^3 m^3),Counter unavailable or phase not reached; historical runs not rerun,
hurricane:AL072006__AL011900:a0.5|CPS-2F,67,hurricane,AL072006__AL011900,0.5,CPS-2F,62,81,unexecuted,,unexecuted,False,False,not executed,single_dense_B,,1056321.0,,k*(k+2k(k-1)),"Dense indexing slots, not valid vertices",Thesis Observation 4 p.18 and section 5.1 p.26; manuscript section 4.4 pp.15-16,O(n^3 m^3),Counter unavailable or phase not reached; historical runs not rerun,
hurricane:AL072006__AL011900:a0.5|CPS-2F,67,hurricane,AL072006__AL011900,0.5,CPS-2F,62,81,unexecuted,,unexecuted,False,False,not executed,single_active_B,,,,k*(k+a),Anchored source/terminal included; single-graph construction complete,Thesis Observation 4 p.18 and section 5.1 p.26; manuscript section 4.4 pp.15-16,O(n^3 m^3),Counter unavailable or phase not reached; historical runs not rerun,Missing completed single-graph counters
hurricane:AL072006__AL011900:a0.5|CPS-2F,67,hurricane,AL072006__AL011900,0.5,CPS-2F,62,81,unexecuted,,unexecuted,False,False,not executed,single_edges_with_waits_B,,,,H*(H+1)/2,Unique forward transitions plus exactly H waits; completed graph,Finite derivation from chain_graph() enumeration and pruning,O(n^3 m^3),Counter unavailable or phase not reached; historical runs not rerun,Missing completed single-graph counters
hurricane:AL072006__AL011900:a0.5|CPS-2F,67,hurricane,AL072006__AL011900,0.5,CPS-2F,62,81,unexecuted,,unexecuted,False,False,not executed,configuration_states_input_bound,,499441244652.0,,n*m*(n+2n(n-1))*(m+2m(m-1)),All index combinations; includes source/terminal; no hidden asymptotic constant,Thesis Observation 4 p.18 and section 5.1 p.26; manuscript section 4.4 pp.15-16,O(n^3 m^3),Counter unavailable or phase not reached; historical runs not rerun,
hurricane:AL072006__AL011900:a0.5|CPS-2F,67,hurricane,AL072006__AL011900,0.5,CPS-2F,62,81,unexecuted,,unexecuted,False,False,not executed,configuration_states_extended_bound,,,,n*m*(n+aA)*(m+aB),Actual extended-curve sizes; all index combinations,Thesis Observation 4 p.18 and section 5.1 p.26; manuscript section 4.4 pp.15-16,O(n^3 m^3),Counter unavailable or phase not reached; historical runs not rerun,Missing completed single-graph counters
hurricane:AL072006__AL011900:a0.5|CPS-2F,67,hurricane,AL072006__AL011900,0.5,CPS-2F,62,81,unexecuted,,unexecuted,False,False,not executed,configuration_states_active_bound,,,,H_A*H_B,Completed single graphs; includes coupling-invalid combinations,Thesis Observation 4 p.18 and section 5.1 p.26; manuscript section 4.4 pp.15-16,O(n^3 m^3),Counter unavailable or phase not reached; historical runs not rerun,Missing completed single-graph counters
hurricane:AL072006__AL011900:a0.5|CPS-2F,67,hurricane,AL072006__AL011900,0.5,CPS-2F,62,81,unexecuted,,unexecuted,False,False,not executed,candidate_transition_checks,,,,E_A*E_B-H_A*H_B,No duplicate single-graph entries; each product source popped once; excludes simultaneous waits,Finite derivation from solve_cps() and chain_graph(); see graph_bounds.md,O(n^3 m^3),Counter unavailable or phase not reached; historical runs not rerun,Missing completed single-graph counters
hurricane:AL072006__AL011900:a0.5|CPS-3F,68,hurricane,AL072006__AL011900,0.5,CPS-3F,62,81,unexecuted,,unexecuted,False,False,not executed,auxiliary_A,,0.0,,0 (no auxiliary locations),Interior curve-parameter intersections; CPS-3F percentage not applicable,Thesis Observation 4 p.18 and section 5.1 p.26; manuscript section 4.4 pp.15-16,O(n^2 m^2),Counter unavailable or phase not reached; historical runs not rerun,Zero/non-applicable bound
hurricane:AL072006__AL011900:a0.5|CPS-3F,68,hurricane,AL072006__AL011900,0.5,CPS-3F,62,81,unexecuted,,unexecuted,False,False,not executed,single_dense_A,,3844.0,,k^2,"Dense indexing slots, not valid vertices",Thesis Observation 4 p.18 and section 5.1 p.26; manuscript section 4.4 pp.15-16,O(n^2 m^2),Counter unavailable or phase not reached; historical runs not rerun,
hurricane:AL072006__AL011900:a0.5|CPS-3F,68,hurricane,AL072006__AL011900,0.5,CPS-3F,62,81,unexecuted,,unexecuted,False,False,not executed,single_active_A,,,,k*(k+a),Anchored source/terminal included; single-graph construction complete,Thesis Observation 4 p.18 and section 5.1 p.26; manuscript section 4.4 pp.15-16,O(n^2 m^2),Counter unavailable or phase not reached; historical runs not rerun,Missing completed single-graph counters
hurricane:AL072006__AL011900:a0.5|CPS-3F,68,hurricane,AL072006__AL011900,0.5,CPS-3F,62,81,unexecuted,,unexecuted,False,False,not executed,single_edges_with_waits_A,,,,H*(H+1)/2,Unique forward transitions plus exactly H waits; completed graph,Finite derivation from chain_graph() enumeration and pruning,O(n^2 m^2),Counter unavailable or phase not reached; historical runs not rerun,Missing completed single-graph counters
hurricane:AL072006__AL011900:a0.5|CPS-3F,68,hurricane,AL072006__AL011900,0.5,CPS-3F,62,81,unexecuted,,unexecuted,False,False,not executed,auxiliary_B,,0.0,,0 (no auxiliary locations),Interior curve-parameter intersections; CPS-3F percentage not applicable,Thesis Observation 4 p.18 and section 5.1 p.26; manuscript section 4.4 pp.15-16,O(n^2 m^2),Counter unavailable or phase not reached; historical runs not rerun,Zero/non-applicable bound
hurricane:AL072006__AL011900:a0.5|CPS-3F,68,hurricane,AL072006__AL011900,0.5,CPS-3F,62,81,unexecuted,,unexecuted,False,False,not executed,single_dense_B,,6561.0,,k^2,"Dense indexing slots, not valid vertices",Thesis Observation 4 p.18 and section 5.1 p.26; manuscript section 4.4 pp.15-16,O(n^2 m^2),Counter unavailable or phase not reached; historical runs not rerun,
hurricane:AL072006__AL011900:a0.5|CPS-3F,68,hurricane,AL072006__AL011900,0.5,CPS-3F,62,81,unexecuted,,unexecuted,False,False,not executed,single_active_B,,,,k*(k+a),Anchored source/terminal included; single-graph construction complete,Thesis Observation 4 p.18 and section 5.1 p.26; manuscript section 4.4 pp.15-16,O(n^2 m^2),Counter unavailable or phase not reached; historical runs not rerun,Missing completed single-graph counters
hurricane:AL072006__AL011900:a0.5|CPS-3F,68,hurricane,AL072006__AL011900,0.5,CPS-3F,62,81,unexecuted,,unexecuted,False,False,not executed,single_edges_with_waits_B,,,,H*(H+1)/2,Unique forward transitions plus exactly H waits; completed graph,Finite derivation from chain_graph() enumeration and pruning,O(n^2 m^2),Counter unavailable or phase not reached; historical runs not rerun,Missing completed single-graph counters
hurricane:AL072006__AL011900:a0.5|CPS-3F,68,hurricane,AL072006__AL011900,0.5,CPS-3F,62,81,unexecuted,,unexecuted,False,False,not executed,configuration_states_input_bound,,25220484.0,,n^2*m^2,All index combinations; includes source/terminal; no hidden asymptotic constant,Thesis Observation 4 p.18 and section 5.1 p.26; manuscript section 4.4 pp.15-16,O(n^2 m^2),Counter unavailable or phase not reached; historical runs not rerun,
hurricane:AL072006__AL011900:a0.5|CPS-3F,68,hurricane,AL072006__AL011900,0.5,CPS-3F,62,81,unexecuted,,unexecuted,False,False,not executed,configuration_states_active_bound,,,,H_A*H_B,Completed single graphs; includes coupling-invalid combinations,Thesis Observation 4 p.18 and section 5.1 p.26; manuscript section 4.4 pp.15-16,O(n^2 m^2),Counter unavailable or phase not reached; historical runs not rerun,Missing completed single-graph counters
hurricane:AL072006__AL011900:a0.5|CPS-3F,68,hurricane,AL072006__AL011900,0.5,CPS-3F,62,81,unexecuted,,unexecuted,False,False,not executed,candidate_transition_checks,,,,E_A*E_B-H_A*H_B,No duplicate single-graph entries; each product source popped once; excludes simultaneous waits,Finite derivation from solve_cps() and chain_graph(); see graph_bounds.md,O(n^2 m^2),Counter unavailable or phase not reached; historical runs not rerun,Missing completed single-graph counters
hurricane:AL072006__AL011900:a1|CPS-2F,71,hurricane,AL072006__AL011900,1.0,CPS-2F,62,81,unexecuted,,unexecuted,False,False,not executed,auxiliary_A,,7564.0,,2 k(k-1),Interior curve-parameter intersections; CPS-3F percentage not applicable,Thesis Observation 4 p.18 and section 5.1 p.26; manuscript section 4.4 pp.15-16,O(n^3 m^3),Counter unavailable or phase not reached; historical runs not rerun,
hurricane:AL072006__AL011900:a1|CPS-2F,71,hurricane,AL072006__AL011900,1.0,CPS-2F,62,81,unexecuted,,unexecuted,False,False,not executed,single_dense_A,,472812.0,,k*(k+2k(k-1)),"Dense indexing slots, not valid vertices",Thesis Observation 4 p.18 and section 5.1 p.26; manuscript section 4.4 pp.15-16,O(n^3 m^3),Counter unavailable or phase not reached; historical runs not rerun,
hurricane:AL072006__AL011900:a1|CPS-2F,71,hurricane,AL072006__AL011900,1.0,CPS-2F,62,81,unexecuted,,unexecuted,False,False,not executed,single_active_A,,,,k*(k+a),Anchored source/terminal included; single-graph construction complete,Thesis Observation 4 p.18 and section 5.1 p.26; manuscript section 4.4 pp.15-16,O(n^3 m^3),Counter unavailable or phase not reached; historical runs not rerun,Missing completed single-graph counters
hurricane:AL072006__AL011900:a1|CPS-2F,71,hurricane,AL072006__AL011900,1.0,CPS-2F,62,81,unexecuted,,unexecuted,False,False,not executed,single_edges_with_waits_A,,,,H*(H+1)/2,Unique forward transitions plus exactly H waits; completed graph,Finite derivation from chain_graph() enumeration and pruning,O(n^3 m^3),Counter unavailable or phase not reached; historical runs not rerun,Missing completed single-graph counters
hurricane:AL072006__AL011900:a1|CPS-2F,71,hurricane,AL072006__AL011900,1.0,CPS-2F,62,81,unexecuted,,unexecuted,False,False,not executed,auxiliary_B,,12960.0,,2 k(k-1),Interior curve-parameter intersections; CPS-3F percentage not applicable,Thesis Observation 4 p.18 and section 5.1 p.26; manuscript section 4.4 pp.15-16,O(n^3 m^3),Counter unavailable or phase not reached; historical runs not rerun,
hurricane:AL072006__AL011900:a1|CPS-2F,71,hurricane,AL072006__AL011900,1.0,CPS-2F,62,81,unexecuted,,unexecuted,False,False,not executed,single_dense_B,,1056321.0,,k*(k+2k(k-1)),"Dense indexing slots, not valid vertices",Thesis Observation 4 p.18 and section 5.1 p.26; manuscript section 4.4 pp.15-16,O(n^3 m^3),Counter unavailable or phase not reached; historical runs not rerun,
hurricane:AL072006__AL011900:a1|CPS-2F,71,hurricane,AL072006__AL011900,1.0,CPS-2F,62,81,unexecuted,,unexecuted,False,False,not executed,single_active_B,,,,k*(k+a),Anchored source/terminal included; single-graph construction complete,Thesis Observation 4 p.18 and section 5.1 p.26; manuscript section 4.4 pp.15-16,O(n^3 m^3),Counter unavailable or phase not reached; historical runs not rerun,Missing completed single-graph counters
hurricane:AL072006__AL011900:a1|CPS-2F,71,hurricane,AL072006__AL011900,1.0,CPS-2F,62,81,unexecuted,,unexecuted,False,False,not executed,single_edges_with_waits_B,,,,H*(H+1)/2,Unique forward transitions plus exactly H waits; completed graph,Finite derivation from chain_graph() enumeration and pruning,O(n^3 m^3),Counter unavailable or phase not reached; historical runs not rerun,Missing completed single-graph counters
hurricane:AL072006__AL011900:a1|CPS-2F,71,hurricane,AL072006__AL011900,1.0,CPS-2F,62,81,unexecuted,,unexecuted,False,False,not executed,configuration_states_input_bound,,499441244652.0,,n*m*(n+2n(n-1))*(m+2m(m-1)),All index combinations; includes source/terminal; no hidden asymptotic constant,Thesis Observation 4 p.18 and section 5.1 p.26; manuscript section 4.4 pp.15-16,O(n^3 m^3),Counter unavailable or phase not reached; historical runs not rerun,
hurricane:AL072006__AL011900:a1|CPS-2F,71,hurricane,AL072006__AL011900,1.0,CPS-2F,62,81,unexecuted,,unexecuted,False,False,not executed,configuration_states_extended_bound,,,,n*m*(n+aA)*(m+aB),Actual extended-curve sizes; all index combinations,Thesis Observation 4 p.18 and section 5.1 p.26; manuscript section 4.4 pp.15-16,O(n^3 m^3),Counter unavailable or phase not reached; historical runs not rerun,Missing completed single-graph counters
hurricane:AL072006__AL011900:a1|CPS-2F,71,hurricane,AL072006__AL011900,1.0,CPS-2F,62,81,unexecuted,,unexecuted,False,False,not executed,configuration_states_active_bound,,,,H_A*H_B,Completed single graphs; includes coupling-invalid combinations,Thesis Observation 4 p.18 and section 5.1 p.26; manuscript section 4.4 pp.15-16,O(n^3 m^3),Counter unavailable or phase not reached; historical runs not rerun,Missing completed single-graph counters
hurricane:AL072006__AL011900:a1|CPS-2F,71,hurricane,AL072006__AL011900,1.0,CPS-2F,62,81,unexecuted,,unexecuted,False,False,not executed,candidate_transition_checks,,,,E_A*E_B-H_A*H_B,No duplicate single-graph entries; each product source popped once; excludes simultaneous waits,Finite derivation from solve_cps() and chain_graph(); see graph_bounds.md,O(n^3 m^3),Counter unavailable or phase not reached; historical runs not rerun,Missing completed single-graph counters
hurricane:AL072006__AL011900:a1|CPS-3F,72,hurricane,AL072006__AL011900,1.0,CPS-3F,62,81,unexecuted,,unexecuted,False,False,not executed,auxiliary_A,,0.0,,0 (no auxiliary locations),Interior curve-parameter intersections; CPS-3F percentage not applicable,Thesis Observation 4 p.18 and section 5.1 p.26; manuscript section 4.4 pp.15-16,O(n^2 m^2),Counter unavailable or phase not reached; historical runs not rerun,Zero/non-applicable bound
hurricane:AL072006__AL011900:a1|CPS-3F,72,hurricane,AL072006__AL011900,1.0,CPS-3F,62,81,unexecuted,,unexecuted,False,False,not executed,single_dense_A,,3844.0,,k^2,"Dense indexing slots, not valid vertices",Thesis Observation 4 p.18 and section 5.1 p.26; manuscript section 4.4 pp.15-16,O(n^2 m^2),Counter unavailable or phase not reached; historical runs not rerun,
hurricane:AL072006__AL011900:a1|CPS-3F,72,hurricane,AL072006__AL011900,1.0,CPS-3F,62,81,unexecuted,,unexecuted,False,False,not executed,single_active_A,,,,k*(k+a),Anchored source/terminal included; single-graph construction complete,Thesis Observation 4 p.18 and section 5.1 p.26; manuscript section 4.4 pp.15-16,O(n^2 m^2),Counter unavailable or phase not reached; historical runs not rerun,Missing completed single-graph counters
hurricane:AL072006__AL011900:a1|CPS-3F,72,hurricane,AL072006__AL011900,1.0,CPS-3F,62,81,unexecuted,,unexecuted,False,False,not executed,single_edges_with_waits_A,,,,H*(H+1)/2,Unique forward transitions plus exactly H waits; completed graph,Finite derivation from chain_graph() enumeration and pruning,O(n^2 m^2),Counter unavailable or phase not reached; historical runs not rerun,Missing completed single-graph counters
hurricane:AL072006__AL011900:a1|CPS-3F,72,hurricane,AL072006__AL011900,1.0,CPS-3F,62,81,unexecuted,,unexecuted,False,False,not executed,auxiliary_B,,0.0,,0 (no auxiliary locations),Interior curve-parameter intersections; CPS-3F percentage not applicable,Thesis Observation 4 p.18 and section 5.1 p.26; manuscript section 4.4 pp.15-16,O(n^2 m^2),Counter unavailable or phase not reached; historical runs not rerun,Zero/non-applicable bound
hurricane:AL072006__AL011900:a1|CPS-3F,72,hurricane,AL072006__AL011900,1.0,CPS-3F,62,81,unexecuted,,unexecuted,False,False,not executed,single_dense_B,,6561.0,,k^2,"Dense indexing slots, not valid vertices",Thesis Observation 4 p.18 and section 5.1 p.26; manuscript section 4.4 pp.15-16,O(n^2 m^2),Counter unavailable or phase not reached; historical runs not rerun,
hurricane:AL072006__AL011900:a1|CPS-3F,72,hurricane,AL072006__AL011900,1.0,CPS-3F,62,81,unexecuted,,unexecuted,False,False,not executed,single_active_B,,,,k*(k+a),Anchored source/terminal included; single-graph construction complete,Thesis Observation 4 p.18 and section 5.1 p.26; manuscript section 4.4 pp.15-16,O(n^2 m^2),Counter unavailable or phase not reached; historical runs not rerun,Missing completed single-graph counters
hurricane:AL072006__AL011900:a1|CPS-3F,72,hurricane,AL072006__AL011900,1.0,CPS-3F,62,81,unexecuted,,unexecuted,False,False,not executed,single_edges_with_waits_B,,,,H*(H+1)/2,Unique forward transitions plus exactly H waits; completed graph,Finite derivation from chain_graph() enumeration and pruning,O(n^2 m^2),Counter unavailable or phase not reached; historical runs not rerun,Missing completed single-graph counters
hurricane:AL072006__AL011900:a1|CPS-3F,72,hurricane,AL072006__AL011900,1.0,CPS-3F,62,81,unexecuted,,unexecuted,False,False,not executed,configuration_states_input_bound,,25220484.0,,n^2*m^2,All index combinations; includes source/terminal; no hidden asymptotic constant,Thesis Observation 4 p.18 and section 5.1 p.26; manuscript section 4.4 pp.15-16,O(n^2 m^2),Counter unavailable or phase not reached; historical runs not rerun,
hurricane:AL072006__AL011900:a1|CPS-3F,72,hurricane,AL072006__AL011900,1.0,CPS-3F,62,81,unexecuted,,unexecuted,False,False,not executed,configuration_states_active_bound,,,,H_A*H_B,Completed single graphs; includes coupling-invalid combinations,Thesis Observation 4 p.18 and section 5.1 p.26; manuscript section 4.4 pp.15-16,O(n^2 m^2),Counter unavailable or phase not reached; historical runs not rerun,Missing completed single-graph counters
hurricane:AL072006__AL011900:a1|CPS-3F,72,hurricane,AL072006__AL011900,1.0,CPS-3F,62,81,unexecuted,,unexecuted,False,False,not executed,candidate_transition_checks,,,,E_A*E_B-H_A*H_B,No duplicate single-graph entries; each product source popped once; excludes simultaneous waits,Finite derivation from solve_cps() and chain_graph(); see graph_bounds.md,O(n^2 m^2),Counter unavailable or phase not reached; historical runs not rerun,Missing completed single-graph counters
hurricane:EP012014__EP212006:a0.5|CPS-2F,75,hurricane,EP012014__EP212006,0.5,CPS-2F,30,29,unexecuted,,unexecuted,False,False,not executed,auxiliary_A,,1740.0,,2 k(k-1),Interior curve-parameter intersections; CPS-3F percentage not applicable,Thesis Observation 4 p.18 and section 5.1 p.26; manuscript section 4.4 pp.15-16,O(n^3 m^3),Counter unavailable or phase not reached; historical runs not rerun,
hurricane:EP012014__EP212006:a0.5|CPS-2F,75,hurricane,EP012014__EP212006,0.5,CPS-2F,30,29,unexecuted,,unexecuted,False,False,not executed,single_dense_A,,53100.0,,k*(k+2k(k-1)),"Dense indexing slots, not valid vertices",Thesis Observation 4 p.18 and section 5.1 p.26; manuscript section 4.4 pp.15-16,O(n^3 m^3),Counter unavailable or phase not reached; historical runs not rerun,
hurricane:EP012014__EP212006:a0.5|CPS-2F,75,hurricane,EP012014__EP212006,0.5,CPS-2F,30,29,unexecuted,,unexecuted,False,False,not executed,single_active_A,,,,k*(k+a),Anchored source/terminal included; single-graph construction complete,Thesis Observation 4 p.18 and section 5.1 p.26; manuscript section 4.4 pp.15-16,O(n^3 m^3),Counter unavailable or phase not reached; historical runs not rerun,Missing completed single-graph counters
hurricane:EP012014__EP212006:a0.5|CPS-2F,75,hurricane,EP012014__EP212006,0.5,CPS-2F,30,29,unexecuted,,unexecuted,False,False,not executed,single_edges_with_waits_A,,,,H*(H+1)/2,Unique forward transitions plus exactly H waits; completed graph,Finite derivation from chain_graph() enumeration and pruning,O(n^3 m^3),Counter unavailable or phase not reached; historical runs not rerun,Missing completed single-graph counters
hurricane:EP012014__EP212006:a0.5|CPS-2F,75,hurricane,EP012014__EP212006,0.5,CPS-2F,30,29,unexecuted,,unexecuted,False,False,not executed,auxiliary_B,,1624.0,,2 k(k-1),Interior curve-parameter intersections; CPS-3F percentage not applicable,Thesis Observation 4 p.18 and section 5.1 p.26; manuscript section 4.4 pp.15-16,O(n^3 m^3),Counter unavailable or phase not reached; historical runs not rerun,
hurricane:EP012014__EP212006:a0.5|CPS-2F,75,hurricane,EP012014__EP212006,0.5,CPS-2F,30,29,unexecuted,,unexecuted,False,False,not executed,single_dense_B,,47937.0,,k*(k+2k(k-1)),"Dense indexing slots, not valid vertices",Thesis Observation 4 p.18 and section 5.1 p.26; manuscript section 4.4 pp.15-16,O(n^3 m^3),Counter unavailable or phase not reached; historical runs not rerun,
hurricane:EP012014__EP212006:a0.5|CPS-2F,75,hurricane,EP012014__EP212006,0.5,CPS-2F,30,29,unexecuted,,unexecuted,False,False,not executed,single_active_B,,,,k*(k+a),Anchored source/terminal included; single-graph construction complete,Thesis Observation 4 p.18 and section 5.1 p.26; manuscript section 4.4 pp.15-16,O(n^3 m^3),Counter unavailable or phase not reached; historical runs not rerun,Missing completed single-graph counters
hurricane:EP012014__EP212006:a0.5|CPS-2F,75,hurricane,EP012014__EP212006,0.5,CPS-2F,30,29,unexecuted,,unexecuted,False,False,not executed,single_edges_with_waits_B,,,,H*(H+1)/2,Unique forward transitions plus exactly H waits; completed graph,Finite derivation from chain_graph() enumeration and pruning,O(n^3 m^3),Counter unavailable or phase not reached; historical runs not rerun,Missing completed single-graph counters
hurricane:EP012014__EP212006:a0.5|CPS-2F,75,hurricane,EP012014__EP212006,0.5,CPS-2F,30,29,unexecuted,,unexecuted,False,False,not executed,configuration_states_input_bound,,2545454700.0,,n*m*(n+2n(n-1))*(m+2m(m-1)),All index combinations; includes source/terminal; no hidden asymptotic constant,Thesis Observation 4 p.18 and section 5.1 p.26; manuscript section 4.4 pp.15-16,O(n^3 m^3),Counter unavailable or phase not reached; historical runs not rerun,
hurricane:EP012014__EP212006:a0.5|CPS-2F,75,hurricane,EP012014__EP212006,0.5,CPS-2F,30,29,unexecuted,,unexecuted,False,False,not executed,configuration_states_extended_bound,,,,n*m*(n+aA)*(m+aB),Actual extended-curve sizes; all index combinations,Thesis Observation 4 p.18 and section 5.1 p.26; manuscript section 4.4 pp.15-16,O(n^3 m^3),Counter unavailable or phase not reached; historical runs not rerun,Missing completed single-graph counters
hurricane:EP012014__EP212006:a0.5|CPS-2F,75,hurricane,EP012014__EP212006,0.5,CPS-2F,30,29,unexecuted,,unexecuted,False,False,not executed,configuration_states_active_bound,,,,H_A*H_B,Completed single graphs; includes coupling-invalid combinations,Thesis Observation 4 p.18 and section 5.1 p.26; manuscript section 4.4 pp.15-16,O(n^3 m^3),Counter unavailable or phase not reached; historical runs not rerun,Missing completed single-graph counters
hurricane:EP012014__EP212006:a0.5|CPS-2F,75,hurricane,EP012014__EP212006,0.5,CPS-2F,30,29,unexecuted,,unexecuted,False,False,not executed,candidate_transition_checks,,,,E_A*E_B-H_A*H_B,No duplicate single-graph entries; each product source popped once; excludes simultaneous waits,Finite derivation from solve_cps() and chain_graph(); see graph_bounds.md,O(n^3 m^3),Counter unavailable or phase not reached; historical runs not rerun,Missing completed single-graph counters
hurricane:EP012014__EP212006:a0.5|CPS-3F,76,hurricane,EP012014__EP212006,0.5,CPS-3F,30,29,unexecuted,,unexecuted,False,False,not executed,auxiliary_A,,0.0,,0 (no auxiliary locations),Interior curve-parameter intersections; CPS-3F percentage not applicable,Thesis Observation 4 p.18 and section 5.1 p.26; manuscript section 4.4 pp.15-16,O(n^2 m^2),Counter unavailable or phase not reached; historical runs not rerun,Zero/non-applicable bound
hurricane:EP012014__EP212006:a0.5|CPS-3F,76,hurricane,EP012014__EP212006,0.5,CPS-3F,30,29,unexecuted,,unexecuted,False,False,not executed,single_dense_A,,900.0,,k^2,"Dense indexing slots, not valid vertices",Thesis Observation 4 p.18 and section 5.1 p.26; manuscript section 4.4 pp.15-16,O(n^2 m^2),Counter unavailable or phase not reached; historical runs not rerun,
hurricane:EP012014__EP212006:a0.5|CPS-3F,76,hurricane,EP012014__EP212006,0.5,CPS-3F,30,29,unexecuted,,unexecuted,False,False,not executed,single_active_A,,,,k*(k+a),Anchored source/terminal included; single-graph construction complete,Thesis Observation 4 p.18 and section 5.1 p.26; manuscript section 4.4 pp.15-16,O(n^2 m^2),Counter unavailable or phase not reached; historical runs not rerun,Missing completed single-graph counters
hurricane:EP012014__EP212006:a0.5|CPS-3F,76,hurricane,EP012014__EP212006,0.5,CPS-3F,30,29,unexecuted,,unexecuted,False,False,not executed,single_edges_with_waits_A,,,,H*(H+1)/2,Unique forward transitions plus exactly H waits; completed graph,Finite derivation from chain_graph() enumeration and pruning,O(n^2 m^2),Counter unavailable or phase not reached; historical runs not rerun,Missing completed single-graph counters
hurricane:EP012014__EP212006:a0.5|CPS-3F,76,hurricane,EP012014__EP212006,0.5,CPS-3F,30,29,unexecuted,,unexecuted,False,False,not executed,auxiliary_B,,0.0,,0 (no auxiliary locations),Interior curve-parameter intersections; CPS-3F percentage not applicable,Thesis Observation 4 p.18 and section 5.1 p.26; manuscript section 4.4 pp.15-16,O(n^2 m^2),Counter unavailable or phase not reached; historical runs not rerun,Zero/non-applicable bound
hurricane:EP012014__EP212006:a0.5|CPS-3F,76,hurricane,EP012014__EP212006,0.5,CPS-3F,30,29,unexecuted,,unexecuted,False,False,not executed,single_dense_B,,841.0,,k^2,"Dense indexing slots, not valid vertices",Thesis Observation 4 p.18 and section 5.1 p.26; manuscript section 4.4 pp.15-16,O(n^2 m^2),Counter unavailable or phase not reached; historical runs not rerun,
hurricane:EP012014__EP212006:a0.5|CPS-3F,76,hurricane,EP012014__EP212006,0.5,CPS-3F,30,29,unexecuted,,unexecuted,False,False,not executed,single_active_B,,,,k*(k+a),Anchored source/terminal included; single-graph construction complete,Thesis Observation 4 p.18 and section 5.1 p.26; manuscript section 4.4 pp.15-16,O(n^2 m^2),Counter unavailable or phase not reached; historical runs not rerun,Missing completed single-graph counters
hurricane:EP012014__EP212006:a0.5|CPS-3F,76,hurricane,EP012014__EP212006,0.5,CPS-3F,30,29,unexecuted,,unexecuted,False,False,not executed,single_edges_with_waits_B,,,,H*(H+1)/2,Unique forward transitions plus exactly H waits; completed graph,Finite derivation from chain_graph() enumeration and pruning,O(n^2 m^2),Counter unavailable or phase not reached; historical runs not rerun,Missing completed single-graph counters
hurricane:EP012014__EP212006:a0.5|CPS-3F,76,hurricane,EP012014__EP212006,0.5,CPS-3F,30,29,unexecuted,,unexecuted,False,False,not executed,configuration_states_input_bound,,756900.0,,n^2*m^2,All index combinations; includes source/terminal; no hidden asymptotic constant,Thesis Observation 4 p.18 and section 5.1 p.26; manuscript section 4.4 pp.15-16,O(n^2 m^2),Counter unavailable or phase not reached; historical runs not rerun,
hurricane:EP012014__EP212006:a0.5|CPS-3F,76,hurricane,EP012014__EP212006,0.5,CPS-3F,30,29,unexecuted,,unexecuted,False,False,not executed,configuration_states_active_bound,,,,H_A*H_B,Completed single graphs; includes coupling-invalid combinations,Thesis Observation 4 p.18 and section 5.1 p.26; manuscript section 4.4 pp.15-16,O(n^2 m^2),Counter unavailable or phase not reached; historical runs not rerun,Missing completed single-graph counters
hurricane:EP012014__EP212006:a0.5|CPS-3F,76,hurricane,EP012014__EP212006,0.5,CPS-3F,30,29,unexecuted,,unexecuted,False,False,not executed,candidate_transition_checks,,,,E_A*E_B-H_A*H_B,No duplicate single-graph entries; each product source popped once; excludes simultaneous waits,Finite derivation from solve_cps() and chain_graph(); see graph_bounds.md,O(n^2 m^2),Counter unavailable or phase not reached; historical runs not rerun,Missing completed single-graph counters
hurricane:EP012014__EP212006:a1|CPS-2F,79,hurricane,EP012014__EP212006,1.0,CPS-2F,30,29,unexecuted,,unexecuted,False,False,not executed,auxiliary_A,,1740.0,,2 k(k-1),Interior curve-parameter intersections; CPS-3F percentage not applicable,Thesis Observation 4 p.18 and section 5.1 p.26; manuscript section 4.4 pp.15-16,O(n^3 m^3),Counter unavailable or phase not reached; historical runs not rerun,
hurricane:EP012014__EP212006:a1|CPS-2F,79,hurricane,EP012014__EP212006,1.0,CPS-2F,30,29,unexecuted,,unexecuted,False,False,not executed,single_dense_A,,53100.0,,k*(k+2k(k-1)),"Dense indexing slots, not valid vertices",Thesis Observation 4 p.18 and section 5.1 p.26; manuscript section 4.4 pp.15-16,O(n^3 m^3),Counter unavailable or phase not reached; historical runs not rerun,
hurricane:EP012014__EP212006:a1|CPS-2F,79,hurricane,EP012014__EP212006,1.0,CPS-2F,30,29,unexecuted,,unexecuted,False,False,not executed,single_active_A,,,,k*(k+a),Anchored source/terminal included; single-graph construction complete,Thesis Observation 4 p.18 and section 5.1 p.26; manuscript section 4.4 pp.15-16,O(n^3 m^3),Counter unavailable or phase not reached; historical runs not rerun,Missing completed single-graph counters
hurricane:EP012014__EP212006:a1|CPS-2F,79,hurricane,EP012014__EP212006,1.0,CPS-2F,30,29,unexecuted,,unexecuted,False,False,not executed,single_edges_with_waits_A,,,,H*(H+1)/2,Unique forward transitions plus exactly H waits; completed graph,Finite derivation from chain_graph() enumeration and pruning,O(n^3 m^3),Counter unavailable or phase not reached; historical runs not rerun,Missing completed single-graph counters
hurricane:EP012014__EP212006:a1|CPS-2F,79,hurricane,EP012014__EP212006,1.0,CPS-2F,30,29,unexecuted,,unexecuted,False,False,not executed,auxiliary_B,,1624.0,,2 k(k-1),Interior curve-parameter intersections; CPS-3F percentage not applicable,Thesis Observation 4 p.18 and section 5.1 p.26; manuscript section 4.4 pp.15-16,O(n^3 m^3),Counter unavailable or phase not reached; historical runs not rerun,
hurricane:EP012014__EP212006:a1|CPS-2F,79,hurricane,EP012014__EP212006,1.0,CPS-2F,30,29,unexecuted,,unexecuted,False,False,not executed,single_dense_B,,47937.0,,k*(k+2k(k-1)),"Dense indexing slots, not valid vertices",Thesis Observation 4 p.18 and section 5.1 p.26; manuscript section 4.4 pp.15-16,O(n^3 m^3),Counter unavailable or phase not reached; historical runs not rerun,
hurricane:EP012014__EP212006:a1|CPS-2F,79,hurricane,EP012014__EP212006,1.0,CPS-2F,30,29,unexecuted,,unexecuted,False,False,not executed,single_active_B,,,,k*(k+a),Anchored source/terminal included; single-graph construction complete,Thesis Observation 4 p.18 and section 5.1 p.26; manuscript section 4.4 pp.15-16,O(n^3 m^3),Counter unavailable or phase not reached; historical runs not rerun,Missing completed single-graph counters
hurricane:EP012014__EP212006:a1|CPS-2F,79,hurricane,EP012014__EP212006,1.0,CPS-2F,30,29,unexecuted,,unexecuted,False,False,not executed,single_edges_with_waits_B,,,,H*(H+1)/2,Unique forward transitions plus exactly H waits; completed graph,Finite derivation from chain_graph() enumeration and pruning,O(n^3 m^3),Counter unavailable or phase not reached; historical runs not rerun,Missing completed single-graph counters
hurricane:EP012014__EP212006:a1|CPS-2F,79,hurricane,EP012014__EP212006,1.0,CPS-2F,30,29,unexecuted,,unexecuted,False,False,not executed,configuration_states_input_bound,,2545454700.0,,n*m*(n+2n(n-1))*(m+2m(m-1)),All index combinations; includes source/terminal; no hidden asymptotic constant,Thesis Observation 4 p.18 and section 5.1 p.26; manuscript section 4.4 pp.15-16,O(n^3 m^3),Counter unavailable or phase not reached; historical runs not rerun,
hurricane:EP012014__EP212006:a1|CPS-2F,79,hurricane,EP012014__EP212006,1.0,CPS-2F,30,29,unexecuted,,unexecuted,False,False,not executed,configuration_states_extended_bound,,,,n*m*(n+aA)*(m+aB),Actual extended-curve sizes; all index combinations,Thesis Observation 4 p.18 and section 5.1 p.26; manuscript section 4.4 pp.15-16,O(n^3 m^3),Counter unavailable or phase not reached; historical runs not rerun,Missing completed single-graph counters
hurricane:EP012014__EP212006:a1|CPS-2F,79,hurricane,EP012014__EP212006,1.0,CPS-2F,30,29,unexecuted,,unexecuted,False,False,not executed,configuration_states_active_bound,,,,H_A*H_B,Completed single graphs; includes coupling-invalid combinations,Thesis Observation 4 p.18 and section 5.1 p.26; manuscript section 4.4 pp.15-16,O(n^3 m^3),Counter unavailable or phase not reached; historical runs not rerun,Missing completed single-graph counters
hurricane:EP012014__EP212006:a1|CPS-2F,79,hurricane,EP012014__EP212006,1.0,CPS-2F,30,29,unexecuted,,unexecuted,False,False,not executed,candidate_transition_checks,,,,E_A*E_B-H_A*H_B,No duplicate single-graph entries; each product source popped once; excludes simultaneous waits,Finite derivation from solve_cps() and chain_graph(); see graph_bounds.md,O(n^3 m^3),Counter unavailable or phase not reached; historical runs not rerun,Missing completed single-graph counters
hurricane:EP012014__EP212006:a1|CPS-3F,80,hurricane,EP012014__EP212006,1.0,CPS-3F,30,29,unexecuted,,unexecuted,False,False,not executed,auxiliary_A,,0.0,,0 (no auxiliary locations),Interior curve-parameter intersections; CPS-3F percentage not applicable,Thesis Observation 4 p.18 and section 5.1 p.26; manuscript section 4.4 pp.15-16,O(n^2 m^2),Counter unavailable or phase not reached; historical runs not rerun,Zero/non-applicable bound
hurricane:EP012014__EP212006:a1|CPS-3F,80,hurricane,EP012014__EP212006,1.0,CPS-3F,30,29,unexecuted,,unexecuted,False,False,not executed,single_dense_A,,900.0,,k^2,"Dense indexing slots, not valid vertices",Thesis Observation 4 p.18 and section 5.1 p.26; manuscript section 4.4 pp.15-16,O(n^2 m^2),Counter unavailable or phase not reached; historical runs not rerun,
hurricane:EP012014__EP212006:a1|CPS-3F,80,hurricane,EP012014__EP212006,1.0,CPS-3F,30,29,unexecuted,,unexecuted,False,False,not executed,single_active_A,,,,k*(k+a),Anchored source/terminal included; single-graph construction complete,Thesis Observation 4 p.18 and section 5.1 p.26; manuscript section 4.4 pp.15-16,O(n^2 m^2),Counter unavailable or phase not reached; historical runs not rerun,Missing completed single-graph counters
hurricane:EP012014__EP212006:a1|CPS-3F,80,hurricane,EP012014__EP212006,1.0,CPS-3F,30,29,unexecuted,,unexecuted,False,False,not executed,single_edges_with_waits_A,,,,H*(H+1)/2,Unique forward transitions plus exactly H waits; completed graph,Finite derivation from chain_graph() enumeration and pruning,O(n^2 m^2),Counter unavailable or phase not reached; historical runs not rerun,Missing completed single-graph counters
hurricane:EP012014__EP212006:a1|CPS-3F,80,hurricane,EP012014__EP212006,1.0,CPS-3F,30,29,unexecuted,,unexecuted,False,False,not executed,auxiliary_B,,0.0,,0 (no auxiliary locations),Interior curve-parameter intersections; CPS-3F percentage not applicable,Thesis Observation 4 p.18 and section 5.1 p.26; manuscript section 4.4 pp.15-16,O(n^2 m^2),Counter unavailable or phase not reached; historical runs not rerun,Zero/non-applicable bound
hurricane:EP012014__EP212006:a1|CPS-3F,80,hurricane,EP012014__EP212006,1.0,CPS-3F,30,29,unexecuted,,unexecuted,False,False,not executed,single_dense_B,,841.0,,k^2,"Dense indexing slots, not valid vertices",Thesis Observation 4 p.18 and section 5.1 p.26; manuscript section 4.4 pp.15-16,O(n^2 m^2),Counter unavailable or phase not reached; historical runs not rerun,
hurricane:EP012014__EP212006:a1|CPS-3F,80,hurricane,EP012014__EP212006,1.0,CPS-3F,30,29,unexecuted,,unexecuted,False,False,not executed,single_active_B,,,,k*(k+a),Anchored source/terminal included; single-graph construction complete,Thesis Observation 4 p.18 and section 5.1 p.26; manuscript section 4.4 pp.15-16,O(n^2 m^2),Counter unavailable or phase not reached; historical runs not rerun,Missing completed single-graph counters
hurricane:EP012014__EP212006:a1|CPS-3F,80,hurricane,EP012014__EP212006,1.0,CPS-3F,30,29,unexecuted,,unexecuted,False,False,not executed,single_edges_with_waits_B,,,,H*(H+1)/2,Unique forward transitions plus exactly H waits; completed graph,Finite derivation from chain_graph() enumeration and pruning,O(n^2 m^2),Counter unavailable or phase not reached; historical runs not rerun,Missing completed single-graph counters
hurricane:EP012014__EP212006:a1|CPS-3F,80,hurricane,EP012014__EP212006,1.0,CPS-3F,30,29,unexecuted,,unexecuted,False,False,not executed,configuration_states_input_bound,,756900.0,,n^2*m^2,All index combinations; includes source/terminal; no hidden asymptotic constant,Thesis Observation 4 p.18 and section 5.1 p.26; manuscript section 4.4 pp.15-16,O(n^2 m^2),Counter unavailable or phase not reached; historical runs not rerun,
hurricane:EP012014__EP212006:a1|CPS-3F,80,hurricane,EP012014__EP212006,1.0,CPS-3F,30,29,unexecuted,,unexecuted,False,False,not executed,configuration_states_active_bound,,,,H_A*H_B,Completed single graphs; includes coupling-invalid combinations,Thesis Observation 4 p.18 and section 5.1 p.26; manuscript section 4.4 pp.15-16,O(n^2 m^2),Counter unavailable or phase not reached; historical runs not rerun,Missing completed single-graph counters
hurricane:EP012014__EP212006:a1|CPS-3F,80,hurricane,EP012014__EP212006,1.0,CPS-3F,30,29,unexecuted,,unexecuted,False,False,not executed,candidate_transition_checks,,,,E_A*E_B-H_A*H_B,No duplicate single-graph entries; each product source popped once; excludes simultaneous waits,Finite derivation from solve_cps() and chain_graph(); see graph_bounds.md,O(n^2 m^2),Counter unavailable or phase not reached; historical runs not rerun,Missing completed single-graph counters
