configuration_id,plan_order,domain,pair,nA,nB,units,input_file,input_sha256,method,alpha,delta1,delta2,delta3,origin,attempt_path,status,validated,resource_limited,kA,kB,k,retained_A,retained_B,retained_total,solver_seconds,validation_seconds,warmup_seconds,total_seconds,peak_rss_mib,states,transitions,states_dequeued,completed_states_lower_bound,queue_size,chain_graphs_completed,graph_entered,solution_route,solver_optimality_claim,validation_status,limiting_phase,coupling_distance,coupling_feasible,raw_checkpoint_sha256,validation_proves_optimality,applicable_internal_seconds,effective_chain_cap,raw_status,supervisor_status,failure_reason,solver_time_kind,termination_reason,validation_recovery_path,original_validation_seconds,original_limiting_phase,original_origin,observation_cohort,raw_kA,raw_kB,raw_k,pair_cohort,source_origin,eligible,blocked_reason,reuse_path,observed,pair_alias,figure_png,figure_pdf,attempt_metrics_json
hurricane:AL031854__AL011991:a0.5|Independent continuous,1,hurricane,AL031854__AL011991,25,25,projected km,output\paper_v1\inputs\hurricane_AL031854__AL011991.npz,a2ab35b783cce3d389472b1841e85b92acc3171b29993a2566d04b6759b0b287,Independent continuous,0.5,85.27599670409697,82.01596010094092,426.1842176844774,reused,output\paper_v1\unified_pilot_results\slots\01\attempts\slot01_a21dc5c0aa204ab3b617cea12e9c1fdf,validated,True,False,5.0,5.0,5.0,0.2,0.2,0.2,0.0125594999990426,0.0020436999911908,8.951385199994547,9.642154200002553,210.77734375,,,0.0,0.0,,0.0,False,independent_optimization,True,validated,,725.5714648587692,False,0d7540c6ec12929bcb6df7acb3d4893578357bd8fc4459a00f68d1d120fd861b,False,,,optimal_independent_baseline,worker_exited,,solution_return,validated,,,,new,original alpha0.5 single observation,5.0,5.0,5.0,original pilot pair,reused,True,,,True,H1,output/paper_v1/coverage_extension/attempt_gallery/figures/7687acda76e973ffbe7c0c.png,output/paper_v1/coverage_extension/attempt_gallery/figures/7687acda76e973ffbe7c0c.pdf,output\paper_v1\coverage_extension\attempt_gallery\metrics\94b306aed5385298ee.json
hurricane:AL031854__AL011991:a0.5|Independent discrete,2,hurricane,AL031854__AL011991,25,25,projected km,output\paper_v1\inputs\hurricane_AL031854__AL011991.npz,a2ab35b783cce3d389472b1841e85b92acc3171b29993a2566d04b6759b0b287,Independent discrete,0.5,85.27599670409697,82.01596010094092,426.1842176844774,reused,output\paper_v1\unified_pilot_results\slots\02\attempts\slot02_be1a32ff67984f64be5a5df446945b5e,validated,True,False,20.0,19.0,20.0,0.8,0.76,0.78,0.0068295999953988,0.0032976999937091,6.5363800000050105,7.162665399984689,193.88671875,,,0.0,0.0,,0.0,False,independent_optimization,True,validated,,426.1842176844774,True,1365c7d57aa63d39ea115bfc0729636744e75925e611fc0bd96801837727ecbf,False,,2000000 default,optimal_independent_baseline,worker_exited,,solution_return,validated,,,,new,original alpha0.5 single observation,20.0,19.0,20.0,original pilot pair,reused,True,,,True,H1,output/paper_v1/coverage_extension/attempt_gallery/figures/3d4ff4e6cd83906056791f.png,output/paper_v1/coverage_extension/attempt_gallery/figures/3d4ff4e6cd83906056791f.pdf,output\paper_v1\coverage_extension\attempt_gallery\metrics\726eb28e25af90481b.json
hurricane:AL031854__AL011991:a0.5|CPS-2F,3,hurricane,AL031854__AL011991,25,25,projected km,output\paper_v1\inputs\hurricane_AL031854__AL011991.npz,a2ab35b783cce3d389472b1841e85b92acc3171b29993a2566d04b6759b0b287,CPS-2F,0.5,85.27599670409697,82.01596010094092,426.1842176844774,reused,output\paper_v1\unified_pilot_results\slots\03\attempts\slot03_5333325f78a44ccf8c803cb680ccb2c1,validated,True,False,5.0,5.0,5.0,0.2,0.2,0.2,9.860817900014808,0.0010925999958999,9.896473000000697,20.423020300018838,223.44140625,5678.0,7076530.0,5678.0,5677.0,0.0,2.0,True,configuration_graph,True,validated,,426.1842176844774,True,82a5d0eb15fd3d6e8419cb64c4fb6062d74c9ddd1e02730211af33a3b1a398df,False,55.0,800000 main,optimal_configuration_graph,worker_exited,,solution_return,validated,,,,new,original alpha0.5 single observation,5.0,5.0,5.0,original pilot pair,reused,True,,,True,H1,output/paper_v1/coverage_extension/attempt_gallery/figures/59b25c7499f924c547bb69.png,output/paper_v1/coverage_extension/attempt_gallery/figures/59b25c7499f924c547bb69.pdf,output\paper_v1\coverage_extension\attempt_gallery\metrics\0dadbb66d3314657f4.json
hurricane:AL031854__AL011991:a0.5|CPS-3F,4,hurricane,AL031854__AL011991,25,25,projected km,output\paper_v1\inputs\hurricane_AL031854__AL011991.npz,a2ab35b783cce3d389472b1841e85b92acc3171b29993a2566d04b6759b0b287,CPS-3F,0.5,85.27599670409697,82.01596010094092,426.1842176844774,reused,output\paper_v1\unified_pilot_results\slots\04\attempts\slot04_932e5573922349258233e40f17b3a4ad,validated,True,False,20.0,19.0,20.0,0.8,0.76,0.78,0.0394355000171344,0.0032574000069871,6.426368700020248,7.145877600007225,194.2578125,522.0,6544.0,522.0,521.0,0.0,2.0,True,configuration_graph,True,validated,,426.1842176844774,True,495ad6d8fec9cd0811e279adce6c89921296f074759265c73822b9b1e67b076d,False,55.0,800000 main; 2000000 preprocessing,optimal_configuration_graph,worker_exited,,solution_return,validated,,,,new,original alpha0.5 single observation,20.0,19.0,20.0,original pilot pair,reused,True,,,True,H1,output/paper_v1/coverage_extension/attempt_gallery/figures/a5d83787214c74fca3c32c.png,output/paper_v1/coverage_extension/attempt_gallery/figures/a5d83787214c74fca3c32c.pdf,output\paper_v1\coverage_extension\attempt_gallery\metrics\ead2e829ef748b7d29.json
hurricane:EP021949__EP031949:a0.5|CPS-2F,9,hurricane,EP021949__EP031949,25,25,projected km,output\paper_v1\inputs\hurricane_EP021949__EP031949.npz,bcd3a853b05dd5540a9e285ac6217db9ad9779bf00b033a2869181b105033790,CPS-2F,0.5,40.25507378715167,36.48157080151773,565.3421428246969,reused,output\paper_v1\unified_pilot_results\slots\09\attempts\slot09_e46deb0bcdd14153a890b48a67dfe8ee,validated,True,False,5.0,6.0,6.0,0.2,0.24,0.22,1.7920451999816578,0.0009795999794732,9.799547000002349,12.26503809998394,222.390625,2828.0,975595.0,2828.0,2827.0,0.0,2.0,True,configuration_graph,True,validated,,559.2493332576446,True,84005181ed4c04e75f197f7ee57d3cd7fb93905856b82a04422a82fd70958b4f,False,55.0,800000 main,optimal_configuration_graph,worker_exited,,solution_return,validated,,,,new,original alpha0.5 single observation,5.0,6.0,6.0,original pilot pair,reused,True,,,True,H2,output/paper_v1/coverage_extension/attempt_gallery/figures/fe2f450d7f6319eb50da1b.png,output/paper_v1/coverage_extension/attempt_gallery/figures/fe2f450d7f6319eb50da1b.pdf,output\paper_v1\coverage_extension\attempt_gallery\metrics\c66770a7f950a6ade1.json
hurricane:EP021949__EP031949:a0.5|CPS-3F,10,hurricane,EP021949__EP031949,25,25,projected km,output\paper_v1\inputs\hurricane_EP021949__EP031949.npz,bcd3a853b05dd5540a9e285ac6217db9ad9779bf00b033a2869181b105033790,CPS-3F,0.5,40.25507378715167,36.48157080151773,565.3421428246969,reused,output\paper_v1\unified_pilot_results\slots\10\attempts\slot10_9c3ce8eb1cc545e1b9833ac08e21c34d,validated,True,False,25.0,18.0,25.0,1.0,0.72,0.86,0.0314864999963901,0.003139899985399,7.120803500001784,7.933561599988025,195.140625,301.0,1923.0,301.0,300.0,0.0,2.0,True,configuration_graph,True,validated,,565.3421428246969,True,13330747fe0df5b57c9ddd57696d1f3bee53fa172ea545a96c53bcbfc21f93fe,False,55.0,800000 main; 2000000 preprocessing,optimal_configuration_graph,worker_exited,,solution_return,validated,,,,new,original alpha0.5 single observation,25.0,18.0,25.0,original pilot pair,reused,True,,,True,H2,output/paper_v1/coverage_extension/attempt_gallery/figures/bedc3d50843a9370e14d33.png,output/paper_v1/coverage_extension/attempt_gallery/figures/bedc3d50843a9370e14d33.pdf,output\paper_v1\coverage_extension\attempt_gallery\metrics\716b1efe8c67a48831.json
hurricane:EP021949__EP031949:a0.5|Independent continuous,11,hurricane,EP021949__EP031949,25,25,projected km,output\paper_v1\inputs\hurricane_EP021949__EP031949.npz,bcd3a853b05dd5540a9e285ac6217db9ad9779bf00b033a2869181b105033790,Independent continuous,0.5,40.25507378715167,36.48157080151773,565.3421428246969,reused,output\paper_v1\unified_pilot_results\slots\11\attempts\slot11_779efee65c1c4da48452a50487b13fb4,validated,True,False,5.0,5.0,5.0,0.2,0.2,0.2,0.0109494999924208,0.0010924999951384,8.978402500011725,9.673447400011357,211.140625,,,0.0,0.0,,0.0,False,independent_optimization,True,validated,,790.6098883954147,False,db38cb83c20bc510e73fb352757e655d9c476da75f5cd55d96228e4928cd967a,False,,,optimal_independent_baseline,worker_exited,,solution_return,validated,,,,new,original alpha0.5 single observation,5.0,5.0,5.0,original pilot pair,reused,True,,,True,H2,output/paper_v1/coverage_extension/attempt_gallery/figures/777cf5d5a4788f717bb49c.png,output/paper_v1/coverage_extension/attempt_gallery/figures/777cf5d5a4788f717bb49c.pdf,output\paper_v1\coverage_extension\attempt_gallery\metrics\e61582cfa7cbe84a53.json
hurricane:EP021949__EP031949:a0.5|Independent discrete,12,hurricane,EP021949__EP031949,25,25,projected km,output\paper_v1\inputs\hurricane_EP021949__EP031949.npz,bcd3a853b05dd5540a9e285ac6217db9ad9779bf00b033a2869181b105033790,Independent discrete,0.5,40.25507378715167,36.48157080151773,565.3421428246969,reused,output\paper_v1\unified_pilot_results\slots\12\attempts\slot12_cbb981900e99447d9afd681e05358355,validated,True,False,25.0,18.0,25.0,1.0,0.72,0.86,0.0066546000016387,0.0032136000227183,6.537463100015884,7.24078580000787,193.88671875,,,0.0,0.0,,0.0,False,independent_optimization,True,validated,,565.3421428246969,True,86254bcd0542597251d1d5f7d7e8887ec460334d318206b88c376f6f794013f8,False,,2000000 default,optimal_independent_baseline,worker_exited,,solution_return,validated,,,,new,original alpha0.5 single observation,25.0,18.0,25.0,original pilot pair,reused,True,,,True,H2,output/paper_v1/coverage_extension/attempt_gallery/figures/cd0d0c7048c648a8e375c7.png,output/paper_v1/coverage_extension/attempt_gallery/figures/cd0d0c7048c648a8e375c7.pdf,output\paper_v1\coverage_extension\attempt_gallery\metrics\0fddb5bcc5eb173313.json
protein:1o7j.a__1d9q.d:a0.5|Independent continuous,17,protein,1o7j.a__1d9q.d,22,22,angstrom,output\paper_v1\inputs\protein_1o7j.a__1d9q.d.npz,6da737c8ea96bfb47844846e5920c7268988254098012fbdabfcb166eda79bc3,Independent continuous,0.5,9.476499139682725,10.101752088004297,47.96448297438429,reused,output\paper_v1\unified_pilot_results\slots\17\attempts\slot17_8cc2d653a53341719f762049559f92f0,validated,True,False,16.0,15.0,16.0,0.7272727272727273,0.6818181818181818,0.7045454545454546,0.0097390000009909,2.0613062000193167,8.908203300001333,12.038997099996775,227.27734375,,,0.0,0.0,,0.0,False,independent_optimization,True,validated,,47.96448297438429,True,9307aa333b299eae577b0882681d47026b7776ff77851c9520e518abba4f8043,False,,,optimal_independent_baseline,worker_exited,,solution_return,validated,,,,new,original alpha0.5 single observation,16.0,15.0,16.0,original pilot pair,reused,True,,,True,P1,output/paper_v1/coverage_extension/attempt_gallery/figures/77d85ba757a95fa45fa869.png,output/paper_v1/coverage_extension/attempt_gallery/figures/77d85ba757a95fa45fa869.pdf,output\paper_v1\coverage_extension\attempt_gallery\metrics\780de48bec161b78e7.json
protein:1o7j.a__1d9q.d:a0.5|Independent discrete,18,protein,1o7j.a__1d9q.d,22,22,angstrom,output\paper_v1\inputs\protein_1o7j.a__1d9q.d.npz,6da737c8ea96bfb47844846e5920c7268988254098012fbdabfcb166eda79bc3,Independent discrete,0.5,9.476499139682725,10.101752088004297,47.96448297438429,reused,output\paper_v1\graph_only_v2\attempts\C_8c679d9e32f84779ab0c2bea3386850e,validated,True,False,20.0,19.0,20.0,0.9090909090909092,0.8636363636363636,0.8863636363636364,0.0065367000061087,0.8748828999960097,0.7179071000136901,2.134685500001069,144.80078125,,,,,,0.0,False,independent_optimization,True,validated,,47.96448297438429,True,6fb254e95596a034aac3c38980b3fd282eaeb481877e256eab80e31cb1962fa2,False,,2000000 default,optimal_independent_baseline,worker_exited,,solution_return,validated,,,,reused,original alpha0.5 single observation,20.0,19.0,20.0,original pilot pair,reused,True,,,True,P1,output/paper_v1/coverage_extension/attempt_gallery/figures/7b872898d5d4461b72a3ac.png,output/paper_v1/coverage_extension/attempt_gallery/figures/7b872898d5d4461b72a3ac.pdf,output\paper_v1\coverage_extension\attempt_gallery\metrics\5953b7408a8c7a9e2f.json
protein:1o7j.a__1d9q.d:a0.5|CPS-2F,19,protein,1o7j.a__1d9q.d,22,22,angstrom,output\paper_v1\inputs\protein_1o7j.a__1d9q.d.npz,6da737c8ea96bfb47844846e5920c7268988254098012fbdabfcb166eda79bc3,CPS-2F,0.5,9.476499139682725,10.101752088004297,47.96448297438429,reused,output\paper_v1\unified_pilot_results\slots\19\attempts\slot19_67a95ddd348341d08fd3a07c99191bd7,validated,True,False,16.0,15.0,16.0,0.7272727272727273,0.6818181818181818,0.7045454545454546,7.234917199995834,2.022673200001009,9.895997999992687,20.24491730000591,239.37109375,22004.0,6617064.0,22004.0,22003.0,0.0,2.0,True,configuration_graph,True,validated,,47.96448297438429,True,8dd8ae9df7a0ba4387e611280e76cb9493b504047e0de5dc892b9e8a3c9b4266,False,55.0,800000 main,optimal_configuration_graph,worker_exited,,solution_return,validated,,,,new,original alpha0.5 single observation,16.0,15.0,16.0,original pilot pair,reused,True,,,True,P1,output/paper_v1/coverage_extension/attempt_gallery/figures/5c78e5f4100e33e1673a14.png,output/paper_v1/coverage_extension/attempt_gallery/figures/5c78e5f4100e33e1673a14.pdf,output\paper_v1\coverage_extension\attempt_gallery\metrics\af231c8433a7532087.json
protein:1o7j.a__1d9q.d:a0.5|CPS-3F,20,protein,1o7j.a__1d9q.d,22,22,angstrom,output\paper_v1\inputs\protein_1o7j.a__1d9q.d.npz,6da737c8ea96bfb47844846e5920c7268988254098012fbdabfcb166eda79bc3,CPS-3F,0.5,9.476499139682725,10.101752088004297,47.96448297438429,reused,output\paper_v1\unified_pilot_results\slots\20\attempts\slot20_e0ee0e87e6cf44b8b6e3f58388474666,validated,True,False,20.0,19.0,20.0,0.9090909090909092,0.8636363636363636,0.8863636363636364,0.0291199999919626,0.3419159000040963,6.30403469997691,9.82236130000092,215.7109375,669.0,3170.0,669.0,668.0,0.0,2.0,True,configuration_graph,True,validated,,47.96448297438429,True,7519756858fd9110d838e5af50edd036eaa16955af6949a82ff36f82d63580b6,False,55.0,800000 main; 2000000 preprocessing,optimal_configuration_graph,worker_exited,,solution_return,validated,,,,new,original alpha0.5 single observation,20.0,19.0,20.0,original pilot pair,reused,True,,,True,P1,output/paper_v1/coverage_extension/attempt_gallery/figures/dfeb8658dd7eb1aa40a0a8.png,output/paper_v1/coverage_extension/attempt_gallery/figures/dfeb8658dd7eb1aa40a0a8.pdf,output\paper_v1\coverage_extension\attempt_gallery\metrics\691b92a93f282d7dea.json
protein:1o7j.a__1hfj.c:a0.5|CPS-2F,25,protein,1o7j.a__1hfj.c,22,22,angstrom,output\paper_v1\inputs\protein_1o7j.a__1hfj.c.npz,7b773f6fd281824e25d8e444c9a70b1ca04a33b497237bdb6ee4b0605a6d1365,CPS-2F,0.5,9.476499139682725,9.537881702673165,0.9993252723713152,reused,output\paper_v1\unified_pilot_results\slots\25\attempts\slot25_e5ce743da5d4474f8086789aa234a723,validated,True,False,16.0,16.0,16.0,0.7272727272727273,0.7272727272727273,0.7272727272727273,0.3757056000176817,2.0887567999889143,9.78737700000056,13.311505799996668,232.45703125,1273.0,168920.0,1273.0,1272.0,0.0,2.0,True,configuration_graph,True,validated,,0.9993252723713152,True,511e4f7ed01afb5e205af592e54189dde37f5454349d0365d40478e4b8d6ed2b,False,55.0,800000 main,optimal_configuration_graph,worker_exited,,solution_return,validated,,,,new,original alpha0.5 single observation,16.0,16.0,16.0,original pilot pair,reused,True,,,True,P2,output/paper_v1/coverage_extension/attempt_gallery/figures/defa44e063135896f19c8f.png,output/paper_v1/coverage_extension/attempt_gallery/figures/defa44e063135896f19c8f.pdf,output\paper_v1\coverage_extension\attempt_gallery\metrics\23d947a8478bdd27a2.json
protein:1o7j.a__1hfj.c:a0.5|CPS-3F,26,protein,1o7j.a__1hfj.c,22,22,angstrom,output\paper_v1\inputs\protein_1o7j.a__1hfj.c.npz,7b773f6fd281824e25d8e444c9a70b1ca04a33b497237bdb6ee4b0605a6d1365,CPS-3F,0.5,9.476499139682725,9.537881702673165,0.9993252723713152,reused,output\paper_v1\unified_pilot_results\slots\26\attempts\slot26_dd70540fbfa346d9babebd31da1d1eae,validated,True,False,20.0,20.0,20.0,0.9090909090909092,0.9090909090909092,0.9090909090909092,0.0301150000013876,0.3494461000082083,6.374182800005656,9.860643199994229,215.7109375,42.0,108.0,42.0,41.0,0.0,2.0,True,configuration_graph,True,validated,,0.9993252723713152,True,249877f724b852412258e277f1f5bc6263e11e7565df4a9a00ffc5b07a29582f,False,55.0,800000 main; 2000000 preprocessing,optimal_configuration_graph,worker_exited,,solution_return,validated,,,,new,original alpha0.5 single observation,20.0,20.0,20.0,original pilot pair,reused,True,,,True,P2,output/paper_v1/coverage_extension/attempt_gallery/figures/7152418cf3f49b873bf9a6.png,output/paper_v1/coverage_extension/attempt_gallery/figures/7152418cf3f49b873bf9a6.pdf,output\paper_v1\coverage_extension\attempt_gallery\metrics\89282ff8a1efd50e38.json
protein:1o7j.a__1hfj.c:a0.5|Independent continuous,27,protein,1o7j.a__1hfj.c,22,22,angstrom,output\paper_v1\inputs\protein_1o7j.a__1hfj.c.npz,7b773f6fd281824e25d8e444c9a70b1ca04a33b497237bdb6ee4b0605a6d1365,Independent continuous,0.5,9.476499139682725,9.537881702673165,0.9993252723713152,reused,output\paper_v1\unified_pilot_results\slots\27\attempts\slot27_3abe46c8e95b4cdd96c9b8eb7f451478,validated,True,False,16.0,16.0,16.0,0.7272727272727273,0.7272727272727273,0.7272727272727273,0.0100100999989081,2.025962999992771,9.33272959999158,12.493779999989783,227.4609375,,,0.0,0.0,,0.0,False,independent_optimization,True,validated,,0.9993252723713152,True,2ed89ab419b588af129eb9c6f9e6886c84d182bcef511a137c0a632c1ef5b0ba,False,,,optimal_independent_baseline,worker_exited,,solution_return,validated,,,,new,original alpha0.5 single observation,16.0,16.0,16.0,original pilot pair,reused,True,,,True,P2,output/paper_v1/coverage_extension/attempt_gallery/figures/09d69ba6ae7aff495b645d.png,output/paper_v1/coverage_extension/attempt_gallery/figures/09d69ba6ae7aff495b645d.pdf,output\paper_v1\coverage_extension\attempt_gallery\metrics\f60f9a54b44bf3ace5.json
protein:1o7j.a__1hfj.c:a0.5|Independent discrete,28,protein,1o7j.a__1hfj.c,22,22,angstrom,output\paper_v1\inputs\protein_1o7j.a__1hfj.c.npz,7b773f6fd281824e25d8e444c9a70b1ca04a33b497237bdb6ee4b0605a6d1365,Independent discrete,0.5,9.476499139682725,9.537881702673165,0.9993252723713152,reused,output\paper_v1\unified_pilot_results\slots\28\attempts\slot28_1530208469eb432cb8bc302cdc0c09fa,validated,True,False,20.0,20.0,20.0,0.9090909090909092,0.9090909090909092,0.9090909090909092,0.0052367000025697,0.3483134999987669,6.428327100002207,9.902033799997298,214.66015625,,,0.0,0.0,,0.0,False,independent_optimization,True,validated,,0.9993252723713152,True,834bc41c7e2c9cf5a0feadfdfb31a3f1082b9c53b6c52dfbc14be9f65cedd75d,False,,2000000 default,optimal_independent_baseline,worker_exited,,solution_return,validated,,,,new,original alpha0.5 single observation,20.0,20.0,20.0,original pilot pair,reused,True,,,True,P2,output/paper_v1/coverage_extension/attempt_gallery/figures/34a3137d532e0616291977.png,output/paper_v1/coverage_extension/attempt_gallery/figures/34a3137d532e0616291977.pdf,output\paper_v1\coverage_extension\attempt_gallery\metrics\713f25c98b30c59aae.json
protein:1o7j.a__1qd1.b:a0.5|Independent continuous,33,protein,1o7j.a__1qd1.b,22,22,angstrom,output\paper_v1\expanded_comparison\inputs\protein_1o7j.a__1qd1.b.npz,ee71f8b3980b2ceeb3dfe43be7b165082559212dfed03bb475480ffc13dfaa10,Independent continuous,0.5,9.476499139682725,10.890797290213742,35.978995691931146,reused,output\paper_v1\expanded_comparison\slots\33\attempts\expanded33_cd40b1cb287c4293b17a8c217c343bff,validated,True,False,16.0,20.0,20.0,0.7272727272727273,0.9090909090909092,0.8181818181818182,0.047864699998172,0.0037330999912228,37.60700160000124,68.09998749999795,225.83203125,,,0.0,0.0,,0.0,False,independent_optimization,True,validated,,35.978995691931146,True,6a9b829b797c76c55180386bde14883272cda4b86b6ab99603b5422055fc7984,False,,,optimal_independent_baseline,validation_timeout,,solution_return,validated,output\paper_v1\expanded_comparison\validation_recovery\attempts\slot33_validation_recovery_dacd6d4e42464b07ae63431d833860aa,30.11523130000569,validation,,original alpha0.5 single observation,16.0,20.0,20.0,newly selected pair,new,True,,,True,P3,output/paper_v1/coverage_extension/attempt_gallery/figures/fccde5a69fbecf2d62dadd.png,output/paper_v1/coverage_extension/attempt_gallery/figures/fccde5a69fbecf2d62dadd.pdf,output\paper_v1\coverage_extension\attempt_gallery\metrics\ed50323e0ae88989c5.json
protein:1o7j.a__1qd1.b:a0.5|Independent discrete,34,protein,1o7j.a__1qd1.b,22,22,angstrom,output\paper_v1\expanded_comparison\inputs\protein_1o7j.a__1qd1.b.npz,ee71f8b3980b2ceeb3dfe43be7b165082559212dfed03bb475480ffc13dfaa10,Independent discrete,0.5,9.476499139682725,10.890797290213742,35.978995691931146,reused,output\paper_v1\expanded_comparison\slots\34\attempts\expanded34_e309439661e84f828e3ac66dc0ee042a,validated,True,False,20.0,20.0,20.0,0.9090909090909092,0.9090909090909092,0.9090909090909092,0.0085189999954309,0.0030455999949481,6.438584299990907,7.12207120002131,194.01953125,,,0.0,0.0,,0.0,False,independent_optimization,True,validated,,35.978995691931146,True,cb5687dd7a7f6da56179e35ecfc296fef8a9a03310d2773f8a764b563049bb6e,False,,2000000 default,optimal_independent_baseline,worker_exited,[WinError 5] Access is denied: 'C:\\Users\\a\\PycharmProjects\\PythonProject1\\output\\paper_v1\\expanded_comparison\\slots\\34\\attempts\\expanded34_e309439661e84f828e3ac66dc0ee042a\\progress.json.25888.tmp' -> 'C:\\Users\\a\\PycharmProjects\\PythonProject1\\output\\paper_v1\\expanded_comparison\\slots\\34\\attempts\\expanded34_e309439661e84f828e3ac66dc0ee042a\\progress.json',solution_return,validated,output\paper_v1\expanded_comparison\validation_recovery_slot34\attempts\slot34_validation_recovery_072dcf5cfbe1403abd25bce6f56fb1d4,,,,original alpha0.5 single observation,20.0,20.0,20.0,newly selected pair,new,True,,,True,P3,output/paper_v1/coverage_extension/attempt_gallery/figures/228f3264386f27f2393e4c.png,output/paper_v1/coverage_extension/attempt_gallery/figures/228f3264386f27f2393e4c.pdf,output\paper_v1\coverage_extension\attempt_gallery\metrics\0f00021c46b339294b.json
protein:1o7j.a__1qd1.b:a0.5|CPS-2F,35,protein,1o7j.a__1qd1.b,22,22,angstrom,output\paper_v1\expanded_comparison\inputs\protein_1o7j.a__1qd1.b.npz,ee71f8b3980b2ceeb3dfe43be7b165082559212dfed03bb475480ffc13dfaa10,CPS-2F,0.5,9.476499139682725,10.890797290213742,35.978995691931146,reused,output\paper_v1\expanded_comparison\slots\35\attempts\expanded35_4fea86cbd8a54e25b1f0959f61809ba3,validated,True,False,16.0,20.0,20.0,0.7272727272727273,0.9090909090909092,0.8181818181818182,4.137220600008732,0.0032791000267025,9.715417100000195,16.869891799986362,236.5859375,18848.0,3486971.0,18848.0,18847.0,0.0,2.0,True,configuration_graph,True,validated,,35.978995691931146,True,d0ba23c7dc24f36ca86a008f96d5e6cef4f8243a069123499f255ad4c5a22a28,False,55.0,800000 main,optimal_configuration_graph,worker_exited,,solution_return,validated,,,,,original alpha0.5 single observation,16.0,20.0,20.0,newly selected pair,new,True,,,True,P3,output/paper_v1/coverage_extension/attempt_gallery/figures/1a9c54d3139be458b026f0.png,output/paper_v1/coverage_extension/attempt_gallery/figures/1a9c54d3139be458b026f0.pdf,output\paper_v1\coverage_extension\attempt_gallery\metrics\887e00828a0ba36518.json
protein:1o7j.a__1qd1.b:a0.5|CPS-3F,36,protein,1o7j.a__1qd1.b,22,22,angstrom,output\paper_v1\expanded_comparison\inputs\protein_1o7j.a__1qd1.b.npz,ee71f8b3980b2ceeb3dfe43be7b165082559212dfed03bb475480ffc13dfaa10,CPS-3F,0.5,9.476499139682725,10.890797290213742,35.978995691931146,reused,output\paper_v1\expanded_comparison\slots\36\attempts\expanded36_b0a6256809594ea6b52aaa2f32fc4ee9,validated,True,False,20.0,20.0,20.0,0.9090909090909092,0.9090909090909092,0.9090909090909092,0.0330971999792382,0.002725600003032,5.677388999989489,8.835628300003009,215.77734375,563.0,2448.0,563.0,562.0,0.0,2.0,True,configuration_graph,True,validated,,35.978995691931146,True,781263cb2560098a12971c7a6bc7e9662944acfb7fdea513cc3964df3d0c993f,False,55.0,800000 main; 2000000 preprocessing,optimal_configuration_graph,worker_exited,,solution_return,validated,,,,,original alpha0.5 single observation,20.0,20.0,20.0,newly selected pair,new,True,,,True,P3,output/paper_v1/coverage_extension/attempt_gallery/figures/fde620bec93dc1411a79ee.png,output/paper_v1/coverage_extension/attempt_gallery/figures/fde620bec93dc1411a79ee.pdf,output\paper_v1\coverage_extension\attempt_gallery\metrics\32f58cd5418acfdd4f.json
protein:1o7j.a__4eca.d:a0.5|Independent continuous,41,protein,1o7j.a__4eca.d,22,22,angstrom,output\paper_v1\expanded_comparison\inputs\protein_1o7j.a__4eca.d.npz,926bd75812d2daa4cb742c7dbd881611b05dc2d93343e85c35a1267077868b86,Independent continuous,0.5,9.476499139682725,8.78100160685718,15.364049921814235,reused,output\paper_v1\expanded_comparison\slots\41\attempts\expanded41_da3bf933c57344b48c76eae72c26fcc6,validated,True,False,16.0,18.0,18.0,0.7272727272727273,0.8181818181818182,0.7727272727272727,0.0086708000162616,0.0024924000026658,8.073982500005513,10.821311299980152,229.890625,,,0.0,0.0,,0.0,False,independent_optimization,True,validated,,18.018355890591128,False,de3d78474426a60dc446187ca09487f50e6b881e90c3ebc6758f03dae1636717,False,,,optimal_independent_baseline,worker_exited,,solution_return,validated,,,,,original alpha0.5 single observation,16.0,18.0,18.0,newly selected pair,new,True,,,True,P4,output/paper_v1/coverage_extension/attempt_gallery/figures/4386234f074c63136251b5.png,output/paper_v1/coverage_extension/attempt_gallery/figures/4386234f074c63136251b5.pdf,output\paper_v1\coverage_extension\attempt_gallery\metrics\a6c0e3e503b2e28da9.json
protein:1o7j.a__4eca.d:a0.5|Independent discrete,42,protein,1o7j.a__4eca.d,22,22,angstrom,output\paper_v1\expanded_comparison\inputs\protein_1o7j.a__4eca.d.npz,926bd75812d2daa4cb742c7dbd881611b05dc2d93343e85c35a1267077868b86,Independent discrete,0.5,9.476499139682725,8.78100160685718,15.364049921814235,reused,output\paper_v1\expanded_comparison\slots\42\attempts\expanded42_fd26c863622e455a9c4a6630250ec9e8,validated,True,False,20.0,21.0,21.0,0.9090909090909092,0.9545454545454546,0.9318181818181818,0.0050389000098221,0.0028686000150628,6.547758800006704,10.307312400022056,215.1953125,,,0.0,0.0,,0.0,False,independent_optimization,True,validated,,15.364049921814235,True,31ab46b62a9fdbdc74ca878d63eefba9eeb54c81a17ada6ce0ca607b697feda1,False,,2000000 default,optimal_independent_baseline,worker_exited,,solution_return,validated,,,,,original alpha0.5 single observation,20.0,21.0,21.0,newly selected pair,new,True,,,True,P4,output/paper_v1/coverage_extension/attempt_gallery/figures/dadfbdcc4c035806a9e367.png,output/paper_v1/coverage_extension/attempt_gallery/figures/dadfbdcc4c035806a9e367.pdf,output\paper_v1\coverage_extension\attempt_gallery\metrics\ac26911f01f8f08a9a.json
protein:1o7j.a__4eca.d:a0.5|CPS-2F,43,protein,1o7j.a__4eca.d,22,22,angstrom,output\paper_v1\expanded_comparison\inputs\protein_1o7j.a__4eca.d.npz,926bd75812d2daa4cb742c7dbd881611b05dc2d93343e85c35a1267077868b86,CPS-2F,0.5,9.476499139682725,8.78100160685718,15.364049921814235,reused,output\paper_v1\expanded_comparison\slots\43\attempts\expanded43_11cd981519ea4c5fb33267ed28507b86,validated,True,False,17.0,18.0,18.0,0.7727272727272727,0.8181818181818182,0.7954545454545454,0.4815856000059284,0.0026747999945655,10.120492100017143,13.774344800011022,233.24609375,2541.0,318922.0,2541.0,2540.0,0.0,2.0,True,configuration_graph,True,validated,,15.364049921814235,True,5f1430e7636bbfddd54c835c4800e5580968c938973fc0d541ed44d6dde87f98,False,55.0,800000 main,optimal_configuration_graph,worker_exited,,solution_return,validated,,,,,original alpha0.5 single observation,17.0,18.0,18.0,newly selected pair,new,True,,,True,P4,output/paper_v1/coverage_extension/attempt_gallery/figures/fef451ce91a1751e1da2bd.png,output/paper_v1/coverage_extension/attempt_gallery/figures/fef451ce91a1751e1da2bd.pdf,output\paper_v1\coverage_extension\attempt_gallery\metrics\834d798b06ccd2a67c.json
protein:1o7j.a__4eca.d:a0.5|CPS-3F,44,protein,1o7j.a__4eca.d,22,22,angstrom,output\paper_v1\expanded_comparison\inputs\protein_1o7j.a__4eca.d.npz,926bd75812d2daa4cb742c7dbd881611b05dc2d93343e85c35a1267077868b86,CPS-3F,0.5,9.476499139682725,8.78100160685718,15.364049921814235,reused,output\paper_v1\expanded_comparison\slots\44\attempts\expanded44_6906d978a7af4dbaac36afccfffbb772,validated,True,False,20.0,21.0,21.0,0.9090909090909092,0.9545454545454546,0.9318181818181818,0.0293897000083234,0.0030763999966438,6.372119000006933,9.869895400013776,215.046875,109.0,638.0,109.0,108.0,0.0,2.0,True,configuration_graph,True,validated,,15.364049921814235,True,e15fb84d76e926cfc4fed86c1bb609dcbc5b9e8f28cb36c6faebff436db49fe0,False,55.0,800000 main; 2000000 preprocessing,optimal_configuration_graph,worker_exited,,solution_return,validated,,,,,original alpha0.5 single observation,20.0,21.0,21.0,newly selected pair,new,True,,,True,P4,output/paper_v1/coverage_extension/attempt_gallery/figures/b2007d45b833660897317f.png,output/paper_v1/coverage_extension/attempt_gallery/figures/b2007d45b833660897317f.pdf,output\paper_v1\coverage_extension\attempt_gallery\metrics\cde8e25d9e06886f95.json
protein:1o7j.a__1toh.a:a0.5|Independent continuous,49,protein,1o7j.a__1toh.a,22,22,angstrom,output\paper_v1\expanded_comparison\inputs\protein_1o7j.a__1toh.a.npz,5e6a2b9a37b78ae69edb4d6f22281db5d47f278893cbaca092fc6164e9b8337e,Independent continuous,0.5,9.476499139682725,10.346278485309297,37.12846564295379,reused,output\paper_v1\expanded_comparison\slots\49\attempts\expanded49_7091dabdfc5f49dda51a71a173419874,validated,True,False,16.0,16.0,16.0,0.7272727272727273,0.7272727272727273,0.7272727272727273,0.0090036999899894,0.0027928000199608,8.885517699993216,12.036178099981043,229.859375,,,0.0,0.0,,0.0,False,independent_optimization,True,validated,,37.12846564295379,True,745bf462b7b4102d6cc22551d9248f29f5a914481496fa3b23a3fe28e0d0afdf,False,,,optimal_independent_baseline,worker_exited,,solution_return,validated,,,,,original alpha0.5 single observation,16.0,16.0,16.0,newly selected pair,new,True,,,True,P5,output/paper_v1/coverage_extension/attempt_gallery/figures/c71424a023c3211c8da043.png,output/paper_v1/coverage_extension/attempt_gallery/figures/c71424a023c3211c8da043.pdf,output\paper_v1\coverage_extension\attempt_gallery\metrics\3816f52c7aaf9424e6.json
protein:1o7j.a__1toh.a:a0.5|Independent discrete,50,protein,1o7j.a__1toh.a,22,22,angstrom,output\paper_v1\expanded_comparison\inputs\protein_1o7j.a__1toh.a.npz,5e6a2b9a37b78ae69edb4d6f22281db5d47f278893cbaca092fc6164e9b8337e,Independent discrete,0.5,9.476499139682725,10.346278485309297,37.12846564295379,reused,output\paper_v1\expanded_comparison\slots\50\attempts\expanded50_7157e7e5cb1a4ec9aff399f10b78208c,validated,True,False,20.0,21.0,21.0,0.9090909090909092,0.9545454545454546,0.9318181818181818,0.0058985999785363,0.0027961999876424,6.385290700010955,9.924620100005995,214.69140625,,,0.0,0.0,,0.0,False,independent_optimization,True,validated,,37.12846564295379,True,c297a053300da97068acc0bbdc405861d82f36c948598f290d7deaeeb436c5df,False,,2000000 default,optimal_independent_baseline,worker_exited,,solution_return,validated,,,,,original alpha0.5 single observation,20.0,21.0,21.0,newly selected pair,new,True,,,True,P5,output/paper_v1/coverage_extension/attempt_gallery/figures/7336669ad4087c933cfeba.png,output/paper_v1/coverage_extension/attempt_gallery/figures/7336669ad4087c933cfeba.pdf,output\paper_v1\coverage_extension\attempt_gallery\metrics\2416d68f65104ff5c8.json
protein:1o7j.a__1toh.a:a0.5|CPS-2F,51,protein,1o7j.a__1toh.a,22,22,angstrom,output\paper_v1\expanded_comparison\inputs\protein_1o7j.a__1toh.a.npz,5e6a2b9a37b78ae69edb4d6f22281db5d47f278893cbaca092fc6164e9b8337e,CPS-2F,0.5,9.476499139682725,10.346278485309297,37.12846564295379,reused,output\paper_v1\expanded_comparison\slots\51\attempts\expanded51_72e5e9926d3848e6b4761ef7165f51b5,validated,True,False,16.0,16.0,16.0,0.7272727272727273,0.7272727272727273,0.7272727272727273,3.305430599983083,0.0039609000086784,9.885440300015034,16.260574500018265,236.25390625,16301.0,2930899.0,16301.0,16300.0,0.0,2.0,True,configuration_graph,True,validated,,37.12846564295379,True,fc9b04fa2d31824c6756836b026039949d960ff3489c79a773e41de7b961cfe1,False,55.0,800000 main,optimal_configuration_graph,worker_exited,,solution_return,validated,,,,,original alpha0.5 single observation,16.0,16.0,16.0,newly selected pair,new,True,,,True,P5,output/paper_v1/coverage_extension/attempt_gallery/figures/cf834de91c3352bfd77b36.png,output/paper_v1/coverage_extension/attempt_gallery/figures/cf834de91c3352bfd77b36.pdf,output\paper_v1\coverage_extension\attempt_gallery\metrics\51d6a1f819fe632239.json
protein:1o7j.a__1toh.a:a0.5|CPS-3F,52,protein,1o7j.a__1toh.a,22,22,angstrom,output\paper_v1\expanded_comparison\inputs\protein_1o7j.a__1toh.a.npz,5e6a2b9a37b78ae69edb4d6f22281db5d47f278893cbaca092fc6164e9b8337e,CPS-3F,0.5,9.476499139682725,10.346278485309297,37.12846564295379,reused,output\paper_v1\expanded_comparison\slots\52\attempts\expanded52_c4efe3d705014dad820831f4da89447d,validated,True,False,20.0,21.0,21.0,0.9090909090909092,0.9545454545454546,0.9318181818181818,0.0655982999887783,0.0096956000197678,16.711312700004783,24.844371599989245,215.3046875,473.0,1887.0,473.0,472.0,0.0,2.0,True,configuration_graph,True,validated,,37.12846564295379,True,f66ee484802bbe7c611933cf01fd9da2557dc7621e78a2e71da1214f5171fc51,False,55.0,800000 main; 2000000 preprocessing,optimal_configuration_graph,worker_exited,,solution_return,validated,,,,,original alpha0.5 single observation,20.0,21.0,21.0,newly selected pair,new,True,,,True,P5,output/paper_v1/coverage_extension/attempt_gallery/figures/c363354383805b3145eb89.png,output/paper_v1/coverage_extension/attempt_gallery/figures/c363354383805b3145eb89.pdf,output\paper_v1\coverage_extension\attempt_gallery\metrics\81df02b0827bd458f4.json
hurricane:EP111954__EP021984:a0.5|Independent continuous,57,hurricane,EP111954__EP021984,25,82,projected km,output\paper_v1\expanded_comparison\inputs\hurricane_EP111954__EP021984.npz,f6f69328452dbeb2c9b701abdb3760ce7a95f9de1a53ed1dcbd1261aa4023d20,Independent continuous,0.5,62.59116991555275,21.5881714404469,411.7453872318912,reused,output\paper_v1\expanded_comparison\slots\57\attempts\expanded57_53aba65df4d145e491de2ca70d31b840,validated,True,False,4.0,16.0,16.0,0.16,0.1951219512195122,0.1869158878504672,0.1382124999945517,0.0017852000019047,9.025800399977015,9.936463999998525,212.66796875,,,0.0,0.0,,0.0,False,independent_optimization,True,validated,,720.228597506722,False,3d2fb2b3a2a111eabf7cce024d5af80b14fc61a91d99154da44cdb1c607a60bf,False,,,optimal_independent_baseline,worker_exited,,solution_return,validated,,,,,original alpha0.5 single observation,4.0,16.0,16.0,newly selected pair,new,True,,,True,H3,output/paper_v1/coverage_extension/attempt_gallery/figures/e041619b312d4452208f06.png,output/paper_v1/coverage_extension/attempt_gallery/figures/e041619b312d4452208f06.pdf,output\paper_v1\coverage_extension\attempt_gallery\metrics\78ee0ce368a07e7c7f.json
hurricane:EP111954__EP021984:a0.5|Independent discrete,58,hurricane,EP111954__EP021984,25,82,projected km,output\paper_v1\expanded_comparison\inputs\hurricane_EP111954__EP021984.npz,f6f69328452dbeb2c9b701abdb3760ce7a95f9de1a53ed1dcbd1261aa4023d20,Independent discrete,0.5,62.59116991555275,21.5881714404469,411.7453872318912,reused,output\paper_v1\expanded_comparison\slots\58\attempts\expanded58_cc8c30ff1d1a48f7a0643c0286c3d20e,validated,True,False,25.0,79.0,79.0,1.0,0.9634146341463414,0.97196261682243,0.0143873000051826,0.0133566000149585,6.369164500007173,7.126113100006478,194.3125,,,0.0,0.0,,0.0,False,independent_optimization,True,validated,,411.7453872318912,True,2ba885094e2f22f45077adb35d42909f817c3cf3da7b359039e45f32fbb8c44c,False,,2000000 default,optimal_independent_baseline,worker_exited,,solution_return,validated,,,,,original alpha0.5 single observation,25.0,79.0,79.0,newly selected pair,new,True,,,True,H3,output/paper_v1/coverage_extension/attempt_gallery/figures/13326178942cf0511b4259.png,output/paper_v1/coverage_extension/attempt_gallery/figures/13326178942cf0511b4259.pdf,output\paper_v1\coverage_extension\attempt_gallery\metrics\19cef7f72db5e4413f.json
hurricane:EP111954__EP021984:a0.5|CPS-2F,59,hurricane,EP111954__EP021984,25,82,projected km,output\paper_v1\expanded_comparison\inputs\hurricane_EP111954__EP021984.npz,f6f69328452dbeb2c9b701abdb3760ce7a95f9de1a53ed1dcbd1261aa4023d20,CPS-2F,0.5,62.59116991555275,21.5881714404469,411.7453872318912,reused,output\paper_v1\expanded_comparison\slots\59\attempts\expanded59_1a41930b343049c19e4c4044b1d1680e,validated,True,False,6.0,16.0,16.0,0.24,0.1951219512195122,0.205607476635514,13.417730900022434,0.0024853000068105,9.821219299978113,23.91827540000668,231.55078125,7341.0,5699716.0,7341.0,7340.0,0.0,2.0,True,configuration_graph,True,validated,,391.07954231396457,True,230a8fd36339f5ea7593822573dda040afdd73eb11d38800bb0d812552c6083a,False,55.0,800000 main,optimal_configuration_graph,worker_exited,,solution_return,validated,,,,,original alpha0.5 single observation,6.0,16.0,16.0,newly selected pair,new,True,,,True,H3,output/paper_v1/coverage_extension/attempt_gallery/figures/231e962095e5041b1487dd.png,output/paper_v1/coverage_extension/attempt_gallery/figures/231e962095e5041b1487dd.pdf,output\paper_v1\coverage_extension\attempt_gallery\metrics\3c997f0e51caf4894a.json
hurricane:EP111954__EP021984:a0.5|CPS-3F,60,hurricane,EP111954__EP021984,25,82,projected km,output\paper_v1\expanded_comparison\inputs\hurricane_EP111954__EP021984.npz,f6f69328452dbeb2c9b701abdb3760ce7a95f9de1a53ed1dcbd1261aa4023d20,CPS-3F,0.5,62.59116991555275,21.5881714404469,411.7453872318912,reused,output\paper_v1\expanded_comparison\slots\60\attempts\expanded60_d1a5c27accb04d57bcfa4d365d99a606,validated,True,False,25.0,79.0,79.0,1.0,0.9634146341463414,0.97196261682243,0.0617047999985516,0.0151408000092487,6.476939699990908,7.370861900009913,195.44921875,493.0,1406.0,493.0,492.0,0.0,2.0,True,configuration_graph,True,validated,,411.7453872318912,True,819af20de6d2365167ceb8cdc0194c0d2d7ad1692bd31fd15f506eecaa66443b,False,55.0,800000 main; 2000000 preprocessing,optimal_configuration_graph,worker_exited,,solution_return,validated,,,,,original alpha0.5 single observation,25.0,79.0,79.0,newly selected pair,new,True,,,True,H3,output/paper_v1/coverage_extension/attempt_gallery/figures/40a85cbc2194f399dc3da6.png,output/paper_v1/coverage_extension/attempt_gallery/figures/40a85cbc2194f399dc3da6.pdf,output\paper_v1\coverage_extension\attempt_gallery\metrics\0e7ff052ea3f1c51f1.json
hurricane:AL072006__AL011900:a0.5|Independent continuous,65,hurricane,AL072006__AL011900,62,81,projected km,output\paper_v1\expanded_comparison\inputs\hurricane_AL072006__AL011900.npz,d1c7ae57c312b1c5a78b6a809f85412f79e79e9cffd6209bda018544b7cd301f,Independent continuous,0.5,83.40813893161072,81.15849951823131,2969.784643498885,reused,output\paper_v1\expanded_comparison\slots\65\attempts\expanded65_41947a210b8b496eaeaac9755feae1a4,validated,True,False,12.0,10.0,12.0,0.1935483870967742,0.1234567901234567,0.1538461538461538,0.1780047999927774,0.0026878000062424,8.80059749999782,9.714195000007749,212.0,,,0.0,0.0,,0.0,False,independent_optimization,True,validated,,2961.871080312045,True,34a0b3b1b48bce87bd9a18d35a9521b2c454fa8044ef706da21255f624b25522,False,,,optimal_independent_baseline,worker_exited,,solution_return,validated,,,,,original alpha0.5 single observation,12.0,10.0,12.0,newly selected pair,new,True,,,True,H4,output/paper_v1/coverage_extension/attempt_gallery/figures/3694f865147f0f046c901d.png,output/paper_v1/coverage_extension/attempt_gallery/figures/3694f865147f0f046c901d.pdf,output\paper_v1\coverage_extension\attempt_gallery\metrics\e3fc6122220f27ac7a.json
hurricane:AL072006__AL011900:a0.5|Independent discrete,66,hurricane,AL072006__AL011900,62,81,projected km,output\paper_v1\expanded_comparison\inputs\hurricane_AL072006__AL011900.npz,d1c7ae57c312b1c5a78b6a809f85412f79e79e9cffd6209bda018544b7cd301f,Independent discrete,0.5,83.40813893161072,81.15849951823131,2969.784643498885,reused,output\paper_v1\expanded_comparison\slots\66\attempts\expanded66_095d06dd1f3e431cb389cf35a6c9c8c2,validated,True,False,60.0,75.0,75.0,0.967741935483871,0.925925925925926,0.944055944055944,0.0173872000013943,0.0326638999977149,6.709171299997252,7.58845989999827,195.2890625,,,0.0,0.0,,0.0,False,independent_optimization,True,validated,,2969.784643498885,True,1d0d8dbf0ce3071300f16f8ecd5e23964cc80793734f704fc3eff44e43777559,False,,2000000 default,optimal_independent_baseline,worker_exited,,solution_return,validated,,,,,original alpha0.5 single observation,60.0,75.0,75.0,newly selected pair,new,True,,,True,H4,output/paper_v1/coverage_extension/attempt_gallery/figures/02b28295cbb154e24e59ab.png,output/paper_v1/coverage_extension/attempt_gallery/figures/02b28295cbb154e24e59ab.pdf,output\paper_v1\coverage_extension\attempt_gallery\metrics\ee36a2570a40a9b811.json
hurricane:AL072006__AL011900:a0.5|CPS-2F,67,hurricane,AL072006__AL011900,62,81,projected km,output\paper_v1\expanded_comparison\inputs\hurricane_AL072006__AL011900.npz,d1c7ae57c312b1c5a78b6a809f85412f79e79e9cffd6209bda018544b7cd301f,CPS-2F,0.5,83.40813893161072,81.15849951823131,2969.784643498885,reused,output\paper_v1\expanded_comparison\slots\67\attempts\expanded67_d4d4cf7eb7c74142954855b541101365,transition_budget_limit,False,True,,,,,,,27.97527359999367,,9.699263799993789,38.307996799994726,248.96484375,14181.0,20000001.0,2324.0,2323.0,11857.0,2.0,True,configuration_graph,False,not_run_no_solution,solver / configuration_graph,,,,False,55.0,800000 main,transition_budget_limit,worker_exited,product transition budget exceeded,time_to_termination,transition_budget_limit,,,,,original alpha0.5 single observation,,,,newly selected pair,new,True,,,True,H4,output/paper_v1/coverage_extension/attempt_gallery/figures/a9381223d40974336de4b5.png,output/paper_v1/coverage_extension/attempt_gallery/figures/a9381223d40974336de4b5.pdf,output\paper_v1\coverage_extension\attempt_gallery\metrics\031047bff14d428768.json
hurricane:AL072006__AL011900:a0.5|CPS-3F,68,hurricane,AL072006__AL011900,62,81,projected km,output\paper_v1\expanded_comparison\inputs\hurricane_AL072006__AL011900.npz,d1c7ae57c312b1c5a78b6a809f85412f79e79e9cffd6209bda018544b7cd301f,CPS-3F,0.5,83.40813893161072,81.15849951823131,2969.784643498885,reused,output\paper_v1\expanded_comparison\slots\68\attempts\expanded68_601a57a3ba474fa3960adc238e08ffc1,validated,True,False,60.0,75.0,75.0,0.967741935483871,0.925925925925926,0.944055944055944,0.1703372999909334,0.029262900003232,6.368748399981996,7.539583100005984,194.7578125,2724.0,14141.0,2724.0,2723.0,0.0,2.0,True,configuration_graph,True,validated,,2969.784643498885,True,235322dcd392c93c04a48187d94d361897459b08ddbddb2e47c9b7f626a9459d,False,55.0,800000 main; 2000000 preprocessing,optimal_configuration_graph,worker_exited,,solution_return,validated,,,,,original alpha0.5 single observation,60.0,75.0,75.0,newly selected pair,new,True,,,True,H4,output/paper_v1/coverage_extension/attempt_gallery/figures/57a102f85b01a6e7b74df3.png,output/paper_v1/coverage_extension/attempt_gallery/figures/57a102f85b01a6e7b74df3.pdf,output\paper_v1\coverage_extension\attempt_gallery\metrics\23a7b0a74d677b9196.json
hurricane:EP012014__EP212006:a0.5|Independent continuous,73,hurricane,EP012014__EP212006,30,29,projected km,output\paper_v1\expanded_comparison\inputs\hurricane_EP012014__EP212006.npz,b1ea8828119b71374fb3be9b07b5e3d7cd5ed7f81701351d279a01dd32677ddf,Independent continuous,0.5,22.088133009069068,20.7733948238426,628.8969388779135,reused,output\paper_v1\expanded_comparison\slots\73\attempts\expanded73_b16b8e72a62142e19f2b25e821b87e10,validated,True,False,5.0,7.0,7.0,0.1666666666666666,0.2413793103448276,0.2033898305084746,0.0146777000045403,0.0010325000039301,8.725665900012245,9.442693899996812,211.7578125,,,0.0,0.0,,0.0,False,independent_optimization,True,validated,,628.8969388779135,True,b6895132447b290c97f813a4f473da2316eb1dbdbc4d9463839be1e61343b671,False,,,optimal_independent_baseline,worker_exited,,solution_return,validated,,,,,original alpha0.5 single observation,5.0,7.0,7.0,newly selected pair,new,True,,,True,H5,output/paper_v1/coverage_extension/attempt_gallery/figures/272f143523322a707027b8.png,output/paper_v1/coverage_extension/attempt_gallery/figures/272f143523322a707027b8.pdf,output\paper_v1\coverage_extension\attempt_gallery\metrics\dd29d7699cc5fce5f5.json
hurricane:EP012014__EP212006:a0.5|Independent discrete,74,hurricane,EP012014__EP212006,30,29,projected km,output\paper_v1\expanded_comparison\inputs\hurricane_EP012014__EP212006.npz,b1ea8828119b71374fb3be9b07b5e3d7cd5ed7f81701351d279a01dd32677ddf,Independent discrete,0.5,22.088133009069068,20.7733948238426,628.8969388779135,reused,output\paper_v1\expanded_comparison\slots\74\attempts\expanded74_42a5eaa5d2ec4e088ba1161482a0f9b4,validated,True,False,28.0,27.0,28.0,0.9333333333333332,0.9310344827586208,0.9322033898305084,0.0077618999930564,0.0051567000045906,6.452433500002371,7.140362900012406,194.70703125,,,0.0,0.0,,0.0,False,independent_optimization,True,validated,,628.8969388779135,True,d681d8426263062bc80b97d79db7113ef753ac7a586258749fcb1941d85a6024,False,,2000000 default,optimal_independent_baseline,worker_exited,,solution_return,validated,,,,,original alpha0.5 single observation,28.0,27.0,28.0,newly selected pair,new,True,,,True,H5,output/paper_v1/coverage_extension/attempt_gallery/figures/9e0b363fdd676a44d5a634.png,output/paper_v1/coverage_extension/attempt_gallery/figures/9e0b363fdd676a44d5a634.pdf,output\paper_v1\coverage_extension\attempt_gallery\metrics\bba911e14e6683128a.json
hurricane:EP012014__EP212006:a0.5|CPS-2F,75,hurricane,EP012014__EP212006,30,29,projected km,output\paper_v1\expanded_comparison\inputs\hurricane_EP012014__EP212006.npz,b1ea8828119b71374fb3be9b07b5e3d7cd5ed7f81701351d279a01dd32677ddf,CPS-2F,0.5,22.088133009069068,20.7733948238426,628.8969388779135,reused,output\paper_v1\expanded_comparison\slots\75\attempts\expanded75_1d406bb8211e4ea9ad5fa732f6052f0d,validated,True,False,5.0,7.0,7.0,0.1666666666666666,0.2413793103448276,0.2033898305084746,1.2182606999995187,0.0010690999915823,9.72324849999859,11.605543299985584,220.89453125,3254.0,724841.0,3254.0,3253.0,0.0,2.0,True,configuration_graph,True,validated,,628.8969388779135,True,3db23d1d6a85248ac5c8982969dc4b5b73d106550f23e18c389f11e664e45394,False,55.0,800000 main,optimal_configuration_graph,worker_exited,,solution_return,validated,,,,,original alpha0.5 single observation,5.0,7.0,7.0,newly selected pair,new,True,,,True,H5,output/paper_v1/coverage_extension/attempt_gallery/figures/9edf5058f101666da721ec.png,output/paper_v1/coverage_extension/attempt_gallery/figures/9edf5058f101666da721ec.pdf,output\paper_v1\coverage_extension\attempt_gallery\metrics\cfd5dd3aa4d1e1ccbb.json
hurricane:EP012014__EP212006:a0.5|CPS-3F,76,hurricane,EP012014__EP212006,30,29,projected km,output\paper_v1\expanded_comparison\inputs\hurricane_EP012014__EP212006.npz,b1ea8828119b71374fb3be9b07b5e3d7cd5ed7f81701351d279a01dd32677ddf,CPS-3F,0.5,22.088133009069068,20.7733948238426,628.8969388779135,reused,output\paper_v1\expanded_comparison\slots\76\attempts\expanded76_b5080725e48e4dd8bd107e4a0bb2ca1a,validated,True,False,28.0,27.0,28.0,0.9333333333333332,0.9310344827586208,0.9322033898305084,0.0321286000253167,0.0048418999940622,6.40397730001132,7.113050999992993,194.41796875,269.0,777.0,269.0,268.0,0.0,2.0,True,configuration_graph,True,validated,,628.8969388779135,True,3fe99428663eb7780cf3d4f9fb31071494b09954cba79686b3348e1339087b1a,False,55.0,800000 main; 2000000 preprocessing,optimal_configuration_graph,worker_exited,,solution_return,validated,,,,,original alpha0.5 single observation,28.0,27.0,28.0,newly selected pair,new,True,,,True,H5,output/paper_v1/coverage_extension/attempt_gallery/figures/4dc8e66199dcd045289c14.png,output/paper_v1/coverage_extension/attempt_gallery/figures/4dc8e66199dcd045289c14.pdf,output\paper_v1\coverage_extension\attempt_gallery\metrics\89d17e31483629c8af.json
protein:1o7j.a__4eca.b:a0.5|Independent continuous,1,protein,1o7j.a__4eca.b,22,22,angstrom,output\paper_v1\coverage_extension\inputs\protein_1o7j.a__4eca.b.npz,87bc3a01b5c6351d83a9d76da5b2f97dc170b6c90e59a9fad4988458a096ada9,Independent continuous,0.5,9.476499139682725,8.792921091444232,15.18472410022651,new,output\paper_v1\coverage_extension\slots\01\attempts\coverage01_d94227c44bea4b4dbb3c4cbc789da96b,validated,True,False,16.0,18.0,18.0,0.7272727272727273,0.8181818181818182,0.7727272727272727,0.009915699978591874,0.002503999974578619,8.864673500007484,9.573509600013494,211.6015625,,,0.0,0.0,,0.0,False,independent_optimization,True,validated,,18.13889506006361,False,e25c4ec8d338d7c67db351fd44e716db6303d0e1c9f9b6645d36d1671fefba2c,False,,N/A,optimal_independent_baseline,worker_exited,,solution_return,validated,,,,,coverage_extension single observation,16.0,18.0,18.0,,,True,,,True,P6,output/paper_v1/coverage_extension/attempt_gallery/figures/8c85190cef88fc8c3fe0f6.png,output/paper_v1/coverage_extension/attempt_gallery/figures/8c85190cef88fc8c3fe0f6.pdf,output\paper_v1\coverage_extension\attempt_gallery\metrics\010382d0b708082537.json
protein:1o7j.a__4eca.b:a0.5|Independent discrete,2,protein,1o7j.a__4eca.b,22,22,angstrom,output\paper_v1\coverage_extension\inputs\protein_1o7j.a__4eca.b.npz,87bc3a01b5c6351d83a9d76da5b2f97dc170b6c90e59a9fad4988458a096ada9,Independent discrete,0.5,9.476499139682725,8.792921091444232,15.18472410022651,new,output\paper_v1\coverage_extension\slots\02\attempts\coverage02_4da3238292e54b4999fe790bf1e2586a,validated,True,False,20.0,21.0,21.0,0.9090909090909091,0.9545454545454546,0.9318181818181818,0.009742499998537824,0.003505200002109632,6.9745597000001,7.681761899992125,193.91796875,,,0.0,0.0,,0.0,False,independent_optimization,True,validated,,15.18472410022651,True,0ed9e0c93264e09b5559a2ddb8eaec1224dc34f4a457b9a5c471b23cbed138d1,False,,2000000 default,optimal_independent_baseline,worker_exited,,solution_return,validated,,,,,coverage_extension single observation,20.0,21.0,21.0,,,True,,,True,P6,output/paper_v1/coverage_extension/attempt_gallery/figures/1bb145b412dcc2042e1e4d.png,output/paper_v1/coverage_extension/attempt_gallery/figures/1bb145b412dcc2042e1e4d.pdf,output\paper_v1\coverage_extension\attempt_gallery\metrics\a66c8f7a8d7ecb3545.json
protein:1o7j.a__4eca.b:a0.5|CPS-2F,3,protein,1o7j.a__4eca.b,22,22,angstrom,output\paper_v1\coverage_extension\inputs\protein_1o7j.a__4eca.b.npz,87bc3a01b5c6351d83a9d76da5b2f97dc170b6c90e59a9fad4988458a096ada9,CPS-2F,0.5,9.476499139682725,8.792921091444232,15.18472410022651,new,output\paper_v1\coverage_extension\slots\03\attempts\coverage03_7089725cc44342a1bffd2ef8ac5f17a3,validated,True,False,17.0,18.0,18.0,0.7727272727272727,0.8181818181818182,0.7954545454545454,0.47966410001390614,0.00308620001305826,11.885134299984202,13.169559499976458,220.19921875,2419.0,285153.0,2419.0,2418.0,0.0,2.0,True,configuration_graph,True,validated,,15.18472410022651,True,c76e942dcc11c281648d287f890a577543e2bf92a8f5adc2fdd5683c11299cff,False,55.0,800000 main,optimal_configuration_graph,worker_exited,,solution_return,validated,,,,,coverage_extension single observation,17.0,18.0,18.0,,,True,,,True,P6,output/paper_v1/coverage_extension/attempt_gallery/figures/f88eb95e67190737891cea.png,output/paper_v1/coverage_extension/attempt_gallery/figures/f88eb95e67190737891cea.pdf,output\paper_v1\coverage_extension\attempt_gallery\metrics\131800c86a05156048.json
protein:1o7j.a__4eca.b:a0.5|CPS-3F,4,protein,1o7j.a__4eca.b,22,22,angstrom,output\paper_v1\coverage_extension\inputs\protein_1o7j.a__4eca.b.npz,87bc3a01b5c6351d83a9d76da5b2f97dc170b6c90e59a9fad4988458a096ada9,CPS-3F,0.5,9.476499139682725,8.792921091444232,15.18472410022651,new,output\paper_v1\coverage_extension\slots\04\attempts\coverage04_b29e35efdd404a5b9a18e13afa304f94,validated,True,False,20.0,21.0,21.0,0.9090909090909091,0.9545454545454546,0.9318181818181818,0.029470200010109693,0.0035361999762244523,7.27725049998844,8.027818000002299,194.93359375,109.0,638.0,109.0,108.0,0.0,2.0,True,configuration_graph,True,validated,,15.18472410022651,True,82cf8072cb70a0d1ee371944d8b75476630f8e9fcd00499a33236fd58e3fdfb2,False,55.0,800000 main; 2000000 preprocessing,optimal_configuration_graph,worker_exited,,solution_return,validated,,,,,coverage_extension single observation,20.0,21.0,21.0,,,True,,,True,P6,output/paper_v1/coverage_extension/attempt_gallery/figures/1a54770e8fa0b0fb032fc6.png,output/paper_v1/coverage_extension/attempt_gallery/figures/1a54770e8fa0b0fb032fc6.pdf,output\paper_v1\coverage_extension\attempt_gallery\metrics\976991a34192cecc9a.json
protein:1o7j.a__4eca.c:a0.5|Independent continuous,5,protein,1o7j.a__4eca.c,22,22,angstrom,output\paper_v1\coverage_extension\inputs\protein_1o7j.a__4eca.c.npz,39de7ee2c8cc32da7607c02a6a91687aee0a5a0c52ac9c2a56c4ff02fb4de066,Independent continuous,0.5,9.476499139682725,8.829933213766195,15.338020113430543,new,output\paper_v1\coverage_extension\slots\05\attempts\coverage05_e9c41696ba26406aaebbe392d840bf8b,validated,True,False,16.0,18.0,18.0,0.7272727272727273,0.8181818181818182,0.7727272727272727,0.011573600000701845,0.004236499982653186,10.031237999995938,10.770212100003846,211.34375,,,0.0,0.0,,0.0,False,independent_optimization,True,validated,,18.140424388640966,False,35daf6c10812ac5c8db2bdb6d5227958ef5296227c86ffd2af1b000d787a8d25,False,,N/A,optimal_independent_baseline,worker_exited,,solution_return,validated,,,,,coverage_extension single observation,16.0,18.0,18.0,,,True,,,True,P7,output/paper_v1/coverage_extension/attempt_gallery/figures/92031dda8db2aa329905ea.png,output/paper_v1/coverage_extension/attempt_gallery/figures/92031dda8db2aa329905ea.pdf,output\paper_v1\coverage_extension\attempt_gallery\metrics\c98d8c87e5beb06605.json
protein:1o7j.a__4eca.c:a0.5|Independent discrete,6,protein,1o7j.a__4eca.c,22,22,angstrom,output\paper_v1\coverage_extension\inputs\protein_1o7j.a__4eca.c.npz,39de7ee2c8cc32da7607c02a6a91687aee0a5a0c52ac9c2a56c4ff02fb4de066,Independent discrete,0.5,9.476499139682725,8.829933213766195,15.338020113430543,new,output\paper_v1\coverage_extension\slots\06\attempts\coverage06_b0d1afea28de4991a07496944c419dce,validated,True,False,20.0,21.0,21.0,0.9090909090909091,0.9545454545454546,0.9318181818181818,0.006048499984899536,0.0030377999937627465,6.612687499989988,7.366070200019749,194.4453125,,,0.0,0.0,,0.0,False,independent_optimization,True,validated,,15.338020113430543,True,7445074d5dd64e3742e13548b8708342fbc0b4ce6eb0d9fcc44fdfd922758a86,False,,2000000 default,optimal_independent_baseline,worker_exited,,solution_return,validated,,,,,coverage_extension single observation,20.0,21.0,21.0,,,True,,,True,P7,output/paper_v1/coverage_extension/attempt_gallery/figures/4f8c68fe4a20f5dae04137.png,output/paper_v1/coverage_extension/attempt_gallery/figures/4f8c68fe4a20f5dae04137.pdf,output\paper_v1\coverage_extension\attempt_gallery\metrics\b042fc14e7d1362768.json
protein:1o7j.a__4eca.c:a0.5|CPS-2F,7,protein,1o7j.a__4eca.c,22,22,angstrom,output\paper_v1\coverage_extension\inputs\protein_1o7j.a__4eca.c.npz,39de7ee2c8cc32da7607c02a6a91687aee0a5a0c52ac9c2a56c4ff02fb4de066,CPS-2F,0.5,9.476499139682725,8.829933213766195,15.338020113430543,new,output\paper_v1\coverage_extension\slots\07\attempts\coverage07_0f8bde73980c4f1788a9ad0fca35b21e,validated,True,False,17.0,18.0,18.0,0.7727272727272727,0.8181818181818182,0.7954545454545454,0.5059389999951236,0.002650999987963587,10.975123699987307,12.27269179999712,220.37890625,2448.0,290104.0,2448.0,2447.0,0.0,2.0,True,configuration_graph,True,validated,,15.338020113430543,True,aee6159870d45975a7ae8d6ffe09bf7727140e579eae6ee93f1efe032ec7e8c2,False,55.0,800000 main,optimal_configuration_graph,worker_exited,,solution_return,validated,,,,,coverage_extension single observation,17.0,18.0,18.0,,,True,,,True,P7,output/paper_v1/coverage_extension/attempt_gallery/figures/25d93ce0f983353e6892f5.png,output/paper_v1/coverage_extension/attempt_gallery/figures/25d93ce0f983353e6892f5.pdf,output\paper_v1\coverage_extension\attempt_gallery\metrics\ac195d4428e7a45079.json
protein:1o7j.a__4eca.c:a0.5|CPS-3F,8,protein,1o7j.a__4eca.c,22,22,angstrom,output\paper_v1\coverage_extension\inputs\protein_1o7j.a__4eca.c.npz,39de7ee2c8cc32da7607c02a6a91687aee0a5a0c52ac9c2a56c4ff02fb4de066,CPS-3F,0.5,9.476499139682725,8.829933213766195,15.338020113430543,new,output\paper_v1\coverage_extension\slots\08\attempts\coverage08_0414cf2ed27848009d87d0c4750feb50,validated,True,False,20.0,21.0,21.0,0.9090909090909091,0.9545454545454546,0.9318181818181818,0.06265390000771731,0.0105061000213027,10.39232750001247,11.428423399978783,195.47265625,109.0,638.0,109.0,108.0,0.0,2.0,True,configuration_graph,True,validated,,15.338020113430543,True,46196463881282162be0b706e967fd43d8d657b1014330424f2f2ed4597faad0,False,55.0,800000 main; 2000000 preprocessing,optimal_configuration_graph,worker_exited,,solution_return,validated,,,,,coverage_extension single observation,20.0,21.0,21.0,,,True,,,True,P7,output/paper_v1/coverage_extension/attempt_gallery/figures/a895c981559508c0cbd71c.png,output/paper_v1/coverage_extension/attempt_gallery/figures/a895c981559508c0cbd71c.pdf,output\paper_v1\coverage_extension\attempt_gallery\metrics\038bb4e0d4d3adc39e.json
protein:1o7j.a__3ntx.a:a0.5|Independent continuous,9,protein,1o7j.a__3ntx.a,22,22,angstrom,,,Independent continuous,0.5,,,,blocked,,preparation_blocked,False,False,,,,,,,,,,,,,,,,,,,,,,,,,,,,,,,,,preparation_blocked,,,,,coverage_extension single observation,,,,,,False,Internal chain break(s); no existing uncropped whole-chain gap-handling policy. Existing preparation splits fragments; cropping/bridging not introduced.,,False,P8,,,
protein:1o7j.a__3ntx.a:a0.5|Independent discrete,10,protein,1o7j.a__3ntx.a,22,22,angstrom,,,Independent discrete,0.5,,,,blocked,,preparation_blocked,False,False,,,,,,,,,,,,,,,,,,,,,,,,,,,,,,,,,preparation_blocked,,,,,coverage_extension single observation,,,,,,False,Internal chain break(s); no existing uncropped whole-chain gap-handling policy. Existing preparation splits fragments; cropping/bridging not introduced.,,False,P8,,,
protein:1o7j.a__3ntx.a:a0.5|CPS-2F,11,protein,1o7j.a__3ntx.a,22,22,angstrom,,,CPS-2F,0.5,,,,blocked,,preparation_blocked,False,False,,,,,,,,,,,,,,,,,,,,,,,,,,,,,,,,,preparation_blocked,,,,,coverage_extension single observation,,,,,,False,Internal chain break(s); no existing uncropped whole-chain gap-handling policy. Existing preparation splits fragments; cropping/bridging not introduced.,,False,P8,,,
protein:1o7j.a__3ntx.a:a0.5|CPS-3F,12,protein,1o7j.a__3ntx.a,22,22,angstrom,,,CPS-3F,0.5,,,,blocked,,preparation_blocked,False,False,,,,,,,,,,,,,,,,,,,,,,,,,,,,,,,,,preparation_blocked,,,,,coverage_extension single observation,,,,,,False,Internal chain break(s); no existing uncropped whole-chain gap-handling policy. Existing preparation splits fragments; cropping/bridging not introduced.,,False,P8,,,
protein:1o7j.a__1wls.a:a0.5|Independent continuous,13,protein,1o7j.a__1wls.a,22,22,angstrom,output\paper_v1\coverage_extension\inputs\protein_1o7j.a__1wls.a.npz,3e35280d1c981235ff03ba1f9960677a0de32ad9561d8e22a7cb9de8e5677ecb,Independent continuous,0.5,9.476499139682725,10.90332274065674,15.999722568438287,new,output\paper_v1\coverage_extension\slots\13\attempts\coverage13_41fcd0da9a4a4280922d252b03f840e9,validated,True,False,16.0,17.0,17.0,0.7272727272727273,0.7727272727272727,0.75,0.010171000001719221,0.002290700009325519,8.81856990000233,9.570898100006161,211.515625,,,0.0,0.0,,0.0,False,independent_optimization,True,validated,,18.857317036251885,False,a41f10e4353f1f6273966ac67eaa755faffc00cd9682c72ae8aa1c93cb9b05a1,False,,N/A,optimal_independent_baseline,worker_exited,,solution_return,validated,,,,,coverage_extension single observation,16.0,17.0,17.0,,,True,,,True,P9,output/paper_v1/coverage_extension/attempt_gallery/figures/fb70e5704141c0738b8f12.png,output/paper_v1/coverage_extension/attempt_gallery/figures/fb70e5704141c0738b8f12.pdf,output\paper_v1\coverage_extension\attempt_gallery\metrics\95ff2bae21374143ec.json
protein:1o7j.a__1wls.a:a0.5|Independent discrete,14,protein,1o7j.a__1wls.a,22,22,angstrom,output\paper_v1\coverage_extension\inputs\protein_1o7j.a__1wls.a.npz,3e35280d1c981235ff03ba1f9960677a0de32ad9561d8e22a7cb9de8e5677ecb,Independent discrete,0.5,9.476499139682725,10.90332274065674,15.999722568438287,new,output\paper_v1\coverage_extension\slots\14\attempts\coverage14_aa74ac1027974521b27b4c9499a16871,validated,True,False,20.0,21.0,21.0,0.9090909090909091,0.9545454545454546,0.9318181818181818,0.006708000000799075,0.0030450000194832683,7.116973199998029,7.784466799988877,193.93359375,,,0.0,0.0,,0.0,False,independent_optimization,True,validated,,15.999722568438287,True,fa842fa4ed161adcb44427d201742fb47985bf6f8c52c0d36068af73b4e3fd75,False,,2000000 default,optimal_independent_baseline,worker_exited,,solution_return,validated,,,,,coverage_extension single observation,20.0,21.0,21.0,,,True,,,True,P9,output/paper_v1/coverage_extension/attempt_gallery/figures/f61931e7068a63c55d810c.png,output/paper_v1/coverage_extension/attempt_gallery/figures/f61931e7068a63c55d810c.pdf,output\paper_v1\coverage_extension\attempt_gallery\metrics\74c9b97b2b54158da6.json
protein:1o7j.a__1wls.a:a0.5|CPS-2F,15,protein,1o7j.a__1wls.a,22,22,angstrom,output\paper_v1\coverage_extension\inputs\protein_1o7j.a__1wls.a.npz,3e35280d1c981235ff03ba1f9960677a0de32ad9561d8e22a7cb9de8e5677ecb,CPS-2F,0.5,9.476499139682725,10.90332274065674,15.999722568438287,new,output\paper_v1\coverage_extension\slots\15\attempts\coverage15_6d6dba71c8234043ad070d96c7f676bc,validated,True,False,18.0,18.0,18.0,0.8181818181818182,0.8181818181818182,0.8181818181818182,0.603869799990207,0.0028637000068556517,9.9475584999891,11.247605300013674,220.046875,3412.0,351474.0,3412.0,3411.0,0.0,2.0,True,configuration_graph,True,validated,,15.999722568438287,True,84cac3086e5a4fdaf7468e12bfb197d89fb3c9af3f0aa0b767c7247ec13bdb8b,False,55.0,800000 main,optimal_configuration_graph,worker_exited,,solution_return,validated,,,,,coverage_extension single observation,18.0,18.0,18.0,,,True,,,True,P9,output/paper_v1/coverage_extension/attempt_gallery/figures/fa9611ea4ceb6ae3631336.png,output/paper_v1/coverage_extension/attempt_gallery/figures/fa9611ea4ceb6ae3631336.pdf,output\paper_v1\coverage_extension\attempt_gallery\metrics\c24da69971c905672a.json
protein:1o7j.a__1wls.a:a0.5|CPS-3F,16,protein,1o7j.a__1wls.a,22,22,angstrom,output\paper_v1\coverage_extension\inputs\protein_1o7j.a__1wls.a.npz,3e35280d1c981235ff03ba1f9960677a0de32ad9561d8e22a7cb9de8e5677ecb,CPS-3F,0.5,9.476499139682725,10.90332274065674,15.999722568438287,new,output\paper_v1\coverage_extension\slots\16\attempts\coverage16_bf733beeb810407eb88685f8227c4df5,validated,True,False,20.0,21.0,21.0,0.9090909090909091,0.9545454545454546,0.9318181818181818,0.02721270002075471,0.003433399979257956,8.157968600018648,8.896990000008373,194.546875,83.0,226.0,83.0,82.0,0.0,2.0,True,configuration_graph,True,validated,,15.999722568438287,True,09eab04c68788c79232b4276800682915d804aef1608cd64f59628d0a429f6b5,False,55.0,800000 main; 2000000 preprocessing,optimal_configuration_graph,worker_exited,,solution_return,validated,,,,,coverage_extension single observation,20.0,21.0,21.0,,,True,,,True,P9,output/paper_v1/coverage_extension/attempt_gallery/figures/5b1fc8211fabdbfc23dd96.png,output/paper_v1/coverage_extension/attempt_gallery/figures/5b1fc8211fabdbfc23dd96.pdf,output\paper_v1\coverage_extension\attempt_gallery\metrics\a884bd326306e1d46c.json
protein:1o7j.a__2eq5.a:a0.5|Independent continuous,17,protein,1o7j.a__2eq5.a,22,15,angstrom,output\paper_v1\coverage_extension\inputs\protein_1o7j.a__2eq5.a.npz,4c34d1b8d5160e061ace244753add2bf13b3efd79790e7d9a6b314d589819d0b,Independent continuous,0.5,9.476499139682725,9.378431832248056,41.74655581235364,new,output\paper_v1\coverage_extension\slots\17\attempts\coverage17_2b267a35c7a64366acef9698b042dc8e,validated,True,False,16.0,12.0,16.0,0.7272727272727273,0.8,0.7567567567567568,0.009458400018047541,0.0024744999827817082,11.2205527999904,11.966325399989728,211.44921875,,,0.0,0.0,,0.0,False,independent_optimization,True,validated,,41.74655581235364,True,fc15ebf701e8e0a15b109d9141b78a3465fee466de0d5c1267e0decdcf931a92,False,,N/A,optimal_independent_baseline,worker_exited,,solution_return,validated,,,,,coverage_extension single observation,16.0,12.0,16.0,,,True,,,True,P10,output/paper_v1/coverage_extension/attempt_gallery/figures/a123567ed2ad7ca6b59f19.png,output/paper_v1/coverage_extension/attempt_gallery/figures/a123567ed2ad7ca6b59f19.pdf,output\paper_v1\coverage_extension\attempt_gallery\metrics\490d5241c38a210c49.json
protein:1o7j.a__2eq5.a:a0.5|Independent discrete,18,protein,1o7j.a__2eq5.a,22,15,angstrom,output\paper_v1\coverage_extension\inputs\protein_1o7j.a__2eq5.a.npz,4c34d1b8d5160e061ace244753add2bf13b3efd79790e7d9a6b314d589819d0b,Independent discrete,0.5,9.476499139682725,9.378431832248056,41.74655581235364,new,output\paper_v1\coverage_extension\slots\18\attempts\coverage18_03de6fceb50e42609b8733fb13512a76,validated,True,False,20.0,14.0,20.0,0.9090909090909091,0.9333333333333333,0.918918918918919,0.006875699997181073,0.0028621999954339117,6.733860499982256,7.383485800004564,194.3125,,,0.0,0.0,,0.0,False,independent_optimization,True,validated,,41.74655581235364,True,54608d78144859fa3fd93abe7d6c63a4373190067812a2690c38992591805f16,False,,2000000 default,optimal_independent_baseline,worker_exited,,solution_return,validated,,,,,coverage_extension single observation,20.0,14.0,20.0,,,True,,,True,P10,output/paper_v1/coverage_extension/attempt_gallery/figures/f4fef531e37fce9eff5918.png,output/paper_v1/coverage_extension/attempt_gallery/figures/f4fef531e37fce9eff5918.pdf,output\paper_v1\coverage_extension\attempt_gallery\metrics\69244d5bc59bd966fe.json
protein:1o7j.a__2eq5.a:a0.5|CPS-2F,19,protein,1o7j.a__2eq5.a,22,15,angstrom,output\paper_v1\coverage_extension\inputs\protein_1o7j.a__2eq5.a.npz,4c34d1b8d5160e061ace244753add2bf13b3efd79790e7d9a6b314d589819d0b,CPS-2F,0.5,9.476499139682725,9.378431832248056,41.74655581235364,new,output\paper_v1\coverage_extension\slots\19\attempts\coverage19_2a8ba5eb34294f84ab6d2c2c6d7fce1b,validated,True,False,16.0,12.0,16.0,0.7272727272727273,0.8,0.7567567567567568,1.9129458999959752,0.002332599979126826,10.510981699975673,13.173782500001835,223.359375,9606.0,1468313.0,9606.0,9605.0,0.0,2.0,True,configuration_graph,True,validated,,41.74655581235364,True,43500c90272589b1f1c003fe16004fe5e4151a939d8481020b7cb15871260f5c,False,55.0,800000 main,optimal_configuration_graph,worker_exited,,solution_return,validated,,,,,coverage_extension single observation,16.0,12.0,16.0,,,True,,,True,P10,output/paper_v1/coverage_extension/attempt_gallery/figures/5761172dfd927e65f1bd70.png,output/paper_v1/coverage_extension/attempt_gallery/figures/5761172dfd927e65f1bd70.pdf,output\paper_v1\coverage_extension\attempt_gallery\metrics\c8d6c26376a7e90154.json
protein:1o7j.a__2eq5.a:a0.5|CPS-3F,20,protein,1o7j.a__2eq5.a,22,15,angstrom,output\paper_v1\coverage_extension\inputs\protein_1o7j.a__2eq5.a.npz,4c34d1b8d5160e061ace244753add2bf13b3efd79790e7d9a6b314d589819d0b,CPS-3F,0.5,9.476499139682725,9.378431832248056,41.74655581235364,new,output\paper_v1\coverage_extension\slots\20\attempts\coverage20_892755f8079b42358bd7ac263683db50,validated,True,False,20.0,14.0,20.0,0.9090909090909091,0.9333333333333333,0.918918918918919,0.025823500007390976,0.0021696999901905656,6.718667200009804,7.437381199997617,196.8359375,376.0,1550.0,376.0,375.0,0.0,2.0,True,configuration_graph,True,validated,,41.74655581235364,True,e903cc0cccd89612fa842edb0d4e04dab253161dc6132cb8780f51fcda34e883,False,55.0,800000 main; 2000000 preprocessing,optimal_configuration_graph,worker_exited,,solution_return,validated,,,,,coverage_extension single observation,20.0,14.0,20.0,,,True,,,True,P10,output/paper_v1/coverage_extension/attempt_gallery/figures/ec01acaf9e0145bb74f6ab.png,output/paper_v1/coverage_extension/attempt_gallery/figures/ec01acaf9e0145bb74f6ab.pdf,output\paper_v1\coverage_extension\attempt_gallery\metrics\c5b7168b81dd0d12d5.json
protein:1o7j.a__2zsk.a:a0.5|Independent continuous,21,protein,1o7j.a__2zsk.a,22,16,angstrom,output\paper_v1\coverage_extension\inputs\protein_1o7j.a__2zsk.a.npz,3ec5446d75ccd9c280f57f8b26a0d1cc98e8d224da5d5fa3a122540eb7aff2e1,Independent continuous,0.5,9.476499139682725,9.562652144987151,41.96523997114909,new,output\paper_v1\coverage_extension\slots\21\attempts\coverage21_d77ce56d9d464dd9b904b06961091e99,validated,True,False,16.0,11.0,16.0,0.7272727272727273,0.6875,0.7105263157894737,0.00870589999249205,0.0022687999880872667,10.701494100008858,11.48271099998965,211.76953125,,,0.0,0.0,,0.0,False,independent_optimization,True,validated,,44.178362879705894,False,87ee240c1d1dea3565cc5267f269e49bbb17cb9cac3b6dec988d5b41f6481d42,False,,N/A,optimal_independent_baseline,worker_exited,,solution_return,validated,,,,,coverage_extension single observation,16.0,11.0,16.0,,,True,,,True,P11,output/paper_v1/coverage_extension/attempt_gallery/figures/c2c2237dbaf1cc447c99ef.png,output/paper_v1/coverage_extension/attempt_gallery/figures/c2c2237dbaf1cc447c99ef.pdf,output\paper_v1\coverage_extension\attempt_gallery\metrics\7067793f148ca7f65c.json
protein:1o7j.a__2zsk.a:a0.5|Independent discrete,22,protein,1o7j.a__2zsk.a,22,16,angstrom,output\paper_v1\coverage_extension\inputs\protein_1o7j.a__2zsk.a.npz,3ec5446d75ccd9c280f57f8b26a0d1cc98e8d224da5d5fa3a122540eb7aff2e1,Independent discrete,0.5,9.476499139682725,9.562652144987151,41.96523997114909,new,output\paper_v1\coverage_extension\slots\22\attempts\coverage22_25844e86d83b4e1586207da24869d039,validated,True,False,20.0,15.0,20.0,0.9090909090909091,0.9375,0.9210526315789473,0.005669599981047213,0.002195000008214265,6.915168500010623,7.628342200012412,193.796875,,,0.0,0.0,,0.0,False,independent_optimization,True,validated,,39.21434715290972,True,1e8bcc5b365ea85be1fb133f3d054fda56fca852d142226c74b52d9a73c557ce,False,,2000000 default,optimal_independent_baseline,worker_exited,,solution_return,validated,,,,,coverage_extension single observation,20.0,15.0,20.0,,,True,,,True,P11,output/paper_v1/coverage_extension/attempt_gallery/figures/d1e85b21ec196ed0695b56.png,output/paper_v1/coverage_extension/attempt_gallery/figures/d1e85b21ec196ed0695b56.pdf,output\paper_v1\coverage_extension\attempt_gallery\metrics\ef47dbbe76ca2fcce5.json
protein:1o7j.a__2zsk.a:a0.5|CPS-2F,23,protein,1o7j.a__2zsk.a,22,16,angstrom,output\paper_v1\coverage_extension\inputs\protein_1o7j.a__2zsk.a.npz,3ec5446d75ccd9c280f57f8b26a0d1cc98e8d224da5d5fa3a122540eb7aff2e1,CPS-2F,0.5,9.476499139682725,9.562652144987151,41.96523997114909,new,output\paper_v1\coverage_extension\slots\23\attempts\coverage23_53501d6800ad40f29d6023390210ffa3,validated,True,False,16.0,13.0,16.0,0.7272727272727273,0.8125,0.7631578947368421,1.8024426999909338,0.002578099985839799,10.211810599983437,12.689488999982132,223.8203125,10795.0,1512919.0,10795.0,10794.0,0.0,2.0,True,configuration_graph,True,validated,,39.21434715290972,True,2abde2206c664cd689e5b21ccf05b63a04ef5ffaebac7047f7ba35b0d752d708,False,55.0,800000 main,optimal_configuration_graph,worker_exited,,solution_return,validated,,,,,coverage_extension single observation,16.0,13.0,16.0,,,True,,,True,P11,output/paper_v1/coverage_extension/attempt_gallery/figures/020c938a23aa559ac00dd0.png,output/paper_v1/coverage_extension/attempt_gallery/figures/020c938a23aa559ac00dd0.pdf,output\paper_v1\coverage_extension\attempt_gallery\metrics\a8e38b791f2e358532.json
protein:1o7j.a__2zsk.a:a0.5|CPS-3F,24,protein,1o7j.a__2zsk.a,22,16,angstrom,output\paper_v1\coverage_extension\inputs\protein_1o7j.a__2zsk.a.npz,3ec5446d75ccd9c280f57f8b26a0d1cc98e8d224da5d5fa3a122540eb7aff2e1,CPS-3F,0.5,9.476499139682725,9.562652144987151,41.96523997114909,new,output\paper_v1\coverage_extension\slots\24\attempts\coverage24_d75f107610ba40c2b62cf918565a8972,validated,True,False,20.0,15.0,20.0,0.9090909090909091,0.9375,0.9210526315789473,0.03969550001784228,0.006233899999642745,7.512175300013041,8.275946200010367,195.37109375,389.0,1470.0,389.0,388.0,0.0,2.0,True,configuration_graph,True,validated,,39.21434715290972,True,bf4715727d5f0ed55f7bd33056d1a5a87ef9428aaf5f3cf54035945dd9d23478,False,55.0,800000 main; 2000000 preprocessing,optimal_configuration_graph,worker_exited,,solution_return,validated,,,,,coverage_extension single observation,20.0,15.0,20.0,,,True,,,True,P11,output/paper_v1/coverage_extension/attempt_gallery/figures/e0d157ace85ac98d95b35a.png,output/paper_v1/coverage_extension/attempt_gallery/figures/e0d157ace85ac98d95b35a.pdf,output\paper_v1\coverage_extension\attempt_gallery\metrics\b5ff6ed7f7736bffa6.json
protein:1o7j.a__1zq1.a:a0.5|Independent continuous,25,protein,1o7j.a__1zq1.a,22,29,angstrom,output\paper_v1\coverage_extension\inputs\protein_1o7j.a__1zq1.a.npz,abe5c9f23d524064337134c626eec6262dc0d76df4df10beebde2cb83a9c1b33,Independent continuous,0.5,9.476499139682725,10.188327180988399,61.13431499102384,new,output\paper_v1\coverage_extension\slots\25\attempts\coverage25_1a1925f405bb4047a6a2670861c40e3b,validated,True,False,16.0,22.0,22.0,0.7272727272727273,0.7586206896551724,0.7450980392156863,0.028084899997338653,0.007061000011162832,16.135010500001954,17.25422739997157,211.48828125,,,0.0,0.0,,0.0,False,independent_optimization,True,validated,,61.13431499102384,True,0653762aa7aa68ac14eadb47ab67d921bce7b7bab57be5fbd0b17a4db0a4741b,False,,N/A,optimal_independent_baseline,worker_exited,,solution_return,validated,,,,,coverage_extension single observation,16.0,22.0,22.0,,,True,,,True,P12,output/paper_v1/coverage_extension/attempt_gallery/figures/629d5804a7b8c40f54df72.png,output/paper_v1/coverage_extension/attempt_gallery/figures/629d5804a7b8c40f54df72.pdf,output\paper_v1\coverage_extension\attempt_gallery\metrics\c84f298648030a830a.json
protein:1o7j.a__1zq1.a:a0.5|Independent discrete,26,protein,1o7j.a__1zq1.a,22,29,angstrom,output\paper_v1\coverage_extension\inputs\protein_1o7j.a__1zq1.a.npz,abe5c9f23d524064337134c626eec6262dc0d76df4df10beebde2cb83a9c1b33,Independent discrete,0.5,9.476499139682725,10.188327180988399,61.13431499102384,new,output\paper_v1\coverage_extension\slots\26\attempts\coverage26_a307706a595c449f84beeaac5092d625,validated,True,False,20.0,24.0,24.0,0.9090909090909091,0.8275862068965517,0.8627450980392157,0.007535200013080612,0.004356399993412197,7.586721500003478,8.297316499985754,194.16796875,,,0.0,0.0,,0.0,False,independent_optimization,True,validated,,61.13431499102384,True,71627fc3fe5251b10ab6a46acd1a922c6ba4d89178311b8625277bf797b9de24,False,,2000000 default,optimal_independent_baseline,worker_exited,,solution_return,validated,,,,,coverage_extension single observation,20.0,24.0,24.0,,,True,,,True,P12,output/paper_v1/coverage_extension/attempt_gallery/figures/bf5df4b725bb142c826166.png,output/paper_v1/coverage_extension/attempt_gallery/figures/bf5df4b725bb142c826166.pdf,output\paper_v1\coverage_extension\attempt_gallery\metrics\7fa9f7b46c65256bf1.json
protein:1o7j.a__1zq1.a:a0.5|CPS-2F,27,protein,1o7j.a__1zq1.a,22,29,angstrom,output\paper_v1\coverage_extension\inputs\protein_1o7j.a__1zq1.a.npz,abe5c9f23d524064337134c626eec6262dc0d76df4df10beebde2cb83a9c1b33,CPS-2F,0.5,9.476499139682725,10.188327180988399,61.13431499102384,new,output\paper_v1\coverage_extension\slots\27\attempts\coverage27_cbb21cb995de4210aef66e964765c41a,validated,True,False,16.0,22.0,22.0,0.7272727272727273,0.7586206896551724,0.7450980392156863,7.331217999977525,0.006026799994288012,10.551974900008645,18.650404800020624,236.57421875,27689.0,5398861.0,27689.0,27688.0,0.0,2.0,True,configuration_graph,True,validated,,61.13431499102384,True,f0e5198fc616c3d49d376f70ae180498bade30f1b35d667c6fc40059d85f430b,False,55.0,800000 main,optimal_configuration_graph,worker_exited,,solution_return,validated,,,,,coverage_extension single observation,16.0,22.0,22.0,,,True,,,True,P12,output/paper_v1/coverage_extension/attempt_gallery/figures/56d60dceb069f162c244d5.png,output/paper_v1/coverage_extension/attempt_gallery/figures/56d60dceb069f162c244d5.pdf,output\paper_v1\coverage_extension\attempt_gallery\metrics\8391e6cbd4c96221b7.json
protein:1o7j.a__1zq1.a:a0.5|CPS-3F,28,protein,1o7j.a__1zq1.a,22,29,angstrom,output\paper_v1\coverage_extension\inputs\protein_1o7j.a__1zq1.a.npz,abe5c9f23d524064337134c626eec6262dc0d76df4df10beebde2cb83a9c1b33,CPS-3F,0.5,9.476499139682725,10.188327180988399,61.13431499102384,new,output\paper_v1\coverage_extension\slots\28\attempts\coverage28_6a4c4e4d17944c9aa27d9c60ad70176d,validated,True,False,20.0,24.0,24.0,0.9090909090909091,0.8275862068965517,0.8627450980392157,0.03397129999939352,0.0032147000019904226,6.5854841000109445,7.33985930000199,195.02734375,1039.0,5165.0,1039.0,1038.0,0.0,2.0,True,configuration_graph,True,validated,,61.13431499102384,True,3776858703d112de228e7fac0d2c125c445db41a069e4e0cb6d8a061f7f57a46,False,55.0,800000 main; 2000000 preprocessing,optimal_configuration_graph,worker_exited,,solution_return,validated,,,,,coverage_extension single observation,20.0,24.0,24.0,,,True,,,True,P12,output/paper_v1/coverage_extension/attempt_gallery/figures/46f71b64fc8a07fb648e5a.png,output/paper_v1/coverage_extension/attempt_gallery/figures/46f71b64fc8a07fb648e5a.pdf,output\paper_v1\coverage_extension\attempt_gallery\metrics\1c32a071c8964fc8cc.json
protein:1o7j.a__3jq0.a:a0.5|Independent continuous,29,protein,1o7j.a__3jq0.a,22,31,angstrom,,,Independent continuous,0.5,,,,blocked,,preparation_blocked,False,False,,,,,,,,,,,,,,,,,,,,,,,,,,,,,,,,,preparation_blocked,,,,,coverage_extension single observation,,,,,,False,Internal chain break(s); no existing uncropped whole-chain gap-handling policy. Existing preparation splits fragments; cropping/bridging not introduced.,,False,P13,,,
protein:1o7j.a__3jq0.a:a0.5|Independent discrete,30,protein,1o7j.a__3jq0.a,22,31,angstrom,,,Independent discrete,0.5,,,,blocked,,preparation_blocked,False,False,,,,,,,,,,,,,,,,,,,,,,,,,,,,,,,,,preparation_blocked,,,,,coverage_extension single observation,,,,,,False,Internal chain break(s); no existing uncropped whole-chain gap-handling policy. Existing preparation splits fragments; cropping/bridging not introduced.,,False,P13,,,
protein:1o7j.a__3jq0.a:a0.5|CPS-2F,31,protein,1o7j.a__3jq0.a,22,31,angstrom,,,CPS-2F,0.5,,,,blocked,,preparation_blocked,False,False,,,,,,,,,,,,,,,,,,,,,,,,,,,,,,,,,preparation_blocked,,,,,coverage_extension single observation,,,,,,False,Internal chain break(s); no existing uncropped whole-chain gap-handling policy. Existing preparation splits fragments; cropping/bridging not introduced.,,False,P13,,,
protein:1o7j.a__3jq0.a:a0.5|CPS-3F,32,protein,1o7j.a__3jq0.a,22,31,angstrom,,,CPS-3F,0.5,,,,blocked,,preparation_blocked,False,False,,,,,,,,,,,,,,,,,,,,,,,,,,,,,,,,,preparation_blocked,,,,,coverage_extension single observation,,,,,,False,Internal chain break(s); no existing uncropped whole-chain gap-handling policy. Existing preparation splits fragments; cropping/bridging not introduced.,,False,P13,,,
protein:1o7j.a__2fep.a:a0.5|Independent continuous,33,protein,1o7j.a__2fep.a,22,18,angstrom,output\paper_v1\coverage_extension\inputs\protein_1o7j.a__2fep.a.npz,d171f0ed7be03baa883be172bf5fe7cfd57fe2ffdce82b27f61f4033476c5648,Independent continuous,0.5,9.476499139682725,10.677660963985199,49.17725043249195,new,output\paper_v1\coverage_extension\slots\33\attempts\coverage33_3dd80575abde47569418e2ac247fc874,validated,True,False,16.0,13.0,16.0,0.7272727272727273,0.7222222222222222,0.725,0.009316999989096075,0.0020263000042177737,9.14162569999462,9.843066700006602,211.62890625,,,0.0,0.0,,0.0,False,independent_optimization,True,validated,,49.17725043249195,True,777a341735a684dd57881ffa39236114c987f2d4d44af2627a06545b32065643,False,,N/A,optimal_independent_baseline,worker_exited,,solution_return,validated,,,,,coverage_extension single observation,16.0,13.0,16.0,,,True,,,True,P14,output/paper_v1/coverage_extension/attempt_gallery/figures/b0e6c87f319a9a707e655c.png,output/paper_v1/coverage_extension/attempt_gallery/figures/b0e6c87f319a9a707e655c.pdf,output\paper_v1\coverage_extension\attempt_gallery\metrics\c90959331c93b243d7.json
protein:1o7j.a__2fep.a:a0.5|Independent discrete,34,protein,1o7j.a__2fep.a,22,18,angstrom,output\paper_v1\coverage_extension\inputs\protein_1o7j.a__2fep.a.npz,d171f0ed7be03baa883be172bf5fe7cfd57fe2ffdce82b27f61f4033476c5648,Independent discrete,0.5,9.476499139682725,10.677660963985199,49.17725043249195,new,output\paper_v1\coverage_extension\slots\34\attempts\coverage34_29798453940b45bfa82792925643d00e,validated,True,False,20.0,18.0,20.0,0.9090909090909091,1.0,0.95,0.005785999994259328,0.0024742000096011907,6.486762700020336,7.156134699995164,194.6328125,,,0.0,0.0,,0.0,False,independent_optimization,True,validated,,49.17725043249195,True,b819a03c88a1f1042efdf572b3abe3d1336921bd96401e31c2b3c1d5a24df14d,False,,2000000 default,optimal_independent_baseline,worker_exited,,solution_return,validated,,,,,coverage_extension single observation,20.0,18.0,20.0,,,True,,,True,P14,output/paper_v1/coverage_extension/attempt_gallery/figures/057e5fd5e08e331021490b.png,output/paper_v1/coverage_extension/attempt_gallery/figures/057e5fd5e08e331021490b.pdf,output\paper_v1\coverage_extension\attempt_gallery\metrics\48b5422b10012e04c4.json
protein:1o7j.a__2fep.a:a0.5|CPS-2F,35,protein,1o7j.a__2fep.a,22,18,angstrom,output\paper_v1\coverage_extension\inputs\protein_1o7j.a__2fep.a.npz,d171f0ed7be03baa883be172bf5fe7cfd57fe2ffdce82b27f61f4033476c5648,CPS-2F,0.5,9.476499139682725,10.677660963985199,49.17725043249195,new,output\paper_v1\coverage_extension\slots\35\attempts\coverage35_be5a003f7d1b4180b96e8af88864666d,validated,True,False,16.0,13.0,16.0,0.7272727272727273,0.7222222222222222,0.725,3.15379790001316,0.002582300017820671,9.85686609998811,13.67100840000785,228.60546875,14822.0,2542893.0,14822.0,14821.0,0.0,2.0,True,configuration_graph,True,validated,,49.17725043249195,True,dd7413a6b61bc7b2075633226a3ce7c3d9f229e7ae0521aa5ca3b46f16b8b858,False,55.0,800000 main,optimal_configuration_graph,worker_exited,,solution_return,validated,,,,,coverage_extension single observation,16.0,13.0,16.0,,,True,,,True,P14,output/paper_v1/coverage_extension/attempt_gallery/figures/57ab46db61046da29adde3.png,output/paper_v1/coverage_extension/attempt_gallery/figures/57ab46db61046da29adde3.pdf,output\paper_v1\coverage_extension\attempt_gallery\metrics\330d85eadfd6ed0bd0.json
protein:1o7j.a__2fep.a:a0.5|CPS-3F,36,protein,1o7j.a__2fep.a,22,18,angstrom,output\paper_v1\coverage_extension\inputs\protein_1o7j.a__2fep.a.npz,d171f0ed7be03baa883be172bf5fe7cfd57fe2ffdce82b27f61f4033476c5648,CPS-3F,0.5,9.476499139682725,10.677660963985199,49.17725043249195,new,output\paper_v1\coverage_extension\slots\36\attempts\coverage36_d4c553cd3aee4672aa7eef1f70c1d476,validated,True,False,20.0,18.0,20.0,0.9090909090909091,1.0,0.95,0.049627200001850724,0.004825300013180822,21.673210300010396,22.970989099994767,195.54296875,440.0,1568.0,440.0,439.0,0.0,2.0,True,configuration_graph,True,validated,,49.17725043249195,True,bd00481f187d1671f6f1561c439d9a9eda5f788052038ed093f6e5aebfe87980,False,55.0,800000 main; 2000000 preprocessing,optimal_configuration_graph,worker_exited,,solution_return,validated,,,,,coverage_extension single observation,20.0,18.0,20.0,,,True,,,True,P14,output/paper_v1/coverage_extension/attempt_gallery/figures/dd9feb0c95a0e9fa9cb940.png,output/paper_v1/coverage_extension/attempt_gallery/figures/dd9feb0c95a0e9fa9cb940.pdf,output\paper_v1\coverage_extension\attempt_gallery\metrics\705420f6fe72363c4e.json
hurricane:AL182011__AL061926:a0.5|Independent continuous,37,hurricane,AL182011__AL061926,31,27,projected km,output\paper_v1\coverage_extension\inputs\hurricane_AL182011__AL061926.npz,ba58f2c03df52031d3334018fbe8e621d469f60aa4cbe71d7b712273476973cc,Independent continuous,0.5,27.787027255881302,35.39001301287973,785.7446885238548,new,output\paper_v1\coverage_extension\slots\37\attempts\coverage37_e8c06401f75e4c8696c1b66264d53a0e,validated,True,False,8.0,7.0,8.0,0.25806451612903225,0.25925925925925924,0.25862068965517243,0.09191970000392757,0.002979199984110892,13.963130699994508,15.125666100007948,211.53125,,,0.0,0.0,,0.0,False,independent_optimization,True,validated,,769.4407441318986,True,9c8bbba9af42e24493463bf08bf5fdc59f3870271bb8799ea597aefb7e07e48e,False,,N/A,optimal_independent_baseline,worker_exited,,solution_return,validated,,,,,coverage_extension single observation,8.0,7.0,8.0,,,True,,,True,H6,output/paper_v1/coverage_extension/attempt_gallery/figures/d7286177988d2023d1c324.png,output/paper_v1/coverage_extension/attempt_gallery/figures/d7286177988d2023d1c324.pdf,output\paper_v1\coverage_extension\attempt_gallery\metrics\9c62b7e9ec4cc53ef2.json
hurricane:AL182011__AL061926:a0.5|Independent discrete,38,hurricane,AL182011__AL061926,31,27,projected km,output\paper_v1\coverage_extension\inputs\hurricane_AL182011__AL061926.npz,ba58f2c03df52031d3334018fbe8e621d469f60aa4cbe71d7b712273476973cc,Independent discrete,0.5,27.787027255881302,35.39001301287973,785.7446885238548,new,output\paper_v1\coverage_extension\slots\38\attempts\coverage38_868a5ccfc0364d0da4167d131a116041,validated,True,False,29.0,26.0,29.0,0.9354838709677419,0.9629629629629629,0.9482758620689655,0.0058874000096693635,0.005143799993675202,6.828600400011055,7.500104700011434,193.9375,,,0.0,0.0,,0.0,False,independent_optimization,True,validated,,785.7446885238548,True,952026d9c1ad52cf5b0502ca9addbfafda76c6a72a920b329988d67d73991e64,False,,2000000 default,optimal_independent_baseline,worker_exited,,solution_return,validated,,,,,coverage_extension single observation,29.0,26.0,29.0,,,True,,,True,H6,output/paper_v1/coverage_extension/attempt_gallery/figures/d4a93d23a7264418b73d81.png,output/paper_v1/coverage_extension/attempt_gallery/figures/d4a93d23a7264418b73d81.pdf,output\paper_v1\coverage_extension\attempt_gallery\metrics\6f4cd56cb9b0653f4d.json
hurricane:AL182011__AL061926:a0.5|CPS-2F,39,hurricane,AL182011__AL061926,31,27,projected km,output\paper_v1\coverage_extension\inputs\hurricane_AL182011__AL061926.npz,ba58f2c03df52031d3334018fbe8e621d469f60aa4cbe71d7b712273476973cc,CPS-2F,0.5,27.787027255881302,35.39001301287973,785.7446885238548,new,output\paper_v1\coverage_extension\slots\39\attempts\coverage39_d0000f0707ba4c0fa5783226237f953b,validated,True,False,8.0,7.0,8.0,0.25806451612903225,0.25925925925925924,0.25862068965517243,8.157638600008795,0.0014847000129520893,10.14489749999484,18.943114299996523,239.0703125,9162.0,3970390.0,9162.0,9161.0,0.0,2.0,True,configuration_graph,True,validated,,769.4407441318986,True,208f44ccefd9781b743309fe66b7f3213da70befe7000eab5a0ac2aca6d16021,False,55.0,800000 main,optimal_configuration_graph,worker_exited,,solution_return,validated,,,,,coverage_extension single observation,8.0,7.0,8.0,,,True,,,True,H6,output/paper_v1/coverage_extension/attempt_gallery/figures/61c11140210fc3f09dd646.png,output/paper_v1/coverage_extension/attempt_gallery/figures/61c11140210fc3f09dd646.pdf,output\paper_v1\coverage_extension\attempt_gallery\metrics\ceb66d76c9187c3763.json
hurricane:AL182011__AL061926:a0.5|CPS-3F,40,hurricane,AL182011__AL061926,31,27,projected km,output\paper_v1\coverage_extension\inputs\hurricane_AL182011__AL061926.npz,ba58f2c03df52031d3334018fbe8e621d469f60aa4cbe71d7b712273476973cc,CPS-3F,0.5,27.787027255881302,35.39001301287973,785.7446885238548,new,output\paper_v1\coverage_extension\slots\40\attempts\coverage40_fdf11ff49a2d482f9e9f066277b907a8,validated,True,False,29.0,26.0,29.0,0.9354838709677419,0.9629629629629629,0.9482758620689655,0.04284249999909662,0.005152300000190735,7.444120599975577,8.20147260001977,194.60546875,665.0,2867.0,665.0,664.0,0.0,2.0,True,configuration_graph,True,validated,,785.7446885238548,True,e766630ee629d63ac0c72d46b98058c9fd99136e6d78417abb689c1feb8e8632,False,55.0,800000 main; 2000000 preprocessing,optimal_configuration_graph,worker_exited,,solution_return,validated,,,,,coverage_extension single observation,29.0,26.0,29.0,,,True,,,True,H6,output/paper_v1/coverage_extension/attempt_gallery/figures/fd4770a186eb53e3d10b2d.png,output/paper_v1/coverage_extension/attempt_gallery/figures/fd4770a186eb53e3d10b2d.pdf,output\paper_v1\coverage_extension\attempt_gallery\metrics\57e3c78946f21fa1c5.json
hurricane:EP141997__EP092000:a0.5|Independent continuous,41,hurricane,EP141997__EP092000,34,25,projected km,output\paper_v1\coverage_extension\inputs\hurricane_EP141997__EP092000.npz,ecaedec88bea9b8978999fa4f7e9d2ed13fd72d095668c5b24c2734ed0f2238b,Independent continuous,0.5,43.076835452765,44.81264868423187,470.2295889817335,new,output\paper_v1\coverage_extension\slots\41\attempts\coverage41_c930292e7a4e4d4cb6db2b11e3b15108,validated,True,False,4.0,4.0,4.0,0.11764705882352941,0.16,0.13559322033898305,0.016485500003909692,0.0009550999966450036,9.189198000007309,9.914143899979535,211.6484375,,,0.0,0.0,,0.0,False,independent_optimization,True,validated,,801.056279479944,False,e6bfc9fd91d1d0cbfe25be6f9a69709c8531702e2f051301db9bf1916fff35f8,False,,N/A,optimal_independent_baseline,worker_exited,,solution_return,validated,,,,,coverage_extension single observation,4.0,4.0,4.0,,,True,,,True,H7,output/paper_v1/coverage_extension/attempt_gallery/figures/84a25002fc0fe7104eb9ad.png,output/paper_v1/coverage_extension/attempt_gallery/figures/84a25002fc0fe7104eb9ad.pdf,output\paper_v1\coverage_extension\attempt_gallery\metrics\e3c8c7c55b6ef78530.json
hurricane:EP141997__EP092000:a0.5|Independent discrete,42,hurricane,EP141997__EP092000,34,25,projected km,output\paper_v1\coverage_extension\inputs\hurricane_EP141997__EP092000.npz,ecaedec88bea9b8978999fa4f7e9d2ed13fd72d095668c5b24c2734ed0f2238b,Independent discrete,0.5,43.076835452765,44.81264868423187,470.2295889817335,new,output\paper_v1\coverage_extension\slots\42\attempts\coverage42_8d733121dc674d369fd707ab80d2e2d2,validated,True,False,32.0,24.0,32.0,0.9411764705882353,0.96,0.9491525423728814,0.017888000002130866,0.01904179999837652,17.88357500001439,18.903300100006163,193.7421875,,,0.0,0.0,,0.0,False,independent_optimization,True,validated,,470.2295889817335,True,e64c6f97c9149a233f7588e232abd7322a0bfb8741c1bb4446f14fc88fc19213,False,,2000000 default,optimal_independent_baseline,worker_exited,,solution_return,validated,,,,,coverage_extension single observation,32.0,24.0,32.0,,,True,,,True,H7,output/paper_v1/coverage_extension/attempt_gallery/figures/f182b1011a61212de10207.png,output/paper_v1/coverage_extension/attempt_gallery/figures/f182b1011a61212de10207.pdf,output\paper_v1\coverage_extension\attempt_gallery\metrics\69dd2b0335d350296c.json
hurricane:EP141997__EP092000:a0.5|CPS-2F,43,hurricane,EP141997__EP092000,34,25,projected km,output\paper_v1\coverage_extension\inputs\hurricane_EP141997__EP092000.npz,ecaedec88bea9b8978999fa4f7e9d2ed13fd72d095668c5b24c2734ed0f2238b,CPS-2F,0.5,43.076835452765,44.81264868423187,470.2295889817335,new,output\paper_v1\coverage_extension\slots\43\attempts\coverage43_8541b5d5d53f44b4949584f38e7422e3,validated,True,False,4.0,5.0,5.0,0.11764705882352941,0.2,0.15254237288135594,4.959666499984451,0.000990099972113967,10.218833800026914,15.861175199999707,227.921875,3417.0,1876981.0,3417.0,3416.0,0.0,2.0,True,configuration_graph,True,validated,,470.2295889817335,True,d9a76bdb32f3ca35eb5df9bef63e8bcd1cd61bacacd30bec65036df1d67a9737,False,55.0,800000 main,optimal_configuration_graph,worker_exited,,solution_return,validated,,,,,coverage_extension single observation,4.0,5.0,5.0,,,True,,,True,H7,output/paper_v1/coverage_extension/attempt_gallery/figures/4794bb1706ec515c58df7a.png,output/paper_v1/coverage_extension/attempt_gallery/figures/4794bb1706ec515c58df7a.pdf,output\paper_v1\coverage_extension\attempt_gallery\metrics\4956a93891797e769c.json
hurricane:EP141997__EP092000:a0.5|CPS-3F,44,hurricane,EP141997__EP092000,34,25,projected km,output\paper_v1\coverage_extension\inputs\hurricane_EP141997__EP092000.npz,ecaedec88bea9b8978999fa4f7e9d2ed13fd72d095668c5b24c2734ed0f2238b,CPS-3F,0.5,43.076835452765,44.81264868423187,470.2295889817335,new,output\paper_v1\coverage_extension\slots\44\attempts\coverage44_0c3d4777937a42ce9ef5c3dd1a5a157b,validated,True,False,32.0,24.0,32.0,0.9411764705882353,0.96,0.9491525423728814,0.032357499992940575,0.005928400001721457,6.476697800011607,7.2280506000097375,195.0390625,281.0,973.0,281.0,280.0,0.0,2.0,True,configuration_graph,True,validated,,470.2295889817335,True,97fa2abb9dccd509818e10eb74fd64384f9ce6bcf5288bb5ba0d42457c4a3e03,False,55.0,800000 main; 2000000 preprocessing,optimal_configuration_graph,worker_exited,,solution_return,validated,,,,,coverage_extension single observation,32.0,24.0,32.0,,,True,,,True,H7,output/paper_v1/coverage_extension/attempt_gallery/figures/10b8090eacc4d9c1308df8.png,output/paper_v1/coverage_extension/attempt_gallery/figures/10b8090eacc4d9c1308df8.pdf,output\paper_v1\coverage_extension\attempt_gallery\metrics\92e5ef6787ff755504.json
hurricane:EP211990__EP152008:a0.5|Independent continuous,45,hurricane,EP211990__EP152008,26,38,projected km,output\paper_v1\coverage_extension\inputs\hurricane_EP211990__EP152008.npz,65bdc8d3eea9992d1beaddb2846878c75be0c05b7809a08882c9e55aeab693ca,Independent continuous,0.5,63.886345409849554,41.28332633730357,234.85273869420817,new,output\paper_v1\coverage_extension\slots\45\attempts\coverage45_612251e69fa84657ad3c751919119474,validated,True,False,6.0,8.0,8.0,0.23076923076923078,0.21052631578947367,0.21875,0.02149810001719743,0.0023508000012952834,9.119522699998925,9.876459399994928,211.5234375,,,0.0,0.0,,0.0,False,independent_optimization,True,validated,,549.3953735112812,False,16d59b955dc45134345fab155230af9dc5db0fd20ba7935f664d667fd1c8ba31,False,,N/A,optimal_independent_baseline,worker_exited,,solution_return,validated,,,,,coverage_extension single observation,6.0,8.0,8.0,,,True,,,True,H8,output/paper_v1/coverage_extension/attempt_gallery/figures/b71687d5cd56207d87d9bd.png,output/paper_v1/coverage_extension/attempt_gallery/figures/b71687d5cd56207d87d9bd.pdf,output\paper_v1\coverage_extension\attempt_gallery\metrics\3005d7bf363a88c8db.json
hurricane:EP211990__EP152008:a0.5|Independent discrete,46,hurricane,EP211990__EP152008,26,38,projected km,output\paper_v1\coverage_extension\inputs\hurricane_EP211990__EP152008.npz,65bdc8d3eea9992d1beaddb2846878c75be0c05b7809a08882c9e55aeab693ca,Independent discrete,0.5,63.886345409849554,41.28332633730357,234.85273869420817,new,output\paper_v1\coverage_extension\slots\46\attempts\coverage46_60cd8286ba1a48e696eff4c9ede95c08,validated,True,False,22.0,35.0,35.0,0.8461538461538461,0.9210526315789473,0.890625,0.0067115999991074204,0.0054361000075004995,6.5398023999878205,7.221203399996739,194.3828125,,,0.0,0.0,,0.0,False,independent_optimization,True,validated,,234.85273869420817,True,c2692a4f702c7b4e6aab6a1ff0384e60845d075251da1adf025977e9bd1af5d8,False,,2000000 default,optimal_independent_baseline,worker_exited,,solution_return,validated,,,,,coverage_extension single observation,22.0,35.0,35.0,,,True,,,True,H8,output/paper_v1/coverage_extension/attempt_gallery/figures/19cfbeb627209fc1d5edb8.png,output/paper_v1/coverage_extension/attempt_gallery/figures/19cfbeb627209fc1d5edb8.pdf,output\paper_v1\coverage_extension\attempt_gallery\metrics\a088f60f366453b0a3.json
hurricane:EP211990__EP152008:a0.5|CPS-2F,47,hurricane,EP211990__EP152008,26,38,projected km,output\paper_v1\coverage_extension\inputs\hurricane_EP211990__EP152008.npz,65bdc8d3eea9992d1beaddb2846878c75be0c05b7809a08882c9e55aeab693ca,CPS-2F,0.5,63.886345409849554,41.28332633730357,234.85273869420817,new,output\paper_v1\coverage_extension\slots\47\attempts\coverage47_30c8adcf99e14ab09a9650bae3cbb95b,validated,True,False,6.0,8.0,8.0,0.23076923076923078,0.21052631578947367,0.21875,1.8373307999863755,0.001568000006955117,10.402748699998483,12.929803699982585,221.2109375,2749.0,955852.0,2749.0,2748.0,0.0,2.0,True,configuration_graph,True,validated,,231.1327563959725,True,4dfbd96bb8e296ea81803f1ea5da28d6eb3f18e92d0bb6242b6d5f847030ab7c,False,55.0,800000 main,optimal_configuration_graph,worker_exited,,solution_return,validated,,,,,coverage_extension single observation,6.0,8.0,8.0,,,True,,,True,H8,output/paper_v1/coverage_extension/attempt_gallery/figures/0199c30acce1758b272cae.png,output/paper_v1/coverage_extension/attempt_gallery/figures/0199c30acce1758b272cae.pdf,output\paper_v1\coverage_extension\attempt_gallery\metrics\c3b0b6642d5df1efde.json
hurricane:EP211990__EP152008:a0.5|CPS-3F,48,hurricane,EP211990__EP152008,26,38,projected km,output\paper_v1\coverage_extension\inputs\hurricane_EP211990__EP152008.npz,65bdc8d3eea9992d1beaddb2846878c75be0c05b7809a08882c9e55aeab693ca,CPS-3F,0.5,63.886345409849554,41.28332633730357,234.85273869420817,new,output\paper_v1\coverage_extension\slots\48\attempts\coverage48_362b69f475c64b18bc40230adac5213f,validated,True,False,22.0,35.0,35.0,0.8461538461538461,0.9210526315789473,0.890625,0.0974729000008665,0.022346699988702312,13.153731099999277,14.334017800021684,194.4453125,202.0,978.0,202.0,201.0,0.0,2.0,True,configuration_graph,True,validated,,234.85273869420817,True,0b41d489dd35e46b238b2d88fb91f86cb47133aedb68a9b90745ba917f38b900,False,55.0,800000 main; 2000000 preprocessing,optimal_configuration_graph,worker_exited,,solution_return,validated,,,,,coverage_extension single observation,22.0,35.0,35.0,,,True,,,True,H8,output/paper_v1/coverage_extension/attempt_gallery/figures/d8bcc2afab58d2694257a7.png,output/paper_v1/coverage_extension/attempt_gallery/figures/d8bcc2afab58d2694257a7.pdf,output\paper_v1\coverage_extension\attempt_gallery\metrics\f3de483cfcca22539b.json
hurricane:EP041981__EP211992:a0.5|Independent continuous,49,hurricane,EP041981__EP211992,25,40,projected km,output\paper_v1\coverage_extension\inputs\hurricane_EP041981__EP211992.npz,1559555895c7c428ab5c79bae86f9aecd02e4ff060cbfdfb2ca311471c4213b6,Independent continuous,0.5,53.137211686550096,34.27687825539067,779.3533485826824,new,output\paper_v1\coverage_extension\slots\49\attempts\coverage49_755aebfa9e9a4261add3f85b1bfc1ba0,validated,True,False,2.0,8.0,8.0,0.08,0.2,0.15384615384615385,0.023048900009598583,0.0009288000001106411,8.786689200002002,9.522600199998124,210.89453125,,,0.0,0.0,,0.0,False,independent_optimization,True,validated,,1387.9112499981006,False,484dd9dd2c8ea22b0fc0be26bd5ac8b3ec4971cbf78d475c1bc79b4bdea516e6,False,,N/A,optimal_independent_baseline,worker_exited,,solution_return,validated,,,,,coverage_extension single observation,2.0,8.0,8.0,,,True,,,True,H9,output/paper_v1/coverage_extension/attempt_gallery/figures/aba67a9f12875ea7178c30.png,output/paper_v1/coverage_extension/attempt_gallery/figures/aba67a9f12875ea7178c30.pdf,output\paper_v1\coverage_extension\attempt_gallery\metrics\f7c9697492b5724895.json
hurricane:EP041981__EP211992:a0.5|Independent discrete,50,hurricane,EP041981__EP211992,25,40,projected km,output\paper_v1\coverage_extension\inputs\hurricane_EP041981__EP211992.npz,1559555895c7c428ab5c79bae86f9aecd02e4ff060cbfdfb2ca311471c4213b6,Independent discrete,0.5,53.137211686550096,34.27687825539067,779.3533485826824,new,output\paper_v1\coverage_extension\slots\50\attempts\coverage50_bcd6691cbb2646cbb129b441ac02fd50,validated,True,False,25.0,40.0,40.0,1.0,1.0,1.0,0.009221899992553517,0.005925800011027604,6.398968900000909,7.060771399992518,194.51953125,,,0.0,0.0,,0.0,False,independent_optimization,True,validated,,779.3533485826824,True,90c475be8a6383a15f011b11b10d8efa47de23b10448c8ce5ed1bc6f4d79f515,False,,2000000 default,optimal_independent_baseline,worker_exited,,solution_return,validated,,,,,coverage_extension single observation,25.0,40.0,40.0,,,True,,,True,H9,output/paper_v1/coverage_extension/attempt_gallery/figures/c9f2b01535ded21001b39b.png,output/paper_v1/coverage_extension/attempt_gallery/figures/c9f2b01535ded21001b39b.pdf,output\paper_v1\coverage_extension\attempt_gallery\metrics\b4660612a1025cef38.json
hurricane:EP041981__EP211992:a0.5|CPS-2F,51,hurricane,EP041981__EP211992,25,40,projected km,output\paper_v1\coverage_extension\inputs\hurricane_EP041981__EP211992.npz,1559555895c7c428ab5c79bae86f9aecd02e4ff060cbfdfb2ca311471c4213b6,CPS-2F,0.5,53.137211686550096,34.27687825539067,779.3533485826824,new,output\paper_v1\coverage_extension\slots\51\attempts\coverage51_2c8472d7d1364a8f98e47021d71f6cae,validated,True,False,4.0,8.0,8.0,0.16,0.2,0.18461538461538463,6.868356899998616,0.0031356000108644366,9.7045466999989,17.715140099986456,226.52734375,3810.0,1472665.0,3810.0,3809.0,0.0,2.0,True,configuration_graph,True,validated,,766.5109812698706,True,504554e05324840332c58c894372d19e63e56f036a9e241e5df7c3643483fc20,False,55.0,800000 main,optimal_configuration_graph,worker_exited,,solution_return,validated,,,,,coverage_extension single observation,4.0,8.0,8.0,,,True,,,True,H9,output/paper_v1/coverage_extension/attempt_gallery/figures/8a28c12a80023dfbefd040.png,output/paper_v1/coverage_extension/attempt_gallery/figures/8a28c12a80023dfbefd040.pdf,output\paper_v1\coverage_extension\attempt_gallery\metrics\c9007432084fad39f2.json
hurricane:EP041981__EP211992:a0.5|CPS-3F,52,hurricane,EP041981__EP211992,25,40,projected km,output\paper_v1\coverage_extension\inputs\hurricane_EP041981__EP211992.npz,1559555895c7c428ab5c79bae86f9aecd02e4ff060cbfdfb2ca311471c4213b6,CPS-3F,0.5,53.137211686550096,34.27687825539067,779.3533485826824,new,output\paper_v1\coverage_extension\slots\52\attempts\coverage52_7629beed627b42709681a8a5ffb84a23,validated,True,False,25.0,40.0,40.0,1.0,1.0,1.0,0.0351121999847237,0.007437499996740371,7.835610799986171,8.535582600015914,194.80078125,260.0,679.0,260.0,259.0,0.0,2.0,True,configuration_graph,True,validated,,779.3533485826824,True,aa703d474a275245c6b5c1f193498936c953ca4e52b801b076eb455c5d6c8733,False,55.0,800000 main; 2000000 preprocessing,optimal_configuration_graph,worker_exited,,solution_return,validated,,,,,coverage_extension single observation,25.0,40.0,40.0,,,True,,,True,H9,output/paper_v1/coverage_extension/attempt_gallery/figures/b88d52134a722eb5fd5c2e.png,output/paper_v1/coverage_extension/attempt_gallery/figures/b88d52134a722eb5fd5c2e.pdf,output\paper_v1\coverage_extension\attempt_gallery\metrics\a6d49be926e71d08d5.json
hurricane:AL181887__AL091888:a0.5|Independent continuous,53,hurricane,AL181887__AL091888,26,64,projected km,output\paper_v1\coverage_extension\inputs\hurricane_AL181887__AL091888.npz,6d9b056dfe76b1e50c23bc5a0d5b4f256ed31bcbd8dab24f41a890c4fb482890,Independent continuous,0.5,101.79610036143889,51.670295507735965,1460.4827080122416,new,output\paper_v1\coverage_extension\slots\53\attempts\coverage53_9ef2670886bc41428191e14a2da3ecaf,validated,True,False,6.0,8.0,8.0,0.23076923076923078,0.125,0.15555555555555556,0.07046170000103302,0.0015286999987438321,15.244152900006156,16.69861089999904,211.67578125,,,0.0,0.0,,0.0,False,independent_optimization,True,validated,,1471.20960060177,False,34387561346613ab0579c76b801322e5702c1494b7b25a0c8329f88a235b294d,False,,N/A,optimal_independent_baseline,worker_exited,,solution_return,validated,,,,,coverage_extension single observation,6.0,8.0,8.0,,,True,,,True,H10,output/paper_v1/coverage_extension/attempt_gallery/figures/d2ca513cdf1fb5d918c260.png,output/paper_v1/coverage_extension/attempt_gallery/figures/d2ca513cdf1fb5d918c260.pdf,output\paper_v1\coverage_extension\attempt_gallery\metrics\3893477b8cc5fdbe9f.json
hurricane:AL181887__AL091888:a0.5|Independent discrete,54,hurricane,AL181887__AL091888,26,64,projected km,output\paper_v1\coverage_extension\inputs\hurricane_AL181887__AL091888.npz,6d9b056dfe76b1e50c23bc5a0d5b4f256ed31bcbd8dab24f41a890c4fb482890,Independent discrete,0.5,101.79610036143889,51.670295507735965,1460.4827080122416,new,output\paper_v1\coverage_extension\slots\54\attempts\coverage54_5223631fbf504f0abb780d0594d0998e,validated,True,False,26.0,62.0,62.0,1.0,0.96875,0.9777777777777777,0.011327899992465973,0.010406399989733472,7.046321000001626,7.833060499979183,194.19140625,,,0.0,0.0,,0.0,False,independent_optimization,True,validated,,1460.4827080122416,True,c5b08bb91818edad11034f2fa7c20bf82f00081322857fca5270c2928fb46199,False,,2000000 default,optimal_independent_baseline,worker_exited,,solution_return,validated,,,,,coverage_extension single observation,26.0,62.0,62.0,,,True,,,True,H10,output/paper_v1/coverage_extension/attempt_gallery/figures/f16c8e9179a594b7cd7190.png,output/paper_v1/coverage_extension/attempt_gallery/figures/f16c8e9179a594b7cd7190.pdf,output\paper_v1\coverage_extension\attempt_gallery\metrics\0f525bcb9017296a3b.json
hurricane:AL181887__AL091888:a0.5|CPS-2F,55,hurricane,AL181887__AL091888,26,64,projected km,output\paper_v1\coverage_extension\inputs\hurricane_AL181887__AL091888.npz,6d9b056dfe76b1e50c23bc5a0d5b4f256ed31bcbd8dab24f41a890c4fb482890,CPS-2F,0.5,101.79610036143889,51.670295507735965,1460.4827080122416,new,output\paper_v1\coverage_extension\slots\55\attempts\coverage55_36facae9ae4c474291ca5ad092b5f61a,validated,True,False,7.0,8.0,8.0,0.2692307692307692,0.125,0.16666666666666666,9.457361100008711,0.0015585999935865402,10.097546700009843,20.242848800000502,229.21484375,8659.0,5753071.0,8659.0,8658.0,0.0,2.0,True,configuration_graph,True,validated,,1455.526626161246,True,94d76abd2f2b51572ad7d3a2fb2d786c60d95614ade5a56cd89a7414de81b0b6,False,55.0,800000 main,optimal_configuration_graph,worker_exited,,solution_return,validated,,,,,coverage_extension single observation,7.0,8.0,8.0,,,True,,,True,H10,output/paper_v1/coverage_extension/attempt_gallery/figures/8b7736980c3cb87698cd6a.png,output/paper_v1/coverage_extension/attempt_gallery/figures/8b7736980c3cb87698cd6a.pdf,output\paper_v1\coverage_extension\attempt_gallery\metrics\265e27a6721c83bccb.json
hurricane:AL181887__AL091888:a0.5|CPS-3F,56,hurricane,AL181887__AL091888,26,64,projected km,output\paper_v1\coverage_extension\inputs\hurricane_AL181887__AL091888.npz,6d9b056dfe76b1e50c23bc5a0d5b4f256ed31bcbd8dab24f41a890c4fb482890,CPS-3F,0.5,101.79610036143889,51.670295507735965,1460.4827080122416,new,output\paper_v1\coverage_extension\slots\56\attempts\coverage56_bae8233866794268a95ea28a702e30c7,validated,True,False,26.0,62.0,62.0,1.0,0.96875,0.9777777777777777,0.05926259999978356,0.010468699998455122,6.708297700010007,7.52122630001395,194.6875,508.0,1417.0,508.0,507.0,0.0,2.0,True,configuration_graph,True,validated,,1460.4827080122416,True,529f5ca2df5a01ee77e5a3f3370f58d8355ecc48245653614e76f0023efda43e,False,55.0,800000 main; 2000000 preprocessing,optimal_configuration_graph,worker_exited,,solution_return,validated,,,,,coverage_extension single observation,26.0,62.0,62.0,,,True,,,True,H10,output/paper_v1/coverage_extension/attempt_gallery/figures/ea1d6470cbf8b1136705dc.png,output/paper_v1/coverage_extension/attempt_gallery/figures/ea1d6470cbf8b1136705dc.pdf,output\paper_v1\coverage_extension\attempt_gallery\metrics\04590d5a569483af89.json
hurricane:EP172000__EP061970:a0.5|Independent continuous,1,hurricane,EP172000__EP061970,32,29,projected km,output\paper_v1\hurricane_extension_3\inputs\hurricane_EP172000__EP061970.npz,9a55ed4d5f95138585093d7885e7fac6f17d8a995acab45aafa8c6f86cd455b4,Independent continuous,0.5,29.976738711059376,28.460236474616455,494.48158570658615,new,output\paper_v1\hurricane_extension_3\slots\01\attempts\hurricane3_01_c0e4722942de4edcaa11266316805ef1,validated,True,False,5.0,5.0,5.0,0.15625,0.1724137931034483,0.16393442622950818,0.0162576999864541,0.0009518999722786248,8.593053599994164,9.257552499999292,211.73828125,,,0.0,0.0,,0.0,False,independent_optimization,True,validated,,494.48158570658615,True,ecb0aa83d5c0a4120c837191b2f5dae767413c1885f6ae11d8714e198cbff968,False,,N/A,optimal_independent_baseline,worker_exited,,solution_return,validated,,,,,three-hurricane extension single observation,5.0,5.0,5.0,,,True,,,True,H11,output/paper_v1/coverage_extension/attempt_gallery/figures/ae67bd42c8cf6c1a0044d8.png,output/paper_v1/coverage_extension/attempt_gallery/figures/ae67bd42c8cf6c1a0044d8.pdf,output\paper_v1\coverage_extension\attempt_gallery\metrics\fe4c4dfb2982564a96.json
hurricane:EP172000__EP061970:a0.5|Independent discrete,2,hurricane,EP172000__EP061970,32,29,projected km,output\paper_v1\hurricane_extension_3\inputs\hurricane_EP172000__EP061970.npz,9a55ed4d5f95138585093d7885e7fac6f17d8a995acab45aafa8c6f86cd455b4,Independent discrete,0.5,29.976738711059376,28.460236474616455,494.48158570658615,new,output\paper_v1\hurricane_extension_3\slots\02\attempts\hurricane3_02_9fdee82a0e704fe7b40313cbe3c2fff4,validated,True,False,30.0,25.0,30.0,0.9375,0.8620689655172413,0.9016393442622951,0.006335199985187501,0.005236400000285357,7.287569000007352,8.011975500005065,194.421875,,,0.0,0.0,,0.0,False,independent_optimization,True,validated,,494.48158570658615,True,17553383e9283a783ef8a0cf7cc23b357f23ed39653568631f4bce3c6e657ec5,False,,2000000 default,optimal_independent_baseline,worker_exited,,solution_return,validated,,,,,three-hurricane extension single observation,30.0,25.0,30.0,,,True,,,True,H11,output/paper_v1/coverage_extension/attempt_gallery/figures/c46aad2cf8a6ece638515a.png,output/paper_v1/coverage_extension/attempt_gallery/figures/c46aad2cf8a6ece638515a.pdf,output\paper_v1\coverage_extension\attempt_gallery\metrics\fb5cbe0b53efbaf90d.json
hurricane:EP172000__EP061970:a0.5|CPS-2F,3,hurricane,EP172000__EP061970,32,29,projected km,output\paper_v1\hurricane_extension_3\inputs\hurricane_EP172000__EP061970.npz,9a55ed4d5f95138585093d7885e7fac6f17d8a995acab45aafa8c6f86cd455b4,CPS-2F,0.5,29.976738711059376,28.460236474616455,494.48158570658615,new,output\paper_v1\hurricane_extension_3\slots\03\attempts\hurricane3_03_b45df61f7c364569b48f895a3c451579,validated,True,False,5.0,5.0,5.0,0.15625,0.1724137931034483,0.16393442622950818,16.234476999990875,0.0024228999973274767,20.588111100019887,37.889891500002705,235.83984375,4069.0,2176448.0,4069.0,4068.0,0.0,2.0,True,configuration_graph,True,validated,,494.48158570658615,True,712648ad88e0a477f93637153afcced975055ee2aa7d6684202900c3120baeb7,False,55.0,800000 main,optimal_configuration_graph,worker_exited,,solution_return,validated,,,,,three-hurricane extension single observation,5.0,5.0,5.0,,,True,,,True,H11,output/paper_v1/coverage_extension/attempt_gallery/figures/e033eb0ae2a8fabbe701bc.png,output/paper_v1/coverage_extension/attempt_gallery/figures/e033eb0ae2a8fabbe701bc.pdf,output\paper_v1\coverage_extension\attempt_gallery\metrics\16137750b71665cd24.json
hurricane:EP172000__EP061970:a0.5|CPS-3F,4,hurricane,EP172000__EP061970,32,29,projected km,output\paper_v1\hurricane_extension_3\inputs\hurricane_EP172000__EP061970.npz,9a55ed4d5f95138585093d7885e7fac6f17d8a995acab45aafa8c6f86cd455b4,CPS-3F,0.5,29.976738711059376,28.460236474616455,494.48158570658615,new,output\paper_v1\hurricane_extension_3\slots\04\attempts\hurricane3_04_ef3ef5b482a148d1861bbc99a0efbb34,validated,True,False,30.0,25.0,30.0,0.9375,0.8620689655172413,0.9016393442622951,0.07123020000290126,0.007352900021942332,15.534938700002385,16.85449840000365,195.203125,350.0,1250.0,350.0,349.0,0.0,2.0,True,configuration_graph,True,validated,,494.48158570658615,True,f0648f6c44c69b63de0d0737172eea5764cb78e07bea3d6167cd8b20c377dd04,False,55.0,800000 main; 2000000 preprocessing,optimal_configuration_graph,worker_exited,,solution_return,validated,,,,,three-hurricane extension single observation,30.0,25.0,30.0,,,True,,,True,H11,output/paper_v1/coverage_extension/attempt_gallery/figures/fb5f9103db5c3fb4299889.png,output/paper_v1/coverage_extension/attempt_gallery/figures/fb5f9103db5c3fb4299889.pdf,output\paper_v1\coverage_extension\attempt_gallery\metrics\b4a50413e9b7180590.json
hurricane:EP111995__EP032014:a0.5|Independent continuous,5,hurricane,EP111995__EP032014,41,41,projected km,output\paper_v1\hurricane_extension_3\inputs\hurricane_EP111995__EP032014.npz,19c00cd52bda54c9369680072326d33e4ceaea5dd21ed511a2f524a7b5fdf7b8,Independent continuous,0.5,29.754472314578926,27.788037019698255,405.6324822546883,new,output\paper_v1\hurricane_extension_3\slots\05\attempts\hurricane3_05_544fb3f3607d4e0794fe4f019c330143,validated,True,False,8.0,7.0,8.0,0.1951219512195122,0.17073170731707318,0.18292682926829268,0.03512929999851622,0.0013946999970357865,8.432797000015853,9.106638800003566,211.58984375,,,0.0,0.0,,0.0,False,independent_optimization,True,validated,,702.063576973375,False,d69aad98411466322a7ab17765db65d8b99fadaf8f8e8d1cd08e25f587da6297,False,,N/A,optimal_independent_baseline,worker_exited,,solution_return,validated,,,,,three-hurricane extension single observation,8.0,7.0,8.0,,,True,,,True,H12,output/paper_v1/coverage_extension/attempt_gallery/figures/7965c5a48da1132f8c8a8e.png,output/paper_v1/coverage_extension/attempt_gallery/figures/7965c5a48da1132f8c8a8e.pdf,output\paper_v1\coverage_extension\attempt_gallery\metrics\f28b723688aa0eaeef.json
hurricane:EP111995__EP032014:a0.5|Independent discrete,6,hurricane,EP111995__EP032014,41,41,projected km,output\paper_v1\hurricane_extension_3\inputs\hurricane_EP111995__EP032014.npz,19c00cd52bda54c9369680072326d33e4ceaea5dd21ed511a2f524a7b5fdf7b8,Independent discrete,0.5,29.754472314578926,27.788037019698255,405.6324822546883,new,output\paper_v1\hurricane_extension_3\slots\06\attempts\hurricane3_06_eacef0d1253647f1ae27c2ff2018ac10,validated,True,False,36.0,39.0,39.0,0.8780487804878049,0.9512195121951219,0.9146341463414634,0.009860699996352196,0.009618799987947568,6.15014670000528,6.8446261000062805,194.71484375,,,0.0,0.0,,0.0,False,independent_optimization,True,validated,,405.6324822546883,True,125ec381330a27c58794269810db391b09ccc3bf176bf9193eaa6b53e00c9d75,False,,2000000 default,optimal_independent_baseline,worker_exited,,solution_return,validated,,,,,three-hurricane extension single observation,36.0,39.0,39.0,,,True,,,True,H12,output/paper_v1/coverage_extension/attempt_gallery/figures/ca787a4e21533c964e3253.png,output/paper_v1/coverage_extension/attempt_gallery/figures/ca787a4e21533c964e3253.pdf,output\paper_v1\coverage_extension\attempt_gallery\metrics\0f9da0f134c97fc9e0.json
hurricane:EP111995__EP032014:a0.5|CPS-2F,7,hurricane,EP111995__EP032014,41,41,projected km,output\paper_v1\hurricane_extension_3\inputs\hurricane_EP111995__EP032014.npz,19c00cd52bda54c9369680072326d33e4ceaea5dd21ed511a2f524a7b5fdf7b8,CPS-2F,0.5,29.754472314578926,27.788037019698255,405.6324822546883,new,output\paper_v1\hurricane_extension_3\slots\07\attempts\hurricane3_07_4c21c4ed71a9480f8e995dd5d7042530,validated,True,False,8.0,8.0,8.0,0.1951219512195122,0.1951219512195122,0.1951219512195122,18.389011899998877,0.0015631999995093793,9.443654200003948,28.47318830000586,262.60546875,9335.0,5300017.0,9335.0,9334.0,0.0,2.0,True,configuration_graph,True,validated,,405.6324822546883,True,6deeb7533deb56262a8aaed6594e3a11d368ecc3ad02f11411a8d63730879d0f,False,55.0,800000 main,optimal_configuration_graph,worker_exited,,solution_return,validated,,,,,three-hurricane extension single observation,8.0,8.0,8.0,,,True,,,True,H12,output/paper_v1/coverage_extension/attempt_gallery/figures/0e9b4149f0d27819e813ba.png,output/paper_v1/coverage_extension/attempt_gallery/figures/0e9b4149f0d27819e813ba.pdf,output\paper_v1\coverage_extension\attempt_gallery\metrics\369376ca82ea16278f.json
hurricane:EP111995__EP032014:a0.5|CPS-3F,8,hurricane,EP111995__EP032014,41,41,projected km,output\paper_v1\hurricane_extension_3\inputs\hurricane_EP111995__EP032014.npz,19c00cd52bda54c9369680072326d33e4ceaea5dd21ed511a2f524a7b5fdf7b8,CPS-3F,0.5,29.754472314578926,27.788037019698255,405.6324822546883,new,output\paper_v1\hurricane_extension_3\slots\08\attempts\hurricane3_08_c39016413aec43668328a3c20b36ffc0,validated,True,False,36.0,39.0,39.0,0.8780487804878049,0.9512195121951219,0.9146341463414634,0.045170500001404434,0.008299100009026006,6.217784299980849,6.931705099996179,194.953125,562.0,2597.0,562.0,561.0,0.0,2.0,True,configuration_graph,True,validated,,405.6324822546883,True,5e6f6402169c3496de5c35f97fbb48777980f9c6d5f6edc5abfafec793fff707,False,55.0,800000 main; 2000000 preprocessing,optimal_configuration_graph,worker_exited,,solution_return,validated,,,,,three-hurricane extension single observation,36.0,39.0,39.0,,,True,,,True,H12,output/paper_v1/coverage_extension/attempt_gallery/figures/9fb922f100c15a36ee4b53.png,output/paper_v1/coverage_extension/attempt_gallery/figures/9fb922f100c15a36ee4b53.pdf,output\paper_v1\coverage_extension\attempt_gallery\metrics\5dfa3e0d491cd2a63c.json
hurricane:EP061986__EP131991:a0.5|Independent continuous,9,hurricane,EP061986__EP131991,38,70,projected km,output\paper_v1\hurricane_extension_3\inputs\hurricane_EP061986__EP131991.npz,da81fd2b7de704832cbd3be6f2951d4e46249bca00967c5d3b1e2b7b84676105,Independent continuous,0.5,74.61765238550089,44.18905419239473,444.44557675140607,new,output\paper_v1\hurricane_extension_3\slots\09\attempts\hurricane3_09_fbb5d270ca7a4c86bacbe7f25ec271a4,validated,True,False,4.0,9.0,9.0,0.10526315789473684,0.12857142857142856,0.12037037037037036,0.0903956999827642,0.0014170999929774553,8.555895299999975,9.363123999995878,211.48046875,,,0.0,0.0,,0.0,False,independent_optimization,True,validated,,1223.1636214249056,False,51082eed0e5e45d9df4dcc344aa174544ed23cb06aac7b2bb5245f04f9663b0c,False,,N/A,optimal_independent_baseline,worker_exited,,solution_return,validated,,,,,three-hurricane extension single observation,4.0,9.0,9.0,,,True,,,True,H13,output/paper_v1/coverage_extension/attempt_gallery/figures/9b75198e11294454a774ea.png,output/paper_v1/coverage_extension/attempt_gallery/figures/9b75198e11294454a774ea.pdf,output\paper_v1\coverage_extension\attempt_gallery\metrics\079c48d70c89f66830.json
hurricane:EP061986__EP131991:a0.5|Independent discrete,10,hurricane,EP061986__EP131991,38,70,projected km,output\paper_v1\hurricane_extension_3\inputs\hurricane_EP061986__EP131991.npz,da81fd2b7de704832cbd3be6f2951d4e46249bca00967c5d3b1e2b7b84676105,Independent discrete,0.5,74.61765238550089,44.18905419239473,444.44557675140607,new,output\paper_v1\hurricane_extension_3\slots\10\attempts\hurricane3_10_7abd746c092446dd8f0d6e0a34cda991,validated,True,False,38.0,67.0,67.0,1.0,0.9571428571428572,0.9722222222222222,0.012466400017729029,0.01612409998779185,6.162499400001252,6.948430999997072,194.90234375,,,0.0,0.0,,0.0,False,independent_optimization,True,validated,,444.44557675140607,True,35a08582b595c0a52a60a7a045ade3db6a50b1a7775d4fedde78d4e0eb2a3703,False,,2000000 default,optimal_independent_baseline,worker_exited,,solution_return,validated,,,,,three-hurricane extension single observation,38.0,67.0,67.0,,,True,,,True,H13,output/paper_v1/coverage_extension/attempt_gallery/figures/94fd89adfc3f2b7127ac83.png,output/paper_v1/coverage_extension/attempt_gallery/figures/94fd89adfc3f2b7127ac83.pdf,output\paper_v1\coverage_extension\attempt_gallery\metrics\dc05840afb9c898b32.json
hurricane:EP061986__EP131991:a0.5|CPS-2F,11,hurricane,EP061986__EP131991,38,70,projected km,output\paper_v1\hurricane_extension_3\inputs\hurricane_EP061986__EP131991.npz,da81fd2b7de704832cbd3be6f2951d4e46249bca00967c5d3b1e2b7b84676105,CPS-2F,0.5,74.61765238550089,44.18905419239473,444.44557675140607,new,output\paper_v1\hurricane_extension_3\slots\11\attempts\hurricane3_11_1f56e28212ab4666a6da3cc53e3431a0,validated,True,False,6.0,9.0,9.0,0.15789473684210525,0.12857142857142856,0.1388888888888889,9.9213370999787,0.0015774999919813126,10.874127000017324,21.41102139998111,236.66796875,5169.0,2970436.0,5169.0,5168.0,0.0,2.0,True,configuration_graph,True,validated,,444.44557675140607,True,5e3735e7141a2b227634a4ed42cfe2e404c02df516bce2ecf1a666ea1cc92126,False,55.0,800000 main,optimal_configuration_graph,worker_exited,,solution_return,validated,,,,,three-hurricane extension single observation,6.0,9.0,9.0,,,True,,,True,H13,output/paper_v1/coverage_extension/attempt_gallery/figures/69fb9fe1ddceebf8806982.png,output/paper_v1/coverage_extension/attempt_gallery/figures/69fb9fe1ddceebf8806982.pdf,output\paper_v1\coverage_extension\attempt_gallery\metrics\ac64ae7936b9e75702.json
hurricane:EP061986__EP131991:a0.5|CPS-3F,12,hurricane,EP061986__EP131991,38,70,projected km,output\paper_v1\hurricane_extension_3\inputs\hurricane_EP061986__EP131991.npz,da81fd2b7de704832cbd3be6f2951d4e46249bca00967c5d3b1e2b7b84676105,CPS-3F,0.5,74.61765238550089,44.18905419239473,444.44557675140607,new,output\paper_v1\hurricane_extension_3\slots\12\attempts\hurricane3_12_b935ae03384b4dedb947a289c5f820a0,validated,True,False,38.0,67.0,67.0,1.0,0.9571428571428572,0.9722222222222222,0.06264350001583807,0.015650899993488565,6.946612200001255,7.751975299994228,194.71484375,338.0,962.0,338.0,337.0,0.0,2.0,True,configuration_graph,True,validated,,444.44557675140607,True,891e92a7f6b302c31a576c1eb8a2913e0fba0fc316530fb74b800a4f920afcb6,False,55.0,800000 main; 2000000 preprocessing,optimal_configuration_graph,worker_exited,,solution_return,validated,,,,,three-hurricane extension single observation,38.0,67.0,67.0,,,True,,,True,H13,output/paper_v1/coverage_extension/attempt_gallery/figures/96c6b3edc809a701dd3a35.png,output/paper_v1/coverage_extension/attempt_gallery/figures/96c6b3edc809a701dd3a35.pdf,output\paper_v1\coverage_extension\attempt_gallery\metrics\96efdadc9f5133e4be.json
hurricane:EP092002__EP171994:a0.5|Independent continuous,1,hurricane,EP092002__EP171994,26,31,projected km,output\paper_v1\hurricane_final_20\inputs\hurricane_EP092002__EP171994.npz,d9373018d366573f51130baa294c338f83ffeedf55f6b14210dc3ec268db151d,Independent continuous,0.5,45.83754024662439,41.177371201851194,366.7686943223481,new,output\paper_v1\hurricane_final_20\slots\01\attempts\final20_01_b434dd29179344f58040590f59962d54,validated,True,False,4.0,5.0,5.0,0.15384615384615385,0.16129032258064516,0.15789473684210525,0.01475980001850985,0.001128700008848682,8.602286100009223,9.233298200007994,211.2578125,,,0.0,0.0,,0.0,False,independent_optimization,True,validated,,411.59259248787515,False,4bcf25762f1110e9dff6e9bcb7cb609cf7ccb1bedd72eefcfede470aa1e91b91,False,,N/A,optimal_independent_baseline,worker_exited,,solution_return,validated,,,,,stratified final20 single observation,4.0,5.0,5.0,,,True,,,True,H14,output/paper_v1/coverage_extension/attempt_gallery/figures/13dc73f691de535b5c974f.png,output/paper_v1/coverage_extension/attempt_gallery/figures/13dc73f691de535b5c974f.pdf,output\paper_v1\coverage_extension\attempt_gallery\metrics\61d32f404efda34b43.json
hurricane:EP092002__EP171994:a0.5|Independent discrete,2,hurricane,EP092002__EP171994,26,31,projected km,output\paper_v1\hurricane_final_20\inputs\hurricane_EP092002__EP171994.npz,d9373018d366573f51130baa294c338f83ffeedf55f6b14210dc3ec268db151d,Independent discrete,0.5,45.83754024662439,41.177371201851194,366.7686943223481,new,output\paper_v1\hurricane_final_20\slots\02\attempts\final20_02_021eda7600df412cb66577c8602cf8e4,validated,True,False,26.0,27.0,27.0,1.0,0.8709677419354839,0.9298245614035088,0.007512099982704967,0.0054438000079244375,12.262699400016572,13.222441699996125,193.9296875,,,0.0,0.0,,0.0,False,independent_optimization,True,validated,,366.7686943223481,True,e53522742b41b972c7916d61431100d4598c46f2ba0c3ac2f7c0a905c8cc0309,False,,2000000 default,optimal_independent_baseline,worker_exited,,solution_return,validated,,,,,stratified final20 single observation,26.0,27.0,27.0,,,True,,,True,H14,output/paper_v1/coverage_extension/attempt_gallery/figures/d1bbcb46893242124f333b.png,output/paper_v1/coverage_extension/attempt_gallery/figures/d1bbcb46893242124f333b.pdf,output\paper_v1\coverage_extension\attempt_gallery\metrics\324fd06793a8a25b4f.json
hurricane:EP092002__EP171994:a0.5|CPS-2F,3,hurricane,EP092002__EP171994,26,31,projected km,output\paper_v1\hurricane_final_20\inputs\hurricane_EP092002__EP171994.npz,d9373018d366573f51130baa294c338f83ffeedf55f6b14210dc3ec268db151d,CPS-2F,0.5,45.83754024662439,41.177371201851194,366.7686943223481,new,output\paper_v1\hurricane_final_20\slots\03\attempts\final20_03_30ed5a490d4340e4b557ed8452b1516c,validated,True,False,4.0,5.0,5.0,0.15384615384615385,0.16129032258064516,0.15789473684210525,2.288840099994559,0.0009611000132281333,9.54164129999117,12.527390700008254,223.390625,3208.0,1098127.0,3208.0,3207.0,0.0,2.0,True,configuration_graph,True,validated,,366.7686943223481,True,83944c1dee39833a476df40138905bfd2a698933dbebecf26ce22de93ec1c9ca,False,55.0,800000 main,optimal_configuration_graph,worker_exited,,solution_return,validated,,,,,stratified final20 single observation,4.0,5.0,5.0,,,True,,,True,H14,output/paper_v1/coverage_extension/attempt_gallery/figures/ce100bd6eca5c7c7a2723e.png,output/paper_v1/coverage_extension/attempt_gallery/figures/ce100bd6eca5c7c7a2723e.pdf,output\paper_v1\coverage_extension\attempt_gallery\metrics\6a2cca4cafc31fbe19.json
hurricane:EP092002__EP171994:a0.5|CPS-3F,4,hurricane,EP092002__EP171994,26,31,projected km,output\paper_v1\hurricane_final_20\inputs\hurricane_EP092002__EP171994.npz,d9373018d366573f51130baa294c338f83ffeedf55f6b14210dc3ec268db151d,CPS-3F,0.5,45.83754024662439,41.177371201851194,366.7686943223481,new,output\paper_v1\hurricane_final_20\slots\04\attempts\final20_04_619d64cf04564736abd1dd18b2c8b991,validated,True,False,26.0,27.0,27.0,1.0,0.8709677419354839,0.9298245614035088,0.036728400009451434,0.004202999989502132,6.341750399995362,7.034119600022677,194.2890625,243.0,891.0,243.0,242.0,0.0,2.0,True,configuration_graph,True,validated,,366.7686943223481,True,04fcd566e9f51ab44e0ddd4b8b1550036ce5ff6acfdb38a00dfa60d58fe1de8c,False,55.0,800000 main; 2000000 preprocessing,optimal_configuration_graph,worker_exited,,solution_return,validated,,,,,stratified final20 single observation,26.0,27.0,27.0,,,True,,,True,H14,output/paper_v1/coverage_extension/attempt_gallery/figures/7aa3ffbf0f99b8923ed907.png,output/paper_v1/coverage_extension/attempt_gallery/figures/7aa3ffbf0f99b8923ed907.pdf,output\paper_v1\coverage_extension\attempt_gallery\metrics\51bc93180a470a868e.json
hurricane:AL091944__AL031917:a0.5|Independent discrete,5,hurricane,AL091944__AL031917,29,35,projected km,output\paper_v1\hurricane_final_20\inputs\hurricane_AL091944__AL031917.npz,db58d5a0ccf7f77010e45e75cfb88aa32c39e3bba6f00c9a54ceb25a6f6a955d,Independent discrete,0.5,121.98706822368263,110.72765278464297,780.7843688813,new,output\paper_v1\hurricane_final_20\slots\05\attempts\final20_05_3a62e104edfc418990091b0fc0094304,validated,True,False,27.0,35.0,35.0,0.9310344827586207,1.0,0.96875,0.007298799988348037,0.005493399978149682,6.205396200006362,6.86317960001179,194.41796875,,,0.0,0.0,,0.0,False,independent_optimization,True,validated,,780.7843688813,True,eab41e804e71a1e5eb8668dc82aaf1ddc9bb0e4953519adcfd757d52b558c414,False,,2000000 default,optimal_independent_baseline,worker_exited,,solution_return,validated,,,,,stratified final20 single observation,27.0,35.0,35.0,,,True,,,True,H15,output/paper_v1/coverage_extension/attempt_gallery/figures/5b358056e29a4911ea2b79.png,output/paper_v1/coverage_extension/attempt_gallery/figures/5b358056e29a4911ea2b79.pdf,output\paper_v1\coverage_extension\attempt_gallery\metrics\51fcaf2b642f823b2e.json
hurricane:AL091944__AL031917:a0.5|CPS-2F,6,hurricane,AL091944__AL031917,29,35,projected km,output\paper_v1\hurricane_final_20\inputs\hurricane_AL091944__AL031917.npz,db58d5a0ccf7f77010e45e75cfb88aa32c39e3bba6f00c9a54ceb25a6f6a955d,CPS-2F,0.5,121.98706822368263,110.72765278464297,780.7843688813,new,output\paper_v1\hurricane_final_20\slots\06\attempts\final20_06_866e9f142f5548c9b31eea1aac3dc726,validated,True,False,6.0,7.0,7.0,0.20689655172413793,0.2,0.203125,3.604877600009786,0.0015681000077165663,9.456084200006444,13.700527200009674,223.00390625,3660.0,2318923.0,3660.0,3659.0,0.0,2.0,True,configuration_graph,True,validated,,747.8036291490033,True,1103cc7dd2dbd056ba0dcbec792681490b03ca7b268cb600ea7760bd82b84d11,False,55.0,800000 main,optimal_configuration_graph,worker_exited,,solution_return,validated,,,,,stratified final20 single observation,6.0,7.0,7.0,,,True,,,True,H15,output/paper_v1/coverage_extension/attempt_gallery/figures/489813b30086a203cdc29d.png,output/paper_v1/coverage_extension/attempt_gallery/figures/489813b30086a203cdc29d.pdf,output\paper_v1\coverage_extension\attempt_gallery\metrics\7170af19cdcb472342.json
hurricane:AL091944__AL031917:a0.5|CPS-3F,7,hurricane,AL091944__AL031917,29,35,projected km,output\paper_v1\hurricane_final_20\inputs\hurricane_AL091944__AL031917.npz,db58d5a0ccf7f77010e45e75cfb88aa32c39e3bba6f00c9a54ceb25a6f6a955d,CPS-3F,0.5,121.98706822368263,110.72765278464297,780.7843688813,new,output\paper_v1\hurricane_final_20\slots\07\attempts\final20_07_9ead45b3a9ed4ab19713c687e77e7dd3,validated,True,False,27.0,35.0,35.0,0.9310344827586207,1.0,0.96875,0.03579579998040572,0.005604200006928295,6.105286700010765,6.803285000001779,195.33203125,195.0,570.0,195.0,194.0,0.0,2.0,True,configuration_graph,True,validated,,780.7843688813,True,57eea7d5938346690fee81bf67b8849271917337c151df0720e42057bd22abf7,False,55.0,800000 main; 2000000 preprocessing,optimal_configuration_graph,worker_exited,,solution_return,validated,,,,,stratified final20 single observation,27.0,35.0,35.0,,,True,,,True,H15,output/paper_v1/coverage_extension/attempt_gallery/figures/c3e0296b24b074c89f5938.png,output/paper_v1/coverage_extension/attempt_gallery/figures/c3e0296b24b074c89f5938.pdf,output\paper_v1\coverage_extension\attempt_gallery\metrics\32c69d5e6966e97c1f.json
hurricane:AL091944__AL031917:a0.5|Independent continuous,8,hurricane,AL091944__AL031917,29,35,projected km,output\paper_v1\hurricane_final_20\inputs\hurricane_AL091944__AL031917.npz,db58d5a0ccf7f77010e45e75cfb88aa32c39e3bba6f00c9a54ceb25a6f6a955d,Independent continuous,0.5,121.98706822368263,110.72765278464297,780.7843688813,new,output\paper_v1\hurricane_final_20\slots\08\attempts\final20_08_db16c6b5195540c2af47c2511446e913,validated,True,False,6.0,6.0,6.0,0.20689655172413793,0.17142857142857143,0.1875,0.019302900007460266,0.0010656000231392682,8.749222999991616,9.409465100005036,211.49609375,,,0.0,0.0,,0.0,False,independent_optimization,True,validated,,1180.1130563459121,False,3fee3d68c641a6725ce391e7054c07fd57f487b56d020f149896dc81e927e320,False,,N/A,optimal_independent_baseline,worker_exited,,solution_return,validated,,,,,stratified final20 single observation,6.0,6.0,6.0,,,True,,,True,H15,output/paper_v1/coverage_extension/attempt_gallery/figures/15580948a60f91dd1b7f55.png,output/paper_v1/coverage_extension/attempt_gallery/figures/15580948a60f91dd1b7f55.pdf,output\paper_v1\coverage_extension\attempt_gallery\metrics\88bdc85105cedb9cf3.json
hurricane:EP101985__EP151985:a0.5|CPS-2F,9,hurricane,EP101985__EP151985,37,38,projected km,output\paper_v1\hurricane_final_20\inputs\hurricane_EP101985__EP151985.npz,198a2064c5a3b34d6c35ed1796113bb59541fac26e1f7574831025b960c8a87f,CPS-2F,0.5,47.80687237861397,51.042034331067995,406.85909889789855,new,output\paper_v1\hurricane_final_20\slots\09\attempts\final20_09_eb7bd5f7323448baa7ad1468993fe005,validated,True,False,5.0,6.0,6.0,0.13513513513513514,0.15789473684210525,0.14666666666666667,3.8288532000151463,0.0011983999866060913,9.508383000007598,13.971550299989758,228.3671875,4039.0,1670988.0,4039.0,4038.0,0.0,2.0,True,configuration_graph,True,validated,,406.85909889789855,True,12616f203647119410e4efcec3991d2732a75c3736da9af524ab0d6b7460dd2b,False,55.0,800000 main,optimal_configuration_graph,worker_exited,,solution_return,validated,,,,,stratified final20 single observation,5.0,6.0,6.0,,,True,,,True,H16,output/paper_v1/coverage_extension/attempt_gallery/figures/fa7f98cef427f8c09bf6dc.png,output/paper_v1/coverage_extension/attempt_gallery/figures/fa7f98cef427f8c09bf6dc.pdf,output\paper_v1\coverage_extension\attempt_gallery\metrics\41b6aea0bc600397f6.json
hurricane:EP101985__EP151985:a0.5|CPS-3F,10,hurricane,EP101985__EP151985,37,38,projected km,output\paper_v1\hurricane_final_20\inputs\hurricane_EP101985__EP151985.npz,198a2064c5a3b34d6c35ed1796113bb59541fac26e1f7574831025b960c8a87f,CPS-3F,0.5,47.80687237861397,51.042034331067995,406.85909889789855,new,output\paper_v1\hurricane_final_20\slots\10\attempts\final20_10_a12a88c5c90046c5828fe762e12e783e,validated,True,False,37.0,36.0,37.0,1.0,0.9473684210526315,0.9733333333333334,0.03897549997782335,0.008912999997846782,6.332461300014984,7.114194599998882,194.765625,288.0,816.0,288.0,287.0,0.0,2.0,True,configuration_graph,True,validated,,406.85909889789855,True,3d4d9a99bc597070a05f1c3a9fff1621256973ebe521c8a6e628d8abbfbb3435,False,55.0,800000 main; 2000000 preprocessing,optimal_configuration_graph,worker_exited,,solution_return,validated,,,,,stratified final20 single observation,37.0,36.0,37.0,,,True,,,True,H16,output/paper_v1/coverage_extension/attempt_gallery/figures/8b2e5cc97eba342696f763.png,output/paper_v1/coverage_extension/attempt_gallery/figures/8b2e5cc97eba342696f763.pdf,output\paper_v1\coverage_extension\attempt_gallery\metrics\583131dbcf53ae6a56.json
hurricane:EP101985__EP151985:a0.5|Independent continuous,11,hurricane,EP101985__EP151985,37,38,projected km,output\paper_v1\hurricane_final_20\inputs\hurricane_EP101985__EP151985.npz,198a2064c5a3b34d6c35ed1796113bb59541fac26e1f7574831025b960c8a87f,Independent continuous,0.5,47.80687237861397,51.042034331067995,406.85909889789855,new,output\paper_v1\hurricane_final_20\slots\11\attempts\final20_11_acdcfa29a7d9446f94aa50661c0dddb9,validated,True,False,4.0,6.0,6.0,0.10810810810810811,0.15789473684210525,0.13333333333333333,0.033131000003777444,0.0010356999991927296,9.031145699991612,9.732847699982813,211.7890625,,,0.0,0.0,,0.0,False,independent_optimization,True,validated,,914.1930035398707,False,87796080228911261a506c3f6cfe28f2fee75682c15a71d5d2acd1387d6592ac,False,,N/A,optimal_independent_baseline,worker_exited,,solution_return,validated,,,,,stratified final20 single observation,4.0,6.0,6.0,,,True,,,True,H16,output/paper_v1/coverage_extension/attempt_gallery/figures/ce2434f80dab23a8f2e2ba.png,output/paper_v1/coverage_extension/attempt_gallery/figures/ce2434f80dab23a8f2e2ba.pdf,output\paper_v1\coverage_extension\attempt_gallery\metrics\6c10517374241f3aee.json
hurricane:EP101985__EP151985:a0.5|Independent discrete,12,hurricane,EP101985__EP151985,37,38,projected km,output\paper_v1\hurricane_final_20\inputs\hurricane_EP101985__EP151985.npz,198a2064c5a3b34d6c35ed1796113bb59541fac26e1f7574831025b960c8a87f,Independent discrete,0.5,47.80687237861397,51.042034331067995,406.85909889789855,new,output\paper_v1\hurricane_final_20\slots\12\attempts\final20_12_6da99ca50a034841840ee306c7c8cafe,validated,True,False,37.0,36.0,37.0,1.0,0.9473684210526315,0.9733333333333334,0.008439899975201115,0.0071659999957773834,6.220291800011182,6.898319900006754,194.3671875,,,0.0,0.0,,0.0,False,independent_optimization,True,validated,,406.85909889789855,True,9bb87c79149eba2e0886fb5adcfc3df04ac41bafc7c112a701424c35729b7a38,False,,2000000 default,optimal_independent_baseline,worker_exited,,solution_return,validated,,,,,stratified final20 single observation,37.0,36.0,37.0,,,True,,,True,H16,output/paper_v1/coverage_extension/attempt_gallery/figures/a8a7d02e985cb315e360d5.png,output/paper_v1/coverage_extension/attempt_gallery/figures/a8a7d02e985cb315e360d5.pdf,output\paper_v1\coverage_extension\attempt_gallery\metrics\ad629ab5817dc9ded3.json
hurricane:EP031965__EP141991:a0.5|CPS-3F,13,hurricane,EP031965__EP141991,25,42,projected km,output\paper_v1\hurricane_final_20\inputs\hurricane_EP031965__EP141991.npz,5f0259d773d05eb0b0d9aa87bec1a403edc2ebe426ac37986dc304fb3a2b70cf,CPS-3F,0.5,48.708645368633796,35.45293164546874,434.6913296711127,new,output\paper_v1\hurricane_final_20\slots\13\attempts\final20_13_7957d74aba4843288c5f5ac0777d6ae5,validated,True,False,25.0,38.0,38.0,1.0,0.9047619047619048,0.9402985074626866,0.03508119998150505,0.005993600003421307,6.449998600000981,7.153456600004574,195.58203125,260.0,803.0,260.0,259.0,0.0,2.0,True,configuration_graph,True,validated,,434.6913296711127,True,2352659543547cdd5d98539d36463c5d0131d2895484a426dd3f5a38966c2958,False,55.0,800000 main; 2000000 preprocessing,optimal_configuration_graph,worker_exited,,solution_return,validated,,,,,stratified final20 single observation,25.0,38.0,38.0,,,True,,,True,H17,output/paper_v1/coverage_extension/attempt_gallery/figures/c1c3ace8710844fac1886b.png,output/paper_v1/coverage_extension/attempt_gallery/figures/c1c3ace8710844fac1886b.pdf,output\paper_v1\coverage_extension\attempt_gallery\metrics\d2ac462807fb95a646.json
hurricane:EP031965__EP141991:a0.5|Independent continuous,14,hurricane,EP031965__EP141991,25,42,projected km,output\paper_v1\hurricane_final_20\inputs\hurricane_EP031965__EP141991.npz,5f0259d773d05eb0b0d9aa87bec1a403edc2ebe426ac37986dc304fb3a2b70cf,Independent continuous,0.5,48.708645368633796,35.45293164546874,434.6913296711127,new,output\paper_v1\hurricane_final_20\slots\14\attempts\final20_14_bf5d6943445e43de83984aaabce39ebe,validated,True,False,4.0,7.0,7.0,0.16,0.16666666666666666,0.16417910447761194,0.05091799999354407,0.00281510001514107,17.01701160002267,17.9866267000034,211.9296875,,,0.0,0.0,,0.0,False,independent_optimization,True,validated,,481.1066315905446,False,f86abc6d502d3cb17b41d8dc5dab2c4b69fb78d9f8f86bdb295b852e19cb5b1e,False,,N/A,optimal_independent_baseline,worker_exited,,solution_return,validated,,,,,stratified final20 single observation,4.0,7.0,7.0,,,True,,,True,H17,output/paper_v1/coverage_extension/attempt_gallery/figures/97a33a09df9552bbad9856.png,output/paper_v1/coverage_extension/attempt_gallery/figures/97a33a09df9552bbad9856.pdf,output\paper_v1\coverage_extension\attempt_gallery\metrics\a0985c8465c3d566fc.json
hurricane:EP031965__EP141991:a0.5|Independent discrete,15,hurricane,EP031965__EP141991,25,42,projected km,output\paper_v1\hurricane_final_20\inputs\hurricane_EP031965__EP141991.npz,5f0259d773d05eb0b0d9aa87bec1a403edc2ebe426ac37986dc304fb3a2b70cf,Independent discrete,0.5,48.708645368633796,35.45293164546874,434.6913296711127,new,output\paper_v1\hurricane_final_20\slots\15\attempts\final20_15_8ff9c91d98364b5295c99dc1d34b268e,validated,True,False,25.0,38.0,38.0,1.0,0.9047619047619048,0.9402985074626866,0.007731499994406477,0.006500799994682893,6.092934999993304,6.793398699985119,194.390625,,,0.0,0.0,,0.0,False,independent_optimization,True,validated,,434.6913296711127,True,d27ae84f7a7c9362724291848db86dd95746ffa2d4a3765efd4143234e879f9c,False,,2000000 default,optimal_independent_baseline,worker_exited,,solution_return,validated,,,,,stratified final20 single observation,25.0,38.0,38.0,,,True,,,True,H17,output/paper_v1/coverage_extension/attempt_gallery/figures/039f5bb0a2ba7140de561d.png,output/paper_v1/coverage_extension/attempt_gallery/figures/039f5bb0a2ba7140de561d.pdf,output\paper_v1\coverage_extension\attempt_gallery\metrics\6c6fb83f15e381599a.json
hurricane:EP031965__EP141991:a0.5|CPS-2F,16,hurricane,EP031965__EP141991,25,42,projected km,output\paper_v1\hurricane_final_20\inputs\hurricane_EP031965__EP141991.npz,5f0259d773d05eb0b0d9aa87bec1a403edc2ebe426ac37986dc304fb3a2b70cf,CPS-2F,0.5,48.708645368633796,35.45293164546874,434.6913296711127,new,output\paper_v1\hurricane_final_20\slots\16\attempts\final20_16_d4e35d041ef04ad5989ece181a5d19a1,validated,True,False,4.0,7.0,7.0,0.16,0.16666666666666666,0.16417910447761194,3.652038600004744,0.0010332000092603266,9.366063499997836,13.641687400027877,224.02734375,3543.0,1843112.0,3543.0,3542.0,0.0,2.0,True,configuration_graph,True,validated,,434.6913296711127,True,4442c348b97d681b3a4aa4c6af7118d2132c1150b5dc2d96c24525d24484e1d0,False,55.0,800000 main,optimal_configuration_graph,worker_exited,,solution_return,validated,,,,,stratified final20 single observation,4.0,7.0,7.0,,,True,,,True,H17,output/paper_v1/coverage_extension/attempt_gallery/figures/a4f12a67d2b6eece8c5570.png,output/paper_v1/coverage_extension/attempt_gallery/figures/a4f12a67d2b6eece8c5570.pdf,output\paper_v1\coverage_extension\attempt_gallery\metrics\4f406adfae092ac7df.json
hurricane:AL061921__AL101926:a0.5|Independent continuous,17,hurricane,AL061921__AL101926,43,57,projected km,output\paper_v1\hurricane_final_20\inputs\hurricane_AL061921__AL101926.npz,075b62ae7810f20aaee5716a08592d9c34d29821f5cad9ce1f78dbd209b3c638,Independent continuous,0.5,58.88759553114429,62.830460127712165,1227.852607303796,new,output\paper_v1\hurricane_final_20\slots\17\attempts\final20_17_1395c928d4754fc7942839c77b7f3225,validated,True,False,7.0,11.0,11.0,0.16279069767441862,0.19298245614035087,0.18,0.06425749999471009,0.0017139000119641423,8.353907100012293,9.074205800017808,211.8671875,,,0.0,0.0,,0.0,False,independent_optimization,True,validated,,1238.515466104501,False,28d4c1c31e1fcd116e4672bafcb71f2536dd9a9d2829ab8d7a177461d989ae09,False,,N/A,optimal_independent_baseline,worker_exited,,solution_return,validated,,,,,stratified final20 single observation,7.0,11.0,11.0,,,True,,,True,H18,output/paper_v1/coverage_extension/attempt_gallery/figures/c567a8180dd757f2103494.png,output/paper_v1/coverage_extension/attempt_gallery/figures/c567a8180dd757f2103494.pdf,output\paper_v1\coverage_extension\attempt_gallery\metrics\911fa4b51f4c3d58d1.json
hurricane:AL061921__AL101926:a0.5|Independent discrete,18,hurricane,AL061921__AL101926,43,57,projected km,output\paper_v1\hurricane_final_20\inputs\hurricane_AL061921__AL101926.npz,075b62ae7810f20aaee5716a08592d9c34d29821f5cad9ce1f78dbd209b3c638,Independent discrete,0.5,58.88759553114429,62.830460127712165,1227.852607303796,new,output\paper_v1\hurricane_final_20\slots\18\attempts\final20_18_7e6483aa34094a098d9dc41a27d91a71,validated,True,False,38.0,44.0,44.0,0.8837209302325582,0.7719298245614035,0.82,0.013488199998391792,0.011334399983752519,6.137898099987069,6.845366399997147,195.28515625,,,0.0,0.0,,0.0,False,independent_optimization,True,validated,,1227.852607303796,True,36e2534e1390fb97619cf592b86ad6b3c0bf8e71e0b26d9cdf0b2b2af6896b38,False,,2000000 default,optimal_independent_baseline,worker_exited,,solution_return,validated,,,,,stratified final20 single observation,38.0,44.0,44.0,,,True,,,True,H18,output/paper_v1/coverage_extension/attempt_gallery/figures/255038eb7ec5d7b548cd39.png,output/paper_v1/coverage_extension/attempt_gallery/figures/255038eb7ec5d7b548cd39.pdf,output\paper_v1\coverage_extension\attempt_gallery\metrics\fbf51dcf9a0ec5836c.json
hurricane:AL061921__AL101926:a0.5|CPS-2F,19,hurricane,AL061921__AL101926,43,57,projected km,output\paper_v1\hurricane_final_20\inputs\hurricane_AL061921__AL101926.npz,075b62ae7810f20aaee5716a08592d9c34d29821f5cad9ce1f78dbd209b3c638,CPS-2F,0.5,58.88759553114429,62.830460127712165,1227.852607303796,new,output\paper_v1\hurricane_final_20\slots\19\attempts\final20_19_670b202c19c54aa28a7f79a13800898a,transition_budget_limit,False,True,,,,,,,18.44404349999968,,9.510264000011375,28.579126199998427,248.55078125,24180.0,20000001.0,1374.0,1373.0,22806.0,2.0,True,configuration_graph,False,not_run_no_solution,solver / configuration_graph,,,,False,55.0,800000 main,transition_budget_limit,worker_exited,product transition budget exceeded,time_to_termination,transition_budget_limit,,,,,stratified final20 single observation,,,,,,True,,,True,H18,output/paper_v1/coverage_extension/attempt_gallery/figures/c4a5662b11bcee080c6a24.png,output/paper_v1/coverage_extension/attempt_gallery/figures/c4a5662b11bcee080c6a24.pdf,output\paper_v1\coverage_extension\attempt_gallery\metrics\0003df1edc33c1e3cb.json
hurricane:AL061921__AL101926:a0.5|CPS-3F,20,hurricane,AL061921__AL101926,43,57,projected km,output\paper_v1\hurricane_final_20\inputs\hurricane_AL061921__AL101926.npz,075b62ae7810f20aaee5716a08592d9c34d29821f5cad9ce1f78dbd209b3c638,CPS-3F,0.5,58.88759553114429,62.830460127712165,1227.852607303796,new,output\paper_v1\hurricane_final_20\slots\20\attempts\final20_20_5c112c2ece744b91bba8231374693156,validated,True,False,38.0,44.0,44.0,0.8837209302325582,0.7719298245614035,0.82,0.14126069998019375,0.009323400008725002,6.121916900010547,6.956661200005328,196.23046875,2926.0,55992.0,2926.0,2925.0,0.0,2.0,True,configuration_graph,True,validated,,1227.852607303796,True,1932e1d1b182e1b8545e55c7082dd962c6b6cae1c94fd3f1f0b609479badc446,False,55.0,800000 main; 2000000 preprocessing,optimal_configuration_graph,worker_exited,,solution_return,validated,,,,,stratified final20 single observation,38.0,44.0,44.0,,,True,,,True,H18,output/paper_v1/coverage_extension/attempt_gallery/figures/d081ddfd9e1c628fa296ff.png,output/paper_v1/coverage_extension/attempt_gallery/figures/d081ddfd9e1c628fa296ff.pdf,output\paper_v1\coverage_extension\attempt_gallery\metrics\5ee0b0bd9bec5a7caf.json
hurricane:EP041976__EP041984:a0.5|Independent discrete,21,hurricane,EP041976__EP041984,30,48,projected km,output\paper_v1\hurricane_final_20\inputs\hurricane_EP041976__EP041984.npz,2b36cf5f84c94603b94c277ea7970c2e6cf82612160bc26c97cfa9ab20d6faf9,Independent discrete,0.5,83.64402051056445,50.39076854793013,436.5324275155856,new,output\paper_v1\hurricane_final_20\slots\21\attempts\final20_21_195f4b6c144744ffa35f95f208986226,validated,True,False,30.0,46.0,46.0,1.0,0.9583333333333334,0.9743589743589743,0.008555000007618219,0.00899030000437051,6.1175161999999546,6.995949400006793,194.25,,,0.0,0.0,,0.0,False,independent_optimization,True,validated,,436.5324275155856,True,dc84748c7919e8d7eed0599b2cf2c3b62b7c57c1a4fffc5cbb54b020145367ed,False,,2000000 default,optimal_independent_baseline,worker_exited,,solution_return,validated,,,,,stratified final20 single observation,30.0,46.0,46.0,,,True,,,True,H19,output/paper_v1/coverage_extension/attempt_gallery/figures/9f5c3daf6f0d13271d5bce.png,output/paper_v1/coverage_extension/attempt_gallery/figures/9f5c3daf6f0d13271d5bce.pdf,output\paper_v1\coverage_extension\attempt_gallery\metrics\c5d301b324f5a04db5.json
hurricane:EP041976__EP041984:a0.5|CPS-2F,22,hurricane,EP041976__EP041984,30,48,projected km,output\paper_v1\hurricane_final_20\inputs\hurricane_EP041976__EP041984.npz,2b36cf5f84c94603b94c277ea7970c2e6cf82612160bc26c97cfa9ab20d6faf9,CPS-2F,0.5,83.64402051056445,50.39076854793013,436.5324275155856,new,output\paper_v1\hurricane_final_20\slots\22\attempts\final20_22_2aadd96ecd56487888d5543761e41814,validated,True,False,5.0,6.0,6.0,0.16666666666666666,0.125,0.14102564102564102,4.315903199982131,0.0011474000057205558,9.305828900018241,14.242148899997119,226.7578125,3295.0,1795151.0,3295.0,3294.0,0.0,2.0,True,configuration_graph,True,validated,,429.73857138378906,True,4489af41fa89fe9f8f0fae1de58481ed6663cd891e4671cc52574dde2be1a059,False,55.0,800000 main,optimal_configuration_graph,worker_exited,,solution_return,validated,,,,,stratified final20 single observation,5.0,6.0,6.0,,,True,,,True,H19,output/paper_v1/coverage_extension/attempt_gallery/figures/fd3bc1ac098e4936930609.png,output/paper_v1/coverage_extension/attempt_gallery/figures/fd3bc1ac098e4936930609.pdf,output\paper_v1\coverage_extension\attempt_gallery\metrics\16acc4a6521a9fc59c.json
hurricane:EP041976__EP041984:a0.5|CPS-3F,23,hurricane,EP041976__EP041984,30,48,projected km,output\paper_v1\hurricane_final_20\inputs\hurricane_EP041976__EP041984.npz,2b36cf5f84c94603b94c277ea7970c2e6cf82612160bc26c97cfa9ab20d6faf9,CPS-3F,0.5,83.64402051056445,50.39076854793013,436.5324275155856,new,output\paper_v1\hurricane_final_20\slots\23\attempts\final20_23_0892021af506422ebb7300b58a6e42e8,validated,True,False,30.0,46.0,46.0,1.0,0.9583333333333334,0.9743589743589743,0.04181930000777356,0.008058999985223636,6.2749560000083875,7.007859200006351,194.484375,225.0,632.0,225.0,224.0,0.0,2.0,True,configuration_graph,True,validated,,436.5324275155856,True,465b6951ad4d10c610be3ed9b5caca1f66eade3887210b3607b549c8d9447aae,False,55.0,800000 main; 2000000 preprocessing,optimal_configuration_graph,worker_exited,,solution_return,validated,,,,,stratified final20 single observation,30.0,46.0,46.0,,,True,,,True,H19,output/paper_v1/coverage_extension/attempt_gallery/figures/d45824141a7f98782f4fc0.png,output/paper_v1/coverage_extension/attempt_gallery/figures/d45824141a7f98782f4fc0.pdf,output\paper_v1\coverage_extension\attempt_gallery\metrics\6f6155d4cda94bf815.json
hurricane:EP041976__EP041984:a0.5|Independent continuous,24,hurricane,EP041976__EP041984,30,48,projected km,output\paper_v1\hurricane_final_20\inputs\hurricane_EP041976__EP041984.npz,2b36cf5f84c94603b94c277ea7970c2e6cf82612160bc26c97cfa9ab20d6faf9,Independent continuous,0.5,83.64402051056445,50.39076854793013,436.5324275155856,new,output\paper_v1\hurricane_final_20\slots\24\attempts\final20_24_d3470a252d2145ca9c41c4fcf7aa442b,validated,True,False,4.0,6.0,6.0,0.13333333333333333,0.125,0.1282051282051282,0.03382700000656769,0.0010967999987769872,8.81918369999039,9.52157020001323,211.5,,,0.0,0.0,,0.0,False,independent_optimization,True,validated,,827.8460935735579,False,ee0538d750fe51616e853ee23fa13edc55e36e7fd4c47e768961b4b4f5cd5e19,False,,N/A,optimal_independent_baseline,worker_exited,,solution_return,validated,,,,,stratified final20 single observation,4.0,6.0,6.0,,,True,,,True,H19,output/paper_v1/coverage_extension/attempt_gallery/figures/7566965771e528b39b877f.png,output/paper_v1/coverage_extension/attempt_gallery/figures/7566965771e528b39b877f.pdf,output\paper_v1\coverage_extension\attempt_gallery\metrics\0089b2e4914b8d2993.json
hurricane:EP081967__EP101980:a0.5|CPS-2F,25,hurricane,EP081967__EP101980,25,26,projected km,output\paper_v1\hurricane_final_20\inputs\hurricane_EP081967__EP101980.npz,0946514b39933f9ee0d804e81a1a0d4ec1b8e11aaa85884cc2187bcb3030e97c,CPS-2F,0.5,58.49826189155207,56.24516977788647,275.4479155672447,new,output\paper_v1\hurricane_final_20\slots\25\attempts\final20_25_66c8bad9489b41fab6327cf23c780263,validated,True,False,4.0,4.0,4.0,0.16,0.15384615384615385,0.1568627450980392,1.3483357999939471,0.0010406999790575355,9.337196200009203,11.353829500003485,220.375,1675.0,636165.0,1675.0,1674.0,0.0,2.0,True,configuration_graph,True,validated,,267.79068668295764,True,9cb22e4ef5c8ed1eb531e8804aefca2c16578a31cde957903fe771a60e09daf5,False,55.0,800000 main,optimal_configuration_graph,worker_exited,,solution_return,validated,,,,,stratified final20 single observation,4.0,4.0,4.0,,,True,,,True,H20,output/paper_v1/coverage_extension/attempt_gallery/figures/0c810b841b9323bdfdc681.png,output/paper_v1/coverage_extension/attempt_gallery/figures/0c810b841b9323bdfdc681.pdf,output\paper_v1\coverage_extension\attempt_gallery\metrics\3af6c2da2f03a29b07.json
hurricane:EP081967__EP101980:a0.5|CPS-3F,26,hurricane,EP081967__EP101980,25,26,projected km,output\paper_v1\hurricane_final_20\inputs\hurricane_EP081967__EP101980.npz,0946514b39933f9ee0d804e81a1a0d4ec1b8e11aaa85884cc2187bcb3030e97c,CPS-3F,0.5,58.49826189155207,56.24516977788647,275.4479155672447,new,output\paper_v1\hurricane_final_20\slots\26\attempts\final20_26_30241021b400499a9710be07c88dddac,validated,True,False,24.0,26.0,26.0,0.96,1.0,0.9803921568627451,0.02887929999269545,0.003855399991152808,6.2069460000202525,6.8801501999842,194.22265625,100.0,238.0,100.0,99.0,0.0,2.0,True,configuration_graph,True,validated,,267.79068668295764,True,26ffd2834c4a2ace1ce4e13b99b2e1a81c1d0eacaa8d3c6ce87f20283d12e300,False,55.0,800000 main; 2000000 preprocessing,optimal_configuration_graph,worker_exited,,solution_return,validated,,,,,stratified final20 single observation,24.0,26.0,26.0,,,True,,,True,H20,output/paper_v1/coverage_extension/attempt_gallery/figures/098849c2d1c4289293be91.png,output/paper_v1/coverage_extension/attempt_gallery/figures/098849c2d1c4289293be91.pdf,output\paper_v1\coverage_extension\attempt_gallery\metrics\dc8865d4892e0c942d.json
hurricane:EP081967__EP101980:a0.5|Independent continuous,27,hurricane,EP081967__EP101980,25,26,projected km,output\paper_v1\hurricane_final_20\inputs\hurricane_EP081967__EP101980.npz,0946514b39933f9ee0d804e81a1a0d4ec1b8e11aaa85884cc2187bcb3030e97c,Independent continuous,0.5,58.49826189155207,56.24516977788647,275.4479155672447,new,output\paper_v1\hurricane_final_20\slots\27\attempts\final20_27_de706e57356c4f08ba62f91aba4abaa5,validated,True,False,4.0,3.0,4.0,0.16,0.11538461538461539,0.13725490196078433,0.010675300000002608,0.0008187000057660043,8.387730899994494,9.046611500001745,212.03125,,,0.0,0.0,,0.0,False,independent_optimization,True,validated,,702.9479211864347,False,e9cbdcbdb9c2b571e36ba2ced42177c52d3d47954e2d14a79236ae282baf49a0,False,,N/A,optimal_independent_baseline,worker_exited,,solution_return,validated,,,,,stratified final20 single observation,4.0,3.0,4.0,,,True,,,True,H20,output/paper_v1/coverage_extension/attempt_gallery/figures/4502395c1882cbf28deabd.png,output/paper_v1/coverage_extension/attempt_gallery/figures/4502395c1882cbf28deabd.pdf,output\paper_v1\coverage_extension\attempt_gallery\metrics\198c09d4c9a71df2d0.json
hurricane:EP081967__EP101980:a0.5|Independent discrete,28,hurricane,EP081967__EP101980,25,26,projected km,output\paper_v1\hurricane_final_20\inputs\hurricane_EP081967__EP101980.npz,0946514b39933f9ee0d804e81a1a0d4ec1b8e11aaa85884cc2187bcb3030e97c,Independent discrete,0.5,58.49826189155207,56.24516977788647,275.4479155672447,new,output\paper_v1\hurricane_final_20\slots\28\attempts\final20_28_8c2506e898e04b858825e283a3e44fdf,validated,True,False,24.0,26.0,26.0,0.96,1.0,0.9803921568627451,0.005400199996074662,0.004158099996857345,6.133046600007219,6.786389999993844,194.5078125,,,0.0,0.0,,0.0,False,independent_optimization,True,validated,,267.79068668295764,True,5639a805434c502401cd42b59a9513f298a183f5472e6e51f74e185471ab0515,False,,2000000 default,optimal_independent_baseline,worker_exited,,solution_return,validated,,,,,stratified final20 single observation,24.0,26.0,26.0,,,True,,,True,H20,output/paper_v1/coverage_extension/attempt_gallery/figures/4d88d1e07ffd1b435c8f2a.png,output/paper_v1/coverage_extension/attempt_gallery/figures/4d88d1e07ffd1b435c8f2a.pdf,output\paper_v1\coverage_extension\attempt_gallery\metrics\a0b7d170a11926666b.json
hurricane:EP031994__EP031978:a0.5|CPS-3F,29,hurricane,EP031994__EP031978,29,35,projected km,output\paper_v1\hurricane_final_20\inputs\hurricane_EP031994__EP031978.npz,1d28bc38a35762d764489667768030a48b0d3b023d8e11cf8dd1e994b766d591,CPS-3F,0.5,55.959134751814815,50.925845594557714,569.7520381273594,new,output\paper_v1\hurricane_final_20\slots\29\attempts\final20_29_aa3ca4b72b8c4222901d54440e883ea9,validated,True,False,29.0,33.0,33.0,1.0,0.9428571428571428,0.96875,0.03687450001598336,0.005482600012328476,6.082833099993877,6.783809999993537,194.70703125,235.0,639.0,235.0,234.0,0.0,2.0,True,configuration_graph,True,validated,,559.6076726995886,True,7e846befe3982edab186e9251cf18f35f10d404de5ba7311a54abac55e60a6c3,False,55.0,800000 main; 2000000 preprocessing,optimal_configuration_graph,worker_exited,,solution_return,validated,,,,,stratified final20 single observation,29.0,33.0,33.0,,,True,,,True,H21,output/paper_v1/coverage_extension/attempt_gallery/figures/c539af4cda6ef2f27021cb.png,output/paper_v1/coverage_extension/attempt_gallery/figures/c539af4cda6ef2f27021cb.pdf,output\paper_v1\coverage_extension\attempt_gallery\metrics\30083c2acba46185a1.json
hurricane:EP031994__EP031978:a0.5|Independent continuous,30,hurricane,EP031994__EP031978,29,35,projected km,output\paper_v1\hurricane_final_20\inputs\hurricane_EP031994__EP031978.npz,1d28bc38a35762d764489667768030a48b0d3b023d8e11cf8dd1e994b766d591,Independent continuous,0.5,55.959134751814815,50.925845594557714,569.7520381273594,new,output\paper_v1\hurricane_final_20\slots\30\attempts\final20_30_475599a6b1d54bdd80bc1cff799f4c26,validated,True,False,3.0,6.0,6.0,0.10344827586206896,0.17142857142857143,0.140625,0.019133900001179427,0.0010051999997813255,8.382048400002532,9.063583299983293,211.1171875,,,0.0,0.0,,0.0,False,independent_optimization,True,validated,,937.291951316008,False,7234cefb94523c3c7cc6e64fbde4d0cdbbf0c2591be99cfce9c9429d4025d6fd,False,,N/A,optimal_independent_baseline,worker_exited,,solution_return,validated,,,,,stratified final20 single observation,3.0,6.0,6.0,,,True,,,True,H21,output/paper_v1/coverage_extension/attempt_gallery/figures/4b9c1c0d829118fdced68d.png,output/paper_v1/coverage_extension/attempt_gallery/figures/4b9c1c0d829118fdced68d.pdf,output\paper_v1\coverage_extension\attempt_gallery\metrics\cc6afa8705ac05df4c.json
hurricane:EP031994__EP031978:a0.5|Independent discrete,31,hurricane,EP031994__EP031978,29,35,projected km,output\paper_v1\hurricane_final_20\inputs\hurricane_EP031994__EP031978.npz,1d28bc38a35762d764489667768030a48b0d3b023d8e11cf8dd1e994b766d591,Independent discrete,0.5,55.959134751814815,50.925845594557714,569.7520381273594,new,output\paper_v1\hurricane_final_20\slots\31\attempts\final20_31_dc00c064cb1d4e339c7e15dbb6f227bb,validated,True,False,29.0,33.0,33.0,1.0,0.9428571428571428,0.96875,0.008231499989051372,0.009109899983741343,6.213632700004382,6.91475709999213,194.25,,,0.0,0.0,,0.0,False,independent_optimization,True,validated,,559.6076726995886,True,66d9e55f65fa0f5393f5699f1d4f668797412408df930125eeaedda0e3f68e86,False,,2000000 default,optimal_independent_baseline,worker_exited,,solution_return,validated,,,,,stratified final20 single observation,29.0,33.0,33.0,,,True,,,True,H21,output/paper_v1/coverage_extension/attempt_gallery/figures/b92d184998040d556299a2.png,output/paper_v1/coverage_extension/attempt_gallery/figures/b92d184998040d556299a2.pdf,output\paper_v1\coverage_extension\attempt_gallery\metrics\11f39126c922e3add7.json
hurricane:EP031994__EP031978:a0.5|CPS-2F,32,hurricane,EP031994__EP031978,29,35,projected km,output\paper_v1\hurricane_final_20\inputs\hurricane_EP031994__EP031978.npz,1d28bc38a35762d764489667768030a48b0d3b023d8e11cf8dd1e994b766d591,CPS-2F,0.5,55.959134751814815,50.925845594557714,569.7520381273594,new,output\paper_v1\hurricane_final_20\slots\32\attempts\final20_32_d7629be544a04b7c9a22f439d333fc89,validated,True,False,4.0,6.0,6.0,0.13793103448275862,0.17142857142857143,0.15625,3.5850653999950737,0.0010093999735545367,15.585915000003297,20.124959000007948,224.96484375,3403.0,1648014.0,3403.0,3402.0,0.0,2.0,True,configuration_graph,True,validated,,560.9631223298908,True,22e8ce1359da2c2f378095188044a310c1c2e46ca5d67c7ec530c7624e064841,False,55.0,800000 main,optimal_configuration_graph,worker_exited,,solution_return,validated,,,,,stratified final20 single observation,4.0,6.0,6.0,,,True,,,True,H21,output/paper_v1/coverage_extension/attempt_gallery/figures/12179f942110f512e14afa.png,output/paper_v1/coverage_extension/attempt_gallery/figures/12179f942110f512e14afa.pdf,output\paper_v1\coverage_extension\attempt_gallery\metrics\971d14d11696ddf4a3.json
hurricane:EP021985__EP181984:a0.5|Independent continuous,33,hurricane,EP021985__EP181984,41,36,projected km,output\paper_v1\hurricane_final_20\inputs\hurricane_EP021985__EP181984.npz,55cb19cbe18e96961f064d76de7fb24a5594e61c951d573b5bcccb3346af57b6,Independent continuous,0.5,43.37875585432532,36.58753352077068,472.3424551981962,new,output\paper_v1\hurricane_final_20\slots\33\attempts\final20_33_2caf8d64c11043df8a23af6f3c211a35,validated,True,False,3.0,4.0,4.0,0.07317073170731707,0.1111111111111111,0.09090909090909091,0.027624900016235188,0.0010532999876886606,8.438277000008384,9.14576029998716,211.0,,,0.0,0.0,,0.0,False,independent_optimization,True,validated,,654.0764671467856,False,9bfb1ed444589ae337b087903af000a0d96c2fde0a2d4aa0347cd40a2aef315a,False,,N/A,optimal_independent_baseline,worker_exited,,solution_return,validated,,,,,stratified final20 single observation,3.0,4.0,4.0,,,True,,,True,H22,output/paper_v1/coverage_extension/attempt_gallery/figures/ce3fd91ea6ba74a4f884cc.png,output/paper_v1/coverage_extension/attempt_gallery/figures/ce3fd91ea6ba74a4f884cc.pdf,output\paper_v1\coverage_extension\attempt_gallery\metrics\2a7216be356a8ef061.json
hurricane:EP021985__EP181984:a0.5|Independent discrete,34,hurricane,EP021985__EP181984,41,36,projected km,output\paper_v1\hurricane_final_20\inputs\hurricane_EP021985__EP181984.npz,55cb19cbe18e96961f064d76de7fb24a5594e61c951d573b5bcccb3346af57b6,Independent discrete,0.5,43.37875585432532,36.58753352077068,472.3424551981962,new,output\paper_v1\hurricane_final_20\slots\34\attempts\final20_34_ea9ee483f1294ae3a828afeb3625747f,validated,True,False,41.0,31.0,41.0,1.0,0.8611111111111112,0.935064935064935,0.008108400012133643,0.00776360000600107,6.181967299984535,6.8402401999919675,193.92578125,,,0.0,0.0,,0.0,False,independent_optimization,True,validated,,472.3424551981962,True,cf948851ced2337c5268fa9e5b1f65c1b15239f0541192afc833ebe6727b4351,False,,2000000 default,optimal_independent_baseline,worker_exited,,solution_return,validated,,,,,stratified final20 single observation,41.0,31.0,41.0,,,True,,,True,H22,output/paper_v1/coverage_extension/attempt_gallery/figures/84dab42711588976146286.png,output/paper_v1/coverage_extension/attempt_gallery/figures/84dab42711588976146286.pdf,output\paper_v1\coverage_extension\attempt_gallery\metrics\1ee4d27eb8aa11db92.json
hurricane:EP021985__EP181984:a0.5|CPS-2F,35,hurricane,EP021985__EP181984,41,36,projected km,output\paper_v1\hurricane_final_20\inputs\hurricane_EP021985__EP181984.npz,55cb19cbe18e96961f064d76de7fb24a5594e61c951d573b5bcccb3346af57b6,CPS-2F,0.5,43.37875585432532,36.58753352077068,472.3424551981962,new,output\paper_v1\hurricane_final_20\slots\35\attempts\final20_35_ebb9bf586aa24487a1f9d9f887ce4018,validated,True,False,4.0,4.0,4.0,0.0975609756097561,0.1111111111111111,0.1038961038961039,28.729263600020204,0.0010812999971676618,9.298267799982568,38.63007480002125,249.24609375,6553.0,7885493.0,6553.0,6552.0,0.0,2.0,True,configuration_graph,True,validated,,472.3424551981962,True,4eb3868cbef46c417b1d60e4485dd69e3730a7ee987337711a4c56a749bd9ce9,False,55.0,800000 main,optimal_configuration_graph,worker_exited,,solution_return,validated,,,,,stratified final20 single observation,4.0,4.0,4.0,,,True,,,True,H22,output/paper_v1/coverage_extension/attempt_gallery/figures/a3d70db0a563cfb2dc7918.png,output/paper_v1/coverage_extension/attempt_gallery/figures/a3d70db0a563cfb2dc7918.pdf,output\paper_v1\coverage_extension\attempt_gallery\metrics\1b1d1d11013b1aa6b7.json
hurricane:EP021985__EP181984:a0.5|CPS-3F,36,hurricane,EP021985__EP181984,41,36,projected km,output\paper_v1\hurricane_final_20\inputs\hurricane_EP021985__EP181984.npz,55cb19cbe18e96961f064d76de7fb24a5594e61c951d573b5bcccb3346af57b6,CPS-3F,0.5,43.37875585432532,36.58753352077068,472.3424551981962,new,output\paper_v1\hurricane_final_20\slots\36\attempts\final20_36_4e04d78dd5974e99b6e05aa37ad0a368,validated,True,False,41.0,31.0,41.0,1.0,0.8611111111111112,0.935064935064935,0.03961519998847507,0.007583800004795194,6.0870538000017405,6.769721300021047,194.8984375,504.0,2402.0,504.0,503.0,0.0,2.0,True,configuration_graph,True,validated,,472.3424551981962,True,ad955476b312fb1a639628aa79e8f4e37713022413c9ad8279f13febae0f1893,False,55.0,800000 main; 2000000 preprocessing,optimal_configuration_graph,worker_exited,,solution_return,validated,,,,,stratified final20 single observation,41.0,31.0,41.0,,,True,,,True,H22,output/paper_v1/coverage_extension/attempt_gallery/figures/f4100b0dc914b9348ddeaf.png,output/paper_v1/coverage_extension/attempt_gallery/figures/f4100b0dc914b9348ddeaf.pdf,output\paper_v1\coverage_extension\attempt_gallery\metrics\31f3e90b93ceb21c0d.json
hurricane:AL101886__AL051950:a0.5|Independent discrete,37,hurricane,AL101886__AL051950,25,38,projected km,output\paper_v1\hurricane_final_20\inputs\hurricane_AL101886__AL051950.npz,f25f94d3a701d9a25b14646dc7b39b615e35be775c28cac17d3aa907bd4c8de6,Independent discrete,0.5,43.474298909026594,35.76313176940481,820.0003849815315,new,output\paper_v1\hurricane_final_20\slots\37\attempts\final20_37_51b2e98e30d54d699e42eed27543c97a,validated,True,False,24.0,28.0,28.0,0.96,0.7368421052631579,0.8253968253968254,0.007918599992990494,0.00415439999778755,6.335325899999589,6.990687200013781,194.0703125,,,0.0,0.0,,0.0,False,independent_optimization,True,validated,,820.0003849815315,True,7e92d0da2f38352e4f17a1b04086b5702796f0d2f359c5c1c9059e8a332a3fed,False,,2000000 default,optimal_independent_baseline,worker_exited,,solution_return,validated,,,,,stratified final20 single observation,24.0,28.0,28.0,,,True,,,True,H23,output/paper_v1/coverage_extension/attempt_gallery/figures/ea2ba8908c462def1a6e88.png,output/paper_v1/coverage_extension/attempt_gallery/figures/ea2ba8908c462def1a6e88.pdf,output\paper_v1\coverage_extension\attempt_gallery\metrics\00ba255083889f6d71.json
hurricane:AL101886__AL051950:a0.5|CPS-2F,38,hurricane,AL101886__AL051950,25,38,projected km,output\paper_v1\hurricane_final_20\inputs\hurricane_AL101886__AL051950.npz,f25f94d3a701d9a25b14646dc7b39b615e35be775c28cac17d3aa907bd4c8de6,CPS-2F,0.5,43.474298909026594,35.76313176940481,820.0003849815315,new,output\paper_v1\hurricane_final_20\slots\38\attempts\final20_38_58df75aaae554088a8460ccc5c84df2f,validated,True,False,5.0,11.0,11.0,0.2,0.2894736842105263,0.25396825396825395,26.220165100006852,0.00550859997747466,9.654401200008579,36.588156499987235,236.16015625,11941.0,10421580.0,11941.0,11940.0,0.0,2.0,True,configuration_graph,True,validated,,796.4814255884816,True,2589a0f0e836989aede3cebb47cd3f2f4bc0e12af630af0121f27e58e21b8327,False,55.0,800000 main,optimal_configuration_graph,worker_exited,,solution_return,validated,,,,,stratified final20 single observation,5.0,11.0,11.0,,,True,,,True,H23,output/paper_v1/coverage_extension/attempt_gallery/figures/56a6c75370c194c9f127fc.png,output/paper_v1/coverage_extension/attempt_gallery/figures/56a6c75370c194c9f127fc.pdf,output\paper_v1\coverage_extension\attempt_gallery\metrics\50d5cd4eb469391579.json
hurricane:AL101886__AL051950:a0.5|CPS-3F,39,hurricane,AL101886__AL051950,25,38,projected km,output\paper_v1\hurricane_final_20\inputs\hurricane_AL101886__AL051950.npz,f25f94d3a701d9a25b14646dc7b39b615e35be775c28cac17d3aa907bd4c8de6,CPS-3F,0.5,43.474298909026594,35.76313176940481,820.0003849815315,new,output\paper_v1\hurricane_final_20\slots\39\attempts\final20_39_f320fc4065b8426997773f0f0db07068,validated,True,False,24.0,28.0,28.0,0.96,0.7368421052631579,0.8253968253968254,0.03821100000641309,0.005325500009348616,6.281195699993987,6.9936812999949325,194.7578125,761.0,3952.0,761.0,760.0,0.0,2.0,True,configuration_graph,True,validated,,820.0003849815315,True,e37e6fbd0983b7ed49ab133dbd9bc29a7d1f4dcb4b99a4f671c1fff9e9488851,False,55.0,800000 main; 2000000 preprocessing,optimal_configuration_graph,worker_exited,,solution_return,validated,,,,,stratified final20 single observation,24.0,28.0,28.0,,,True,,,True,H23,output/paper_v1/coverage_extension/attempt_gallery/figures/1076e1412a50f94f7d6db5.png,output/paper_v1/coverage_extension/attempt_gallery/figures/1076e1412a50f94f7d6db5.pdf,output\paper_v1\coverage_extension\attempt_gallery\metrics\c39f2f258b603ee31d.json
hurricane:AL101886__AL051950:a0.5|Independent continuous,40,hurricane,AL101886__AL051950,25,38,projected km,output\paper_v1\hurricane_final_20\inputs\hurricane_AL101886__AL051950.npz,f25f94d3a701d9a25b14646dc7b39b615e35be775c28cac17d3aa907bd4c8de6,Independent continuous,0.5,43.474298909026594,35.76313176940481,820.0003849815315,new,output\paper_v1\hurricane_final_20\slots\40\attempts\final20_40_4c2bf1aaa30540999f85ae007f04ef46,validated,True,False,5.0,11.0,11.0,0.2,0.2894736842105263,0.25396825396825395,0.019697399984579533,0.0013789000222459435,8.821992200013483,9.554313300002832,211.18359375,,,0.0,0.0,,0.0,False,independent_optimization,True,validated,,796.4814255884816,True,6267e2e73f8a675c2910dadec1025424263b5d66eef8449a7a19b5d3cff12674,False,,N/A,optimal_independent_baseline,worker_exited,,solution_return,validated,,,,,stratified final20 single observation,5.0,11.0,11.0,,,True,,,True,H23,output/paper_v1/coverage_extension/attempt_gallery/figures/0be4d081c5d02577044b6b.png,output/paper_v1/coverage_extension/attempt_gallery/figures/0be4d081c5d02577044b6b.pdf,output\paper_v1\coverage_extension\attempt_gallery\metrics\d40485086e82f1d951.json
hurricane:AL091947__AL011953:a0.5|CPS-2F,41,hurricane,AL091947__AL011953,36,53,projected km,output\paper_v1\hurricane_final_20\inputs\hurricane_AL091947__AL011953.npz,4031a8fd96ff75fa97fa22b47e517942f0d69918d5e7e816aeefb1b31df04589,CPS-2F,0.5,52.29511935829839,32.915760399141355,1009.5226098832308,new,output\paper_v1\hurricane_final_20\slots\41\attempts\final20_41_0a466baa66464fb3943e4e57645c28be,validated,True,False,8.0,14.0,14.0,0.2222222222222222,0.2641509433962264,0.24719101123595505,11.655956500006141,0.0024047000042628497,9.379213800013531,21.65210730000399,243.0,15604.0,7636068.0,15604.0,15603.0,0.0,2.0,True,configuration_graph,True,validated,,1004.1042444727788,True,20a7df3292c41c98f272c65f30ff3166762ed65960a5ce65af1b155acaeb3036,False,55.0,800000 main,optimal_configuration_graph,worker_exited,,solution_return,validated,,,,,stratified final20 single observation,8.0,14.0,14.0,,,True,,,True,H24,output/paper_v1/coverage_extension/attempt_gallery/figures/956dbe6d05fb5d545f3bd4.png,output/paper_v1/coverage_extension/attempt_gallery/figures/956dbe6d05fb5d545f3bd4.pdf,output\paper_v1\coverage_extension\attempt_gallery\metrics\46048a13f6fd637fdb.json
hurricane:AL091947__AL011953:a0.5|CPS-3F,42,hurricane,AL091947__AL011953,36,53,projected km,output\paper_v1\hurricane_final_20\inputs\hurricane_AL091947__AL011953.npz,4031a8fd96ff75fa97fa22b47e517942f0d69918d5e7e816aeefb1b31df04589,CPS-3F,0.5,52.29511935829839,32.915760399141355,1009.5226098832308,new,output\paper_v1\hurricane_final_20\slots\42\attempts\final20_42_d2895748c5d14bdeb6a05676e77abfb5,validated,True,False,34.0,45.0,45.0,0.9444444444444444,0.8490566037735849,0.8876404494382022,0.052097100007813424,0.008875400002580136,6.256517100002384,7.109292599983746,194.6171875,1237.0,5869.0,1237.0,1236.0,0.0,2.0,True,configuration_graph,True,validated,,1009.5226098832308,True,10cb85eef27b33eba1b1ec4dbcd331bb8aac467fbe9821a610f42f1420a2d403,False,55.0,800000 main; 2000000 preprocessing,optimal_configuration_graph,worker_exited,,solution_return,validated,,,,,stratified final20 single observation,34.0,45.0,45.0,,,True,,,True,H24,output/paper_v1/coverage_extension/attempt_gallery/figures/b51a6a39065c28c56b69e2.png,output/paper_v1/coverage_extension/attempt_gallery/figures/b51a6a39065c28c56b69e2.pdf,output\paper_v1\coverage_extension\attempt_gallery\metrics\23e6f6a9b3862f4a10.json
hurricane:AL091947__AL011953:a0.5|Independent continuous,43,hurricane,AL091947__AL011953,36,53,projected km,output\paper_v1\hurricane_final_20\inputs\hurricane_AL091947__AL011953.npz,4031a8fd96ff75fa97fa22b47e517942f0d69918d5e7e816aeefb1b31df04589,Independent continuous,0.5,52.29511935829839,32.915760399141355,1009.5226098832308,new,output\paper_v1\hurricane_final_20\slots\43\attempts\final20_43_2836407e874c424f8e39aa2dc464034d,validated,True,False,8.0,14.0,14.0,0.2222222222222222,0.2641509433962264,0.24719101123595505,0.05249619999085553,0.0020019000221509486,8.501144999987446,9.28114320000168,211.62890625,,,0.0,0.0,,0.0,False,independent_optimization,True,validated,,1004.1042444727788,True,cf2befea6b727e5fc85e81a7505d0ea63cace6eadd8cdf6c07c1c904a14a8682,False,,N/A,optimal_independent_baseline,worker_exited,,solution_return,validated,,,,,stratified final20 single observation,8.0,14.0,14.0,,,True,,,True,H24,output/paper_v1/coverage_extension/attempt_gallery/figures/d9c57767257c1bc6f1f227.png,output/paper_v1/coverage_extension/attempt_gallery/figures/d9c57767257c1bc6f1f227.pdf,output\paper_v1\coverage_extension\attempt_gallery\metrics\6e5dca71c045c88e92.json
hurricane:AL091947__AL011953:a0.5|Independent discrete,44,hurricane,AL091947__AL011953,36,53,projected km,output\paper_v1\hurricane_final_20\inputs\hurricane_AL091947__AL011953.npz,4031a8fd96ff75fa97fa22b47e517942f0d69918d5e7e816aeefb1b31df04589,Independent discrete,0.5,52.29511935829839,32.915760399141355,1009.5226098832308,new,output\paper_v1\hurricane_final_20\slots\44\attempts\final20_44_4bd691e859f24298bcd50204bf7e8ce2,validated,True,False,34.0,45.0,45.0,0.9444444444444444,0.8490566037735849,0.8876404494382022,0.01750210000318475,0.009427799988770857,6.398459899995942,7.135785100021167,194.00390625,,,0.0,0.0,,0.0,False,independent_optimization,True,validated,,1009.5226098832308,True,eedde4ec3bf6e7c4154f34bef567c7efca6f95a63a735358d3d087e90af3efe3,False,,2000000 default,optimal_independent_baseline,worker_exited,,solution_return,validated,,,,,stratified final20 single observation,34.0,45.0,45.0,,,True,,,True,H24,output/paper_v1/coverage_extension/attempt_gallery/figures/58846c583831b01457ce2e.png,output/paper_v1/coverage_extension/attempt_gallery/figures/58846c583831b01457ce2e.pdf,output\paper_v1\coverage_extension\attempt_gallery\metrics\3467995d3e9008dfa8.json
hurricane:EP072011__EP092011:a0.5|CPS-3F,45,hurricane,EP072011__EP092011,26,50,projected km,output\paper_v1\hurricane_final_20\inputs\hurricane_EP072011__EP092011.npz,713b56e638ff3d937cd45d4d877fd079194042f824e2bf0397f43daf6fc357df,CPS-3F,0.5,61.390107461780424,38.9242234382456,401.5857984622588,new,output\paper_v1\hurricane_final_20\slots\45\attempts\final20_45_0821628804ba483ba30cbc671c8e4102,validated,True,False,26.0,45.0,45.0,1.0,0.9,0.9342105263157895,0.03877210000064224,0.006796400004532188,6.081837900012033,6.783291299972916,194.890625,260.0,798.0,260.0,259.0,0.0,2.0,True,configuration_graph,True,validated,,401.5857984622588,True,0ca334d9079d1c9c738354dc39af8615091e63e450c26641e1d1b8bf5b87d08c,False,55.0,800000 main; 2000000 preprocessing,optimal_configuration_graph,worker_exited,,solution_return,validated,,,,,stratified final20 single observation,26.0,45.0,45.0,,,True,,,True,H25,output/paper_v1/coverage_extension/attempt_gallery/figures/40b0a9b8995893b25dd452.png,output/paper_v1/coverage_extension/attempt_gallery/figures/40b0a9b8995893b25dd452.pdf,output\paper_v1\coverage_extension\attempt_gallery\metrics\0a4026085c69f66d55.json
hurricane:EP072011__EP092011:a0.5|Independent continuous,46,hurricane,EP072011__EP092011,26,50,projected km,output\paper_v1\hurricane_final_20\inputs\hurricane_EP072011__EP092011.npz,713b56e638ff3d937cd45d4d877fd079194042f824e2bf0397f43daf6fc357df,Independent continuous,0.5,61.390107461780424,38.9242234382456,401.5857984622588,new,output\paper_v1\hurricane_final_20\slots\46\attempts\final20_46_37192d3934c744d582184f79b62e61d8,validated,True,False,4.0,7.0,7.0,0.15384615384615385,0.14,0.14473684210526316,0.035003600001800805,0.0011245000059716403,8.954050600004848,9.745583200012334,211.09765625,,,0.0,0.0,,0.0,False,independent_optimization,True,validated,,652.6949279490382,False,99c2843fcd234c6eda8d6cdf45a9a6ff91d5e1c6f4df8e9e0bc667462f4084ad,False,,N/A,optimal_independent_baseline,worker_exited,,solution_return,validated,,,,,stratified final20 single observation,4.0,7.0,7.0,,,True,,,True,H25,output/paper_v1/coverage_extension/attempt_gallery/figures/233365cc777d96c8ac9265.png,output/paper_v1/coverage_extension/attempt_gallery/figures/233365cc777d96c8ac9265.pdf,output\paper_v1\coverage_extension\attempt_gallery\metrics\35a71090a00fe2348b.json
hurricane:EP072011__EP092011:a0.5|Independent discrete,47,hurricane,EP072011__EP092011,26,50,projected km,output\paper_v1\hurricane_final_20\inputs\hurricane_EP072011__EP092011.npz,713b56e638ff3d937cd45d4d877fd079194042f824e2bf0397f43daf6fc357df,Independent discrete,0.5,61.390107461780424,38.9242234382456,401.5857984622588,new,output\paper_v1\hurricane_final_20\slots\47\attempts\final20_47_d4a9dc9ae7b84cda9454df9608014fe7,validated,True,False,26.0,45.0,45.0,1.0,0.9,0.9342105263157895,0.011407399986637756,0.007964800024637952,6.164498600002844,6.860734799993224,194.609375,,,0.0,0.0,,0.0,False,independent_optimization,True,validated,,401.5857984622588,True,dfb22e30f263f313b3277e574df7e7c5fcc016641dfc8ecfd29ba6e9db6a76ad,False,,2000000 default,optimal_independent_baseline,worker_exited,,solution_return,validated,,,,,stratified final20 single observation,26.0,45.0,45.0,,,True,,,True,H25,output/paper_v1/coverage_extension/attempt_gallery/figures/2753b5b431ef2d589983e2.png,output/paper_v1/coverage_extension/attempt_gallery/figures/2753b5b431ef2d589983e2.pdf,output\paper_v1\coverage_extension\attempt_gallery\metrics\14236339e5c0e2ed28.json
hurricane:EP072011__EP092011:a0.5|CPS-2F,48,hurricane,EP072011__EP092011,26,50,projected km,output\paper_v1\hurricane_final_20\inputs\hurricane_EP072011__EP092011.npz,713b56e638ff3d937cd45d4d877fd079194042f824e2bf0397f43daf6fc357df,CPS-2F,0.5,61.390107461780424,38.9242234382456,401.5857984622588,new,output\paper_v1\hurricane_final_20\slots\48\attempts\final20_48_2edd7361056443178e128d82458295ee,validated,True,False,5.0,7.0,7.0,0.19230769230769232,0.14,0.15789473684210525,4.614621599990642,0.001992300007259473,9.363285800005542,14.620300299982773,227.0625,3992.0,2000225.0,3992.0,3991.0,0.0,2.0,True,configuration_graph,True,validated,,400.40844854787963,True,a8e9a247b0b50b1f8307bf0a70cb574e1a0a6bc713851c408ea8e9322da9849d,False,55.0,800000 main,optimal_configuration_graph,worker_exited,,solution_return,validated,,,,,stratified final20 single observation,5.0,7.0,7.0,,,True,,,True,H25,output/paper_v1/coverage_extension/attempt_gallery/figures/f974debdfb4052df0fbb4b.png,output/paper_v1/coverage_extension/attempt_gallery/figures/f974debdfb4052df0fbb4b.pdf,output\paper_v1\coverage_extension\attempt_gallery\metrics\9a55aaa6e6cc4dc317.json
hurricane:AL171980__AL112009:a0.5|Independent continuous,49,hurricane,AL171980__AL112009,25,31,projected km,output\paper_v1\hurricane_final_20\inputs\hurricane_AL171980__AL112009.npz,5de1fe8932de570845156bf23d5f0b282c1e5938a22df37324c8f517a6fe250f,Independent continuous,0.5,46.16236679818303,45.7059501167157,581.976309646647,new,output\paper_v1\hurricane_final_20\slots\49\attempts\final20_49_08a4e1c1718046018d829bbf67b74f8d,validated,True,False,6.0,6.0,6.0,0.24,0.1935483870967742,0.21428571428571427,0.014490700006717816,0.0013949999993201345,8.404902999987826,9.07932270001038,212.23828125,,,0.0,0.0,,0.0,False,independent_optimization,True,validated,,604.897441504401,False,906f2ef1b32866afcdfbb1d0b7612ecf8029eb437877eed6781e4e75504f01c9,False,,N/A,optimal_independent_baseline,worker_exited,,solution_return,validated,,,,,stratified final20 single observation,6.0,6.0,6.0,,,True,,,True,H26,output/paper_v1/coverage_extension/attempt_gallery/figures/55b42405f49682188da7c2.png,output/paper_v1/coverage_extension/attempt_gallery/figures/55b42405f49682188da7c2.pdf,output\paper_v1\coverage_extension\attempt_gallery\metrics\2b258549ad3c9b9b41.json
hurricane:AL171980__AL112009:a0.5|Independent discrete,50,hurricane,AL171980__AL112009,25,31,projected km,output\paper_v1\hurricane_final_20\inputs\hurricane_AL171980__AL112009.npz,5de1fe8932de570845156bf23d5f0b282c1e5938a22df37324c8f517a6fe250f,Independent discrete,0.5,46.16236679818303,45.7059501167157,581.976309646647,new,output\paper_v1\hurricane_final_20\slots\50\attempts\final20_50_a4383118ca454e09b67c5cf1cc90a664,validated,True,False,25.0,28.0,28.0,1.0,0.9032258064516129,0.9464285714285714,0.006229099992197007,0.005319199990481138,6.159655299998121,7.003501800005324,194.40625,,,0.0,0.0,,0.0,False,independent_optimization,True,validated,,567.4684502395265,True,bdcea81e1b98f678c66a969df887684662f267ba0ce80a2e627af76be9ef0ab4,False,,2000000 default,optimal_independent_baseline,worker_exited,,solution_return,validated,,,,,stratified final20 single observation,25.0,28.0,28.0,,,True,,,True,H26,output/paper_v1/coverage_extension/attempt_gallery/figures/ebfe80dca7a33520a13a40.png,output/paper_v1/coverage_extension/attempt_gallery/figures/ebfe80dca7a33520a13a40.pdf,output\paper_v1\coverage_extension\attempt_gallery\metrics\ae91cbdccf6cab16d4.json
hurricane:AL171980__AL112009:a0.5|CPS-2F,51,hurricane,AL171980__AL112009,25,31,projected km,output\paper_v1\hurricane_final_20\inputs\hurricane_AL171980__AL112009.npz,5de1fe8932de570845156bf23d5f0b282c1e5938a22df37324c8f517a6fe250f,CPS-2F,0.5,46.16236679818303,45.7059501167157,581.976309646647,new,output\paper_v1\hurricane_final_20\slots\51\attempts\final20_51_14a139201f594820b2f7e7b3059dcaad,validated,True,False,7.0,6.0,7.0,0.28,0.1935483870967742,0.23214285714285715,2.9894712999812327,0.001117600011639297,9.66789709997829,13.308344999997644,224.015625,4509.0,2370136.0,4509.0,4508.0,0.0,2.0,True,configuration_graph,True,validated,,581.976309646647,True,5a2109b61c8a85b11c40c217f012a5f341bb3a600b660c5b64f6c94281e758c3,False,55.0,800000 main,optimal_configuration_graph,worker_exited,,solution_return,validated,,,,,stratified final20 single observation,7.0,6.0,7.0,,,True,,,True,H26,output/paper_v1/coverage_extension/attempt_gallery/figures/10445d8fffabe5c45cad62.png,output/paper_v1/coverage_extension/attempt_gallery/figures/10445d8fffabe5c45cad62.pdf,output\paper_v1\coverage_extension\attempt_gallery\metrics\c300db84d2405b407b.json
hurricane:AL171980__AL112009:a0.5|CPS-3F,52,hurricane,AL171980__AL112009,25,31,projected km,output\paper_v1\hurricane_final_20\inputs\hurricane_AL171980__AL112009.npz,5de1fe8932de570845156bf23d5f0b282c1e5938a22df37324c8f517a6fe250f,CPS-3F,0.5,46.16236679818303,45.7059501167157,581.976309646647,new,output\paper_v1\hurricane_final_20\slots\52\attempts\final20_52_b4f045f5d8844464bd2f0bcf54eea3e8,validated,True,False,25.0,28.0,28.0,1.0,0.9032258064516129,0.9464285714285714,0.02983970000059344,0.0048716000164859,6.087768800003687,6.7238725000061095,194.984375,270.0,795.0,270.0,269.0,0.0,2.0,True,configuration_graph,True,validated,,567.4684502395265,True,fc04c819ed92b61865727762ebd2eae52591645a9b1068e0ca2728cd1a9c5b4f,False,55.0,800000 main; 2000000 preprocessing,optimal_configuration_graph,worker_exited,,solution_return,validated,,,,,stratified final20 single observation,25.0,28.0,28.0,,,True,,,True,H26,output/paper_v1/coverage_extension/attempt_gallery/figures/608d405dd74503e908863e.png,output/paper_v1/coverage_extension/attempt_gallery/figures/608d405dd74503e908863e.pdf,output\paper_v1\coverage_extension\attempt_gallery\metrics\e85ba36db02e5c433b.json
hurricane:AL102008__AL061989:a0.5|Independent discrete,53,hurricane,AL102008__AL061989,33,36,projected km,output\paper_v1\hurricane_final_20\inputs\hurricane_AL102008__AL061989.npz,03522b5f4b1b9d80013b557a1f4bb0e1c36cd495e0a8eba67de65ca6b2db84e8,Independent discrete,0.5,55.4905898744148,66.59347000338767,700.5236944883802,new,output\paper_v1\hurricane_final_20\slots\53\attempts\final20_53_8b318395eeb046589e99724d910e5bb1,validated,True,False,32.0,28.0,32.0,0.9696969696969697,0.7777777777777778,0.8695652173913043,0.008482600009301677,0.006322900007944554,6.139439599995967,6.807865100010531,194.234375,,,0.0,0.0,,0.0,False,independent_optimization,True,validated,,646.791622710143,True,5d0cbaba5b4469900b1ab29bf16bb752858580862ea5085fa3bd6238c78be341,False,,2000000 default,optimal_independent_baseline,worker_exited,,solution_return,validated,,,,,stratified final20 single observation,32.0,28.0,32.0,,,True,,,True,H27,output/paper_v1/coverage_extension/attempt_gallery/figures/e460aa7933f9ac9249047a.png,output/paper_v1/coverage_extension/attempt_gallery/figures/e460aa7933f9ac9249047a.pdf,output\paper_v1\coverage_extension\attempt_gallery\metrics\fd4fa72c924251a0ac.json
hurricane:AL102008__AL061989:a0.5|CPS-2F,54,hurricane,AL102008__AL061989,33,36,projected km,output\paper_v1\hurricane_final_20\inputs\hurricane_AL102008__AL061989.npz,03522b5f4b1b9d80013b557a1f4bb0e1c36cd495e0a8eba67de65ca6b2db84e8,CPS-2F,0.5,55.4905898744148,66.59347000338767,700.5236944883802,new,output\paper_v1\hurricane_final_20\slots\54\attempts\final20_54_5781486474d142eca33fd1ac3ecba66e,validated,True,False,4.0,5.0,5.0,0.12121212121212122,0.1388888888888889,0.13043478260869565,4.283125599991763,0.0012984999921172857,17.70065060001798,23.113295599992853,226.5,3833.0,1865958.0,3833.0,3832.0,0.0,2.0,True,configuration_graph,True,validated,,658.8924374865827,True,967d45ea6afc16f59ad04c7a46416d7fdd7e7f0492ae96475c0383dd61abcb68,False,55.0,800000 main,optimal_configuration_graph,worker_exited,,solution_return,validated,,,,,stratified final20 single observation,4.0,5.0,5.0,,,True,,,True,H27,output/paper_v1/coverage_extension/attempt_gallery/figures/9cb42816f74db59c90e5dd.png,output/paper_v1/coverage_extension/attempt_gallery/figures/9cb42816f74db59c90e5dd.pdf,output\paper_v1\coverage_extension\attempt_gallery\metrics\9ef0b89efd4d89d41e.json
hurricane:AL102008__AL061989:a0.5|CPS-3F,55,hurricane,AL102008__AL061989,33,36,projected km,output\paper_v1\hurricane_final_20\inputs\hurricane_AL102008__AL061989.npz,03522b5f4b1b9d80013b557a1f4bb0e1c36cd495e0a8eba67de65ca6b2db84e8,CPS-3F,0.5,55.4905898744148,66.59347000338767,700.5236944883802,new,output\paper_v1\hurricane_final_20\slots\55\attempts\final20_55_f8e5c012d43b42c6bfe76bb8c06d1308,validated,True,False,32.0,28.0,32.0,0.9696969696969697,0.7777777777777778,0.8695652173913043,0.038276400009635836,0.005106900003738701,6.2152965999848675,6.9277924000052735,194.33203125,321.0,1202.0,321.0,320.0,0.0,2.0,True,configuration_graph,True,validated,,646.791622710143,True,4b2bad8f869c48e972baad76e8ef958e189f00e69a2f286991ce6b3151022ca3,False,55.0,800000 main; 2000000 preprocessing,optimal_configuration_graph,worker_exited,,solution_return,validated,,,,,stratified final20 single observation,32.0,28.0,32.0,,,True,,,True,H27,output/paper_v1/coverage_extension/attempt_gallery/figures/d8c37fc8c9143baa07e3d2.png,output/paper_v1/coverage_extension/attempt_gallery/figures/d8c37fc8c9143baa07e3d2.pdf,output\paper_v1\coverage_extension\attempt_gallery\metrics\25941629dc48702201.json
hurricane:AL102008__AL061989:a0.5|Independent continuous,56,hurricane,AL102008__AL061989,33,36,projected km,output\paper_v1\hurricane_final_20\inputs\hurricane_AL102008__AL061989.npz,03522b5f4b1b9d80013b557a1f4bb0e1c36cd495e0a8eba67de65ca6b2db84e8,Independent continuous,0.5,55.4905898744148,66.59347000338767,700.5236944883802,new,output\paper_v1\hurricane_final_20\slots\56\attempts\final20_56_30668bb6fe404f53a66ffcf1cd0974e1,validated,True,False,4.0,5.0,5.0,0.12121212121212122,0.1388888888888889,0.13043478260869565,0.022386199998436496,0.0009910000080708414,19.212043899984565,21.326440599979833,211.76953125,,,0.0,0.0,,0.0,False,independent_optimization,True,validated,,658.8924374865827,True,91fe5cf0e9e666e103b3f02c7e07a3d02d3e6cb0a3338d5711bb1ecd0d297b65,False,,N/A,optimal_independent_baseline,worker_exited,,solution_return,validated,,,,,stratified final20 single observation,4.0,5.0,5.0,,,True,,,True,H27,output/paper_v1/coverage_extension/attempt_gallery/figures/614f06c943eced54fdbf94.png,output/paper_v1/coverage_extension/attempt_gallery/figures/614f06c943eced54fdbf94.pdf,output\paper_v1\coverage_extension\attempt_gallery\metrics\b9134865ed1a430193.json
hurricane:EP102002__EP042014:a0.5|CPS-2F,57,hurricane,EP102002__EP042014,31,42,projected km,output\paper_v1\hurricane_final_20\inputs\hurricane_EP102002__EP042014.npz,c7e12ce495215ad4ea07cd2563504d9596457095f47999d9c2f0a69fe0758f68,CPS-2F,0.5,45.982674841101485,33.04288866454094,408.6856459982538,new,output\paper_v1\hurricane_final_20\slots\57\attempts\final20_57_3b593e011f1945c8b0d3ed5a26fd0127,validated,True,False,5.0,5.0,5.0,0.16129032258064516,0.11904761904761904,0.136986301369863,9.175453900010325,0.001038899994455278,9.29830380002386,19.12705830001505,233.8828125,5120.0,4028404.0,5120.0,5119.0,0.0,2.0,True,configuration_graph,True,validated,,403.000534714608,True,0105b27332a2cad7422f831c7877c38821d383f77faee19e842569f1a1af88d7,False,55.0,800000 main,optimal_configuration_graph,worker_exited,,solution_return,validated,,,,,stratified final20 single observation,5.0,5.0,5.0,,,True,,,True,H28,output/paper_v1/coverage_extension/attempt_gallery/figures/c8bb588f665254269fa375.png,output/paper_v1/coverage_extension/attempt_gallery/figures/c8bb588f665254269fa375.pdf,output\paper_v1\coverage_extension\attempt_gallery\metrics\2eaa267bb4fd0ab102.json
hurricane:EP102002__EP042014:a0.5|CPS-3F,58,hurricane,EP102002__EP042014,31,42,projected km,output\paper_v1\hurricane_final_20\inputs\hurricane_EP102002__EP042014.npz,c7e12ce495215ad4ea07cd2563504d9596457095f47999d9c2f0a69fe0758f68,CPS-3F,0.5,45.982674841101485,33.04288866454094,408.6856459982538,new,output\paper_v1\hurricane_final_20\slots\58\attempts\final20_58_ea2ce80db7c94079a2cb369e959559f5,validated,True,False,29.0,32.0,32.0,0.9354838709677419,0.7619047619047619,0.8356164383561644,0.039407200005371124,0.0057487000012770295,6.252010899974266,6.9771976999763865,195.26171875,487.0,3100.0,487.0,486.0,0.0,2.0,True,configuration_graph,True,validated,,408.6856459982538,True,4f41ef9aef3ce3aa0710bd4e9fc196099c030b40830e422456cd5517d5753899,False,55.0,800000 main; 2000000 preprocessing,optimal_configuration_graph,worker_exited,,solution_return,validated,,,,,stratified final20 single observation,29.0,32.0,32.0,,,True,,,True,H28,output/paper_v1/coverage_extension/attempt_gallery/figures/e0761f930ed840dc1fcd06.png,output/paper_v1/coverage_extension/attempt_gallery/figures/e0761f930ed840dc1fcd06.pdf,output\paper_v1\coverage_extension\attempt_gallery\metrics\af89664160b93e896f.json
hurricane:EP102002__EP042014:a0.5|Independent continuous,59,hurricane,EP102002__EP042014,31,42,projected km,output\paper_v1\hurricane_final_20\inputs\hurricane_EP102002__EP042014.npz,c7e12ce495215ad4ea07cd2563504d9596457095f47999d9c2f0a69fe0758f68,Independent continuous,0.5,45.982674841101485,33.04288866454094,408.6856459982538,new,output\paper_v1\hurricane_final_20\slots\59\attempts\final20_59_c16322178b4f407d8f119718c8734830,validated,True,False,5.0,5.0,5.0,0.16129032258064516,0.11904761904761904,0.136986301369863,0.025266999989980832,0.001032100000884384,8.416472299984889,9.113569000008283,211.12109375,,,0.0,0.0,,0.0,False,independent_optimization,True,validated,,490.0162107783782,False,a50c4a19f4f54a3a31d54a111227ca531c1c5df162fffca681680b0f7d301af7,False,,N/A,optimal_independent_baseline,worker_exited,,solution_return,validated,,,,,stratified final20 single observation,5.0,5.0,5.0,,,True,,,True,H28,output/paper_v1/coverage_extension/attempt_gallery/figures/786c80fd3b18d65a2fee44.png,output/paper_v1/coverage_extension/attempt_gallery/figures/786c80fd3b18d65a2fee44.pdf,output\paper_v1\coverage_extension\attempt_gallery\metrics\0a273d12c515c23829.json
hurricane:EP102002__EP042014:a0.5|Independent discrete,60,hurricane,EP102002__EP042014,31,42,projected km,output\paper_v1\hurricane_final_20\inputs\hurricane_EP102002__EP042014.npz,c7e12ce495215ad4ea07cd2563504d9596457095f47999d9c2f0a69fe0758f68,Independent discrete,0.5,45.982674841101485,33.04288866454094,408.6856459982538,new,output\paper_v1\hurricane_final_20\slots\60\attempts\final20_60_cec96105783145718039ee5868a75078,validated,True,False,29.0,32.0,32.0,0.9354838709677419,0.7619047619047619,0.8356164383561644,0.007113599975127727,0.00713980000000447,6.097605000017211,6.772223699983442,194.015625,,,0.0,0.0,,0.0,False,independent_optimization,True,validated,,408.6856459982538,True,ea0d336367024369f3846318c8a47ab27573bb4756b08e3b5abc3c3e5dbe7413,False,,2000000 default,optimal_independent_baseline,worker_exited,,solution_return,validated,,,,,stratified final20 single observation,29.0,32.0,32.0,,,True,,,True,H28,output/paper_v1/coverage_extension/attempt_gallery/figures/dc59736c935f9eb1b9596e.png,output/paper_v1/coverage_extension/attempt_gallery/figures/dc59736c935f9eb1b9596e.pdf,output\paper_v1\coverage_extension\attempt_gallery\metrics\95766a04cd3154e165.json
hurricane:EP032000__EP041975:a0.5|CPS-3F,61,hurricane,EP032000__EP041975,27,41,projected km,output\paper_v1\hurricane_final_20\inputs\hurricane_EP032000__EP041975.npz,4f61048028e7f2e99bbb36e29c5c6f0bd6dad7d99299932738a2ec913d7ea67a,CPS-3F,0.5,54.744544807367404,42.88395494751405,654.008303422923,new,output\paper_v1\hurricane_final_20\slots\61\attempts\final20_61_4070de11bcbf480b88acbf4063e461e3,validated,True,False,27.0,34.0,34.0,1.0,0.8292682926829268,0.8970588235294118,0.035960799985332415,0.005834900017362088,6.197687400010182,6.910101899993606,195.16015625,449.0,2006.0,449.0,448.0,0.0,2.0,True,configuration_graph,True,validated,,654.008303422923,True,3ca89b40d62dbca4cead2b6fa6bb8d251a7e6ba47fb2991f5032423c260a1e88,False,55.0,800000 main; 2000000 preprocessing,optimal_configuration_graph,worker_exited,,solution_return,validated,,,,,stratified final20 single observation,27.0,34.0,34.0,,,True,,,True,H29,output/paper_v1/coverage_extension/attempt_gallery/figures/4b634b62cf4ed482361bef.png,output/paper_v1/coverage_extension/attempt_gallery/figures/4b634b62cf4ed482361bef.pdf,output\paper_v1\coverage_extension\attempt_gallery\metrics\c1907d151d25f634c2.json
hurricane:EP032000__EP041975:a0.5|Independent continuous,62,hurricane,EP032000__EP041975,27,41,projected km,output\paper_v1\hurricane_final_20\inputs\hurricane_EP032000__EP041975.npz,4f61048028e7f2e99bbb36e29c5c6f0bd6dad7d99299932738a2ec913d7ea67a,Independent continuous,0.5,54.744544807367404,42.88395494751405,654.008303422923,new,output\paper_v1\hurricane_final_20\slots\62\attempts\final20_62_d9a1a067bb774a53933e28812954c0c6,validated,True,False,3.0,8.0,8.0,0.1111111111111111,0.1951219512195122,0.16176470588235295,0.02421549998689443,0.0015838000108487904,8.496429399994668,9.209856599976774,212.04296875,,,0.0,0.0,,0.0,False,independent_optimization,True,validated,,899.5554158702674,False,c2a707fbad1bef94891a178ce8b47b44fc0876ca9c283129c546f307805eaddd,False,,N/A,optimal_independent_baseline,worker_exited,,solution_return,validated,,,,,stratified final20 single observation,3.0,8.0,8.0,,,True,,,True,H29,output/paper_v1/coverage_extension/attempt_gallery/figures/db336bc25e96805029c1b6.png,output/paper_v1/coverage_extension/attempt_gallery/figures/db336bc25e96805029c1b6.pdf,output\paper_v1\coverage_extension\attempt_gallery\metrics\92cd0683a75d4550b0.json
hurricane:EP032000__EP041975:a0.5|Independent discrete,63,hurricane,EP032000__EP041975,27,41,projected km,output\paper_v1\hurricane_final_20\inputs\hurricane_EP032000__EP041975.npz,4f61048028e7f2e99bbb36e29c5c6f0bd6dad7d99299932738a2ec913d7ea67a,Independent discrete,0.5,54.744544807367404,42.88395494751405,654.008303422923,new,output\paper_v1\hurricane_final_20\slots\63\attempts\final20_63_4ca3c6daf95b47b0882782af61c2b120,validated,True,False,27.0,34.0,34.0,1.0,0.8292682926829268,0.8970588235294118,0.006536599976243451,0.005993500002659857,6.19067779998295,6.850918000011006,194.28515625,,,0.0,0.0,,0.0,False,independent_optimization,True,validated,,654.008303422923,True,9fd41c13cdd75c0174828d34087e8900612a8cd2f9864e9344beb2554d204551,False,,2000000 default,optimal_independent_baseline,worker_exited,,solution_return,validated,,,,,stratified final20 single observation,27.0,34.0,34.0,,,True,,,True,H29,output/paper_v1/coverage_extension/attempt_gallery/figures/e19727851e4e0f0c70385e.png,output/paper_v1/coverage_extension/attempt_gallery/figures/e19727851e4e0f0c70385e.pdf,output\paper_v1\coverage_extension\attempt_gallery\metrics\7d38c3fa3dd558822a.json
hurricane:EP032000__EP041975:a0.5|CPS-2F,64,hurricane,EP032000__EP041975,27,41,projected km,output\paper_v1\hurricane_final_20\inputs\hurricane_EP032000__EP041975.npz,4f61048028e7f2e99bbb36e29c5c6f0bd6dad7d99299932738a2ec913d7ea67a,CPS-2F,0.5,54.744544807367404,42.88395494751405,654.008303422923,new,output\paper_v1\hurricane_final_20\slots\64\attempts\final20_64_4b3df03886be47cba638b38fd36fc6e7,validated,True,False,4.0,8.0,8.0,0.14814814814814814,0.1951219512195122,0.17647058823529413,8.733228000026429,0.001473800017265603,9.704828499990981,19.075062400021125,233.29296875,6319.0,4551767.0,6319.0,6318.0,0.0,2.0,True,configuration_graph,True,validated,,654.008303422923,True,b181aa56f31ba47f67adc94de538a09ea2023d67befc8f0fcdd189d9a630a7f7,False,55.0,800000 main,optimal_configuration_graph,worker_exited,,solution_return,validated,,,,,stratified final20 single observation,4.0,8.0,8.0,,,True,,,True,H29,output/paper_v1/coverage_extension/attempt_gallery/figures/c8d330bd0885795b7b21ef.png,output/paper_v1/coverage_extension/attempt_gallery/figures/c8d330bd0885795b7b21ef.pdf,output\paper_v1\coverage_extension\attempt_gallery\metrics\57b3ef468f0deefe09.json
hurricane:EP081993__EP121989:a0.5|Independent continuous,65,hurricane,EP081993__EP121989,56,45,projected km,output\paper_v1\hurricane_final_20\inputs\hurricane_EP081993__EP121989.npz,4ac28373bff6ea6afc5eb44c48cbbb5bb19ff12c6caef7db2d6707a2952d1834,Independent continuous,0.5,39.58488478955462,52.77038708832474,457.382013117886,new,output\paper_v1\hurricane_final_20\slots\65\attempts\final20_65_42ae1722c38d41da9bb9ab9d9719888c,validated,True,False,8.0,5.0,8.0,0.14285714285714285,0.1111111111111111,0.12871287128712872,0.06396450000465848,0.001575700007379055,8.379984200000763,9.132056200003717,211.03125,,,0.0,0.0,,0.0,False,independent_optimization,True,validated,,884.7223918725072,False,5f6becfe891438046dcdc69b59b205a2d35a41f07fb2795545a3e91843a959a2,False,,N/A,optimal_independent_baseline,worker_exited,,solution_return,validated,,,,,stratified final20 single observation,8.0,5.0,8.0,,,True,,,True,H30,output/paper_v1/coverage_extension/attempt_gallery/figures/c2109d561c8f11ce35d4b4.png,output/paper_v1/coverage_extension/attempt_gallery/figures/c2109d561c8f11ce35d4b4.pdf,output\paper_v1\coverage_extension\attempt_gallery\metrics\1d87a9b165805e3a45.json
hurricane:EP081993__EP121989:a0.5|Independent discrete,66,hurricane,EP081993__EP121989,56,45,projected km,output\paper_v1\hurricane_final_20\inputs\hurricane_EP081993__EP121989.npz,4ac28373bff6ea6afc5eb44c48cbbb5bb19ff12c6caef7db2d6707a2952d1834,Independent discrete,0.5,39.58488478955462,52.77038708832474,457.382013117886,new,output\paper_v1\hurricane_final_20\slots\66\attempts\final20_66_8e17affc1fcd472a9202a8ff6ea049a1,validated,True,False,54.0,44.0,54.0,0.9642857142857143,0.9777777777777777,0.9702970297029703,0.010343600006308407,0.014272800006438047,6.094486000016332,6.80310129999998,194.45703125,,,0.0,0.0,,0.0,False,independent_optimization,True,validated,,457.382013117886,True,a22272da9a0e0d1c62079703d0adb4204ab59a19b14aa5f620df18f1799599be,False,,2000000 default,optimal_independent_baseline,worker_exited,,solution_return,validated,,,,,stratified final20 single observation,54.0,44.0,54.0,,,True,,,True,H30,output/paper_v1/coverage_extension/attempt_gallery/figures/7f7f26b0e726394990da67.png,output/paper_v1/coverage_extension/attempt_gallery/figures/7f7f26b0e726394990da67.pdf,output\paper_v1\coverage_extension\attempt_gallery\metrics\a20222dec2c4fa5024.json
hurricane:EP081993__EP121989:a0.5|CPS-2F,67,hurricane,EP081993__EP121989,56,45,projected km,output\paper_v1\hurricane_final_20\inputs\hurricane_EP081993__EP121989.npz,4ac28373bff6ea6afc5eb44c48cbbb5bb19ff12c6caef7db2d6707a2952d1834,CPS-2F,0.5,39.58488478955462,52.77038708832474,457.382013117886,new,output\paper_v1\hurricane_final_20\slots\67\attempts\final20_67_b9613bc87fb644248f17fad70973d282,validated,True,False,8.0,6.0,8.0,0.14285714285714285,0.13333333333333333,0.13861386138613863,11.789259999990463,0.001665599993430078,9.482056899985764,21.9084338999819,245.26953125,5661.0,3278530.0,5661.0,5660.0,0.0,2.0,True,configuration_graph,True,validated,,457.382013117886,True,a9744ae6b270149c4f8af0e1f1528ca565090704b3e47a9ea8f33c3a127512a4,False,55.0,800000 main,optimal_configuration_graph,worker_exited,,solution_return,validated,,,,,stratified final20 single observation,8.0,6.0,8.0,,,True,,,True,H30,output/paper_v1/coverage_extension/attempt_gallery/figures/a6109768e9950f4a8a1090.png,output/paper_v1/coverage_extension/attempt_gallery/figures/a6109768e9950f4a8a1090.pdf,output\paper_v1\coverage_extension\attempt_gallery\metrics\df2673452ab22bd907.json
hurricane:EP081993__EP121989:a0.5|CPS-3F,68,hurricane,EP081993__EP121989,56,45,projected km,output\paper_v1\hurricane_final_20\inputs\hurricane_EP081993__EP121989.npz,4ac28373bff6ea6afc5eb44c48cbbb5bb19ff12c6caef7db2d6707a2952d1834,CPS-3F,0.5,39.58488478955462,52.77038708832474,457.382013117886,new,output\paper_v1\hurricane_final_20\slots\68\attempts\final20_68_2303304f7720454ab54fd261efac9fa1,validated,True,False,54.0,44.0,54.0,0.9642857142857143,0.9777777777777777,0.9702970297029703,0.05676770000718534,0.016972200013697147,6.092421499983175,6.915901500004111,195.26953125,469.0,1556.0,469.0,468.0,0.0,2.0,True,configuration_graph,True,validated,,457.382013117886,True,d96ff7ebaa31535ab8f7673f2007df7aeb8a1c681a7cbf59fcb146721b5ab6c0,False,55.0,800000 main; 2000000 preprocessing,optimal_configuration_graph,worker_exited,,solution_return,validated,,,,,stratified final20 single observation,54.0,44.0,54.0,,,True,,,True,H30,output/paper_v1/coverage_extension/attempt_gallery/figures/86cbf25d43c3213eed1f3f.png,output/paper_v1/coverage_extension/attempt_gallery/figures/86cbf25d43c3213eed1f3f.pdf,output\paper_v1\coverage_extension\attempt_gallery\metrics\0e8232005fd0aae46a.json
hurricane:EP032006__EP201992:a0.5|Independent discrete,69,hurricane,EP032006__EP201992,27,69,projected km,output\paper_v1\hurricane_final_20\inputs\hurricane_EP032006__EP201992.npz,a628134f9a46e9e7913c849105762a52bc7f7dbbf60d096ab68d220e7e118227,Independent discrete,0.5,74.05334739689872,36.45256714563898,950.7159634797607,new,output\paper_v1\hurricane_final_20\slots\69\attempts\final20_69_10bbb26fb2684c84bed58bedbdb98bb9,validated,True,False,27.0,56.0,56.0,1.0,0.8115942028985508,0.8645833333333334,0.011036099982447922,0.008670999988680705,6.120271799998591,6.835093700006837,194.55078125,,,0.0,0.0,,0.0,False,independent_optimization,True,validated,,941.6624496307048,True,ff383418fc5bb3281bc498ac29a8b224077e237bc6ee4052c0e1479c2d490f9d,False,,2000000 default,optimal_independent_baseline,worker_exited,,solution_return,validated,,,,,stratified final20 single observation,27.0,56.0,56.0,,,True,,,True,H31,output/paper_v1/coverage_extension/attempt_gallery/figures/8e4135dea483da1581127b.png,output/paper_v1/coverage_extension/attempt_gallery/figures/8e4135dea483da1581127b.pdf,output\paper_v1\coverage_extension\attempt_gallery\metrics\d5771209238935b0e8.json
hurricane:EP032006__EP201992:a0.5|CPS-2F,70,hurricane,EP032006__EP201992,27,69,projected km,output\paper_v1\hurricane_final_20\inputs\hurricane_EP032006__EP201992.npz,a628134f9a46e9e7913c849105762a52bc7f7dbbf60d096ab68d220e7e118227,CPS-2F,0.5,74.05334739689872,36.45256714563898,950.7159634797607,new,output\paper_v1\hurricane_final_20\slots\70\attempts\final20_70_20db140a05394c369c27539bd6baa588,validated,True,False,3.0,10.0,10.0,0.1111111111111111,0.14492753623188406,0.13541666666666666,26.537595100002363,0.0014789999986533076,9.707856499997433,36.87003300001379,240.515625,10730.0,13139250.0,10730.0,10729.0,0.0,2.0,True,configuration_graph,True,validated,,941.6624496307048,True,5c7d1209e65bf7ef26f7005412e0224e38d03bbe05fdeddb04d7a3f622e89baf,False,55.0,800000 main,optimal_configuration_graph,worker_exited,,solution_return,validated,,,,,stratified final20 single observation,3.0,10.0,10.0,,,True,,,True,H31,output/paper_v1/coverage_extension/attempt_gallery/figures/51b738c226e36ddd6351d4.png,output/paper_v1/coverage_extension/attempt_gallery/figures/51b738c226e36ddd6351d4.pdf,output\paper_v1\coverage_extension\attempt_gallery\metrics\903179fc7a7b422bd9.json
hurricane:EP032006__EP201992:a0.5|CPS-3F,71,hurricane,EP032006__EP201992,27,69,projected km,output\paper_v1\hurricane_final_20\inputs\hurricane_EP032006__EP201992.npz,a628134f9a46e9e7913c849105762a52bc7f7dbbf60d096ab68d220e7e118227,CPS-3F,0.5,74.05334739689872,36.45256714563898,950.7159634797607,new,output\paper_v1\hurricane_final_20\slots\71\attempts\final20_71_4d535e933a604b2e9ccbe57363192e3c,validated,True,False,27.0,56.0,56.0,1.0,0.8115942028985508,0.8645833333333334,0.054436600010376424,0.010687000001780689,6.103951500001131,6.916875399998389,194.94921875,827.0,3845.0,827.0,826.0,0.0,2.0,True,configuration_graph,True,validated,,941.6624496307048,True,7cda37040488a1cafb508c560a17654294dfc2e9b18138841dd16319d3c19606,False,55.0,800000 main; 2000000 preprocessing,optimal_configuration_graph,worker_exited,,solution_return,validated,,,,,stratified final20 single observation,27.0,56.0,56.0,,,True,,,True,H31,output/paper_v1/coverage_extension/attempt_gallery/figures/35638b30fbfc2a247b047e.png,output/paper_v1/coverage_extension/attempt_gallery/figures/35638b30fbfc2a247b047e.pdf,output\paper_v1\coverage_extension\attempt_gallery\metrics\b689e73b360edc12f7.json
hurricane:EP032006__EP201992:a0.5|Independent continuous,72,hurricane,EP032006__EP201992,27,69,projected km,output\paper_v1\hurricane_final_20\inputs\hurricane_EP032006__EP201992.npz,a628134f9a46e9e7913c849105762a52bc7f7dbbf60d096ab68d220e7e118227,Independent continuous,0.5,74.05334739689872,36.45256714563898,950.7159634797607,new,output\paper_v1\hurricane_final_20\slots\72\attempts\final20_72_832738003bd84bc4a27e2189171073c3,validated,True,False,3.0,10.0,10.0,0.1111111111111111,0.14492753623188406,0.13541666666666666,0.07832660002168268,0.0013245000154711306,8.462262399989413,9.195398399984697,211.55859375,,,0.0,0.0,,0.0,False,independent_optimization,True,validated,,1047.7869361080716,False,090df3ccbd21ac24a3a68fe274e0cfb167a5936cdac7bb5e8204fc5d5b0ec7fa,False,,N/A,optimal_independent_baseline,worker_exited,,solution_return,validated,,,,,stratified final20 single observation,3.0,10.0,10.0,,,True,,,True,H31,output/paper_v1/coverage_extension/attempt_gallery/figures/981a37568166a4b7a10cda.png,output/paper_v1/coverage_extension/attempt_gallery/figures/981a37568166a4b7a10cda.pdf,output\paper_v1\coverage_extension\attempt_gallery\metrics\65c77aa5cff55419c4.json
hurricane:AL022011__AL071977:a0.5|CPS-2F,73,hurricane,AL022011__AL071977,29,27,projected km,output\paper_v1\hurricane_final_20\inputs\hurricane_AL022011__AL071977.npz,a69c2f5a77f296d5f57f506e9da0631ddc262a181f84e681436a40bcac9cca41,CPS-2F,0.5,51.843902769443424,56.32007199263512,670.4440211411239,new,output\paper_v1\hurricane_final_20\slots\73\attempts\final20_73_b1dda7d0a6b44fad905cf9786dcf9244,validated,True,False,4.0,6.0,6.0,0.13793103448275862,0.2222222222222222,0.17857142857142858,7.441946199978702,0.001045099983457476,9.433802400017157,17.524646999983815,231.421875,5112.0,3389373.0,5112.0,5111.0,0.0,2.0,True,configuration_graph,True,validated,,651.658893467096,True,11b6c94d00cac88cac2550f80f11fd839acf0fe2c09267464f4eb624e2c9a6fe,False,55.0,800000 main,optimal_configuration_graph,worker_exited,,solution_return,validated,,,,,stratified final20 single observation,4.0,6.0,6.0,,,True,,,True,H32,output/paper_v1/coverage_extension/attempt_gallery/figures/ef55fd56cdf76142481d96.png,output/paper_v1/coverage_extension/attempt_gallery/figures/ef55fd56cdf76142481d96.pdf,output\paper_v1\coverage_extension\attempt_gallery\metrics\d85b3d7c0504cca8db.json
hurricane:AL022011__AL071977:a0.5|CPS-3F,74,hurricane,AL022011__AL071977,29,27,projected km,output\paper_v1\hurricane_final_20\inputs\hurricane_AL022011__AL071977.npz,a69c2f5a77f296d5f57f506e9da0631ddc262a181f84e681436a40bcac9cca41,CPS-3F,0.5,51.843902769443424,56.32007199263512,670.4440211411239,new,output\paper_v1\hurricane_final_20\slots\74\attempts\final20_74_ee94d0d551c84e2781b4167a658e706c,validated,True,False,27.0,25.0,27.0,0.9310344827586207,0.9259259259259259,0.9285714285714286,0.03180739999515936,0.0051598999998532236,6.137523499986855,6.840199700003723,195.56640625,284.0,833.0,284.0,283.0,0.0,2.0,True,configuration_graph,True,validated,,653.5638222975703,True,f2155a19d7ed3f327eb0368ccf22b3fb1cedd4d185ade84d94e3b70bddca0baf,False,55.0,800000 main; 2000000 preprocessing,optimal_configuration_graph,worker_exited,,solution_return,validated,,,,,stratified final20 single observation,27.0,25.0,27.0,,,True,,,True,H32,output/paper_v1/coverage_extension/attempt_gallery/figures/e37c43a21e6f4ebbba7f08.png,output/paper_v1/coverage_extension/attempt_gallery/figures/e37c43a21e6f4ebbba7f08.pdf,output\paper_v1\coverage_extension\attempt_gallery\metrics\118ff57bf5bc639554.json
hurricane:AL022011__AL071977:a0.5|Independent continuous,75,hurricane,AL022011__AL071977,29,27,projected km,output\paper_v1\hurricane_final_20\inputs\hurricane_AL022011__AL071977.npz,a69c2f5a77f296d5f57f506e9da0631ddc262a181f84e681436a40bcac9cca41,Independent continuous,0.5,51.843902769443424,56.32007199263512,670.4440211411239,new,output\paper_v1\hurricane_final_20\slots\75\attempts\final20_75_964fe43252604578a7224b4d0700a9ee,validated,True,False,4.0,6.0,6.0,0.13793103448275862,0.2222222222222222,0.17857142857142858,0.014034299994818866,0.0010331000084988773,8.547338700009277,9.234871299995575,211.78515625,,,0.0,0.0,,0.0,False,independent_optimization,True,validated,,687.6579613441917,False,ff8f1ff00a41f2d006267b25ba78ace8d827740e86f3c897613fecb0d3de50b1,False,,N/A,optimal_independent_baseline,worker_exited,,solution_return,validated,,,,,stratified final20 single observation,4.0,6.0,6.0,,,True,,,True,H32,output/paper_v1/coverage_extension/attempt_gallery/figures/782a3ac729684725b19915.png,output/paper_v1/coverage_extension/attempt_gallery/figures/782a3ac729684725b19915.pdf,output\paper_v1\coverage_extension\attempt_gallery\metrics\304a117575360763ee.json
hurricane:AL022011__AL071977:a0.5|Independent discrete,76,hurricane,AL022011__AL071977,29,27,projected km,output\paper_v1\hurricane_final_20\inputs\hurricane_AL022011__AL071977.npz,a69c2f5a77f296d5f57f506e9da0631ddc262a181f84e681436a40bcac9cca41,Independent discrete,0.5,51.843902769443424,56.32007199263512,670.4440211411239,new,output\paper_v1\hurricane_final_20\slots\76\attempts\final20_76_c36d9f294ed945ea94d2301a0ea593a4,validated,True,False,27.0,25.0,27.0,0.9310344827586207,0.9259259259259259,0.9285714285714286,0.006300400011241436,0.004468599974643439,6.287873700028285,6.932712799985893,194.0078125,,,0.0,0.0,,0.0,False,independent_optimization,True,validated,,653.5638222975703,True,d52194036f04f994a220718985229f83cdb8a8875864ada272415d74a0edb2a1,False,,2000000 default,optimal_independent_baseline,worker_exited,,solution_return,validated,,,,,stratified final20 single observation,27.0,25.0,27.0,,,True,,,True,H32,output/paper_v1/coverage_extension/attempt_gallery/figures/8ec2ecb29c240bf2c4f867.png,output/paper_v1/coverage_extension/attempt_gallery/figures/8ec2ecb29c240bf2c4f867.pdf,output\paper_v1\coverage_extension\attempt_gallery\metrics\6afeb8c75961266d16.json
hurricane:EP101972__EP141967:a0.5|CPS-3F,77,hurricane,EP101972__EP141967,29,37,projected km,output\paper_v1\hurricane_final_20\inputs\hurricane_EP101972__EP141967.npz,1136560945b718482100845d30314a5c97fde7b5a2ae428ea6275b9cbb457171,CPS-3F,0.5,53.18383484536521,31.385526077068157,529.4905368904152,new,output\paper_v1\hurricane_final_20\slots\77\attempts\final20_77_dbc630bc997a4eac921ad233c09583b2,validated,True,False,28.0,32.0,32.0,0.9655172413793104,0.8648648648648649,0.9090909090909091,0.039956499997060746,0.005372399988118559,6.137970100011444,6.80750860000262,194.75,519.0,2565.0,519.0,518.0,0.0,2.0,True,configuration_graph,True,validated,,529.4905368904152,True,587fbc5f993af9e74a183ed395fca26459733f2e8d3a1d0c7f06aecbe0cac827,False,55.0,800000 main; 2000000 preprocessing,optimal_configuration_graph,worker_exited,,solution_return,validated,,,,,stratified final20 single observation,28.0,32.0,32.0,,,True,,,True,H33,output/paper_v1/coverage_extension/attempt_gallery/figures/443baf0b529f76d146920a.png,output/paper_v1/coverage_extension/attempt_gallery/figures/443baf0b529f76d146920a.pdf,output\paper_v1\coverage_extension\attempt_gallery\metrics\b08b3fbfd0e60cbbf1.json
hurricane:EP101972__EP141967:a0.5|Independent continuous,78,hurricane,EP101972__EP141967,29,37,projected km,output\paper_v1\hurricane_final_20\inputs\hurricane_EP101972__EP141967.npz,1136560945b718482100845d30314a5c97fde7b5a2ae428ea6275b9cbb457171,Independent continuous,0.5,53.18383484536521,31.385526077068157,529.4905368904152,new,output\paper_v1\hurricane_final_20\slots\78\attempts\final20_78_36900cf3aa184930b1d4bf30ee68c735,validated,True,False,5.0,6.0,6.0,0.1724137931034483,0.16216216216216217,0.16666666666666666,0.020310899999458343,0.0010325000039301813,8.54211540002143,9.25598680000985,211.43359375,,,0.0,0.0,,0.0,False,independent_optimization,True,validated,,529.4905368904152,True,b0ad27aa920effe5235ef98b17f6b78378ea81b02e98006214da1859552f114e,False,,N/A,optimal_independent_baseline,worker_exited,,solution_return,validated,,,,,stratified final20 single observation,5.0,6.0,6.0,,,True,,,True,H33,output/paper_v1/coverage_extension/attempt_gallery/figures/d0d501919b399f6197f9f8.png,output/paper_v1/coverage_extension/attempt_gallery/figures/d0d501919b399f6197f9f8.pdf,output\paper_v1\coverage_extension\attempt_gallery\metrics\87f756e3f2bcc9b5d1.json
hurricane:EP101972__EP141967:a0.5|Independent discrete,79,hurricane,EP101972__EP141967,29,37,projected km,output\paper_v1\hurricane_final_20\inputs\hurricane_EP101972__EP141967.npz,1136560945b718482100845d30314a5c97fde7b5a2ae428ea6275b9cbb457171,Independent discrete,0.5,53.18383484536521,31.385526077068157,529.4905368904152,new,output\paper_v1\hurricane_final_20\slots\79\attempts\final20_79_5b32313c9cce4e39b5dc21250a68b065,validated,True,False,28.0,32.0,32.0,0.9655172413793104,0.8648648648648649,0.9090909090909091,0.008764099999098107,0.005396799999289215,6.713831500004744,7.391652899998007,193.96484375,,,0.0,0.0,,0.0,False,independent_optimization,True,validated,,529.4905368904152,True,f9d1f4dd8f040ca01e0b1e83e1c32c8c0f929e52262e548ae2f0150b408e1479,False,,2000000 default,optimal_independent_baseline,worker_exited,,solution_return,validated,,,,,stratified final20 single observation,28.0,32.0,32.0,,,True,,,True,H33,output/paper_v1/coverage_extension/attempt_gallery/figures/3526e29a0f2f171c823e7f.png,output/paper_v1/coverage_extension/attempt_gallery/figures/3526e29a0f2f171c823e7f.pdf,output\paper_v1\coverage_extension\attempt_gallery\metrics\67659ca9d0daab673c.json
hurricane:EP101972__EP141967:a0.5|CPS-2F,80,hurricane,EP101972__EP141967,29,37,projected km,output\paper_v1\hurricane_final_20\inputs\hurricane_EP101972__EP141967.npz,1136560945b718482100845d30314a5c97fde7b5a2ae428ea6275b9cbb457171,CPS-2F,0.5,53.18383484536521,31.385526077068157,529.4905368904152,new,output\paper_v1\hurricane_final_20\slots\80\attempts\final20_80_bf6c654f7b404c9f8617a00187e97b14,validated,True,False,5.0,6.0,6.0,0.1724137931034483,0.16216216216216217,0.16666666666666666,11.047678200004157,0.001062900002580136,9.33498040001723,21.010384000022896,231.26953125,7735.0,7193899.0,7735.0,7734.0,0.0,2.0,True,configuration_graph,True,validated,,529.4905368904152,True,ed1b47fdb191536cad94cd54be3a6422eb1c30b0993ef6a22e1126a1f9ec1623,False,55.0,800000 main,optimal_configuration_graph,worker_exited,,solution_return,validated,,,,,stratified final20 single observation,5.0,6.0,6.0,,,True,,,True,H33,output/paper_v1/coverage_extension/attempt_gallery/figures/0dcb1775e09904bbb481ca.png,output/paper_v1/coverage_extension/attempt_gallery/figures/0dcb1775e09904bbb481ca.pdf,output\paper_v1\coverage_extension\attempt_gallery\metrics\4fc093fb80dd823fc2.json
