configuration_id,plan_order,domain,pair,alpha,method,nA,nB,origin,attempt_path,status,search_completed,construction_completed,count_scope,quantity,observed,finite_upper_bound,percent_of_bound,formula,assumptions,source,asymptotic_states,missing_reason,bound_missing_reason,pair_alias
hurricane:AL031854__AL011991:a0.5|CPS-2F,3,hurricane,AL031854__AL011991,0.5,CPS-2F,25,25,reused,output\paper_v1\unified_pilot_results\slots\03\attempts\slot03_5333325f78a44ccf8c803cb680ccb2c1,validated,True,True,completed search,auxiliary_A,48.0,1200.0,4.0,2 k(k-1),Interior curve-parameter intersections; CPS-3F percentage not applicable,Thesis Observation 4 p.18 and section 5.1 p.26; manuscript section 4.4 pp.15-16,O(n^3 m^3),,,H1
hurricane:AL031854__AL011991:a0.5|CPS-2F,3,hurricane,AL031854__AL011991,0.5,CPS-2F,25,25,reused,output\paper_v1\unified_pilot_results\slots\03\attempts\slot03_5333325f78a44ccf8c803cb680ccb2c1,validated,True,True,completed search,single_dense_A,1825.0,30625.0,5.959183673469388,k*(k+2k(k-1)),"Dense indexing slots, not valid vertices",Thesis Observation 4 p.18 and section 5.1 p.26; manuscript section 4.4 pp.15-16,O(n^3 m^3),,,H1
hurricane:AL031854__AL011991:a0.5|CPS-2F,3,hurricane,AL031854__AL011991,0.5,CPS-2F,25,25,reused,output\paper_v1\unified_pilot_results\slots\03\attempts\slot03_5333325f78a44ccf8c803cb680ccb2c1,validated,True,True,completed search,single_active_A,,1825.0,,k*(k+a),Anchored source/terminal included; single-graph construction complete,Thesis Observation 4 p.18 and section 5.1 p.26; manuscript section 4.4 pp.15-16,O(n^3 m^3),Counter unavailable or phase not reached; historical runs not rerun,,H1
hurricane:AL031854__AL011991:a0.5|CPS-2F,3,hurricane,AL031854__AL011991,0.5,CPS-2F,25,25,reused,output\paper_v1\unified_pilot_results\slots\03\attempts\slot03_5333325f78a44ccf8c803cb680ccb2c1,validated,True,True,completed search,single_edges_with_waits_A,,,,H*(H+1)/2,Unique forward transitions plus exactly H waits; completed graph,Finite derivation from chain_graph() enumeration and pruning,O(n^3 m^3),Counter unavailable or phase not reached; historical runs not rerun,Missing completed single-graph counters,H1
hurricane:AL031854__AL011991:a0.5|CPS-2F,3,hurricane,AL031854__AL011991,0.5,CPS-2F,25,25,reused,output\paper_v1\unified_pilot_results\slots\03\attempts\slot03_5333325f78a44ccf8c803cb680ccb2c1,validated,True,True,completed search,auxiliary_B,48.0,1200.0,4.0,2 k(k-1),Interior curve-parameter intersections; CPS-3F percentage not applicable,Thesis Observation 4 p.18 and section 5.1 p.26; manuscript section 4.4 pp.15-16,O(n^3 m^3),,,H1
hurricane:AL031854__AL011991:a0.5|CPS-2F,3,hurricane,AL031854__AL011991,0.5,CPS-2F,25,25,reused,output\paper_v1\unified_pilot_results\slots\03\attempts\slot03_5333325f78a44ccf8c803cb680ccb2c1,validated,True,True,completed search,single_dense_B,1825.0,30625.0,5.959183673469388,k*(k+2k(k-1)),"Dense indexing slots, not valid vertices",Thesis Observation 4 p.18 and section 5.1 p.26; manuscript section 4.4 pp.15-16,O(n^3 m^3),,,H1
hurricane:AL031854__AL011991:a0.5|CPS-2F,3,hurricane,AL031854__AL011991,0.5,CPS-2F,25,25,reused,output\paper_v1\unified_pilot_results\slots\03\attempts\slot03_5333325f78a44ccf8c803cb680ccb2c1,validated,True,True,completed search,single_active_B,,1825.0,,k*(k+a),Anchored source/terminal included; single-graph construction complete,Thesis Observation 4 p.18 and section 5.1 p.26; manuscript section 4.4 pp.15-16,O(n^3 m^3),Counter unavailable or phase not reached; historical runs not rerun,,H1
hurricane:AL031854__AL011991:a0.5|CPS-2F,3,hurricane,AL031854__AL011991,0.5,CPS-2F,25,25,reused,output\paper_v1\unified_pilot_results\slots\03\attempts\slot03_5333325f78a44ccf8c803cb680ccb2c1,validated,True,True,completed search,single_edges_with_waits_B,4616.0,,,H*(H+1)/2,Unique forward transitions plus exactly H waits; completed graph,Finite derivation from chain_graph() enumeration and pruning,O(n^3 m^3),,Missing completed single-graph counters,H1
hurricane:AL031854__AL011991:a0.5|CPS-2F,3,hurricane,AL031854__AL011991,0.5,CPS-2F,25,25,reused,output\paper_v1\unified_pilot_results\slots\03\attempts\slot03_5333325f78a44ccf8c803cb680ccb2c1,validated,True,True,completed search,configuration_states_input_bound,5678.0,937890625.0,0.0006054010828821,n*m*(n+2n(n-1))*(m+2m(m-1)),All index combinations; includes source/terminal; no hidden asymptotic constant,Thesis Observation 4 p.18 and section 5.1 p.26; manuscript section 4.4 pp.15-16,O(n^3 m^3),,,H1
hurricane:AL031854__AL011991:a0.5|CPS-2F,3,hurricane,AL031854__AL011991,0.5,CPS-2F,25,25,reused,output\paper_v1\unified_pilot_results\slots\03\attempts\slot03_5333325f78a44ccf8c803cb680ccb2c1,validated,True,True,completed search,configuration_states_extended_bound,5678.0,3330625.0,0.1704785137924563,n*m*(n+aA)*(m+aB),Actual extended-curve sizes; all index combinations,Thesis Observation 4 p.18 and section 5.1 p.26; manuscript section 4.4 pp.15-16,O(n^3 m^3),,,H1
hurricane:AL031854__AL011991:a0.5|CPS-2F,3,hurricane,AL031854__AL011991,0.5,CPS-2F,25,25,reused,output\paper_v1\unified_pilot_results\slots\03\attempts\slot03_5333325f78a44ccf8c803cb680ccb2c1,validated,True,True,completed search,configuration_states_active_bound,5678.0,,,H_A*H_B,Completed single graphs; includes coupling-invalid combinations,Thesis Observation 4 p.18 and section 5.1 p.26; manuscript section 4.4 pp.15-16,O(n^3 m^3),,Missing completed single-graph counters,H1
hurricane:AL031854__AL011991:a0.5|CPS-2F,3,hurricane,AL031854__AL011991,0.5,CPS-2F,25,25,reused,output\paper_v1\unified_pilot_results\slots\03\attempts\slot03_5333325f78a44ccf8c803cb680ccb2c1,validated,True,True,completed search,candidate_transition_checks,7076530.0,,,E_A*E_B-H_A*H_B,No duplicate single-graph entries; each product source popped once; excludes simultaneous waits,Finite derivation from solve_cps() and chain_graph(); see graph_bounds.md,O(n^3 m^3),,Missing completed single-graph counters,H1
hurricane:AL031854__AL011991:a0.5|CPS-2F,3,hurricane,AL031854__AL011991,0.5,CPS-2F,25,25,reused,output\paper_v1\unified_pilot_results\slots\03\attempts\slot03_5333325f78a44ccf8c803cb680ccb2c1,validated,True,True,completed search,unique_configuration_edges,,,,"N*(N-1)/2, N=H_A*H_B",Product graph not materialized; no observed unique-edge count; strict forward topological order,Finite DAG counting derivation; not a transition-check measurement,O(n^3 m^3),Counter unavailable or phase not reached; historical runs not rerun,Missing completed single-graph counters,H1
hurricane:AL031854__AL011991:a0.5|CPS-2F,3,hurricane,AL031854__AL011991,0.5,CPS-2F,25,25,reused,output\paper_v1\unified_pilot_results\slots\03\attempts\slot03_5333325f78a44ccf8c803cb680ccb2c1,validated,True,True,completed search,dynamic_programming_labels,,,,n*H_A*H_B,At most n distinct A-hop counts per state; labels not instrumented,Thesis section5.1; manuscript section4.4; solve_cps values dictionaries,O(n^3 m^3),Counter unavailable or phase not reached; historical runs not rerun,Missing completed single-graph counters,H1
hurricane:AL031854__AL011991:a0.5|CPS-3F,4,hurricane,AL031854__AL011991,0.5,CPS-3F,25,25,reused,output\paper_v1\unified_pilot_results\slots\04\attempts\slot04_932e5573922349258233e40f17b3a4ad,validated,True,True,completed search,auxiliary_A,0.0,0.0,,0 (no auxiliary locations),Interior curve-parameter intersections; CPS-3F percentage not applicable,Thesis Observation 4 p.18 and section 5.1 p.26; manuscript section 4.4 pp.15-16,O(n^2 m^2),,Zero/non-applicable bound,H1
hurricane:AL031854__AL011991:a0.5|CPS-3F,4,hurricane,AL031854__AL011991,0.5,CPS-3F,25,25,reused,output\paper_v1\unified_pilot_results\slots\04\attempts\slot04_932e5573922349258233e40f17b3a4ad,validated,True,True,completed search,single_dense_A,625.0,625.0,100.0,k^2,"Dense indexing slots, not valid vertices",Thesis Observation 4 p.18 and section 5.1 p.26; manuscript section 4.4 pp.15-16,O(n^2 m^2),,,H1
hurricane:AL031854__AL011991:a0.5|CPS-3F,4,hurricane,AL031854__AL011991,0.5,CPS-3F,25,25,reused,output\paper_v1\unified_pilot_results\slots\04\attempts\slot04_932e5573922349258233e40f17b3a4ad,validated,True,True,completed search,single_active_A,,625.0,,k*(k+a),Anchored source/terminal included; single-graph construction complete,Thesis Observation 4 p.18 and section 5.1 p.26; manuscript section 4.4 pp.15-16,O(n^2 m^2),Counter unavailable or phase not reached; historical runs not rerun,,H1
hurricane:AL031854__AL011991:a0.5|CPS-3F,4,hurricane,AL031854__AL011991,0.5,CPS-3F,25,25,reused,output\paper_v1\unified_pilot_results\slots\04\attempts\slot04_932e5573922349258233e40f17b3a4ad,validated,True,True,completed search,single_edges_with_waits_A,,,,H*(H+1)/2,Unique forward transitions plus exactly H waits; completed graph,Finite derivation from chain_graph() enumeration and pruning,O(n^2 m^2),Counter unavailable or phase not reached; historical runs not rerun,Missing completed single-graph counters,H1
hurricane:AL031854__AL011991:a0.5|CPS-3F,4,hurricane,AL031854__AL011991,0.5,CPS-3F,25,25,reused,output\paper_v1\unified_pilot_results\slots\04\attempts\slot04_932e5573922349258233e40f17b3a4ad,validated,True,True,completed search,auxiliary_B,0.0,0.0,,0 (no auxiliary locations),Interior curve-parameter intersections; CPS-3F percentage not applicable,Thesis Observation 4 p.18 and section 5.1 p.26; manuscript section 4.4 pp.15-16,O(n^2 m^2),,Zero/non-applicable bound,H1
hurricane:AL031854__AL011991:a0.5|CPS-3F,4,hurricane,AL031854__AL011991,0.5,CPS-3F,25,25,reused,output\paper_v1\unified_pilot_results\slots\04\attempts\slot04_932e5573922349258233e40f17b3a4ad,validated,True,True,completed search,single_dense_B,625.0,625.0,100.0,k^2,"Dense indexing slots, not valid vertices",Thesis Observation 4 p.18 and section 5.1 p.26; manuscript section 4.4 pp.15-16,O(n^2 m^2),,,H1
hurricane:AL031854__AL011991:a0.5|CPS-3F,4,hurricane,AL031854__AL011991,0.5,CPS-3F,25,25,reused,output\paper_v1\unified_pilot_results\slots\04\attempts\slot04_932e5573922349258233e40f17b3a4ad,validated,True,True,completed search,single_active_B,,625.0,,k*(k+a),Anchored source/terminal included; single-graph construction complete,Thesis Observation 4 p.18 and section 5.1 p.26; manuscript section 4.4 pp.15-16,O(n^2 m^2),Counter unavailable or phase not reached; historical runs not rerun,,H1
hurricane:AL031854__AL011991:a0.5|CPS-3F,4,hurricane,AL031854__AL011991,0.5,CPS-3F,25,25,reused,output\paper_v1\unified_pilot_results\slots\04\attempts\slot04_932e5573922349258233e40f17b3a4ad,validated,True,True,completed search,single_edges_with_waits_B,121.0,,,H*(H+1)/2,Unique forward transitions plus exactly H waits; completed graph,Finite derivation from chain_graph() enumeration and pruning,O(n^2 m^2),,Missing completed single-graph counters,H1
hurricane:AL031854__AL011991:a0.5|CPS-3F,4,hurricane,AL031854__AL011991,0.5,CPS-3F,25,25,reused,output\paper_v1\unified_pilot_results\slots\04\attempts\slot04_932e5573922349258233e40f17b3a4ad,validated,True,True,completed search,configuration_states_input_bound,522.0,390625.0,0.133632,n^2*m^2,All index combinations; includes source/terminal; no hidden asymptotic constant,Thesis Observation 4 p.18 and section 5.1 p.26; manuscript section 4.4 pp.15-16,O(n^2 m^2),,,H1
hurricane:AL031854__AL011991:a0.5|CPS-3F,4,hurricane,AL031854__AL011991,0.5,CPS-3F,25,25,reused,output\paper_v1\unified_pilot_results\slots\04\attempts\slot04_932e5573922349258233e40f17b3a4ad,validated,True,True,completed search,configuration_states_active_bound,522.0,,,H_A*H_B,Completed single graphs; includes coupling-invalid combinations,Thesis Observation 4 p.18 and section 5.1 p.26; manuscript section 4.4 pp.15-16,O(n^2 m^2),,Missing completed single-graph counters,H1
hurricane:AL031854__AL011991:a0.5|CPS-3F,4,hurricane,AL031854__AL011991,0.5,CPS-3F,25,25,reused,output\paper_v1\unified_pilot_results\slots\04\attempts\slot04_932e5573922349258233e40f17b3a4ad,validated,True,True,completed search,candidate_transition_checks,6544.0,,,E_A*E_B-H_A*H_B,No duplicate single-graph entries; each product source popped once; excludes simultaneous waits,Finite derivation from solve_cps() and chain_graph(); see graph_bounds.md,O(n^2 m^2),,Missing completed single-graph counters,H1
hurricane:AL031854__AL011991:a0.5|CPS-3F,4,hurricane,AL031854__AL011991,0.5,CPS-3F,25,25,reused,output\paper_v1\unified_pilot_results\slots\04\attempts\slot04_932e5573922349258233e40f17b3a4ad,validated,True,True,completed search,unique_configuration_edges,,,,"N*(N-1)/2, N=H_A*H_B",Product graph not materialized; no observed unique-edge count; strict forward topological order,Finite DAG counting derivation; not a transition-check measurement,O(n^2 m^2),Counter unavailable or phase not reached; historical runs not rerun,Missing completed single-graph counters,H1
hurricane:AL031854__AL011991:a0.5|CPS-3F,4,hurricane,AL031854__AL011991,0.5,CPS-3F,25,25,reused,output\paper_v1\unified_pilot_results\slots\04\attempts\slot04_932e5573922349258233e40f17b3a4ad,validated,True,True,completed search,dynamic_programming_labels,,,,n*H_A*H_B,At most n distinct A-hop counts per state; labels not instrumented,Thesis section5.1; manuscript section4.4; solve_cps values dictionaries,O(n^2 m^2),Counter unavailable or phase not reached; historical runs not rerun,Missing completed single-graph counters,H1
hurricane:EP021949__EP031949:a0.5|CPS-2F,9,hurricane,EP021949__EP031949,0.5,CPS-2F,25,25,reused,output\paper_v1\unified_pilot_results\slots\09\attempts\slot09_e46deb0bcdd14153a890b48a67dfe8ee,validated,True,True,completed search,auxiliary_A,48.0,1200.0,4.0,2 k(k-1),Interior curve-parameter intersections; CPS-3F percentage not applicable,Thesis Observation 4 p.18 and section 5.1 p.26; manuscript section 4.4 pp.15-16,O(n^3 m^3),,,H2
hurricane:EP021949__EP031949:a0.5|CPS-2F,9,hurricane,EP021949__EP031949,0.5,CPS-2F,25,25,reused,output\paper_v1\unified_pilot_results\slots\09\attempts\slot09_e46deb0bcdd14153a890b48a67dfe8ee,validated,True,True,completed search,single_dense_A,1825.0,30625.0,5.959183673469388,k*(k+2k(k-1)),"Dense indexing slots, not valid vertices",Thesis Observation 4 p.18 and section 5.1 p.26; manuscript section 4.4 pp.15-16,O(n^3 m^3),,,H2
hurricane:EP021949__EP031949:a0.5|CPS-2F,9,hurricane,EP021949__EP031949,0.5,CPS-2F,25,25,reused,output\paper_v1\unified_pilot_results\slots\09\attempts\slot09_e46deb0bcdd14153a890b48a67dfe8ee,validated,True,True,completed search,single_active_A,,1825.0,,k*(k+a),Anchored source/terminal included; single-graph construction complete,Thesis Observation 4 p.18 and section 5.1 p.26; manuscript section 4.4 pp.15-16,O(n^3 m^3),Counter unavailable or phase not reached; historical runs not rerun,,H2
hurricane:EP021949__EP031949:a0.5|CPS-2F,9,hurricane,EP021949__EP031949,0.5,CPS-2F,25,25,reused,output\paper_v1\unified_pilot_results\slots\09\attempts\slot09_e46deb0bcdd14153a890b48a67dfe8ee,validated,True,True,completed search,single_edges_with_waits_A,,,,H*(H+1)/2,Unique forward transitions plus exactly H waits; completed graph,Finite derivation from chain_graph() enumeration and pruning,O(n^3 m^3),Counter unavailable or phase not reached; historical runs not rerun,Missing completed single-graph counters,H2
hurricane:EP021949__EP031949:a0.5|CPS-2F,9,hurricane,EP021949__EP031949,0.5,CPS-2F,25,25,reused,output\paper_v1\unified_pilot_results\slots\09\attempts\slot09_e46deb0bcdd14153a890b48a67dfe8ee,validated,True,True,completed search,auxiliary_B,52.0,1200.0,4.333333333333333,2 k(k-1),Interior curve-parameter intersections; CPS-3F percentage not applicable,Thesis Observation 4 p.18 and section 5.1 p.26; manuscript section 4.4 pp.15-16,O(n^3 m^3),,,H2
hurricane:EP021949__EP031949:a0.5|CPS-2F,9,hurricane,EP021949__EP031949,0.5,CPS-2F,25,25,reused,output\paper_v1\unified_pilot_results\slots\09\attempts\slot09_e46deb0bcdd14153a890b48a67dfe8ee,validated,True,True,completed search,single_dense_B,1925.0,30625.0,6.285714285714286,k*(k+2k(k-1)),"Dense indexing slots, not valid vertices",Thesis Observation 4 p.18 and section 5.1 p.26; manuscript section 4.4 pp.15-16,O(n^3 m^3),,,H2
hurricane:EP021949__EP031949:a0.5|CPS-2F,9,hurricane,EP021949__EP031949,0.5,CPS-2F,25,25,reused,output\paper_v1\unified_pilot_results\slots\09\attempts\slot09_e46deb0bcdd14153a890b48a67dfe8ee,validated,True,True,completed search,single_active_B,,1925.0,,k*(k+a),Anchored source/terminal included; single-graph construction complete,Thesis Observation 4 p.18 and section 5.1 p.26; manuscript section 4.4 pp.15-16,O(n^3 m^3),Counter unavailable or phase not reached; historical runs not rerun,,H2
hurricane:EP021949__EP031949:a0.5|CPS-2F,9,hurricane,EP021949__EP031949,0.5,CPS-2F,25,25,reused,output\paper_v1\unified_pilot_results\slots\09\attempts\slot09_e46deb0bcdd14153a890b48a67dfe8ee,validated,True,True,completed search,single_edges_with_waits_B,5716.0,,,H*(H+1)/2,Unique forward transitions plus exactly H waits; completed graph,Finite derivation from chain_graph() enumeration and pruning,O(n^3 m^3),,Missing completed single-graph counters,H2
hurricane:EP021949__EP031949:a0.5|CPS-2F,9,hurricane,EP021949__EP031949,0.5,CPS-2F,25,25,reused,output\paper_v1\unified_pilot_results\slots\09\attempts\slot09_e46deb0bcdd14153a890b48a67dfe8ee,validated,True,True,completed search,configuration_states_input_bound,2828.0,937890625.0,0.000301527696793,n*m*(n+2n(n-1))*(m+2m(m-1)),All index combinations; includes source/terminal; no hidden asymptotic constant,Thesis Observation 4 p.18 and section 5.1 p.26; manuscript section 4.4 pp.15-16,O(n^3 m^3),,,H2
hurricane:EP021949__EP031949:a0.5|CPS-2F,9,hurricane,EP021949__EP031949,0.5,CPS-2F,25,25,reused,output\paper_v1\unified_pilot_results\slots\09\attempts\slot09_e46deb0bcdd14153a890b48a67dfe8ee,validated,True,True,completed search,configuration_states_extended_bound,2828.0,3513125.0,0.0804981320049813,n*m*(n+aA)*(m+aB),Actual extended-curve sizes; all index combinations,Thesis Observation 4 p.18 and section 5.1 p.26; manuscript section 4.4 pp.15-16,O(n^3 m^3),,,H2
hurricane:EP021949__EP031949:a0.5|CPS-2F,9,hurricane,EP021949__EP031949,0.5,CPS-2F,25,25,reused,output\paper_v1\unified_pilot_results\slots\09\attempts\slot09_e46deb0bcdd14153a890b48a67dfe8ee,validated,True,True,completed search,configuration_states_active_bound,2828.0,,,H_A*H_B,Completed single graphs; includes coupling-invalid combinations,Thesis Observation 4 p.18 and section 5.1 p.26; manuscript section 4.4 pp.15-16,O(n^3 m^3),,Missing completed single-graph counters,H2
hurricane:EP021949__EP031949:a0.5|CPS-2F,9,hurricane,EP021949__EP031949,0.5,CPS-2F,25,25,reused,output\paper_v1\unified_pilot_results\slots\09\attempts\slot09_e46deb0bcdd14153a890b48a67dfe8ee,validated,True,True,completed search,candidate_transition_checks,975595.0,,,E_A*E_B-H_A*H_B,No duplicate single-graph entries; each product source popped once; excludes simultaneous waits,Finite derivation from solve_cps() and chain_graph(); see graph_bounds.md,O(n^3 m^3),,Missing completed single-graph counters,H2
hurricane:EP021949__EP031949:a0.5|CPS-2F,9,hurricane,EP021949__EP031949,0.5,CPS-2F,25,25,reused,output\paper_v1\unified_pilot_results\slots\09\attempts\slot09_e46deb0bcdd14153a890b48a67dfe8ee,validated,True,True,completed search,unique_configuration_edges,,,,"N*(N-1)/2, N=H_A*H_B",Product graph not materialized; no observed unique-edge count; strict forward topological order,Finite DAG counting derivation; not a transition-check measurement,O(n^3 m^3),Counter unavailable or phase not reached; historical runs not rerun,Missing completed single-graph counters,H2
hurricane:EP021949__EP031949:a0.5|CPS-2F,9,hurricane,EP021949__EP031949,0.5,CPS-2F,25,25,reused,output\paper_v1\unified_pilot_results\slots\09\attempts\slot09_e46deb0bcdd14153a890b48a67dfe8ee,validated,True,True,completed search,dynamic_programming_labels,,,,n*H_A*H_B,At most n distinct A-hop counts per state; labels not instrumented,Thesis section5.1; manuscript section4.4; solve_cps values dictionaries,O(n^3 m^3),Counter unavailable or phase not reached; historical runs not rerun,Missing completed single-graph counters,H2
hurricane:EP021949__EP031949:a0.5|CPS-3F,10,hurricane,EP021949__EP031949,0.5,CPS-3F,25,25,reused,output\paper_v1\unified_pilot_results\slots\10\attempts\slot10_9c3ce8eb1cc545e1b9833ac08e21c34d,validated,True,True,completed search,auxiliary_A,0.0,0.0,,0 (no auxiliary locations),Interior curve-parameter intersections; CPS-3F percentage not applicable,Thesis Observation 4 p.18 and section 5.1 p.26; manuscript section 4.4 pp.15-16,O(n^2 m^2),,Zero/non-applicable bound,H2
hurricane:EP021949__EP031949:a0.5|CPS-3F,10,hurricane,EP021949__EP031949,0.5,CPS-3F,25,25,reused,output\paper_v1\unified_pilot_results\slots\10\attempts\slot10_9c3ce8eb1cc545e1b9833ac08e21c34d,validated,True,True,completed search,single_dense_A,625.0,625.0,100.0,k^2,"Dense indexing slots, not valid vertices",Thesis Observation 4 p.18 and section 5.1 p.26; manuscript section 4.4 pp.15-16,O(n^2 m^2),,,H2
hurricane:EP021949__EP031949:a0.5|CPS-3F,10,hurricane,EP021949__EP031949,0.5,CPS-3F,25,25,reused,output\paper_v1\unified_pilot_results\slots\10\attempts\slot10_9c3ce8eb1cc545e1b9833ac08e21c34d,validated,True,True,completed search,single_active_A,,625.0,,k*(k+a),Anchored source/terminal included; single-graph construction complete,Thesis Observation 4 p.18 and section 5.1 p.26; manuscript section 4.4 pp.15-16,O(n^2 m^2),Counter unavailable or phase not reached; historical runs not rerun,,H2
hurricane:EP021949__EP031949:a0.5|CPS-3F,10,hurricane,EP021949__EP031949,0.5,CPS-3F,25,25,reused,output\paper_v1\unified_pilot_results\slots\10\attempts\slot10_9c3ce8eb1cc545e1b9833ac08e21c34d,validated,True,True,completed search,single_edges_with_waits_A,,,,H*(H+1)/2,Unique forward transitions plus exactly H waits; completed graph,Finite derivation from chain_graph() enumeration and pruning,O(n^2 m^2),Counter unavailable or phase not reached; historical runs not rerun,Missing completed single-graph counters,H2
hurricane:EP021949__EP031949:a0.5|CPS-3F,10,hurricane,EP021949__EP031949,0.5,CPS-3F,25,25,reused,output\paper_v1\unified_pilot_results\slots\10\attempts\slot10_9c3ce8eb1cc545e1b9833ac08e21c34d,validated,True,True,completed search,auxiliary_B,0.0,0.0,,0 (no auxiliary locations),Interior curve-parameter intersections; CPS-3F percentage not applicable,Thesis Observation 4 p.18 and section 5.1 p.26; manuscript section 4.4 pp.15-16,O(n^2 m^2),,Zero/non-applicable bound,H2
hurricane:EP021949__EP031949:a0.5|CPS-3F,10,hurricane,EP021949__EP031949,0.5,CPS-3F,25,25,reused,output\paper_v1\unified_pilot_results\slots\10\attempts\slot10_9c3ce8eb1cc545e1b9833ac08e21c34d,validated,True,True,completed search,single_dense_B,625.0,625.0,100.0,k^2,"Dense indexing slots, not valid vertices",Thesis Observation 4 p.18 and section 5.1 p.26; manuscript section 4.4 pp.15-16,O(n^2 m^2),,,H2
hurricane:EP021949__EP031949:a0.5|CPS-3F,10,hurricane,EP021949__EP031949,0.5,CPS-3F,25,25,reused,output\paper_v1\unified_pilot_results\slots\10\attempts\slot10_9c3ce8eb1cc545e1b9833ac08e21c34d,validated,True,True,completed search,single_active_B,,625.0,,k*(k+a),Anchored source/terminal included; single-graph construction complete,Thesis Observation 4 p.18 and section 5.1 p.26; manuscript section 4.4 pp.15-16,O(n^2 m^2),Counter unavailable or phase not reached; historical runs not rerun,,H2
hurricane:EP021949__EP031949:a0.5|CPS-3F,10,hurricane,EP021949__EP031949,0.5,CPS-3F,25,25,reused,output\paper_v1\unified_pilot_results\slots\10\attempts\slot10_9c3ce8eb1cc545e1b9833ac08e21c34d,validated,True,True,completed search,single_edges_with_waits_B,222.0,,,H*(H+1)/2,Unique forward transitions plus exactly H waits; completed graph,Finite derivation from chain_graph() enumeration and pruning,O(n^2 m^2),,Missing completed single-graph counters,H2
hurricane:EP021949__EP031949:a0.5|CPS-3F,10,hurricane,EP021949__EP031949,0.5,CPS-3F,25,25,reused,output\paper_v1\unified_pilot_results\slots\10\attempts\slot10_9c3ce8eb1cc545e1b9833ac08e21c34d,validated,True,True,completed search,configuration_states_input_bound,301.0,390625.0,0.077056,n^2*m^2,All index combinations; includes source/terminal; no hidden asymptotic constant,Thesis Observation 4 p.18 and section 5.1 p.26; manuscript section 4.4 pp.15-16,O(n^2 m^2),,,H2
hurricane:EP021949__EP031949:a0.5|CPS-3F,10,hurricane,EP021949__EP031949,0.5,CPS-3F,25,25,reused,output\paper_v1\unified_pilot_results\slots\10\attempts\slot10_9c3ce8eb1cc545e1b9833ac08e21c34d,validated,True,True,completed search,configuration_states_active_bound,301.0,,,H_A*H_B,Completed single graphs; includes coupling-invalid combinations,Thesis Observation 4 p.18 and section 5.1 p.26; manuscript section 4.4 pp.15-16,O(n^2 m^2),,Missing completed single-graph counters,H2
hurricane:EP021949__EP031949:a0.5|CPS-3F,10,hurricane,EP021949__EP031949,0.5,CPS-3F,25,25,reused,output\paper_v1\unified_pilot_results\slots\10\attempts\slot10_9c3ce8eb1cc545e1b9833ac08e21c34d,validated,True,True,completed search,candidate_transition_checks,1923.0,,,E_A*E_B-H_A*H_B,No duplicate single-graph entries; each product source popped once; excludes simultaneous waits,Finite derivation from solve_cps() and chain_graph(); see graph_bounds.md,O(n^2 m^2),,Missing completed single-graph counters,H2
hurricane:EP021949__EP031949:a0.5|CPS-3F,10,hurricane,EP021949__EP031949,0.5,CPS-3F,25,25,reused,output\paper_v1\unified_pilot_results\slots\10\attempts\slot10_9c3ce8eb1cc545e1b9833ac08e21c34d,validated,True,True,completed search,unique_configuration_edges,,,,"N*(N-1)/2, N=H_A*H_B",Product graph not materialized; no observed unique-edge count; strict forward topological order,Finite DAG counting derivation; not a transition-check measurement,O(n^2 m^2),Counter unavailable or phase not reached; historical runs not rerun,Missing completed single-graph counters,H2
hurricane:EP021949__EP031949:a0.5|CPS-3F,10,hurricane,EP021949__EP031949,0.5,CPS-3F,25,25,reused,output\paper_v1\unified_pilot_results\slots\10\attempts\slot10_9c3ce8eb1cc545e1b9833ac08e21c34d,validated,True,True,completed search,dynamic_programming_labels,,,,n*H_A*H_B,At most n distinct A-hop counts per state; labels not instrumented,Thesis section5.1; manuscript section4.4; solve_cps values dictionaries,O(n^2 m^2),Counter unavailable or phase not reached; historical runs not rerun,Missing completed single-graph counters,H2
protein:1o7j.a__1d9q.d:a0.5|CPS-2F,19,protein,1o7j.a__1d9q.d,0.5,CPS-2F,22,22,reused,output\paper_v1\unified_pilot_results\slots\19\attempts\slot19_67a95ddd348341d08fd3a07c99191bd7,validated,True,True,completed search,auxiliary_A,96.0,924.0,10.38961038961039,2 k(k-1),Interior curve-parameter intersections; CPS-3F percentage not applicable,Thesis Observation 4 p.18 and section 5.1 p.26; manuscript section 4.4 pp.15-16,O(n^3 m^3),,,P1
protein:1o7j.a__1d9q.d:a0.5|CPS-2F,19,protein,1o7j.a__1d9q.d,0.5,CPS-2F,22,22,reused,output\paper_v1\unified_pilot_results\slots\19\attempts\slot19_67a95ddd348341d08fd3a07c99191bd7,validated,True,True,completed search,single_dense_A,2596.0,20812.0,12.473572938689218,k*(k+2k(k-1)),"Dense indexing slots, not valid vertices",Thesis Observation 4 p.18 and section 5.1 p.26; manuscript section 4.4 pp.15-16,O(n^3 m^3),,,P1
protein:1o7j.a__1d9q.d:a0.5|CPS-2F,19,protein,1o7j.a__1d9q.d,0.5,CPS-2F,22,22,reused,output\paper_v1\unified_pilot_results\slots\19\attempts\slot19_67a95ddd348341d08fd3a07c99191bd7,validated,True,True,completed search,single_active_A,,2596.0,,k*(k+a),Anchored source/terminal included; single-graph construction complete,Thesis Observation 4 p.18 and section 5.1 p.26; manuscript section 4.4 pp.15-16,O(n^3 m^3),Counter unavailable or phase not reached; historical runs not rerun,,P1
protein:1o7j.a__1d9q.d:a0.5|CPS-2F,19,protein,1o7j.a__1d9q.d,0.5,CPS-2F,22,22,reused,output\paper_v1\unified_pilot_results\slots\19\attempts\slot19_67a95ddd348341d08fd3a07c99191bd7,validated,True,True,completed search,single_edges_with_waits_A,,,,H*(H+1)/2,Unique forward transitions plus exactly H waits; completed graph,Finite derivation from chain_graph() enumeration and pruning,O(n^3 m^3),Counter unavailable or phase not reached; historical runs not rerun,Missing completed single-graph counters,P1
protein:1o7j.a__1d9q.d:a0.5|CPS-2F,19,protein,1o7j.a__1d9q.d,0.5,CPS-2F,22,22,reused,output\paper_v1\unified_pilot_results\slots\19\attempts\slot19_67a95ddd348341d08fd3a07c99191bd7,validated,True,True,completed search,auxiliary_B,91.0,924.0,9.848484848484848,2 k(k-1),Interior curve-parameter intersections; CPS-3F percentage not applicable,Thesis Observation 4 p.18 and section 5.1 p.26; manuscript section 4.4 pp.15-16,O(n^3 m^3),,,P1
protein:1o7j.a__1d9q.d:a0.5|CPS-2F,19,protein,1o7j.a__1d9q.d,0.5,CPS-2F,22,22,reused,output\paper_v1\unified_pilot_results\slots\19\attempts\slot19_67a95ddd348341d08fd3a07c99191bd7,validated,True,True,completed search,single_dense_B,2486.0,20812.0,11.945031712473574,k*(k+2k(k-1)),"Dense indexing slots, not valid vertices",Thesis Observation 4 p.18 and section 5.1 p.26; manuscript section 4.4 pp.15-16,O(n^3 m^3),,,P1
protein:1o7j.a__1d9q.d:a0.5|CPS-2F,19,protein,1o7j.a__1d9q.d,0.5,CPS-2F,22,22,reused,output\paper_v1\unified_pilot_results\slots\19\attempts\slot19_67a95ddd348341d08fd3a07c99191bd7,validated,True,True,completed search,single_active_B,,2486.0,,k*(k+a),Anchored source/terminal included; single-graph construction complete,Thesis Observation 4 p.18 and section 5.1 p.26; manuscript section 4.4 pp.15-16,O(n^3 m^3),Counter unavailable or phase not reached; historical runs not rerun,,P1
protein:1o7j.a__1d9q.d:a0.5|CPS-2F,19,protein,1o7j.a__1d9q.d,0.5,CPS-2F,22,22,reused,output\paper_v1\unified_pilot_results\slots\19\attempts\slot19_67a95ddd348341d08fd3a07c99191bd7,validated,True,True,completed search,single_edges_with_waits_B,2651.0,,,H*(H+1)/2,Unique forward transitions plus exactly H waits; completed graph,Finite derivation from chain_graph() enumeration and pruning,O(n^3 m^3),,Missing completed single-graph counters,P1
protein:1o7j.a__1d9q.d:a0.5|CPS-2F,19,protein,1o7j.a__1d9q.d,0.5,CPS-2F,22,22,reused,output\paper_v1\unified_pilot_results\slots\19\attempts\slot19_67a95ddd348341d08fd3a07c99191bd7,validated,True,True,completed search,configuration_states_input_bound,22004.0,433139344.0,0.0050801203596041,n*m*(n+2n(n-1))*(m+2m(m-1)),All index combinations; includes source/terminal; no hidden asymptotic constant,Thesis Observation 4 p.18 and section 5.1 p.26; manuscript section 4.4 pp.15-16,O(n^3 m^3),,,P1
protein:1o7j.a__1d9q.d:a0.5|CPS-2F,19,protein,1o7j.a__1d9q.d,0.5,CPS-2F,22,22,reused,output\paper_v1\unified_pilot_results\slots\19\attempts\slot19_67a95ddd348341d08fd3a07c99191bd7,validated,True,True,completed search,configuration_states_extended_bound,22004.0,6453656.0,0.3409540266788313,n*m*(n+aA)*(m+aB),Actual extended-curve sizes; all index combinations,Thesis Observation 4 p.18 and section 5.1 p.26; manuscript section 4.4 pp.15-16,O(n^3 m^3),,,P1
protein:1o7j.a__1d9q.d:a0.5|CPS-2F,19,protein,1o7j.a__1d9q.d,0.5,CPS-2F,22,22,reused,output\paper_v1\unified_pilot_results\slots\19\attempts\slot19_67a95ddd348341d08fd3a07c99191bd7,validated,True,True,completed search,configuration_states_active_bound,22004.0,,,H_A*H_B,Completed single graphs; includes coupling-invalid combinations,Thesis Observation 4 p.18 and section 5.1 p.26; manuscript section 4.4 pp.15-16,O(n^3 m^3),,Missing completed single-graph counters,P1
protein:1o7j.a__1d9q.d:a0.5|CPS-2F,19,protein,1o7j.a__1d9q.d,0.5,CPS-2F,22,22,reused,output\paper_v1\unified_pilot_results\slots\19\attempts\slot19_67a95ddd348341d08fd3a07c99191bd7,validated,True,True,completed search,candidate_transition_checks,6617064.0,,,E_A*E_B-H_A*H_B,No duplicate single-graph entries; each product source popped once; excludes simultaneous waits,Finite derivation from solve_cps() and chain_graph(); see graph_bounds.md,O(n^3 m^3),,Missing completed single-graph counters,P1
protein:1o7j.a__1d9q.d:a0.5|CPS-2F,19,protein,1o7j.a__1d9q.d,0.5,CPS-2F,22,22,reused,output\paper_v1\unified_pilot_results\slots\19\attempts\slot19_67a95ddd348341d08fd3a07c99191bd7,validated,True,True,completed search,unique_configuration_edges,,,,"N*(N-1)/2, N=H_A*H_B",Product graph not materialized; no observed unique-edge count; strict forward topological order,Finite DAG counting derivation; not a transition-check measurement,O(n^3 m^3),Counter unavailable or phase not reached; historical runs not rerun,Missing completed single-graph counters,P1
protein:1o7j.a__1d9q.d:a0.5|CPS-2F,19,protein,1o7j.a__1d9q.d,0.5,CPS-2F,22,22,reused,output\paper_v1\unified_pilot_results\slots\19\attempts\slot19_67a95ddd348341d08fd3a07c99191bd7,validated,True,True,completed search,dynamic_programming_labels,,,,n*H_A*H_B,At most n distinct A-hop counts per state; labels not instrumented,Thesis section5.1; manuscript section4.4; solve_cps values dictionaries,O(n^3 m^3),Counter unavailable or phase not reached; historical runs not rerun,Missing completed single-graph counters,P1
protein:1o7j.a__1d9q.d:a0.5|CPS-3F,20,protein,1o7j.a__1d9q.d,0.5,CPS-3F,22,22,reused,output\paper_v1\unified_pilot_results\slots\20\attempts\slot20_e0ee0e87e6cf44b8b6e3f58388474666,validated,True,True,completed search,auxiliary_A,0.0,0.0,,0 (no auxiliary locations),Interior curve-parameter intersections; CPS-3F percentage not applicable,Thesis Observation 4 p.18 and section 5.1 p.26; manuscript section 4.4 pp.15-16,O(n^2 m^2),,Zero/non-applicable bound,P1
protein:1o7j.a__1d9q.d:a0.5|CPS-3F,20,protein,1o7j.a__1d9q.d,0.5,CPS-3F,22,22,reused,output\paper_v1\unified_pilot_results\slots\20\attempts\slot20_e0ee0e87e6cf44b8b6e3f58388474666,validated,True,True,completed search,single_dense_A,484.0,484.0,100.0,k^2,"Dense indexing slots, not valid vertices",Thesis Observation 4 p.18 and section 5.1 p.26; manuscript section 4.4 pp.15-16,O(n^2 m^2),,,P1
protein:1o7j.a__1d9q.d:a0.5|CPS-3F,20,protein,1o7j.a__1d9q.d,0.5,CPS-3F,22,22,reused,output\paper_v1\unified_pilot_results\slots\20\attempts\slot20_e0ee0e87e6cf44b8b6e3f58388474666,validated,True,True,completed search,single_active_A,,484.0,,k*(k+a),Anchored source/terminal included; single-graph construction complete,Thesis Observation 4 p.18 and section 5.1 p.26; manuscript section 4.4 pp.15-16,O(n^2 m^2),Counter unavailable or phase not reached; historical runs not rerun,,P1
protein:1o7j.a__1d9q.d:a0.5|CPS-3F,20,protein,1o7j.a__1d9q.d,0.5,CPS-3F,22,22,reused,output\paper_v1\unified_pilot_results\slots\20\attempts\slot20_e0ee0e87e6cf44b8b6e3f58388474666,validated,True,True,completed search,single_edges_with_waits_A,,,,H*(H+1)/2,Unique forward transitions plus exactly H waits; completed graph,Finite derivation from chain_graph() enumeration and pruning,O(n^2 m^2),Counter unavailable or phase not reached; historical runs not rerun,Missing completed single-graph counters,P1
protein:1o7j.a__1d9q.d:a0.5|CPS-3F,20,protein,1o7j.a__1d9q.d,0.5,CPS-3F,22,22,reused,output\paper_v1\unified_pilot_results\slots\20\attempts\slot20_e0ee0e87e6cf44b8b6e3f58388474666,validated,True,True,completed search,auxiliary_B,0.0,0.0,,0 (no auxiliary locations),Interior curve-parameter intersections; CPS-3F percentage not applicable,Thesis Observation 4 p.18 and section 5.1 p.26; manuscript section 4.4 pp.15-16,O(n^2 m^2),,Zero/non-applicable bound,P1
protein:1o7j.a__1d9q.d:a0.5|CPS-3F,20,protein,1o7j.a__1d9q.d,0.5,CPS-3F,22,22,reused,output\paper_v1\unified_pilot_results\slots\20\attempts\slot20_e0ee0e87e6cf44b8b6e3f58388474666,validated,True,True,completed search,single_dense_B,484.0,484.0,100.0,k^2,"Dense indexing slots, not valid vertices",Thesis Observation 4 p.18 and section 5.1 p.26; manuscript section 4.4 pp.15-16,O(n^2 m^2),,,P1
protein:1o7j.a__1d9q.d:a0.5|CPS-3F,20,protein,1o7j.a__1d9q.d,0.5,CPS-3F,22,22,reused,output\paper_v1\unified_pilot_results\slots\20\attempts\slot20_e0ee0e87e6cf44b8b6e3f58388474666,validated,True,True,completed search,single_active_B,,484.0,,k*(k+a),Anchored source/terminal included; single-graph construction complete,Thesis Observation 4 p.18 and section 5.1 p.26; manuscript section 4.4 pp.15-16,O(n^2 m^2),Counter unavailable or phase not reached; historical runs not rerun,,P1
protein:1o7j.a__1d9q.d:a0.5|CPS-3F,20,protein,1o7j.a__1d9q.d,0.5,CPS-3F,22,22,reused,output\paper_v1\unified_pilot_results\slots\20\attempts\slot20_e0ee0e87e6cf44b8b6e3f58388474666,validated,True,True,completed search,single_edges_with_waits_B,62.0,,,H*(H+1)/2,Unique forward transitions plus exactly H waits; completed graph,Finite derivation from chain_graph() enumeration and pruning,O(n^2 m^2),,Missing completed single-graph counters,P1
protein:1o7j.a__1d9q.d:a0.5|CPS-3F,20,protein,1o7j.a__1d9q.d,0.5,CPS-3F,22,22,reused,output\paper_v1\unified_pilot_results\slots\20\attempts\slot20_e0ee0e87e6cf44b8b6e3f58388474666,validated,True,True,completed search,configuration_states_input_bound,669.0,234256.0,0.2855850010245201,n^2*m^2,All index combinations; includes source/terminal; no hidden asymptotic constant,Thesis Observation 4 p.18 and section 5.1 p.26; manuscript section 4.4 pp.15-16,O(n^2 m^2),,,P1
protein:1o7j.a__1d9q.d:a0.5|CPS-3F,20,protein,1o7j.a__1d9q.d,0.5,CPS-3F,22,22,reused,output\paper_v1\unified_pilot_results\slots\20\attempts\slot20_e0ee0e87e6cf44b8b6e3f58388474666,validated,True,True,completed search,configuration_states_active_bound,669.0,,,H_A*H_B,Completed single graphs; includes coupling-invalid combinations,Thesis Observation 4 p.18 and section 5.1 p.26; manuscript section 4.4 pp.15-16,O(n^2 m^2),,Missing completed single-graph counters,P1
protein:1o7j.a__1d9q.d:a0.5|CPS-3F,20,protein,1o7j.a__1d9q.d,0.5,CPS-3F,22,22,reused,output\paper_v1\unified_pilot_results\slots\20\attempts\slot20_e0ee0e87e6cf44b8b6e3f58388474666,validated,True,True,completed search,candidate_transition_checks,3170.0,,,E_A*E_B-H_A*H_B,No duplicate single-graph entries; each product source popped once; excludes simultaneous waits,Finite derivation from solve_cps() and chain_graph(); see graph_bounds.md,O(n^2 m^2),,Missing completed single-graph counters,P1
protein:1o7j.a__1d9q.d:a0.5|CPS-3F,20,protein,1o7j.a__1d9q.d,0.5,CPS-3F,22,22,reused,output\paper_v1\unified_pilot_results\slots\20\attempts\slot20_e0ee0e87e6cf44b8b6e3f58388474666,validated,True,True,completed search,unique_configuration_edges,,,,"N*(N-1)/2, N=H_A*H_B",Product graph not materialized; no observed unique-edge count; strict forward topological order,Finite DAG counting derivation; not a transition-check measurement,O(n^2 m^2),Counter unavailable or phase not reached; historical runs not rerun,Missing completed single-graph counters,P1
protein:1o7j.a__1d9q.d:a0.5|CPS-3F,20,protein,1o7j.a__1d9q.d,0.5,CPS-3F,22,22,reused,output\paper_v1\unified_pilot_results\slots\20\attempts\slot20_e0ee0e87e6cf44b8b6e3f58388474666,validated,True,True,completed search,dynamic_programming_labels,,,,n*H_A*H_B,At most n distinct A-hop counts per state; labels not instrumented,Thesis section5.1; manuscript section4.4; solve_cps values dictionaries,O(n^2 m^2),Counter unavailable or phase not reached; historical runs not rerun,Missing completed single-graph counters,P1
protein:1o7j.a__1hfj.c:a0.5|CPS-2F,25,protein,1o7j.a__1hfj.c,0.5,CPS-2F,22,22,reused,output\paper_v1\unified_pilot_results\slots\25\attempts\slot25_e5ce743da5d4474f8086789aa234a723,validated,True,True,completed search,auxiliary_A,96.0,924.0,10.38961038961039,2 k(k-1),Interior curve-parameter intersections; CPS-3F percentage not applicable,Thesis Observation 4 p.18 and section 5.1 p.26; manuscript section 4.4 pp.15-16,O(n^3 m^3),,,P2
protein:1o7j.a__1hfj.c:a0.5|CPS-2F,25,protein,1o7j.a__1hfj.c,0.5,CPS-2F,22,22,reused,output\paper_v1\unified_pilot_results\slots\25\attempts\slot25_e5ce743da5d4474f8086789aa234a723,validated,True,True,completed search,single_dense_A,2596.0,20812.0,12.473572938689218,k*(k+2k(k-1)),"Dense indexing slots, not valid vertices",Thesis Observation 4 p.18 and section 5.1 p.26; manuscript section 4.4 pp.15-16,O(n^3 m^3),,,P2
protein:1o7j.a__1hfj.c:a0.5|CPS-2F,25,protein,1o7j.a__1hfj.c,0.5,CPS-2F,22,22,reused,output\paper_v1\unified_pilot_results\slots\25\attempts\slot25_e5ce743da5d4474f8086789aa234a723,validated,True,True,completed search,single_active_A,,2596.0,,k*(k+a),Anchored source/terminal included; single-graph construction complete,Thesis Observation 4 p.18 and section 5.1 p.26; manuscript section 4.4 pp.15-16,O(n^3 m^3),Counter unavailable or phase not reached; historical runs not rerun,,P2
protein:1o7j.a__1hfj.c:a0.5|CPS-2F,25,protein,1o7j.a__1hfj.c,0.5,CPS-2F,22,22,reused,output\paper_v1\unified_pilot_results\slots\25\attempts\slot25_e5ce743da5d4474f8086789aa234a723,validated,True,True,completed search,single_edges_with_waits_A,,,,H*(H+1)/2,Unique forward transitions plus exactly H waits; completed graph,Finite derivation from chain_graph() enumeration and pruning,O(n^3 m^3),Counter unavailable or phase not reached; historical runs not rerun,Missing completed single-graph counters,P2
protein:1o7j.a__1hfj.c:a0.5|CPS-2F,25,protein,1o7j.a__1hfj.c,0.5,CPS-2F,22,22,reused,output\paper_v1\unified_pilot_results\slots\25\attempts\slot25_e5ce743da5d4474f8086789aa234a723,validated,True,True,completed search,auxiliary_B,94.0,924.0,10.173160173160174,2 k(k-1),Interior curve-parameter intersections; CPS-3F percentage not applicable,Thesis Observation 4 p.18 and section 5.1 p.26; manuscript section 4.4 pp.15-16,O(n^3 m^3),,,P2
protein:1o7j.a__1hfj.c:a0.5|CPS-2F,25,protein,1o7j.a__1hfj.c,0.5,CPS-2F,22,22,reused,output\paper_v1\unified_pilot_results\slots\25\attempts\slot25_e5ce743da5d4474f8086789aa234a723,validated,True,True,completed search,single_dense_B,2552.0,20812.0,12.26215644820296,k*(k+2k(k-1)),"Dense indexing slots, not valid vertices",Thesis Observation 4 p.18 and section 5.1 p.26; manuscript section 4.4 pp.15-16,O(n^3 m^3),,,P2
protein:1o7j.a__1hfj.c:a0.5|CPS-2F,25,protein,1o7j.a__1hfj.c,0.5,CPS-2F,22,22,reused,output\paper_v1\unified_pilot_results\slots\25\attempts\slot25_e5ce743da5d4474f8086789aa234a723,validated,True,True,completed search,single_active_B,,2552.0,,k*(k+a),Anchored source/terminal included; single-graph construction complete,Thesis Observation 4 p.18 and section 5.1 p.26; manuscript section 4.4 pp.15-16,O(n^3 m^3),Counter unavailable or phase not reached; historical runs not rerun,,P2
protein:1o7j.a__1hfj.c:a0.5|CPS-2F,25,protein,1o7j.a__1hfj.c,0.5,CPS-2F,22,22,reused,output\paper_v1\unified_pilot_results\slots\25\attempts\slot25_e5ce743da5d4474f8086789aa234a723,validated,True,True,completed search,single_edges_with_waits_B,2598.0,,,H*(H+1)/2,Unique forward transitions plus exactly H waits; completed graph,Finite derivation from chain_graph() enumeration and pruning,O(n^3 m^3),,Missing completed single-graph counters,P2
protein:1o7j.a__1hfj.c:a0.5|CPS-2F,25,protein,1o7j.a__1hfj.c,0.5,CPS-2F,22,22,reused,output\paper_v1\unified_pilot_results\slots\25\attempts\slot25_e5ce743da5d4474f8086789aa234a723,validated,True,True,completed search,configuration_states_input_bound,1273.0,433139344.0,0.0002939008006624,n*m*(n+2n(n-1))*(m+2m(m-1)),All index combinations; includes source/terminal; no hidden asymptotic constant,Thesis Observation 4 p.18 and section 5.1 p.26; manuscript section 4.4 pp.15-16,O(n^3 m^3),,,P2
protein:1o7j.a__1hfj.c:a0.5|CPS-2F,25,protein,1o7j.a__1hfj.c,0.5,CPS-2F,22,22,reused,output\paper_v1\unified_pilot_results\slots\25\attempts\slot25_e5ce743da5d4474f8086789aa234a723,validated,True,True,completed search,configuration_states_extended_bound,1273.0,6624992.0,0.0192151175427834,n*m*(n+aA)*(m+aB),Actual extended-curve sizes; all index combinations,Thesis Observation 4 p.18 and section 5.1 p.26; manuscript section 4.4 pp.15-16,O(n^3 m^3),,,P2
protein:1o7j.a__1hfj.c:a0.5|CPS-2F,25,protein,1o7j.a__1hfj.c,0.5,CPS-2F,22,22,reused,output\paper_v1\unified_pilot_results\slots\25\attempts\slot25_e5ce743da5d4474f8086789aa234a723,validated,True,True,completed search,configuration_states_active_bound,1273.0,,,H_A*H_B,Completed single graphs; includes coupling-invalid combinations,Thesis Observation 4 p.18 and section 5.1 p.26; manuscript section 4.4 pp.15-16,O(n^3 m^3),,Missing completed single-graph counters,P2
protein:1o7j.a__1hfj.c:a0.5|CPS-2F,25,protein,1o7j.a__1hfj.c,0.5,CPS-2F,22,22,reused,output\paper_v1\unified_pilot_results\slots\25\attempts\slot25_e5ce743da5d4474f8086789aa234a723,validated,True,True,completed search,candidate_transition_checks,168920.0,,,E_A*E_B-H_A*H_B,No duplicate single-graph entries; each product source popped once; excludes simultaneous waits,Finite derivation from solve_cps() and chain_graph(); see graph_bounds.md,O(n^3 m^3),,Missing completed single-graph counters,P2
protein:1o7j.a__1hfj.c:a0.5|CPS-2F,25,protein,1o7j.a__1hfj.c,0.5,CPS-2F,22,22,reused,output\paper_v1\unified_pilot_results\slots\25\attempts\slot25_e5ce743da5d4474f8086789aa234a723,validated,True,True,completed search,unique_configuration_edges,,,,"N*(N-1)/2, N=H_A*H_B",Product graph not materialized; no observed unique-edge count; strict forward topological order,Finite DAG counting derivation; not a transition-check measurement,O(n^3 m^3),Counter unavailable or phase not reached; historical runs not rerun,Missing completed single-graph counters,P2
protein:1o7j.a__1hfj.c:a0.5|CPS-2F,25,protein,1o7j.a__1hfj.c,0.5,CPS-2F,22,22,reused,output\paper_v1\unified_pilot_results\slots\25\attempts\slot25_e5ce743da5d4474f8086789aa234a723,validated,True,True,completed search,dynamic_programming_labels,,,,n*H_A*H_B,At most n distinct A-hop counts per state; labels not instrumented,Thesis section5.1; manuscript section4.4; solve_cps values dictionaries,O(n^3 m^3),Counter unavailable or phase not reached; historical runs not rerun,Missing completed single-graph counters,P2
protein:1o7j.a__1hfj.c:a0.5|CPS-3F,26,protein,1o7j.a__1hfj.c,0.5,CPS-3F,22,22,reused,output\paper_v1\unified_pilot_results\slots\26\attempts\slot26_dd70540fbfa346d9babebd31da1d1eae,validated,True,True,completed search,auxiliary_A,0.0,0.0,,0 (no auxiliary locations),Interior curve-parameter intersections; CPS-3F percentage not applicable,Thesis Observation 4 p.18 and section 5.1 p.26; manuscript section 4.4 pp.15-16,O(n^2 m^2),,Zero/non-applicable bound,P2
protein:1o7j.a__1hfj.c:a0.5|CPS-3F,26,protein,1o7j.a__1hfj.c,0.5,CPS-3F,22,22,reused,output\paper_v1\unified_pilot_results\slots\26\attempts\slot26_dd70540fbfa346d9babebd31da1d1eae,validated,True,True,completed search,single_dense_A,484.0,484.0,100.0,k^2,"Dense indexing slots, not valid vertices",Thesis Observation 4 p.18 and section 5.1 p.26; manuscript section 4.4 pp.15-16,O(n^2 m^2),,,P2
protein:1o7j.a__1hfj.c:a0.5|CPS-3F,26,protein,1o7j.a__1hfj.c,0.5,CPS-3F,22,22,reused,output\paper_v1\unified_pilot_results\slots\26\attempts\slot26_dd70540fbfa346d9babebd31da1d1eae,validated,True,True,completed search,single_active_A,,484.0,,k*(k+a),Anchored source/terminal included; single-graph construction complete,Thesis Observation 4 p.18 and section 5.1 p.26; manuscript section 4.4 pp.15-16,O(n^2 m^2),Counter unavailable or phase not reached; historical runs not rerun,,P2
protein:1o7j.a__1hfj.c:a0.5|CPS-3F,26,protein,1o7j.a__1hfj.c,0.5,CPS-3F,22,22,reused,output\paper_v1\unified_pilot_results\slots\26\attempts\slot26_dd70540fbfa346d9babebd31da1d1eae,validated,True,True,completed search,single_edges_with_waits_A,,,,H*(H+1)/2,Unique forward transitions plus exactly H waits; completed graph,Finite derivation from chain_graph() enumeration and pruning,O(n^2 m^2),Counter unavailable or phase not reached; historical runs not rerun,Missing completed single-graph counters,P2
protein:1o7j.a__1hfj.c:a0.5|CPS-3F,26,protein,1o7j.a__1hfj.c,0.5,CPS-3F,22,22,reused,output\paper_v1\unified_pilot_results\slots\26\attempts\slot26_dd70540fbfa346d9babebd31da1d1eae,validated,True,True,completed search,auxiliary_B,0.0,0.0,,0 (no auxiliary locations),Interior curve-parameter intersections; CPS-3F percentage not applicable,Thesis Observation 4 p.18 and section 5.1 p.26; manuscript section 4.4 pp.15-16,O(n^2 m^2),,Zero/non-applicable bound,P2
protein:1o7j.a__1hfj.c:a0.5|CPS-3F,26,protein,1o7j.a__1hfj.c,0.5,CPS-3F,22,22,reused,output\paper_v1\unified_pilot_results\slots\26\attempts\slot26_dd70540fbfa346d9babebd31da1d1eae,validated,True,True,completed search,single_dense_B,484.0,484.0,100.0,k^2,"Dense indexing slots, not valid vertices",Thesis Observation 4 p.18 and section 5.1 p.26; manuscript section 4.4 pp.15-16,O(n^2 m^2),,,P2
protein:1o7j.a__1hfj.c:a0.5|CPS-3F,26,protein,1o7j.a__1hfj.c,0.5,CPS-3F,22,22,reused,output\paper_v1\unified_pilot_results\slots\26\attempts\slot26_dd70540fbfa346d9babebd31da1d1eae,validated,True,True,completed search,single_active_B,,484.0,,k*(k+a),Anchored source/terminal included; single-graph construction complete,Thesis Observation 4 p.18 and section 5.1 p.26; manuscript section 4.4 pp.15-16,O(n^2 m^2),Counter unavailable or phase not reached; historical runs not rerun,,P2
protein:1o7j.a__1hfj.c:a0.5|CPS-3F,26,protein,1o7j.a__1hfj.c,0.5,CPS-3F,22,22,reused,output\paper_v1\unified_pilot_results\slots\26\attempts\slot26_dd70540fbfa346d9babebd31da1d1eae,validated,True,True,completed search,single_edges_with_waits_B,70.0,,,H*(H+1)/2,Unique forward transitions plus exactly H waits; completed graph,Finite derivation from chain_graph() enumeration and pruning,O(n^2 m^2),,Missing completed single-graph counters,P2
protein:1o7j.a__1hfj.c:a0.5|CPS-3F,26,protein,1o7j.a__1hfj.c,0.5,CPS-3F,22,22,reused,output\paper_v1\unified_pilot_results\slots\26\attempts\slot26_dd70540fbfa346d9babebd31da1d1eae,validated,True,True,completed search,configuration_states_input_bound,42.0,234256.0,0.0179291032033331,n^2*m^2,All index combinations; includes source/terminal; no hidden asymptotic constant,Thesis Observation 4 p.18 and section 5.1 p.26; manuscript section 4.4 pp.15-16,O(n^2 m^2),,,P2
protein:1o7j.a__1hfj.c:a0.5|CPS-3F,26,protein,1o7j.a__1hfj.c,0.5,CPS-3F,22,22,reused,output\paper_v1\unified_pilot_results\slots\26\attempts\slot26_dd70540fbfa346d9babebd31da1d1eae,validated,True,True,completed search,configuration_states_active_bound,42.0,,,H_A*H_B,Completed single graphs; includes coupling-invalid combinations,Thesis Observation 4 p.18 and section 5.1 p.26; manuscript section 4.4 pp.15-16,O(n^2 m^2),,Missing completed single-graph counters,P2
protein:1o7j.a__1hfj.c:a0.5|CPS-3F,26,protein,1o7j.a__1hfj.c,0.5,CPS-3F,22,22,reused,output\paper_v1\unified_pilot_results\slots\26\attempts\slot26_dd70540fbfa346d9babebd31da1d1eae,validated,True,True,completed search,candidate_transition_checks,108.0,,,E_A*E_B-H_A*H_B,No duplicate single-graph entries; each product source popped once; excludes simultaneous waits,Finite derivation from solve_cps() and chain_graph(); see graph_bounds.md,O(n^2 m^2),,Missing completed single-graph counters,P2
protein:1o7j.a__1hfj.c:a0.5|CPS-3F,26,protein,1o7j.a__1hfj.c,0.5,CPS-3F,22,22,reused,output\paper_v1\unified_pilot_results\slots\26\attempts\slot26_dd70540fbfa346d9babebd31da1d1eae,validated,True,True,completed search,unique_configuration_edges,,,,"N*(N-1)/2, N=H_A*H_B",Product graph not materialized; no observed unique-edge count; strict forward topological order,Finite DAG counting derivation; not a transition-check measurement,O(n^2 m^2),Counter unavailable or phase not reached; historical runs not rerun,Missing completed single-graph counters,P2
protein:1o7j.a__1hfj.c:a0.5|CPS-3F,26,protein,1o7j.a__1hfj.c,0.5,CPS-3F,22,22,reused,output\paper_v1\unified_pilot_results\slots\26\attempts\slot26_dd70540fbfa346d9babebd31da1d1eae,validated,True,True,completed search,dynamic_programming_labels,,,,n*H_A*H_B,At most n distinct A-hop counts per state; labels not instrumented,Thesis section5.1; manuscript section4.4; solve_cps values dictionaries,O(n^2 m^2),Counter unavailable or phase not reached; historical runs not rerun,Missing completed single-graph counters,P2
protein:1o7j.a__1qd1.b:a0.5|CPS-2F,35,protein,1o7j.a__1qd1.b,0.5,CPS-2F,22,22,new,output\paper_v1\expanded_comparison\slots\35\attempts\expanded35_4fea86cbd8a54e25b1f0959f61809ba3,validated,True,True,completed search,auxiliary_A,96.0,924.0,10.38961038961039,2 k(k-1),Interior curve-parameter intersections; CPS-3F percentage not applicable,Thesis Observation 4 p.18 and section 5.1 p.26; manuscript section 4.4 pp.15-16,O(n^3 m^3),,,P3
protein:1o7j.a__1qd1.b:a0.5|CPS-2F,35,protein,1o7j.a__1qd1.b,0.5,CPS-2F,22,22,new,output\paper_v1\expanded_comparison\slots\35\attempts\expanded35_4fea86cbd8a54e25b1f0959f61809ba3,validated,True,True,completed search,single_dense_A,2596.0,20812.0,12.473572938689218,k*(k+2k(k-1)),"Dense indexing slots, not valid vertices",Thesis Observation 4 p.18 and section 5.1 p.26; manuscript section 4.4 pp.15-16,O(n^3 m^3),,,P3
protein:1o7j.a__1qd1.b:a0.5|CPS-2F,35,protein,1o7j.a__1qd1.b,0.5,CPS-2F,22,22,new,output\paper_v1\expanded_comparison\slots\35\attempts\expanded35_4fea86cbd8a54e25b1f0959f61809ba3,validated,True,True,completed search,single_active_A,155.0,2596.0,5.970724191063174,k*(k+a),Anchored source/terminal included; single-graph construction complete,Thesis Observation 4 p.18 and section 5.1 p.26; manuscript section 4.4 pp.15-16,O(n^3 m^3),,,P3
protein:1o7j.a__1qd1.b:a0.5|CPS-2F,35,protein,1o7j.a__1qd1.b,0.5,CPS-2F,22,22,new,output\paper_v1\expanded_comparison\slots\35\attempts\expanded35_4fea86cbd8a54e25b1f0959f61809ba3,validated,True,True,completed search,single_edges_with_waits_A,2715.0,12090.0,22.45657568238213,H*(H+1)/2,Unique forward transitions plus exactly H waits; completed graph,Finite derivation from chain_graph() enumeration and pruning,O(n^3 m^3),,,P3
protein:1o7j.a__1qd1.b:a0.5|CPS-2F,35,protein,1o7j.a__1qd1.b,0.5,CPS-2F,22,22,new,output\paper_v1\expanded_comparison\slots\35\attempts\expanded35_4fea86cbd8a54e25b1f0959f61809ba3,validated,True,True,completed search,auxiliary_B,102.0,924.0,11.03896103896104,2 k(k-1),Interior curve-parameter intersections; CPS-3F percentage not applicable,Thesis Observation 4 p.18 and section 5.1 p.26; manuscript section 4.4 pp.15-16,O(n^3 m^3),,,P3
protein:1o7j.a__1qd1.b:a0.5|CPS-2F,35,protein,1o7j.a__1qd1.b,0.5,CPS-2F,22,22,new,output\paper_v1\expanded_comparison\slots\35\attempts\expanded35_4fea86cbd8a54e25b1f0959f61809ba3,validated,True,True,completed search,single_dense_B,2728.0,20812.0,13.10782241014799,k*(k+2k(k-1)),"Dense indexing slots, not valid vertices",Thesis Observation 4 p.18 and section 5.1 p.26; manuscript section 4.4 pp.15-16,O(n^3 m^3),,,P3
protein:1o7j.a__1qd1.b:a0.5|CPS-2F,35,protein,1o7j.a__1qd1.b,0.5,CPS-2F,22,22,new,output\paper_v1\expanded_comparison\slots\35\attempts\expanded35_4fea86cbd8a54e25b1f0959f61809ba3,validated,True,True,completed search,single_active_B,158.0,2728.0,5.7917888563049855,k*(k+a),Anchored source/terminal included; single-graph construction complete,Thesis Observation 4 p.18 and section 5.1 p.26; manuscript section 4.4 pp.15-16,O(n^3 m^3),,,P3
protein:1o7j.a__1qd1.b:a0.5|CPS-2F,35,protein,1o7j.a__1qd1.b,0.5,CPS-2F,22,22,new,output\paper_v1\expanded_comparison\slots\35\attempts\expanded35_4fea86cbd8a54e25b1f0959f61809ba3,validated,True,True,completed search,single_edges_with_waits_B,2002.0,12561.0,15.938221479181594,H*(H+1)/2,Unique forward transitions plus exactly H waits; completed graph,Finite derivation from chain_graph() enumeration and pruning,O(n^3 m^3),,,P3
protein:1o7j.a__1qd1.b:a0.5|CPS-2F,35,protein,1o7j.a__1qd1.b,0.5,CPS-2F,22,22,new,output\paper_v1\expanded_comparison\slots\35\attempts\expanded35_4fea86cbd8a54e25b1f0959f61809ba3,validated,True,True,completed search,configuration_states_input_bound,18848.0,433139344.0,0.0043514864814497,n*m*(n+2n(n-1))*(m+2m(m-1)),All index combinations; includes source/terminal; no hidden asymptotic constant,Thesis Observation 4 p.18 and section 5.1 p.26; manuscript section 4.4 pp.15-16,O(n^3 m^3),,,P3
protein:1o7j.a__1qd1.b:a0.5|CPS-2F,35,protein,1o7j.a__1qd1.b,0.5,CPS-2F,22,22,new,output\paper_v1\expanded_comparison\slots\35\attempts\expanded35_4fea86cbd8a54e25b1f0959f61809ba3,validated,True,True,completed search,configuration_states_extended_bound,18848.0,7081888.0,0.266143717607508,n*m*(n+aA)*(m+aB),Actual extended-curve sizes; all index combinations,Thesis Observation 4 p.18 and section 5.1 p.26; manuscript section 4.4 pp.15-16,O(n^3 m^3),,,P3
protein:1o7j.a__1qd1.b:a0.5|CPS-2F,35,protein,1o7j.a__1qd1.b,0.5,CPS-2F,22,22,new,output\paper_v1\expanded_comparison\slots\35\attempts\expanded35_4fea86cbd8a54e25b1f0959f61809ba3,validated,True,True,completed search,configuration_states_active_bound,18848.0,24490.0,76.9620253164557,H_A*H_B,Completed single graphs; includes coupling-invalid combinations,Thesis Observation 4 p.18 and section 5.1 p.26; manuscript section 4.4 pp.15-16,O(n^3 m^3),,,P3
protein:1o7j.a__1qd1.b:a0.5|CPS-2F,35,protein,1o7j.a__1qd1.b,0.5,CPS-2F,22,22,new,output\paper_v1\expanded_comparison\slots\35\attempts\expanded35_4fea86cbd8a54e25b1f0959f61809ba3,validated,True,True,completed search,candidate_transition_checks,3486971.0,5410940.0,64.44298033243761,E_A*E_B-H_A*H_B,No duplicate single-graph entries; each product source popped once; excludes simultaneous waits,Finite derivation from solve_cps() and chain_graph(); see graph_bounds.md,O(n^3 m^3),,,P3
protein:1o7j.a__1qd1.b:a0.5|CPS-2F,35,protein,1o7j.a__1qd1.b,0.5,CPS-2F,22,22,new,output\paper_v1\expanded_comparison\slots\35\attempts\expanded35_4fea86cbd8a54e25b1f0959f61809ba3,validated,True,True,completed search,unique_configuration_edges,,299867805.0,,"N*(N-1)/2, N=H_A*H_B",Product graph not materialized; no observed unique-edge count; strict forward topological order,Finite DAG counting derivation; not a transition-check measurement,O(n^3 m^3),Counter unavailable or phase not reached; historical runs not rerun,,P3
protein:1o7j.a__1qd1.b:a0.5|CPS-2F,35,protein,1o7j.a__1qd1.b,0.5,CPS-2F,22,22,new,output\paper_v1\expanded_comparison\slots\35\attempts\expanded35_4fea86cbd8a54e25b1f0959f61809ba3,validated,True,True,completed search,dynamic_programming_labels,,538780.0,,n*H_A*H_B,At most n distinct A-hop counts per state; labels not instrumented,Thesis section5.1; manuscript section4.4; solve_cps values dictionaries,O(n^3 m^3),Counter unavailable or phase not reached; historical runs not rerun,,P3
protein:1o7j.a__1qd1.b:a0.5|CPS-3F,36,protein,1o7j.a__1qd1.b,0.5,CPS-3F,22,22,new,output\paper_v1\expanded_comparison\slots\36\attempts\expanded36_b0a6256809594ea6b52aaa2f32fc4ee9,validated,True,True,completed search,auxiliary_A,0.0,0.0,,0 (no auxiliary locations),Interior curve-parameter intersections; CPS-3F percentage not applicable,Thesis Observation 4 p.18 and section 5.1 p.26; manuscript section 4.4 pp.15-16,O(n^2 m^2),,Zero/non-applicable bound,P3
protein:1o7j.a__1qd1.b:a0.5|CPS-3F,36,protein,1o7j.a__1qd1.b,0.5,CPS-3F,22,22,new,output\paper_v1\expanded_comparison\slots\36\attempts\expanded36_b0a6256809594ea6b52aaa2f32fc4ee9,validated,True,True,completed search,single_dense_A,484.0,484.0,100.0,k^2,"Dense indexing slots, not valid vertices",Thesis Observation 4 p.18 and section 5.1 p.26; manuscript section 4.4 pp.15-16,O(n^2 m^2),,,P3
protein:1o7j.a__1qd1.b:a0.5|CPS-3F,36,protein,1o7j.a__1qd1.b,0.5,CPS-3F,22,22,new,output\paper_v1\expanded_comparison\slots\36\attempts\expanded36_b0a6256809594ea6b52aaa2f32fc4ee9,validated,True,True,completed search,single_active_A,28.0,484.0,5.785123966942149,k*(k+a),Anchored source/terminal included; single-graph construction complete,Thesis Observation 4 p.18 and section 5.1 p.26; manuscript section 4.4 pp.15-16,O(n^2 m^2),,,P3
protein:1o7j.a__1qd1.b:a0.5|CPS-3F,36,protein,1o7j.a__1qd1.b,0.5,CPS-3F,22,22,new,output\paper_v1\expanded_comparison\slots\36\attempts\expanded36_b0a6256809594ea6b52aaa2f32fc4ee9,validated,True,True,completed search,single_edges_with_waits_A,70.0,406.0,17.24137931034483,H*(H+1)/2,Unique forward transitions plus exactly H waits; completed graph,Finite derivation from chain_graph() enumeration and pruning,O(n^2 m^2),,,P3
protein:1o7j.a__1qd1.b:a0.5|CPS-3F,36,protein,1o7j.a__1qd1.b,0.5,CPS-3F,22,22,new,output\paper_v1\expanded_comparison\slots\36\attempts\expanded36_b0a6256809594ea6b52aaa2f32fc4ee9,validated,True,True,completed search,auxiliary_B,0.0,0.0,,0 (no auxiliary locations),Interior curve-parameter intersections; CPS-3F percentage not applicable,Thesis Observation 4 p.18 and section 5.1 p.26; manuscript section 4.4 pp.15-16,O(n^2 m^2),,Zero/non-applicable bound,P3
protein:1o7j.a__1qd1.b:a0.5|CPS-3F,36,protein,1o7j.a__1qd1.b,0.5,CPS-3F,22,22,new,output\paper_v1\expanded_comparison\slots\36\attempts\expanded36_b0a6256809594ea6b52aaa2f32fc4ee9,validated,True,True,completed search,single_dense_B,484.0,484.0,100.0,k^2,"Dense indexing slots, not valid vertices",Thesis Observation 4 p.18 and section 5.1 p.26; manuscript section 4.4 pp.15-16,O(n^2 m^2),,,P3
protein:1o7j.a__1qd1.b:a0.5|CPS-3F,36,protein,1o7j.a__1qd1.b,0.5,CPS-3F,22,22,new,output\paper_v1\expanded_comparison\slots\36\attempts\expanded36_b0a6256809594ea6b52aaa2f32fc4ee9,validated,True,True,completed search,single_active_B,26.0,484.0,5.371900826446281,k*(k+a),Anchored source/terminal included; single-graph construction complete,Thesis Observation 4 p.18 and section 5.1 p.26; manuscript section 4.4 pp.15-16,O(n^2 m^2),,,P3
protein:1o7j.a__1qd1.b:a0.5|CPS-3F,36,protein,1o7j.a__1qd1.b,0.5,CPS-3F,22,22,new,output\paper_v1\expanded_comparison\slots\36\attempts\expanded36_b0a6256809594ea6b52aaa2f32fc4ee9,validated,True,True,completed search,single_edges_with_waits_B,58.0,351.0,16.524216524216524,H*(H+1)/2,Unique forward transitions plus exactly H waits; completed graph,Finite derivation from chain_graph() enumeration and pruning,O(n^2 m^2),,,P3
protein:1o7j.a__1qd1.b:a0.5|CPS-3F,36,protein,1o7j.a__1qd1.b,0.5,CPS-3F,22,22,new,output\paper_v1\expanded_comparison\slots\36\attempts\expanded36_b0a6256809594ea6b52aaa2f32fc4ee9,validated,True,True,completed search,configuration_states_input_bound,563.0,234256.0,0.2403353596065842,n^2*m^2,All index combinations; includes source/terminal; no hidden asymptotic constant,Thesis Observation 4 p.18 and section 5.1 p.26; manuscript section 4.4 pp.15-16,O(n^2 m^2),,,P3
protein:1o7j.a__1qd1.b:a0.5|CPS-3F,36,protein,1o7j.a__1qd1.b,0.5,CPS-3F,22,22,new,output\paper_v1\expanded_comparison\slots\36\attempts\expanded36_b0a6256809594ea6b52aaa2f32fc4ee9,validated,True,True,completed search,configuration_states_active_bound,563.0,728.0,77.33516483516483,H_A*H_B,Completed single graphs; includes coupling-invalid combinations,Thesis Observation 4 p.18 and section 5.1 p.26; manuscript section 4.4 pp.15-16,O(n^2 m^2),,,P3
protein:1o7j.a__1qd1.b:a0.5|CPS-3F,36,protein,1o7j.a__1qd1.b,0.5,CPS-3F,22,22,new,output\paper_v1\expanded_comparison\slots\36\attempts\expanded36_b0a6256809594ea6b52aaa2f32fc4ee9,validated,True,True,completed search,candidate_transition_checks,2448.0,3332.0,73.46938775510205,E_A*E_B-H_A*H_B,No duplicate single-graph entries; each product source popped once; excludes simultaneous waits,Finite derivation from solve_cps() and chain_graph(); see graph_bounds.md,O(n^2 m^2),,,P3
protein:1o7j.a__1qd1.b:a0.5|CPS-3F,36,protein,1o7j.a__1qd1.b,0.5,CPS-3F,22,22,new,output\paper_v1\expanded_comparison\slots\36\attempts\expanded36_b0a6256809594ea6b52aaa2f32fc4ee9,validated,True,True,completed search,unique_configuration_edges,,264628.0,,"N*(N-1)/2, N=H_A*H_B",Product graph not materialized; no observed unique-edge count; strict forward topological order,Finite DAG counting derivation; not a transition-check measurement,O(n^2 m^2),Counter unavailable or phase not reached; historical runs not rerun,,P3
protein:1o7j.a__1qd1.b:a0.5|CPS-3F,36,protein,1o7j.a__1qd1.b,0.5,CPS-3F,22,22,new,output\paper_v1\expanded_comparison\slots\36\attempts\expanded36_b0a6256809594ea6b52aaa2f32fc4ee9,validated,True,True,completed search,dynamic_programming_labels,,16016.0,,n*H_A*H_B,At most n distinct A-hop counts per state; labels not instrumented,Thesis section5.1; manuscript section4.4; solve_cps values dictionaries,O(n^2 m^2),Counter unavailable or phase not reached; historical runs not rerun,,P3
protein:1o7j.a__4eca.d:a0.5|CPS-2F,43,protein,1o7j.a__4eca.d,0.5,CPS-2F,22,22,new,output\paper_v1\expanded_comparison\slots\43\attempts\expanded43_11cd981519ea4c5fb33267ed28507b86,validated,True,True,completed search,auxiliary_A,96.0,924.0,10.38961038961039,2 k(k-1),Interior curve-parameter intersections; CPS-3F percentage not applicable,Thesis Observation 4 p.18 and section 5.1 p.26; manuscript section 4.4 pp.15-16,O(n^3 m^3),,,P4
protein:1o7j.a__4eca.d:a0.5|CPS-2F,43,protein,1o7j.a__4eca.d,0.5,CPS-2F,22,22,new,output\paper_v1\expanded_comparison\slots\43\attempts\expanded43_11cd981519ea4c5fb33267ed28507b86,validated,True,True,completed search,single_dense_A,2596.0,20812.0,12.473572938689218,k*(k+2k(k-1)),"Dense indexing slots, not valid vertices",Thesis Observation 4 p.18 and section 5.1 p.26; manuscript section 4.4 pp.15-16,O(n^3 m^3),,,P4
protein:1o7j.a__4eca.d:a0.5|CPS-2F,43,protein,1o7j.a__4eca.d,0.5,CPS-2F,22,22,new,output\paper_v1\expanded_comparison\slots\43\attempts\expanded43_11cd981519ea4c5fb33267ed28507b86,validated,True,True,completed search,single_active_A,155.0,2596.0,5.970724191063174,k*(k+a),Anchored source/terminal included; single-graph construction complete,Thesis Observation 4 p.18 and section 5.1 p.26; manuscript section 4.4 pp.15-16,O(n^3 m^3),,,P4
protein:1o7j.a__4eca.d:a0.5|CPS-2F,43,protein,1o7j.a__4eca.d,0.5,CPS-2F,22,22,new,output\paper_v1\expanded_comparison\slots\43\attempts\expanded43_11cd981519ea4c5fb33267ed28507b86,validated,True,True,completed search,single_edges_with_waits_A,2715.0,12090.0,22.45657568238213,H*(H+1)/2,Unique forward transitions plus exactly H waits; completed graph,Finite derivation from chain_graph() enumeration and pruning,O(n^3 m^3),,,P4
protein:1o7j.a__4eca.d:a0.5|CPS-2F,43,protein,1o7j.a__4eca.d,0.5,CPS-2F,22,22,new,output\paper_v1\expanded_comparison\slots\43\attempts\expanded43_11cd981519ea4c5fb33267ed28507b86,validated,True,True,completed search,auxiliary_B,75.0,924.0,8.116883116883116,2 k(k-1),Interior curve-parameter intersections; CPS-3F percentage not applicable,Thesis Observation 4 p.18 and section 5.1 p.26; manuscript section 4.4 pp.15-16,O(n^3 m^3),,,P4
protein:1o7j.a__4eca.d:a0.5|CPS-2F,43,protein,1o7j.a__4eca.d,0.5,CPS-2F,22,22,new,output\paper_v1\expanded_comparison\slots\43\attempts\expanded43_11cd981519ea4c5fb33267ed28507b86,validated,True,True,completed search,single_dense_B,2134.0,20812.0,10.253699788583509,k*(k+2k(k-1)),"Dense indexing slots, not valid vertices",Thesis Observation 4 p.18 and section 5.1 p.26; manuscript section 4.4 pp.15-16,O(n^3 m^3),,,P4
protein:1o7j.a__4eca.d:a0.5|CPS-2F,43,protein,1o7j.a__4eca.d,0.5,CPS-2F,22,22,new,output\paper_v1\expanded_comparison\slots\43\attempts\expanded43_11cd981519ea4c5fb33267ed28507b86,validated,True,True,completed search,single_active_B,121.0,2134.0,5.670103092783505,k*(k+a),Anchored source/terminal included; single-graph construction complete,Thesis Observation 4 p.18 and section 5.1 p.26; manuscript section 4.4 pp.15-16,O(n^3 m^3),,,P4
protein:1o7j.a__4eca.d:a0.5|CPS-2F,43,protein,1o7j.a__4eca.d,0.5,CPS-2F,22,22,new,output\paper_v1\expanded_comparison\slots\43\attempts\expanded43_11cd981519ea4c5fb33267ed28507b86,validated,True,True,completed search,single_edges_with_waits_B,1220.0,7381.0,16.52892561983471,H*(H+1)/2,Unique forward transitions plus exactly H waits; completed graph,Finite derivation from chain_graph() enumeration and pruning,O(n^3 m^3),,,P4
protein:1o7j.a__4eca.d:a0.5|CPS-2F,43,protein,1o7j.a__4eca.d,0.5,CPS-2F,22,22,new,output\paper_v1\expanded_comparison\slots\43\attempts\expanded43_11cd981519ea4c5fb33267ed28507b86,validated,True,True,completed search,configuration_states_input_bound,2541.0,433139344.0,0.0005866472384,n*m*(n+2n(n-1))*(m+2m(m-1)),All index combinations; includes source/terminal; no hidden asymptotic constant,Thesis Observation 4 p.18 and section 5.1 p.26; manuscript section 4.4 pp.15-16,O(n^3 m^3),,,P4
protein:1o7j.a__4eca.d:a0.5|CPS-2F,43,protein,1o7j.a__4eca.d,0.5,CPS-2F,22,22,new,output\paper_v1\expanded_comparison\slots\43\attempts\expanded43_11cd981519ea4c5fb33267ed28507b86,validated,True,True,completed search,configuration_states_extended_bound,2541.0,5539864.0,0.0458675519832255,n*m*(n+aA)*(m+aB),Actual extended-curve sizes; all index combinations,Thesis Observation 4 p.18 and section 5.1 p.26; manuscript section 4.4 pp.15-16,O(n^3 m^3),,,P4
protein:1o7j.a__4eca.d:a0.5|CPS-2F,43,protein,1o7j.a__4eca.d,0.5,CPS-2F,22,22,new,output\paper_v1\expanded_comparison\slots\43\attempts\expanded43_11cd981519ea4c5fb33267ed28507b86,validated,True,True,completed search,configuration_states_active_bound,2541.0,18755.0,13.548387096774194,H_A*H_B,Completed single graphs; includes coupling-invalid combinations,Thesis Observation 4 p.18 and section 5.1 p.26; manuscript section 4.4 pp.15-16,O(n^3 m^3),,,P4
protein:1o7j.a__4eca.d:a0.5|CPS-2F,43,protein,1o7j.a__4eca.d,0.5,CPS-2F,22,22,new,output\paper_v1\expanded_comparison\slots\43\attempts\expanded43_11cd981519ea4c5fb33267ed28507b86,validated,True,True,completed search,candidate_transition_checks,318922.0,3293545.0,9.68324404251346,E_A*E_B-H_A*H_B,No duplicate single-graph entries; each product source popped once; excludes simultaneous waits,Finite derivation from solve_cps() and chain_graph(); see graph_bounds.md,O(n^3 m^3),,,P4
protein:1o7j.a__4eca.d:a0.5|CPS-2F,43,protein,1o7j.a__4eca.d,0.5,CPS-2F,22,22,new,output\paper_v1\expanded_comparison\slots\43\attempts\expanded43_11cd981519ea4c5fb33267ed28507b86,validated,True,True,completed search,unique_configuration_edges,,175865635.0,,"N*(N-1)/2, N=H_A*H_B",Product graph not materialized; no observed unique-edge count; strict forward topological order,Finite DAG counting derivation; not a transition-check measurement,O(n^3 m^3),Counter unavailable or phase not reached; historical runs not rerun,,P4
protein:1o7j.a__4eca.d:a0.5|CPS-2F,43,protein,1o7j.a__4eca.d,0.5,CPS-2F,22,22,new,output\paper_v1\expanded_comparison\slots\43\attempts\expanded43_11cd981519ea4c5fb33267ed28507b86,validated,True,True,completed search,dynamic_programming_labels,,412610.0,,n*H_A*H_B,At most n distinct A-hop counts per state; labels not instrumented,Thesis section5.1; manuscript section4.4; solve_cps values dictionaries,O(n^3 m^3),Counter unavailable or phase not reached; historical runs not rerun,,P4
protein:1o7j.a__4eca.d:a0.5|CPS-3F,44,protein,1o7j.a__4eca.d,0.5,CPS-3F,22,22,new,output\paper_v1\expanded_comparison\slots\44\attempts\expanded44_6906d978a7af4dbaac36afccfffbb772,validated,True,True,completed search,auxiliary_A,0.0,0.0,,0 (no auxiliary locations),Interior curve-parameter intersections; CPS-3F percentage not applicable,Thesis Observation 4 p.18 and section 5.1 p.26; manuscript section 4.4 pp.15-16,O(n^2 m^2),,Zero/non-applicable bound,P4
protein:1o7j.a__4eca.d:a0.5|CPS-3F,44,protein,1o7j.a__4eca.d,0.5,CPS-3F,22,22,new,output\paper_v1\expanded_comparison\slots\44\attempts\expanded44_6906d978a7af4dbaac36afccfffbb772,validated,True,True,completed search,single_dense_A,484.0,484.0,100.0,k^2,"Dense indexing slots, not valid vertices",Thesis Observation 4 p.18 and section 5.1 p.26; manuscript section 4.4 pp.15-16,O(n^2 m^2),,,P4
protein:1o7j.a__4eca.d:a0.5|CPS-3F,44,protein,1o7j.a__4eca.d,0.5,CPS-3F,22,22,new,output\paper_v1\expanded_comparison\slots\44\attempts\expanded44_6906d978a7af4dbaac36afccfffbb772,validated,True,True,completed search,single_active_A,28.0,484.0,5.785123966942149,k*(k+a),Anchored source/terminal included; single-graph construction complete,Thesis Observation 4 p.18 and section 5.1 p.26; manuscript section 4.4 pp.15-16,O(n^2 m^2),,,P4
protein:1o7j.a__4eca.d:a0.5|CPS-3F,44,protein,1o7j.a__4eca.d,0.5,CPS-3F,22,22,new,output\paper_v1\expanded_comparison\slots\44\attempts\expanded44_6906d978a7af4dbaac36afccfffbb772,validated,True,True,completed search,single_edges_with_waits_A,70.0,406.0,17.24137931034483,H*(H+1)/2,Unique forward transitions plus exactly H waits; completed graph,Finite derivation from chain_graph() enumeration and pruning,O(n^2 m^2),,,P4
protein:1o7j.a__4eca.d:a0.5|CPS-3F,44,protein,1o7j.a__4eca.d,0.5,CPS-3F,22,22,new,output\paper_v1\expanded_comparison\slots\44\attempts\expanded44_6906d978a7af4dbaac36afccfffbb772,validated,True,True,completed search,auxiliary_B,0.0,0.0,,0 (no auxiliary locations),Interior curve-parameter intersections; CPS-3F percentage not applicable,Thesis Observation 4 p.18 and section 5.1 p.26; manuscript section 4.4 pp.15-16,O(n^2 m^2),,Zero/non-applicable bound,P4
protein:1o7j.a__4eca.d:a0.5|CPS-3F,44,protein,1o7j.a__4eca.d,0.5,CPS-3F,22,22,new,output\paper_v1\expanded_comparison\slots\44\attempts\expanded44_6906d978a7af4dbaac36afccfffbb772,validated,True,True,completed search,single_dense_B,484.0,484.0,100.0,k^2,"Dense indexing slots, not valid vertices",Thesis Observation 4 p.18 and section 5.1 p.26; manuscript section 4.4 pp.15-16,O(n^2 m^2),,,P4
protein:1o7j.a__4eca.d:a0.5|CPS-3F,44,protein,1o7j.a__4eca.d,0.5,CPS-3F,22,22,new,output\paper_v1\expanded_comparison\slots\44\attempts\expanded44_6906d978a7af4dbaac36afccfffbb772,validated,True,True,completed search,single_active_B,26.0,484.0,5.371900826446281,k*(k+a),Anchored source/terminal included; single-graph construction complete,Thesis Observation 4 p.18 and section 5.1 p.26; manuscript section 4.4 pp.15-16,O(n^2 m^2),,,P4
protein:1o7j.a__4eca.d:a0.5|CPS-3F,44,protein,1o7j.a__4eca.d,0.5,CPS-3F,22,22,new,output\paper_v1\expanded_comparison\slots\44\attempts\expanded44_6906d978a7af4dbaac36afccfffbb772,validated,True,True,completed search,single_edges_with_waits_B,61.0,351.0,17.37891737891738,H*(H+1)/2,Unique forward transitions plus exactly H waits; completed graph,Finite derivation from chain_graph() enumeration and pruning,O(n^2 m^2),,,P4
protein:1o7j.a__4eca.d:a0.5|CPS-3F,44,protein,1o7j.a__4eca.d,0.5,CPS-3F,22,22,new,output\paper_v1\expanded_comparison\slots\44\attempts\expanded44_6906d978a7af4dbaac36afccfffbb772,validated,True,True,completed search,configuration_states_input_bound,109.0,234256.0,0.0465302916467454,n^2*m^2,All index combinations; includes source/terminal; no hidden asymptotic constant,Thesis Observation 4 p.18 and section 5.1 p.26; manuscript section 4.4 pp.15-16,O(n^2 m^2),,,P4
protein:1o7j.a__4eca.d:a0.5|CPS-3F,44,protein,1o7j.a__4eca.d,0.5,CPS-3F,22,22,new,output\paper_v1\expanded_comparison\slots\44\attempts\expanded44_6906d978a7af4dbaac36afccfffbb772,validated,True,True,completed search,configuration_states_active_bound,109.0,728.0,14.972527472527473,H_A*H_B,Completed single graphs; includes coupling-invalid combinations,Thesis Observation 4 p.18 and section 5.1 p.26; manuscript section 4.4 pp.15-16,O(n^2 m^2),,,P4
protein:1o7j.a__4eca.d:a0.5|CPS-3F,44,protein,1o7j.a__4eca.d,0.5,CPS-3F,22,22,new,output\paper_v1\expanded_comparison\slots\44\attempts\expanded44_6906d978a7af4dbaac36afccfffbb772,validated,True,True,completed search,candidate_transition_checks,638.0,3542.0,18.012422360248447,E_A*E_B-H_A*H_B,No duplicate single-graph entries; each product source popped once; excludes simultaneous waits,Finite derivation from solve_cps() and chain_graph(); see graph_bounds.md,O(n^2 m^2),,,P4
protein:1o7j.a__4eca.d:a0.5|CPS-3F,44,protein,1o7j.a__4eca.d,0.5,CPS-3F,22,22,new,output\paper_v1\expanded_comparison\slots\44\attempts\expanded44_6906d978a7af4dbaac36afccfffbb772,validated,True,True,completed search,unique_configuration_edges,,264628.0,,"N*(N-1)/2, N=H_A*H_B",Product graph not materialized; no observed unique-edge count; strict forward topological order,Finite DAG counting derivation; not a transition-check measurement,O(n^2 m^2),Counter unavailable or phase not reached; historical runs not rerun,,P4
protein:1o7j.a__4eca.d:a0.5|CPS-3F,44,protein,1o7j.a__4eca.d,0.5,CPS-3F,22,22,new,output\paper_v1\expanded_comparison\slots\44\attempts\expanded44_6906d978a7af4dbaac36afccfffbb772,validated,True,True,completed search,dynamic_programming_labels,,16016.0,,n*H_A*H_B,At most n distinct A-hop counts per state; labels not instrumented,Thesis section5.1; manuscript section4.4; solve_cps values dictionaries,O(n^2 m^2),Counter unavailable or phase not reached; historical runs not rerun,,P4
protein:1o7j.a__1toh.a:a0.5|CPS-2F,51,protein,1o7j.a__1toh.a,0.5,CPS-2F,22,22,new,output\paper_v1\expanded_comparison\slots\51\attempts\expanded51_72e5e9926d3848e6b4761ef7165f51b5,validated,True,True,completed search,auxiliary_A,96.0,924.0,10.38961038961039,2 k(k-1),Interior curve-parameter intersections; CPS-3F percentage not applicable,Thesis Observation 4 p.18 and section 5.1 p.26; manuscript section 4.4 pp.15-16,O(n^3 m^3),,,P5
protein:1o7j.a__1toh.a:a0.5|CPS-2F,51,protein,1o7j.a__1toh.a,0.5,CPS-2F,22,22,new,output\paper_v1\expanded_comparison\slots\51\attempts\expanded51_72e5e9926d3848e6b4761ef7165f51b5,validated,True,True,completed search,single_dense_A,2596.0,20812.0,12.473572938689218,k*(k+2k(k-1)),"Dense indexing slots, not valid vertices",Thesis Observation 4 p.18 and section 5.1 p.26; manuscript section 4.4 pp.15-16,O(n^3 m^3),,,P5
protein:1o7j.a__1toh.a:a0.5|CPS-2F,51,protein,1o7j.a__1toh.a,0.5,CPS-2F,22,22,new,output\paper_v1\expanded_comparison\slots\51\attempts\expanded51_72e5e9926d3848e6b4761ef7165f51b5,validated,True,True,completed search,single_active_A,155.0,2596.0,5.970724191063174,k*(k+a),Anchored source/terminal included; single-graph construction complete,Thesis Observation 4 p.18 and section 5.1 p.26; manuscript section 4.4 pp.15-16,O(n^3 m^3),,,P5
protein:1o7j.a__1toh.a:a0.5|CPS-2F,51,protein,1o7j.a__1toh.a,0.5,CPS-2F,22,22,new,output\paper_v1\expanded_comparison\slots\51\attempts\expanded51_72e5e9926d3848e6b4761ef7165f51b5,validated,True,True,completed search,single_edges_with_waits_A,2715.0,12090.0,22.45657568238213,H*(H+1)/2,Unique forward transitions plus exactly H waits; completed graph,Finite derivation from chain_graph() enumeration and pruning,O(n^3 m^3),,,P5
protein:1o7j.a__1toh.a:a0.5|CPS-2F,51,protein,1o7j.a__1toh.a,0.5,CPS-2F,22,22,new,output\paper_v1\expanded_comparison\slots\51\attempts\expanded51_72e5e9926d3848e6b4761ef7165f51b5,validated,True,True,completed search,auxiliary_B,75.0,924.0,8.116883116883116,2 k(k-1),Interior curve-parameter intersections; CPS-3F percentage not applicable,Thesis Observation 4 p.18 and section 5.1 p.26; manuscript section 4.4 pp.15-16,O(n^3 m^3),,,P5
protein:1o7j.a__1toh.a:a0.5|CPS-2F,51,protein,1o7j.a__1toh.a,0.5,CPS-2F,22,22,new,output\paper_v1\expanded_comparison\slots\51\attempts\expanded51_72e5e9926d3848e6b4761ef7165f51b5,validated,True,True,completed search,single_dense_B,2134.0,20812.0,10.253699788583509,k*(k+2k(k-1)),"Dense indexing slots, not valid vertices",Thesis Observation 4 p.18 and section 5.1 p.26; manuscript section 4.4 pp.15-16,O(n^3 m^3),,,P5
protein:1o7j.a__1toh.a:a0.5|CPS-2F,51,protein,1o7j.a__1toh.a,0.5,CPS-2F,22,22,new,output\paper_v1\expanded_comparison\slots\51\attempts\expanded51_72e5e9926d3848e6b4761ef7165f51b5,validated,True,True,completed search,single_active_B,133.0,2134.0,6.232427366447985,k*(k+a),Anchored source/terminal included; single-graph construction complete,Thesis Observation 4 p.18 and section 5.1 p.26; manuscript section 4.4 pp.15-16,O(n^3 m^3),,,P5
protein:1o7j.a__1toh.a:a0.5|CPS-2F,51,protein,1o7j.a__1toh.a,0.5,CPS-2F,22,22,new,output\paper_v1\expanded_comparison\slots\51\attempts\expanded51_72e5e9926d3848e6b4761ef7165f51b5,validated,True,True,completed search,single_edges_with_waits_B,1506.0,8911.0,16.9004601054876,H*(H+1)/2,Unique forward transitions plus exactly H waits; completed graph,Finite derivation from chain_graph() enumeration and pruning,O(n^3 m^3),,,P5
protein:1o7j.a__1toh.a:a0.5|CPS-2F,51,protein,1o7j.a__1toh.a,0.5,CPS-2F,22,22,new,output\paper_v1\expanded_comparison\slots\51\attempts\expanded51_72e5e9926d3848e6b4761ef7165f51b5,validated,True,True,completed search,configuration_states_input_bound,16301.0,433139344.0,0.0037634540075398,n*m*(n+2n(n-1))*(m+2m(m-1)),All index combinations; includes source/terminal; no hidden asymptotic constant,Thesis Observation 4 p.18 and section 5.1 p.26; manuscript section 4.4 pp.15-16,O(n^3 m^3),,,P5
protein:1o7j.a__1toh.a:a0.5|CPS-2F,51,protein,1o7j.a__1toh.a,0.5,CPS-2F,22,22,new,output\paper_v1\expanded_comparison\slots\51\attempts\expanded51_72e5e9926d3848e6b4761ef7165f51b5,validated,True,True,completed search,configuration_states_extended_bound,16301.0,5539864.0,0.294249100699945,n*m*(n+aA)*(m+aB),Actual extended-curve sizes; all index combinations,Thesis Observation 4 p.18 and section 5.1 p.26; manuscript section 4.4 pp.15-16,O(n^3 m^3),,,P5
protein:1o7j.a__1toh.a:a0.5|CPS-2F,51,protein,1o7j.a__1toh.a,0.5,CPS-2F,22,22,new,output\paper_v1\expanded_comparison\slots\51\attempts\expanded51_72e5e9926d3848e6b4761ef7165f51b5,validated,True,True,completed search,configuration_states_active_bound,16301.0,20615.0,79.07349017705555,H_A*H_B,Completed single graphs; includes coupling-invalid combinations,Thesis Observation 4 p.18 and section 5.1 p.26; manuscript section 4.4 pp.15-16,O(n^3 m^3),,,P5
protein:1o7j.a__1toh.a:a0.5|CPS-2F,51,protein,1o7j.a__1toh.a,0.5,CPS-2F,22,22,new,output\paper_v1\expanded_comparison\slots\51\attempts\expanded51_72e5e9926d3848e6b4761ef7165f51b5,validated,True,True,completed search,candidate_transition_checks,2930899.0,4068175.0,72.04456543781917,E_A*E_B-H_A*H_B,No duplicate single-graph entries; each product source popped once; excludes simultaneous waits,Finite derivation from solve_cps() and chain_graph(); see graph_bounds.md,O(n^3 m^3),,,P5
protein:1o7j.a__1toh.a:a0.5|CPS-2F,51,protein,1o7j.a__1toh.a,0.5,CPS-2F,22,22,new,output\paper_v1\expanded_comparison\slots\51\attempts\expanded51_72e5e9926d3848e6b4761ef7165f51b5,validated,True,True,completed search,unique_configuration_edges,,212478805.0,,"N*(N-1)/2, N=H_A*H_B",Product graph not materialized; no observed unique-edge count; strict forward topological order,Finite DAG counting derivation; not a transition-check measurement,O(n^3 m^3),Counter unavailable or phase not reached; historical runs not rerun,,P5
protein:1o7j.a__1toh.a:a0.5|CPS-2F,51,protein,1o7j.a__1toh.a,0.5,CPS-2F,22,22,new,output\paper_v1\expanded_comparison\slots\51\attempts\expanded51_72e5e9926d3848e6b4761ef7165f51b5,validated,True,True,completed search,dynamic_programming_labels,,453530.0,,n*H_A*H_B,At most n distinct A-hop counts per state; labels not instrumented,Thesis section5.1; manuscript section4.4; solve_cps values dictionaries,O(n^3 m^3),Counter unavailable or phase not reached; historical runs not rerun,,P5
protein:1o7j.a__1toh.a:a0.5|CPS-3F,52,protein,1o7j.a__1toh.a,0.5,CPS-3F,22,22,new,output\paper_v1\expanded_comparison\slots\52\attempts\expanded52_c4efe3d705014dad820831f4da89447d,validated,True,True,completed search,auxiliary_A,0.0,0.0,,0 (no auxiliary locations),Interior curve-parameter intersections; CPS-3F percentage not applicable,Thesis Observation 4 p.18 and section 5.1 p.26; manuscript section 4.4 pp.15-16,O(n^2 m^2),,Zero/non-applicable bound,P5
protein:1o7j.a__1toh.a:a0.5|CPS-3F,52,protein,1o7j.a__1toh.a,0.5,CPS-3F,22,22,new,output\paper_v1\expanded_comparison\slots\52\attempts\expanded52_c4efe3d705014dad820831f4da89447d,validated,True,True,completed search,single_dense_A,484.0,484.0,100.0,k^2,"Dense indexing slots, not valid vertices",Thesis Observation 4 p.18 and section 5.1 p.26; manuscript section 4.4 pp.15-16,O(n^2 m^2),,,P5
protein:1o7j.a__1toh.a:a0.5|CPS-3F,52,protein,1o7j.a__1toh.a,0.5,CPS-3F,22,22,new,output\paper_v1\expanded_comparison\slots\52\attempts\expanded52_c4efe3d705014dad820831f4da89447d,validated,True,True,completed search,single_active_A,28.0,484.0,5.785123966942149,k*(k+a),Anchored source/terminal included; single-graph construction complete,Thesis Observation 4 p.18 and section 5.1 p.26; manuscript section 4.4 pp.15-16,O(n^2 m^2),,,P5
protein:1o7j.a__1toh.a:a0.5|CPS-3F,52,protein,1o7j.a__1toh.a,0.5,CPS-3F,22,22,new,output\paper_v1\expanded_comparison\slots\52\attempts\expanded52_c4efe3d705014dad820831f4da89447d,validated,True,True,completed search,single_edges_with_waits_A,70.0,406.0,17.24137931034483,H*(H+1)/2,Unique forward transitions plus exactly H waits; completed graph,Finite derivation from chain_graph() enumeration and pruning,O(n^2 m^2),,,P5
protein:1o7j.a__1toh.a:a0.5|CPS-3F,52,protein,1o7j.a__1toh.a,0.5,CPS-3F,22,22,new,output\paper_v1\expanded_comparison\slots\52\attempts\expanded52_c4efe3d705014dad820831f4da89447d,validated,True,True,completed search,auxiliary_B,0.0,0.0,,0 (no auxiliary locations),Interior curve-parameter intersections; CPS-3F percentage not applicable,Thesis Observation 4 p.18 and section 5.1 p.26; manuscript section 4.4 pp.15-16,O(n^2 m^2),,Zero/non-applicable bound,P5
protein:1o7j.a__1toh.a:a0.5|CPS-3F,52,protein,1o7j.a__1toh.a,0.5,CPS-3F,22,22,new,output\paper_v1\expanded_comparison\slots\52\attempts\expanded52_c4efe3d705014dad820831f4da89447d,validated,True,True,completed search,single_dense_B,484.0,484.0,100.0,k^2,"Dense indexing slots, not valid vertices",Thesis Observation 4 p.18 and section 5.1 p.26; manuscript section 4.4 pp.15-16,O(n^2 m^2),,,P5
protein:1o7j.a__1toh.a:a0.5|CPS-3F,52,protein,1o7j.a__1toh.a,0.5,CPS-3F,22,22,new,output\paper_v1\expanded_comparison\slots\52\attempts\expanded52_c4efe3d705014dad820831f4da89447d,validated,True,True,completed search,single_active_B,24.0,484.0,4.958677685950414,k*(k+a),Anchored source/terminal included; single-graph construction complete,Thesis Observation 4 p.18 and section 5.1 p.26; manuscript section 4.4 pp.15-16,O(n^2 m^2),,,P5
protein:1o7j.a__1toh.a:a0.5|CPS-3F,52,protein,1o7j.a__1toh.a,0.5,CPS-3F,22,22,new,output\paper_v1\expanded_comparison\slots\52\attempts\expanded52_c4efe3d705014dad820831f4da89447d,validated,True,True,completed search,single_edges_with_waits_B,50.0,300.0,16.666666666666668,H*(H+1)/2,Unique forward transitions plus exactly H waits; completed graph,Finite derivation from chain_graph() enumeration and pruning,O(n^2 m^2),,,P5
protein:1o7j.a__1toh.a:a0.5|CPS-3F,52,protein,1o7j.a__1toh.a,0.5,CPS-3F,22,22,new,output\paper_v1\expanded_comparison\slots\52\attempts\expanded52_c4efe3d705014dad820831f4da89447d,validated,True,True,completed search,configuration_states_input_bound,473.0,234256.0,0.201915852742299,n^2*m^2,All index combinations; includes source/terminal; no hidden asymptotic constant,Thesis Observation 4 p.18 and section 5.1 p.26; manuscript section 4.4 pp.15-16,O(n^2 m^2),,,P5
protein:1o7j.a__1toh.a:a0.5|CPS-3F,52,protein,1o7j.a__1toh.a,0.5,CPS-3F,22,22,new,output\paper_v1\expanded_comparison\slots\52\attempts\expanded52_c4efe3d705014dad820831f4da89447d,validated,True,True,completed search,configuration_states_active_bound,473.0,672.0,70.38690476190476,H_A*H_B,Completed single graphs; includes coupling-invalid combinations,Thesis Observation 4 p.18 and section 5.1 p.26; manuscript section 4.4 pp.15-16,O(n^2 m^2),,,P5
protein:1o7j.a__1toh.a:a0.5|CPS-3F,52,protein,1o7j.a__1toh.a,0.5,CPS-3F,22,22,new,output\paper_v1\expanded_comparison\slots\52\attempts\expanded52_c4efe3d705014dad820831f4da89447d,validated,True,True,completed search,candidate_transition_checks,1887.0,2828.0,66.72560113154172,E_A*E_B-H_A*H_B,No duplicate single-graph entries; each product source popped once; excludes simultaneous waits,Finite derivation from solve_cps() and chain_graph(); see graph_bounds.md,O(n^2 m^2),,,P5
protein:1o7j.a__1toh.a:a0.5|CPS-3F,52,protein,1o7j.a__1toh.a,0.5,CPS-3F,22,22,new,output\paper_v1\expanded_comparison\slots\52\attempts\expanded52_c4efe3d705014dad820831f4da89447d,validated,True,True,completed search,unique_configuration_edges,,225456.0,,"N*(N-1)/2, N=H_A*H_B",Product graph not materialized; no observed unique-edge count; strict forward topological order,Finite DAG counting derivation; not a transition-check measurement,O(n^2 m^2),Counter unavailable or phase not reached; historical runs not rerun,,P5
protein:1o7j.a__1toh.a:a0.5|CPS-3F,52,protein,1o7j.a__1toh.a,0.5,CPS-3F,22,22,new,output\paper_v1\expanded_comparison\slots\52\attempts\expanded52_c4efe3d705014dad820831f4da89447d,validated,True,True,completed search,dynamic_programming_labels,,14784.0,,n*H_A*H_B,At most n distinct A-hop counts per state; labels not instrumented,Thesis section5.1; manuscript section4.4; solve_cps values dictionaries,O(n^2 m^2),Counter unavailable or phase not reached; historical runs not rerun,,P5
hurricane:EP111954__EP021984:a0.5|CPS-2F,59,hurricane,EP111954__EP021984,0.5,CPS-2F,25,82,new,output\paper_v1\expanded_comparison\slots\59\attempts\expanded59_1a41930b343049c19e4c4044b1d1680e,validated,True,True,completed search,auxiliary_A,48.0,1200.0,4.0,2 k(k-1),Interior curve-parameter intersections; CPS-3F percentage not applicable,Thesis Observation 4 p.18 and section 5.1 p.26; manuscript section 4.4 pp.15-16,O(n^3 m^3),,,H3
hurricane:EP111954__EP021984:a0.5|CPS-2F,59,hurricane,EP111954__EP021984,0.5,CPS-2F,25,82,new,output\paper_v1\expanded_comparison\slots\59\attempts\expanded59_1a41930b343049c19e4c4044b1d1680e,validated,True,True,completed search,single_dense_A,1825.0,30625.0,5.959183673469388,k*(k+2k(k-1)),"Dense indexing slots, not valid vertices",Thesis Observation 4 p.18 and section 5.1 p.26; manuscript section 4.4 pp.15-16,O(n^3 m^3),,,H3
hurricane:EP111954__EP021984:a0.5|CPS-2F,59,hurricane,EP111954__EP021984,0.5,CPS-2F,25,82,new,output\paper_v1\expanded_comparison\slots\59\attempts\expanded59_1a41930b343049c19e4c4044b1d1680e,validated,True,True,completed search,single_active_A,95.0,1825.0,5.205479452054795,k*(k+a),Anchored source/terminal included; single-graph construction complete,Thesis Observation 4 p.18 and section 5.1 p.26; manuscript section 4.4 pp.15-16,O(n^3 m^3),,,H3
hurricane:EP111954__EP021984:a0.5|CPS-2F,59,hurricane,EP111954__EP021984,0.5,CPS-2F,25,82,new,output\paper_v1\expanded_comparison\slots\59\attempts\expanded59_1a41930b343049c19e4c4044b1d1680e,validated,True,True,completed search,single_edges_with_waits_A,3208.0,4560.0,70.35087719298245,H*(H+1)/2,Unique forward transitions plus exactly H waits; completed graph,Finite derivation from chain_graph() enumeration and pruning,O(n^3 m^3),,,H3
hurricane:EP111954__EP021984:a0.5|CPS-2F,59,hurricane,EP111954__EP021984,0.5,CPS-2F,25,82,new,output\paper_v1\expanded_comparison\slots\59\attempts\expanded59_1a41930b343049c19e4c4044b1d1680e,validated,True,True,completed search,auxiliary_B,162.0,13284.0,1.2195121951219512,2 k(k-1),Interior curve-parameter intersections; CPS-3F percentage not applicable,Thesis Observation 4 p.18 and section 5.1 p.26; manuscript section 4.4 pp.15-16,O(n^3 m^3),,,H3
hurricane:EP111954__EP021984:a0.5|CPS-2F,59,hurricane,EP111954__EP021984,0.5,CPS-2F,25,82,new,output\paper_v1\expanded_comparison\slots\59\attempts\expanded59_1a41930b343049c19e4c4044b1d1680e,validated,True,True,completed search,single_dense_B,20008.0,1096012.0,1.825527457728565,k*(k+2k(k-1)),"Dense indexing slots, not valid vertices",Thesis Observation 4 p.18 and section 5.1 p.26; manuscript section 4.4 pp.15-16,O(n^3 m^3),,,H3
hurricane:EP111954__EP021984:a0.5|CPS-2F,59,hurricane,EP111954__EP021984,0.5,CPS-2F,25,82,new,output\paper_v1\expanded_comparison\slots\59\attempts\expanded59_1a41930b343049c19e4c4044b1d1680e,validated,True,True,completed search,single_active_B,358.0,20008.0,1.789284286285486,k*(k+a),Anchored source/terminal included; single-graph construction complete,Thesis Observation 4 p.18 and section 5.1 p.26; manuscript section 4.4 pp.15-16,O(n^3 m^3),,,H3
hurricane:EP111954__EP021984:a0.5|CPS-2F,59,hurricane,EP111954__EP021984,0.5,CPS-2F,25,82,new,output\paper_v1\expanded_comparison\slots\59\attempts\expanded59_1a41930b343049c19e4c4044b1d1680e,validated,True,True,completed search,single_edges_with_waits_B,15800.0,64261.0,24.587230201833147,H*(H+1)/2,Unique forward transitions plus exactly H waits; completed graph,Finite derivation from chain_graph() enumeration and pruning,O(n^3 m^3),,,H3
hurricane:EP111954__EP021984:a0.5|CPS-2F,59,hurricane,EP111954__EP021984,0.5,CPS-2F,25,82,new,output\paper_v1\expanded_comparison\slots\59\attempts\expanded59_1a41930b343049c19e4c4044b1d1680e,validated,True,True,completed search,configuration_states_input_bound,7341.0,33565367500.0,2.1870757112967703e-05,n*m*(n+2n(n-1))*(m+2m(m-1)),All index combinations; includes source/terminal; no hidden asymptotic constant,Thesis Observation 4 p.18 and section 5.1 p.26; manuscript section 4.4 pp.15-16,O(n^3 m^3),,,H3
hurricane:EP111954__EP021984:a0.5|CPS-2F,59,hurricane,EP111954__EP021984,0.5,CPS-2F,25,82,new,output\paper_v1\expanded_comparison\slots\59\attempts\expanded59_1a41930b343049c19e4c4044b1d1680e,validated,True,True,completed search,configuration_states_extended_bound,7341.0,36514600.0,0.0201042870523023,n*m*(n+aA)*(m+aB),Actual extended-curve sizes; all index combinations,Thesis Observation 4 p.18 and section 5.1 p.26; manuscript section 4.4 pp.15-16,O(n^3 m^3),,,H3
hurricane:EP111954__EP021984:a0.5|CPS-2F,59,hurricane,EP111954__EP021984,0.5,CPS-2F,25,82,new,output\paper_v1\expanded_comparison\slots\59\attempts\expanded59_1a41930b343049c19e4c4044b1d1680e,validated,True,True,completed search,configuration_states_active_bound,7341.0,34010.0,21.584827991767128,H_A*H_B,Completed single graphs; includes coupling-invalid combinations,Thesis Observation 4 p.18 and section 5.1 p.26; manuscript section 4.4 pp.15-16,O(n^3 m^3),,,H3
hurricane:EP111954__EP021984:a0.5|CPS-2F,59,hurricane,EP111954__EP021984,0.5,CPS-2F,25,82,new,output\paper_v1\expanded_comparison\slots\59\attempts\expanded59_1a41930b343049c19e4c4044b1d1680e,validated,True,True,completed search,candidate_transition_checks,5699716.0,50652390.0,11.252610192727332,E_A*E_B-H_A*H_B,No duplicate single-graph entries; each product source popped once; excludes simultaneous waits,Finite derivation from solve_cps() and chain_graph(); see graph_bounds.md,O(n^3 m^3),,,H3
hurricane:EP111954__EP021984:a0.5|CPS-2F,59,hurricane,EP111954__EP021984,0.5,CPS-2F,25,82,new,output\paper_v1\expanded_comparison\slots\59\attempts\expanded59_1a41930b343049c19e4c4044b1d1680e,validated,True,True,completed search,unique_configuration_edges,,578323045.0,,"N*(N-1)/2, N=H_A*H_B",Product graph not materialized; no observed unique-edge count; strict forward topological order,Finite DAG counting derivation; not a transition-check measurement,O(n^3 m^3),Counter unavailable or phase not reached; historical runs not rerun,,H3
hurricane:EP111954__EP021984:a0.5|CPS-2F,59,hurricane,EP111954__EP021984,0.5,CPS-2F,25,82,new,output\paper_v1\expanded_comparison\slots\59\attempts\expanded59_1a41930b343049c19e4c4044b1d1680e,validated,True,True,completed search,dynamic_programming_labels,,850250.0,,n*H_A*H_B,At most n distinct A-hop counts per state; labels not instrumented,Thesis section5.1; manuscript section4.4; solve_cps values dictionaries,O(n^3 m^3),Counter unavailable or phase not reached; historical runs not rerun,,H3
hurricane:EP111954__EP021984:a0.5|CPS-3F,60,hurricane,EP111954__EP021984,0.5,CPS-3F,25,82,new,output\paper_v1\expanded_comparison\slots\60\attempts\expanded60_d1a5c27accb04d57bcfa4d365d99a606,validated,True,True,completed search,auxiliary_A,0.0,0.0,,0 (no auxiliary locations),Interior curve-parameter intersections; CPS-3F percentage not applicable,Thesis Observation 4 p.18 and section 5.1 p.26; manuscript section 4.4 pp.15-16,O(n^2 m^2),,Zero/non-applicable bound,H3
hurricane:EP111954__EP021984:a0.5|CPS-3F,60,hurricane,EP111954__EP021984,0.5,CPS-3F,25,82,new,output\paper_v1\expanded_comparison\slots\60\attempts\expanded60_d1a5c27accb04d57bcfa4d365d99a606,validated,True,True,completed search,single_dense_A,625.0,625.0,100.0,k^2,"Dense indexing slots, not valid vertices",Thesis Observation 4 p.18 and section 5.1 p.26; manuscript section 4.4 pp.15-16,O(n^2 m^2),,,H3
hurricane:EP111954__EP021984:a0.5|CPS-3F,60,hurricane,EP111954__EP021984,0.5,CPS-3F,25,82,new,output\paper_v1\expanded_comparison\slots\60\attempts\expanded60_d1a5c27accb04d57bcfa4d365d99a606,validated,True,True,completed search,single_active_A,25.0,625.0,4.0,k*(k+a),Anchored source/terminal included; single-graph construction complete,Thesis Observation 4 p.18 and section 5.1 p.26; manuscript section 4.4 pp.15-16,O(n^2 m^2),,,H3
hurricane:EP111954__EP021984:a0.5|CPS-3F,60,hurricane,EP111954__EP021984,0.5,CPS-3F,25,82,new,output\paper_v1\expanded_comparison\slots\60\attempts\expanded60_d1a5c27accb04d57bcfa4d365d99a606,validated,True,True,completed search,single_edges_with_waits_A,49.0,325.0,15.076923076923077,H*(H+1)/2,Unique forward transitions plus exactly H waits; completed graph,Finite derivation from chain_graph() enumeration and pruning,O(n^2 m^2),,,H3
hurricane:EP111954__EP021984:a0.5|CPS-3F,60,hurricane,EP111954__EP021984,0.5,CPS-3F,25,82,new,output\paper_v1\expanded_comparison\slots\60\attempts\expanded60_d1a5c27accb04d57bcfa4d365d99a606,validated,True,True,completed search,auxiliary_B,0.0,0.0,,0 (no auxiliary locations),Interior curve-parameter intersections; CPS-3F percentage not applicable,Thesis Observation 4 p.18 and section 5.1 p.26; manuscript section 4.4 pp.15-16,O(n^2 m^2),,Zero/non-applicable bound,H3
hurricane:EP111954__EP021984:a0.5|CPS-3F,60,hurricane,EP111954__EP021984,0.5,CPS-3F,25,82,new,output\paper_v1\expanded_comparison\slots\60\attempts\expanded60_d1a5c27accb04d57bcfa4d365d99a606,validated,True,True,completed search,single_dense_B,6724.0,6724.0,100.0,k^2,"Dense indexing slots, not valid vertices",Thesis Observation 4 p.18 and section 5.1 p.26; manuscript section 4.4 pp.15-16,O(n^2 m^2),,,H3
hurricane:EP111954__EP021984:a0.5|CPS-3F,60,hurricane,EP111954__EP021984,0.5,CPS-3F,25,82,new,output\paper_v1\expanded_comparison\slots\60\attempts\expanded60_d1a5c27accb04d57bcfa4d365d99a606,validated,True,True,completed search,single_active_B,88.0,6724.0,1.3087447947650208,k*(k+a),Anchored source/terminal included; single-graph construction complete,Thesis Observation 4 p.18 and section 5.1 p.26; manuscript section 4.4 pp.15-16,O(n^2 m^2),,,H3
hurricane:EP111954__EP021984:a0.5|CPS-3F,60,hurricane,EP111954__EP021984,0.5,CPS-3F,25,82,new,output\paper_v1\expanded_comparison\slots\60\attempts\expanded60_d1a5c27accb04d57bcfa4d365d99a606,validated,True,True,completed search,single_edges_with_waits_B,187.0,3916.0,4.775280898876405,H*(H+1)/2,Unique forward transitions plus exactly H waits; completed graph,Finite derivation from chain_graph() enumeration and pruning,O(n^2 m^2),,,H3
hurricane:EP111954__EP021984:a0.5|CPS-3F,60,hurricane,EP111954__EP021984,0.5,CPS-3F,25,82,new,output\paper_v1\expanded_comparison\slots\60\attempts\expanded60_d1a5c27accb04d57bcfa4d365d99a606,validated,True,True,completed search,configuration_states_input_bound,493.0,4202500.0,0.0117311124330755,n^2*m^2,All index combinations; includes source/terminal; no hidden asymptotic constant,Thesis Observation 4 p.18 and section 5.1 p.26; manuscript section 4.4 pp.15-16,O(n^2 m^2),,,H3
hurricane:EP111954__EP021984:a0.5|CPS-3F,60,hurricane,EP111954__EP021984,0.5,CPS-3F,25,82,new,output\paper_v1\expanded_comparison\slots\60\attempts\expanded60_d1a5c27accb04d57bcfa4d365d99a606,validated,True,True,completed search,configuration_states_active_bound,493.0,2200.0,22.40909090909091,H_A*H_B,Completed single graphs; includes coupling-invalid combinations,Thesis Observation 4 p.18 and section 5.1 p.26; manuscript section 4.4 pp.15-16,O(n^2 m^2),,,H3
hurricane:EP111954__EP021984:a0.5|CPS-3F,60,hurricane,EP111954__EP021984,0.5,CPS-3F,25,82,new,output\paper_v1\expanded_comparison\slots\60\attempts\expanded60_d1a5c27accb04d57bcfa4d365d99a606,validated,True,True,completed search,candidate_transition_checks,1406.0,6963.0,20.192445784862848,E_A*E_B-H_A*H_B,No duplicate single-graph entries; each product source popped once; excludes simultaneous waits,Finite derivation from solve_cps() and chain_graph(); see graph_bounds.md,O(n^2 m^2),,,H3
hurricane:EP111954__EP021984:a0.5|CPS-3F,60,hurricane,EP111954__EP021984,0.5,CPS-3F,25,82,new,output\paper_v1\expanded_comparison\slots\60\attempts\expanded60_d1a5c27accb04d57bcfa4d365d99a606,validated,True,True,completed search,unique_configuration_edges,,2418900.0,,"N*(N-1)/2, N=H_A*H_B",Product graph not materialized; no observed unique-edge count; strict forward topological order,Finite DAG counting derivation; not a transition-check measurement,O(n^2 m^2),Counter unavailable or phase not reached; historical runs not rerun,,H3
hurricane:EP111954__EP021984:a0.5|CPS-3F,60,hurricane,EP111954__EP021984,0.5,CPS-3F,25,82,new,output\paper_v1\expanded_comparison\slots\60\attempts\expanded60_d1a5c27accb04d57bcfa4d365d99a606,validated,True,True,completed search,dynamic_programming_labels,,55000.0,,n*H_A*H_B,At most n distinct A-hop counts per state; labels not instrumented,Thesis section5.1; manuscript section4.4; solve_cps values dictionaries,O(n^2 m^2),Counter unavailable or phase not reached; historical runs not rerun,,H3
hurricane:AL072006__AL011900:a0.5|CPS-2F,67,hurricane,AL072006__AL011900,0.5,CPS-2F,62,81,new,output\paper_v1\expanded_comparison\slots\67\attempts\expanded67_d4d4cf7eb7c74142954855b541101365,transition_budget_limit,False,True,observed before termination,auxiliary_A,122.0,7564.0,1.6129032258064515,2 k(k-1),Interior curve-parameter intersections; CPS-3F percentage not applicable,Thesis Observation 4 p.18 and section 5.1 p.26; manuscript section 4.4 pp.15-16,O(n^3 m^3),,,H4
hurricane:AL072006__AL011900:a0.5|CPS-2F,67,hurricane,AL072006__AL011900,0.5,CPS-2F,62,81,new,output\paper_v1\expanded_comparison\slots\67\attempts\expanded67_d4d4cf7eb7c74142954855b541101365,transition_budget_limit,False,True,observed before termination,single_dense_A,11408.0,472812.0,2.4127983215316022,k*(k+2k(k-1)),"Dense indexing slots, not valid vertices",Thesis Observation 4 p.18 and section 5.1 p.26; manuscript section 4.4 pp.15-16,O(n^3 m^3),,,H4
hurricane:AL072006__AL011900:a0.5|CPS-2F,67,hurricane,AL072006__AL011900,0.5,CPS-2F,62,81,new,output\paper_v1\expanded_comparison\slots\67\attempts\expanded67_d4d4cf7eb7c74142954855b541101365,transition_budget_limit,False,True,observed before termination,single_active_A,269.0,11408.0,2.3579943899018234,k*(k+a),Anchored source/terminal included; single-graph construction complete,Thesis Observation 4 p.18 and section 5.1 p.26; manuscript section 4.4 pp.15-16,O(n^3 m^3),,,H4
hurricane:AL072006__AL011900:a0.5|CPS-2F,67,hurricane,AL072006__AL011900,0.5,CPS-2F,62,81,new,output\paper_v1\expanded_comparison\slots\67\attempts\expanded67_d4d4cf7eb7c74142954855b541101365,transition_budget_limit,False,True,observed before termination,single_edges_with_waits_A,9861.0,36315.0,27.154068566707974,H*(H+1)/2,Unique forward transitions plus exactly H waits; completed graph,Finite derivation from chain_graph() enumeration and pruning,O(n^3 m^3),,,H4
hurricane:AL072006__AL011900:a0.5|CPS-2F,67,hurricane,AL072006__AL011900,0.5,CPS-2F,62,81,new,output\paper_v1\expanded_comparison\slots\67\attempts\expanded67_d4d4cf7eb7c74142954855b541101365,transition_budget_limit,False,True,observed before termination,auxiliary_B,160.0,12960.0,1.2345679012345678,2 k(k-1),Interior curve-parameter intersections; CPS-3F percentage not applicable,Thesis Observation 4 p.18 and section 5.1 p.26; manuscript section 4.4 pp.15-16,O(n^3 m^3),,,H4
hurricane:AL072006__AL011900:a0.5|CPS-2F,67,hurricane,AL072006__AL011900,0.5,CPS-2F,62,81,new,output\paper_v1\expanded_comparison\slots\67\attempts\expanded67_d4d4cf7eb7c74142954855b541101365,transition_budget_limit,False,True,observed before termination,single_dense_B,19521.0,1056321.0,1.848017790046776,k*(k+2k(k-1)),"Dense indexing slots, not valid vertices",Thesis Observation 4 p.18 and section 5.1 p.26; manuscript section 4.4 pp.15-16,O(n^3 m^3),,,H4
hurricane:AL072006__AL011900:a0.5|CPS-2F,67,hurricane,AL072006__AL011900,0.5,CPS-2F,62,81,new,output\paper_v1\expanded_comparison\slots\67\attempts\expanded67_d4d4cf7eb7c74142954855b541101365,transition_budget_limit,False,True,observed before termination,single_active_B,386.0,19521.0,1.9773577173300547,k*(k+a),Anchored source/terminal included; single-graph construction complete,Thesis Observation 4 p.18 and section 5.1 p.26; manuscript section 4.4 pp.15-16,O(n^3 m^3),,,H4
hurricane:AL072006__AL011900:a0.5|CPS-2F,67,hurricane,AL072006__AL011900,0.5,CPS-2F,62,81,new,output\paper_v1\expanded_comparison\slots\67\attempts\expanded67_d4d4cf7eb7c74142954855b541101365,transition_budget_limit,False,True,observed before termination,single_edges_with_waits_B,22561.0,74691.0,30.20578115167825,H*(H+1)/2,Unique forward transitions plus exactly H waits; completed graph,Finite derivation from chain_graph() enumeration and pruning,O(n^3 m^3),,,H4
hurricane:AL072006__AL011900:a0.5|CPS-2F,67,hurricane,AL072006__AL011900,0.5,CPS-2F,62,81,new,output\paper_v1\expanded_comparison\slots\67\attempts\expanded67_d4d4cf7eb7c74142954855b541101365,transition_budget_limit,False,True,observed before termination,configuration_states_input_bound,14181.0,499441244652.0,2.839373029730658e-06,n*m*(n+2n(n-1))*(m+2m(m-1)),All index combinations; includes source/terminal; no hidden asymptotic constant,Thesis Observation 4 p.18 and section 5.1 p.26; manuscript section 4.4 pp.15-16,O(n^3 m^3),,,H4
hurricane:AL072006__AL011900:a0.5|CPS-2F,67,hurricane,AL072006__AL011900,0.5,CPS-2F,62,81,new,output\paper_v1\expanded_comparison\slots\67\attempts\expanded67_d4d4cf7eb7c74142954855b541101365,transition_budget_limit,False,True,observed before termination,configuration_states_extended_bound,14181.0,222695568.0,0.0063678860461201,n*m*(n+aA)*(m+aB),Actual extended-curve sizes; all index combinations,Thesis Observation 4 p.18 and section 5.1 p.26; manuscript section 4.4 pp.15-16,O(n^3 m^3),,,H4
hurricane:AL072006__AL011900:a0.5|CPS-2F,67,hurricane,AL072006__AL011900,0.5,CPS-2F,62,81,new,output\paper_v1\expanded_comparison\slots\67\attempts\expanded67_d4d4cf7eb7c74142954855b541101365,transition_budget_limit,False,True,observed before termination,configuration_states_active_bound,14181.0,103834.0,13.65737619662153,H_A*H_B,Completed single graphs; includes coupling-invalid combinations,Thesis Observation 4 p.18 and section 5.1 p.26; manuscript section 4.4 pp.15-16,O(n^3 m^3),,,H4
hurricane:AL072006__AL011900:a0.5|CPS-2F,67,hurricane,AL072006__AL011900,0.5,CPS-2F,62,81,new,output\paper_v1\expanded_comparison\slots\67\attempts\expanded67_d4d4cf7eb7c74142954855b541101365,transition_budget_limit,False,True,observed before termination,candidate_transition_checks,20000001.0,222370187.0,8.994011863649689,E_A*E_B-H_A*H_B,No duplicate single-graph entries; each product source popped once; excludes simultaneous waits,Finite derivation from solve_cps() and chain_graph(); see graph_bounds.md,O(n^3 m^3),,,H4
hurricane:AL072006__AL011900:a0.5|CPS-2F,67,hurricane,AL072006__AL011900,0.5,CPS-2F,62,81,new,output\paper_v1\expanded_comparison\slots\67\attempts\expanded67_d4d4cf7eb7c74142954855b541101365,transition_budget_limit,False,True,observed before termination,unique_configuration_edges,,5390697861.0,,"N*(N-1)/2, N=H_A*H_B",Product graph not materialized; no observed unique-edge count; strict forward topological order,Finite DAG counting derivation; not a transition-check measurement,O(n^3 m^3),Counter unavailable or phase not reached; historical runs not rerun,,H4
hurricane:AL072006__AL011900:a0.5|CPS-2F,67,hurricane,AL072006__AL011900,0.5,CPS-2F,62,81,new,output\paper_v1\expanded_comparison\slots\67\attempts\expanded67_d4d4cf7eb7c74142954855b541101365,transition_budget_limit,False,True,observed before termination,dynamic_programming_labels,,6437708.0,,n*H_A*H_B,At most n distinct A-hop counts per state; labels not instrumented,Thesis section5.1; manuscript section4.4; solve_cps values dictionaries,O(n^3 m^3),Counter unavailable or phase not reached; historical runs not rerun,,H4
hurricane:AL072006__AL011900:a0.5|CPS-3F,68,hurricane,AL072006__AL011900,0.5,CPS-3F,62,81,new,output\paper_v1\expanded_comparison\slots\68\attempts\expanded68_601a57a3ba474fa3960adc238e08ffc1,validated,True,True,completed search,auxiliary_A,0.0,0.0,,0 (no auxiliary locations),Interior curve-parameter intersections; CPS-3F percentage not applicable,Thesis Observation 4 p.18 and section 5.1 p.26; manuscript section 4.4 pp.15-16,O(n^2 m^2),,Zero/non-applicable bound,H4
hurricane:AL072006__AL011900:a0.5|CPS-3F,68,hurricane,AL072006__AL011900,0.5,CPS-3F,62,81,new,output\paper_v1\expanded_comparison\slots\68\attempts\expanded68_601a57a3ba474fa3960adc238e08ffc1,validated,True,True,completed search,single_dense_A,3844.0,3844.0,100.0,k^2,"Dense indexing slots, not valid vertices",Thesis Observation 4 p.18 and section 5.1 p.26; manuscript section 4.4 pp.15-16,O(n^2 m^2),,,H4
hurricane:AL072006__AL011900:a0.5|CPS-3F,68,hurricane,AL072006__AL011900,0.5,CPS-3F,62,81,new,output\paper_v1\expanded_comparison\slots\68\attempts\expanded68_601a57a3ba474fa3960adc238e08ffc1,validated,True,True,completed search,single_active_A,68.0,3844.0,1.7689906347554631,k*(k+a),Anchored source/terminal included; single-graph construction complete,Thesis Observation 4 p.18 and section 5.1 p.26; manuscript section 4.4 pp.15-16,O(n^2 m^2),,,H4
hurricane:AL072006__AL011900:a0.5|CPS-3F,68,hurricane,AL072006__AL011900,0.5,CPS-3F,62,81,new,output\paper_v1\expanded_comparison\slots\68\attempts\expanded68_601a57a3ba474fa3960adc238e08ffc1,validated,True,True,completed search,single_edges_with_waits_A,154.0,2346.0,6.564364876385337,H*(H+1)/2,Unique forward transitions plus exactly H waits; completed graph,Finite derivation from chain_graph() enumeration and pruning,O(n^2 m^2),,,H4
hurricane:AL072006__AL011900:a0.5|CPS-3F,68,hurricane,AL072006__AL011900,0.5,CPS-3F,62,81,new,output\paper_v1\expanded_comparison\slots\68\attempts\expanded68_601a57a3ba474fa3960adc238e08ffc1,validated,True,True,completed search,auxiliary_B,0.0,0.0,,0 (no auxiliary locations),Interior curve-parameter intersections; CPS-3F percentage not applicable,Thesis Observation 4 p.18 and section 5.1 p.26; manuscript section 4.4 pp.15-16,O(n^2 m^2),,Zero/non-applicable bound,H4
hurricane:AL072006__AL011900:a0.5|CPS-3F,68,hurricane,AL072006__AL011900,0.5,CPS-3F,62,81,new,output\paper_v1\expanded_comparison\slots\68\attempts\expanded68_601a57a3ba474fa3960adc238e08ffc1,validated,True,True,completed search,single_dense_B,6561.0,6561.0,100.0,k^2,"Dense indexing slots, not valid vertices",Thesis Observation 4 p.18 and section 5.1 p.26; manuscript section 4.4 pp.15-16,O(n^2 m^2),,,H4
hurricane:AL072006__AL011900:a0.5|CPS-3F,68,hurricane,AL072006__AL011900,0.5,CPS-3F,62,81,new,output\paper_v1\expanded_comparison\slots\68\attempts\expanded68_601a57a3ba474fa3960adc238e08ffc1,validated,True,True,completed search,single_active_B,97.0,6561.0,1.478433165675964,k*(k+a),Anchored source/terminal included; single-graph construction complete,Thesis Observation 4 p.18 and section 5.1 p.26; manuscript section 4.4 pp.15-16,O(n^2 m^2),,,H4
hurricane:AL072006__AL011900:a0.5|CPS-3F,68,hurricane,AL072006__AL011900,0.5,CPS-3F,62,81,new,output\paper_v1\expanded_comparison\slots\68\attempts\expanded68_601a57a3ba474fa3960adc238e08ffc1,validated,True,True,completed search,single_edges_with_waits_B,248.0,4753.0,5.217757205975174,H*(H+1)/2,Unique forward transitions plus exactly H waits; completed graph,Finite derivation from chain_graph() enumeration and pruning,O(n^2 m^2),,,H4
hurricane:AL072006__AL011900:a0.5|CPS-3F,68,hurricane,AL072006__AL011900,0.5,CPS-3F,62,81,new,output\paper_v1\expanded_comparison\slots\68\attempts\expanded68_601a57a3ba474fa3960adc238e08ffc1,validated,True,True,completed search,configuration_states_input_bound,2724.0,25220484.0,0.0108007443473329,n^2*m^2,All index combinations; includes source/terminal; no hidden asymptotic constant,Thesis Observation 4 p.18 and section 5.1 p.26; manuscript section 4.4 pp.15-16,O(n^2 m^2),,,H4
hurricane:AL072006__AL011900:a0.5|CPS-3F,68,hurricane,AL072006__AL011900,0.5,CPS-3F,62,81,new,output\paper_v1\expanded_comparison\slots\68\attempts\expanded68_601a57a3ba474fa3960adc238e08ffc1,validated,True,True,completed search,configuration_states_active_bound,2724.0,6596.0,41.29775621588842,H_A*H_B,Completed single graphs; includes coupling-invalid combinations,Thesis Observation 4 p.18 and section 5.1 p.26; manuscript section 4.4 pp.15-16,O(n^2 m^2),,,H4
hurricane:AL072006__AL011900:a0.5|CPS-3F,68,hurricane,AL072006__AL011900,0.5,CPS-3F,62,81,new,output\paper_v1\expanded_comparison\slots\68\attempts\expanded68_601a57a3ba474fa3960adc238e08ffc1,validated,True,True,completed search,candidate_transition_checks,14141.0,31596.0,44.75566527408533,E_A*E_B-H_A*H_B,No duplicate single-graph entries; each product source popped once; excludes simultaneous waits,Finite derivation from solve_cps() and chain_graph(); see graph_bounds.md,O(n^2 m^2),,,H4
hurricane:AL072006__AL011900:a0.5|CPS-3F,68,hurricane,AL072006__AL011900,0.5,CPS-3F,62,81,new,output\paper_v1\expanded_comparison\slots\68\attempts\expanded68_601a57a3ba474fa3960adc238e08ffc1,validated,True,True,completed search,unique_configuration_edges,,21750310.0,,"N*(N-1)/2, N=H_A*H_B",Product graph not materialized; no observed unique-edge count; strict forward topological order,Finite DAG counting derivation; not a transition-check measurement,O(n^2 m^2),Counter unavailable or phase not reached; historical runs not rerun,,H4
hurricane:AL072006__AL011900:a0.5|CPS-3F,68,hurricane,AL072006__AL011900,0.5,CPS-3F,62,81,new,output\paper_v1\expanded_comparison\slots\68\attempts\expanded68_601a57a3ba474fa3960adc238e08ffc1,validated,True,True,completed search,dynamic_programming_labels,,408952.0,,n*H_A*H_B,At most n distinct A-hop counts per state; labels not instrumented,Thesis section5.1; manuscript section4.4; solve_cps values dictionaries,O(n^2 m^2),Counter unavailable or phase not reached; historical runs not rerun,,H4
hurricane:EP012014__EP212006:a0.5|CPS-2F,75,hurricane,EP012014__EP212006,0.5,CPS-2F,30,29,new,output\paper_v1\expanded_comparison\slots\75\attempts\expanded75_1d406bb8211e4ea9ad5fa732f6052f0d,validated,True,True,completed search,auxiliary_A,58.0,1740.0,3.333333333333333,2 k(k-1),Interior curve-parameter intersections; CPS-3F percentage not applicable,Thesis Observation 4 p.18 and section 5.1 p.26; manuscript section 4.4 pp.15-16,O(n^3 m^3),,,H5
hurricane:EP012014__EP212006:a0.5|CPS-2F,75,hurricane,EP012014__EP212006,0.5,CPS-2F,30,29,new,output\paper_v1\expanded_comparison\slots\75\attempts\expanded75_1d406bb8211e4ea9ad5fa732f6052f0d,validated,True,True,completed search,single_dense_A,2640.0,53100.0,4.971751412429379,k*(k+2k(k-1)),"Dense indexing slots, not valid vertices",Thesis Observation 4 p.18 and section 5.1 p.26; manuscript section 4.4 pp.15-16,O(n^3 m^3),,,H5
hurricane:EP012014__EP212006:a0.5|CPS-2F,75,hurricane,EP012014__EP212006,0.5,CPS-2F,30,29,new,output\paper_v1\expanded_comparison\slots\75\attempts\expanded75_1d406bb8211e4ea9ad5fa732f6052f0d,validated,True,True,completed search,single_active_A,122.0,2640.0,4.621212121212121,k*(k+a),Anchored source/terminal included; single-graph construction complete,Thesis Observation 4 p.18 and section 5.1 p.26; manuscript section 4.4 pp.15-16,O(n^3 m^3),,,H5
hurricane:EP012014__EP212006:a0.5|CPS-2F,75,hurricane,EP012014__EP212006,0.5,CPS-2F,30,29,new,output\paper_v1\expanded_comparison\slots\75\attempts\expanded75_1d406bb8211e4ea9ad5fa732f6052f0d,validated,True,True,completed search,single_edges_with_waits_A,3172.0,7503.0,42.27642276422764,H*(H+1)/2,Unique forward transitions plus exactly H waits; completed graph,Finite derivation from chain_graph() enumeration and pruning,O(n^3 m^3),,,H5
hurricane:EP012014__EP212006:a0.5|CPS-2F,75,hurricane,EP012014__EP212006,0.5,CPS-2F,30,29,new,output\paper_v1\expanded_comparison\slots\75\attempts\expanded75_1d406bb8211e4ea9ad5fa732f6052f0d,validated,True,True,completed search,auxiliary_B,58.0,1624.0,3.571428571428572,2 k(k-1),Interior curve-parameter intersections; CPS-3F percentage not applicable,Thesis Observation 4 p.18 and section 5.1 p.26; manuscript section 4.4 pp.15-16,O(n^3 m^3),,,H5
hurricane:EP012014__EP212006:a0.5|CPS-2F,75,hurricane,EP012014__EP212006,0.5,CPS-2F,30,29,new,output\paper_v1\expanded_comparison\slots\75\attempts\expanded75_1d406bb8211e4ea9ad5fa732f6052f0d,validated,True,True,completed search,single_dense_B,2523.0,47937.0,5.2631578947368425,k*(k+2k(k-1)),"Dense indexing slots, not valid vertices",Thesis Observation 4 p.18 and section 5.1 p.26; manuscript section 4.4 pp.15-16,O(n^3 m^3),,,H5
hurricane:EP012014__EP212006:a0.5|CPS-2F,75,hurricane,EP012014__EP212006,0.5,CPS-2F,30,29,new,output\paper_v1\expanded_comparison\slots\75\attempts\expanded75_1d406bb8211e4ea9ad5fa732f6052f0d,validated,True,True,completed search,single_active_B,124.0,2523.0,4.914783987316686,k*(k+a),Anchored source/terminal included; single-graph construction complete,Thesis Observation 4 p.18 and section 5.1 p.26; manuscript section 4.4 pp.15-16,O(n^3 m^3),,,H5
hurricane:EP012014__EP212006:a0.5|CPS-2F,75,hurricane,EP012014__EP212006,0.5,CPS-2F,30,29,new,output\paper_v1\expanded_comparison\slots\75\attempts\expanded75_1d406bb8211e4ea9ad5fa732f6052f0d,validated,True,True,completed search,single_edges_with_waits_B,2254.0,7750.0,29.08387096774193,H*(H+1)/2,Unique forward transitions plus exactly H waits; completed graph,Finite derivation from chain_graph() enumeration and pruning,O(n^3 m^3),,,H5
hurricane:EP012014__EP212006:a0.5|CPS-2F,75,hurricane,EP012014__EP212006,0.5,CPS-2F,30,29,new,output\paper_v1\expanded_comparison\slots\75\attempts\expanded75_1d406bb8211e4ea9ad5fa732f6052f0d,validated,True,True,completed search,configuration_states_input_bound,3254.0,2545454700.0,0.0001278357065242,n*m*(n+2n(n-1))*(m+2m(m-1)),All index combinations; includes source/terminal; no hidden asymptotic constant,Thesis Observation 4 p.18 and section 5.1 p.26; manuscript section 4.4 pp.15-16,O(n^3 m^3),,,H5
hurricane:EP012014__EP212006:a0.5|CPS-2F,75,hurricane,EP012014__EP212006,0.5,CPS-2F,30,29,new,output\paper_v1\expanded_comparison\slots\75\attempts\expanded75_1d406bb8211e4ea9ad5fa732f6052f0d,validated,True,True,completed search,configuration_states_extended_bound,3254.0,6660720.0,0.0488535773910328,n*m*(n+aA)*(m+aB),Actual extended-curve sizes; all index combinations,Thesis Observation 4 p.18 and section 5.1 p.26; manuscript section 4.4 pp.15-16,O(n^3 m^3),,,H5
hurricane:EP012014__EP212006:a0.5|CPS-2F,75,hurricane,EP012014__EP212006,0.5,CPS-2F,30,29,new,output\paper_v1\expanded_comparison\slots\75\attempts\expanded75_1d406bb8211e4ea9ad5fa732f6052f0d,validated,True,True,completed search,configuration_states_active_bound,3254.0,15128.0,21.509783183500797,H_A*H_B,Completed single graphs; includes coupling-invalid combinations,Thesis Observation 4 p.18 and section 5.1 p.26; manuscript section 4.4 pp.15-16,O(n^3 m^3),,,H5
hurricane:EP012014__EP212006:a0.5|CPS-2F,75,hurricane,EP012014__EP212006,0.5,CPS-2F,30,29,new,output\paper_v1\expanded_comparison\slots\75\attempts\expanded75_1d406bb8211e4ea9ad5fa732f6052f0d,validated,True,True,completed search,candidate_transition_checks,724841.0,7134560.0,10.15957536274136,E_A*E_B-H_A*H_B,No duplicate single-graph entries; each product source popped once; excludes simultaneous waits,Finite derivation from solve_cps() and chain_graph(); see graph_bounds.md,O(n^3 m^3),,,H5
hurricane:EP012014__EP212006:a0.5|CPS-2F,75,hurricane,EP012014__EP212006,0.5,CPS-2F,30,29,new,output\paper_v1\expanded_comparison\slots\75\attempts\expanded75_1d406bb8211e4ea9ad5fa732f6052f0d,validated,True,True,completed search,unique_configuration_edges,,114420628.0,,"N*(N-1)/2, N=H_A*H_B",Product graph not materialized; no observed unique-edge count; strict forward topological order,Finite DAG counting derivation; not a transition-check measurement,O(n^3 m^3),Counter unavailable or phase not reached; historical runs not rerun,,H5
hurricane:EP012014__EP212006:a0.5|CPS-2F,75,hurricane,EP012014__EP212006,0.5,CPS-2F,30,29,new,output\paper_v1\expanded_comparison\slots\75\attempts\expanded75_1d406bb8211e4ea9ad5fa732f6052f0d,validated,True,True,completed search,dynamic_programming_labels,,453840.0,,n*H_A*H_B,At most n distinct A-hop counts per state; labels not instrumented,Thesis section5.1; manuscript section4.4; solve_cps values dictionaries,O(n^3 m^3),Counter unavailable or phase not reached; historical runs not rerun,,H5
hurricane:EP012014__EP212006:a0.5|CPS-3F,76,hurricane,EP012014__EP212006,0.5,CPS-3F,30,29,new,output\paper_v1\expanded_comparison\slots\76\attempts\expanded76_b5080725e48e4dd8bd107e4a0bb2ca1a,validated,True,True,completed search,auxiliary_A,0.0,0.0,,0 (no auxiliary locations),Interior curve-parameter intersections; CPS-3F percentage not applicable,Thesis Observation 4 p.18 and section 5.1 p.26; manuscript section 4.4 pp.15-16,O(n^2 m^2),,Zero/non-applicable bound,H5
hurricane:EP012014__EP212006:a0.5|CPS-3F,76,hurricane,EP012014__EP212006,0.5,CPS-3F,30,29,new,output\paper_v1\expanded_comparison\slots\76\attempts\expanded76_b5080725e48e4dd8bd107e4a0bb2ca1a,validated,True,True,completed search,single_dense_A,900.0,900.0,100.0,k^2,"Dense indexing slots, not valid vertices",Thesis Observation 4 p.18 and section 5.1 p.26; manuscript section 4.4 pp.15-16,O(n^2 m^2),,,H5
hurricane:EP012014__EP212006:a0.5|CPS-3F,76,hurricane,EP012014__EP212006,0.5,CPS-3F,30,29,new,output\paper_v1\expanded_comparison\slots\76\attempts\expanded76_b5080725e48e4dd8bd107e4a0bb2ca1a,validated,True,True,completed search,single_active_A,34.0,900.0,3.7777777777777777,k*(k+a),Anchored source/terminal included; single-graph construction complete,Thesis Observation 4 p.18 and section 5.1 p.26; manuscript section 4.4 pp.15-16,O(n^2 m^2),,,H5
hurricane:EP012014__EP212006:a0.5|CPS-3F,76,hurricane,EP012014__EP212006,0.5,CPS-3F,30,29,new,output\paper_v1\expanded_comparison\slots\76\attempts\expanded76_b5080725e48e4dd8bd107e4a0bb2ca1a,validated,True,True,completed search,single_edges_with_waits_A,78.0,595.0,13.109243697478991,H*(H+1)/2,Unique forward transitions plus exactly H waits; completed graph,Finite derivation from chain_graph() enumeration and pruning,O(n^2 m^2),,,H5
hurricane:EP012014__EP212006:a0.5|CPS-3F,76,hurricane,EP012014__EP212006,0.5,CPS-3F,30,29,new,output\paper_v1\expanded_comparison\slots\76\attempts\expanded76_b5080725e48e4dd8bd107e4a0bb2ca1a,validated,True,True,completed search,auxiliary_B,0.0,0.0,,0 (no auxiliary locations),Interior curve-parameter intersections; CPS-3F percentage not applicable,Thesis Observation 4 p.18 and section 5.1 p.26; manuscript section 4.4 pp.15-16,O(n^2 m^2),,Zero/non-applicable bound,H5
hurricane:EP012014__EP212006:a0.5|CPS-3F,76,hurricane,EP012014__EP212006,0.5,CPS-3F,30,29,new,output\paper_v1\expanded_comparison\slots\76\attempts\expanded76_b5080725e48e4dd8bd107e4a0bb2ca1a,validated,True,True,completed search,single_dense_B,841.0,841.0,100.0,k^2,"Dense indexing slots, not valid vertices",Thesis Observation 4 p.18 and section 5.1 p.26; manuscript section 4.4 pp.15-16,O(n^2 m^2),,,H5
hurricane:EP012014__EP212006:a0.5|CPS-3F,76,hurricane,EP012014__EP212006,0.5,CPS-3F,30,29,new,output\paper_v1\expanded_comparison\slots\76\attempts\expanded76_b5080725e48e4dd8bd107e4a0bb2ca1a,validated,True,True,completed search,single_active_B,33.0,841.0,3.923900118906064,k*(k+a),Anchored source/terminal included; single-graph construction complete,Thesis Observation 4 p.18 and section 5.1 p.26; manuscript section 4.4 pp.15-16,O(n^2 m^2),,,H5
hurricane:EP012014__EP212006:a0.5|CPS-3F,76,hurricane,EP012014__EP212006,0.5,CPS-3F,30,29,new,output\paper_v1\expanded_comparison\slots\76\attempts\expanded76_b5080725e48e4dd8bd107e4a0bb2ca1a,validated,True,True,completed search,single_edges_with_waits_B,73.0,561.0,13.01247771836007,H*(H+1)/2,Unique forward transitions plus exactly H waits; completed graph,Finite derivation from chain_graph() enumeration and pruning,O(n^2 m^2),,,H5
hurricane:EP012014__EP212006:a0.5|CPS-3F,76,hurricane,EP012014__EP212006,0.5,CPS-3F,30,29,new,output\paper_v1\expanded_comparison\slots\76\attempts\expanded76_b5080725e48e4dd8bd107e4a0bb2ca1a,validated,True,True,completed search,configuration_states_input_bound,269.0,756900.0,0.0355397014136609,n^2*m^2,All index combinations; includes source/terminal; no hidden asymptotic constant,Thesis Observation 4 p.18 and section 5.1 p.26; manuscript section 4.4 pp.15-16,O(n^2 m^2),,,H5
hurricane:EP012014__EP212006:a0.5|CPS-3F,76,hurricane,EP012014__EP212006,0.5,CPS-3F,30,29,new,output\paper_v1\expanded_comparison\slots\76\attempts\expanded76_b5080725e48e4dd8bd107e4a0bb2ca1a,validated,True,True,completed search,configuration_states_active_bound,269.0,1122.0,23.97504456327986,H_A*H_B,Completed single graphs; includes coupling-invalid combinations,Thesis Observation 4 p.18 and section 5.1 p.26; manuscript section 4.4 pp.15-16,O(n^2 m^2),,,H5
hurricane:EP012014__EP212006:a0.5|CPS-3F,76,hurricane,EP012014__EP212006,0.5,CPS-3F,30,29,new,output\paper_v1\expanded_comparison\slots\76\attempts\expanded76_b5080725e48e4dd8bd107e4a0bb2ca1a,validated,True,True,completed search,candidate_transition_checks,777.0,4572.0,16.99475065616798,E_A*E_B-H_A*H_B,No duplicate single-graph entries; each product source popped once; excludes simultaneous waits,Finite derivation from solve_cps() and chain_graph(); see graph_bounds.md,O(n^2 m^2),,,H5
hurricane:EP012014__EP212006:a0.5|CPS-3F,76,hurricane,EP012014__EP212006,0.5,CPS-3F,30,29,new,output\paper_v1\expanded_comparison\slots\76\attempts\expanded76_b5080725e48e4dd8bd107e4a0bb2ca1a,validated,True,True,completed search,unique_configuration_edges,,628881.0,,"N*(N-1)/2, N=H_A*H_B",Product graph not materialized; no observed unique-edge count; strict forward topological order,Finite DAG counting derivation; not a transition-check measurement,O(n^2 m^2),Counter unavailable or phase not reached; historical runs not rerun,,H5
hurricane:EP012014__EP212006:a0.5|CPS-3F,76,hurricane,EP012014__EP212006,0.5,CPS-3F,30,29,new,output\paper_v1\expanded_comparison\slots\76\attempts\expanded76_b5080725e48e4dd8bd107e4a0bb2ca1a,validated,True,True,completed search,dynamic_programming_labels,,33660.0,,n*H_A*H_B,At most n distinct A-hop counts per state; labels not instrumented,Thesis section5.1; manuscript section4.4; solve_cps values dictionaries,O(n^2 m^2),Counter unavailable or phase not reached; historical runs not rerun,,H5
