pair,individuals,domain,basin,nA,nB,eligible,exclusion_reason
AL011852__AL081959,"['AL011852', 'AL081959']",hurricane,atlantic,45,50,True,
AL011860__AL051912,"['AL011860', 'AL051912']",hurricane,atlantic,35,30,True,
AL011861__AL021943,"['AL011861', 'AL021943']",hurricane,atlantic,28,26,True,
AL011861__AL041852,"['AL011861', 'AL041852']",hurricane,atlantic,28,36,True,
AL011885__AL071894,"['AL011885', 'AL071894']",hurricane,atlantic,36,42,True,
AL011885__AL211995,"['AL011885', 'AL211995']",hurricane,atlantic,36,29,True,
AL011892__AL011968,"['AL011892', 'AL011968']",hurricane,atlantic,33,51,True,
AL011893__AL061904,"['AL011893', 'AL061904']",hurricane,atlantic,36,26,True,
AL011897__AL071901,"['AL011897', 'AL071901']",hurricane,atlantic,43,55,True,
AL011897__AL101936,"['AL011897', 'AL101936']",hurricane,atlantic,43,49,True,
AL011910__AL011928,"['AL011910', 'AL011928']",hurricane,atlantic,27,46,True,
AL011910__AL021943,"['AL011910', 'AL021943']",hurricane,atlantic,27,26,True,
AL011912__AL011957,"['AL011912', 'AL011957']",hurricane,atlantic,42,32,True,
AL011917__AL091887,"['AL011917', 'AL091887']",hurricane,atlantic,33,47,True,
AL011918__AL031933,"['AL011918', 'AL031933']",hurricane,atlantic,28,55,True,
AL011920__AL111976,"['AL011920', 'AL111976']",hurricane,atlantic,38,45,True,
AL011923__AL041979,"['AL011923', 'AL041979']",hurricane,atlantic,28,29,True,
AL011923__AL071871,"['AL011923', 'AL071871']",hurricane,atlantic,28,33,True,
AL011926__AL042005,"['AL011926', 'AL042005']",hurricane,atlantic,47,59,True,
AL011927__AL081955,"['AL011927', 'AL081955']",hurricane,atlantic,45,69,True,
AL011928__AL011852,"['AL011928', 'AL011852']",hurricane,atlantic,46,45,True,
AL011928__AL021939,"['AL011928', 'AL021939']",hurricane,atlantic,46,49,True,
AL011953__AL172008,"['AL011953', 'AL172008']",hurricane,atlantic,53,35,True,
AL011963__AL081996,"['AL011963', 'AL081996']",hurricane,atlantic,43,53,True,
AL011964__AL021886,"['AL011964', 'AL021886']",hurricane,atlantic,38,33,True,
AL011965__AL041902,"['AL011965', 'AL041902']",hurricane,atlantic,29,44,True,
AL011970__AL111964,"['AL011970', 'AL111964']",hurricane,atlantic,39,35,True,
AL011991__AL021906,"['AL011991', 'AL021906']",hurricane,atlantic,25,41,True,
AL011994__AL052010,"['AL011994', 'AL052010']",hurricane,atlantic,32,32,True,
AL012005__AL171995,"['AL012005', 'AL171995']",hurricane,atlantic,25,39,True,
AL012010__AL152000,"['AL012010', 'AL152000']",hurricane,atlantic,32,34,True,
AL021867__AL031862,"['AL021867', 'AL031862']",hurricane,atlantic,28,34,True,
AL021867__AL061886,"['AL021867', 'AL061886']",hurricane,atlantic,28,52,True,
AL021867__AL071898,"['AL021867', 'AL071898']",hurricane,atlantic,28,49,True,
AL021867__AL071961,"['AL021867', 'AL071961']",hurricane,atlantic,28,41,True,
AL021867__AL082008,"['AL021867', 'AL082008']",hurricane,atlantic,28,49,True,
AL021868__AL012001,"['AL021868', 'AL012001']",hurricane,atlantic,29,57,True,
AL021873__AL122012,"['AL021873', 'AL122012']",hurricane,atlantic,64,60,True,
AL021876__AL112004,"['AL021876', 'AL112004']",hurricane,atlantic,33,69,True,
AL021877__AL041979,"['AL021877', 'AL041979']",hurricane,atlantic,34,29,True,
AL021878__AL011917,"['AL021878', 'AL011917']",hurricane,atlantic,45,33,True,
AL021878__AL091887,"['AL021878', 'AL091887']",hurricane,atlantic,45,47,True,
AL021878__AL131967,"['AL021878', 'AL131967']",hurricane,atlantic,45,70,True,
AL021879__AL031966,"['AL021879', 'AL031966']",hurricane,atlantic,32,36,True,
AL021879__AL041899,"['AL021879', 'AL041899']",hurricane,atlantic,32,43,True,
AL021879__AL071898,"['AL021879', 'AL071898']",hurricane,atlantic,32,49,True,
AL021879__AL082008,"['AL021879', 'AL082008']",hurricane,atlantic,32,49,True,
AL021879__AL091945,"['AL021879', 'AL091945']",hurricane,atlantic,32,39,True,
AL021880__AL021919,"['AL021880', 'AL021919']",hurricane,atlantic,45,59,True,
AL021880__AL031910,"['AL021880', 'AL031910']",hurricane,atlantic,45,44,True,
AL021880__AL041909,"['AL021880', 'AL041909']",hurricane,atlantic,45,38,True,
AL021880__AL101974,"['AL021880', 'AL101974']",hurricane,atlantic,45,49,True,
AL021884__AL131978,"['AL021884', 'AL131978']",hurricane,atlantic,56,50,True,
AL021889__AL021886,"['AL021889', 'AL021886']",hurricane,atlantic,25,33,True,
AL021889__AL112000,"['AL021889', 'AL112000']",hurricane,atlantic,25,29,True,
AL021890__AL031933,"['AL021890', 'AL031933']",hurricane,atlantic,41,55,True,
AL021890__AL031937,"['AL021890', 'AL031937']",hurricane,atlantic,41,39,True,
AL021891__AL151988,"['AL021891', 'AL151988']",hurricane,atlantic,51,45,True,
AL021892__AL031890,"['AL021892', 'AL031890']",hurricane,atlantic,40,33,True,
AL021892__AL121933,"['AL021892', 'AL121933']",hurricane,atlantic,40,60,True,
AL021895__AL011917,"['AL021895', 'AL011917']",hurricane,atlantic,36,33,True,
AL021895__AL021878,"['AL021895', 'AL021878']",hurricane,atlantic,36,45,True,
AL021895__AL031910,"['AL021895', 'AL031910']",hurricane,atlantic,36,44,True,
AL021895__AL041857,"['AL021895', 'AL041857']",hurricane,atlantic,36,29,True,
AL021895__AL051933,"['AL021895', 'AL051933']",hurricane,atlantic,36,51,True,
AL021895__AL051958,"['AL021895', 'AL051958']",hurricane,atlantic,36,35,True,
AL021895__AL061931,"['AL021895', 'AL061931']",hurricane,atlantic,36,28,True,
AL021895__AL071892,"['AL021895', 'AL071892']",hurricane,atlantic,36,45,True,
AL021895__AL091887,"['AL021895', 'AL091887']",hurricane,atlantic,36,47,True,
AL021895__AL131967,"['AL021895', 'AL131967']",hurricane,atlantic,36,70,True,
AL021896__AL021876,"['AL021896', 'AL021876']",hurricane,atlantic,52,33,True,
AL021900__AL031950,"['AL021900', 'AL031950']",hurricane,atlantic,50,61,True,
AL021902__AL011939,"['AL021902', 'AL011939']",hurricane,atlantic,37,28,True,
AL021902__AL021972,"['AL021902', 'AL021972']",hurricane,atlantic,37,35,True,
AL021903__AL021933,"['AL021903', 'AL021933']",hurricane,atlantic,43,53,True,
AL021903__AL052005,"['AL021903', 'AL052005']",hurricane,atlantic,43,45,True,
AL021903__AL072012,"['AL021903', 'AL072012']",hurricane,atlantic,43,38,True,
AL021904__AL071961,"['AL021904', 'AL071961']",hurricane,atlantic,33,41,True,
AL021908__AL051888,"['AL021908', 'AL051888']",hurricane,atlantic,32,28,True,
AL021908__AL061954,"['AL021908', 'AL061954']",hurricane,atlantic,32,30,True,
AL021911__AL032001,"['AL021911', 'AL032001']",hurricane,atlantic,26,25,True,
AL021911__AL052010,"['AL021911', 'AL052010']",hurricane,atlantic,26,32,True,
AL021916__AL011953,"['AL021916', 'AL011953']",hurricane,atlantic,51,53,True,
AL021916__AL091947,"['AL021916', 'AL091947']",hurricane,atlantic,51,36,True,
AL021920__AL051898,"['AL021920', 'AL051898']",hurricane,atlantic,30,43,True,
AL021922__AL101995,"['AL021922', 'AL101995']",hurricane,atlantic,62,66,True,
AL021923__AL101984,"['AL021923', 'AL101984']",hurricane,atlantic,38,33,True,
AL021923__AL102000,"['AL021923', 'AL102000']",hurricane,atlantic,38,29,True,
AL021926__AL041962,"['AL021926', 'AL041962']",hurricane,atlantic,42,41,True,
AL021926__AL091964,"['AL021926', 'AL091964']",hurricane,atlantic,42,48,True,
AL021928__AL031883,"['AL021928', 'AL031883']",hurricane,atlantic,42,39,True,
AL021928__AL061915,"['AL021928', 'AL061915']",hurricane,atlantic,42,42,True,
AL021928__AL102002,"['AL021928', 'AL102002']",hurricane,atlantic,42,55,True,
AL021931__AL031905,"['AL021931', 'AL031905']",hurricane,atlantic,26,28,True,
AL021931__AL101886,"['AL021931', 'AL101886']",hurricane,atlantic,26,25,True,
AL021937__AL011940,"['AL021937', 'AL011940']",hurricane,atlantic,28,32,True,
AL021937__AL061897,"['AL021937', 'AL061897']",hurricane,atlantic,28,36,True,
AL021940__AL021911,"['AL021940', 'AL021911']",hurricane,atlantic,31,26,True,
AL021940__AL032001,"['AL021940', 'AL032001']",hurricane,atlantic,31,25,True,
AL021942__AL051950,"['AL021942', 'AL051950']",hurricane,atlantic,26,38,True,
AL021943__AL011928,"['AL021943', 'AL011928']",hurricane,atlantic,26,46,True,
AL021943__AL041852,"['AL021943', 'AL041852']",hurricane,atlantic,26,36,True,
AL021960__AL011917,"['AL021960', 'AL011917']",hurricane,atlantic,34,33,True,
AL021960__AL071892,"['AL021960', 'AL071892']",hurricane,atlantic,34,45,True,
AL021960__AL141933,"['AL021960', 'AL141933']",hurricane,atlantic,34,38,True,
AL021961__AL131978,"['AL021961', 'AL131978']",hurricane,atlantic,41,50,True,
AL021963__AL041924,"['AL021963', 'AL041924']",hurricane,atlantic,34,48,True,
AL021972__AL171995,"['AL021972', 'AL171995']",hurricane,atlantic,35,39,True,
AL021975__AL062005,"['AL021975', 'AL062005']",hurricane,atlantic,31,37,True,
AL021983__AL011998,"['AL021983', 'AL011998']",hurricane,atlantic,25,26,True,
AL021983__AL042015,"['AL021983', 'AL042015']",hurricane,atlantic,25,31,True,
AL022009__AL061989,"['AL022009', 'AL061989']",hurricane,atlantic,26,36,True,
AL022009__AL102008,"['AL022009', 'AL102008']",hurricane,atlantic,26,33,True,
AL022011__AL071977,"['AL022011', 'AL071977']",hurricane,atlantic,29,27,True,
AL031854__AL011991,"['AL031854', 'AL011991']",hurricane,atlantic,25,25,False,previously tested unordered pair
AL031854__AL041958,"['AL031854', 'AL041958']",hurricane,atlantic,25,30,True,
AL031864__AL062007,"['AL031864', 'AL062007']",hurricane,atlantic,26,28,True,
AL031864__AL081971,"['AL031864', 'AL081971']",hurricane,atlantic,26,29,True,
AL031872__AL071961,"['AL031872', 'AL071961']",hurricane,atlantic,48,41,True,
AL031874__AL041893,"['AL031874', 'AL041893']",hurricane,atlantic,42,47,True,
AL031874__AL142011,"['AL031874', 'AL142011']",hurricane,atlantic,42,42,True,
AL031879__AL031905,"['AL031879', 'AL031905']",hurricane,atlantic,25,28,True,
AL031879__AL051898,"['AL031879', 'AL051898']",hurricane,atlantic,25,43,True,
AL031879__AL051950,"['AL031879', 'AL051950']",hurricane,atlantic,25,38,True,
AL031879__AL111950,"['AL031879', 'AL111950']",hurricane,atlantic,25,31,True,
AL031883__AL011910,"['AL031883', 'AL011910']",hurricane,atlantic,39,27,True,
AL031883__AL061915,"['AL031883', 'AL061915']",hurricane,atlantic,39,42,True,
AL031889__AL011948,"['AL031889', 'AL011948']",hurricane,atlantic,39,28,True,
AL031889__AL072013,"['AL031889', 'AL072013']",hurricane,atlantic,39,36,True,
AL031889__AL111985,"['AL031889', 'AL111985']",hurricane,atlantic,39,36,True,
AL031890__AL031896,"['AL031890', 'AL031896']",hurricane,atlantic,33,43,True,
AL031890__AL121933,"['AL031890', 'AL121933']",hurricane,atlantic,33,60,True,
AL031893__AL121987,"['AL031893', 'AL121987']",hurricane,atlantic,50,30,True,
AL031894__AL151975,"['AL031894', 'AL151975']",hurricane,atlantic,44,46,True,
AL031894__AL162011,"['AL031894', 'AL162011']",hurricane,atlantic,44,59,True,
AL031895__AL071956,"['AL031895', 'AL071956']",hurricane,atlantic,39,52,True,
AL031897__AL061899,"['AL031897', 'AL061899']",hurricane,atlantic,25,26,True,
AL031897__AL061971,"['AL031897', 'AL061971']",hurricane,atlantic,25,29,True,
AL031904__AL221971,"['AL031904', 'AL221971']",hurricane,atlantic,28,39,True,
AL031905__AL051950,"['AL031905', 'AL051950']",hurricane,atlantic,28,38,True,
AL031910__AL091887,"['AL031910', 'AL091887']",hurricane,atlantic,44,47,True,
AL031910__AL131967,"['AL031910', 'AL131967']",hurricane,atlantic,44,70,True,
AL031913__AL101989,"['AL031913', 'AL101989']",hurricane,atlantic,70,58,True,
AL031916__AL021935,"['AL031916', 'AL021935']",hurricane,atlantic,52,43,True,
AL031916__AL041851,"['AL031916', 'AL041851']",hurricane,atlantic,52,49,True,
AL031927__AL091990,"['AL031927', 'AL091990']",hurricane,atlantic,28,26,True,
AL031931__AL011917,"['AL031931', 'AL011917']",hurricane,atlantic,34,33,True,
AL031931__AL021878,"['AL031931', 'AL021878']",hurricane,atlantic,34,45,True,
AL031931__AL041941,"['AL031931', 'AL041941']",hurricane,atlantic,34,29,True,
AL031931__AL061931,"['AL031931', 'AL061931']",hurricane,atlantic,34,28,True,
AL031931__AL141933,"['AL031931', 'AL141933']",hurricane,atlantic,34,38,True,
AL031932__AL051999,"['AL031932', 'AL051999']",hurricane,atlantic,39,66,True,
AL031937__AL051881,"['AL031937', 'AL051881']",hurricane,atlantic,39,37,True,
AL031940__AL062008,"['AL031940', 'AL062008']",hurricane,atlantic,38,59,True,
AL031941__AL012015,"['AL031941', 'AL012015']",hurricane,atlantic,32,28,True,
AL031943__AL031924,"['AL031943', 'AL031924']",hurricane,atlantic,34,50,True,
AL031943__AL061908,"['AL031943', 'AL061908']",hurricane,atlantic,34,50,True,
AL031948__AL011949,"['AL031948', 'AL011949']",hurricane,atlantic,44,37,True,
AL031958__AL041965,"['AL031958', 'AL041965']",hurricane,atlantic,47,63,True,
AL031961__AL051894,"['AL031961', 'AL051894']",hurricane,atlantic,51,49,True,
AL031962__AL031915,"['AL031962', 'AL031915']",hurricane,atlantic,40,59,True,
AL031965__AL061979,"['AL031965', 'AL061979']",hurricane,atlantic,68,57,True,
AL031982__AL011998,"['AL031982', 'AL011998']",hurricane,atlantic,37,26,True,
AL031988__AL091964,"['AL031988', 'AL091964']",hurricane,atlantic,39,48,True,
AL031993__AL111988,"['AL031993', 'AL111988']",hurricane,atlantic,33,53,True,
AL032004__AL041877,"['AL032004', 'AL041877']",hurricane,atlantic,30,61,True,
AL032005__AL071956,"['AL032005', 'AL071956']",hurricane,atlantic,34,52,True,
AL032009__AL041998,"['AL032009', 'AL041998']",hurricane,atlantic,46,61,True,
AL041851__AL122000,"['AL041851', 'AL122000']",hurricane,atlantic,49,42,True,
AL041857__AL031910,"['AL041857', 'AL031910']",hurricane,atlantic,29,44,True,
AL041857__AL051933,"['AL041857', 'AL051933']",hurricane,atlantic,29,51,True,
AL041857__AL091887,"['AL041857', 'AL091887']",hurricane,atlantic,29,47,True,
AL041857__AL131967,"['AL041857', 'AL131967']",hurricane,atlantic,29,70,True,
AL041858__AL061950,"['AL041858', 'AL061950']",hurricane,atlantic,32,38,True,
AL041858__AL091980,"['AL041858', 'AL091980']",hurricane,atlantic,32,32,True,
AL041865__AL011918,"['AL041865', 'AL011918']",hurricane,atlantic,37,28,True,
AL041865__AL021950,"['AL041865', 'AL021950']",hurricane,atlantic,37,60,True,
AL041865__AL031875,"['AL041865', 'AL031875']",hurricane,atlantic,37,45,True,
AL041865__AL031933,"['AL041865', 'AL031933']",hurricane,atlantic,37,55,True,
AL041865__AL051881,"['AL041865', 'AL051881']",hurricane,atlantic,37,37,True,
AL041865__AL101974,"['AL041865', 'AL101974']",hurricane,atlantic,37,49,True,
AL041872__AL091995,"['AL041872', 'AL091995']",hurricane,atlantic,28,41,True,
AL041872__AL121990,"['AL041872', 'AL121990']",hurricane,atlantic,28,62,True,
AL041884__AL181933,"['AL041884', 'AL181933']",hurricane,atlantic,42,55,True,
AL041887__AL031901,"['AL041887', 'AL031901']",hurricane,atlantic,37,42,True,
AL041887__AL041917,"['AL041887', 'AL041917']",hurricane,atlantic,37,43,True,
AL041887__AL131971,"['AL041887', 'AL131971']",hurricane,atlantic,37,51,True,
AL041889__AL031883,"['AL041889', 'AL031883']",hurricane,atlantic,48,39,True,
AL041889__AL081934,"['AL041889', 'AL081934']",hurricane,atlantic,48,29,True,
AL041891__AL051900,"['AL041891', 'AL051900']",hurricane,atlantic,34,42,True,
AL041893__AL091979,"['AL041893', 'AL091979']",hurricane,atlantic,47,55,True,
AL041894__AL081901,"['AL041894', 'AL081901']",hurricane,atlantic,57,44,True,
AL041899__AL082008,"['AL041899', 'AL082008']",hurricane,atlantic,43,49,True,
AL041908__AL021989,"['AL041908', 'AL021989']",hurricane,atlantic,25,28,True,
AL041909__AL051886,"['AL041909', 'AL051886']",hurricane,atlantic,38,40,True,
AL041911__AL051942,"['AL041911', 'AL051942']",hurricane,atlantic,38,32,True,
AL041911__AL062007,"['AL041911', 'AL062007']",hurricane,atlantic,38,28,True,
AL041915__AL182012,"['AL041915', 'AL182012']",hurricane,atlantic,27,45,True,
AL041917__AL031901,"['AL041917', 'AL031901']",hurricane,atlantic,43,42,True,
AL041917__AL131971,"['AL041917', 'AL131971']",hurricane,atlantic,43,51,True,
AL041921__AL102001,"['AL041921', 'AL102001']",hurricane,atlantic,28,26,True,
AL041922__AL221971,"['AL041922', 'AL221971']",hurricane,atlantic,46,39,True,
AL041924__AL051940,"['AL041924', 'AL051940']",hurricane,atlantic,48,49,True,
AL041925__AL091880,"['AL041925', 'AL091880']",hurricane,atlantic,36,25,True,
AL041928__AL061938,"['AL041928', 'AL061938']",hurricane,atlantic,62,57,True,
AL041941__AL011917,"['AL041941', 'AL011917']",hurricane,atlantic,29,33,True,
AL041941__AL021878,"['AL041941', 'AL021878']",hurricane,atlantic,29,45,True,
AL041941__AL062007,"['AL041941', 'AL062007']",hurricane,atlantic,29,28,True,
AL041944__AL011917,"['AL041944', 'AL011917']",hurricane,atlantic,32,33,True,
AL041944__AL021878,"['AL041944', 'AL021878']",hurricane,atlantic,32,45,True,
AL041944__AL021960,"['AL041944', 'AL021960']",hurricane,atlantic,32,34,True,
AL041944__AL031931,"['AL041944', 'AL031931']",hurricane,atlantic,32,34,True,
AL041944__AL041941,"['AL041944', 'AL041941']",hurricane,atlantic,32,29,True,
AL041944__AL061931,"['AL041944', 'AL061931']",hurricane,atlantic,32,28,True,
AL041944__AL071892,"['AL041944', 'AL071892']",hurricane,atlantic,32,45,True,
AL041944__AL141933,"['AL041944', 'AL141933']",hurricane,atlantic,32,38,True,
AL041951__AL021903,"['AL041951', 'AL021903']",hurricane,atlantic,52,43,True,
AL041951__AL021933,"['AL041951', 'AL021933']",hurricane,atlantic,52,53,True,
AL041951__AL052005,"['AL041951', 'AL052005']",hurricane,atlantic,52,45,True,
AL041951__AL072012,"['AL041951', 'AL072012']",hurricane,atlantic,52,38,True,
AL041952__AL061908,"['AL041952', 'AL061908']",hurricane,atlantic,40,50,True,
AL041953__AL112010,"['AL041953', 'AL112010']",hurricane,atlantic,52,61,True,
AL041958__AL192011,"['AL041958', 'AL192011']",hurricane,atlantic,30,27,True,
AL041961__AL092006,"['AL041961', 'AL092006']",hurricane,atlantic,40,62,True,
AL041990__AL102015,"['AL041990', 'AL102015']",hurricane,atlantic,31,51,True,
AL041994__AL011963,"['AL041994', 'AL011963']",hurricane,atlantic,30,43,True,
AL041994__AL081996,"['AL041994', 'AL081996']",hurricane,atlantic,30,53,True,
AL041994__AL142011,"['AL041994', 'AL142011']",hurricane,atlantic,30,42,True,
AL041999__AL031913,"['AL041999', 'AL031913']",hurricane,atlantic,51,70,True,
AL041999__AL101989,"['AL041999', 'AL101989']",hurricane,atlantic,51,58,True,
AL051863__AL052001,"['AL051863', 'AL052001']",hurricane,atlantic,32,27,True,
AL051863__AL071887,"['AL051863', 'AL071887']",hurricane,atlantic,32,39,True,
AL051872__AL112000,"['AL051872', 'AL112000']",hurricane,atlantic,28,29,True,
AL051873__AL051897,"['AL051873', 'AL051897']",hurricane,atlantic,59,54,True,
AL051876__AL061882,"['AL051876', 'AL061882']",hurricane,atlantic,49,45,True,
AL051876__AL061939,"['AL051876', 'AL061939']",hurricane,atlantic,49,39,True,
AL051876__AL071865,"['AL051876', 'AL071865']",hurricane,atlantic,49,34,True,
AL051876__AL071891,"['AL051876', 'AL071891']",hurricane,atlantic,49,25,True,
AL051876__AL111909,"['AL051876', 'AL111909']",hurricane,atlantic,49,30,True,
AL051876__AL111924,"['AL051876', 'AL111924']",hurricane,atlantic,49,38,True,
AL051876__AL181933,"['AL051876', 'AL181933']",hurricane,atlantic,49,55,True,
AL051880__AL031915,"['AL051880', 'AL031915']",hurricane,atlantic,40,59,True,
AL051881__AL031875,"['AL051881', 'AL031875']",hurricane,atlantic,37,45,True,
AL051888__AL011940,"['AL051888', 'AL011940']",hurricane,atlantic,28,32,True,
AL051892__AL042004,"['AL051892', 'AL042004']",hurricane,atlantic,48,46,True,
AL051898__AL061906,"['AL051898', 'AL061906']",hurricane,atlantic,43,45,True,
AL051899__AL041926,"['AL051899', 'AL041926']",hurricane,atlantic,52,95,True,
AL051903__AL171887,"['AL051903', 'AL171887']",hurricane,atlantic,32,30,True,
AL051905__AL021972,"['AL051905', 'AL021972']",hurricane,atlantic,28,35,True,
AL051905__AL061885,"['AL051905', 'AL061885']",hurricane,atlantic,28,37,True,
AL051906__AL041992,"['AL051906', 'AL041992']",hurricane,atlantic,63,52,True,
AL051907__AL132012,"['AL051907', 'AL132012']",hurricane,atlantic,28,42,True,
AL051918__AL041943,"['AL051918', 'AL041943']",hurricane,atlantic,27,36,True,
AL051923__AL051962,"['AL051923', 'AL051962']",hurricane,atlantic,41,36,True,
AL051924__AL071879,"['AL051924', 'AL071879']",hurricane,atlantic,29,25,True,
AL051933__AL131967,"['AL051933', 'AL131967']",hurricane,atlantic,51,70,True,
AL051934__AL091949,"['AL051934', 'AL091949']",hurricane,atlantic,27,27,True,
AL051935__AL121988,"['AL051935', 'AL121988']",hurricane,atlantic,39,39,True,
AL051942__AL062007,"['AL051942', 'AL062007']",hurricane,atlantic,32,28,True,
AL051942__AL131969,"['AL051942', 'AL131969']",hurricane,atlantic,32,27,True,
AL051942__AL161978,"['AL051942', 'AL161978']",hurricane,atlantic,32,26,True,
AL051950__AL011994,"['AL051950', 'AL011994']",hurricane,atlantic,38,32,True,
AL051958__AL021880,"['AL051958', 'AL021880']",hurricane,atlantic,35,45,True,
AL051958__AL041909,"['AL051958', 'AL041909']",hurricane,atlantic,35,38,True,
AL051958__AL051933,"['AL051958', 'AL051933']",hurricane,atlantic,35,51,True,
AL051958__AL091887,"['AL051958', 'AL091887']",hurricane,atlantic,35,47,True,
AL051958__AL131967,"['AL051958', 'AL131967']",hurricane,atlantic,35,70,True,
AL051989__AL051964,"['AL051989', 'AL051964']",hurricane,atlantic,38,64,True,
AL052001__AL021885,"['AL052001', 'AL021885']",hurricane,atlantic,27,32,True,
AL052001__AL071887,"['AL052001', 'AL071887']",hurricane,atlantic,27,39,True,
AL052005__AL021933,"['AL052005', 'AL021933']",hurricane,atlantic,45,53,True,
AL052005__AL072012,"['AL052005', 'AL072012']",hurricane,atlantic,45,38,True,
AL052006__AL092013,"['AL052006', 'AL092013']",hurricane,atlantic,26,46,True,
AL061866__AL092005,"['AL061866', 'AL092005']",hurricane,atlantic,48,56,True,
AL061870__AL011948,"['AL061870', 'AL011948']",hurricane,atlantic,40,28,True,
AL061870__AL031909,"['AL061870', 'AL031909']",hurricane,atlantic,40,36,True,
AL061874__AL032005,"['AL061874', 'AL032005']",hurricane,atlantic,27,34,True,
AL061878__AL061958,"['AL061878', 'AL061958']",hurricane,atlantic,28,30,True,
AL061879__AL021950,"['AL061879', 'AL021950']",hurricane,atlantic,33,60,True,
AL061879__AL031875,"['AL061879', 'AL031875']",hurricane,atlantic,33,45,True,
AL061879__AL031933,"['AL061879', 'AL031933']",hurricane,atlantic,33,55,True,
AL061879__AL041865,"['AL061879', 'AL041865']",hurricane,atlantic,33,37,True,
AL061879__AL041887,"['AL061879', 'AL041887']",hurricane,atlantic,33,37,True,
AL061879__AL051881,"['AL061879', 'AL051881']",hurricane,atlantic,33,37,True,
AL061880__AL051924,"['AL061880', 'AL051924']",hurricane,atlantic,26,29,True,
AL061882__AL041985,"['AL061882', 'AL041985']",hurricane,atlantic,45,37,True,
AL061882__AL061939,"['AL061882', 'AL061939']",hurricane,atlantic,45,39,True,
AL061882__AL111878,"['AL061882', 'AL111878']",hurricane,atlantic,45,33,True,
AL061882__AL111924,"['AL061882', 'AL111924']",hurricane,atlantic,45,38,True,
AL061885__AL011860,"['AL061885', 'AL011860']",hurricane,atlantic,37,35,True,
AL061885__AL051912,"['AL061885', 'AL051912']",hurricane,atlantic,37,30,True,
AL061886__AL071898,"['AL061886', 'AL071898']",hurricane,atlantic,52,49,True,
AL061886__AL122000,"['AL061886', 'AL122000']",hurricane,atlantic,52,42,True,
AL061887__AL011950,"['AL061887', 'AL011950']",hurricane,atlantic,38,51,True,
AL061887__AL071894,"['AL061887', 'AL071894']",hurricane,atlantic,38,42,True,
AL061891__AL031896,"['AL061891', 'AL031896']",hurricane,atlantic,39,43,True,
AL061891__AL031995,"['AL061891', 'AL031995']",hurricane,atlantic,39,41,True,
AL061891__AL061937,"['AL061891', 'AL061937']",hurricane,atlantic,39,31,True,
AL061891__AL082014,"['AL061891', 'AL082014']",hurricane,atlantic,39,39,True,
AL061897__AL011962,"['AL061897', 'AL011962']",hurricane,atlantic,36,30,True,
AL061898__AL031926,"['AL061898', 'AL031926']",hurricane,atlantic,35,31,True,
AL061906__AL021916,"['AL061906', 'AL021916']",hurricane,atlantic,45,51,True,
AL061909__AL021895,"['AL061909', 'AL021895']",hurricane,atlantic,34,36,True,
AL061909__AL021960,"['AL061909', 'AL021960']",hurricane,atlantic,34,34,True,
AL061909__AL031910,"['AL061909', 'AL031910']",hurricane,atlantic,34,44,True,
AL061909__AL041857,"['AL061909', 'AL041857']",hurricane,atlantic,34,29,True,
AL061909__AL051933,"['AL061909', 'AL051933']",hurricane,atlantic,34,51,True,
AL061909__AL051958,"['AL061909', 'AL051958']",hurricane,atlantic,34,35,True,
AL061909__AL071892,"['AL061909', 'AL071892']",hurricane,atlantic,34,45,True,
AL061909__AL091887,"['AL061909', 'AL091887']",hurricane,atlantic,34,47,True,
AL061909__AL101955,"['AL061909', 'AL101955']",hurricane,atlantic,34,40,True,
AL061909__AL131967,"['AL061909', 'AL131967']",hurricane,atlantic,34,70,True,
AL061915__AL011926,"['AL061915', 'AL011926']",hurricane,atlantic,42,47,True,
AL061915__AL041896,"['AL061915', 'AL041896']",hurricane,atlantic,42,35,True,
AL061915__AL102002,"['AL061915', 'AL102002']",hurricane,atlantic,42,55,True,
AL061916__AL042003,"['AL061916', 'AL042003']",hurricane,atlantic,33,45,True,
AL061916__AL051886,"['AL061916', 'AL051886']",hurricane,atlantic,33,40,True,
AL061921__AL101926,"['AL061921', 'AL101926']",hurricane,atlantic,43,57,True,
AL061921__AL181933,"['AL061921', 'AL181933']",hurricane,atlantic,43,55,True,
AL061931__AL011917,"['AL061931', 'AL011917']",hurricane,atlantic,28,33,True,
AL061931__AL021878,"['AL061931', 'AL021878']",hurricane,atlantic,28,45,True,
AL061933__AL031913,"['AL061933', 'AL031913']",hurricane,atlantic,62,70,True,
AL061933__AL101989,"['AL061933', 'AL101989']",hurricane,atlantic,62,58,True,
AL061935__AL221971,"['AL061935', 'AL221971']",hurricane,atlantic,36,39,True,
AL061936__AL051939,"['AL061936', 'AL051939']",hurricane,atlantic,31,30,True,
AL061936__AL052001,"['AL061936', 'AL052001']",hurricane,atlantic,31,27,True,
AL061936__AL071887,"['AL061936', 'AL071887']",hurricane,atlantic,31,39,True,
AL061936__AL071944,"['AL061936', 'AL071944']",hurricane,atlantic,31,32,True,
AL061940__AL011953,"['AL061940', 'AL011953']",hurricane,atlantic,29,53,True,
AL061940__AL021916,"['AL061940', 'AL021916']",hurricane,atlantic,29,51,True,
AL061940__AL091947,"['AL061940', 'AL091947']",hurricane,atlantic,29,36,True,
AL061940__AL172008,"['AL061940', 'AL172008']",hurricane,atlantic,29,35,True,
AL061941__AL011987,"['AL061941', 'AL011987']",hurricane,atlantic,29,31,True,
AL061947__AL041985,"['AL061947', 'AL041985']",hurricane,atlantic,27,37,True,
AL061947__AL051852,"['AL061947', 'AL051852']",hurricane,atlantic,27,25,True,
AL061947__AL071891,"['AL061947', 'AL071891']",hurricane,atlantic,27,25,True,
AL061955__AL071964,"['AL061955', 'AL071964']",hurricane,atlantic,31,49,True,
AL061971__AL011962,"['AL061971', 'AL011962']",hurricane,atlantic,29,30,True,
AL061971__AL021954,"['AL061971', 'AL021954']",hurricane,atlantic,29,27,True,
AL061971__AL031908,"['AL061971', 'AL031908']",hurricane,atlantic,29,43,True,
AL061971__AL101984,"['AL061971', 'AL101984']",hurricane,atlantic,29,33,True,
AL061971__AL111972,"['AL061971', 'AL111972']",hurricane,atlantic,29,29,True,
AL061991__AL061976,"['AL061991', 'AL061976']",hurricane,atlantic,43,37,True,
AL062004__AL051961,"['AL062004', 'AL051961']",hurricane,atlantic,74,67,True,
AL062005__AL131949,"['AL062005', 'AL131949']",hurricane,atlantic,37,35,True,
AL062006__AL021896,"['AL062006', 'AL021896']",hurricane,atlantic,47,52,True,
AL062006__AL042005,"['AL062006', 'AL042005']",hurricane,atlantic,47,59,True,
AL071865__AL111924,"['AL071865', 'AL111924']",hurricane,atlantic,34,38,True,
AL071867__AL011923,"['AL071867', 'AL011923']",hurricane,atlantic,34,28,True,
AL071867__AL041979,"['AL071867', 'AL041979']",hurricane,atlantic,34,29,True,
AL071869__AL091990,"['AL071869', 'AL091990']",hurricane,atlantic,32,26,True,
AL071871__AL041979,"['AL071871', 'AL041979']",hurricane,atlantic,33,29,True,
AL071879__AL031895,"['AL071879', 'AL031895']",hurricane,atlantic,25,39,True,
AL071891__AL041985,"['AL071891', 'AL041985']",hurricane,atlantic,25,37,True,
AL071891__AL061882,"['AL071891', 'AL061882']",hurricane,atlantic,25,45,True,
AL071891__AL061939,"['AL071891', 'AL061939']",hurricane,atlantic,25,39,True,
AL071891__AL111878,"['AL071891', 'AL111878']",hurricane,atlantic,25,33,True,
AL071891__AL111924,"['AL071891', 'AL111924']",hurricane,atlantic,25,38,True,
AL071892__AL011917,"['AL071892', 'AL011917']",hurricane,atlantic,45,33,True,
AL071892__AL051933,"['AL071892', 'AL051933']",hurricane,atlantic,45,51,True,
AL071892__AL091887,"['AL071892', 'AL091887']",hurricane,atlantic,45,47,True,
AL071898__AL041899,"['AL071898', 'AL041899']",hurricane,atlantic,49,43,True,
AL071898__AL082008,"['AL071898', 'AL082008']",hurricane,atlantic,49,49,True,
AL071921__AL011987,"['AL071921', 'AL011987']",hurricane,atlantic,28,31,True,
AL071924__AL031853,"['AL071924', 'AL031853']",hurricane,atlantic,48,48,True,
AL071924__AL051996,"['AL071924', 'AL051996']",hurricane,atlantic,48,73,True,
AL071931__AL021960,"['AL071931', 'AL021960']",hurricane,atlantic,33,34,True,
AL071931__AL101955,"['AL071931', 'AL101955']",hurricane,atlantic,33,40,True,
AL071944__AL021879,"['AL071944', 'AL021879']",hurricane,atlantic,32,32,True,
AL071944__AL041899,"['AL071944', 'AL041899']",hurricane,atlantic,32,43,True,
AL071944__AL091945,"['AL071944', 'AL091945']",hurricane,atlantic,32,39,True,
AL071951__AL022008,"['AL071951', 'AL022008']",hurricane,atlantic,35,74,True,
AL071951__AL041906,"['AL071951', 'AL041906']",hurricane,atlantic,35,74,True,
AL071951__AL091985,"['AL071951', 'AL091985']",hurricane,atlantic,35,65,True,
AL071951__AL121973,"['AL071951', 'AL121973']",hurricane,atlantic,35,37,True,
AL071957__AL102000,"['AL071957', 'AL102000']",hurricane,atlantic,29,29,True,
AL071961__AL131887,"['AL071961', 'AL131887']",hurricane,atlantic,41,53,True,
AL071966__AL061984,"['AL071966', 'AL061984']",hurricane,atlantic,26,33,True,
AL071989__AL121980,"['AL071989', 'AL121980']",hurricane,atlantic,37,61,True,
AL071996__AL102015,"['AL071996', 'AL102015']",hurricane,atlantic,29,51,True,
AL072006__AL011900,"['AL072006', 'AL011900']",hurricane,atlantic,62,81,False,previously tested unordered pair
AL072006__AL031955,"['AL072006', 'AL031955']",hurricane,atlantic,62,67,True,
AL072010__AL112010,"['AL072010', 'AL112010']",hurricane,atlantic,55,61,True,
AL081880__AL051880,"['AL081880', 'AL051880']",hurricane,atlantic,32,40,True,
AL081886__AL071958,"['AL081886', 'AL071958']",hurricane,atlantic,36,34,True,
AL081889__AL141999,"['AL081889', 'AL141999']",hurricane,atlantic,29,34,True,
AL081891__AL061899,"['AL081891', 'AL061899']",hurricane,atlantic,35,26,True,
AL081892__AL062005,"['AL081892', 'AL062005']",hurricane,atlantic,30,37,True,
AL081931__AL091958,"['AL081931', 'AL091958']",hurricane,atlantic,25,26,True,
AL081934__AL031901,"['AL081934', 'AL031901']",hurricane,atlantic,29,42,True,
AL081954__AL041949,"['AL081954', 'AL041949']",hurricane,atlantic,41,35,True,
AL081954__AL051900,"['AL081954', 'AL051900']",hurricane,atlantic,41,42,True,
AL081958__AL082006,"['AL081958', 'AL082006']",hurricane,atlantic,54,55,True,
AL081961__AL131949,"['AL081961', 'AL131949']",hurricane,atlantic,28,35,True,
AL081967__AL161967,"['AL081967', 'AL161967']",hurricane,atlantic,25,33,True,
AL081968__AL022009,"['AL081968', 'AL022009']",hurricane,atlantic,31,26,True,
AL081968__AL061989,"['AL081968', 'AL061989']",hurricane,atlantic,31,36,True,
AL081968__AL102008,"['AL081968', 'AL102008']",hurricane,atlantic,31,33,True,
AL081969__AL021996,"['AL081969', 'AL021996']",hurricane,atlantic,45,51,True,
AL081969__AL062001,"['AL081969', 'AL062001']",hurricane,atlantic,45,62,True,
AL081969__AL072006,"['AL081969', 'AL072006']",hurricane,atlantic,45,62,True,
AL081979__AL031943,"['AL081979', 'AL031943']",hurricane,atlantic,25,34,True,
AL081979__AL041899,"['AL081979', 'AL041899']",hurricane,atlantic,25,43,True,
AL081989__AL141979,"['AL081989', 'AL141979']",hurricane,atlantic,63,44,True,
AL081999__AL041851,"['AL081999', 'AL041851']",hurricane,atlantic,50,49,True,
AL081999__AL051964,"['AL081999', 'AL051964']",hurricane,atlantic,50,64,True,
AL082012__AL111966,"['AL082012', 'AL111966']",hurricane,atlantic,26,39,True,
AL082014__AL011950,"['AL082014', 'AL011950']",hurricane,atlantic,39,51,True,
AL082014__AL061887,"['AL082014', 'AL061887']",hurricane,atlantic,39,38,True,
AL082014__AL061937,"['AL082014', 'AL061937']",hurricane,atlantic,39,31,True,
AL091878__AL061950,"['AL091878', 'AL061950']",hurricane,atlantic,32,38,True,
AL091878__AL101903,"['AL091878', 'AL101903']",hurricane,atlantic,32,35,True,
AL091880__AL101924,"['AL091880', 'AL101924']",hurricane,atlantic,25,40,True,
AL091887__AL051933,"['AL091887', 'AL051933']",hurricane,atlantic,47,51,True,
AL091887__AL131967,"['AL091887', 'AL131967']",hurricane,atlantic,47,70,True,
AL091889__AL011995,"['AL091889', 'AL011995']",hurricane,atlantic,27,35,True,
AL091898__AL051897,"['AL091898', 'AL051897']",hurricane,atlantic,51,54,True,
AL091909__AL051985,"['AL091909', 'AL051985']",hurricane,atlantic,35,33,True,
AL091909__AL182005,"['AL091909', 'AL182005']",hurricane,atlantic,35,36,True,
AL091932__AL031864,"['AL091932', 'AL031864']",hurricane,atlantic,31,26,True,
AL091932__AL041888,"['AL091932', 'AL041888']",hurricane,atlantic,31,34,True,
AL091932__AL111898,"['AL091932', 'AL111898']",hurricane,atlantic,31,35,True,
AL091933__AL021885,"['AL091933', 'AL021885']",hurricane,atlantic,34,32,True,
AL091933__AL051863,"['AL091933', 'AL051863']",hurricane,atlantic,34,32,True,
AL091933__AL052001,"['AL091933', 'AL052001']",hurricane,atlantic,34,27,True,
AL091943__AL011861,"['AL091943', 'AL011861']",hurricane,atlantic,25,28,True,
AL091943__AL021943,"['AL091943', 'AL021943']",hurricane,atlantic,25,26,True,
AL091943__AL041852,"['AL091943', 'AL041852']",hurricane,atlantic,25,36,True,
AL091944__AL031917,"['AL091944', 'AL031917']",hurricane,atlantic,29,35,True,
AL091945__AL041899,"['AL091945', 'AL041899']",hurricane,atlantic,39,43,True,
AL091945__AL082008,"['AL091945', 'AL082008']",hurricane,atlantic,39,49,True,
AL091947__AL011953,"['AL091947', 'AL011953']",hurricane,atlantic,36,53,True,
AL091947__AL172008,"['AL091947', 'AL172008']",hurricane,atlantic,36,35,True,
AL091958__AL131974,"['AL091958', 'AL131974']",hurricane,atlantic,26,38,True,
AL091964__AL041851,"['AL091964', 'AL041851']",hurricane,atlantic,48,49,True,
AL091964__AL041962,"['AL091964', 'AL041962']",hurricane,atlantic,48,41,True,
AL091964__AL081996,"['AL091964', 'AL081996']",hurricane,atlantic,48,53,True,
AL091968__AL131981,"['AL091968', 'AL131981']",hurricane,atlantic,38,47,True,
AL091969__AL252005,"['AL091969', 'AL252005']",hurricane,atlantic,37,47,True,
AL091974__AL032012,"['AL091974', 'AL032012']",hurricane,atlantic,28,31,True,
AL091974__AL082005,"['AL091974', 'AL082005']",hurricane,atlantic,28,44,True,
AL091974__AL121893,"['AL091974', 'AL121893']",hurricane,atlantic,28,32,True,
AL091974__AL131981,"['AL091974', 'AL131981']",hurricane,atlantic,28,47,True,
AL091979__AL051899,"['AL091979', 'AL051899']",hurricane,atlantic,55,52,True,
AL091980__AL041893,"['AL091980', 'AL041893']",hurricane,atlantic,32,47,True,
AL091980__AL081996,"['AL091980', 'AL081996']",hurricane,atlantic,32,53,True,
AL091985__AL022008,"['AL091985', 'AL022008']",hurricane,atlantic,65,74,True,
AL091988__AL031894,"['AL091988', 'AL031894']",hurricane,atlantic,44,44,True,
AL091999__AL031913,"['AL091999', 'AL031913']",hurricane,atlantic,49,70,True,
AL091999__AL031950,"['AL091999', 'AL031950']",hurricane,atlantic,49,61,True,
AL091999__AL061933,"['AL091999', 'AL061933']",hurricane,atlantic,49,62,True,
AL091999__AL101989,"['AL091999', 'AL101989']",hurricane,atlantic,49,58,True,
AL092011__AL031966,"['AL092011', 'AL031966']",hurricane,atlantic,43,36,True,
AL092011__AL061889,"['AL092011', 'AL061889']",hurricane,atlantic,43,61,True,
AL092013__AL042004,"['AL092013', 'AL042004']",hurricane,atlantic,46,46,True,
AL101878__AL101953,"['AL101878', 'AL101953']",hurricane,atlantic,28,41,True,
AL101878__AL121995,"['AL101878', 'AL121995']",hurricane,atlantic,28,31,True,
AL101886__AL031905,"['AL101886', 'AL031905']",hurricane,atlantic,25,28,True,
AL101886__AL051950,"['AL101886', 'AL051950']",hurricane,atlantic,25,38,True,
AL101886__AL111973,"['AL101886', 'AL111973']",hurricane,atlantic,25,25,True,
AL101893__AL011968,"['AL101893', 'AL011968']",hurricane,atlantic,35,51,True,
AL101916__AL251967,"['AL101916', 'AL251967']",hurricane,atlantic,35,54,True,
AL101924__AL152001,"['AL101924', 'AL152001']",hurricane,atlantic,40,34,True,
AL101955__AL021960,"['AL101955', 'AL021960']",hurricane,atlantic,40,34,True,
AL101955__AL071892,"['AL101955', 'AL071892']",hurricane,atlantic,40,45,True,
AL101964__AL011994,"['AL101964', 'AL011994']",hurricane,atlantic,30,32,True,
AL101980__AL011897,"['AL101980', 'AL011897']",hurricane,atlantic,27,43,True,
AL101984__AL011962,"['AL101984', 'AL011962']",hurricane,atlantic,33,30,True,
AL101984__AL061897,"['AL101984', 'AL061897']",hurricane,atlantic,33,36,True,
AL101987__AL031900,"['AL101987', 'AL031900']",hurricane,atlantic,49,62,True,
AL101987__AL092013,"['AL101987', 'AL092013']",hurricane,atlantic,49,46,True,
AL102003__AL062010,"['AL102003', 'AL062010']",hurricane,atlantic,53,51,True,
AL102008__AL061989,"['AL102008', 'AL061989']",hurricane,atlantic,33,36,True,
AL111898__AL031931,"['AL111898', 'AL031931']",hurricane,atlantic,35,34,True,
AL111898__AL041888,"['AL111898', 'AL041888']",hurricane,atlantic,35,34,True,
AL111898__AL041941,"['AL111898', 'AL041941']",hurricane,atlantic,35,29,True,
AL111901__AL021998,"['AL111901', 'AL021998']",hurricane,atlantic,39,49,True,
AL111901__AL121987,"['AL111901', 'AL121987']",hurricane,atlantic,39,30,True,
AL111909__AL111924,"['AL111909', 'AL111924']",hurricane,atlantic,30,38,True,
AL111916__AL031962,"['AL111916', 'AL031962']",hurricane,atlantic,31,40,True,
AL111916__AL041955,"['AL111916', 'AL041955']",hurricane,atlantic,31,60,True,
AL111916__AL041962,"['AL111916', 'AL041962']",hurricane,atlantic,31,41,True,
AL111924__AL061939,"['AL111924', 'AL061939']",hurricane,atlantic,38,39,True,
AL111932__AL021916,"['AL111932', 'AL021916']",hurricane,atlantic,47,51,True,
AL111932__AL111964,"['AL111932', 'AL111964']",hurricane,atlantic,47,35,True,
AL111950__AL011953,"['AL111950', 'AL011953']",hurricane,atlantic,31,53,True,
AL111950__AL021942,"['AL111950', 'AL021942']",hurricane,atlantic,31,26,True,
AL111950__AL051950,"['AL111950', 'AL051950']",hurricane,atlantic,31,38,True,
AL111950__AL172008,"['AL111950', 'AL172008']",hurricane,atlantic,31,35,True,
AL111950__AL201971,"['AL111950', 'AL201971']",hurricane,atlantic,31,33,True,
AL111967__AL091980,"['AL111967', 'AL091980']",hurricane,atlantic,29,32,True,
AL111972__AL021954,"['AL111972', 'AL021954']",hurricane,atlantic,29,27,True,
AL111972__AL101984,"['AL111972', 'AL101984']",hurricane,atlantic,29,33,True,
AL111973__AL071938,"['AL111973', 'AL071938']",hurricane,atlantic,25,30,True,
AL111979__AL021915,"['AL111979', 'AL021915']",hurricane,atlantic,68,75,True,
AL111985__AL011948,"['AL111985', 'AL011948']",hurricane,atlantic,36,28,True,
AL111989__AL051960,"['AL111989', 'AL051960']",hurricane,atlantic,64,72,True,
AL111989__AL131995,"['AL111989', 'AL131995']",hurricane,atlantic,64,66,True,
AL111994__AL051891,"['AL111994', 'AL051891']",hurricane,atlantic,28,44,True,
AL111994__AL101950,"['AL111994', 'AL101950']",hurricane,atlantic,28,27,True,
AL112009__AL011953,"['AL112009', 'AL011953']",hurricane,atlantic,31,53,True,
AL112009__AL061940,"['AL112009', 'AL061940']",hurricane,atlantic,31,29,True,
AL112009__AL091947,"['AL112009', 'AL091947']",hurricane,atlantic,31,36,True,
AL112009__AL172008,"['AL112009', 'AL172008']",hurricane,atlantic,31,35,True,
AL112010__AL051960,"['AL112010', 'AL051960']",hurricane,atlantic,61,72,True,
AL112010__AL111989,"['AL112010', 'AL111989']",hurricane,atlantic,61,64,True,
AL121893__AL032012,"['AL121893', 'AL032012']",hurricane,atlantic,32,31,True,
AL121893__AL082005,"['AL121893', 'AL082005']",hurricane,atlantic,32,44,True,
AL121893__AL131981,"['AL121893', 'AL131981']",hurricane,atlantic,32,47,True,
AL121893__AL161984,"['AL121893', 'AL161984']",hurricane,atlantic,32,56,True,
AL121953__AL011945,"['AL121953', 'AL011945']",hurricane,atlantic,40,59,True,
AL121968__AL121893,"['AL121968', 'AL121893']",hurricane,atlantic,30,32,True,
AL121973__AL022008,"['AL121973', 'AL022008']",hurricane,atlantic,37,74,True,
AL121978__AL051892,"['AL121978', 'AL051892']",hurricane,atlantic,33,48,True,
AL121980__AL121973,"['AL121980', 'AL121973']",hurricane,atlantic,61,37,True,
AL121995__AL101953,"['AL121995', 'AL101953']",hurricane,atlantic,31,41,True,
AL122005__AL051995,"['AL122005', 'AL051995']",hurricane,atlantic,34,30,True,
AL131887__AL061889,"['AL131887', 'AL061889']",hurricane,atlantic,53,61,True,
AL131916__AL031943,"['AL131916', 'AL031943']",hurricane,atlantic,36,34,True,
AL131969__AL161978,"['AL131969', 'AL161978']",hurricane,atlantic,27,26,True,
AL131971__AL031901,"['AL131971', 'AL031901']",hurricane,atlantic,51,42,True,
AL131974__AL061886,"['AL131974', 'AL061886']",hurricane,atlantic,38,52,True,
AL131981__AL032012,"['AL131981', 'AL032012']",hurricane,atlantic,47,31,True,
AL132000__AL061948,"['AL132000', 'AL061948']",hurricane,atlantic,52,54,True,
AL132000__AL122011,"['AL132000', 'AL122011']",hurricane,atlantic,52,64,True,
AL141916__AL051985,"['AL141916', 'AL051985']",hurricane,atlantic,43,33,True,
AL141933__AL011917,"['AL141933', 'AL011917']",hurricane,atlantic,38,33,True,
AL141933__AL021878,"['AL141933', 'AL021878']",hurricane,atlantic,38,45,True,
AL141933__AL021895,"['AL141933', 'AL021895']",hurricane,atlantic,38,36,True,
AL141933__AL051933,"['AL141933', 'AL051933']",hurricane,atlantic,38,51,True,
AL141933__AL071892,"['AL141933', 'AL071892']",hurricane,atlantic,38,45,True,
AL141933__AL091887,"['AL141933', 'AL091887']",hurricane,atlantic,38,47,True,
AL141933__AL131967,"['AL141933', 'AL131967']",hurricane,atlantic,38,70,True,
AL141968__AL171933,"['AL141968', 'AL171933']",hurricane,atlantic,34,33,True,
AL141975__AL071964,"['AL141975', 'AL071964']",hurricane,atlantic,46,49,True,
AL141975__AL132004,"['AL141975', 'AL132004']",hurricane,atlantic,46,55,True,
AL142011__AL011963,"['AL142011', 'AL011963']",hurricane,atlantic,42,43,True,
AL142011__AL041893,"['AL142011', 'AL041893']",hurricane,atlantic,42,47,True,
AL142013__AL082012,"['AL142013', 'AL082012']",hurricane,atlantic,26,26,True,
AL142013__AL111966,"['AL142013', 'AL111966']",hurricane,atlantic,26,39,True,
AL151936__AL031966,"['AL151936', 'AL031966']",hurricane,atlantic,28,36,True,
AL151936__AL071961,"['AL151936', 'AL071961']",hurricane,atlantic,28,41,True,
AL151975__AL071963,"['AL151975', 'AL071963']",hurricane,atlantic,46,69,True,
AL151988__AL021958,"['AL151988', 'AL021958']",hurricane,atlantic,45,37,True,
AL161970__AL041983,"['AL161970', 'AL041983']",hurricane,atlantic,35,26,True,
AL171933__AL091969,"['AL171933', 'AL091969']",hurricane,atlantic,33,37,True,
AL171933__AL252005,"['AL171933', 'AL252005']",hurricane,atlantic,33,47,True,
AL171969__AL171974,"['AL171969', 'AL171974']",hurricane,atlantic,27,27,True,
AL171972__AL031900,"['AL171972', 'AL031900']",hurricane,atlantic,41,62,True,
AL171972__AL101987,"['AL171972', 'AL101987']",hurricane,atlantic,41,49,True,
AL171976__AL101916,"['AL171976', 'AL101916']",hurricane,atlantic,35,35,True,
AL171980__AL112009,"['AL171980', 'AL112009']",hurricane,atlantic,25,31,True,
AL171980__AL172008,"['AL171980', 'AL172008']",hurricane,atlantic,25,35,True,
AL181887__AL011930,"['AL181887', 'AL011930']",hurricane,atlantic,26,50,True,
AL181887__AL091888,"['AL181887', 'AL091888']",hurricane,atlantic,26,64,False,previously tested unordered pair
AL181887__AL211976,"['AL181887', 'AL211976']",hurricane,atlantic,26,26,True,
AL182005__AL051985,"['AL182005', 'AL051985']",hurricane,atlantic,36,33,True,
AL182011__AL061926,"['AL182011', 'AL061926']",hurricane,atlantic,31,27,False,previously tested unordered pair
AL182011__AL071912,"['AL182011', 'AL071912']",hurricane,atlantic,31,42,True,
AL182011__AL101943,"['AL182011', 'AL101943']",hurricane,atlantic,31,26,True,
AL192011__AL102000,"['AL192011', 'AL102000']",hurricane,atlantic,27,29,True,
AL201971__AL011994,"['AL201971', 'AL011994']",hurricane,atlantic,33,32,True,
AL201971__AL151979,"['AL201971', 'AL151979']",hurricane,atlantic,33,39,True,
AL211995__AL071894,"['AL211995', 'AL071894']",hurricane,atlantic,29,42,True,
EP011957__EP051998,"['EP011957', 'EP051998']",hurricane,pacific,45,37,True,
EP011957__EP052006,"['EP011957', 'EP052006']",hurricane,pacific,45,48,True,
EP011957__EP071991,"['EP011957', 'EP071991']",hurricane,pacific,45,40,True,
EP011957__EP081997,"['EP011957', 'EP081997']",hurricane,pacific,45,33,True,
EP011958__EP032015,"['EP011958', 'EP032015']",hurricane,pacific,41,32,True,
EP011958__EP191983,"['EP011958', 'EP191983']",hurricane,pacific,41,34,True,
EP011958__EP212014,"['EP011958', 'EP212014']",hurricane,pacific,41,27,True,
EP011969__EP011976,"['EP011969', 'EP011976']",hurricane,pacific,28,44,True,
EP011969__EP021984,"['EP011969', 'EP021984']",hurricane,pacific,28,82,True,
EP011969__EP141998,"['EP011969', 'EP141998']",hurricane,pacific,28,47,True,
EP011970__EP011973,"['EP011970', 'EP011973']",hurricane,pacific,31,43,True,
EP011970__EP021969,"['EP011970', 'EP021969']",hurricane,pacific,31,33,True,
EP011970__EP091972,"['EP011970', 'EP091972']",hurricane,pacific,31,33,True,
EP011970__EP092012,"['EP011970', 'EP092012']",hurricane,pacific,31,47,True,
EP011970__EP161970,"['EP011970', 'EP161970']",hurricane,pacific,31,31,True,
EP011970__EP191984,"['EP011970', 'EP191984']",hurricane,pacific,31,33,True,
EP011973__EP031998,"['EP011973', 'EP031998']",hurricane,pacific,43,36,True,
EP011973__EP041992,"['EP011973', 'EP041992']",hurricane,pacific,43,50,True,
EP011973__EP091998,"['EP011973', 'EP091998']",hurricane,pacific,43,40,True,
EP011973__EP191984,"['EP011973', 'EP191984']",hurricane,pacific,43,33,True,
EP011976__EP021984,"['EP011976', 'EP021984']",hurricane,pacific,44,82,True,
EP011976__EP111988,"['EP011976', 'EP111988']",hurricane,pacific,44,34,True,
EP011976__EP241990,"['EP011976', 'EP241990']",hurricane,pacific,44,41,True,
EP011980__EP191990,"['EP011980', 'EP191990']",hurricane,pacific,28,35,True,
EP011983__EP171986,"['EP011983', 'EP171986']",hurricane,pacific,31,28,True,
EP012001__EP042013,"['EP012001', 'EP042013']",hurricane,pacific,29,40,True,
EP012001__EP111988,"['EP012001', 'EP111988']",hurricane,pacific,29,34,True,
EP012002__EP012001,"['EP012002', 'EP012001']",hurricane,pacific,31,29,True,
EP012002__EP032014,"['EP012002', 'EP032014']",hurricane,pacific,31,41,True,
EP012002__EP111988,"['EP012002', 'EP111988']",hurricane,pacific,31,34,True,
EP012002__EP172013,"['EP012002', 'EP172013']",hurricane,pacific,31,48,True,
EP012002__EP241990,"['EP012002', 'EP241990']",hurricane,pacific,31,41,True,
EP012003__EP031995,"['EP012003', 'EP031995']",hurricane,pacific,28,42,True,
EP012003__EP051968,"['EP012003', 'EP051968']",hurricane,pacific,28,33,True,
EP012003__EP082008,"['EP012003', 'EP082008']",hurricane,pacific,28,40,True,
EP012003__EP111968,"['EP012003', 'EP111968']",hurricane,pacific,28,41,True,
EP012003__EP161974,"['EP012003', 'EP161974']",hurricane,pacific,28,43,True,
EP012011__EP012002,"['EP012011', 'EP012002']",hurricane,pacific,30,31,True,
EP012011__EP241990,"['EP012011', 'EP241990']",hurricane,pacific,30,41,True,
EP012012__EP012014,"['EP012012', 'EP012014']",hurricane,pacific,26,30,True,
EP012012__EP042013,"['EP012012', 'EP042013']",hurricane,pacific,26,40,True,
EP012014__EP212006,"['EP012014', 'EP212006']",hurricane,pacific,30,29,False,previously tested unordered pair
EP012015__EP132012,"['EP012015', 'EP132012']",hurricane,pacific,40,44,True,
EP021949__EP031949,"['EP021949', 'EP031949']",hurricane,pacific,25,25,False,previously tested unordered pair
EP021949__EP031957,"['EP021949', 'EP031957']",hurricane,pacific,25,27,True,
EP021949__EP061984,"['EP021949', 'EP061984']",hurricane,pacific,25,27,True,
EP021949__EP071995,"['EP021949', 'EP071995']",hurricane,pacific,25,27,True,
EP021949__EP081996,"['EP021949', 'EP081996']",hurricane,pacific,25,29,True,
EP021949__EP082012,"['EP021949', 'EP082012']",hurricane,pacific,25,35,True,
EP021949__EP092013,"['EP021949', 'EP092013']",hurricane,pacific,25,31,True,
EP021949__EP111995,"['EP021949', 'EP111995']",hurricane,pacific,25,41,True,
EP021949__EP112012,"['EP021949', 'EP112012']",hurricane,pacific,25,33,True,
EP021949__EP131971,"['EP021949', 'EP131971']",hurricane,pacific,25,29,True,
EP021949__EP132003,"['EP021949', 'EP132003']",hurricane,pacific,25,31,True,
EP021949__EP141967,"['EP021949', 'EP141967']",hurricane,pacific,25,37,True,
EP021949__EP142014,"['EP021949', 'EP142014']",hurricane,pacific,25,35,True,
EP021949__EP182014,"['EP021949', 'EP182014']",hurricane,pacific,25,36,True,
EP021954__EP032010,"['EP021954', 'EP032010']",hurricane,pacific,25,32,True,
EP021954__EP051988,"['EP021954', 'EP051988']",hurricane,pacific,25,25,True,
EP021954__EP061970,"['EP021954', 'EP061970']",hurricane,pacific,25,29,True,
EP021954__EP081954,"['EP021954', 'EP081954']",hurricane,pacific,25,27,True,
EP021954__EP092005,"['EP021954', 'EP092005']",hurricane,pacific,25,34,True,
EP021954__EP102008,"['EP021954', 'EP102008']",hurricane,pacific,25,41,True,
EP021954__EP122003,"['EP021954', 'EP122003']",hurricane,pacific,25,38,True,
EP021969__EP031978,"['EP021969', 'EP031978']",hurricane,pacific,33,35,True,
EP021969__EP041983,"['EP021969', 'EP041983']",hurricane,pacific,33,26,True,
EP021969__EP061982,"['EP021969', 'EP061982']",hurricane,pacific,33,32,True,
EP021969__EP071971,"['EP021969', 'EP071971']",hurricane,pacific,33,29,True,
EP021969__EP091972,"['EP021969', 'EP091972']",hurricane,pacific,33,33,True,
EP021969__EP092012,"['EP021969', 'EP092012']",hurricane,pacific,33,47,True,
EP021969__EP101985,"['EP021969', 'EP101985']",hurricane,pacific,33,37,True,
EP021969__EP111975,"['EP021969', 'EP111975']",hurricane,pacific,33,37,True,
EP021969__EP112004,"['EP021969', 'EP112004']",hurricane,pacific,33,44,True,
EP021969__EP121991,"['EP021969', 'EP121991']",hurricane,pacific,33,46,True,
EP021969__EP131986,"['EP021969', 'EP131986']",hurricane,pacific,33,28,True,
EP021969__EP151989,"['EP021969', 'EP151989']",hurricane,pacific,33,40,True,
EP021969__EP191982,"['EP021969', 'EP191982']",hurricane,pacific,33,27,True,
EP021969__EP191984,"['EP021969', 'EP191984']",hurricane,pacific,33,33,True,
EP021981__EP021949,"['EP021981', 'EP021949']",hurricane,pacific,25,25,True,
EP021981__EP031984,"['EP021981', 'EP031984']",hurricane,pacific,25,36,True,
EP021981__EP061984,"['EP021981', 'EP061984']",hurricane,pacific,25,27,True,
EP021981__EP062012,"['EP021981', 'EP062012']",hurricane,pacific,25,40,True,
EP021981__EP071995,"['EP021981', 'EP071995']",hurricane,pacific,25,27,True,
EP021981__EP072007,"['EP021981', 'EP072007']",hurricane,pacific,25,34,True,
EP021981__EP081980,"['EP021981', 'EP081980']",hurricane,pacific,25,30,True,
EP021981__EP092000,"['EP021981', 'EP092000']",hurricane,pacific,25,25,True,
EP021981__EP111983,"['EP021981', 'EP111983']",hurricane,pacific,25,36,True,
EP021981__EP131987,"['EP021981', 'EP131987']",hurricane,pacific,25,29,True,
EP021981__EP152015,"['EP021981', 'EP152015']",hurricane,pacific,25,40,True,
EP021981__EP181989,"['EP021981', 'EP181989']",hurricane,pacific,25,33,True,
EP021983__EP011976,"['EP021983', 'EP011976']",hurricane,pacific,38,44,True,
EP021983__EP021984,"['EP021983', 'EP021984']",hurricane,pacific,38,82,True,
EP021983__EP041975,"['EP021983', 'EP041975']",hurricane,pacific,38,41,True,
EP021983__EP141998,"['EP021983', 'EP141998']",hurricane,pacific,38,47,True,
EP021985__EP041965,"['EP021985', 'EP041965']",hurricane,pacific,41,31,True,
EP021985__EP042010,"['EP021985', 'EP042010']",hurricane,pacific,41,50,True,
EP021985__EP101976,"['EP021985', 'EP101976']",hurricane,pacific,41,41,True,
EP021985__EP151991,"['EP021985', 'EP151991']",hurricane,pacific,41,45,True,
EP021985__EP181984,"['EP021985', 'EP181984']",hurricane,pacific,41,36,True,
EP021991__EP011970,"['EP021991', 'EP011970']",hurricane,pacific,30,31,True,
EP021991__EP091972,"['EP021991', 'EP091972']",hurricane,pacific,30,33,True,
EP021991__EP091982,"['EP021991', 'EP091982']",hurricane,pacific,30,30,True,
EP021991__EP092012,"['EP021991', 'EP092012']",hurricane,pacific,30,47,True,
EP021999__EP021969,"['EP021999', 'EP021969']",hurricane,pacific,32,33,True,
EP021999__EP031978,"['EP021999', 'EP031978']",hurricane,pacific,32,35,True,
EP021999__EP031994,"['EP021999', 'EP031994']",hurricane,pacific,32,29,True,
EP021999__EP051990,"['EP021999', 'EP051990']",hurricane,pacific,32,26,True,
EP021999__EP061982,"['EP021999', 'EP061982']",hurricane,pacific,32,32,True,
EP021999__EP071971,"['EP021999', 'EP071971']",hurricane,pacific,32,29,True,
EP021999__EP092012,"['EP021999', 'EP092012']",hurricane,pacific,32,47,True,
EP021999__EP101985,"['EP021999', 'EP101985']",hurricane,pacific,32,37,True,
EP021999__EP111985,"['EP021999', 'EP111985']",hurricane,pacific,32,36,True,
EP021999__EP121991,"['EP021999', 'EP121991']",hurricane,pacific,32,46,True,
EP021999__EP131986,"['EP021999', 'EP131986']",hurricane,pacific,32,28,True,
EP021999__EP151989,"['EP021999', 'EP151989']",hurricane,pacific,32,40,True,
EP021999__EP191982,"['EP021999', 'EP191982']",hurricane,pacific,32,27,True,
EP022001__EP101981,"['EP022001', 'EP101981']",hurricane,pacific,26,27,True,
EP022008__EP031978,"['EP022008', 'EP031978']",hurricane,pacific,37,35,True,
EP022008__EP122004,"['EP022008', 'EP122004']",hurricane,pacific,37,52,True,
EP022008__EP141990,"['EP022008', 'EP141990']",hurricane,pacific,37,35,True,
EP022008__EP191990,"['EP022008', 'EP191990']",hurricane,pacific,37,35,True,
EP022008__EP261992,"['EP022008', 'EP261992']",hurricane,pacific,37,28,True,
EP022012__EP011958,"['EP022012', 'EP011958']",hurricane,pacific,25,41,True,
EP022012__EP032015,"['EP022012', 'EP032015']",hurricane,pacific,25,32,True,
EP022012__EP191983,"['EP022012', 'EP191983']",hurricane,pacific,25,34,True,
EP022012__EP202009,"['EP022012', 'EP202009']",hurricane,pacific,25,27,True,
EP022012__EP212014,"['EP022012', 'EP212014']",hurricane,pacific,25,27,True,
EP031949__EP092013,"['EP031949', 'EP092013']",hurricane,pacific,25,31,True,
EP031949__EP132003,"['EP031949', 'EP132003']",hurricane,pacific,25,31,True,
EP031949__EP142014,"['EP031949', 'EP142014']",hurricane,pacific,25,35,True,
EP031957__EP031949,"['EP031957', 'EP031949']",hurricane,pacific,27,25,True,
EP031957__EP111967,"['EP031957', 'EP111967']",hurricane,pacific,27,27,True,
EP031957__EP142014,"['EP031957', 'EP142014']",hurricane,pacific,27,35,True,
EP031959__EP152009,"['EP031959', 'EP152009']",hurricane,pacific,25,38,True,
EP031965__EP081981,"['EP031965', 'EP081981']",hurricane,pacific,25,29,True,
EP031965__EP122006,"['EP031965', 'EP122006']",hurricane,pacific,25,42,True,
EP031965__EP141991,"['EP031965', 'EP141991']",hurricane,pacific,25,42,True,
EP031965__EP172009,"['EP031965', 'EP172009']",hurricane,pacific,25,31,True,
EP031965__EP191990,"['EP031965', 'EP191990']",hurricane,pacific,25,35,True,
EP031966__EP041994,"['EP031966', 'EP041994']",hurricane,pacific,39,26,True,
EP031966__EP051985,"['EP031966', 'EP051985']",hurricane,pacific,39,35,True,
EP031966__EP062011,"['EP031966', 'EP062011']",hurricane,pacific,39,29,True,
EP031966__EP101987,"['EP031966', 'EP101987']",hurricane,pacific,39,34,True,
EP031966__EP121985,"['EP031966', 'EP121985']",hurricane,pacific,39,42,True,
EP031966__EP161990,"['EP031966', 'EP161990']",hurricane,pacific,39,55,True,
EP031968__EP031988,"['EP031968', 'EP031988']",hurricane,pacific,27,28,True,
EP031968__EP032004,"['EP031968', 'EP032004']",hurricane,pacific,27,28,True,
EP031968__EP041983,"['EP031968', 'EP041983']",hurricane,pacific,27,26,True,
EP031968__EP042014,"['EP031968', 'EP042014']",hurricane,pacific,27,42,True,
EP031968__EP051990,"['EP031968', 'EP051990']",hurricane,pacific,27,26,True,
EP031968__EP061966,"['EP031968', 'EP061966']",hurricane,pacific,27,43,True,
EP031968__EP071971,"['EP031968', 'EP071971']",hurricane,pacific,27,29,True,
EP031968__EP071987,"['EP031968', 'EP071987']",hurricane,pacific,27,28,True,
EP031968__EP071990,"['EP031968', 'EP071990']",hurricane,pacific,27,28,True,
EP031968__EP081967,"['EP031968', 'EP081967']",hurricane,pacific,27,25,True,
EP031968__EP081978,"['EP031968', 'EP081978']",hurricane,pacific,27,32,True,
EP031968__EP091995,"['EP031968', 'EP091995']",hurricane,pacific,27,29,True,
EP031968__EP092000,"['EP031968', 'EP092000']",hurricane,pacific,27,25,True,
EP031968__EP101975,"['EP031968', 'EP101975']",hurricane,pacific,27,31,True,
EP031968__EP101980,"['EP031968', 'EP101980']",hurricane,pacific,27,26,True,
EP031968__EP101985,"['EP031968', 'EP101985']",hurricane,pacific,27,37,True,
EP031968__EP102000,"['EP031968', 'EP102000']",hurricane,pacific,27,25,True,
EP031968__EP102002,"['EP031968', 'EP102002']",hurricane,pacific,27,31,True,
EP031968__EP112004,"['EP031968', 'EP112004']",hurricane,pacific,27,44,True,
EP031968__EP121968,"['EP031968', 'EP121968']",hurricane,pacific,27,37,True,
EP031968__EP121983,"['EP031968', 'EP121983']",hurricane,pacific,27,34,True,
EP031968__EP131985,"['EP031968', 'EP131985']",hurricane,pacific,27,29,True,
EP031968__EP131986,"['EP031968', 'EP131986']",hurricane,pacific,27,28,True,
EP031968__EP141997,"['EP031968', 'EP141997']",hurricane,pacific,27,34,True,
EP031968__EP151985,"['EP031968', 'EP151985']",hurricane,pacific,27,38,True,
EP031968__EP151989,"['EP031968', 'EP151989']",hurricane,pacific,27,40,True,
EP031971__EP011980,"['EP031971', 'EP011980']",hurricane,pacific,27,28,True,
EP031971__EP031978,"['EP031971', 'EP031978']",hurricane,pacific,27,35,True,
EP031971__EP091965,"['EP031971', 'EP091965']",hurricane,pacific,27,37,True,
EP031971__EP191990,"['EP031971', 'EP191990']",hurricane,pacific,27,35,True,
EP031975__EP011970,"['EP031975', 'EP011970']",hurricane,pacific,35,31,True,
EP031975__EP021969,"['EP031975', 'EP021969']",hurricane,pacific,35,33,True,
EP031975__EP021999,"['EP031975', 'EP021999']",hurricane,pacific,35,32,True,
EP031975__EP031978,"['EP031975', 'EP031978']",hurricane,pacific,35,35,True,
EP031975__EP031988,"['EP031975', 'EP031988']",hurricane,pacific,35,28,True,
EP031975__EP031994,"['EP031975', 'EP031994']",hurricane,pacific,35,29,True,
EP031975__EP041983,"['EP031975', 'EP041983']",hurricane,pacific,35,26,True,
EP031975__EP051990,"['EP031975', 'EP051990']",hurricane,pacific,35,26,True,
EP031975__EP061982,"['EP031975', 'EP061982']",hurricane,pacific,35,32,True,
EP031975__EP071978,"['EP031975', 'EP071978']",hurricane,pacific,35,29,True,
EP031975__EP072011,"['EP031975', 'EP072011']",hurricane,pacific,35,26,True,
EP031975__EP091972,"['EP031975', 'EP091972']",hurricane,pacific,35,33,True,
EP031975__EP091982,"['EP031975', 'EP091982']",hurricane,pacific,35,30,True,
EP031975__EP092012,"['EP031975', 'EP092012']",hurricane,pacific,35,47,True,
EP031975__EP101975,"['EP031975', 'EP101975']",hurricane,pacific,35,31,True,
EP031975__EP111975,"['EP031975', 'EP111975']",hurricane,pacific,35,37,True,
EP031975__EP111985,"['EP031975', 'EP111985']",hurricane,pacific,35,36,True,
EP031975__EP112004,"['EP031975', 'EP112004']",hurricane,pacific,35,44,True,
EP031975__EP121991,"['EP031975', 'EP121991']",hurricane,pacific,35,46,True,
EP031975__EP131986,"['EP031975', 'EP131986']",hurricane,pacific,35,28,True,
EP031975__EP151989,"['EP031975', 'EP151989']",hurricane,pacific,35,40,True,
EP031975__EP191982,"['EP031975', 'EP191982']",hurricane,pacific,35,27,True,
EP031978__EP191990,"['EP031978', 'EP191990']",hurricane,pacific,35,35,True,
EP031984__EP072012,"['EP031984', 'EP072012']",hurricane,pacific,36,33,True,
EP031984__EP081995,"['EP031984', 'EP081995']",hurricane,pacific,36,28,True,
EP031984__EP212015,"['EP031984', 'EP212015']",hurricane,pacific,36,33,True,
EP031986__EP011976,"['EP031986', 'EP011976']",hurricane,pacific,25,44,True,
EP031986__EP021984,"['EP031986', 'EP021984']",hurricane,pacific,25,82,True,
EP031986__EP041975,"['EP031986', 'EP041975']",hurricane,pacific,25,41,True,
EP031986__EP062012,"['EP031986', 'EP062012']",hurricane,pacific,25,40,True,
EP031986__EP071984,"['EP031986', 'EP071984']",hurricane,pacific,25,30,True,
EP031986__EP101989,"['EP031986', 'EP101989']",hurricane,pacific,25,27,True,
EP031986__EP111983,"['EP031986', 'EP111983']",hurricane,pacific,25,36,True,
EP031986__EP132009,"['EP031986', 'EP132009']",hurricane,pacific,25,39,True,
EP031986__EP141971,"['EP031986', 'EP141971']",hurricane,pacific,25,27,True,
EP031986__EP172013,"['EP031986', 'EP172013']",hurricane,pacific,25,48,True,
EP031988__EP021969,"['EP031988', 'EP021969']",hurricane,pacific,28,33,True,
EP031988__EP031994,"['EP031988', 'EP031994']",hurricane,pacific,28,29,True,
EP031988__EP041983,"['EP031988', 'EP041983']",hurricane,pacific,28,26,True,
EP031988__EP051990,"['EP031988', 'EP051990']",hurricane,pacific,28,26,True,
EP031988__EP051995,"['EP031988', 'EP051995']",hurricane,pacific,28,36,True,
EP031988__EP061966,"['EP031988', 'EP061966']",hurricane,pacific,28,43,True,
EP031988__EP061982,"['EP031988', 'EP061982']",hurricane,pacific,28,32,True,
EP031988__EP071971,"['EP031988', 'EP071971']",hurricane,pacific,28,29,True,
EP031988__EP071973,"['EP031988', 'EP071973']",hurricane,pacific,28,25,True,
EP031988__EP071987,"['EP031988', 'EP071987']",hurricane,pacific,28,28,True,
EP031988__EP081967,"['EP031988', 'EP081967']",hurricane,pacific,28,25,True,
EP031988__EP081978,"['EP031988', 'EP081978']",hurricane,pacific,28,32,True,
EP031988__EP091972,"['EP031988', 'EP091972']",hurricane,pacific,28,33,True,
EP031988__EP091995,"['EP031988', 'EP091995']",hurricane,pacific,28,29,True,
EP031988__EP092000,"['EP031988', 'EP092000']",hurricane,pacific,28,25,True,
EP031988__EP101980,"['EP031988', 'EP101980']",hurricane,pacific,28,26,True,
EP031988__EP101983,"['EP031988', 'EP101983']",hurricane,pacific,28,31,True,
EP031988__EP111975,"['EP031988', 'EP111975']",hurricane,pacific,28,37,True,
EP031988__EP112004,"['EP031988', 'EP112004']",hurricane,pacific,28,44,True,
EP031988__EP121968,"['EP031988', 'EP121968']",hurricane,pacific,28,37,True,
EP031988__EP131986,"['EP031988', 'EP131986']",hurricane,pacific,28,28,True,
EP031988__EP141991,"['EP031988', 'EP141991']",hurricane,pacific,28,42,True,
EP031988__EP141997,"['EP031988', 'EP141997']",hurricane,pacific,28,34,True,
EP031988__EP151967,"['EP031988', 'EP151967']",hurricane,pacific,28,27,True,
EP031988__EP151989,"['EP031988', 'EP151989']",hurricane,pacific,28,40,True,
EP031988__EP191982,"['EP031988', 'EP191982']",hurricane,pacific,28,27,True,
EP031988__EP212015,"['EP031988', 'EP212015']",hurricane,pacific,28,33,True,
EP031990__EP072012,"['EP031990', 'EP072012']",hurricane,pacific,32,33,True,
EP031991__EP011973,"['EP031991', 'EP011973']",hurricane,pacific,45,43,True,
EP031991__EP031998,"['EP031991', 'EP031998']",hurricane,pacific,45,36,True,
EP031991__EP041992,"['EP031991', 'EP041992']",hurricane,pacific,45,50,True,
EP031991__EP081991,"['EP031991', 'EP081991']",hurricane,pacific,45,28,True,
EP031991__EP091998,"['EP031991', 'EP091998']",hurricane,pacific,45,40,True,
EP031991__EP092012,"['EP031991', 'EP092012']",hurricane,pacific,45,47,True,
EP031991__EP151990,"['EP031991', 'EP151990']",hurricane,pacific,45,36,True,
EP031991__EP181982,"['EP031991', 'EP181982']",hurricane,pacific,45,40,True,
EP031991__EP181985,"['EP031991', 'EP181985']",hurricane,pacific,45,46,True,
EP031991__EP191984,"['EP031991', 'EP191984']",hurricane,pacific,45,33,True,
EP031994__EP021969,"['EP031994', 'EP021969']",hurricane,pacific,29,33,True,
EP031994__EP031971,"['EP031994', 'EP031971']",hurricane,pacific,29,27,True,
EP031994__EP031978,"['EP031994', 'EP031978']",hurricane,pacific,29,35,True,
EP031994__EP061982,"['EP031994', 'EP061982']",hurricane,pacific,29,32,True,
EP031994__EP061992,"['EP031994', 'EP061992']",hurricane,pacific,29,34,True,
EP031994__EP071971,"['EP031994', 'EP071971']",hurricane,pacific,29,29,True,
EP031994__EP081967,"['EP031994', 'EP081967']",hurricane,pacific,29,25,True,
EP031994__EP101985,"['EP031994', 'EP101985']",hurricane,pacific,29,37,True,
EP031994__EP111975,"['EP031994', 'EP111975']",hurricane,pacific,29,37,True,
EP031994__EP131986,"['EP031994', 'EP131986']",hurricane,pacific,29,28,True,
EP031994__EP141991,"['EP031994', 'EP141991']",hurricane,pacific,29,42,True,
EP031994__EP151989,"['EP031994', 'EP151989']",hurricane,pacific,29,40,True,
EP031994__EP191982,"['EP031994', 'EP191982']",hurricane,pacific,29,27,True,
EP031994__EP191990,"['EP031994', 'EP191990']",hurricane,pacific,29,35,True,
EP031995__EP041976,"['EP031995', 'EP041976']",hurricane,pacific,42,30,True,
EP031995__EP082008,"['EP031995', 'EP082008']",hurricane,pacific,42,40,True,
EP031995__EP111968,"['EP031995', 'EP111968']",hurricane,pacific,42,41,True,
EP031995__EP121989,"['EP031995', 'EP121989']",hurricane,pacific,42,45,True,
EP031995__EP161974,"['EP031995', 'EP161974']",hurricane,pacific,42,43,True,
EP031995__EP261992,"['EP031995', 'EP261992']",hurricane,pacific,42,28,True,
EP031998__EP091998,"['EP031998', 'EP091998']",hurricane,pacific,36,40,True,
EP032000__EP011969,"['EP032000', 'EP011969']",hurricane,pacific,27,28,True,
EP032000__EP011976,"['EP032000', 'EP011976']",hurricane,pacific,27,44,True,
EP032000__EP021983,"['EP032000', 'EP021983']",hurricane,pacific,27,38,True,
EP032000__EP021984,"['EP032000', 'EP021984']",hurricane,pacific,27,82,True,
EP032000__EP031986,"['EP032000', 'EP031986']",hurricane,pacific,27,25,True,
EP032000__EP041975,"['EP032000', 'EP041975']",hurricane,pacific,27,41,True,
EP032000__EP132009,"['EP032000', 'EP132009']",hurricane,pacific,27,39,True,
EP032000__EP141971,"['EP032000', 'EP141971']",hurricane,pacific,27,27,True,
EP032004__EP062006,"['EP032004', 'EP062006']",hurricane,pacific,28,41,True,
EP032004__EP091995,"['EP032004', 'EP091995']",hurricane,pacific,28,29,True,
EP032004__EP151985,"['EP032004', 'EP151985']",hurricane,pacific,28,38,True,
EP032005__EP021983,"['EP032005', 'EP021983']",hurricane,pacific,30,38,True,
EP032005__EP032011,"['EP032005', 'EP032011']",hurricane,pacific,30,29,True,
EP032005__EP041975,"['EP032005', 'EP041975']",hurricane,pacific,30,41,True,
EP032005__EP042002,"['EP032005', 'EP042002']",hurricane,pacific,30,30,True,
EP032005__EP051973,"['EP032005', 'EP051973']",hurricane,pacific,30,27,True,
EP032005__EP081995,"['EP032005', 'EP081995']",hurricane,pacific,30,28,True,
EP032005__EP092011,"['EP032005', 'EP092011']",hurricane,pacific,30,50,True,
EP032005__EP101990,"['EP032005', 'EP101990']",hurricane,pacific,30,38,True,
EP032005__EP111983,"['EP032005', 'EP111983']",hurricane,pacific,30,36,True,
EP032005__EP131987,"['EP032005', 'EP131987']",hurricane,pacific,30,29,True,
EP032005__EP141971,"['EP032005', 'EP141971']",hurricane,pacific,30,27,True,
EP032005__EP151967,"['EP032005', 'EP151967']",hurricane,pacific,30,27,True,
EP032005__EP151991,"['EP032005', 'EP151991']",hurricane,pacific,30,45,True,
EP032005__EP152001,"['EP032005', 'EP152001']",hurricane,pacific,30,31,True,
EP032005__EP231990,"['EP032005', 'EP231990']",hurricane,pacific,30,67,True,
EP032006__EP061997,"['EP032006', 'EP061997']",hurricane,pacific,27,30,True,
EP032006__EP071992,"['EP032006', 'EP071992']",hurricane,pacific,27,42,True,
EP032006__EP092006,"['EP032006', 'EP092006']",hurricane,pacific,27,35,True,
EP032006__EP102004,"['EP032006', 'EP102004']",hurricane,pacific,27,33,True,
EP032006__EP111978,"['EP032006', 'EP111978']",hurricane,pacific,27,38,True,
EP032006__EP171985,"['EP032006', 'EP171985']",hurricane,pacific,27,45,True,
EP032006__EP201992,"['EP032006', 'EP201992']",hurricane,pacific,27,69,True,
EP032009__EP051952,"['EP032009', 'EP051952']",hurricane,pacific,25,29,True,
EP032009__EP092002,"['EP032009', 'EP092002']",hurricane,pacific,25,26,True,
EP032011__EP012002,"['EP032011', 'EP012002']",hurricane,pacific,29,31,True,
EP032011__EP012011,"['EP032011', 'EP012011']",hurricane,pacific,29,30,True,
EP032011__EP042002,"['EP032011', 'EP042002']",hurricane,pacific,29,30,True,
EP032011__EP141971,"['EP032011', 'EP141971']",hurricane,pacific,29,27,True,
EP032011__EP172014,"['EP032011', 'EP172014']",hurricane,pacific,29,44,True,
EP032013__EP041966,"['EP032013', 'EP041966']",hurricane,pacific,30,38,True,
EP032013__EP041985,"['EP032013', 'EP041985']",hurricane,pacific,30,39,True,
EP032013__EP061968,"['EP032013', 'EP061968']",hurricane,pacific,30,41,True,
EP032013__EP061981,"['EP032013', 'EP061981']",hurricane,pacific,30,27,True,
EP032013__EP081976,"['EP032013', 'EP081976']",hurricane,pacific,30,31,True,
EP032013__EP091990,"['EP032013', 'EP091990']",hurricane,pacific,30,47,True,
EP032014__EP112012,"['EP032014', 'EP112012']",hurricane,pacific,41,33,True,
EP032014__EP172013,"['EP032014', 'EP172013']",hurricane,pacific,41,48,True,
EP032014__EP182014,"['EP032014', 'EP182014']",hurricane,pacific,41,36,True,
EP032014__EP241990,"['EP032014', 'EP241990']",hurricane,pacific,41,41,True,
EP032015__EP031996,"['EP032015', 'EP031996']",hurricane,pacific,32,29,True,
EP041953__EP012002,"['EP041953', 'EP012002']",hurricane,pacific,25,31,True,
EP041953__EP012011,"['EP041953', 'EP012011']",hurricane,pacific,25,30,True,
EP041953__EP032014,"['EP041953', 'EP032014']",hurricane,pacific,25,41,True,
EP041953__EP041991,"['EP041953', 'EP041991']",hurricane,pacific,25,26,True,
EP041953__EP111988,"['EP041953', 'EP111988']",hurricane,pacific,25,34,True,
EP041953__EP111995,"['EP041953', 'EP111995']",hurricane,pacific,25,41,True,
EP041953__EP162003,"['EP041953', 'EP162003']",hurricane,pacific,25,25,True,
EP041953__EP182014,"['EP041953', 'EP182014']",hurricane,pacific,25,36,True,
EP041954__EP122006,"['EP041954', 'EP122006']",hurricane,pacific,31,42,True,
EP041965__EP032005,"['EP041965', 'EP032005']",hurricane,pacific,31,30,True,
EP041965__EP042002,"['EP041965', 'EP042002']",hurricane,pacific,31,30,True,
EP041965__EP042010,"['EP041965', 'EP042010']",hurricane,pacific,31,50,True,
EP041965__EP051973,"['EP041965', 'EP051973']",hurricane,pacific,31,27,True,
EP041965__EP071978,"['EP041965', 'EP071978']",hurricane,pacific,31,29,True,
EP041965__EP091971,"['EP041965', 'EP091971']",hurricane,pacific,31,35,True,
EP041965__EP092011,"['EP041965', 'EP092011']",hurricane,pacific,31,50,True,
EP041965__EP131987,"['EP041965', 'EP131987']",hurricane,pacific,31,29,True,
EP041965__EP151991,"['EP041965', 'EP151991']",hurricane,pacific,31,45,True,
EP041965__EP152001,"['EP041965', 'EP152001']",hurricane,pacific,31,31,True,
EP041965__EP231990,"['EP041965', 'EP231990']",hurricane,pacific,31,67,True,
EP041971__EP041982,"['EP041971', 'EP041982']",hurricane,pacific,47,62,True,
EP041971__EP171992,"['EP041971', 'EP171992']",hurricane,pacific,47,49,True,
EP041972__EP112005,"['EP041972', 'EP112005']",hurricane,pacific,37,65,True,
EP041975__EP011976,"['EP041975', 'EP011976']",hurricane,pacific,41,44,True,
EP041975__EP021984,"['EP041975', 'EP021984']",hurricane,pacific,41,82,True,
EP041976__EP041984,"['EP041976', 'EP041984']",hurricane,pacific,30,48,True,
EP041976__EP111968,"['EP041976', 'EP111968']",hurricane,pacific,30,41,True,
EP041976__EP161974,"['EP041976', 'EP161974']",hurricane,pacific,30,43,True,
EP041978__EP081976,"['EP041978', 'EP081976']",hurricane,pacific,29,31,True,
EP041978__EP092012,"['EP041978', 'EP092012']",hurricane,pacific,29,47,True,
EP041978__EP121989,"['EP041978', 'EP121989']",hurricane,pacific,29,45,True,
EP041978__EP191984,"['EP041978', 'EP191984']",hurricane,pacific,29,33,True,
EP041979__EP032004,"['EP041979', 'EP032004']",hurricane,pacific,27,28,True,
EP041979__EP042014,"['EP041979', 'EP042014']",hurricane,pacific,27,42,True,
EP041979__EP062006,"['EP041979', 'EP062006']",hurricane,pacific,27,41,True,
EP041979__EP071990,"['EP041979', 'EP071990']",hurricane,pacific,27,28,True,
EP041979__EP121968,"['EP041979', 'EP121968']",hurricane,pacific,27,37,True,
EP041979__EP151985,"['EP041979', 'EP151985']",hurricane,pacific,27,38,True,
EP041979__EP152015,"['EP041979', 'EP152015']",hurricane,pacific,27,40,True,
EP041981__EP021999,"['EP041981', 'EP021999']",hurricane,pacific,25,32,True,
EP041981__EP031965,"['EP041981', 'EP031965']",hurricane,pacific,25,25,True,
EP041981__EP031968,"['EP041981', 'EP031968']",hurricane,pacific,25,27,True,
EP041981__EP031988,"['EP041981', 'EP031988']",hurricane,pacific,25,28,True,
EP041981__EP031994,"['EP041981', 'EP031994']",hurricane,pacific,25,29,True,
EP041981__EP051990,"['EP041981', 'EP051990']",hurricane,pacific,25,26,True,
EP041981__EP051995,"['EP041981', 'EP051995']",hurricane,pacific,25,36,True,
EP041981__EP061982,"['EP041981', 'EP061982']",hurricane,pacific,25,32,True,
EP041981__EP061992,"['EP041981', 'EP061992']",hurricane,pacific,25,34,True,
EP041981__EP071971,"['EP041981', 'EP071971']",hurricane,pacific,25,29,True,
EP041981__EP081967,"['EP041981', 'EP081967']",hurricane,pacific,25,25,True,
EP041981__EP081981,"['EP041981', 'EP081981']",hurricane,pacific,25,29,True,
EP041981__EP091972,"['EP041981', 'EP091972']",hurricane,pacific,25,33,True,
EP041981__EP101983,"['EP041981', 'EP101983']",hurricane,pacific,25,31,True,
EP041981__EP111985,"['EP041981', 'EP111985']",hurricane,pacific,25,36,True,
EP041981__EP131986,"['EP041981', 'EP131986']",hurricane,pacific,25,28,True,
EP041981__EP141991,"['EP041981', 'EP141991']",hurricane,pacific,25,42,True,
EP041981__EP141997,"['EP041981', 'EP141997']",hurricane,pacific,25,34,True,
EP041981__EP151989,"['EP041981', 'EP151989']",hurricane,pacific,25,40,True,
EP041981__EP211992,"['EP041981', 'EP211992']",hurricane,pacific,25,40,False,previously tested unordered pair
EP041981__EP212015,"['EP041981', 'EP212015']",hurricane,pacific,25,33,True,
EP041983__EP011985,"['EP041983', 'EP011985']",hurricane,pacific,26,27,True,
EP041983__EP061982,"['EP041983', 'EP061982']",hurricane,pacific,26,32,True,
EP041983__EP071971,"['EP041983', 'EP071971']",hurricane,pacific,26,29,True,
EP041983__EP071978,"['EP041983', 'EP071978']",hurricane,pacific,26,29,True,
EP041983__EP091971,"['EP041983', 'EP091971']",hurricane,pacific,26,35,True,
EP041983__EP091972,"['EP041983', 'EP091972']",hurricane,pacific,26,33,True,
EP041983__EP111975,"['EP041983', 'EP111975']",hurricane,pacific,26,37,True,
EP041983__EP112004,"['EP041983', 'EP112004']",hurricane,pacific,26,44,True,
EP041983__EP121968,"['EP041983', 'EP121968']",hurricane,pacific,26,37,True,
EP041983__EP131986,"['EP041983', 'EP131986']",hurricane,pacific,26,28,True,
EP041983__EP131987,"['EP041983', 'EP131987']",hurricane,pacific,26,29,True,
EP041983__EP141997,"['EP041983', 'EP141997']",hurricane,pacific,26,34,True,
EP041983__EP151967,"['EP041983', 'EP151967']",hurricane,pacific,26,27,True,
EP041983__EP151989,"['EP041983', 'EP151989']",hurricane,pacific,26,40,True,
EP041983__EP191982,"['EP041983', 'EP191982']",hurricane,pacific,26,27,True,
EP041983__EP231990,"['EP041983', 'EP231990']",hurricane,pacific,26,67,True,
EP041984__EP061997,"['EP041984', 'EP061997']",hurricane,pacific,48,30,True,
EP041984__EP111978,"['EP041984', 'EP111978']",hurricane,pacific,48,38,True,
EP041985__EP041966,"['EP041985', 'EP041966']",hurricane,pacific,39,38,True,
EP041985__EP061981,"['EP041985', 'EP061981']",hurricane,pacific,39,27,True,
EP041988__EP051979,"['EP041988', 'EP051979']",hurricane,pacific,30,29,True,
EP041988__EP052009,"['EP041988', 'EP052009']",hurricane,pacific,30,25,True,
EP041988__EP091965,"['EP041988', 'EP091965']",hurricane,pacific,30,37,True,
EP041988__EP162009,"['EP041988', 'EP162009']",hurricane,pacific,30,30,True,
EP041991__EP012001,"['EP041991', 'EP012001']",hurricane,pacific,26,29,True,
EP041991__EP012002,"['EP041991', 'EP012002']",hurricane,pacific,26,31,True,
EP041991__EP042013,"['EP041991', 'EP042013']",hurricane,pacific,26,40,True,
EP041991__EP111988,"['EP041991', 'EP111988']",hurricane,pacific,26,34,True,
EP041992__EP181985,"['EP041992', 'EP181985']",hurricane,pacific,50,46,True,
EP041994__EP082009,"['EP041994', 'EP082009']",hurricane,pacific,26,33,True,
EP041994__EP091974,"['EP041994', 'EP091974']",hurricane,pacific,26,42,True,
EP041994__EP101987,"['EP041994', 'EP101987']",hurricane,pacific,26,34,True,
EP041994__EP112005,"['EP041994', 'EP112005']",hurricane,pacific,26,65,True,
EP042002__EP031984,"['EP042002', 'EP031984']",hurricane,pacific,30,36,True,
EP042002__EP081995,"['EP042002', 'EP081995']",hurricane,pacific,30,28,True,
EP042002__EP231990,"['EP042002', 'EP231990']",hurricane,pacific,30,67,True,
EP042004__EP051979,"['EP042004', 'EP051979']",hurricane,pacific,30,29,True,
EP042004__EP081965,"['EP042004', 'EP081965']",hurricane,pacific,30,31,True,
EP042004__EP091965,"['EP042004', 'EP091965']",hurricane,pacific,30,37,True,
EP042004__EP141990,"['EP042004', 'EP141990']",hurricane,pacific,30,35,True,
EP042006__EP021969,"['EP042006', 'EP021969']",hurricane,pacific,33,33,True,
EP042006__EP021999,"['EP042006', 'EP021999']",hurricane,pacific,33,32,True,
EP042006__EP031975,"['EP042006', 'EP031975']",hurricane,pacific,33,35,True,
EP042006__EP031978,"['EP042006', 'EP031978']",hurricane,pacific,33,35,True,
EP042006__EP031988,"['EP042006', 'EP031988']",hurricane,pacific,33,28,True,
EP042006__EP031994,"['EP042006', 'EP031994']",hurricane,pacific,33,29,True,
EP042006__EP051990,"['EP042006', 'EP051990']",hurricane,pacific,33,26,True,
EP042006__EP061982,"['EP042006', 'EP061982']",hurricane,pacific,33,32,True,
EP042006__EP071971,"['EP042006', 'EP071971']",hurricane,pacific,33,29,True,
EP042006__EP071978,"['EP042006', 'EP071978']",hurricane,pacific,33,29,True,
EP042006__EP081978,"['EP042006', 'EP081978']",hurricane,pacific,33,32,True,
EP042006__EP092012,"['EP042006', 'EP092012']",hurricane,pacific,33,47,True,
EP042006__EP101975,"['EP042006', 'EP101975']",hurricane,pacific,33,31,True,
EP042006__EP101985,"['EP042006', 'EP101985']",hurricane,pacific,33,37,True,
EP042006__EP111975,"['EP042006', 'EP111975']",hurricane,pacific,33,37,True,
EP042006__EP111985,"['EP042006', 'EP111985']",hurricane,pacific,33,36,True,
EP042006__EP121991,"['EP042006', 'EP121991']",hurricane,pacific,33,46,True,
EP042006__EP131986,"['EP042006', 'EP131986']",hurricane,pacific,33,28,True,
EP042006__EP151989,"['EP042006', 'EP151989']",hurricane,pacific,33,40,True,
EP042006__EP191968,"['EP042006', 'EP191968']",hurricane,pacific,33,33,True,
EP042006__EP191982,"['EP042006', 'EP191982']",hurricane,pacific,33,27,True,
EP042011__EP112001,"['EP042011', 'EP112001']",hurricane,pacific,33,48,True,
EP042011__EP151971,"['EP042011', 'EP151971']",hurricane,pacific,33,45,True,
EP042012__EP111992,"['EP042012', 'EP111992']",hurricane,pacific,41,50,True,
EP042013__EP031974,"['EP042013', 'EP031974']",hurricane,pacific,40,61,True,
EP042014__EP032004,"['EP042014', 'EP032004']",hurricane,pacific,42,28,True,
EP042014__EP062006,"['EP042014', 'EP062006']",hurricane,pacific,42,41,True,
EP042014__EP091995,"['EP042014', 'EP091995']",hurricane,pacific,42,29,True,
EP042014__EP151985,"['EP042014', 'EP151985']",hurricane,pacific,42,38,True,
EP042014__EP152015,"['EP042014', 'EP152015']",hurricane,pacific,42,40,True,
EP051951__EP011973,"['EP051951', 'EP011973']",hurricane,pacific,29,43,True,
EP051951__EP031998,"['EP051951', 'EP031998']",hurricane,pacific,29,36,True,
EP051951__EP041965,"['EP051951', 'EP041965']",hurricane,pacific,29,31,True,
EP051951__EP041992,"['EP051951', 'EP041992']",hurricane,pacific,29,50,True,
EP051951__EP091971,"['EP051951', 'EP091971']",hurricane,pacific,29,35,True,
EP051951__EP091975,"['EP051951', 'EP091975']",hurricane,pacific,29,35,True,
EP051951__EP091998,"['EP051951', 'EP091998']",hurricane,pacific,29,40,True,
EP051951__EP092011,"['EP051951', 'EP092011']",hurricane,pacific,29,50,True,
EP051951__EP151991,"['EP051951', 'EP151991']",hurricane,pacific,29,45,True,
EP051951__EP161970,"['EP051951', 'EP161970']",hurricane,pacific,29,31,True,
EP051951__EP181982,"['EP051951', 'EP181982']",hurricane,pacific,29,40,True,
EP051952__EP032004,"['EP051952', 'EP032004']",hurricane,pacific,29,28,True,
EP051952__EP042014,"['EP051952', 'EP042014']",hurricane,pacific,29,42,True,
EP051952__EP092002,"['EP051952', 'EP092002']",hurricane,pacific,29,26,True,
EP051966__EP032009,"['EP051966', 'EP032009']",hurricane,pacific,25,25,True,
EP051966__EP051952,"['EP051966', 'EP051952']",hurricane,pacific,25,29,True,
EP051966__EP092002,"['EP051966', 'EP092002']",hurricane,pacific,25,26,True,
EP051966__EP162009,"['EP051966', 'EP162009']",hurricane,pacific,25,30,True,
EP051966__EP171990,"['EP051966', 'EP171990']",hurricane,pacific,25,39,True,
EP051966__EP211992,"['EP051966', 'EP211992']",hurricane,pacific,25,40,True,
EP051968__EP041978,"['EP051968', 'EP041978']",hurricane,pacific,33,29,True,
EP051968__EP052011,"['EP051968', 'EP052011']",hurricane,pacific,33,44,True,
EP051968__EP161974,"['EP051968', 'EP161974']",hurricane,pacific,33,43,True,
EP051972__EP061992,"['EP051972', 'EP061992']",hurricane,pacific,31,34,True,
EP051972__EP101968,"['EP051972', 'EP101968']",hurricane,pacific,31,29,True,
EP051972__EP171990,"['EP051972', 'EP171990']",hurricane,pacific,31,39,True,
EP051973__EP041975,"['EP051973', 'EP041975']",hurricane,pacific,27,41,True,
EP051973__EP042002,"['EP051973', 'EP042002']",hurricane,pacific,27,30,True,
EP051973__EP081995,"['EP051973', 'EP081995']",hurricane,pacific,27,28,True,
EP051973__EP091971,"['EP051973', 'EP091971']",hurricane,pacific,27,35,True,
EP051973__EP092011,"['EP051973', 'EP092011']",hurricane,pacific,27,50,True,
EP051973__EP101990,"['EP051973', 'EP101990']",hurricane,pacific,27,38,True,
EP051973__EP131987,"['EP051973', 'EP131987']",hurricane,pacific,27,29,True,
EP051973__EP151991,"['EP051973', 'EP151991']",hurricane,pacific,27,45,True,
EP051973__EP152001,"['EP051973', 'EP152001']",hurricane,pacific,27,31,True,
EP051973__EP231990,"['EP051973', 'EP231990']",hurricane,pacific,27,67,True,
EP051979__EP011980,"['EP051979', 'EP011980']",hurricane,pacific,29,28,True,
EP051979__EP091965,"['EP051979', 'EP091965']",hurricane,pacific,29,37,True,
EP051979__EP141990,"['EP051979', 'EP141990']",hurricane,pacific,29,35,True,
EP051979__EP171990,"['EP051979', 'EP171990']",hurricane,pacific,29,39,True,
EP051984__EP241990,"['EP051984', 'EP241990']",hurricane,pacific,44,41,True,
EP051986__EP092014,"['EP051986', 'EP092014']",hurricane,pacific,40,45,True,
EP051988__EP012007,"['EP051988', 'EP012007']",hurricane,pacific,25,43,True,
EP051988__EP031990,"['EP051988', 'EP031990']",hurricane,pacific,25,32,True,
EP051988__EP032010,"['EP051988', 'EP032010']",hurricane,pacific,25,32,True,
EP051988__EP102008,"['EP051988', 'EP102008']",hurricane,pacific,25,41,True,
EP051990__EP021969,"['EP051990', 'EP021969']",hurricane,pacific,26,33,True,
EP051990__EP031994,"['EP051990', 'EP031994']",hurricane,pacific,26,29,True,
EP051990__EP041983,"['EP051990', 'EP041983']",hurricane,pacific,26,26,True,
EP051990__EP061982,"['EP051990', 'EP061982']",hurricane,pacific,26,32,True,
EP051990__EP071971,"['EP051990', 'EP071971']",hurricane,pacific,26,29,True,
EP051990__EP071978,"['EP051990', 'EP071978']",hurricane,pacific,26,29,True,
EP051990__EP081967,"['EP051990', 'EP081967']",hurricane,pacific,26,25,True,
EP051990__EP081978,"['EP051990', 'EP081978']",hurricane,pacific,26,32,True,
EP051990__EP091972,"['EP051990', 'EP091972']",hurricane,pacific,26,33,True,
EP051990__EP091995,"['EP051990', 'EP091995']",hurricane,pacific,26,29,True,
EP051990__EP101980,"['EP051990', 'EP101980']",hurricane,pacific,26,26,True,
EP051990__EP101985,"['EP051990', 'EP101985']",hurricane,pacific,26,37,True,
EP051990__EP111975,"['EP051990', 'EP111975']",hurricane,pacific,26,37,True,
EP051990__EP112004,"['EP051990', 'EP112004']",hurricane,pacific,26,44,True,
EP051990__EP121968,"['EP051990', 'EP121968']",hurricane,pacific,26,37,True,
EP051990__EP131986,"['EP051990', 'EP131986']",hurricane,pacific,26,28,True,
EP051990__EP141997,"['EP051990', 'EP141997']",hurricane,pacific,26,34,True,
EP051990__EP151989,"['EP051990', 'EP151989']",hurricane,pacific,26,40,True,
EP051992__EP051960,"['EP051992', 'EP051960']",hurricane,pacific,31,47,True,
EP051992__EP052015,"['EP051992', 'EP052015']",hurricane,pacific,31,45,True,
EP051992__EP062002,"['EP051992', 'EP062002']",hurricane,pacific,31,35,True,
EP051992__EP081990,"['EP051992', 'EP081990']",hurricane,pacific,31,35,True,
EP051992__EP091984,"['EP051992', 'EP091984']",hurricane,pacific,31,36,True,
EP051992__EP191985,"['EP051992', 'EP191985']",hurricane,pacific,31,37,True,
EP051995__EP031990,"['EP051995', 'EP031990']",hurricane,pacific,36,32,True,
EP051995__EP061992,"['EP051995', 'EP061992']",hurricane,pacific,36,34,True,
EP051995__EP081998,"['EP051995', 'EP081998']",hurricane,pacific,36,26,True,
EP051995__EP092000,"['EP051995', 'EP092000']",hurricane,pacific,36,25,True,
EP051995__EP092002,"['EP051995', 'EP092002']",hurricane,pacific,36,26,True,
EP051995__EP101983,"['EP051995', 'EP101983']",hurricane,pacific,36,31,True,
EP051995__EP141991,"['EP051995', 'EP141991']",hurricane,pacific,36,42,True,
EP051995__EP141997,"['EP051995', 'EP141997']",hurricane,pacific,36,34,True,
EP051995__EP152007,"['EP051995', 'EP152007']",hurricane,pacific,36,50,True,
EP051995__EP171994,"['EP051995', 'EP171994']",hurricane,pacific,36,31,True,
EP051995__EP211992,"['EP051995', 'EP211992']",hurricane,pacific,36,40,True,
EP051995__EP212015,"['EP051995', 'EP212015']",hurricane,pacific,36,33,True,
EP051998__EP102005,"['EP051998', 'EP102005']",hurricane,pacific,37,53,True,
EP051998__EP111978,"['EP051998', 'EP111978']",hurricane,pacific,37,38,True,
EP052001__EP021983,"['EP052001', 'EP021983']",hurricane,pacific,31,38,True,
EP052001__EP032000,"['EP052001', 'EP032000']",hurricane,pacific,31,27,True,
EP052001__EP032005,"['EP052001', 'EP032005']",hurricane,pacific,31,30,True,
EP052001__EP041975,"['EP052001', 'EP041975']",hurricane,pacific,31,41,True,
EP052001__EP051973,"['EP052001', 'EP051973']",hurricane,pacific,31,27,True,
EP052001__EP081987,"['EP052001', 'EP081987']",hurricane,pacific,31,35,True,
EP052001__EP101990,"['EP052001', 'EP101990']",hurricane,pacific,31,38,True,
EP052001__EP111993,"['EP052001', 'EP111993']",hurricane,pacific,31,32,True,
EP052001__EP141971,"['EP052001', 'EP141971']",hurricane,pacific,31,27,True,
EP052002__EP031971,"['EP052002', 'EP031971']",hurricane,pacific,27,27,True,
EP052002__EP031978,"['EP052002', 'EP031978']",hurricane,pacific,27,35,True,
EP052002__EP032013,"['EP052002', 'EP032013']",hurricane,pacific,27,30,True,
EP052002__EP041966,"['EP052002', 'EP041966']",hurricane,pacific,27,38,True,
EP052002__EP061968,"['EP052002', 'EP061968']",hurricane,pacific,27,41,True,
EP052002__EP061981,"['EP052002', 'EP061981']",hurricane,pacific,27,27,True,
EP052002__EP081993,"['EP052002', 'EP081993']",hurricane,pacific,27,56,True,
EP052002__EP121993,"['EP052002', 'EP121993']",hurricane,pacific,27,50,True,
EP052006__EP041984,"['EP052006', 'EP041984']",hurricane,pacific,48,48,True,
EP052006__EP071991,"['EP052006', 'EP071991']",hurricane,pacific,48,40,True,
EP052006__EP081997,"['EP052006', 'EP081997']",hurricane,pacific,48,33,True,
EP052006__EP092008,"['EP052006', 'EP092008']",hurricane,pacific,48,41,True,
EP052009__EP051972,"['EP052009', 'EP051972']",hurricane,pacific,25,31,True,
EP052011__EP121970,"['EP052011', 'EP121970']",hurricane,pacific,44,47,True,
EP052011__EP121989,"['EP052011', 'EP121989']",hurricane,pacific,44,45,True,
EP052011__EP181985,"['EP052011', 'EP181985']",hurricane,pacific,44,46,True,
EP052012__EP041971,"['EP052012', 'EP041971']",hurricane,pacific,44,47,True,
EP052012__EP081992,"['EP052012', 'EP081992']",hurricane,pacific,44,48,True,
EP061968__EP061981,"['EP061968', 'EP061981']",hurricane,pacific,41,27,True,
EP061968__EP171985,"['EP061968', 'EP171985']",hurricane,pacific,41,45,True,
EP061970__EP031990,"['EP061970', 'EP031990']",hurricane,pacific,29,32,True,
EP061970__EP061995,"['EP061970', 'EP061995']",hurricane,pacific,29,26,True,
EP061970__EP072012,"['EP061970', 'EP072012']",hurricane,pacific,29,33,True,
EP061970__EP101996,"['EP061970', 'EP101996']",hurricane,pacific,29,46,True,
EP061970__EP122003,"['EP061970', 'EP122003']",hurricane,pacific,29,38,True,
EP061970__EP142005,"['EP061970', 'EP142005']",hurricane,pacific,29,33,True,
EP061972__EP071976,"['EP061972', 'EP071976']",hurricane,pacific,49,54,True,
EP061972__EP111980,"['EP061972', 'EP111980']",hurricane,pacific,49,55,True,
EP061972__EP132015,"['EP061972', 'EP132015']",hurricane,pacific,49,63,True,
EP061981__EP041966,"['EP061981', 'EP041966']",hurricane,pacific,27,38,True,
EP061981__EP081976,"['EP061981', 'EP081976']",hurricane,pacific,27,31,True,
EP061982__EP092012,"['EP061982', 'EP092012']",hurricane,pacific,32,47,True,
EP061982__EP112004,"['EP061982', 'EP112004']",hurricane,pacific,32,44,True,
EP061982__EP131986,"['EP061982', 'EP131986']",hurricane,pacific,32,28,True,
EP061982__EP212015,"['EP061982', 'EP212015']",hurricane,pacific,32,33,True,
EP061984__EP031949,"['EP061984', 'EP031949']",hurricane,pacific,27,25,True,
EP061984__EP032014,"['EP061984', 'EP032014']",hurricane,pacific,27,41,True,
EP061984__EP072007,"['EP061984', 'EP072007']",hurricane,pacific,27,34,True,
EP061984__EP081996,"['EP061984', 'EP081996']",hurricane,pacific,27,29,True,
EP061984__EP082012,"['EP061984', 'EP082012']",hurricane,pacific,27,35,True,
EP061984__EP111995,"['EP061984', 'EP111995']",hurricane,pacific,27,41,True,
EP061984__EP112012,"['EP061984', 'EP112012']",hurricane,pacific,27,33,True,
EP061984__EP142014,"['EP061984', 'EP142014']",hurricane,pacific,27,35,True,
EP061984__EP182014,"['EP061984', 'EP182014']",hurricane,pacific,27,36,True,
EP061986__EP131991,"['EP061986', 'EP131991']",hurricane,pacific,38,70,False,previously tested unordered pair
EP061987__EP091985,"['EP061987', 'EP091985']",hurricane,pacific,30,25,True,
EP061987__EP102015,"['EP061987', 'EP102015']",hurricane,pacific,30,36,True,
EP061988__EP111982,"['EP061988', 'EP111982']",hurricane,pacific,49,34,True,
EP061989__EP071976,"['EP061989', 'EP071976']",hurricane,pacific,42,54,True,
EP061992__EP101968,"['EP061992', 'EP101968']",hurricane,pacific,34,29,True,
EP061992__EP171990,"['EP061992', 'EP171990']",hurricane,pacific,34,39,True,
EP061993__EP061989,"['EP061993', 'EP061989']",hurricane,pacific,38,42,True,
EP061995__EP112003,"['EP061995', 'EP112003']",hurricane,pacific,26,28,True,
EP061995__EP142005,"['EP061995', 'EP142005']",hurricane,pacific,26,33,True,
EP061997__EP081971,"['EP061997', 'EP081971']",hurricane,pacific,30,49,True,
EP061997__EP092006,"['EP061997', 'EP092006']",hurricane,pacific,30,35,True,
EP061997__EP111978,"['EP061997', 'EP111978']",hurricane,pacific,30,38,True,
EP061997__EP171985,"['EP061997', 'EP171985']",hurricane,pacific,30,45,True,
EP062003__EP031995,"['EP062003', 'EP031995']",hurricane,pacific,28,42,True,
EP062003__EP041976,"['EP062003', 'EP041976']",hurricane,pacific,28,30,True,
EP062003__EP261992,"['EP062003', 'EP261992']",hurricane,pacific,28,28,True,
EP062005__EP122004,"['EP062005', 'EP122004']",hurricane,pacific,33,52,True,
EP062005__EP141990,"['EP062005', 'EP141990']",hurricane,pacific,33,35,True,
EP062006__EP142000,"['EP062006', 'EP142000']",hurricane,pacific,41,37,True,
EP062006__EP152015,"['EP062006', 'EP152015']",hurricane,pacific,41,40,True,
EP062008__EP052011,"['EP062008', 'EP052011']",hurricane,pacific,41,44,True,
EP062008__EP081988,"['EP062008', 'EP081988']",hurricane,pacific,41,41,True,
EP062008__EP121970,"['EP062008', 'EP121970']",hurricane,pacific,41,47,True,
EP062011__EP091974,"['EP062011', 'EP091974']",hurricane,pacific,29,42,True,
EP062011__EP182015,"['EP062011', 'EP182015']",hurricane,pacific,29,27,True,
EP062012__EP022015,"['EP062012', 'EP022015']",hurricane,pacific,40,38,True,
EP062012__EP132009,"['EP062012', 'EP132009']",hurricane,pacific,40,39,True,
EP071954__EP211992,"['EP071954', 'EP211992']",hurricane,pacific,25,40,True,
EP071965__EP132003,"['EP071965', 'EP132003']",hurricane,pacific,31,31,True,
EP071971__EP091995,"['EP071971', 'EP091995']",hurricane,pacific,29,29,True,
EP071971__EP112004,"['EP071971', 'EP112004']",hurricane,pacific,29,44,True,
EP071971__EP131986,"['EP071971', 'EP131986']",hurricane,pacific,29,28,True,
EP071971__EP151985,"['EP071971', 'EP151985']",hurricane,pacific,29,38,True,
EP071971__EP211992,"['EP071971', 'EP211992']",hurricane,pacific,29,40,True,
EP071972__EP041963,"['EP071972', 'EP041963']",hurricane,pacific,37,39,True,
EP071972__EP052015,"['EP071972', 'EP052015']",hurricane,pacific,37,45,True,
EP071972__EP062012,"['EP071972', 'EP062012']",hurricane,pacific,37,40,True,
EP071972__EP101990,"['EP071972', 'EP101990']",hurricane,pacific,37,38,True,
EP071972__EP181989,"['EP071972', 'EP181989']",hurricane,pacific,37,33,True,
EP071973__EP031984,"['EP071973', 'EP031984']",hurricane,pacific,25,36,True,
EP071973__EP032005,"['EP071973', 'EP032005']",hurricane,pacific,25,30,True,
EP071973__EP041965,"['EP071973', 'EP041965']",hurricane,pacific,25,31,True,
EP071973__EP041983,"['EP071973', 'EP041983']",hurricane,pacific,25,26,True,
EP071973__EP042002,"['EP071973', 'EP042002']",hurricane,pacific,25,30,True,
EP071973__EP051973,"['EP071973', 'EP051973']",hurricane,pacific,25,27,True,
EP071973__EP071978,"['EP071973', 'EP071978']",hurricane,pacific,25,29,True,
EP071973__EP072007,"['EP071973', 'EP072007']",hurricane,pacific,25,34,True,
EP071973__EP091971,"['EP071973', 'EP091971']",hurricane,pacific,25,35,True,
EP071973__EP102002,"['EP071973', 'EP102002']",hurricane,pacific,25,31,True,
EP071973__EP111975,"['EP071973', 'EP111975']",hurricane,pacific,25,37,True,
EP071973__EP112004,"['EP071973', 'EP112004']",hurricane,pacific,25,44,True,
EP071973__EP121968,"['EP071973', 'EP121968']",hurricane,pacific,25,37,True,
EP071973__EP131987,"['EP071973', 'EP131987']",hurricane,pacific,25,29,True,
EP071973__EP141997,"['EP071973', 'EP141997']",hurricane,pacific,25,34,True,
EP071973__EP151967,"['EP071973', 'EP151967']",hurricane,pacific,25,27,True,
EP071973__EP152001,"['EP071973', 'EP152001']",hurricane,pacific,25,31,True,
EP071973__EP171987,"['EP071973', 'EP171987']",hurricane,pacific,25,27,True,
EP071973__EP231990,"['EP071973', 'EP231990']",hurricane,pacific,25,67,True,
EP071978__EP061982,"['EP071978', 'EP061982']",hurricane,pacific,29,32,True,
EP071978__EP071990,"['EP071978', 'EP071990']",hurricane,pacific,29,28,True,
EP071978__EP072008,"['EP071978', 'EP072008']",hurricane,pacific,29,33,True,
EP071978__EP082005,"['EP071978', 'EP082005']",hurricane,pacific,29,34,True,
EP071978__EP091971,"['EP071978', 'EP091971']",hurricane,pacific,29,35,True,
EP071978__EP091972,"['EP071978', 'EP091972']",hurricane,pacific,29,33,True,
EP071978__EP091976,"['EP071978', 'EP091976']",hurricane,pacific,29,37,True,
EP071978__EP092011,"['EP071978', 'EP092011']",hurricane,pacific,29,50,True,
EP071978__EP102002,"['EP071978', 'EP102002']",hurricane,pacific,29,31,True,
EP071978__EP111975,"['EP071978', 'EP111975']",hurricane,pacific,29,37,True,
EP071978__EP112004,"['EP071978', 'EP112004']",hurricane,pacific,29,44,True,
EP071978__EP121968,"['EP071978', 'EP121968']",hurricane,pacific,29,37,True,
EP071978__EP121991,"['EP071978', 'EP121991']",hurricane,pacific,29,46,True,
EP071978__EP131986,"['EP071978', 'EP131986']",hurricane,pacific,29,28,True,
EP071978__EP131987,"['EP071978', 'EP131987']",hurricane,pacific,29,29,True,
EP071978__EP151967,"['EP071978', 'EP151967']",hurricane,pacific,29,27,True,
EP071978__EP151991,"['EP071978', 'EP151991']",hurricane,pacific,29,45,True,
EP071978__EP191982,"['EP071978', 'EP191982']",hurricane,pacific,29,27,True,
EP071978__EP231990,"['EP071978', 'EP231990']",hurricane,pacific,29,67,True,
EP071981__EP201992,"['EP071981', 'EP201992']",hurricane,pacific,38,69,True,
EP071982__EP061988,"['EP071982', 'EP061988']",hurricane,pacific,28,49,True,
EP071984__EP011958,"['EP071984', 'EP011958']",hurricane,pacific,30,41,True,
EP071984__EP132009,"['EP071984', 'EP132009']",hurricane,pacific,30,39,True,
EP071984__EP212014,"['EP071984', 'EP212014']",hurricane,pacific,30,27,True,
EP071987__EP031984,"['EP071987', 'EP031984']",hurricane,pacific,28,36,True,
EP071987__EP032005,"['EP071987', 'EP032005']",hurricane,pacific,28,30,True,
EP071987__EP041983,"['EP071987', 'EP041983']",hurricane,pacific,28,26,True,
EP071987__EP042002,"['EP071987', 'EP042002']",hurricane,pacific,28,30,True,
EP071987__EP051973,"['EP071987', 'EP051973']",hurricane,pacific,28,27,True,
EP071987__EP071973,"['EP071987', 'EP071973']",hurricane,pacific,28,25,True,
EP071987__EP071978,"['EP071987', 'EP071978']",hurricane,pacific,28,29,True,
EP071987__EP071990,"['EP071987', 'EP071990']",hurricane,pacific,28,28,True,
EP071987__EP072007,"['EP071987', 'EP072007']",hurricane,pacific,28,34,True,
EP071987__EP081995,"['EP071987', 'EP081995']",hurricane,pacific,28,28,True,
EP071987__EP091971,"['EP071987', 'EP091971']",hurricane,pacific,28,35,True,
EP071987__EP101980,"['EP071987', 'EP101980']",hurricane,pacific,28,26,True,
EP071987__EP102002,"['EP071987', 'EP102002']",hurricane,pacific,28,31,True,
EP071987__EP112004,"['EP071987', 'EP112004']",hurricane,pacific,28,44,True,
EP071987__EP121968,"['EP071987', 'EP121968']",hurricane,pacific,28,37,True,
EP071987__EP131987,"['EP071987', 'EP131987']",hurricane,pacific,28,29,True,
EP071987__EP141997,"['EP071987', 'EP141997']",hurricane,pacific,28,34,True,
EP071987__EP151967,"['EP071987', 'EP151967']",hurricane,pacific,28,27,True,
EP071987__EP152001,"['EP071987', 'EP152001']",hurricane,pacific,28,31,True,
EP071987__EP171987,"['EP071987', 'EP171987']",hurricane,pacific,28,27,True,
EP071987__EP231990,"['EP071987', 'EP231990']",hurricane,pacific,28,67,True,
EP071990__EP021981,"['EP071990', 'EP021981']",hurricane,pacific,28,25,True,
EP071990__EP032004,"['EP071990', 'EP032004']",hurricane,pacific,28,28,True,
EP071990__EP042014,"['EP071990', 'EP042014']",hurricane,pacific,28,42,True,
EP071990__EP072007,"['EP071990', 'EP072007']",hurricane,pacific,28,34,True,
EP071990__EP081980,"['EP071990', 'EP081980']",hurricane,pacific,28,30,True,
EP071990__EP091971,"['EP071990', 'EP091971']",hurricane,pacific,28,35,True,
EP071990__EP091995,"['EP071990', 'EP091995']",hurricane,pacific,28,29,True,
EP071990__EP092000,"['EP071990', 'EP092000']",hurricane,pacific,28,25,True,
EP071990__EP121968,"['EP071990', 'EP121968']",hurricane,pacific,28,37,True,
EP071990__EP131987,"['EP071990', 'EP131987']",hurricane,pacific,28,29,True,
EP071990__EP151985,"['EP071990', 'EP151985']",hurricane,pacific,28,38,True,
EP071990__EP152015,"['EP071990', 'EP152015']",hurricane,pacific,28,40,True,
EP071992__EP061968,"['EP071992', 'EP061968']",hurricane,pacific,42,41,True,
EP071992__EP061997,"['EP071992', 'EP061997']",hurricane,pacific,42,30,True,
EP071992__EP161985,"['EP071992', 'EP161985']",hurricane,pacific,42,53,True,
EP071992__EP171985,"['EP071992', 'EP171985']",hurricane,pacific,42,45,True,
EP071994__EP062007,"['EP071994', 'EP062007']",hurricane,pacific,40,42,True,
EP071995__EP031949,"['EP071995', 'EP031949']",hurricane,pacific,27,25,True,
EP071995__EP031984,"['EP071995', 'EP031984']",hurricane,pacific,27,36,True,
EP071995__EP032014,"['EP071995', 'EP032014']",hurricane,pacific,27,41,True,
EP071995__EP061984,"['EP071995', 'EP061984']",hurricane,pacific,27,27,True,
EP071995__EP072007,"['EP071995', 'EP072007']",hurricane,pacific,27,34,True,
EP071995__EP082012,"['EP071995', 'EP082012']",hurricane,pacific,27,35,True,
EP071995__EP092013,"['EP071995', 'EP092013']",hurricane,pacific,27,31,True,
EP071995__EP111995,"['EP071995', 'EP111995']",hurricane,pacific,27,41,True,
EP071995__EP112012,"['EP071995', 'EP112012']",hurricane,pacific,27,33,True,
EP071995__EP142014,"['EP071995', 'EP142014']",hurricane,pacific,27,35,True,
EP071995__EP182014,"['EP071995', 'EP182014']",hurricane,pacific,27,36,True,
EP071996__EP041992,"['EP071996', 'EP041992']",hurricane,pacific,33,50,True,
EP072001__EP031949,"['EP072001', 'EP031949']",hurricane,pacific,28,25,True,
EP072001__EP082012,"['EP072001', 'EP082012']",hurricane,pacific,28,35,True,
EP072001__EP112003,"['EP072001', 'EP112003']",hurricane,pacific,28,28,True,
EP072001__EP142014,"['EP072001', 'EP142014']",hurricane,pacific,28,35,True,
EP072004__EP182015,"['EP072004', 'EP182015']",hurricane,pacific,27,27,True,
EP072007__EP031984,"['EP072007', 'EP031984']",hurricane,pacific,34,36,True,
EP072007__EP042002,"['EP072007', 'EP042002']",hurricane,pacific,34,30,True,
EP072007__EP072012,"['EP072007', 'EP072012']",hurricane,pacific,34,33,True,
EP072007__EP101983,"['EP072007', 'EP101983']",hurricane,pacific,34,31,True,
EP072007__EP152015,"['EP072007', 'EP152015']",hurricane,pacific,34,40,True,
EP072007__EP171994,"['EP072007', 'EP171994']",hurricane,pacific,34,31,True,
EP072008__EP051973,"['EP072008', 'EP051973']",hurricane,pacific,33,27,True,
EP072008__EP091971,"['EP072008', 'EP091971']",hurricane,pacific,33,35,True,
EP072008__EP091976,"['EP072008', 'EP091976']",hurricane,pacific,33,37,True,
EP072008__EP092011,"['EP072008', 'EP092011']",hurricane,pacific,33,50,True,
EP072008__EP101990,"['EP072008', 'EP101990']",hurricane,pacific,33,38,True,
EP072008__EP151991,"['EP072008', 'EP151991']",hurricane,pacific,33,45,True,
EP072010__EP011976,"['EP072010', 'EP011976']",hurricane,pacific,26,44,True,
EP072010__EP092010,"['EP072010', 'EP092010']",hurricane,pacific,26,30,True,
EP072010__EP111988,"['EP072010', 'EP111988']",hurricane,pacific,26,34,True,
EP072011__EP011985,"['EP072011', 'EP011985']",hurricane,pacific,26,27,True,
EP072011__EP031968,"['EP072011', 'EP031968']",hurricane,pacific,26,27,True,
EP072011__EP031984,"['EP072011', 'EP031984']",hurricane,pacific,26,36,True,
EP072011__EP041965,"['EP072011', 'EP041965']",hurricane,pacific,26,31,True,
EP072011__EP041983,"['EP072011', 'EP041983']",hurricane,pacific,26,26,True,
EP072011__EP042002,"['EP072011', 'EP042002']",hurricane,pacific,26,30,True,
EP072011__EP051973,"['EP072011', 'EP051973']",hurricane,pacific,26,27,True,
EP072011__EP051990,"['EP072011', 'EP051990']",hurricane,pacific,26,26,True,
EP072011__EP071973,"['EP072011', 'EP071973']",hurricane,pacific,26,25,True,
EP072011__EP071978,"['EP072011', 'EP071978']",hurricane,pacific,26,29,True,
EP072011__EP071987,"['EP072011', 'EP071987']",hurricane,pacific,26,28,True,
EP072011__EP091971,"['EP072011', 'EP091971']",hurricane,pacific,26,35,True,
EP072011__EP091972,"['EP072011', 'EP091972']",hurricane,pacific,26,33,True,
EP072011__EP091975,"['EP072011', 'EP091975']",hurricane,pacific,26,35,True,
EP072011__EP091988,"['EP072011', 'EP091988']",hurricane,pacific,26,36,True,
EP072011__EP092011,"['EP072011', 'EP092011']",hurricane,pacific,26,50,True,
EP072011__EP101975,"['EP072011', 'EP101975']",hurricane,pacific,26,31,True,
EP072011__EP111975,"['EP072011', 'EP111975']",hurricane,pacific,26,37,True,
EP072011__EP121968,"['EP072011', 'EP121968']",hurricane,pacific,26,37,True,
EP072011__EP131987,"['EP072011', 'EP131987']",hurricane,pacific,26,29,True,
EP072011__EP151967,"['EP072011', 'EP151967']",hurricane,pacific,26,27,True,
EP072011__EP151991,"['EP072011', 'EP151991']",hurricane,pacific,26,45,True,
EP072011__EP161970,"['EP072011', 'EP161970']",hurricane,pacific,26,31,True,
EP072011__EP231990,"['EP072011', 'EP231990']",hurricane,pacific,26,67,True,
EP072012__EP012015,"['EP072012', 'EP012015']",hurricane,pacific,33,40,True,
EP072012__EP152007,"['EP072012', 'EP152007']",hurricane,pacific,33,50,True,
EP072012__EP171994,"['EP072012', 'EP171994']",hurricane,pacific,33,31,True,
EP072013__EP022008,"['EP072013', 'EP022008']",hurricane,pacific,32,37,True,
EP072013__EP061991,"['EP072013', 'EP061991']",hurricane,pacific,32,25,True,
EP072013__EP062005,"['EP072013', 'EP062005']",hurricane,pacific,32,33,True,
EP072013__EP122004,"['EP072013', 'EP122004']",hurricane,pacific,32,52,True,
EP072013__EP261992,"['EP072013', 'EP261992']",hurricane,pacific,32,28,True,
EP081954__EP031984,"['EP081954', 'EP031984']",hurricane,pacific,27,36,True,
EP081954__EP032010,"['EP081954', 'EP032010']",hurricane,pacific,27,32,True,
EP081954__EP071954,"['EP081954', 'EP071954']",hurricane,pacific,27,25,True,
EP081954__EP092000,"['EP081954', 'EP092000']",hurricane,pacific,27,25,True,
EP081958__EP031965,"['EP081958', 'EP031965']",hurricane,pacific,27,25,True,
EP081958__EP041954,"['EP081958', 'EP041954']",hurricane,pacific,27,31,True,
EP081958__EP071954,"['EP081958', 'EP071954']",hurricane,pacific,27,25,True,
EP081958__EP131967,"['EP081958', 'EP131967']",hurricane,pacific,27,33,True,
EP081965__EP041988,"['EP081965', 'EP041988']",hurricane,pacific,31,30,True,
EP081965__EP091965,"['EP081965', 'EP091965']",hurricane,pacific,31,37,True,
EP081965__EP141990,"['EP081965', 'EP141990']",hurricane,pacific,31,35,True,
EP081965__EP162009,"['EP081965', 'EP162009']",hurricane,pacific,31,30,True,
EP081965__EP171990,"['EP081965', 'EP171990']",hurricane,pacific,31,39,True,
EP081967__EP051995,"['EP081967', 'EP051995']",hurricane,pacific,25,36,True,
EP081967__EP061982,"['EP081967', 'EP061982']",hurricane,pacific,25,32,True,
EP081967__EP061992,"['EP081967', 'EP061992']",hurricane,pacific,25,34,True,
EP081967__EP071971,"['EP081967', 'EP071971']",hurricane,pacific,25,29,True,
EP081967__EP081981,"['EP081967', 'EP081981']",hurricane,pacific,25,29,True,
EP081967__EP081998,"['EP081967', 'EP081998']",hurricane,pacific,25,26,True,
EP081967__EP091995,"['EP081967', 'EP091995']",hurricane,pacific,25,29,True,
EP081967__EP092002,"['EP081967', 'EP092002']",hurricane,pacific,25,26,True,
EP081967__EP101968,"['EP081967', 'EP101968']",hurricane,pacific,25,29,True,
EP081967__EP101980,"['EP081967', 'EP101980']",hurricane,pacific,25,26,True,
EP081967__EP101983,"['EP081967', 'EP101983']",hurricane,pacific,25,31,True,
EP081967__EP101985,"['EP081967', 'EP101985']",hurricane,pacific,25,37,True,
EP081967__EP112004,"['EP081967', 'EP112004']",hurricane,pacific,25,44,True,
EP081967__EP131986,"['EP081967', 'EP131986']",hurricane,pacific,25,28,True,
EP081967__EP141997,"['EP081967', 'EP141997']",hurricane,pacific,25,34,True,
EP081967__EP151989,"['EP081967', 'EP151989']",hurricane,pacific,25,40,True,
EP081967__EP211992,"['EP081967', 'EP211992']",hurricane,pacific,25,40,True,
EP081969__EP062015,"['EP081969', 'EP062015']",hurricane,pacific,27,38,True,
EP081969__EP152009,"['EP081969', 'EP152009']",hurricane,pacific,27,38,True,
EP081972__EP041963,"['EP081972', 'EP041963']",hurricane,pacific,41,39,True,
EP081972__EP112001,"['EP081972', 'EP112001']",hurricane,pacific,41,48,True,
EP081978__EP061982,"['EP081978', 'EP061982']",hurricane,pacific,32,32,True,
EP081978__EP071971,"['EP081978', 'EP071971']",hurricane,pacific,32,29,True,
EP081978__EP071978,"['EP081978', 'EP071978']",hurricane,pacific,32,29,True,
EP081978__EP071990,"['EP081978', 'EP071990']",hurricane,pacific,32,28,True,
EP081978__EP082005,"['EP081978', 'EP082005']",hurricane,pacific,32,34,True,
EP081978__EP091971,"['EP081978', 'EP091971']",hurricane,pacific,32,35,True,
EP081978__EP091976,"['EP081978', 'EP091976']",hurricane,pacific,32,37,True,
EP081978__EP091995,"['EP081978', 'EP091995']",hurricane,pacific,32,29,True,
EP081978__EP092011,"['EP081978', 'EP092011']",hurricane,pacific,32,50,True,
EP081978__EP101980,"['EP081978', 'EP101980']",hurricane,pacific,32,26,True,
EP081978__EP101985,"['EP081978', 'EP101985']",hurricane,pacific,32,37,True,
EP081978__EP111975,"['EP081978', 'EP111975']",hurricane,pacific,32,37,True,
EP081978__EP121968,"['EP081978', 'EP121968']",hurricane,pacific,32,37,True,
EP081978__EP121991,"['EP081978', 'EP121991']",hurricane,pacific,32,46,True,
EP081978__EP131986,"['EP081978', 'EP131986']",hurricane,pacific,32,28,True,
EP081978__EP151985,"['EP081978', 'EP151985']",hurricane,pacific,32,38,True,
EP081978__EP151989,"['EP081978', 'EP151989']",hurricane,pacific,32,40,True,
EP081980__EP021949,"['EP081980', 'EP021949']",hurricane,pacific,30,25,True,
EP081980__EP031984,"['EP081980', 'EP031984']",hurricane,pacific,30,36,True,
EP081980__EP062012,"['EP081980', 'EP062012']",hurricane,pacific,30,40,True,
EP081980__EP071995,"['EP081980', 'EP071995']",hurricane,pacific,30,27,True,
EP081980__EP072007,"['EP081980', 'EP072007']",hurricane,pacific,30,34,True,
EP081980__EP092000,"['EP081980', 'EP092000']",hurricane,pacific,30,25,True,
EP081980__EP111983,"['EP081980', 'EP111983']",hurricane,pacific,30,36,True,
EP081980__EP111995,"['EP081980', 'EP111995']",hurricane,pacific,30,41,True,
EP081980__EP131987,"['EP081980', 'EP131987']",hurricane,pacific,30,29,True,
EP081980__EP152015,"['EP081980', 'EP152015']",hurricane,pacific,30,40,True,
EP081980__EP181989,"['EP081980', 'EP181989']",hurricane,pacific,30,33,True,
EP081980__EP182014,"['EP081980', 'EP182014']",hurricane,pacific,30,36,True,
EP081981__EP071971,"['EP081981', 'EP071971']",hurricane,pacific,29,29,True,
EP081981__EP141991,"['EP081981', 'EP141991']",hurricane,pacific,29,42,True,
EP081981__EP162009,"['EP081981', 'EP162009']",hurricane,pacific,29,30,True,
EP081981__EP211992,"['EP081981', 'EP211992']",hurricane,pacific,29,40,True,
EP081983__EP101986,"['EP081983', 'EP101986']",hurricane,pacific,42,44,True,
EP081987__EP041965,"['EP081987', 'EP041965']",hurricane,pacific,35,31,True,
EP081987__EP072008,"['EP081987', 'EP072008']",hurricane,pacific,35,33,True,
EP081987__EP081990,"['EP081987', 'EP081990']",hurricane,pacific,35,35,True,
EP081987__EP101990,"['EP081987', 'EP101990']",hurricane,pacific,35,38,True,
EP081987__EP151991,"['EP081987', 'EP151991']",hurricane,pacific,35,45,True,
EP081988__EP052011,"['EP081988', 'EP052011']",hurricane,pacific,41,44,True,
EP081988__EP061986,"['EP081988', 'EP061986']",hurricane,pacific,41,38,True,
EP081988__EP111968,"['EP081988', 'EP111968']",hurricane,pacific,41,41,True,
EP081988__EP121970,"['EP081988', 'EP121970']",hurricane,pacific,41,47,True,
EP081988__EP121989,"['EP081988', 'EP121989']",hurricane,pacific,41,45,True,
EP081988__EP161974,"['EP081988', 'EP161974']",hurricane,pacific,41,43,True,
EP081990__EP051960,"['EP081990', 'EP051960']",hurricane,pacific,35,47,True,
EP081990__EP051973,"['EP081990', 'EP051973']",hurricane,pacific,35,27,True,
EP081990__EP052015,"['EP081990', 'EP052015']",hurricane,pacific,35,45,True,
EP081990__EP071972,"['EP081990', 'EP071972']",hurricane,pacific,35,37,True,
EP081990__EP072008,"['EP081990', 'EP072008']",hurricane,pacific,35,33,True,
EP081990__EP091984,"['EP081990', 'EP091984']",hurricane,pacific,35,36,True,
EP081990__EP101990,"['EP081990', 'EP101990']",hurricane,pacific,35,38,True,
EP081990__EP191985,"['EP081990', 'EP191985']",hurricane,pacific,35,37,True,
EP081991__EP011970,"['EP081991', 'EP011970']",hurricane,pacific,28,31,True,
EP081991__EP011973,"['EP081991', 'EP011973']",hurricane,pacific,28,43,True,
EP081991__EP021969,"['EP081991', 'EP021969']",hurricane,pacific,28,33,True,
EP081991__EP041978,"['EP081991', 'EP041978']",hurricane,pacific,28,29,True,
EP081991__EP091998,"['EP081991', 'EP091998']",hurricane,pacific,28,40,True,
EP081991__EP092012,"['EP081991', 'EP092012']",hurricane,pacific,28,47,True,
EP081991__EP191984,"['EP081991', 'EP191984']",hurricane,pacific,28,33,True,
EP081992__EP041971,"['EP081992', 'EP041971']",hurricane,pacific,48,47,True,
EP081992__EP041982,"['EP081992', 'EP041982']",hurricane,pacific,48,62,True,
EP081993__EP032013,"['EP081993', 'EP032013']",hurricane,pacific,56,30,True,
EP081993__EP061968,"['EP081993', 'EP061968']",hurricane,pacific,56,41,True,
EP081993__EP061981,"['EP081993', 'EP061981']",hurricane,pacific,56,27,True,
EP081993__EP081976,"['EP081993', 'EP081976']",hurricane,pacific,56,31,True,
EP081993__EP121989,"['EP081993', 'EP121989']",hurricane,pacific,56,45,True,
EP081995__EP032014,"['EP081995', 'EP032014']",hurricane,pacific,28,41,True,
EP081995__EP112012,"['EP081995', 'EP112012']",hurricane,pacific,28,33,True,
EP081995__EP182014,"['EP081995', 'EP182014']",hurricane,pacific,28,36,True,
EP081996__EP032014,"['EP081996', 'EP032014']",hurricane,pacific,29,41,True,
EP081996__EP111995,"['EP081996', 'EP111995']",hurricane,pacific,29,41,True,
EP081996__EP152005,"['EP081996', 'EP152005']",hurricane,pacific,29,31,True,
EP081996__EP181970,"['EP081996', 'EP181970']",hurricane,pacific,29,29,True,
EP081997__EP041984,"['EP081997', 'EP041984']",hurricane,pacific,33,48,True,
EP081998__EP061992,"['EP081998', 'EP061992']",hurricane,pacific,26,34,True,
EP081998__EP072007,"['EP081998', 'EP072007']",hurricane,pacific,26,34,True,
EP081998__EP092002,"['EP081998', 'EP092002']",hurricane,pacific,26,26,True,
EP081998__EP101968,"['EP081998', 'EP101968']",hurricane,pacific,26,29,True,
EP081998__EP101983,"['EP081998', 'EP101983']",hurricane,pacific,26,31,True,
EP081998__EP141997,"['EP081998', 'EP141997']",hurricane,pacific,26,34,True,
EP081998__EP171994,"['EP081998', 'EP171994']",hurricane,pacific,26,31,True,
EP081999__EP082013,"['EP081999', 'EP082013']",hurricane,pacific,39,41,True,
EP081999__EP101982,"['EP081999', 'EP101982']",hurricane,pacific,39,35,True,
EP081999__EP161990,"['EP081999', 'EP161990']",hurricane,pacific,39,55,True,
EP082005__EP072008,"['EP082005', 'EP072008']",hurricane,pacific,34,33,True,
EP082005__EP091971,"['EP082005', 'EP091971']",hurricane,pacific,34,35,True,
EP082005__EP091976,"['EP082005', 'EP091976']",hurricane,pacific,34,37,True,
EP082008__EP041978,"['EP082008', 'EP041978']",hurricane,pacific,40,29,True,
EP082008__EP051968,"['EP082008', 'EP051968']",hurricane,pacific,40,33,True,
EP082008__EP081976,"['EP082008', 'EP081976']",hurricane,pacific,40,31,True,
EP082008__EP121989,"['EP082008', 'EP121989']",hurricane,pacific,40,45,True,
EP082008__EP161974,"['EP082008', 'EP161974']",hurricane,pacific,40,43,True,
EP082009__EP112005,"['EP082009', 'EP112005']",hurricane,pacific,33,65,True,
EP082012__EP112012,"['EP082012', 'EP112012']",hurricane,pacific,35,33,True,
EP082012__EP142014,"['EP082012', 'EP142014']",hurricane,pacific,35,35,True,
EP082012__EP182014,"['EP082012', 'EP182014']",hurricane,pacific,35,36,True,
EP082013__EP101987,"['EP082013', 'EP101987']",hurricane,pacific,41,34,True,
EP091959__EP041963,"['EP091959', 'EP041963']",hurricane,pacific,31,39,True,
EP091959__EP091993,"['EP091959', 'EP091993']",hurricane,pacific,31,42,True,
EP091965__EP011980,"['EP091965', 'EP011980']",hurricane,pacific,37,28,True,
EP091965__EP061992,"['EP091965', 'EP061992']",hurricane,pacific,37,34,True,
EP091965__EP141990,"['EP091965', 'EP141990']",hurricane,pacific,37,35,True,
EP091965__EP171990,"['EP091965', 'EP171990']",hurricane,pacific,37,39,True,
EP091965__EP191990,"['EP091965', 'EP191990']",hurricane,pacific,37,35,True,
EP091971__EP092011,"['EP091971', 'EP092011']",hurricane,pacific,35,50,True,
EP091971__EP131987,"['EP091971', 'EP131987']",hurricane,pacific,35,29,True,
EP091971__EP151991,"['EP091971', 'EP151991']",hurricane,pacific,35,45,True,
EP091971__EP231990,"['EP091971', 'EP231990']",hurricane,pacific,35,67,True,
EP091972__EP011985,"['EP091972', 'EP011985']",hurricane,pacific,33,27,True,
EP091972__EP032010,"['EP091972', 'EP032010']",hurricane,pacific,33,32,True,
EP091972__EP061982,"['EP091972', 'EP061982']",hurricane,pacific,33,32,True,
EP091972__EP111975,"['EP091972', 'EP111975']",hurricane,pacific,33,37,True,
EP091972__EP112004,"['EP091972', 'EP112004']",hurricane,pacific,33,44,True,
EP091972__EP131986,"['EP091972', 'EP131986']",hurricane,pacific,33,28,True,
EP091972__EP151967,"['EP091972', 'EP151967']",hurricane,pacific,33,27,True,
EP091972__EP191982,"['EP091972', 'EP191982']",hurricane,pacific,33,27,True,
EP091972__EP231990,"['EP091972', 'EP231990']",hurricane,pacific,33,67,True,
EP091975__EP011973,"['EP091975', 'EP011973']",hurricane,pacific,35,43,True,
EP091975__EP031998,"['EP091975', 'EP031998']",hurricane,pacific,35,36,True,
EP091975__EP041965,"['EP091975', 'EP041965']",hurricane,pacific,35,31,True,
EP091975__EP071978,"['EP091975', 'EP071978']",hurricane,pacific,35,29,True,
EP091975__EP081978,"['EP091975', 'EP081978']",hurricane,pacific,35,32,True,
EP091975__EP091971,"['EP091975', 'EP091971']",hurricane,pacific,35,35,True,
EP091975__EP092011,"['EP091975', 'EP092011']",hurricane,pacific,35,50,True,
EP091975__EP151991,"['EP091975', 'EP151991']",hurricane,pacific,35,45,True,
EP091975__EP161970,"['EP091975', 'EP161970']",hurricane,pacific,35,31,True,
EP091975__EP231990,"['EP091975', 'EP231990']",hurricane,pacific,35,67,True,
EP091976__EP091971,"['EP091976', 'EP091971']",hurricane,pacific,37,35,True,
EP091976__EP092011,"['EP091976', 'EP092011']",hurricane,pacific,37,50,True,
EP091982__EP061982,"['EP091982', 'EP061982']",hurricane,pacific,30,32,True,
EP091982__EP141991,"['EP091982', 'EP141991']",hurricane,pacific,30,42,True,
EP091982__EP191990,"['EP091982', 'EP191990']",hurricane,pacific,30,35,True,
EP091984__EP052015,"['EP091984', 'EP052015']",hurricane,pacific,36,45,True,
EP091984__EP071972,"['EP091984', 'EP071972']",hurricane,pacific,36,37,True,
EP091984__EP072008,"['EP091984', 'EP072008']",hurricane,pacific,36,33,True,
EP091984__EP091976,"['EP091984', 'EP091976']",hurricane,pacific,36,37,True,
EP091984__EP101990,"['EP091984', 'EP101990']",hurricane,pacific,36,38,True,
EP091985__CP012003,"['EP091985', 'CP012003']",hurricane,pacific,25,25,True,
EP091985__EP072004,"['EP091985', 'EP072004']",hurricane,pacific,25,27,True,
EP091988__EP032005,"['EP091988', 'EP032005']",hurricane,pacific,36,30,True,
EP091988__EP032011,"['EP091988', 'EP032011']",hurricane,pacific,36,29,True,
EP091988__EP041965,"['EP091988', 'EP041965']",hurricane,pacific,36,31,True,
EP091988__EP042002,"['EP091988', 'EP042002']",hurricane,pacific,36,30,True,
EP091988__EP042010,"['EP091988', 'EP042010']",hurricane,pacific,36,50,True,
EP091988__EP131987,"['EP091988', 'EP131987']",hurricane,pacific,36,29,True,
EP091988__EP151991,"['EP091988', 'EP151991']",hurricane,pacific,36,45,True,
EP091988__EP172014,"['EP091988', 'EP172014']",hurricane,pacific,36,44,True,
EP091988__EP231990,"['EP091988', 'EP231990']",hurricane,pacific,36,67,True,
EP091990__EP041966,"['EP091990', 'EP041966']",hurricane,pacific,47,38,True,
EP091990__EP061981,"['EP091990', 'EP061981']",hurricane,pacific,47,27,True,
EP091991__EP062006,"['EP091991', 'EP062006']",hurricane,pacific,26,41,True,
EP091991__EP142000,"['EP091991', 'EP142000']",hurricane,pacific,26,37,True,
EP091993__EP132009,"['EP091993', 'EP132009']",hurricane,pacific,42,39,True,
EP091995__EP061966,"['EP091995', 'EP061966']",hurricane,pacific,29,43,True,
EP091998__EP092012,"['EP091998', 'EP092012']",hurricane,pacific,40,47,True,
EP091998__EP121991,"['EP091998', 'EP121991']",hurricane,pacific,40,46,True,
EP091998__EP181985,"['EP091998', 'EP181985']",hurricane,pacific,40,46,True,
EP091998__EP191984,"['EP091998', 'EP191984']",hurricane,pacific,40,33,True,
EP092000__EP031984,"['EP092000', 'EP031984']",hurricane,pacific,25,36,True,
EP092000__EP061970,"['EP092000', 'EP061970']",hurricane,pacific,25,29,True,
EP092000__EP072007,"['EP092000', 'EP072007']",hurricane,pacific,25,34,True,
EP092000__EP072012,"['EP092000', 'EP072012']",hurricane,pacific,25,33,True,
EP092000__EP091995,"['EP092000', 'EP091995']",hurricane,pacific,25,29,True,
EP092000__EP101983,"['EP092000', 'EP101983']",hurricane,pacific,25,31,True,
EP092000__EP171994,"['EP092000', 'EP171994']",hurricane,pacific,25,31,True,
EP092000__EP211992,"['EP092000', 'EP211992']",hurricane,pacific,25,40,True,
EP092000__EP212015,"['EP092000', 'EP212015']",hurricane,pacific,25,33,True,
EP092002__EP061992,"['EP092002', 'EP061992']",hurricane,pacific,26,34,True,
EP092002__EP131967,"['EP092002', 'EP131967']",hurricane,pacific,26,33,True,
EP092002__EP171994,"['EP092002', 'EP171994']",hurricane,pacific,26,31,True,
EP092002__EP211992,"['EP092002', 'EP211992']",hurricane,pacific,26,40,True,
EP092005__EP011985,"['EP092005', 'EP011985']",hurricane,pacific,34,27,True,
EP092005__EP032010,"['EP092005', 'EP032010']",hurricane,pacific,34,32,True,
EP092005__EP102008,"['EP092005', 'EP102008']",hurricane,pacific,34,41,True,
EP092006__EP161967,"['EP092006', 'EP161967']",hurricane,pacific,35,55,True,
EP092007__EP102015,"['EP092007', 'EP102015']",hurricane,pacific,32,36,True,
EP092007__EP121984,"['EP092007', 'EP121984']",hurricane,pacific,32,41,True,
EP092007__EP121985,"['EP092007', 'EP121985']",hurricane,pacific,32,42,True,
EP092008__EP071981,"['EP092008', 'EP071981']",hurricane,pacific,41,38,True,
EP092008__EP081997,"['EP092008', 'EP081997']",hurricane,pacific,41,33,True,
EP092008__EP111973,"['EP092008', 'EP111973']",hurricane,pacific,41,39,True,
EP092010__EP011969,"['EP092010', 'EP011969']",hurricane,pacific,30,28,True,
EP092010__EP011976,"['EP092010', 'EP011976']",hurricane,pacific,30,44,True,
EP092010__EP071984,"['EP092010', 'EP071984']",hurricane,pacific,30,30,True,
EP092010__EP171984,"['EP092010', 'EP171984']",hurricane,pacific,30,31,True,
EP092011__EP151991,"['EP092011', 'EP151991']",hurricane,pacific,50,45,True,
EP092013__EP111995,"['EP092013', 'EP111995']",hurricane,pacific,31,41,True,
EP092013__EP142014,"['EP092013', 'EP142014']",hurricane,pacific,31,35,True,
EP092014__EP061988,"['EP092014', 'EP061988']",hurricane,pacific,45,49,True,
EP101958__EP211989,"['EP101958', 'EP211989']",hurricane,pacific,27,46,True,
EP101970__EP021954,"['EP101970', 'EP021954']",hurricane,pacific,25,25,True,
EP101970__EP031984,"['EP101970', 'EP031984']",hurricane,pacific,25,36,True,
EP101970__EP061970,"['EP101970', 'EP061970']",hurricane,pacific,25,29,True,
EP101970__EP071954,"['EP101970', 'EP071954']",hurricane,pacific,25,25,True,
EP101970__EP081954,"['EP101970', 'EP081954']",hurricane,pacific,25,27,True,
EP101970__EP092000,"['EP101970', 'EP092000']",hurricane,pacific,25,25,True,
EP101970__EP122003,"['EP101970', 'EP122003']",hurricane,pacific,25,38,True,
EP101970__EP142005,"['EP101970', 'EP142005']",hurricane,pacific,25,33,True,
EP101970__EP172000,"['EP101970', 'EP172000']",hurricane,pacific,25,32,True,
EP101972__EP022015,"['EP101972', 'EP022015']",hurricane,pacific,29,38,True,
EP101972__EP132003,"['EP101972', 'EP132003']",hurricane,pacific,29,31,True,
EP101972__EP141967,"['EP101972', 'EP141967']",hurricane,pacific,29,37,True,
EP101975__EP011985,"['EP101975', 'EP011985']",hurricane,pacific,31,27,True,
EP101975__EP021969,"['EP101975', 'EP021969']",hurricane,pacific,31,33,True,
EP101975__EP031988,"['EP101975', 'EP031988']",hurricane,pacific,31,28,True,
EP101975__EP041965,"['EP101975', 'EP041965']",hurricane,pacific,31,31,True,
EP101975__EP041983,"['EP101975', 'EP041983']",hurricane,pacific,31,26,True,
EP101975__EP051990,"['EP101975', 'EP051990']",hurricane,pacific,31,26,True,
EP101975__EP061982,"['EP101975', 'EP061982']",hurricane,pacific,31,32,True,
EP101975__EP071973,"['EP101975', 'EP071973']",hurricane,pacific,31,25,True,
EP101975__EP071978,"['EP101975', 'EP071978']",hurricane,pacific,31,29,True,
EP101975__EP091971,"['EP101975', 'EP091971']",hurricane,pacific,31,35,True,
EP101975__EP091972,"['EP101975', 'EP091972']",hurricane,pacific,31,33,True,
EP101975__EP091975,"['EP101975', 'EP091975']",hurricane,pacific,31,35,True,
EP101975__EP091998,"['EP101975', 'EP091998']",hurricane,pacific,31,40,True,
EP101975__EP092011,"['EP101975', 'EP092011']",hurricane,pacific,31,50,True,
EP101975__EP111975,"['EP101975', 'EP111975']",hurricane,pacific,31,37,True,
EP101975__EP112004,"['EP101975', 'EP112004']",hurricane,pacific,31,44,True,
EP101975__EP121991,"['EP101975', 'EP121991']",hurricane,pacific,31,46,True,
EP101975__EP131986,"['EP101975', 'EP131986']",hurricane,pacific,31,28,True,
EP101975__EP151967,"['EP101975', 'EP151967']",hurricane,pacific,31,27,True,
EP101975__EP151989,"['EP101975', 'EP151989']",hurricane,pacific,31,40,True,
EP101975__EP191982,"['EP101975', 'EP191982']",hurricane,pacific,31,27,True,
EP101975__EP231990,"['EP101975', 'EP231990']",hurricane,pacific,31,67,True,
EP101980__EP032004,"['EP101980', 'EP032004']",hurricane,pacific,26,28,True,
EP101980__EP041979,"['EP101980', 'EP041979']",hurricane,pacific,26,27,True,
EP101980__EP042014,"['EP101980', 'EP042014']",hurricane,pacific,26,42,True,
EP101980__EP051995,"['EP101980', 'EP051995']",hurricane,pacific,26,36,True,
EP101980__EP061966,"['EP101980', 'EP061966']",hurricane,pacific,26,43,True,
EP101980__EP061992,"['EP101980', 'EP061992']",hurricane,pacific,26,34,True,
EP101980__EP071971,"['EP101980', 'EP071971']",hurricane,pacific,26,29,True,
EP101980__EP071990,"['EP101980', 'EP071990']",hurricane,pacific,26,28,True,
EP101980__EP091995,"['EP101980', 'EP091995']",hurricane,pacific,26,29,True,
EP101980__EP092000,"['EP101980', 'EP092000']",hurricane,pacific,26,25,True,
EP101980__EP101968,"['EP101980', 'EP101968']",hurricane,pacific,26,29,True,
EP101980__EP101983,"['EP101980', 'EP101983']",hurricane,pacific,26,31,True,
EP101980__EP102002,"['EP101980', 'EP102002']",hurricane,pacific,26,31,True,
EP101980__EP121968,"['EP101980', 'EP121968']",hurricane,pacific,26,37,True,
EP101980__EP131986,"['EP101980', 'EP131986']",hurricane,pacific,26,28,True,
EP101980__EP141997,"['EP101980', 'EP141997']",hurricane,pacific,26,34,True,
EP101980__EP151985,"['EP101980', 'EP151985']",hurricane,pacific,26,38,True,
EP101980__EP171994,"['EP101980', 'EP171994']",hurricane,pacific,26,31,True,
EP101980__EP191982,"['EP101980', 'EP191982']",hurricane,pacific,26,27,True,
EP101980__EP212015,"['EP101980', 'EP212015']",hurricane,pacific,26,33,True,
EP101982__EP051985,"['EP101982', 'EP051985']",hurricane,pacific,35,35,True,
EP101982__EP092007,"['EP101982', 'EP092007']",hurricane,pacific,35,32,True,
EP101982__EP121985,"['EP101982', 'EP121985']",hurricane,pacific,35,42,True,
EP101982__EP161990,"['EP101982', 'EP161990']",hurricane,pacific,35,55,True,
EP101983__EP031990,"['EP101983', 'EP031990']",hurricane,pacific,31,32,True,
EP101983__EP072012,"['EP101983', 'EP072012']",hurricane,pacific,31,33,True,
EP101983__EP131986,"['EP101983', 'EP131986']",hurricane,pacific,31,28,True,
EP101983__EP152007,"['EP101983', 'EP152007']",hurricane,pacific,31,50,True,
EP101983__EP171994,"['EP101983', 'EP171994']",hurricane,pacific,31,31,True,
EP101983__EP212015,"['EP101983', 'EP212015']",hurricane,pacific,31,33,True,
EP101985__EP061982,"['EP101985', 'EP061982']",hurricane,pacific,37,32,True,
EP101985__EP071971,"['EP101985', 'EP071971']",hurricane,pacific,37,29,True,
EP101985__EP101968,"['EP101985', 'EP101968']",hurricane,pacific,37,29,True,
EP101985__EP121991,"['EP101985', 'EP121991']",hurricane,pacific,37,46,True,
EP101985__EP131986,"['EP101985', 'EP131986']",hurricane,pacific,37,28,True,
EP101985__EP151985,"['EP101985', 'EP151985']",hurricane,pacific,37,38,True,
EP101985__EP191982,"['EP101985', 'EP191982']",hurricane,pacific,37,27,True,
EP101989__EP021981,"['EP101989', 'EP021981']",hurricane,pacific,27,25,True,
EP101989__EP061984,"['EP101989', 'EP061984']",hurricane,pacific,27,27,True,
EP101989__EP071995,"['EP101989', 'EP071995']",hurricane,pacific,27,27,True,
EP101989__EP072007,"['EP101989', 'EP072007']",hurricane,pacific,27,34,True,
EP101989__EP081980,"['EP101989', 'EP081980']",hurricane,pacific,27,30,True,
EP101989__EP081995,"['EP101989', 'EP081995']",hurricane,pacific,27,28,True,
EP101989__EP111983,"['EP101989', 'EP111983']",hurricane,pacific,27,36,True,
EP101989__EP111995,"['EP101989', 'EP111995']",hurricane,pacific,27,41,True,
EP101989__EP112012,"['EP101989', 'EP112012']",hurricane,pacific,27,33,True,
EP101989__EP181989,"['EP101989', 'EP181989']",hurricane,pacific,27,33,True,
EP101989__EP182014,"['EP101989', 'EP182014']",hurricane,pacific,27,36,True,
EP102000__EP032010,"['EP102000', 'EP032010']",hurricane,pacific,25,32,True,
EP102000__EP071954,"['EP102000', 'EP071954']",hurricane,pacific,25,25,True,
EP102000__EP071971,"['EP102000', 'EP071971']",hurricane,pacific,25,29,True,
EP102000__EP081954,"['EP102000', 'EP081954']",hurricane,pacific,25,27,True,
EP102000__EP081981,"['EP102000', 'EP081981']",hurricane,pacific,25,29,True,
EP102000__EP211992,"['EP102000', 'EP211992']",hurricane,pacific,25,40,True,
EP102002__EP021981,"['EP102002', 'EP021981']",hurricane,pacific,31,25,True,
EP102002__EP031984,"['EP102002', 'EP031984']",hurricane,pacific,31,36,True,
EP102002__EP032004,"['EP102002', 'EP032004']",hurricane,pacific,31,28,True,
EP102002__EP041979,"['EP102002', 'EP041979']",hurricane,pacific,31,27,True,
EP102002__EP042014,"['EP102002', 'EP042014']",hurricane,pacific,31,42,True,
EP102002__EP071990,"['EP102002', 'EP071990']",hurricane,pacific,31,28,True,
EP102002__EP072007,"['EP102002', 'EP072007']",hurricane,pacific,31,34,True,
EP102002__EP081980,"['EP102002', 'EP081980']",hurricane,pacific,31,30,True,
EP102002__EP081995,"['EP102002', 'EP081995']",hurricane,pacific,31,28,True,
EP102002__EP091995,"['EP102002', 'EP091995']",hurricane,pacific,31,29,True,
EP102002__EP092000,"['EP102002', 'EP092000']",hurricane,pacific,31,25,True,
EP102002__EP111983,"['EP102002', 'EP111983']",hurricane,pacific,31,36,True,
EP102002__EP121968,"['EP102002', 'EP121968']",hurricane,pacific,31,37,True,
EP102002__EP131987,"['EP102002', 'EP131987']",hurricane,pacific,31,29,True,
EP102002__EP141997,"['EP102002', 'EP141997']",hurricane,pacific,31,34,True,
EP102002__EP152001,"['EP102002', 'EP152001']",hurricane,pacific,31,31,True,
EP102002__EP152015,"['EP102002', 'EP152015']",hurricane,pacific,31,40,True,
EP102002__EP171987,"['EP102002', 'EP171987']",hurricane,pacific,31,27,True,
EP102002__EP212015,"['EP102002', 'EP212015']",hurricane,pacific,31,33,True,
EP102004__EP041984,"['EP102004', 'EP041984']",hurricane,pacific,33,48,True,
EP102004__EP061968,"['EP102004', 'EP061968']",hurricane,pacific,33,41,True,
EP102004__EP061997,"['EP102004', 'EP061997']",hurricane,pacific,33,30,True,
EP102004__EP071992,"['EP102004', 'EP071992']",hurricane,pacific,33,42,True,
EP102004__EP111978,"['EP102004', 'EP111978']",hurricane,pacific,33,38,True,
EP102004__EP171985,"['EP102004', 'EP171985']",hurricane,pacific,33,45,True,
EP102006__EP021981,"['EP102006', 'EP021981']",hurricane,pacific,32,25,True,
EP102006__EP031984,"['EP102006', 'EP031984']",hurricane,pacific,32,36,True,
EP102006__EP042002,"['EP102006', 'EP042002']",hurricane,pacific,32,30,True,
EP102006__EP071973,"['EP102006', 'EP071973']",hurricane,pacific,32,25,True,
EP102006__EP071987,"['EP102006', 'EP071987']",hurricane,pacific,32,28,True,
EP102006__EP071990,"['EP102006', 'EP071990']",hurricane,pacific,32,28,True,
EP102006__EP071995,"['EP102006', 'EP071995']",hurricane,pacific,32,27,True,
EP102006__EP072007,"['EP102006', 'EP072007']",hurricane,pacific,32,34,True,
EP102006__EP072012,"['EP102006', 'EP072012']",hurricane,pacific,32,33,True,
EP102006__EP081980,"['EP102006', 'EP081980']",hurricane,pacific,32,30,True,
EP102006__EP081995,"['EP102006', 'EP081995']",hurricane,pacific,32,28,True,
EP102006__EP091971,"['EP102006', 'EP091971']",hurricane,pacific,32,35,True,
EP102006__EP091995,"['EP102006', 'EP091995']",hurricane,pacific,32,29,True,
EP102006__EP092000,"['EP102006', 'EP092000']",hurricane,pacific,32,25,True,
EP102006__EP101980,"['EP102006', 'EP101980']",hurricane,pacific,32,26,True,
EP102006__EP102002,"['EP102006', 'EP102002']",hurricane,pacific,32,31,True,
EP102006__EP111983,"['EP102006', 'EP111983']",hurricane,pacific,32,36,True,
EP102006__EP121968,"['EP102006', 'EP121968']",hurricane,pacific,32,37,True,
EP102006__EP131987,"['EP102006', 'EP131987']",hurricane,pacific,32,29,True,
EP102006__EP152001,"['EP102006', 'EP152001']",hurricane,pacific,32,31,True,
EP102006__EP152015,"['EP102006', 'EP152015']",hurricane,pacific,32,40,True,
EP102006__EP171987,"['EP102006', 'EP171987']",hurricane,pacific,32,27,True,
EP102008__EP032010,"['EP102008', 'EP032010']",hurricane,pacific,41,32,True,
EP102009__EP102014,"['EP102009', 'EP102014']",hurricane,pacific,46,65,True,
EP102011__EP191983,"['EP102011', 'EP191983']",hurricane,pacific,30,34,True,
EP102011__EP212014,"['EP102011', 'EP212014']",hurricane,pacific,30,27,True,
EP111954__EP011976,"['EP111954', 'EP011976']",hurricane,pacific,25,44,True,
EP111954__EP021983,"['EP111954', 'EP021983']",hurricane,pacific,25,38,True,
EP111954__EP021984,"['EP111954', 'EP021984']",hurricane,pacific,25,82,False,previously tested unordered pair
EP111954__EP041975,"['EP111954', 'EP041975']",hurricane,pacific,25,41,True,
EP111954__EP131988,"['EP111954', 'EP131988']",hurricane,pacific,25,42,True,
EP111954__EP141971,"['EP111954', 'EP141971']",hurricane,pacific,25,27,True,
EP111954__EP141998,"['EP111954', 'EP141998']",hurricane,pacific,25,47,True,
EP111967__EP062006,"['EP111967', 'EP062006']",hurricane,pacific,27,41,True,
EP111967__EP142014,"['EP111967', 'EP142014']",hurricane,pacific,27,35,True,
EP111967__EP152015,"['EP111967', 'EP152015']",hurricane,pacific,27,40,True,
EP111968__EP161974,"['EP111968', 'EP161974']",hurricane,pacific,41,43,True,
EP111973__EP081997,"['EP111973', 'EP081997']",hurricane,pacific,39,33,True,
EP111975__EP061982,"['EP111975', 'EP061982']",hurricane,pacific,37,32,True,
EP111975__EP091971,"['EP111975', 'EP091971']",hurricane,pacific,37,35,True,
EP111975__EP101985,"['EP111975', 'EP101985']",hurricane,pacific,37,37,True,
EP111975__EP112004,"['EP111975', 'EP112004']",hurricane,pacific,37,44,True,
EP111975__EP121991,"['EP111975', 'EP121991']",hurricane,pacific,37,46,True,
EP111975__EP131986,"['EP111975', 'EP131986']",hurricane,pacific,37,28,True,
EP111975__EP191982,"['EP111975', 'EP191982']",hurricane,pacific,37,27,True,
EP111978__EP201992,"['EP111978', 'EP201992']",hurricane,pacific,38,69,True,
EP111980__EP071976,"['EP111980', 'EP071976']",hurricane,pacific,55,54,True,
EP111980__EP132015,"['EP111980', 'EP132015']",hurricane,pacific,55,63,True,
EP111983__EP031984,"['EP111983', 'EP031984']",hurricane,pacific,36,36,True,
EP111983__EP032014,"['EP111983', 'EP032014']",hurricane,pacific,36,41,True,
EP111983__EP051973,"['EP111983', 'EP051973']",hurricane,pacific,36,27,True,
EP111983__EP062012,"['EP111983', 'EP062012']",hurricane,pacific,36,40,True,
EP111983__EP071972,"['EP111983', 'EP071972']",hurricane,pacific,36,37,True,
EP111983__EP071995,"['EP111983', 'EP071995']",hurricane,pacific,36,27,True,
EP111983__EP072007,"['EP111983', 'EP072007']",hurricane,pacific,36,34,True,
EP111983__EP081995,"['EP111983', 'EP081995']",hurricane,pacific,36,28,True,
EP111983__EP112012,"['EP111983', 'EP112012']",hurricane,pacific,36,33,True,
EP111983__EP152001,"['EP111983', 'EP152001']",hurricane,pacific,36,31,True,
EP111983__EP152015,"['EP111983', 'EP152015']",hurricane,pacific,36,40,True,
EP111983__EP181989,"['EP111983', 'EP181989']",hurricane,pacific,36,33,True,
EP111983__EP182014,"['EP111983', 'EP182014']",hurricane,pacific,36,36,True,
EP111985__EP021969,"['EP111985', 'EP021969']",hurricane,pacific,36,33,True,
EP111985__EP031978,"['EP111985', 'EP031978']",hurricane,pacific,36,35,True,
EP111985__EP031994,"['EP111985', 'EP031994']",hurricane,pacific,36,29,True,
EP111985__EP051990,"['EP111985', 'EP051990']",hurricane,pacific,36,26,True,
EP111985__EP061982,"['EP111985', 'EP061982']",hurricane,pacific,36,32,True,
EP111985__EP071971,"['EP111985', 'EP071971']",hurricane,pacific,36,29,True,
EP111985__EP081967,"['EP111985', 'EP081967']",hurricane,pacific,36,25,True,
EP111985__EP081978,"['EP111985', 'EP081978']",hurricane,pacific,36,32,True,
EP111985__EP101985,"['EP111985', 'EP101985']",hurricane,pacific,36,37,True,
EP111985__EP111975,"['EP111985', 'EP111975']",hurricane,pacific,36,37,True,
EP111985__EP121991,"['EP111985', 'EP121991']",hurricane,pacific,36,46,True,
EP111985__EP131986,"['EP111985', 'EP131986']",hurricane,pacific,36,28,True,
EP111985__EP151989,"['EP111985', 'EP151989']",hurricane,pacific,36,40,True,
EP111993__EP021983,"['EP111993', 'EP021983']",hurricane,pacific,32,38,True,
EP111993__EP032005,"['EP111993', 'EP032005']",hurricane,pacific,32,30,True,
EP111993__EP041965,"['EP111993', 'EP041965']",hurricane,pacific,32,31,True,
EP111993__EP041975,"['EP111993', 'EP041975']",hurricane,pacific,32,41,True,
EP111993__EP042002,"['EP111993', 'EP042002']",hurricane,pacific,32,30,True,
EP111993__EP051973,"['EP111993', 'EP051973']",hurricane,pacific,32,27,True,
EP111993__EP081995,"['EP111993', 'EP081995']",hurricane,pacific,32,28,True,
EP111993__EP091988,"['EP111993', 'EP091988']",hurricane,pacific,32,36,True,
EP111993__EP092011,"['EP111993', 'EP092011']",hurricane,pacific,32,50,True,
EP111993__EP101990,"['EP111993', 'EP101990']",hurricane,pacific,32,38,True,
EP111993__EP131987,"['EP111993', 'EP131987']",hurricane,pacific,32,29,True,
EP111993__EP141971,"['EP111993', 'EP141971']",hurricane,pacific,32,27,True,
EP111993__EP151991,"['EP111993', 'EP151991']",hurricane,pacific,32,45,True,
EP111993__EP152001,"['EP111993', 'EP152001']",hurricane,pacific,32,31,True,
EP111993__EP231990,"['EP111993', 'EP231990']",hurricane,pacific,32,67,True,
EP111995__EP032014,"['EP111995', 'EP032014']",hurricane,pacific,41,41,False,previously tested unordered pair
EP111995__EP082012,"['EP111995', 'EP082012']",hurricane,pacific,41,35,True,
EP111995__EP112012,"['EP111995', 'EP112012']",hurricane,pacific,41,33,True,
EP111995__EP142014,"['EP111995', 'EP142014']",hurricane,pacific,41,35,True,
EP111995__EP182014,"['EP111995', 'EP182014']",hurricane,pacific,41,36,True,
EP112001__EP091959,"['EP112001', 'EP091959']",hurricane,pacific,48,31,True,
EP112001__EP091993,"['EP112001', 'EP091993']",hurricane,pacific,48,42,True,
EP112001__EP112006,"['EP112001', 'EP112006']",hurricane,pacific,48,32,True,
EP112001__EP132004,"['EP112001', 'EP132004']",hurricane,pacific,48,39,True,
EP112004__EP231990,"['EP112004', 'EP231990']",hurricane,pacific,44,67,True,
EP112006__EP091959,"['EP112006', 'EP091959']",hurricane,pacific,32,31,True,
EP112006__EP091993,"['EP112006', 'EP091993']",hurricane,pacific,32,42,True,
EP112006__EP132009,"['EP112006', 'EP132009']",hurricane,pacific,32,39,True,
EP112007__EP091993,"['EP112007', 'EP091993']",hurricane,pacific,30,42,True,
EP112007__EP112006,"['EP112007', 'EP112006']",hurricane,pacific,30,32,True,
EP112007__EP132004,"['EP112007', 'EP132004']",hurricane,pacific,30,39,True,
EP112007__EP132009,"['EP112007', 'EP132009']",hurricane,pacific,30,39,True,
EP112007__EP152008,"['EP112007', 'EP152008']",hurricane,pacific,30,38,True,
EP112007__EP152014,"['EP112007', 'EP152014']",hurricane,pacific,30,37,True,
EP112007__EP161968,"['EP112007', 'EP161968']",hurricane,pacific,30,31,True,
EP112007__EP192014,"['EP112007', 'EP192014']",hurricane,pacific,30,35,True,
EP112012__EP182014,"['EP112012', 'EP182014']",hurricane,pacific,33,36,True,
EP121968__EP071971,"['EP121968', 'EP071971']",hurricane,pacific,37,29,True,
EP121968__EP091971,"['EP121968', 'EP091971']",hurricane,pacific,37,35,True,
EP121968__EP091995,"['EP121968', 'EP091995']",hurricane,pacific,37,29,True,
EP121968__EP111975,"['EP121968', 'EP111975']",hurricane,pacific,37,37,True,
EP121968__EP112004,"['EP121968', 'EP112004']",hurricane,pacific,37,44,True,
EP121968__EP121991,"['EP121968', 'EP121991']",hurricane,pacific,37,46,True,
EP121968__EP131986,"['EP121968', 'EP131986']",hurricane,pacific,37,28,True,
EP121968__EP131987,"['EP121968', 'EP131987']",hurricane,pacific,37,29,True,
EP121968__EP151985,"['EP121968', 'EP151985']",hurricane,pacific,37,38,True,
EP121968__EP191982,"['EP121968', 'EP191982']",hurricane,pacific,37,27,True,
EP121970__EP061986,"['EP121970', 'EP061986']",hurricane,pacific,47,38,True,
EP121970__EP081976,"['EP121970', 'EP081976']",hurricane,pacific,47,31,True,
EP121970__EP111968,"['EP121970', 'EP111968']",hurricane,pacific,47,41,True,
EP121970__EP121989,"['EP121970', 'EP121989']",hurricane,pacific,47,45,True,
EP121976__EP141967,"['EP121976', 'EP141967']",hurricane,pacific,26,37,True,
EP121982__EP011980,"['EP121982', 'EP011980']",hurricane,pacific,26,28,True,
EP121982__EP022008,"['EP121982', 'EP022008']",hurricane,pacific,26,37,True,
EP121982__EP031971,"['EP121982', 'EP031971']",hurricane,pacific,26,27,True,
EP121982__EP051979,"['EP121982', 'EP051979']",hurricane,pacific,26,29,True,
EP121982__EP061991,"['EP121982', 'EP061991']",hurricane,pacific,26,25,True,
EP121982__EP081971,"['EP121982', 'EP081971']",hurricane,pacific,26,49,True,
EP121982__EP141990,"['EP121982', 'EP141990']",hurricane,pacific,26,35,True,
EP121982__EP261992,"['EP121982', 'EP261992']",hurricane,pacific,26,28,True,
EP121983__EP051973,"['EP121983', 'EP051973']",hurricane,pacific,34,27,True,
EP121983__EP071978,"['EP121983', 'EP071978']",hurricane,pacific,34,29,True,
EP121983__EP071987,"['EP121983', 'EP071987']",hurricane,pacific,34,28,True,
EP121983__EP071990,"['EP121983', 'EP071990']",hurricane,pacific,34,28,True,
EP121983__EP081978,"['EP121983', 'EP081978']",hurricane,pacific,34,32,True,
EP121983__EP082005,"['EP121983', 'EP082005']",hurricane,pacific,34,34,True,
EP121983__EP091971,"['EP121983', 'EP091971']",hurricane,pacific,34,35,True,
EP121983__EP091984,"['EP121983', 'EP091984']",hurricane,pacific,34,36,True,
EP121983__EP091995,"['EP121983', 'EP091995']",hurricane,pacific,34,29,True,
EP121983__EP092011,"['EP121983', 'EP092011']",hurricane,pacific,34,50,True,
EP121983__EP102002,"['EP121983', 'EP102002']",hurricane,pacific,34,31,True,
EP121983__EP102006,"['EP121983', 'EP102006']",hurricane,pacific,34,32,True,
EP121983__EP121968,"['EP121983', 'EP121968']",hurricane,pacific,34,37,True,
EP121983__EP131987,"['EP121983', 'EP131987']",hurricane,pacific,34,29,True,
EP121983__EP151985,"['EP121983', 'EP151985']",hurricane,pacific,34,38,True,
EP121985__EP111982,"['EP121985', 'EP111982']",hurricane,pacific,42,34,True,
EP121988__EP081976,"['EP121988', 'EP081976']",hurricane,pacific,38,31,True,
EP121988__EP081983,"['EP121988', 'EP081983']",hurricane,pacific,38,42,True,
EP121988__EP101986,"['EP121988', 'EP101986']",hurricane,pacific,38,44,True,
EP121988__EP121989,"['EP121988', 'EP121989']",hurricane,pacific,38,45,True,
EP121989__EP081976,"['EP121989', 'EP081976']",hurricane,pacific,45,31,True,
EP121989__EP161974,"['EP121989', 'EP161974']",hurricane,pacific,45,43,True,
EP121989__EP181985,"['EP121989', 'EP181985']",hurricane,pacific,45,46,True,
EP121991__EP061982,"['EP121991', 'EP061982']",hurricane,pacific,46,32,True,
EP121991__EP091971,"['EP121991', 'EP091971']",hurricane,pacific,46,35,True,
EP121991__EP151985,"['EP121991', 'EP151985']",hurricane,pacific,46,38,True,
EP121991__EP191982,"['EP121991', 'EP191982']",hurricane,pacific,46,27,True,
EP121993__EP032013,"['EP121993', 'EP032013']",hurricane,pacific,50,30,True,
EP121993__EP041966,"['EP121993', 'EP041966']",hurricane,pacific,50,38,True,
EP121993__EP061968,"['EP121993', 'EP061968']",hurricane,pacific,50,41,True,
EP121993__EP061981,"['EP121993', 'EP061981']",hurricane,pacific,50,27,True,
EP121993__EP091990,"['EP121993', 'EP091990']",hurricane,pacific,50,47,True,
EP122003__EP012015,"['EP122003', 'EP012015']",hurricane,pacific,38,40,True,
EP122003__EP031990,"['EP122003', 'EP031990']",hurricane,pacific,38,32,True,
EP122003__EP101996,"['EP122003', 'EP101996']",hurricane,pacific,38,46,True,
EP122003__EP132012,"['EP122003', 'EP132012']",hurricane,pacific,38,44,True,
EP122003__EP142005,"['EP122003', 'EP142005']",hurricane,pacific,38,33,True,
EP122007__EP042013,"['EP122007', 'EP042013']",hurricane,pacific,28,40,True,
EP122007__EP081996,"['EP122007', 'EP081996']",hurricane,pacific,28,29,True,
EP122007__EP142003,"['EP122007', 'EP142003']",hurricane,pacific,28,28,True,
EP122007__EP142007,"['EP122007', 'EP142007']",hurricane,pacific,28,25,True,
EP122007__EP181970,"['EP122007', 'EP181970']",hurricane,pacific,28,29,True,
EP122014__EP061965,"['EP122014', 'EP061965']",hurricane,pacific,48,41,True,
EP131967__EP152007,"['EP131967', 'EP152007']",hurricane,pacific,33,50,True,
EP131970__EP062011,"['EP131970', 'EP062011']",hurricane,pacific,27,29,True,
EP131970__EP092007,"['EP131970', 'EP092007']",hurricane,pacific,27,32,True,
EP131970__EP102015,"['EP131970', 'EP102015']",hurricane,pacific,27,36,True,
EP131971__EP092013,"['EP131971', 'EP092013']",hurricane,pacific,29,31,True,
EP131971__EP111995,"['EP131971', 'EP111995']",hurricane,pacific,29,41,True,
EP131971__EP141967,"['EP131971', 'EP141967']",hurricane,pacific,29,37,True,
EP131971__EP142007,"['EP131971', 'EP142007']",hurricane,pacific,29,25,True,
EP131971__EP181970,"['EP131971', 'EP181970']",hurricane,pacific,29,29,True,
EP131974__EP012002,"['EP131974', 'EP012002']",hurricane,pacific,27,31,True,
EP131974__EP031984,"['EP131974', 'EP031984']",hurricane,pacific,27,36,True,
EP131974__EP041953,"['EP131974', 'EP041953']",hurricane,pacific,27,25,True,
EP131974__EP061970,"['EP131974', 'EP061970']",hurricane,pacific,27,29,True,
EP131974__EP061984,"['EP131974', 'EP061984']",hurricane,pacific,27,27,True,
EP131974__EP072007,"['EP131974', 'EP072007']",hurricane,pacific,27,34,True,
EP131974__EP072012,"['EP131974', 'EP072012']",hurricane,pacific,27,33,True,
EP131974__EP092000,"['EP131974', 'EP092000']",hurricane,pacific,27,25,True,
EP131974__EP111995,"['EP131974', 'EP111995']",hurricane,pacific,27,41,True,
EP131974__EP112012,"['EP131974', 'EP112012']",hurricane,pacific,27,33,True,
EP131974__EP171987,"['EP131974', 'EP171987']",hurricane,pacific,27,27,True,
EP131974__EP182014,"['EP131974', 'EP182014']",hurricane,pacific,27,36,True,
EP131982__EP071992,"['EP131982', 'EP071992']",hurricane,pacific,32,42,True,
EP131983__EP052015,"['EP131983', 'EP052015']",hurricane,pacific,34,45,True,
EP131983__EP062012,"['EP131983', 'EP062012']",hurricane,pacific,34,40,True,
EP131983__EP071972,"['EP131983', 'EP071972']",hurricane,pacific,34,37,True,
EP131983__EP091991,"['EP131983', 'EP091991']",hurricane,pacific,34,26,True,
EP131983__EP101989,"['EP131983', 'EP101989']",hurricane,pacific,34,27,True,
EP131983__EP181989,"['EP131983', 'EP181989']",hurricane,pacific,34,33,True,
EP131983__EP191985,"['EP131983', 'EP191985']",hurricane,pacific,34,37,True,
EP131985__EP032004,"['EP131985', 'EP032004']",hurricane,pacific,29,28,True,
EP131985__EP041979,"['EP131985', 'EP041979']",hurricane,pacific,29,27,True,
EP131985__EP042014,"['EP131985', 'EP042014']",hurricane,pacific,29,42,True,
EP131985__EP051952,"['EP131985', 'EP051952']",hurricane,pacific,29,29,True,
EP131985__EP061992,"['EP131985', 'EP061992']",hurricane,pacific,29,34,True,
EP131985__EP071990,"['EP131985', 'EP071990']",hurricane,pacific,29,28,True,
EP131985__EP081967,"['EP131985', 'EP081967']",hurricane,pacific,29,25,True,
EP131985__EP081998,"['EP131985', 'EP081998']",hurricane,pacific,29,26,True,
EP131985__EP091995,"['EP131985', 'EP091995']",hurricane,pacific,29,29,True,
EP131985__EP092002,"['EP131985', 'EP092002']",hurricane,pacific,29,26,True,
EP131985__EP101968,"['EP131985', 'EP101968']",hurricane,pacific,29,29,True,
EP131985__EP101980,"['EP131985', 'EP101980']",hurricane,pacific,29,26,True,
EP131985__EP102002,"['EP131985', 'EP102002']",hurricane,pacific,29,31,True,
EP131985__EP141997,"['EP131985', 'EP141997']",hurricane,pacific,29,34,True,
EP131985__EP151985,"['EP131985', 'EP151985']",hurricane,pacific,29,38,True,
EP131985__EP211992,"['EP131985', 'EP211992']",hurricane,pacific,29,40,True,
EP131986__EP112004,"['EP131986', 'EP112004']",hurricane,pacific,28,44,True,
EP131987__EP031984,"['EP131987', 'EP031984']",hurricane,pacific,29,36,True,
EP131987__EP042002,"['EP131987', 'EP042002']",hurricane,pacific,29,30,True,
EP131987__EP081995,"['EP131987', 'EP081995']",hurricane,pacific,29,28,True,
EP131987__EP092011,"['EP131987', 'EP092011']",hurricane,pacific,29,50,True,
EP131987__EP101990,"['EP131987', 'EP101990']",hurricane,pacific,29,38,True,
EP131987__EP112004,"['EP131987', 'EP112004']",hurricane,pacific,29,44,True,
EP131987__EP152001,"['EP131987', 'EP152001']",hurricane,pacific,29,31,True,
EP131987__EP231990,"['EP131987', 'EP231990']",hurricane,pacific,29,67,True,
EP131990__EP031991,"['EP131990', 'EP031991']",hurricane,pacific,32,45,True,
EP131990__EP041978,"['EP131990', 'EP041978']",hurricane,pacific,32,29,True,
EP131990__EP051968,"['EP131990', 'EP051968']",hurricane,pacific,32,33,True,
EP131990__EP052011,"['EP131990', 'EP052011']",hurricane,pacific,32,44,True,
EP131990__EP081976,"['EP131990', 'EP081976']",hurricane,pacific,32,31,True,
EP131990__EP081991,"['EP131990', 'EP081991']",hurricane,pacific,32,28,True,
EP131990__EP082008,"['EP131990', 'EP082008']",hurricane,pacific,32,40,True,
EP131990__EP091998,"['EP131990', 'EP091998']",hurricane,pacific,32,40,True,
EP131990__EP092012,"['EP131990', 'EP092012']",hurricane,pacific,32,47,True,
EP131990__EP121989,"['EP131990', 'EP121989']",hurricane,pacific,32,45,True,
EP131990__EP151990,"['EP131990', 'EP151990']",hurricane,pacific,32,36,True,
EP131990__EP181985,"['EP131990', 'EP181985']",hurricane,pacific,32,46,True,
EP131994__EP061988,"['EP131994', 'EP061988']",hurricane,pacific,30,49,True,
EP131994__EP081999,"['EP131994', 'EP081999']",hurricane,pacific,30,39,True,
EP131994__EP092007,"['EP131994', 'EP092007']",hurricane,pacific,30,32,True,
EP131994__EP101978,"['EP131994', 'EP101978']",hurricane,pacific,30,50,True,
EP131994__EP161990,"['EP131994', 'EP161990']",hurricane,pacific,30,55,True,
EP132004__EP091959,"['EP132004', 'EP091959']",hurricane,pacific,39,31,True,
EP132004__EP091993,"['EP132004', 'EP091993']",hurricane,pacific,39,42,True,
EP132004__EP112006,"['EP132004', 'EP112006']",hurricane,pacific,39,32,True,
EP132004__EP132009,"['EP132004', 'EP132009']",hurricane,pacific,39,39,True,
EP132011__EP011970,"['EP132011', 'EP011970']",hurricane,pacific,31,31,True,
EP132011__EP011973,"['EP132011', 'EP011973']",hurricane,pacific,31,43,True,
EP132011__EP101976,"['EP132011', 'EP101976']",hurricane,pacific,31,41,True,
EP132012__EP101996,"['EP132012', 'EP101996']",hurricane,pacific,44,46,True,
EP132013__EP152005,"['EP132013', 'EP152005']",hurricane,pacific,26,31,True,
EP132014__EP221992,"['EP132014', 'EP221992']",hurricane,pacific,46,98,True,
EP132015__EP071976,"['EP132015', 'EP071976']",hurricane,pacific,63,54,True,
EP141967__EP092013,"['EP141967', 'EP092013']",hurricane,pacific,37,31,True,
EP141970__EP021949,"['EP141970', 'EP021949']",hurricane,pacific,25,25,True,
EP141970__EP031949,"['EP141970', 'EP031949']",hurricane,pacific,25,25,True,
EP141970__EP081996,"['EP141970', 'EP081996']",hurricane,pacific,25,29,True,
EP141970__EP082012,"['EP141970', 'EP082012']",hurricane,pacific,25,35,True,
EP141970__EP132003,"['EP141970', 'EP132003']",hurricane,pacific,25,31,True,
EP141970__EP141987,"['EP141970', 'EP141987']",hurricane,pacific,25,25,True,
EP141970__EP142014,"['EP141970', 'EP142014']",hurricane,pacific,25,35,True,
EP141970__EP152005,"['EP141970', 'EP152005']",hurricane,pacific,25,31,True,
EP141971__EP011969,"['EP141971', 'EP011969']",hurricane,pacific,27,28,True,
EP141971__EP011976,"['EP141971', 'EP011976']",hurricane,pacific,27,44,True,
EP141971__EP012011,"['EP141971', 'EP012011']",hurricane,pacific,27,30,True,
EP141971__EP021983,"['EP141971', 'EP021983']",hurricane,pacific,27,38,True,
EP141971__EP021984,"['EP141971', 'EP021984']",hurricane,pacific,27,82,True,
EP141971__EP041975,"['EP141971', 'EP041975']",hurricane,pacific,27,41,True,
EP141971__EP141998,"['EP141971', 'EP141998']",hurricane,pacific,27,47,True,
EP141971__EP152001,"['EP141971', 'EP152001']",hurricane,pacific,27,31,True,
EP141971__EP172013,"['EP141971', 'EP172013']",hurricane,pacific,27,48,True,
EP141971__EP241990,"['EP141971', 'EP241990']",hurricane,pacific,27,41,True,
EP141978__EP041963,"['EP141978', 'EP041963']",hurricane,pacific,30,39,True,
EP141978__EP081972,"['EP141978', 'EP081972']",hurricane,pacific,30,41,True,
EP141978__EP091959,"['EP141978', 'EP091959']",hurricane,pacific,30,31,True,
EP141978__EP091991,"['EP141978', 'EP091991']",hurricane,pacific,30,26,True,
EP141978__EP131983,"['EP141978', 'EP131983']",hurricane,pacific,30,34,True,
EP141978__EP161997,"['EP141978', 'EP161997']",hurricane,pacific,30,43,True,
EP141982__EP031957,"['EP141982', 'EP031957']",hurricane,pacific,36,27,True,
EP141982__EP092013,"['EP141982', 'EP092013']",hurricane,pacific,36,31,True,
EP141982__EP141967,"['EP141982', 'EP141967']",hurricane,pacific,36,37,True,
EP141987__EP081996,"['EP141987', 'EP081996']",hurricane,pacific,25,29,True,
EP141987__EP082012,"['EP141987', 'EP082012']",hurricane,pacific,25,35,True,
EP141987__EP122007,"['EP141987', 'EP122007']",hurricane,pacific,25,28,True,
EP141987__EP131971,"['EP141987', 'EP131971']",hurricane,pacific,25,29,True,
EP141987__EP142007,"['EP141987', 'EP142007']",hurricane,pacific,25,25,True,
EP141987__EP152005,"['EP141987', 'EP152005']",hurricane,pacific,25,31,True,
EP141987__EP181970,"['EP141987', 'EP181970']",hurricane,pacific,25,29,True,
EP141990__EP122004,"['EP141990', 'EP122004']",hurricane,pacific,35,52,True,
EP141991__EP191990,"['EP141991', 'EP191990']",hurricane,pacific,42,35,True,
EP141991__EP212015,"['EP141991', 'EP212015']",hurricane,pacific,42,33,True,
EP141994__EP102004,"['EP141994', 'EP102004']",hurricane,pacific,28,33,True,
EP141994__EP201992,"['EP141994', 'EP201992']",hurricane,pacific,28,69,True,
EP141997__EP032004,"['EP141997', 'EP032004']",hurricane,pacific,34,28,True,
EP141997__EP041979,"['EP141997', 'EP041979']",hurricane,pacific,34,27,True,
EP141997__EP042014,"['EP141997', 'EP042014']",hurricane,pacific,34,42,True,
EP141997__EP061966,"['EP141997', 'EP061966']",hurricane,pacific,34,43,True,
EP141997__EP061992,"['EP141997', 'EP061992']",hurricane,pacific,34,34,True,
EP141997__EP071971,"['EP141997', 'EP071971']",hurricane,pacific,34,29,True,
EP141997__EP071990,"['EP141997', 'EP071990']",hurricane,pacific,34,28,True,
EP141997__EP091995,"['EP141997', 'EP091995']",hurricane,pacific,34,29,True,
EP141997__EP092000,"['EP141997', 'EP092000']",hurricane,pacific,34,25,False,previously tested unordered pair
EP141997__EP101968,"['EP141997', 'EP101968']",hurricane,pacific,34,29,True,
EP141997__EP101983,"['EP141997', 'EP101983']",hurricane,pacific,34,31,True,
EP141997__EP111975,"['EP141997', 'EP111975']",hurricane,pacific,34,37,True,
EP141997__EP112004,"['EP141997', 'EP112004']",hurricane,pacific,34,44,True,
EP141997__EP121968,"['EP141997', 'EP121968']",hurricane,pacific,34,37,True,
EP141997__EP131986,"['EP141997', 'EP131986']",hurricane,pacific,34,28,True,
EP141997__EP151985,"['EP141997', 'EP151985']",hurricane,pacific,34,38,True,
EP141997__EP171994,"['EP141997', 'EP171994']",hurricane,pacific,34,31,True,
EP141997__EP191982,"['EP141997', 'EP191982']",hurricane,pacific,34,27,True,
EP141997__EP212015,"['EP141997', 'EP212015']",hurricane,pacific,34,33,True,
EP141998__EP011976,"['EP141998', 'EP011976']",hurricane,pacific,47,44,True,
EP141998__EP021984,"['EP141998', 'EP021984']",hurricane,pacific,47,82,True,
EP142003__EP111998,"['EP142003', 'EP111998']",hurricane,pacific,28,33,True,
EP142003__EP152005,"['EP142003', 'EP152005']",hurricane,pacific,28,31,True,
EP142005__EP012015,"['EP142005', 'EP012015']",hurricane,pacific,33,40,True,
EP142005__EP072012,"['EP142005', 'EP072012']",hurricane,pacific,33,33,True,
EP142005__EP101996,"['EP142005', 'EP101996']",hurricane,pacific,33,46,True,
EP142005__EP132012,"['EP142005', 'EP132012']",hurricane,pacific,33,44,True,
EP142007__EP082012,"['EP142007', 'EP082012']",hurricane,pacific,25,35,True,
EP142014__EP112012,"['EP142014', 'EP112012']",hurricane,pacific,35,33,True,
EP142014__EP132003,"['EP142014', 'EP132003']",hurricane,pacific,35,31,True,
EP151967__EP011985,"['EP151967', 'EP011985']",hurricane,pacific,27,27,True,
EP151967__EP031984,"['EP151967', 'EP031984']",hurricane,pacific,27,36,True,
EP151967__EP032010,"['EP151967', 'EP032010']",hurricane,pacific,27,32,True,
EP151967__EP042002,"['EP151967', 'EP042002']",hurricane,pacific,27,30,True,
EP151967__EP051973,"['EP151967', 'EP051973']",hurricane,pacific,27,27,True,
EP151967__EP061982,"['EP151967', 'EP061982']",hurricane,pacific,27,32,True,
EP151967__EP072012,"['EP151967', 'EP072012']",hurricane,pacific,27,33,True,
EP151967__EP091971,"['EP151967', 'EP091971']",hurricane,pacific,27,35,True,
EP151967__EP092000,"['EP151967', 'EP092000']",hurricane,pacific,27,25,True,
EP151967__EP111975,"['EP151967', 'EP111975']",hurricane,pacific,27,37,True,
EP151967__EP112004,"['EP151967', 'EP112004']",hurricane,pacific,27,44,True,
EP151967__EP131986,"['EP151967', 'EP131986']",hurricane,pacific,27,28,True,
EP151967__EP131987,"['EP151967', 'EP131987']",hurricane,pacific,27,29,True,
EP151967__EP191982,"['EP151967', 'EP191982']",hurricane,pacific,27,27,True,
EP151967__EP231990,"['EP151967', 'EP231990']",hurricane,pacific,27,67,True,
EP151968__EP022008,"['EP151968', 'EP022008']",hurricane,pacific,35,37,True,
EP151968__EP031978,"['EP151968', 'EP031978']",hurricane,pacific,35,35,True,
EP151968__EP091982,"['EP151968', 'EP091982']",hurricane,pacific,35,30,True,
EP151968__EP122004,"['EP151968', 'EP122004']",hurricane,pacific,35,52,True,
EP151968__EP191990,"['EP151968', 'EP191990']",hurricane,pacific,35,35,True,
EP151982__EP062006,"['EP151982', 'EP062006']",hurricane,pacific,29,41,True,
EP151982__EP071972,"['EP151982', 'EP071972']",hurricane,pacific,29,37,True,
EP151982__EP091991,"['EP151982', 'EP091991']",hurricane,pacific,29,26,True,
EP151982__EP131983,"['EP151982', 'EP131983']",hurricane,pacific,29,34,True,
EP151982__EP142000,"['EP151982', 'EP142000']",hurricane,pacific,29,37,True,
EP151982__EP152015,"['EP151982', 'EP152015']",hurricane,pacific,29,40,True,
EP151982__EP181989,"['EP151982', 'EP181989']",hurricane,pacific,29,33,True,
EP151982__EP191985,"['EP151982', 'EP191985']",hurricane,pacific,29,37,True,
EP151985__EP091995,"['EP151985', 'EP091995']",hurricane,pacific,38,29,True,
EP151987__EP031959,"['EP151987', 'EP031959']",hurricane,pacific,28,25,True,
EP151989__EP051995,"['EP151989', 'EP051995']",hurricane,pacific,40,36,True,
EP151989__EP061982,"['EP151989', 'EP061982']",hurricane,pacific,40,32,True,
EP151989__EP071971,"['EP151989', 'EP071971']",hurricane,pacific,40,29,True,
EP151989__EP091972,"['EP151989', 'EP091972']",hurricane,pacific,40,33,True,
EP151989__EP101980,"['EP151989', 'EP101980']",hurricane,pacific,40,26,True,
EP151989__EP101983,"['EP151989', 'EP101983']",hurricane,pacific,40,31,True,
EP151989__EP101985,"['EP151989', 'EP101985']",hurricane,pacific,40,37,True,
EP151989__EP111975,"['EP151989', 'EP111975']",hurricane,pacific,40,37,True,
EP151989__EP112004,"['EP151989', 'EP112004']",hurricane,pacific,40,44,True,
EP151989__EP121968,"['EP151989', 'EP121968']",hurricane,pacific,40,37,True,
EP151989__EP131986,"['EP151989', 'EP131986']",hurricane,pacific,40,28,True,
EP151989__EP141997,"['EP151989', 'EP141997']",hurricane,pacific,40,34,True,
EP151989__EP151967,"['EP151989', 'EP151967']",hurricane,pacific,40,27,True,
EP151989__EP191982,"['EP151989', 'EP191982']",hurricane,pacific,40,27,True,
EP151989__EP212015,"['EP151989', 'EP212015']",hurricane,pacific,40,33,True,
EP151990__EP041978,"['EP151990', 'EP041978']",hurricane,pacific,36,29,True,
EP151990__EP091998,"['EP151990', 'EP091998']",hurricane,pacific,36,40,True,
EP151990__EP092012,"['EP151990', 'EP092012']",hurricane,pacific,36,47,True,
EP151990__EP121989,"['EP151990', 'EP121989']",hurricane,pacific,36,45,True,
EP151990__EP181985,"['EP151990', 'EP181985']",hurricane,pacific,36,46,True,
EP152001__EP031984,"['EP152001', 'EP031984']",hurricane,pacific,31,36,True,
EP152001__EP042002,"['EP152001', 'EP042002']",hurricane,pacific,31,30,True,
EP152001__EP081995,"['EP152001', 'EP081995']",hurricane,pacific,31,28,True,
EP152001__EP092011,"['EP152001', 'EP092011']",hurricane,pacific,31,50,True,
EP152001__EP151991,"['EP152001', 'EP151991']",hurricane,pacific,31,45,True,
EP152001__EP182014,"['EP152001', 'EP182014']",hurricane,pacific,31,36,True,
EP152001__EP231990,"['EP152001', 'EP231990']",hurricane,pacific,31,67,True,
EP152007__EP012015,"['EP152007', 'EP012015']",hurricane,pacific,50,40,True,
EP152007__EP061966,"['EP152007', 'EP061966']",hurricane,pacific,50,43,True,
EP152007__EP171994,"['EP152007', 'EP171994']",hurricane,pacific,50,31,True,
EP152008__EP202009,"['EP152008', 'EP202009']",hurricane,pacific,38,27,True,
EP152009__EP062015,"['EP152009', 'EP062015']",hurricane,pacific,38,38,True,
EP152014__EP022015,"['EP152014', 'EP022015']",hurricane,pacific,37,38,True,
EP152014__EP161968,"['EP152014', 'EP161968']",hurricane,pacific,37,31,True,
EP152014__EP192014,"['EP152014', 'EP192014']",hurricane,pacific,37,35,True,
EP161968__EP022015,"['EP161968', 'EP022015']",hurricane,pacific,31,38,True,
EP161968__EP091993,"['EP161968', 'EP091993']",hurricane,pacific,31,42,True,
EP161968__EP112006,"['EP161968', 'EP112006']",hurricane,pacific,31,32,True,
EP161968__EP152008,"['EP161968', 'EP152008']",hurricane,pacific,31,38,True,
EP161968__EP192014,"['EP161968', 'EP192014']",hurricane,pacific,31,35,True,
EP161970__EP011973,"['EP161970', 'EP011973']",hurricane,pacific,31,43,True,
EP161970__EP031998,"['EP161970', 'EP031998']",hurricane,pacific,31,36,True,
EP161970__EP041992,"['EP161970', 'EP041992']",hurricane,pacific,31,50,True,
EP161970__EP071978,"['EP161970', 'EP071978']",hurricane,pacific,31,29,True,
EP161970__EP091998,"['EP161970', 'EP091998']",hurricane,pacific,31,40,True,
EP161970__EP092012,"['EP161970', 'EP092012']",hurricane,pacific,31,47,True,
EP161970__EP151991,"['EP161970', 'EP151991']",hurricane,pacific,31,45,True,
EP161970__EP191984,"['EP161970', 'EP191984']",hurricane,pacific,31,33,True,
EP161971__EP011983,"['EP161971', 'EP011983']",hurricane,pacific,27,31,True,
EP161971__EP131976,"['EP161971', 'EP131976']",hurricane,pacific,27,40,True,
EP161971__EP171986,"['EP161971', 'EP171986']",hurricane,pacific,27,28,True,
EP161983__EP021949,"['EP161983', 'EP021949']",hurricane,pacific,26,25,True,
EP161983__EP031957,"['EP161983', 'EP031957']",hurricane,pacific,26,27,True,
EP161983__EP072007,"['EP161983', 'EP072007']",hurricane,pacific,26,34,True,
EP161983__EP092013,"['EP161983', 'EP092013']",hurricane,pacific,26,31,True,
EP161983__EP111967,"['EP161983', 'EP111967']",hurricane,pacific,26,27,True,
EP161983__EP141982,"['EP161983', 'EP141982']",hurricane,pacific,26,36,True,
EP161990__EP061988,"['EP161990', 'EP061988']",hurricane,pacific,55,49,True,
EP161990__EP111982,"['EP161990', 'EP111982']",hurricane,pacific,55,34,True,
EP161990__EP121985,"['EP161990', 'EP121985']",hurricane,pacific,55,42,True,
EP162003__EP012001,"['EP162003', 'EP012001']",hurricane,pacific,25,29,True,
EP162003__EP012002,"['EP162003', 'EP012002']",hurricane,pacific,25,31,True,
EP162003__EP012011,"['EP162003', 'EP012011']",hurricane,pacific,25,30,True,
EP162003__EP012012,"['EP162003', 'EP012012']",hurricane,pacific,25,26,True,
EP162003__EP111988,"['EP162003', 'EP111988']",hurricane,pacific,25,34,True,
EP162003__EP241990,"['EP162003', 'EP241990']",hurricane,pacific,25,41,True,
EP162005__EP181984,"['EP162005', 'EP181984']",hurricane,pacific,26,36,True,
EP162009__EP211992,"['EP162009', 'EP211992']",hurricane,pacific,30,40,True,
EP171982__EP031996,"['EP171982', 'EP031996']",hurricane,pacific,25,29,True,
EP171982__EP032015,"['EP171982', 'EP032015']",hurricane,pacific,25,32,True,
EP171983__EP071976,"['EP171983', 'EP071976']",hurricane,pacific,51,54,True,
EP171983__EP132015,"['EP171983', 'EP132015']",hurricane,pacific,51,63,True,
EP171984__EP011958,"['EP171984', 'EP011958']",hurricane,pacific,31,41,True,
EP171984__EP071984,"['EP171984', 'EP071984']",hurricane,pacific,31,30,True,
EP171984__EP132009,"['EP171984', 'EP132009']",hurricane,pacific,31,39,True,
EP171984__EP202009,"['EP171984', 'EP202009']",hurricane,pacific,31,27,True,
EP171984__EP212014,"['EP171984', 'EP212014']",hurricane,pacific,31,27,True,
EP171985__EP161985,"['EP171985', 'EP161985']",hurricane,pacific,45,53,True,
EP171986__EP161982,"['EP171986', 'EP161982']",hurricane,pacific,28,47,True,
EP171986__EP202009,"['EP171986', 'EP202009']",hurricane,pacific,28,27,True,
EP171987__EP021981,"['EP171987', 'EP021981']",hurricane,pacific,27,25,True,
EP171987__EP031984,"['EP171987', 'EP031984']",hurricane,pacific,27,36,True,
EP171987__EP042002,"['EP171987', 'EP042002']",hurricane,pacific,27,30,True,
EP171987__EP061984,"['EP171987', 'EP061984']",hurricane,pacific,27,27,True,
EP171987__EP071995,"['EP171987', 'EP071995']",hurricane,pacific,27,27,True,
EP171987__EP072007,"['EP171987', 'EP072007']",hurricane,pacific,27,34,True,
EP171987__EP072012,"['EP171987', 'EP072012']",hurricane,pacific,27,33,True,
EP171987__EP081980,"['EP171987', 'EP081980']",hurricane,pacific,27,30,True,
EP171987__EP092000,"['EP171987', 'EP092000']",hurricane,pacific,27,25,True,
EP171987__EP101983,"['EP171987', 'EP101983']",hurricane,pacific,27,31,True,
EP171987__EP111983,"['EP171987', 'EP111983']",hurricane,pacific,27,36,True,
EP171987__EP131987,"['EP171987', 'EP131987']",hurricane,pacific,27,29,True,
EP171987__EP182014,"['EP171987', 'EP182014']",hurricane,pacific,27,36,True,
EP171987__EP212015,"['EP171987', 'EP212015']",hurricane,pacific,27,33,True,
EP172000__EP031984,"['EP172000', 'EP031984']",hurricane,pacific,32,36,True,
EP172000__EP032011,"['EP172000', 'EP032011']",hurricane,pacific,32,29,True,
EP172000__EP032014,"['EP172000', 'EP032014']",hurricane,pacific,32,41,True,
EP172000__EP041953,"['EP172000', 'EP041953']",hurricane,pacific,32,25,True,
EP172000__EP061970,"['EP172000', 'EP061970']",hurricane,pacific,32,29,False,previously tested unordered pair
EP172000__EP061984,"['EP172000', 'EP061984']",hurricane,pacific,32,27,True,
EP172000__EP071995,"['EP172000', 'EP071995']",hurricane,pacific,32,27,True,
EP172000__EP072007,"['EP172000', 'EP072007']",hurricane,pacific,32,34,True,
EP172000__EP072012,"['EP172000', 'EP072012']",hurricane,pacific,32,33,True,
EP172000__EP081995,"['EP172000', 'EP081995']",hurricane,pacific,32,28,True,
EP172000__EP082012,"['EP172000', 'EP082012']",hurricane,pacific,32,35,True,
EP172000__EP111983,"['EP172000', 'EP111983']",hurricane,pacific,32,36,True,
EP172000__EP111995,"['EP172000', 'EP111995']",hurricane,pacific,32,41,True,
EP172000__EP112012,"['EP172000', 'EP112012']",hurricane,pacific,32,33,True,
EP172000__EP131974,"['EP172000', 'EP131974']",hurricane,pacific,32,27,True,
EP172000__EP171987,"['EP172000', 'EP171987']",hurricane,pacific,32,27,True,
EP172000__EP182014,"['EP172000', 'EP182014']",hurricane,pacific,32,36,True,
EP172009__EP122006,"['EP172009', 'EP122006']",hurricane,pacific,31,42,True,
EP172009__EP141991,"['EP172009', 'EP141991']",hurricane,pacific,31,42,True,
EP172009__EP142009,"['EP172009', 'EP142009']",hurricane,pacific,31,39,True,
EP172012__EP011993,"['EP172012', 'EP011993']",hurricane,pacific,26,34,True,
EP172013__EP111988,"['EP172013', 'EP111988']",hurricane,pacific,48,34,True,
EP172013__EP112012,"['EP172013', 'EP112012']",hurricane,pacific,48,33,True,
EP172013__EP182014,"['EP172013', 'EP182014']",hurricane,pacific,48,36,True,
EP172013__EP241990,"['EP172013', 'EP241990']",hurricane,pacific,48,41,True,
EP172014__EP042010,"['EP172014', 'EP042010']",hurricane,pacific,44,50,True,
EP181970__EP142003,"['EP181970', 'EP142003']",hurricane,pacific,29,28,True,
EP181970__EP142007,"['EP181970', 'EP142007']",hurricane,pacific,29,25,True,
EP181970__EP152005,"['EP181970', 'EP152005']",hurricane,pacific,29,31,True,
EP181982__EP011973,"['EP181982', 'EP011973']",hurricane,pacific,40,43,True,
EP181982__EP031998,"['EP181982', 'EP031998']",hurricane,pacific,40,36,True,
EP181982__EP041992,"['EP181982', 'EP041992']",hurricane,pacific,40,50,True,
EP181984__EP012011,"['EP181984', 'EP012011']",hurricane,pacific,36,30,True,
EP181984__EP032011,"['EP181984', 'EP032011']",hurricane,pacific,36,29,True,
EP181984__EP042010,"['EP181984', 'EP042010']",hurricane,pacific,36,50,True,
EP181984__EP091988,"['EP181984', 'EP091988']",hurricane,pacific,36,36,True,
EP181984__EP162003,"['EP181984', 'EP162003']",hurricane,pacific,36,25,True,
EP181984__EP172014,"['EP181984', 'EP172014']",hurricane,pacific,36,44,True,
EP181985__EP092012,"['EP181985', 'EP092012']",hurricane,pacific,46,47,True,
EP181989__EP022015,"['EP181989', 'EP022015']",hurricane,pacific,33,38,True,
EP181989__EP052015,"['EP181989', 'EP052015']",hurricane,pacific,33,45,True,
EP181989__EP062012,"['EP181989', 'EP062012']",hurricane,pacific,33,40,True,
EP181989__EP152015,"['EP181989', 'EP152015']",hurricane,pacific,33,40,True,
EP181989__EP192014,"['EP181989', 'EP192014']",hurricane,pacific,33,35,True,
EP191968__EP021999,"['EP191968', 'EP021999']",hurricane,pacific,33,32,True,
EP191968__EP031978,"['EP191968', 'EP031978']",hurricane,pacific,33,35,True,
EP191968__EP031994,"['EP191968', 'EP031994']",hurricane,pacific,33,29,True,
EP191968__EP032013,"['EP191968', 'EP032013']",hurricane,pacific,33,30,True,
EP191968__EP041966,"['EP191968', 'EP041966']",hurricane,pacific,33,38,True,
EP191968__EP052002,"['EP191968', 'EP052002']",hurricane,pacific,33,27,True,
EP191968__EP061981,"['EP191968', 'EP061981']",hurricane,pacific,33,27,True,
EP191968__EP081976,"['EP191968', 'EP081976']",hurricane,pacific,33,31,True,
EP191968__EP081993,"['EP191968', 'EP081993']",hurricane,pacific,33,56,True,
EP191968__EP101985,"['EP191968', 'EP101985']",hurricane,pacific,33,37,True,
EP191968__EP111985,"['EP191968', 'EP111985']",hurricane,pacific,33,36,True,
EP191968__EP121993,"['EP191968', 'EP121993']",hurricane,pacific,33,50,True,
EP191982__EP061982,"['EP191982', 'EP061982']",hurricane,pacific,27,32,True,
EP191982__EP101983,"['EP191982', 'EP101983']",hurricane,pacific,27,31,True,
EP191982__EP112004,"['EP191982', 'EP112004']",hurricane,pacific,27,44,True,
EP191982__EP131986,"['EP191982', 'EP131986']",hurricane,pacific,27,28,True,
EP191983__EP212014,"['EP191983', 'EP212014']",hurricane,pacific,34,27,True,
EP191984__EP092012,"['EP191984', 'EP092012']",hurricane,pacific,33,47,True,
EP191985__EP052015,"['EP191985', 'EP052015']",hurricane,pacific,37,45,True,
EP191985__EP062006,"['EP191985', 'EP062006']",hurricane,pacific,37,41,True,
EP191985__EP071972,"['EP191985', 'EP071972']",hurricane,pacific,37,37,True,
EP191985__EP091984,"['EP191985', 'EP091984']",hurricane,pacific,37,36,True,
EP191985__EP091991,"['EP191985', 'EP091991']",hurricane,pacific,37,26,True,
EP191985__EP101989,"['EP191985', 'EP101989']",hurricane,pacific,37,27,True,
EP191985__EP101990,"['EP191985', 'EP101990']",hurricane,pacific,37,38,True,
EP191985__EP111983,"['EP191985', 'EP111983']",hurricane,pacific,37,36,True,
EP191985__EP181989,"['EP191985', 'EP181989']",hurricane,pacific,37,33,True,
EP191990__EP141990,"['EP191990', 'EP141990']",hurricane,pacific,35,35,True,
EP192014__EP022015,"['EP192014', 'EP022015']",hurricane,pacific,35,38,True,
EP192014__EP062012,"['EP192014', 'EP062012']",hurricane,pacific,35,40,True,
EP192014__EP132009,"['EP192014', 'EP132009']",hurricane,pacific,35,39,True,
EP202009__EP011958,"['EP202009', 'EP011958']",hurricane,pacific,27,41,True,
EP202009__EP212014,"['EP202009', 'EP212014']",hurricane,pacific,27,27,True,
EP211990__EP152008,"['EP211990', 'EP152008']",hurricane,pacific,26,38,False,previously tested unordered pair
EP211990__EP161968,"['EP211990', 'EP161968']",hurricane,pacific,26,31,True,
EP211990__EP202009,"['EP211990', 'EP202009']",hurricane,pacific,26,27,True,
EP211992__EP032004,"['EP211992', 'EP032004']",hurricane,pacific,40,28,True,
EP211992__EP042014,"['EP211992', 'EP042014']",hurricane,pacific,40,42,True,
EP211992__EP091995,"['EP211992', 'EP091995']",hurricane,pacific,40,29,True,
EP211992__EP212015,"['EP211992', 'EP212015']",hurricane,pacific,40,33,True,
EP212006__EP022003,"['EP212006', 'EP022003']",hurricane,pacific,29,31,True,
EP212014__EP031974,"['EP212014', 'EP031974']",hurricane,pacific,27,61,True,
EP212015__EP031990,"['EP212015', 'EP031990']",hurricane,pacific,33,32,True,
EP212015__EP032010,"['EP212015', 'EP032010']",hurricane,pacific,33,32,True,
EP212015__EP072012,"['EP212015', 'EP072012']",hurricane,pacific,33,33,True,
EP212015__EP131986,"['EP212015', 'EP131986']",hurricane,pacific,33,28,True,
EP212015__EP152007,"['EP212015', 'EP152007']",hurricane,pacific,33,50,True,
EP212015__EP171994,"['EP212015', 'EP171994']",hurricane,pacific,33,31,True,
EP241990__EP031974,"['EP241990', 'EP031974']",hurricane,pacific,41,61,True,
EP241990__EP111988,"['EP241990', 'EP111988']",hurricane,pacific,41,34,True,
