configuration_id,plan_order,domain,pair,alpha,method,nA,nB,origin,attempt_path,status,search_completed,construction_completed,count_scope,quantity,observed,finite_upper_bound,percent_of_bound,formula,assumptions,source,asymptotic_states,missing_reason,bound_missing_reason
hurricane:EP092002__EP171994:a0.5|CPS-2F,211,hurricane,EP092002__EP171994,0.5,CPS-2F,26,31,historical attempt,output/paper_v1/hurricane_final_20/slots/03/attempts/final20_03_30ed5a490d4340e4b557ed8452b1516c,validated,True,True,completed search,auxiliary_A,50.0,1300.0,3.8461538461538463,2 k(k-1),Interior curve-parameter intersections; CPS-3F percentage not applicable,Thesis Observation 4 p.18 and section 5.1 p.26; manuscript section 4.4 pp.15-16,O(n^3 m^3),,
hurricane:EP092002__EP171994:a0.5|CPS-2F,211,hurricane,EP092002__EP171994,0.5,CPS-2F,26,31,historical attempt,output/paper_v1/hurricane_final_20/slots/03/attempts/final20_03_30ed5a490d4340e4b557ed8452b1516c,validated,True,True,completed search,single_dense_A,1976.0,34476.0,5.731523378582202,k*(k+2k(k-1)),"Dense indexing slots, not valid vertices",Thesis Observation 4 p.18 and section 5.1 p.26; manuscript section 4.4 pp.15-16,O(n^3 m^3),,
hurricane:EP092002__EP171994:a0.5|CPS-2F,211,hurricane,EP092002__EP171994,0.5,CPS-2F,26,31,historical attempt,output/paper_v1/hurricane_final_20/slots/03/attempts/final20_03_30ed5a490d4340e4b557ed8452b1516c,validated,True,True,completed search,single_active_A,100.0,1976.0,5.060728744939271,k*(k+a),Anchored source/terminal included; single-graph construction complete,Thesis Observation 4 p.18 and section 5.1 p.26; manuscript section 4.4 pp.15-16,O(n^3 m^3),,
hurricane:EP092002__EP171994:a0.5|CPS-2F,211,hurricane,EP092002__EP171994,0.5,CPS-2F,26,31,historical attempt,output/paper_v1/hurricane_final_20/slots/03/attempts/final20_03_30ed5a490d4340e4b557ed8452b1516c,validated,True,True,completed search,single_edges_with_waits_A,2580.0,5050.0,51.08910891089109,H*(H+1)/2,Unique forward transitions plus exactly H waits; completed graph,Finite derivation from chain_graph() enumeration and pruning,O(n^3 m^3),,
hurricane:EP092002__EP171994:a0.5|CPS-2F,211,hurricane,EP092002__EP171994,0.5,CPS-2F,26,31,historical attempt,output/paper_v1/hurricane_final_20/slots/03/attempts/final20_03_30ed5a490d4340e4b557ed8452b1516c,validated,True,True,completed search,auxiliary_B,62.0,1860.0,3.333333333333333,2 k(k-1),Interior curve-parameter intersections; CPS-3F percentage not applicable,Thesis Observation 4 p.18 and section 5.1 p.26; manuscript section 4.4 pp.15-16,O(n^3 m^3),,
hurricane:EP092002__EP171994:a0.5|CPS-2F,211,hurricane,EP092002__EP171994,0.5,CPS-2F,26,31,historical attempt,output/paper_v1/hurricane_final_20/slots/03/attempts/final20_03_30ed5a490d4340e4b557ed8452b1516c,validated,True,True,completed search,single_dense_B,2883.0,58621.0,4.918032786885246,k*(k+2k(k-1)),"Dense indexing slots, not valid vertices",Thesis Observation 4 p.18 and section 5.1 p.26; manuscript section 4.4 pp.15-16,O(n^3 m^3),,
hurricane:EP092002__EP171994:a0.5|CPS-2F,211,hurricane,EP092002__EP171994,0.5,CPS-2F,26,31,historical attempt,output/paper_v1/hurricane_final_20/slots/03/attempts/final20_03_30ed5a490d4340e4b557ed8452b1516c,validated,True,True,completed search,single_active_B,142.0,2883.0,4.92542490461325,k*(k+a),Anchored source/terminal included; single-graph construction complete,Thesis Observation 4 p.18 and section 5.1 p.26; manuscript section 4.4 pp.15-16,O(n^3 m^3),,
hurricane:EP092002__EP171994:a0.5|CPS-2F,211,hurricane,EP092002__EP171994,0.5,CPS-2F,26,31,historical attempt,output/paper_v1/hurricane_final_20/slots/03/attempts/final20_03_30ed5a490d4340e4b557ed8452b1516c,validated,True,True,completed search,single_edges_with_waits_B,4031.0,10153.0,39.7025509701566,H*(H+1)/2,Unique forward transitions plus exactly H waits; completed graph,Finite derivation from chain_graph() enumeration and pruning,O(n^3 m^3),,
hurricane:EP092002__EP171994:a0.5|CPS-2F,211,hurricane,EP092002__EP171994,0.5,CPS-2F,26,31,historical attempt,output/paper_v1/hurricane_final_20/slots/03/attempts/final20_03_30ed5a490d4340e4b557ed8452b1516c,validated,True,True,completed search,configuration_states_input_bound,3208.0,2021017596.0,0.000158731918334,n*m*(n+2n(n-1))*(m+2m(m-1)),All index combinations; includes source/terminal; no hidden asymptotic constant,Thesis Observation 4 p.18 and section 5.1 p.26; manuscript section 4.4 pp.15-16,O(n^3 m^3),,
hurricane:EP092002__EP171994:a0.5|CPS-2F,211,hurricane,EP092002__EP171994,0.5,CPS-2F,26,31,historical attempt,output/paper_v1/hurricane_final_20/slots/03/attempts/final20_03_30ed5a490d4340e4b557ed8452b1516c,validated,True,True,completed search,configuration_states_extended_bound,3208.0,5696808.0,0.0563122366068858,n*m*(n+aA)*(m+aB),Actual extended-curve sizes; all index combinations,Thesis Observation 4 p.18 and section 5.1 p.26; manuscript section 4.4 pp.15-16,O(n^3 m^3),,
hurricane:EP092002__EP171994:a0.5|CPS-2F,211,hurricane,EP092002__EP171994,0.5,CPS-2F,26,31,historical attempt,output/paper_v1/hurricane_final_20/slots/03/attempts/final20_03_30ed5a490d4340e4b557ed8452b1516c,validated,True,True,completed search,configuration_states_active_bound,3208.0,14200.0,22.591549295774648,H_A*H_B,Completed single graphs; includes coupling-invalid combinations,Thesis Observation 4 p.18 and section 5.1 p.26; manuscript section 4.4 pp.15-16,O(n^3 m^3),,
hurricane:EP092002__EP171994:a0.5|CPS-2F,211,hurricane,EP092002__EP171994,0.5,CPS-2F,26,31,historical attempt,output/paper_v1/hurricane_final_20/slots/03/attempts/final20_03_30ed5a490d4340e4b557ed8452b1516c,validated,True,True,completed search,candidate_transition_checks,1098127.0,10385780.0,10.57337051237365,E_A*E_B-H_A*H_B,No duplicate single-graph entries; each product source popped once; excludes simultaneous waits,Finite derivation from solve_cps() and chain_graph(); see graph_bounds.md,O(n^3 m^3),,
hurricane:EP092002__EP171994:a0.5|CPS-2F,211,hurricane,EP092002__EP171994,0.5,CPS-2F,26,31,historical attempt,output/paper_v1/hurricane_final_20/slots/03/attempts/final20_03_30ed5a490d4340e4b557ed8452b1516c,validated,True,True,completed search,unique_configuration_edges,,100812900.0,,"N*(N-1)/2, N=H_A*H_B",Product graph not materialized; no observed unique-edge count; strict forward topological order,Finite DAG counting derivation; not a transition-check measurement,O(n^3 m^3),Counter unavailable or phase not reached; historical runs not rerun,
hurricane:EP092002__EP171994:a0.5|CPS-2F,211,hurricane,EP092002__EP171994,0.5,CPS-2F,26,31,historical attempt,output/paper_v1/hurricane_final_20/slots/03/attempts/final20_03_30ed5a490d4340e4b557ed8452b1516c,validated,True,True,completed search,dynamic_programming_labels,,369200.0,,n*H_A*H_B,At most n distinct A-hop counts per state; labels not instrumented,Thesis section5.1; manuscript section4.4; solve_cps values dictionaries,O(n^3 m^3),Counter unavailable or phase not reached; historical runs not rerun,
hurricane:EP092002__EP171994:a0.5|CPS-3F,212,hurricane,EP092002__EP171994,0.5,CPS-3F,26,31,historical attempt,output/paper_v1/hurricane_final_20/slots/04/attempts/final20_04_619d64cf04564736abd1dd18b2c8b991,validated,True,True,completed search,auxiliary_A,0.0,0.0,,0 (no auxiliary locations),Interior curve-parameter intersections; CPS-3F percentage not applicable,Thesis Observation 4 p.18 and section 5.1 p.26; manuscript section 4.4 pp.15-16,O(n^2 m^2),,Zero/non-applicable bound
hurricane:EP092002__EP171994:a0.5|CPS-3F,212,hurricane,EP092002__EP171994,0.5,CPS-3F,26,31,historical attempt,output/paper_v1/hurricane_final_20/slots/04/attempts/final20_04_619d64cf04564736abd1dd18b2c8b991,validated,True,True,completed search,single_dense_A,676.0,676.0,100.0,k^2,"Dense indexing slots, not valid vertices",Thesis Observation 4 p.18 and section 5.1 p.26; manuscript section 4.4 pp.15-16,O(n^2 m^2),,
hurricane:EP092002__EP171994:a0.5|CPS-3F,212,hurricane,EP092002__EP171994,0.5,CPS-3F,26,31,historical attempt,output/paper_v1/hurricane_final_20/slots/04/attempts/final20_04_619d64cf04564736abd1dd18b2c8b991,validated,True,True,completed search,single_active_A,26.0,676.0,3.8461538461538463,k*(k+a),Anchored source/terminal included; single-graph construction complete,Thesis Observation 4 p.18 and section 5.1 p.26; manuscript section 4.4 pp.15-16,O(n^2 m^2),,
hurricane:EP092002__EP171994:a0.5|CPS-3F,212,hurricane,EP092002__EP171994,0.5,CPS-3F,26,31,historical attempt,output/paper_v1/hurricane_final_20/slots/04/attempts/final20_04_619d64cf04564736abd1dd18b2c8b991,validated,True,True,completed search,single_edges_with_waits_A,51.0,351.0,14.52991452991453,H*(H+1)/2,Unique forward transitions plus exactly H waits; completed graph,Finite derivation from chain_graph() enumeration and pruning,O(n^2 m^2),,
hurricane:EP092002__EP171994:a0.5|CPS-3F,212,hurricane,EP092002__EP171994,0.5,CPS-3F,26,31,historical attempt,output/paper_v1/hurricane_final_20/slots/04/attempts/final20_04_619d64cf04564736abd1dd18b2c8b991,validated,True,True,completed search,auxiliary_B,0.0,0.0,,0 (no auxiliary locations),Interior curve-parameter intersections; CPS-3F percentage not applicable,Thesis Observation 4 p.18 and section 5.1 p.26; manuscript section 4.4 pp.15-16,O(n^2 m^2),,Zero/non-applicable bound
hurricane:EP092002__EP171994:a0.5|CPS-3F,212,hurricane,EP092002__EP171994,0.5,CPS-3F,26,31,historical attempt,output/paper_v1/hurricane_final_20/slots/04/attempts/final20_04_619d64cf04564736abd1dd18b2c8b991,validated,True,True,completed search,single_dense_B,961.0,961.0,100.0,k^2,"Dense indexing slots, not valid vertices",Thesis Observation 4 p.18 and section 5.1 p.26; manuscript section 4.4 pp.15-16,O(n^2 m^2),,
hurricane:EP092002__EP171994:a0.5|CPS-3F,212,hurricane,EP092002__EP171994,0.5,CPS-3F,26,31,historical attempt,output/paper_v1/hurricane_final_20/slots/04/attempts/final20_04_619d64cf04564736abd1dd18b2c8b991,validated,True,True,completed search,single_active_B,42.0,961.0,4.37044745057232,k*(k+a),Anchored source/terminal included; single-graph construction complete,Thesis Observation 4 p.18 and section 5.1 p.26; manuscript section 4.4 pp.15-16,O(n^2 m^2),,
hurricane:EP092002__EP171994:a0.5|CPS-3F,212,hurricane,EP092002__EP171994,0.5,CPS-3F,26,31,historical attempt,output/paper_v1/hurricane_final_20/slots/04/attempts/final20_04_619d64cf04564736abd1dd18b2c8b991,validated,True,True,completed search,single_edges_with_waits_B,122.0,903.0,13.510520487264673,H*(H+1)/2,Unique forward transitions plus exactly H waits; completed graph,Finite derivation from chain_graph() enumeration and pruning,O(n^2 m^2),,
hurricane:EP092002__EP171994:a0.5|CPS-3F,212,hurricane,EP092002__EP171994,0.5,CPS-3F,26,31,historical attempt,output/paper_v1/hurricane_final_20/slots/04/attempts/final20_04_619d64cf04564736abd1dd18b2c8b991,validated,True,True,completed search,configuration_states_input_bound,243.0,649636.0,0.0374055624996151,n^2*m^2,All index combinations; includes source/terminal; no hidden asymptotic constant,Thesis Observation 4 p.18 and section 5.1 p.26; manuscript section 4.4 pp.15-16,O(n^2 m^2),,
hurricane:EP092002__EP171994:a0.5|CPS-3F,212,hurricane,EP092002__EP171994,0.5,CPS-3F,26,31,historical attempt,output/paper_v1/hurricane_final_20/slots/04/attempts/final20_04_619d64cf04564736abd1dd18b2c8b991,validated,True,True,completed search,configuration_states_active_bound,243.0,1092.0,22.25274725274725,H_A*H_B,Completed single graphs; includes coupling-invalid combinations,Thesis Observation 4 p.18 and section 5.1 p.26; manuscript section 4.4 pp.15-16,O(n^2 m^2),,
hurricane:EP092002__EP171994:a0.5|CPS-3F,212,hurricane,EP092002__EP171994,0.5,CPS-3F,26,31,historical attempt,output/paper_v1/hurricane_final_20/slots/04/attempts/final20_04_619d64cf04564736abd1dd18b2c8b991,validated,True,True,completed search,candidate_transition_checks,891.0,5130.0,17.36842105263158,E_A*E_B-H_A*H_B,No duplicate single-graph entries; each product source popped once; excludes simultaneous waits,Finite derivation from solve_cps() and chain_graph(); see graph_bounds.md,O(n^2 m^2),,
hurricane:EP092002__EP171994:a0.5|CPS-3F,212,hurricane,EP092002__EP171994,0.5,CPS-3F,26,31,historical attempt,output/paper_v1/hurricane_final_20/slots/04/attempts/final20_04_619d64cf04564736abd1dd18b2c8b991,validated,True,True,completed search,unique_configuration_edges,,595686.0,,"N*(N-1)/2, N=H_A*H_B",Product graph not materialized; no observed unique-edge count; strict forward topological order,Finite DAG counting derivation; not a transition-check measurement,O(n^2 m^2),Counter unavailable or phase not reached; historical runs not rerun,
hurricane:EP092002__EP171994:a0.5|CPS-3F,212,hurricane,EP092002__EP171994,0.5,CPS-3F,26,31,historical attempt,output/paper_v1/hurricane_final_20/slots/04/attempts/final20_04_619d64cf04564736abd1dd18b2c8b991,validated,True,True,completed search,dynamic_programming_labels,,28392.0,,n*H_A*H_B,At most n distinct A-hop counts per state; labels not instrumented,Thesis section5.1; manuscript section4.4; solve_cps values dictionaries,O(n^2 m^2),Counter unavailable or phase not reached; historical runs not rerun,
hurricane:AL091944__AL031917:a0.5|CPS-2F,214,hurricane,AL091944__AL031917,0.5,CPS-2F,29,35,historical attempt,output/paper_v1/hurricane_final_20/slots/06/attempts/final20_06_866e9f142f5548c9b31eea1aac3dc726,validated,True,True,completed search,auxiliary_A,56.0,1624.0,3.4482758620689653,2 k(k-1),Interior curve-parameter intersections; CPS-3F percentage not applicable,Thesis Observation 4 p.18 and section 5.1 p.26; manuscript section 4.4 pp.15-16,O(n^3 m^3),,
hurricane:AL091944__AL031917:a0.5|CPS-2F,214,hurricane,AL091944__AL031917,0.5,CPS-2F,29,35,historical attempt,output/paper_v1/hurricane_final_20/slots/06/attempts/final20_06_866e9f142f5548c9b31eea1aac3dc726,validated,True,True,completed search,single_dense_A,2465.0,47937.0,5.142165759225651,k*(k+2k(k-1)),"Dense indexing slots, not valid vertices",Thesis Observation 4 p.18 and section 5.1 p.26; manuscript section 4.4 pp.15-16,O(n^3 m^3),,
hurricane:AL091944__AL031917:a0.5|CPS-2F,214,hurricane,AL091944__AL031917,0.5,CPS-2F,29,35,historical attempt,output/paper_v1/hurricane_final_20/slots/06/attempts/final20_06_866e9f142f5548c9b31eea1aac3dc726,validated,True,True,completed search,single_active_A,133.0,2465.0,5.395537525354969,k*(k+a),Anchored source/terminal included; single-graph construction complete,Thesis Observation 4 p.18 and section 5.1 p.26; manuscript section 4.4 pp.15-16,O(n^3 m^3),,
hurricane:AL091944__AL031917:a0.5|CPS-2F,214,hurricane,AL091944__AL031917,0.5,CPS-2F,29,35,historical attempt,output/paper_v1/hurricane_final_20/slots/06/attempts/final20_06_866e9f142f5548c9b31eea1aac3dc726,validated,True,True,completed search,single_edges_with_waits_A,4459.0,8911.0,50.03927729772192,H*(H+1)/2,Unique forward transitions plus exactly H waits; completed graph,Finite derivation from chain_graph() enumeration and pruning,O(n^3 m^3),,
hurricane:AL091944__AL031917:a0.5|CPS-2F,214,hurricane,AL091944__AL031917,0.5,CPS-2F,29,35,historical attempt,output/paper_v1/hurricane_final_20/slots/06/attempts/final20_06_866e9f142f5548c9b31eea1aac3dc726,validated,True,True,completed search,auxiliary_B,68.0,2380.0,2.857142857142857,2 k(k-1),Interior curve-parameter intersections; CPS-3F percentage not applicable,Thesis Observation 4 p.18 and section 5.1 p.26; manuscript section 4.4 pp.15-16,O(n^3 m^3),,
hurricane:AL091944__AL031917:a0.5|CPS-2F,214,hurricane,AL091944__AL031917,0.5,CPS-2F,29,35,historical attempt,output/paper_v1/hurricane_final_20/slots/06/attempts/final20_06_866e9f142f5548c9b31eea1aac3dc726,validated,True,True,completed search,single_dense_B,3605.0,84525.0,4.265010351966874,k*(k+2k(k-1)),"Dense indexing slots, not valid vertices",Thesis Observation 4 p.18 and section 5.1 p.26; manuscript section 4.4 pp.15-16,O(n^3 m^3),,
hurricane:AL091944__AL031917:a0.5|CPS-2F,214,hurricane,AL091944__AL031917,0.5,CPS-2F,29,35,historical attempt,output/paper_v1/hurricane_final_20/slots/06/attempts/final20_06_866e9f142f5548c9b31eea1aac3dc726,validated,True,True,completed search,single_active_B,147.0,3605.0,4.077669902912621,k*(k+a),Anchored source/terminal included; single-graph construction complete,Thesis Observation 4 p.18 and section 5.1 p.26; manuscript section 4.4 pp.15-16,O(n^3 m^3),,
hurricane:AL091944__AL031917:a0.5|CPS-2F,214,hurricane,AL091944__AL031917,0.5,CPS-2F,29,35,historical attempt,output/paper_v1/hurricane_final_20/slots/06/attempts/final20_06_866e9f142f5548c9b31eea1aac3dc726,validated,True,True,completed search,single_edges_with_waits_B,5134.0,10878.0,47.19617576760434,H*(H+1)/2,Unique forward transitions plus exactly H waits; completed graph,Finite derivation from chain_graph() enumeration and pruning,O(n^3 m^3),,
hurricane:AL091944__AL031917:a0.5|CPS-2F,214,hurricane,AL091944__AL031917,0.5,CPS-2F,29,35,historical attempt,output/paper_v1/hurricane_final_20/slots/06/attempts/final20_06_866e9f142f5548c9b31eea1aac3dc726,validated,True,True,completed search,configuration_states_input_bound,3660.0,4051874925.0,9.032855326846004e-05,n*m*(n+2n(n-1))*(m+2m(m-1)),All index combinations; includes source/terminal; no hidden asymptotic constant,Thesis Observation 4 p.18 and section 5.1 p.26; manuscript section 4.4 pp.15-16,O(n^3 m^3),,
hurricane:AL091944__AL031917:a0.5|CPS-2F,214,hurricane,AL091944__AL031917,0.5,CPS-2F,29,35,historical attempt,output/paper_v1/hurricane_final_20/slots/06/attempts/final20_06_866e9f142f5548c9b31eea1aac3dc726,validated,True,True,completed search,configuration_states_extended_bound,3660.0,8886325.0,0.041186879840654,n*m*(n+aA)*(m+aB),Actual extended-curve sizes; all index combinations,Thesis Observation 4 p.18 and section 5.1 p.26; manuscript section 4.4 pp.15-16,O(n^3 m^3),,
hurricane:AL091944__AL031917:a0.5|CPS-2F,214,hurricane,AL091944__AL031917,0.5,CPS-2F,29,35,historical attempt,output/paper_v1/hurricane_final_20/slots/06/attempts/final20_06_866e9f142f5548c9b31eea1aac3dc726,validated,True,True,completed search,configuration_states_active_bound,3660.0,19551.0,18.720270062912384,H_A*H_B,Completed single graphs; includes coupling-invalid combinations,Thesis Observation 4 p.18 and section 5.1 p.26; manuscript section 4.4 pp.15-16,O(n^3 m^3),,
hurricane:AL091944__AL031917:a0.5|CPS-2F,214,hurricane,AL091944__AL031917,0.5,CPS-2F,29,35,historical attempt,output/paper_v1/hurricane_final_20/slots/06/attempts/final20_06_866e9f142f5548c9b31eea1aac3dc726,validated,True,True,completed search,candidate_transition_checks,2318923.0,22872955.0,10.138274656685155,E_A*E_B-H_A*H_B,No duplicate single-graph entries; each product source popped once; excludes simultaneous waits,Finite derivation from solve_cps() and chain_graph(); see graph_bounds.md,O(n^3 m^3),,
hurricane:AL091944__AL031917:a0.5|CPS-2F,214,hurricane,AL091944__AL031917,0.5,CPS-2F,29,35,historical attempt,output/paper_v1/hurricane_final_20/slots/06/attempts/final20_06_866e9f142f5548c9b31eea1aac3dc726,validated,True,True,completed search,unique_configuration_edges,,191111025.0,,"N*(N-1)/2, N=H_A*H_B",Product graph not materialized; no observed unique-edge count; strict forward topological order,Finite DAG counting derivation; not a transition-check measurement,O(n^3 m^3),Counter unavailable or phase not reached; historical runs not rerun,
hurricane:AL091944__AL031917:a0.5|CPS-2F,214,hurricane,AL091944__AL031917,0.5,CPS-2F,29,35,historical attempt,output/paper_v1/hurricane_final_20/slots/06/attempts/final20_06_866e9f142f5548c9b31eea1aac3dc726,validated,True,True,completed search,dynamic_programming_labels,,566979.0,,n*H_A*H_B,At most n distinct A-hop counts per state; labels not instrumented,Thesis section5.1; manuscript section4.4; solve_cps values dictionaries,O(n^3 m^3),Counter unavailable or phase not reached; historical runs not rerun,
hurricane:AL091944__AL031917:a0.5|CPS-3F,215,hurricane,AL091944__AL031917,0.5,CPS-3F,29,35,historical attempt,output/paper_v1/hurricane_final_20/slots/07/attempts/final20_07_9ead45b3a9ed4ab19713c687e77e7dd3,validated,True,True,completed search,auxiliary_A,0.0,0.0,,0 (no auxiliary locations),Interior curve-parameter intersections; CPS-3F percentage not applicable,Thesis Observation 4 p.18 and section 5.1 p.26; manuscript section 4.4 pp.15-16,O(n^2 m^2),,Zero/non-applicable bound
hurricane:AL091944__AL031917:a0.5|CPS-3F,215,hurricane,AL091944__AL031917,0.5,CPS-3F,29,35,historical attempt,output/paper_v1/hurricane_final_20/slots/07/attempts/final20_07_9ead45b3a9ed4ab19713c687e77e7dd3,validated,True,True,completed search,single_dense_A,841.0,841.0,100.0,k^2,"Dense indexing slots, not valid vertices",Thesis Observation 4 p.18 and section 5.1 p.26; manuscript section 4.4 pp.15-16,O(n^2 m^2),,
hurricane:AL091944__AL031917:a0.5|CPS-3F,215,hurricane,AL091944__AL031917,0.5,CPS-3F,29,35,historical attempt,output/paper_v1/hurricane_final_20/slots/07/attempts/final20_07_9ead45b3a9ed4ab19713c687e77e7dd3,validated,True,True,completed search,single_active_A,33.0,841.0,3.923900118906064,k*(k+a),Anchored source/terminal included; single-graph construction complete,Thesis Observation 4 p.18 and section 5.1 p.26; manuscript section 4.4 pp.15-16,O(n^2 m^2),,
hurricane:AL091944__AL031917:a0.5|CPS-3F,215,hurricane,AL091944__AL031917,0.5,CPS-3F,29,35,historical attempt,output/paper_v1/hurricane_final_20/slots/07/attempts/final20_07_9ead45b3a9ed4ab19713c687e77e7dd3,validated,True,True,completed search,single_edges_with_waits_A,76.0,561.0,13.54723707664884,H*(H+1)/2,Unique forward transitions plus exactly H waits; completed graph,Finite derivation from chain_graph() enumeration and pruning,O(n^2 m^2),,
hurricane:AL091944__AL031917:a0.5|CPS-3F,215,hurricane,AL091944__AL031917,0.5,CPS-3F,29,35,historical attempt,output/paper_v1/hurricane_final_20/slots/07/attempts/final20_07_9ead45b3a9ed4ab19713c687e77e7dd3,validated,True,True,completed search,auxiliary_B,0.0,0.0,,0 (no auxiliary locations),Interior curve-parameter intersections; CPS-3F percentage not applicable,Thesis Observation 4 p.18 and section 5.1 p.26; manuscript section 4.4 pp.15-16,O(n^2 m^2),,Zero/non-applicable bound
hurricane:AL091944__AL031917:a0.5|CPS-3F,215,hurricane,AL091944__AL031917,0.5,CPS-3F,29,35,historical attempt,output/paper_v1/hurricane_final_20/slots/07/attempts/final20_07_9ead45b3a9ed4ab19713c687e77e7dd3,validated,True,True,completed search,single_dense_B,1225.0,1225.0,100.0,k^2,"Dense indexing slots, not valid vertices",Thesis Observation 4 p.18 and section 5.1 p.26; manuscript section 4.4 pp.15-16,O(n^2 m^2),,
hurricane:AL091944__AL031917:a0.5|CPS-3F,215,hurricane,AL091944__AL031917,0.5,CPS-3F,29,35,historical attempt,output/paper_v1/hurricane_final_20/slots/07/attempts/final20_07_9ead45b3a9ed4ab19713c687e77e7dd3,validated,True,True,completed search,single_active_B,35.0,1225.0,2.857142857142857,k*(k+a),Anchored source/terminal included; single-graph construction complete,Thesis Observation 4 p.18 and section 5.1 p.26; manuscript section 4.4 pp.15-16,O(n^2 m^2),,
hurricane:AL091944__AL031917:a0.5|CPS-3F,215,hurricane,AL091944__AL031917,0.5,CPS-3F,29,35,historical attempt,output/paper_v1/hurricane_final_20/slots/07/attempts/final20_07_9ead45b3a9ed4ab19713c687e77e7dd3,validated,True,True,completed search,single_edges_with_waits_B,69.0,630.0,10.952380952380953,H*(H+1)/2,Unique forward transitions plus exactly H waits; completed graph,Finite derivation from chain_graph() enumeration and pruning,O(n^2 m^2),,
hurricane:AL091944__AL031917:a0.5|CPS-3F,215,hurricane,AL091944__AL031917,0.5,CPS-3F,29,35,historical attempt,output/paper_v1/hurricane_final_20/slots/07/attempts/final20_07_9ead45b3a9ed4ab19713c687e77e7dd3,validated,True,True,completed search,configuration_states_input_bound,195.0,1030225.0,0.0189279040986192,n^2*m^2,All index combinations; includes source/terminal; no hidden asymptotic constant,Thesis Observation 4 p.18 and section 5.1 p.26; manuscript section 4.4 pp.15-16,O(n^2 m^2),,
hurricane:AL091944__AL031917:a0.5|CPS-3F,215,hurricane,AL091944__AL031917,0.5,CPS-3F,29,35,historical attempt,output/paper_v1/hurricane_final_20/slots/07/attempts/final20_07_9ead45b3a9ed4ab19713c687e77e7dd3,validated,True,True,completed search,configuration_states_active_bound,195.0,1155.0,16.883116883116884,H_A*H_B,Completed single graphs; includes coupling-invalid combinations,Thesis Observation 4 p.18 and section 5.1 p.26; manuscript section 4.4 pp.15-16,O(n^2 m^2),,
hurricane:AL091944__AL031917:a0.5|CPS-3F,215,hurricane,AL091944__AL031917,0.5,CPS-3F,29,35,historical attempt,output/paper_v1/hurricane_final_20/slots/07/attempts/final20_07_9ead45b3a9ed4ab19713c687e77e7dd3,validated,True,True,completed search,candidate_transition_checks,570.0,4089.0,13.939838591342626,E_A*E_B-H_A*H_B,No duplicate single-graph entries; each product source popped once; excludes simultaneous waits,Finite derivation from solve_cps() and chain_graph(); see graph_bounds.md,O(n^2 m^2),,
hurricane:AL091944__AL031917:a0.5|CPS-3F,215,hurricane,AL091944__AL031917,0.5,CPS-3F,29,35,historical attempt,output/paper_v1/hurricane_final_20/slots/07/attempts/final20_07_9ead45b3a9ed4ab19713c687e77e7dd3,validated,True,True,completed search,unique_configuration_edges,,666435.0,,"N*(N-1)/2, N=H_A*H_B",Product graph not materialized; no observed unique-edge count; strict forward topological order,Finite DAG counting derivation; not a transition-check measurement,O(n^2 m^2),Counter unavailable or phase not reached; historical runs not rerun,
hurricane:AL091944__AL031917:a0.5|CPS-3F,215,hurricane,AL091944__AL031917,0.5,CPS-3F,29,35,historical attempt,output/paper_v1/hurricane_final_20/slots/07/attempts/final20_07_9ead45b3a9ed4ab19713c687e77e7dd3,validated,True,True,completed search,dynamic_programming_labels,,33495.0,,n*H_A*H_B,At most n distinct A-hop counts per state; labels not instrumented,Thesis section5.1; manuscript section4.4; solve_cps values dictionaries,O(n^2 m^2),Counter unavailable or phase not reached; historical runs not rerun,
hurricane:EP101985__EP151985:a0.5|CPS-2F,217,hurricane,EP101985__EP151985,0.5,CPS-2F,37,38,historical attempt,output/paper_v1/hurricane_final_20/slots/09/attempts/final20_09_eb7bd5f7323448baa7ad1468993fe005,validated,True,True,completed search,auxiliary_A,72.0,2664.0,2.702702702702702,2 k(k-1),Interior curve-parameter intersections; CPS-3F percentage not applicable,Thesis Observation 4 p.18 and section 5.1 p.26; manuscript section 4.4 pp.15-16,O(n^3 m^3),,
hurricane:EP101985__EP151985:a0.5|CPS-2F,217,hurricane,EP101985__EP151985,0.5,CPS-2F,37,38,historical attempt,output/paper_v1/hurricane_final_20/slots/09/attempts/final20_09_eb7bd5f7323448baa7ad1468993fe005,validated,True,True,completed search,single_dense_A,4033.0,99937.0,4.035542391706775,k*(k+2k(k-1)),"Dense indexing slots, not valid vertices",Thesis Observation 4 p.18 and section 5.1 p.26; manuscript section 4.4 pp.15-16,O(n^3 m^3),,
hurricane:EP101985__EP151985:a0.5|CPS-2F,217,hurricane,EP101985__EP151985,0.5,CPS-2F,37,38,historical attempt,output/paper_v1/hurricane_final_20/slots/09/attempts/final20_09_eb7bd5f7323448baa7ad1468993fe005,validated,True,True,completed search,single_active_A,153.0,4033.0,3.7937019588395735,k*(k+a),Anchored source/terminal included; single-graph construction complete,Thesis Observation 4 p.18 and section 5.1 p.26; manuscript section 4.4 pp.15-16,O(n^3 m^3),,
hurricane:EP101985__EP151985:a0.5|CPS-2F,217,hurricane,EP101985__EP151985,0.5,CPS-2F,37,38,historical attempt,output/paper_v1/hurricane_final_20/slots/09/attempts/final20_09_eb7bd5f7323448baa7ad1468993fe005,validated,True,True,completed search,single_edges_with_waits_A,8102.0,11781.0,68.7717511246923,H*(H+1)/2,Unique forward transitions plus exactly H waits; completed graph,Finite derivation from chain_graph() enumeration and pruning,O(n^3 m^3),,
hurricane:EP101985__EP151985:a0.5|CPS-2F,217,hurricane,EP101985__EP151985,0.5,CPS-2F,37,38,historical attempt,output/paper_v1/hurricane_final_20/slots/09/attempts/final20_09_eb7bd5f7323448baa7ad1468993fe005,validated,True,True,completed search,auxiliary_B,73.0,2812.0,2.59601706970128,2 k(k-1),Interior curve-parameter intersections; CPS-3F percentage not applicable,Thesis Observation 4 p.18 and section 5.1 p.26; manuscript section 4.4 pp.15-16,O(n^3 m^3),,
hurricane:EP101985__EP151985:a0.5|CPS-2F,217,hurricane,EP101985__EP151985,0.5,CPS-2F,37,38,historical attempt,output/paper_v1/hurricane_final_20/slots/09/attempts/final20_09_eb7bd5f7323448baa7ad1468993fe005,validated,True,True,completed search,single_dense_B,4218.0,108300.0,3.8947368421052633,k*(k+2k(k-1)),"Dense indexing slots, not valid vertices",Thesis Observation 4 p.18 and section 5.1 p.26; manuscript section 4.4 pp.15-16,O(n^3 m^3),,
hurricane:EP101985__EP151985:a0.5|CPS-2F,217,hurricane,EP101985__EP151985,0.5,CPS-2F,37,38,historical attempt,output/paper_v1/hurricane_final_20/slots/09/attempts/final20_09_eb7bd5f7323448baa7ad1468993fe005,validated,True,True,completed search,single_active_B,156.0,4218.0,3.6984352773826457,k*(k+a),Anchored source/terminal included; single-graph construction complete,Thesis Observation 4 p.18 and section 5.1 p.26; manuscript section 4.4 pp.15-16,O(n^3 m^3),,
hurricane:EP101985__EP151985:a0.5|CPS-2F,217,hurricane,EP101985__EP151985,0.5,CPS-2F,37,38,historical attempt,output/paper_v1/hurricane_final_20/slots/09/attempts/final20_09_eb7bd5f7323448baa7ad1468993fe005,validated,True,True,completed search,single_edges_with_waits_B,3748.0,12246.0,30.60591213457456,H*(H+1)/2,Unique forward transitions plus exactly H waits; completed graph,Finite derivation from chain_graph() enumeration and pruning,O(n^3 m^3),,
hurricane:EP101985__EP151985:a0.5|CPS-2F,217,hurricane,EP101985__EP151985,0.5,CPS-2F,37,38,historical attempt,output/paper_v1/hurricane_final_20/slots/09/attempts/final20_09_eb7bd5f7323448baa7ad1468993fe005,validated,True,True,completed search,configuration_states_input_bound,4039.0,10823177100.0,3.731806254930449e-05,n*m*(n+2n(n-1))*(m+2m(m-1)),All index combinations; includes source/terminal; no hidden asymptotic constant,Thesis Observation 4 p.18 and section 5.1 p.26; manuscript section 4.4 pp.15-16,O(n^3 m^3),,
hurricane:EP101985__EP151985:a0.5|CPS-2F,217,hurricane,EP101985__EP151985,0.5,CPS-2F,37,38,historical attempt,output/paper_v1/hurricane_final_20/slots/09/attempts/final20_09_eb7bd5f7323448baa7ad1468993fe005,validated,True,True,completed search,configuration_states_extended_bound,4039.0,17011194.0,0.023743189337562,n*m*(n+aA)*(m+aB),Actual extended-curve sizes; all index combinations,Thesis Observation 4 p.18 and section 5.1 p.26; manuscript section 4.4 pp.15-16,O(n^3 m^3),,
hurricane:EP101985__EP151985:a0.5|CPS-2F,217,hurricane,EP101985__EP151985,0.5,CPS-2F,37,38,historical attempt,output/paper_v1/hurricane_final_20/slots/09/attempts/final20_09_eb7bd5f7323448baa7ad1468993fe005,validated,True,True,completed search,configuration_states_active_bound,4039.0,23868.0,16.92223898106251,H_A*H_B,Completed single graphs; includes coupling-invalid combinations,Thesis Observation 4 p.18 and section 5.1 p.26; manuscript section 4.4 pp.15-16,O(n^3 m^3),,
hurricane:EP101985__EP151985:a0.5|CPS-2F,217,hurricane,EP101985__EP151985,0.5,CPS-2F,37,38,historical attempt,output/paper_v1/hurricane_final_20/slots/09/attempts/final20_09_eb7bd5f7323448baa7ad1468993fe005,validated,True,True,completed search,candidate_transition_checks,1670988.0,30342428.0,5.507100486487106,E_A*E_B-H_A*H_B,No duplicate single-graph entries; each product source popped once; excludes simultaneous waits,Finite derivation from solve_cps() and chain_graph(); see graph_bounds.md,O(n^3 m^3),,
hurricane:EP101985__EP151985:a0.5|CPS-2F,217,hurricane,EP101985__EP151985,0.5,CPS-2F,37,38,historical attempt,output/paper_v1/hurricane_final_20/slots/09/attempts/final20_09_eb7bd5f7323448baa7ad1468993fe005,validated,True,True,completed search,unique_configuration_edges,,284828778.0,,"N*(N-1)/2, N=H_A*H_B",Product graph not materialized; no observed unique-edge count; strict forward topological order,Finite DAG counting derivation; not a transition-check measurement,O(n^3 m^3),Counter unavailable or phase not reached; historical runs not rerun,
hurricane:EP101985__EP151985:a0.5|CPS-2F,217,hurricane,EP101985__EP151985,0.5,CPS-2F,37,38,historical attempt,output/paper_v1/hurricane_final_20/slots/09/attempts/final20_09_eb7bd5f7323448baa7ad1468993fe005,validated,True,True,completed search,dynamic_programming_labels,,883116.0,,n*H_A*H_B,At most n distinct A-hop counts per state; labels not instrumented,Thesis section5.1; manuscript section4.4; solve_cps values dictionaries,O(n^3 m^3),Counter unavailable or phase not reached; historical runs not rerun,
hurricane:EP101985__EP151985:a0.5|CPS-3F,218,hurricane,EP101985__EP151985,0.5,CPS-3F,37,38,historical attempt,output/paper_v1/hurricane_final_20/slots/10/attempts/final20_10_a12a88c5c90046c5828fe762e12e783e,validated,True,True,completed search,auxiliary_A,0.0,0.0,,0 (no auxiliary locations),Interior curve-parameter intersections; CPS-3F percentage not applicable,Thesis Observation 4 p.18 and section 5.1 p.26; manuscript section 4.4 pp.15-16,O(n^2 m^2),,Zero/non-applicable bound
hurricane:EP101985__EP151985:a0.5|CPS-3F,218,hurricane,EP101985__EP151985,0.5,CPS-3F,37,38,historical attempt,output/paper_v1/hurricane_final_20/slots/10/attempts/final20_10_a12a88c5c90046c5828fe762e12e783e,validated,True,True,completed search,single_dense_A,1369.0,1369.0,100.0,k^2,"Dense indexing slots, not valid vertices",Thesis Observation 4 p.18 and section 5.1 p.26; manuscript section 4.4 pp.15-16,O(n^2 m^2),,
hurricane:EP101985__EP151985:a0.5|CPS-3F,218,hurricane,EP101985__EP151985,0.5,CPS-3F,37,38,historical attempt,output/paper_v1/hurricane_final_20/slots/10/attempts/final20_10_a12a88c5c90046c5828fe762e12e783e,validated,True,True,completed search,single_active_A,37.0,1369.0,2.702702702702702,k*(k+a),Anchored source/terminal included; single-graph construction complete,Thesis Observation 4 p.18 and section 5.1 p.26; manuscript section 4.4 pp.15-16,O(n^2 m^2),,
hurricane:EP101985__EP151985:a0.5|CPS-3F,218,hurricane,EP101985__EP151985,0.5,CPS-3F,37,38,historical attempt,output/paper_v1/hurricane_final_20/slots/10/attempts/final20_10_a12a88c5c90046c5828fe762e12e783e,validated,True,True,completed search,single_edges_with_waits_A,73.0,703.0,10.38406827880512,H*(H+1)/2,Unique forward transitions plus exactly H waits; completed graph,Finite derivation from chain_graph() enumeration and pruning,O(n^2 m^2),,
hurricane:EP101985__EP151985:a0.5|CPS-3F,218,hurricane,EP101985__EP151985,0.5,CPS-3F,37,38,historical attempt,output/paper_v1/hurricane_final_20/slots/10/attempts/final20_10_a12a88c5c90046c5828fe762e12e783e,validated,True,True,completed search,auxiliary_B,0.0,0.0,,0 (no auxiliary locations),Interior curve-parameter intersections; CPS-3F percentage not applicable,Thesis Observation 4 p.18 and section 5.1 p.26; manuscript section 4.4 pp.15-16,O(n^2 m^2),,Zero/non-applicable bound
hurricane:EP101985__EP151985:a0.5|CPS-3F,218,hurricane,EP101985__EP151985,0.5,CPS-3F,37,38,historical attempt,output/paper_v1/hurricane_final_20/slots/10/attempts/final20_10_a12a88c5c90046c5828fe762e12e783e,validated,True,True,completed search,single_dense_B,1444.0,1444.0,100.0,k^2,"Dense indexing slots, not valid vertices",Thesis Observation 4 p.18 and section 5.1 p.26; manuscript section 4.4 pp.15-16,O(n^2 m^2),,
hurricane:EP101985__EP151985:a0.5|CPS-3F,218,hurricane,EP101985__EP151985,0.5,CPS-3F,37,38,historical attempt,output/paper_v1/hurricane_final_20/slots/10/attempts/final20_10_a12a88c5c90046c5828fe762e12e783e,validated,True,True,completed search,single_active_B,42.0,1444.0,2.9085872576177287,k*(k+a),Anchored source/terminal included; single-graph construction complete,Thesis Observation 4 p.18 and section 5.1 p.26; manuscript section 4.4 pp.15-16,O(n^2 m^2),,
hurricane:EP101985__EP151985:a0.5|CPS-3F,218,hurricane,EP101985__EP151985,0.5,CPS-3F,37,38,historical attempt,output/paper_v1/hurricane_final_20/slots/10/attempts/final20_10_a12a88c5c90046c5828fe762e12e783e,validated,True,True,completed search,single_edges_with_waits_B,90.0,903.0,9.966777408637874,H*(H+1)/2,Unique forward transitions plus exactly H waits; completed graph,Finite derivation from chain_graph() enumeration and pruning,O(n^2 m^2),,
hurricane:EP101985__EP151985:a0.5|CPS-3F,218,hurricane,EP101985__EP151985,0.5,CPS-3F,37,38,historical attempt,output/paper_v1/hurricane_final_20/slots/10/attempts/final20_10_a12a88c5c90046c5828fe762e12e783e,validated,True,True,completed search,configuration_states_input_bound,288.0,1976836.0,0.0145687350898101,n^2*m^2,All index combinations; includes source/terminal; no hidden asymptotic constant,Thesis Observation 4 p.18 and section 5.1 p.26; manuscript section 4.4 pp.15-16,O(n^2 m^2),,
hurricane:EP101985__EP151985:a0.5|CPS-3F,218,hurricane,EP101985__EP151985,0.5,CPS-3F,37,38,historical attempt,output/paper_v1/hurricane_final_20/slots/10/attempts/final20_10_a12a88c5c90046c5828fe762e12e783e,validated,True,True,completed search,configuration_states_active_bound,288.0,1554.0,18.53281853281853,H_A*H_B,Completed single graphs; includes coupling-invalid combinations,Thesis Observation 4 p.18 and section 5.1 p.26; manuscript section 4.4 pp.15-16,O(n^2 m^2),,
hurricane:EP101985__EP151985:a0.5|CPS-3F,218,hurricane,EP101985__EP151985,0.5,CPS-3F,37,38,historical attempt,output/paper_v1/hurricane_final_20/slots/10/attempts/final20_10_a12a88c5c90046c5828fe762e12e783e,validated,True,True,completed search,candidate_transition_checks,816.0,5016.0,16.267942583732058,E_A*E_B-H_A*H_B,No duplicate single-graph entries; each product source popped once; excludes simultaneous waits,Finite derivation from solve_cps() and chain_graph(); see graph_bounds.md,O(n^2 m^2),,
hurricane:EP101985__EP151985:a0.5|CPS-3F,218,hurricane,EP101985__EP151985,0.5,CPS-3F,37,38,historical attempt,output/paper_v1/hurricane_final_20/slots/10/attempts/final20_10_a12a88c5c90046c5828fe762e12e783e,validated,True,True,completed search,unique_configuration_edges,,1206681.0,,"N*(N-1)/2, N=H_A*H_B",Product graph not materialized; no observed unique-edge count; strict forward topological order,Finite DAG counting derivation; not a transition-check measurement,O(n^2 m^2),Counter unavailable or phase not reached; historical runs not rerun,
hurricane:EP101985__EP151985:a0.5|CPS-3F,218,hurricane,EP101985__EP151985,0.5,CPS-3F,37,38,historical attempt,output/paper_v1/hurricane_final_20/slots/10/attempts/final20_10_a12a88c5c90046c5828fe762e12e783e,validated,True,True,completed search,dynamic_programming_labels,,57498.0,,n*H_A*H_B,At most n distinct A-hop counts per state; labels not instrumented,Thesis section5.1; manuscript section4.4; solve_cps values dictionaries,O(n^2 m^2),Counter unavailable or phase not reached; historical runs not rerun,
hurricane:EP031965__EP141991:a0.5|CPS-3F,221,hurricane,EP031965__EP141991,0.5,CPS-3F,25,42,historical attempt,output/paper_v1/hurricane_final_20/slots/13/attempts/final20_13_7957d74aba4843288c5f5ac0777d6ae5,validated,True,True,completed search,auxiliary_A,0.0,0.0,,0 (no auxiliary locations),Interior curve-parameter intersections; CPS-3F percentage not applicable,Thesis Observation 4 p.18 and section 5.1 p.26; manuscript section 4.4 pp.15-16,O(n^2 m^2),,Zero/non-applicable bound
hurricane:EP031965__EP141991:a0.5|CPS-3F,221,hurricane,EP031965__EP141991,0.5,CPS-3F,25,42,historical attempt,output/paper_v1/hurricane_final_20/slots/13/attempts/final20_13_7957d74aba4843288c5f5ac0777d6ae5,validated,True,True,completed search,single_dense_A,625.0,625.0,100.0,k^2,"Dense indexing slots, not valid vertices",Thesis Observation 4 p.18 and section 5.1 p.26; manuscript section 4.4 pp.15-16,O(n^2 m^2),,
hurricane:EP031965__EP141991:a0.5|CPS-3F,221,hurricane,EP031965__EP141991,0.5,CPS-3F,25,42,historical attempt,output/paper_v1/hurricane_final_20/slots/13/attempts/final20_13_7957d74aba4843288c5f5ac0777d6ae5,validated,True,True,completed search,single_active_A,25.0,625.0,4.0,k*(k+a),Anchored source/terminal included; single-graph construction complete,Thesis Observation 4 p.18 and section 5.1 p.26; manuscript section 4.4 pp.15-16,O(n^2 m^2),,
hurricane:EP031965__EP141991:a0.5|CPS-3F,221,hurricane,EP031965__EP141991,0.5,CPS-3F,25,42,historical attempt,output/paper_v1/hurricane_final_20/slots/13/attempts/final20_13_7957d74aba4843288c5f5ac0777d6ae5,validated,True,True,completed search,single_edges_with_waits_A,49.0,325.0,15.076923076923077,H*(H+1)/2,Unique forward transitions plus exactly H waits; completed graph,Finite derivation from chain_graph() enumeration and pruning,O(n^2 m^2),,
hurricane:EP031965__EP141991:a0.5|CPS-3F,221,hurricane,EP031965__EP141991,0.5,CPS-3F,25,42,historical attempt,output/paper_v1/hurricane_final_20/slots/13/attempts/final20_13_7957d74aba4843288c5f5ac0777d6ae5,validated,True,True,completed search,auxiliary_B,0.0,0.0,,0 (no auxiliary locations),Interior curve-parameter intersections; CPS-3F percentage not applicable,Thesis Observation 4 p.18 and section 5.1 p.26; manuscript section 4.4 pp.15-16,O(n^2 m^2),,Zero/non-applicable bound
hurricane:EP031965__EP141991:a0.5|CPS-3F,221,hurricane,EP031965__EP141991,0.5,CPS-3F,25,42,historical attempt,output/paper_v1/hurricane_final_20/slots/13/attempts/final20_13_7957d74aba4843288c5f5ac0777d6ae5,validated,True,True,completed search,single_dense_B,1764.0,1764.0,100.0,k^2,"Dense indexing slots, not valid vertices",Thesis Observation 4 p.18 and section 5.1 p.26; manuscript section 4.4 pp.15-16,O(n^2 m^2),,
hurricane:EP031965__EP141991:a0.5|CPS-3F,221,hurricane,EP031965__EP141991,0.5,CPS-3F,25,42,historical attempt,output/paper_v1/hurricane_final_20/slots/13/attempts/final20_13_7957d74aba4843288c5f5ac0777d6ae5,validated,True,True,completed search,single_active_B,50.0,1764.0,2.834467120181406,k*(k+a),Anchored source/terminal included; single-graph construction complete,Thesis Observation 4 p.18 and section 5.1 p.26; manuscript section 4.4 pp.15-16,O(n^2 m^2),,
hurricane:EP031965__EP141991:a0.5|CPS-3F,221,hurricane,EP031965__EP141991,0.5,CPS-3F,25,42,historical attempt,output/paper_v1/hurricane_final_20/slots/13/attempts/final20_13_7957d74aba4843288c5f5ac0777d6ae5,validated,True,True,completed search,single_edges_with_waits_B,122.0,1275.0,9.568627450980392,H*(H+1)/2,Unique forward transitions plus exactly H waits; completed graph,Finite derivation from chain_graph() enumeration and pruning,O(n^2 m^2),,
hurricane:EP031965__EP141991:a0.5|CPS-3F,221,hurricane,EP031965__EP141991,0.5,CPS-3F,25,42,historical attempt,output/paper_v1/hurricane_final_20/slots/13/attempts/final20_13_7957d74aba4843288c5f5ac0777d6ae5,validated,True,True,completed search,configuration_states_input_bound,260.0,1102500.0,0.0235827664399092,n^2*m^2,All index combinations; includes source/terminal; no hidden asymptotic constant,Thesis Observation 4 p.18 and section 5.1 p.26; manuscript section 4.4 pp.15-16,O(n^2 m^2),,
hurricane:EP031965__EP141991:a0.5|CPS-3F,221,hurricane,EP031965__EP141991,0.5,CPS-3F,25,42,historical attempt,output/paper_v1/hurricane_final_20/slots/13/attempts/final20_13_7957d74aba4843288c5f5ac0777d6ae5,validated,True,True,completed search,configuration_states_active_bound,260.0,1250.0,20.8,H_A*H_B,Completed single graphs; includes coupling-invalid combinations,Thesis Observation 4 p.18 and section 5.1 p.26; manuscript section 4.4 pp.15-16,O(n^2 m^2),,
hurricane:EP031965__EP141991:a0.5|CPS-3F,221,hurricane,EP031965__EP141991,0.5,CPS-3F,25,42,historical attempt,output/paper_v1/hurricane_final_20/slots/13/attempts/final20_13_7957d74aba4843288c5f5ac0777d6ae5,validated,True,True,completed search,candidate_transition_checks,803.0,4728.0,16.983925549915398,E_A*E_B-H_A*H_B,No duplicate single-graph entries; each product source popped once; excludes simultaneous waits,Finite derivation from solve_cps() and chain_graph(); see graph_bounds.md,O(n^2 m^2),,
hurricane:EP031965__EP141991:a0.5|CPS-3F,221,hurricane,EP031965__EP141991,0.5,CPS-3F,25,42,historical attempt,output/paper_v1/hurricane_final_20/slots/13/attempts/final20_13_7957d74aba4843288c5f5ac0777d6ae5,validated,True,True,completed search,unique_configuration_edges,,780625.0,,"N*(N-1)/2, N=H_A*H_B",Product graph not materialized; no observed unique-edge count; strict forward topological order,Finite DAG counting derivation; not a transition-check measurement,O(n^2 m^2),Counter unavailable or phase not reached; historical runs not rerun,
hurricane:EP031965__EP141991:a0.5|CPS-3F,221,hurricane,EP031965__EP141991,0.5,CPS-3F,25,42,historical attempt,output/paper_v1/hurricane_final_20/slots/13/attempts/final20_13_7957d74aba4843288c5f5ac0777d6ae5,validated,True,True,completed search,dynamic_programming_labels,,31250.0,,n*H_A*H_B,At most n distinct A-hop counts per state; labels not instrumented,Thesis section5.1; manuscript section4.4; solve_cps values dictionaries,O(n^2 m^2),Counter unavailable or phase not reached; historical runs not rerun,
hurricane:EP031965__EP141991:a0.5|CPS-2F,224,hurricane,EP031965__EP141991,0.5,CPS-2F,25,42,historical attempt,output/paper_v1/hurricane_final_20/slots/16/attempts/final20_16_d4e35d041ef04ad5989ece181a5d19a1,validated,True,True,completed search,auxiliary_A,48.0,1200.0,4.0,2 k(k-1),Interior curve-parameter intersections; CPS-3F percentage not applicable,Thesis Observation 4 p.18 and section 5.1 p.26; manuscript section 4.4 pp.15-16,O(n^3 m^3),,
hurricane:EP031965__EP141991:a0.5|CPS-2F,224,hurricane,EP031965__EP141991,0.5,CPS-2F,25,42,historical attempt,output/paper_v1/hurricane_final_20/slots/16/attempts/final20_16_d4e35d041ef04ad5989ece181a5d19a1,validated,True,True,completed search,single_dense_A,1825.0,30625.0,5.959183673469388,k*(k+2k(k-1)),"Dense indexing slots, not valid vertices",Thesis Observation 4 p.18 and section 5.1 p.26; manuscript section 4.4 pp.15-16,O(n^3 m^3),,
hurricane:EP031965__EP141991:a0.5|CPS-2F,224,hurricane,EP031965__EP141991,0.5,CPS-2F,25,42,historical attempt,output/paper_v1/hurricane_final_20/slots/16/attempts/final20_16_d4e35d041ef04ad5989ece181a5d19a1,validated,True,True,completed search,single_active_A,99.0,1825.0,5.424657534246576,k*(k+a),Anchored source/terminal included; single-graph construction complete,Thesis Observation 4 p.18 and section 5.1 p.26; manuscript section 4.4 pp.15-16,O(n^3 m^3),,
hurricane:EP031965__EP141991:a0.5|CPS-2F,224,hurricane,EP031965__EP141991,0.5,CPS-2F,25,42,historical attempt,output/paper_v1/hurricane_final_20/slots/16/attempts/final20_16_d4e35d041ef04ad5989ece181a5d19a1,validated,True,True,completed search,single_edges_with_waits_A,3208.0,4950.0,64.8080808080808,H*(H+1)/2,Unique forward transitions plus exactly H waits; completed graph,Finite derivation from chain_graph() enumeration and pruning,O(n^3 m^3),,
hurricane:EP031965__EP141991:a0.5|CPS-2F,224,hurricane,EP031965__EP141991,0.5,CPS-2F,25,42,historical attempt,output/paper_v1/hurricane_final_20/slots/16/attempts/final20_16_d4e35d041ef04ad5989ece181a5d19a1,validated,True,True,completed search,auxiliary_B,82.0,3444.0,2.380952380952381,2 k(k-1),Interior curve-parameter intersections; CPS-3F percentage not applicable,Thesis Observation 4 p.18 and section 5.1 p.26; manuscript section 4.4 pp.15-16,O(n^3 m^3),,
hurricane:EP031965__EP141991:a0.5|CPS-2F,224,hurricane,EP031965__EP141991,0.5,CPS-2F,25,42,historical attempt,output/paper_v1/hurricane_final_20/slots/16/attempts/final20_16_d4e35d041ef04ad5989ece181a5d19a1,validated,True,True,completed search,single_dense_B,5208.0,146412.0,3.557085484796328,k*(k+2k(k-1)),"Dense indexing slots, not valid vertices",Thesis Observation 4 p.18 and section 5.1 p.26; manuscript section 4.4 pp.15-16,O(n^3 m^3),,
hurricane:EP031965__EP141991:a0.5|CPS-2F,224,hurricane,EP031965__EP141991,0.5,CPS-2F,25,42,historical attempt,output/paper_v1/hurricane_final_20/slots/16/attempts/final20_16_d4e35d041ef04ad5989ece181a5d19a1,validated,True,True,completed search,single_active_B,176.0,5208.0,3.3794162826420893,k*(k+a),Anchored source/terminal included; single-graph construction complete,Thesis Observation 4 p.18 and section 5.1 p.26; manuscript section 4.4 pp.15-16,O(n^3 m^3),,
hurricane:EP031965__EP141991:a0.5|CPS-2F,224,hurricane,EP031965__EP141991,0.5,CPS-2F,25,42,historical attempt,output/paper_v1/hurricane_final_20/slots/16/attempts/final20_16_d4e35d041ef04ad5989ece181a5d19a1,validated,True,True,completed search,single_edges_with_waits_B,5428.0,15576.0,34.84848484848485,H*(H+1)/2,Unique forward transitions plus exactly H waits; completed graph,Finite derivation from chain_graph() enumeration and pruning,O(n^3 m^3),,
hurricane:EP031965__EP141991:a0.5|CPS-2F,224,hurricane,EP031965__EP141991,0.5,CPS-2F,25,42,historical attempt,output/paper_v1/hurricane_final_20/slots/16/attempts/final20_16_d4e35d041ef04ad5989ece181a5d19a1,validated,True,True,completed search,configuration_states_input_bound,3543.0,4483867500.0,7.901660787255645e-05,n*m*(n+2n(n-1))*(m+2m(m-1)),All index combinations; includes source/terminal; no hidden asymptotic constant,Thesis Observation 4 p.18 and section 5.1 p.26; manuscript section 4.4 pp.15-16,O(n^3 m^3),,
hurricane:EP031965__EP141991:a0.5|CPS-2F,224,hurricane,EP031965__EP141991,0.5,CPS-2F,25,42,historical attempt,output/paper_v1/hurricane_final_20/slots/16/attempts/final20_16_d4e35d041ef04ad5989ece181a5d19a1,validated,True,True,completed search,configuration_states_extended_bound,3543.0,9504600.0,0.037276687077836,n*m*(n+aA)*(m+aB),Actual extended-curve sizes; all index combinations,Thesis Observation 4 p.18 and section 5.1 p.26; manuscript section 4.4 pp.15-16,O(n^3 m^3),,
hurricane:EP031965__EP141991:a0.5|CPS-2F,224,hurricane,EP031965__EP141991,0.5,CPS-2F,25,42,historical attempt,output/paper_v1/hurricane_final_20/slots/16/attempts/final20_16_d4e35d041ef04ad5989ece181a5d19a1,validated,True,True,completed search,configuration_states_active_bound,3543.0,17424.0,20.334022038567493,H_A*H_B,Completed single graphs; includes coupling-invalid combinations,Thesis Observation 4 p.18 and section 5.1 p.26; manuscript section 4.4 pp.15-16,O(n^3 m^3),,
hurricane:EP031965__EP141991:a0.5|CPS-2F,224,hurricane,EP031965__EP141991,0.5,CPS-2F,25,42,historical attempt,output/paper_v1/hurricane_final_20/slots/16/attempts/final20_16_d4e35d041ef04ad5989ece181a5d19a1,validated,True,True,completed search,candidate_transition_checks,1843112.0,17395600.0,10.595276966589251,E_A*E_B-H_A*H_B,No duplicate single-graph entries; each product source popped once; excludes simultaneous waits,Finite derivation from solve_cps() and chain_graph(); see graph_bounds.md,O(n^3 m^3),,
hurricane:EP031965__EP141991:a0.5|CPS-2F,224,hurricane,EP031965__EP141991,0.5,CPS-2F,25,42,historical attempt,output/paper_v1/hurricane_final_20/slots/16/attempts/final20_16_d4e35d041ef04ad5989ece181a5d19a1,validated,True,True,completed search,unique_configuration_edges,,151789176.0,,"N*(N-1)/2, N=H_A*H_B",Product graph not materialized; no observed unique-edge count; strict forward topological order,Finite DAG counting derivation; not a transition-check measurement,O(n^3 m^3),Counter unavailable or phase not reached; historical runs not rerun,
hurricane:EP031965__EP141991:a0.5|CPS-2F,224,hurricane,EP031965__EP141991,0.5,CPS-2F,25,42,historical attempt,output/paper_v1/hurricane_final_20/slots/16/attempts/final20_16_d4e35d041ef04ad5989ece181a5d19a1,validated,True,True,completed search,dynamic_programming_labels,,435600.0,,n*H_A*H_B,At most n distinct A-hop counts per state; labels not instrumented,Thesis section5.1; manuscript section4.4; solve_cps values dictionaries,O(n^3 m^3),Counter unavailable or phase not reached; historical runs not rerun,
hurricane:AL061921__AL101926:a0.5|CPS-2F,227,hurricane,AL061921__AL101926,0.5,CPS-2F,43,57,historical attempt,output/paper_v1/hurricane_final_20/slots/19/attempts/final20_19_670b202c19c54aa28a7f79a13800898a,transition_budget_limit,False,True,observed before termination,auxiliary_A,83.0,3612.0,2.297895902547065,2 k(k-1),Interior curve-parameter intersections; CPS-3F percentage not applicable,Thesis Observation 4 p.18 and section 5.1 p.26; manuscript section 4.4 pp.15-16,O(n^3 m^3),,
hurricane:AL061921__AL101926:a0.5|CPS-2F,227,hurricane,AL061921__AL101926,0.5,CPS-2F,43,57,historical attempt,output/paper_v1/hurricane_final_20/slots/19/attempts/final20_19_670b202c19c54aa28a7f79a13800898a,transition_budget_limit,False,True,observed before termination,single_dense_A,5418.0,157165.0,3.4473324213406293,k*(k+2k(k-1)),"Dense indexing slots, not valid vertices",Thesis Observation 4 p.18 and section 5.1 p.26; manuscript section 4.4 pp.15-16,O(n^3 m^3),,
hurricane:AL061921__AL101926:a0.5|CPS-2F,227,hurricane,AL061921__AL101926,0.5,CPS-2F,43,57,historical attempt,output/paper_v1/hurricane_final_20/slots/19/attempts/final20_19_670b202c19c54aa28a7f79a13800898a,transition_budget_limit,False,True,observed before termination,single_active_A,207.0,5418.0,3.820598006644518,k*(k+a),Anchored source/terminal included; single-graph construction complete,Thesis Observation 4 p.18 and section 5.1 p.26; manuscript section 4.4 pp.15-16,O(n^3 m^3),,
hurricane:AL061921__AL101926:a0.5|CPS-2F,227,hurricane,AL061921__AL101926,0.5,CPS-2F,43,57,historical attempt,output/paper_v1/hurricane_final_20/slots/19/attempts/final20_19_670b202c19c54aa28a7f79a13800898a,transition_budget_limit,False,True,observed before termination,single_edges_with_waits_A,7455.0,21528.0,34.62931995540691,H*(H+1)/2,Unique forward transitions plus exactly H waits; completed graph,Finite derivation from chain_graph() enumeration and pruning,O(n^3 m^3),,
hurricane:AL061921__AL101926:a0.5|CPS-2F,227,hurricane,AL061921__AL101926,0.5,CPS-2F,43,57,historical attempt,output/paper_v1/hurricane_final_20/slots/19/attempts/final20_19_670b202c19c54aa28a7f79a13800898a,transition_budget_limit,False,True,observed before termination,auxiliary_B,109.0,6384.0,1.7073934837092732,2 k(k-1),Interior curve-parameter intersections; CPS-3F percentage not applicable,Thesis Observation 4 p.18 and section 5.1 p.26; manuscript section 4.4 pp.15-16,O(n^3 m^3),,
hurricane:AL061921__AL101926:a0.5|CPS-2F,227,hurricane,AL061921__AL101926,0.5,CPS-2F,43,57,historical attempt,output/paper_v1/hurricane_final_20/slots/19/attempts/final20_19_670b202c19c54aa28a7f79a13800898a,transition_budget_limit,False,True,observed before termination,single_dense_B,9462.0,367137.0,2.5772395590746777,k*(k+2k(k-1)),"Dense indexing slots, not valid vertices",Thesis Observation 4 p.18 and section 5.1 p.26; manuscript section 4.4 pp.15-16,O(n^3 m^3),,
hurricane:AL061921__AL101926:a0.5|CPS-2F,227,hurricane,AL061921__AL101926,0.5,CPS-2F,43,57,historical attempt,output/paper_v1/hurricane_final_20/slots/19/attempts/final20_19_670b202c19c54aa28a7f79a13800898a,transition_budget_limit,False,True,observed before termination,single_active_B,388.0,9462.0,4.100612978228704,k*(k+a),Anchored source/terminal included; single-graph construction complete,Thesis Observation 4 p.18 and section 5.1 p.26; manuscript section 4.4 pp.15-16,O(n^3 m^3),,
hurricane:AL061921__AL101926:a0.5|CPS-2F,227,hurricane,AL061921__AL101926,0.5,CPS-2F,43,57,historical attempt,output/paper_v1/hurricane_final_20/slots/19/attempts/final20_19_670b202c19c54aa28a7f79a13800898a,transition_budget_limit,False,True,observed before termination,single_edges_with_waits_B,30765.0,75466.0,40.7667028860679,H*(H+1)/2,Unique forward transitions plus exactly H waits; completed graph,Finite derivation from chain_graph() enumeration and pruning,O(n^3 m^3),,
hurricane:AL061921__AL101926:a0.5|CPS-2F,227,hurricane,AL061921__AL101926,0.5,CPS-2F,43,57,historical attempt,output/paper_v1/hurricane_final_20/slots/19/attempts/final20_19_670b202c19c54aa28a7f79a13800898a,transition_budget_limit,False,True,observed before termination,configuration_states_input_bound,24180.0,57701086605.0,4.190562331265477e-05,n*m*(n+2n(n-1))*(m+2m(m-1)),All index combinations; includes source/terminal; no hidden asymptotic constant,Thesis Observation 4 p.18 and section 5.1 p.26; manuscript section 4.4 pp.15-16,O(n^3 m^3),,
hurricane:AL061921__AL101926:a0.5|CPS-2F,227,hurricane,AL061921__AL101926,0.5,CPS-2F,43,57,historical attempt,output/paper_v1/hurricane_final_20/slots/19/attempts/final20_19_670b202c19c54aa28a7f79a13800898a,transition_budget_limit,False,True,observed before termination,configuration_states_extended_bound,24180.0,51265116.0,0.0471665761957897,n*m*(n+aA)*(m+aB),Actual extended-curve sizes; all index combinations,Thesis Observation 4 p.18 and section 5.1 p.26; manuscript section 4.4 pp.15-16,O(n^3 m^3),,
hurricane:AL061921__AL101926:a0.5|CPS-2F,227,hurricane,AL061921__AL101926,0.5,CPS-2F,43,57,historical attempt,output/paper_v1/hurricane_final_20/slots/19/attempts/final20_19_670b202c19c54aa28a7f79a13800898a,transition_budget_limit,False,True,observed before termination,configuration_states_active_bound,24180.0,80316.0,30.106080980128493,H_A*H_B,Completed single graphs; includes coupling-invalid combinations,Thesis Observation 4 p.18 and section 5.1 p.26; manuscript section 4.4 pp.15-16,O(n^3 m^3),,
hurricane:AL061921__AL101926:a0.5|CPS-2F,227,hurricane,AL061921__AL101926,0.5,CPS-2F,43,57,historical attempt,output/paper_v1/hurricane_final_20/slots/19/attempts/final20_19_670b202c19c54aa28a7f79a13800898a,transition_budget_limit,False,True,observed before termination,candidate_transition_checks,20000001.0,229272759.0,8.72323475638028,E_A*E_B-H_A*H_B,No duplicate single-graph entries; each product source popped once; excludes simultaneous waits,Finite derivation from solve_cps() and chain_graph(); see graph_bounds.md,O(n^3 m^3),,
hurricane:AL061921__AL101926:a0.5|CPS-2F,227,hurricane,AL061921__AL101926,0.5,CPS-2F,43,57,historical attempt,output/paper_v1/hurricane_final_20/slots/19/attempts/final20_19_670b202c19c54aa28a7f79a13800898a,transition_budget_limit,False,True,observed before termination,unique_configuration_edges,,3225289770.0,,"N*(N-1)/2, N=H_A*H_B",Product graph not materialized; no observed unique-edge count; strict forward topological order,Finite DAG counting derivation; not a transition-check measurement,O(n^3 m^3),Counter unavailable or phase not reached; historical runs not rerun,
hurricane:AL061921__AL101926:a0.5|CPS-2F,227,hurricane,AL061921__AL101926,0.5,CPS-2F,43,57,historical attempt,output/paper_v1/hurricane_final_20/slots/19/attempts/final20_19_670b202c19c54aa28a7f79a13800898a,transition_budget_limit,False,True,observed before termination,dynamic_programming_labels,,3453588.0,,n*H_A*H_B,At most n distinct A-hop counts per state; labels not instrumented,Thesis section5.1; manuscript section4.4; solve_cps values dictionaries,O(n^3 m^3),Counter unavailable or phase not reached; historical runs not rerun,
hurricane:AL061921__AL101926:a0.5|CPS-3F,228,hurricane,AL061921__AL101926,0.5,CPS-3F,43,57,historical attempt,output/paper_v1/hurricane_final_20/slots/20/attempts/final20_20_5c112c2ece744b91bba8231374693156,validated,True,True,completed search,auxiliary_A,0.0,0.0,,0 (no auxiliary locations),Interior curve-parameter intersections; CPS-3F percentage not applicable,Thesis Observation 4 p.18 and section 5.1 p.26; manuscript section 4.4 pp.15-16,O(n^2 m^2),,Zero/non-applicable bound
hurricane:AL061921__AL101926:a0.5|CPS-3F,228,hurricane,AL061921__AL101926,0.5,CPS-3F,43,57,historical attempt,output/paper_v1/hurricane_final_20/slots/20/attempts/final20_20_5c112c2ece744b91bba8231374693156,validated,True,True,completed search,single_dense_A,1849.0,1849.0,100.0,k^2,"Dense indexing slots, not valid vertices",Thesis Observation 4 p.18 and section 5.1 p.26; manuscript section 4.4 pp.15-16,O(n^2 m^2),,
hurricane:AL061921__AL101926:a0.5|CPS-3F,228,hurricane,AL061921__AL101926,0.5,CPS-3F,43,57,historical attempt,output/paper_v1/hurricane_final_20/slots/20/attempts/final20_20_5c112c2ece744b91bba8231374693156,validated,True,True,completed search,single_active_A,57.0,1849.0,3.082747431043808,k*(k+a),Anchored source/terminal included; single-graph construction complete,Thesis Observation 4 p.18 and section 5.1 p.26; manuscript section 4.4 pp.15-16,O(n^2 m^2),,
hurricane:AL061921__AL101926:a0.5|CPS-3F,228,hurricane,AL061921__AL101926,0.5,CPS-3F,43,57,historical attempt,output/paper_v1/hurricane_final_20/slots/20/attempts/final20_20_5c112c2ece744b91bba8231374693156,validated,True,True,completed search,single_edges_with_waits_A,159.0,1653.0,9.618874773139746,H*(H+1)/2,Unique forward transitions plus exactly H waits; completed graph,Finite derivation from chain_graph() enumeration and pruning,O(n^2 m^2),,
hurricane:AL061921__AL101926:a0.5|CPS-3F,228,hurricane,AL061921__AL101926,0.5,CPS-3F,43,57,historical attempt,output/paper_v1/hurricane_final_20/slots/20/attempts/final20_20_5c112c2ece744b91bba8231374693156,validated,True,True,completed search,auxiliary_B,0.0,0.0,,0 (no auxiliary locations),Interior curve-parameter intersections; CPS-3F percentage not applicable,Thesis Observation 4 p.18 and section 5.1 p.26; manuscript section 4.4 pp.15-16,O(n^2 m^2),,Zero/non-applicable bound
hurricane:AL061921__AL101926:a0.5|CPS-3F,228,hurricane,AL061921__AL101926,0.5,CPS-3F,43,57,historical attempt,output/paper_v1/hurricane_final_20/slots/20/attempts/final20_20_5c112c2ece744b91bba8231374693156,validated,True,True,completed search,single_dense_B,3249.0,3249.0,100.0,k^2,"Dense indexing slots, not valid vertices",Thesis Observation 4 p.18 and section 5.1 p.26; manuscript section 4.4 pp.15-16,O(n^2 m^2),,
hurricane:AL061921__AL101926:a0.5|CPS-3F,228,hurricane,AL061921__AL101926,0.5,CPS-3F,43,57,historical attempt,output/paper_v1/hurricane_final_20/slots/20/attempts/final20_20_5c112c2ece744b91bba8231374693156,validated,True,True,completed search,single_active_B,123.0,3249.0,3.7857802400738687,k*(k+a),Anchored source/terminal included; single-graph construction complete,Thesis Observation 4 p.18 and section 5.1 p.26; manuscript section 4.4 pp.15-16,O(n^2 m^2),,
hurricane:AL061921__AL101926:a0.5|CPS-3F,228,hurricane,AL061921__AL101926,0.5,CPS-3F,43,57,historical attempt,output/paper_v1/hurricane_final_20/slots/20/attempts/final20_20_5c112c2ece744b91bba8231374693156,validated,True,True,completed search,single_edges_with_waits_B,664.0,7626.0,8.707054812483609,H*(H+1)/2,Unique forward transitions plus exactly H waits; completed graph,Finite derivation from chain_graph() enumeration and pruning,O(n^2 m^2),,
hurricane:AL061921__AL101926:a0.5|CPS-3F,228,hurricane,AL061921__AL101926,0.5,CPS-3F,43,57,historical attempt,output/paper_v1/hurricane_final_20/slots/20/attempts/final20_20_5c112c2ece744b91bba8231374693156,validated,True,True,completed search,configuration_states_input_bound,2926.0,6007401.0,0.0487065870914893,n^2*m^2,All index combinations; includes source/terminal; no hidden asymptotic constant,Thesis Observation 4 p.18 and section 5.1 p.26; manuscript section 4.4 pp.15-16,O(n^2 m^2),,
hurricane:AL061921__AL101926:a0.5|CPS-3F,228,hurricane,AL061921__AL101926,0.5,CPS-3F,43,57,historical attempt,output/paper_v1/hurricane_final_20/slots/20/attempts/final20_20_5c112c2ece744b91bba8231374693156,validated,True,True,completed search,configuration_states_active_bound,2926.0,7011.0,41.73441734417344,H_A*H_B,Completed single graphs; includes coupling-invalid combinations,Thesis Observation 4 p.18 and section 5.1 p.26; manuscript section 4.4 pp.15-16,O(n^2 m^2),,
hurricane:AL061921__AL101926:a0.5|CPS-3F,228,hurricane,AL061921__AL101926,0.5,CPS-3F,43,57,historical attempt,output/paper_v1/hurricane_final_20/slots/20/attempts/final20_20_5c112c2ece744b91bba8231374693156,validated,True,True,completed search,candidate_transition_checks,55992.0,98565.0,56.807183077157205,E_A*E_B-H_A*H_B,No duplicate single-graph entries; each product source popped once; excludes simultaneous waits,Finite derivation from solve_cps() and chain_graph(); see graph_bounds.md,O(n^2 m^2),,
hurricane:AL061921__AL101926:a0.5|CPS-3F,228,hurricane,AL061921__AL101926,0.5,CPS-3F,43,57,historical attempt,output/paper_v1/hurricane_final_20/slots/20/attempts/final20_20_5c112c2ece744b91bba8231374693156,validated,True,True,completed search,unique_configuration_edges,,24573555.0,,"N*(N-1)/2, N=H_A*H_B",Product graph not materialized; no observed unique-edge count; strict forward topological order,Finite DAG counting derivation; not a transition-check measurement,O(n^2 m^2),Counter unavailable or phase not reached; historical runs not rerun,
hurricane:AL061921__AL101926:a0.5|CPS-3F,228,hurricane,AL061921__AL101926,0.5,CPS-3F,43,57,historical attempt,output/paper_v1/hurricane_final_20/slots/20/attempts/final20_20_5c112c2ece744b91bba8231374693156,validated,True,True,completed search,dynamic_programming_labels,,301473.0,,n*H_A*H_B,At most n distinct A-hop counts per state; labels not instrumented,Thesis section5.1; manuscript section4.4; solve_cps values dictionaries,O(n^2 m^2),Counter unavailable or phase not reached; historical runs not rerun,
hurricane:EP041976__EP041984:a0.5|CPS-2F,230,hurricane,EP041976__EP041984,0.5,CPS-2F,30,48,historical attempt,output/paper_v1/hurricane_final_20/slots/22/attempts/final20_22_2aadd96ecd56487888d5543761e41814,validated,True,True,completed search,auxiliary_A,58.0,1740.0,3.333333333333333,2 k(k-1),Interior curve-parameter intersections; CPS-3F percentage not applicable,Thesis Observation 4 p.18 and section 5.1 p.26; manuscript section 4.4 pp.15-16,O(n^3 m^3),,
hurricane:EP041976__EP041984:a0.5|CPS-2F,230,hurricane,EP041976__EP041984,0.5,CPS-2F,30,48,historical attempt,output/paper_v1/hurricane_final_20/slots/22/attempts/final20_22_2aadd96ecd56487888d5543761e41814,validated,True,True,completed search,single_dense_A,2640.0,53100.0,4.971751412429379,k*(k+2k(k-1)),"Dense indexing slots, not valid vertices",Thesis Observation 4 p.18 and section 5.1 p.26; manuscript section 4.4 pp.15-16,O(n^3 m^3),,
hurricane:EP041976__EP041984:a0.5|CPS-2F,230,hurricane,EP041976__EP041984,0.5,CPS-2F,30,48,historical attempt,output/paper_v1/hurricane_final_20/slots/22/attempts/final20_22_2aadd96ecd56487888d5543761e41814,validated,True,True,completed search,single_active_A,118.0,2640.0,4.46969696969697,k*(k+a),Anchored source/terminal included; single-graph construction complete,Thesis Observation 4 p.18 and section 5.1 p.26; manuscript section 4.4 pp.15-16,O(n^3 m^3),,
hurricane:EP041976__EP041984:a0.5|CPS-2F,230,hurricane,EP041976__EP041984,0.5,CPS-2F,30,48,historical attempt,output/paper_v1/hurricane_final_20/slots/22/attempts/final20_22_2aadd96ecd56487888d5543761e41814,validated,True,True,completed search,single_edges_with_waits_A,4406.0,7021.0,62.75459336276884,H*(H+1)/2,Unique forward transitions plus exactly H waits; completed graph,Finite derivation from chain_graph() enumeration and pruning,O(n^3 m^3),,
hurricane:EP041976__EP041984:a0.5|CPS-2F,230,hurricane,EP041976__EP041984,0.5,CPS-2F,30,48,historical attempt,output/paper_v1/hurricane_final_20/slots/22/attempts/final20_22_2aadd96ecd56487888d5543761e41814,validated,True,True,completed search,auxiliary_B,92.0,4512.0,2.039007092198581,2 k(k-1),Interior curve-parameter intersections; CPS-3F percentage not applicable,Thesis Observation 4 p.18 and section 5.1 p.26; manuscript section 4.4 pp.15-16,O(n^3 m^3),,
hurricane:EP041976__EP041984:a0.5|CPS-2F,230,hurricane,EP041976__EP041984,0.5,CPS-2F,30,48,historical attempt,output/paper_v1/hurricane_final_20/slots/22/attempts/final20_22_2aadd96ecd56487888d5543761e41814,validated,True,True,completed search,single_dense_B,6720.0,218880.0,3.0701754385964914,k*(k+2k(k-1)),"Dense indexing slots, not valid vertices",Thesis Observation 4 p.18 and section 5.1 p.26; manuscript section 4.4 pp.15-16,O(n^3 m^3),,
hurricane:EP041976__EP041984:a0.5|CPS-2F,230,hurricane,EP041976__EP041984,0.5,CPS-2F,30,48,historical attempt,output/paper_v1/hurricane_final_20/slots/22/attempts/final20_22_2aadd96ecd56487888d5543761e41814,validated,True,True,completed search,single_active_B,195.0,6720.0,2.9017857142857144,k*(k+a),Anchored source/terminal included; single-graph construction complete,Thesis Observation 4 p.18 and section 5.1 p.26; manuscript section 4.4 pp.15-16,O(n^3 m^3),,
hurricane:EP041976__EP041984:a0.5|CPS-2F,230,hurricane,EP041976__EP041984,0.5,CPS-2F,30,48,historical attempt,output/paper_v1/hurricane_final_20/slots/22/attempts/final20_22_2aadd96ecd56487888d5543761e41814,validated,True,True,completed search,single_edges_with_waits_B,6880.0,19110.0,36.00209314495029,H*(H+1)/2,Unique forward transitions plus exactly H waits; completed graph,Finite derivation from chain_graph() enumeration and pruning,O(n^3 m^3),,
hurricane:EP041976__EP041984:a0.5|CPS-2F,230,hurricane,EP041976__EP041984,0.5,CPS-2F,30,48,historical attempt,output/paper_v1/hurricane_final_20/slots/22/attempts/final20_22_2aadd96ecd56487888d5543761e41814,validated,True,True,completed search,configuration_states_input_bound,3295.0,11622528000.0,2.835011453618352e-05,n*m*(n+2n(n-1))*(m+2m(m-1)),All index combinations; includes source/terminal; no hidden asymptotic constant,Thesis Observation 4 p.18 and section 5.1 p.26; manuscript section 4.4 pp.15-16,O(n^3 m^3),,
hurricane:EP041976__EP041984:a0.5|CPS-2F,230,hurricane,EP041976__EP041984,0.5,CPS-2F,30,48,historical attempt,output/paper_v1/hurricane_final_20/slots/22/attempts/final20_22_2aadd96ecd56487888d5543761e41814,validated,True,True,completed search,configuration_states_extended_bound,3295.0,17740800.0,0.0185730068542568,n*m*(n+aA)*(m+aB),Actual extended-curve sizes; all index combinations,Thesis Observation 4 p.18 and section 5.1 p.26; manuscript section 4.4 pp.15-16,O(n^3 m^3),,
hurricane:EP041976__EP041984:a0.5|CPS-2F,230,hurricane,EP041976__EP041984,0.5,CPS-2F,30,48,historical attempt,output/paper_v1/hurricane_final_20/slots/22/attempts/final20_22_2aadd96ecd56487888d5543761e41814,validated,True,True,completed search,configuration_states_active_bound,3295.0,23010.0,14.31986093003042,H_A*H_B,Completed single graphs; includes coupling-invalid combinations,Thesis Observation 4 p.18 and section 5.1 p.26; manuscript section 4.4 pp.15-16,O(n^3 m^3),,
hurricane:EP041976__EP041984:a0.5|CPS-2F,230,hurricane,EP041976__EP041984,0.5,CPS-2F,30,48,historical attempt,output/paper_v1/hurricane_final_20/slots/22/attempts/final20_22_2aadd96ecd56487888d5543761e41814,validated,True,True,completed search,candidate_transition_checks,1795151.0,30290270.0,5.926493887311008,E_A*E_B-H_A*H_B,No duplicate single-graph entries; each product source popped once; excludes simultaneous waits,Finite derivation from solve_cps() and chain_graph(); see graph_bounds.md,O(n^3 m^3),,
hurricane:EP041976__EP041984:a0.5|CPS-2F,230,hurricane,EP041976__EP041984,0.5,CPS-2F,30,48,historical attempt,output/paper_v1/hurricane_final_20/slots/22/attempts/final20_22_2aadd96ecd56487888d5543761e41814,validated,True,True,completed search,unique_configuration_edges,,264718545.0,,"N*(N-1)/2, N=H_A*H_B",Product graph not materialized; no observed unique-edge count; strict forward topological order,Finite DAG counting derivation; not a transition-check measurement,O(n^3 m^3),Counter unavailable or phase not reached; historical runs not rerun,
hurricane:EP041976__EP041984:a0.5|CPS-2F,230,hurricane,EP041976__EP041984,0.5,CPS-2F,30,48,historical attempt,output/paper_v1/hurricane_final_20/slots/22/attempts/final20_22_2aadd96ecd56487888d5543761e41814,validated,True,True,completed search,dynamic_programming_labels,,690300.0,,n*H_A*H_B,At most n distinct A-hop counts per state; labels not instrumented,Thesis section5.1; manuscript section4.4; solve_cps values dictionaries,O(n^3 m^3),Counter unavailable or phase not reached; historical runs not rerun,
hurricane:EP041976__EP041984:a0.5|CPS-3F,231,hurricane,EP041976__EP041984,0.5,CPS-3F,30,48,historical attempt,output/paper_v1/hurricane_final_20/slots/23/attempts/final20_23_0892021af506422ebb7300b58a6e42e8,validated,True,True,completed search,auxiliary_A,0.0,0.0,,0 (no auxiliary locations),Interior curve-parameter intersections; CPS-3F percentage not applicable,Thesis Observation 4 p.18 and section 5.1 p.26; manuscript section 4.4 pp.15-16,O(n^2 m^2),,Zero/non-applicable bound
hurricane:EP041976__EP041984:a0.5|CPS-3F,231,hurricane,EP041976__EP041984,0.5,CPS-3F,30,48,historical attempt,output/paper_v1/hurricane_final_20/slots/23/attempts/final20_23_0892021af506422ebb7300b58a6e42e8,validated,True,True,completed search,single_dense_A,900.0,900.0,100.0,k^2,"Dense indexing slots, not valid vertices",Thesis Observation 4 p.18 and section 5.1 p.26; manuscript section 4.4 pp.15-16,O(n^2 m^2),,
hurricane:EP041976__EP041984:a0.5|CPS-3F,231,hurricane,EP041976__EP041984,0.5,CPS-3F,30,48,historical attempt,output/paper_v1/hurricane_final_20/slots/23/attempts/final20_23_0892021af506422ebb7300b58a6e42e8,validated,True,True,completed search,single_active_A,30.0,900.0,3.333333333333333,k*(k+a),Anchored source/terminal included; single-graph construction complete,Thesis Observation 4 p.18 and section 5.1 p.26; manuscript section 4.4 pp.15-16,O(n^2 m^2),,
hurricane:EP041976__EP041984:a0.5|CPS-3F,231,hurricane,EP041976__EP041984,0.5,CPS-3F,30,48,historical attempt,output/paper_v1/hurricane_final_20/slots/23/attempts/final20_23_0892021af506422ebb7300b58a6e42e8,validated,True,True,completed search,single_edges_with_waits_A,59.0,465.0,12.688172043010752,H*(H+1)/2,Unique forward transitions plus exactly H waits; completed graph,Finite derivation from chain_graph() enumeration and pruning,O(n^2 m^2),,
hurricane:EP041976__EP041984:a0.5|CPS-3F,231,hurricane,EP041976__EP041984,0.5,CPS-3F,30,48,historical attempt,output/paper_v1/hurricane_final_20/slots/23/attempts/final20_23_0892021af506422ebb7300b58a6e42e8,validated,True,True,completed search,auxiliary_B,0.0,0.0,,0 (no auxiliary locations),Interior curve-parameter intersections; CPS-3F percentage not applicable,Thesis Observation 4 p.18 and section 5.1 p.26; manuscript section 4.4 pp.15-16,O(n^2 m^2),,Zero/non-applicable bound
hurricane:EP041976__EP041984:a0.5|CPS-3F,231,hurricane,EP041976__EP041984,0.5,CPS-3F,30,48,historical attempt,output/paper_v1/hurricane_final_20/slots/23/attempts/final20_23_0892021af506422ebb7300b58a6e42e8,validated,True,True,completed search,single_dense_B,2304.0,2304.0,100.0,k^2,"Dense indexing slots, not valid vertices",Thesis Observation 4 p.18 and section 5.1 p.26; manuscript section 4.4 pp.15-16,O(n^2 m^2),,
hurricane:EP041976__EP041984:a0.5|CPS-3F,231,hurricane,EP041976__EP041984,0.5,CPS-3F,30,48,historical attempt,output/paper_v1/hurricane_final_20/slots/23/attempts/final20_23_0892021af506422ebb7300b58a6e42e8,validated,True,True,completed search,single_active_B,56.0,2304.0,2.430555555555556,k*(k+a),Anchored source/terminal included; single-graph construction complete,Thesis Observation 4 p.18 and section 5.1 p.26; manuscript section 4.4 pp.15-16,O(n^2 m^2),,
hurricane:EP041976__EP041984:a0.5|CPS-3F,231,hurricane,EP041976__EP041984,0.5,CPS-3F,30,48,historical attempt,output/paper_v1/hurricane_final_20/slots/23/attempts/final20_23_0892021af506422ebb7300b58a6e42e8,validated,True,True,completed search,single_edges_with_waits_B,136.0,1596.0,8.521303258145364,H*(H+1)/2,Unique forward transitions plus exactly H waits; completed graph,Finite derivation from chain_graph() enumeration and pruning,O(n^2 m^2),,
hurricane:EP041976__EP041984:a0.5|CPS-3F,231,hurricane,EP041976__EP041984,0.5,CPS-3F,30,48,historical attempt,output/paper_v1/hurricane_final_20/slots/23/attempts/final20_23_0892021af506422ebb7300b58a6e42e8,validated,True,True,completed search,configuration_states_input_bound,225.0,2073600.0,0.0108506944444444,n^2*m^2,All index combinations; includes source/terminal; no hidden asymptotic constant,Thesis Observation 4 p.18 and section 5.1 p.26; manuscript section 4.4 pp.15-16,O(n^2 m^2),,
hurricane:EP041976__EP041984:a0.5|CPS-3F,231,hurricane,EP041976__EP041984,0.5,CPS-3F,30,48,historical attempt,output/paper_v1/hurricane_final_20/slots/23/attempts/final20_23_0892021af506422ebb7300b58a6e42e8,validated,True,True,completed search,configuration_states_active_bound,225.0,1680.0,13.392857142857142,H_A*H_B,Completed single graphs; includes coupling-invalid combinations,Thesis Observation 4 p.18 and section 5.1 p.26; manuscript section 4.4 pp.15-16,O(n^2 m^2),,
hurricane:EP041976__EP041984:a0.5|CPS-3F,231,hurricane,EP041976__EP041984,0.5,CPS-3F,30,48,historical attempt,output/paper_v1/hurricane_final_20/slots/23/attempts/final20_23_0892021af506422ebb7300b58a6e42e8,validated,True,True,completed search,candidate_transition_checks,632.0,6344.0,9.96216897856242,E_A*E_B-H_A*H_B,No duplicate single-graph entries; each product source popped once; excludes simultaneous waits,Finite derivation from solve_cps() and chain_graph(); see graph_bounds.md,O(n^2 m^2),,
hurricane:EP041976__EP041984:a0.5|CPS-3F,231,hurricane,EP041976__EP041984,0.5,CPS-3F,30,48,historical attempt,output/paper_v1/hurricane_final_20/slots/23/attempts/final20_23_0892021af506422ebb7300b58a6e42e8,validated,True,True,completed search,unique_configuration_edges,,1410360.0,,"N*(N-1)/2, N=H_A*H_B",Product graph not materialized; no observed unique-edge count; strict forward topological order,Finite DAG counting derivation; not a transition-check measurement,O(n^2 m^2),Counter unavailable or phase not reached; historical runs not rerun,
hurricane:EP041976__EP041984:a0.5|CPS-3F,231,hurricane,EP041976__EP041984,0.5,CPS-3F,30,48,historical attempt,output/paper_v1/hurricane_final_20/slots/23/attempts/final20_23_0892021af506422ebb7300b58a6e42e8,validated,True,True,completed search,dynamic_programming_labels,,50400.0,,n*H_A*H_B,At most n distinct A-hop counts per state; labels not instrumented,Thesis section5.1; manuscript section4.4; solve_cps values dictionaries,O(n^2 m^2),Counter unavailable or phase not reached; historical runs not rerun,
hurricane:EP081967__EP101980:a0.5|CPS-2F,233,hurricane,EP081967__EP101980,0.5,CPS-2F,25,26,historical attempt,output/paper_v1/hurricane_final_20/slots/25/attempts/final20_25_66c8bad9489b41fab6327cf23c780263,validated,True,True,completed search,auxiliary_A,47.0,1200.0,3.9166666666666665,2 k(k-1),Interior curve-parameter intersections; CPS-3F percentage not applicable,Thesis Observation 4 p.18 and section 5.1 p.26; manuscript section 4.4 pp.15-16,O(n^3 m^3),,
hurricane:EP081967__EP101980:a0.5|CPS-2F,233,hurricane,EP081967__EP101980,0.5,CPS-2F,25,26,historical attempt,output/paper_v1/hurricane_final_20/slots/25/attempts/final20_25_66c8bad9489b41fab6327cf23c780263,validated,True,True,completed search,single_dense_A,1800.0,30625.0,5.877551020408164,k*(k+2k(k-1)),"Dense indexing slots, not valid vertices",Thesis Observation 4 p.18 and section 5.1 p.26; manuscript section 4.4 pp.15-16,O(n^3 m^3),,
hurricane:EP081967__EP101980:a0.5|CPS-2F,233,hurricane,EP081967__EP101980,0.5,CPS-2F,25,26,historical attempt,output/paper_v1/hurricane_final_20/slots/25/attempts/final20_25_66c8bad9489b41fab6327cf23c780263,validated,True,True,completed search,single_active_A,105.0,1800.0,5.833333333333333,k*(k+a),Anchored source/terminal included; single-graph construction complete,Thesis Observation 4 p.18 and section 5.1 p.26; manuscript section 4.4 pp.15-16,O(n^3 m^3),,
hurricane:EP081967__EP101980:a0.5|CPS-2F,233,hurricane,EP081967__EP101980,0.5,CPS-2F,25,26,historical attempt,output/paper_v1/hurricane_final_20/slots/25/attempts/final20_25_66c8bad9489b41fab6327cf23c780263,validated,True,True,completed search,single_edges_with_waits_A,2820.0,5565.0,50.67385444743935,H*(H+1)/2,Unique forward transitions plus exactly H waits; completed graph,Finite derivation from chain_graph() enumeration and pruning,O(n^3 m^3),,
hurricane:EP081967__EP101980:a0.5|CPS-2F,233,hurricane,EP081967__EP101980,0.5,CPS-2F,25,26,historical attempt,output/paper_v1/hurricane_final_20/slots/25/attempts/final20_25_66c8bad9489b41fab6327cf23c780263,validated,True,True,completed search,auxiliary_B,50.0,1300.0,3.8461538461538463,2 k(k-1),Interior curve-parameter intersections; CPS-3F percentage not applicable,Thesis Observation 4 p.18 and section 5.1 p.26; manuscript section 4.4 pp.15-16,O(n^3 m^3),,
hurricane:EP081967__EP101980:a0.5|CPS-2F,233,hurricane,EP081967__EP101980,0.5,CPS-2F,25,26,historical attempt,output/paper_v1/hurricane_final_20/slots/25/attempts/final20_25_66c8bad9489b41fab6327cf23c780263,validated,True,True,completed search,single_dense_B,1976.0,34476.0,5.731523378582202,k*(k+2k(k-1)),"Dense indexing slots, not valid vertices",Thesis Observation 4 p.18 and section 5.1 p.26; manuscript section 4.4 pp.15-16,O(n^3 m^3),,
hurricane:EP081967__EP101980:a0.5|CPS-2F,233,hurricane,EP081967__EP101980,0.5,CPS-2F,25,26,historical attempt,output/paper_v1/hurricane_final_20/slots/25/attempts/final20_25_66c8bad9489b41fab6327cf23c780263,validated,True,True,completed search,single_active_B,102.0,1976.0,5.161943319838056,k*(k+a),Anchored source/terminal included; single-graph construction complete,Thesis Observation 4 p.18 and section 5.1 p.26; manuscript section 4.4 pp.15-16,O(n^3 m^3),,
hurricane:EP081967__EP101980:a0.5|CPS-2F,233,hurricane,EP081967__EP101980,0.5,CPS-2F,25,26,historical attempt,output/paper_v1/hurricane_final_20/slots/25/attempts/final20_25_66c8bad9489b41fab6327cf23c780263,validated,True,True,completed search,single_edges_with_waits_B,3863.0,5253.0,73.53893013516085,H*(H+1)/2,Unique forward transitions plus exactly H waits; completed graph,Finite derivation from chain_graph() enumeration and pruning,O(n^3 m^3),,
hurricane:EP081967__EP101980:a0.5|CPS-2F,233,hurricane,EP081967__EP101980,0.5,CPS-2F,25,26,historical attempt,output/paper_v1/hurricane_final_20/slots/25/attempts/final20_25_66c8bad9489b41fab6327cf23c780263,validated,True,True,completed search,configuration_states_input_bound,1675.0,1055827500.0,0.0001586433389924,n*m*(n+2n(n-1))*(m+2m(m-1)),All index combinations; includes source/terminal; no hidden asymptotic constant,Thesis Observation 4 p.18 and section 5.1 p.26; manuscript section 4.4 pp.15-16,O(n^3 m^3),,
hurricane:EP081967__EP101980:a0.5|CPS-2F,233,hurricane,EP081967__EP101980,0.5,CPS-2F,25,26,historical attempt,output/paper_v1/hurricane_final_20/slots/25/attempts/final20_25_66c8bad9489b41fab6327cf23c780263,validated,True,True,completed search,configuration_states_extended_bound,1675.0,3556800.0,0.0470928924876293,n*m*(n+aA)*(m+aB),Actual extended-curve sizes; all index combinations,Thesis Observation 4 p.18 and section 5.1 p.26; manuscript section 4.4 pp.15-16,O(n^3 m^3),,
hurricane:EP081967__EP101980:a0.5|CPS-2F,233,hurricane,EP081967__EP101980,0.5,CPS-2F,25,26,historical attempt,output/paper_v1/hurricane_final_20/slots/25/attempts/final20_25_66c8bad9489b41fab6327cf23c780263,validated,True,True,completed search,configuration_states_active_bound,1675.0,10710.0,15.639589169000931,H_A*H_B,Completed single graphs; includes coupling-invalid combinations,Thesis Observation 4 p.18 and section 5.1 p.26; manuscript section 4.4 pp.15-16,O(n^3 m^3),,
hurricane:EP081967__EP101980:a0.5|CPS-2F,233,hurricane,EP081967__EP101980,0.5,CPS-2F,25,26,historical attempt,output/paper_v1/hurricane_final_20/slots/25/attempts/final20_25_66c8bad9489b41fab6327cf23c780263,validated,True,True,completed search,candidate_transition_checks,636165.0,10882950.0,5.845519826885174,E_A*E_B-H_A*H_B,No duplicate single-graph entries; each product source popped once; excludes simultaneous waits,Finite derivation from solve_cps() and chain_graph(); see graph_bounds.md,O(n^3 m^3),,
hurricane:EP081967__EP101980:a0.5|CPS-2F,233,hurricane,EP081967__EP101980,0.5,CPS-2F,25,26,historical attempt,output/paper_v1/hurricane_final_20/slots/25/attempts/final20_25_66c8bad9489b41fab6327cf23c780263,validated,True,True,completed search,unique_configuration_edges,,57346695.0,,"N*(N-1)/2, N=H_A*H_B",Product graph not materialized; no observed unique-edge count; strict forward topological order,Finite DAG counting derivation; not a transition-check measurement,O(n^3 m^3),Counter unavailable or phase not reached; historical runs not rerun,
hurricane:EP081967__EP101980:a0.5|CPS-2F,233,hurricane,EP081967__EP101980,0.5,CPS-2F,25,26,historical attempt,output/paper_v1/hurricane_final_20/slots/25/attempts/final20_25_66c8bad9489b41fab6327cf23c780263,validated,True,True,completed search,dynamic_programming_labels,,267750.0,,n*H_A*H_B,At most n distinct A-hop counts per state; labels not instrumented,Thesis section5.1; manuscript section4.4; solve_cps values dictionaries,O(n^3 m^3),Counter unavailable or phase not reached; historical runs not rerun,
hurricane:EP081967__EP101980:a0.5|CPS-3F,234,hurricane,EP081967__EP101980,0.5,CPS-3F,25,26,historical attempt,output/paper_v1/hurricane_final_20/slots/26/attempts/final20_26_30241021b400499a9710be07c88dddac,validated,True,True,completed search,auxiliary_A,0.0,0.0,,0 (no auxiliary locations),Interior curve-parameter intersections; CPS-3F percentage not applicable,Thesis Observation 4 p.18 and section 5.1 p.26; manuscript section 4.4 pp.15-16,O(n^2 m^2),,Zero/non-applicable bound
hurricane:EP081967__EP101980:a0.5|CPS-3F,234,hurricane,EP081967__EP101980,0.5,CPS-3F,25,26,historical attempt,output/paper_v1/hurricane_final_20/slots/26/attempts/final20_26_30241021b400499a9710be07c88dddac,validated,True,True,completed search,single_dense_A,625.0,625.0,100.0,k^2,"Dense indexing slots, not valid vertices",Thesis Observation 4 p.18 and section 5.1 p.26; manuscript section 4.4 pp.15-16,O(n^2 m^2),,
hurricane:EP081967__EP101980:a0.5|CPS-3F,234,hurricane,EP081967__EP101980,0.5,CPS-3F,25,26,historical attempt,output/paper_v1/hurricane_final_20/slots/26/attempts/final20_26_30241021b400499a9710be07c88dddac,validated,True,True,completed search,single_active_A,27.0,625.0,4.32,k*(k+a),Anchored source/terminal included; single-graph construction complete,Thesis Observation 4 p.18 and section 5.1 p.26; manuscript section 4.4 pp.15-16,O(n^2 m^2),,
hurricane:EP081967__EP101980:a0.5|CPS-3F,234,hurricane,EP081967__EP101980,0.5,CPS-3F,25,26,historical attempt,output/paper_v1/hurricane_final_20/slots/26/attempts/final20_26_30241021b400499a9710be07c88dddac,validated,True,True,completed search,single_edges_with_waits_A,56.0,378.0,14.814814814814817,H*(H+1)/2,Unique forward transitions plus exactly H waits; completed graph,Finite derivation from chain_graph() enumeration and pruning,O(n^2 m^2),,
hurricane:EP081967__EP101980:a0.5|CPS-3F,234,hurricane,EP081967__EP101980,0.5,CPS-3F,25,26,historical attempt,output/paper_v1/hurricane_final_20/slots/26/attempts/final20_26_30241021b400499a9710be07c88dddac,validated,True,True,completed search,auxiliary_B,0.0,0.0,,0 (no auxiliary locations),Interior curve-parameter intersections; CPS-3F percentage not applicable,Thesis Observation 4 p.18 and section 5.1 p.26; manuscript section 4.4 pp.15-16,O(n^2 m^2),,Zero/non-applicable bound
hurricane:EP081967__EP101980:a0.5|CPS-3F,234,hurricane,EP081967__EP101980,0.5,CPS-3F,25,26,historical attempt,output/paper_v1/hurricane_final_20/slots/26/attempts/final20_26_30241021b400499a9710be07c88dddac,validated,True,True,completed search,single_dense_B,676.0,676.0,100.0,k^2,"Dense indexing slots, not valid vertices",Thesis Observation 4 p.18 and section 5.1 p.26; manuscript section 4.4 pp.15-16,O(n^2 m^2),,
hurricane:EP081967__EP101980:a0.5|CPS-3F,234,hurricane,EP081967__EP101980,0.5,CPS-3F,25,26,historical attempt,output/paper_v1/hurricane_final_20/slots/26/attempts/final20_26_30241021b400499a9710be07c88dddac,validated,True,True,completed search,single_active_B,26.0,676.0,3.8461538461538463,k*(k+a),Anchored source/terminal included; single-graph construction complete,Thesis Observation 4 p.18 and section 5.1 p.26; manuscript section 4.4 pp.15-16,O(n^2 m^2),,
hurricane:EP081967__EP101980:a0.5|CPS-3F,234,hurricane,EP081967__EP101980,0.5,CPS-3F,25,26,historical attempt,output/paper_v1/hurricane_final_20/slots/26/attempts/final20_26_30241021b400499a9710be07c88dddac,validated,True,True,completed search,single_edges_with_waits_B,51.0,351.0,14.52991452991453,H*(H+1)/2,Unique forward transitions plus exactly H waits; completed graph,Finite derivation from chain_graph() enumeration and pruning,O(n^2 m^2),,
hurricane:EP081967__EP101980:a0.5|CPS-3F,234,hurricane,EP081967__EP101980,0.5,CPS-3F,25,26,historical attempt,output/paper_v1/hurricane_final_20/slots/26/attempts/final20_26_30241021b400499a9710be07c88dddac,validated,True,True,completed search,configuration_states_input_bound,100.0,422500.0,0.0236686390532544,n^2*m^2,All index combinations; includes source/terminal; no hidden asymptotic constant,Thesis Observation 4 p.18 and section 5.1 p.26; manuscript section 4.4 pp.15-16,O(n^2 m^2),,
hurricane:EP081967__EP101980:a0.5|CPS-3F,234,hurricane,EP081967__EP101980,0.5,CPS-3F,25,26,historical attempt,output/paper_v1/hurricane_final_20/slots/26/attempts/final20_26_30241021b400499a9710be07c88dddac,validated,True,True,completed search,configuration_states_active_bound,100.0,702.0,14.245014245014245,H_A*H_B,Completed single graphs; includes coupling-invalid combinations,Thesis Observation 4 p.18 and section 5.1 p.26; manuscript section 4.4 pp.15-16,O(n^2 m^2),,
hurricane:EP081967__EP101980:a0.5|CPS-3F,234,hurricane,EP081967__EP101980,0.5,CPS-3F,25,26,historical attempt,output/paper_v1/hurricane_final_20/slots/26/attempts/final20_26_30241021b400499a9710be07c88dddac,validated,True,True,completed search,candidate_transition_checks,238.0,2154.0,11.049210770659238,E_A*E_B-H_A*H_B,No duplicate single-graph entries; each product source popped once; excludes simultaneous waits,Finite derivation from solve_cps() and chain_graph(); see graph_bounds.md,O(n^2 m^2),,
hurricane:EP081967__EP101980:a0.5|CPS-3F,234,hurricane,EP081967__EP101980,0.5,CPS-3F,25,26,historical attempt,output/paper_v1/hurricane_final_20/slots/26/attempts/final20_26_30241021b400499a9710be07c88dddac,validated,True,True,completed search,unique_configuration_edges,,246051.0,,"N*(N-1)/2, N=H_A*H_B",Product graph not materialized; no observed unique-edge count; strict forward topological order,Finite DAG counting derivation; not a transition-check measurement,O(n^2 m^2),Counter unavailable or phase not reached; historical runs not rerun,
hurricane:EP081967__EP101980:a0.5|CPS-3F,234,hurricane,EP081967__EP101980,0.5,CPS-3F,25,26,historical attempt,output/paper_v1/hurricane_final_20/slots/26/attempts/final20_26_30241021b400499a9710be07c88dddac,validated,True,True,completed search,dynamic_programming_labels,,17550.0,,n*H_A*H_B,At most n distinct A-hop counts per state; labels not instrumented,Thesis section5.1; manuscript section4.4; solve_cps values dictionaries,O(n^2 m^2),Counter unavailable or phase not reached; historical runs not rerun,
hurricane:EP031994__EP031978:a0.5|CPS-3F,237,hurricane,EP031994__EP031978,0.5,CPS-3F,29,35,historical attempt,output/paper_v1/hurricane_final_20/slots/29/attempts/final20_29_aa3ca4b72b8c4222901d54440e883ea9,validated,True,True,completed search,auxiliary_A,0.0,0.0,,0 (no auxiliary locations),Interior curve-parameter intersections; CPS-3F percentage not applicable,Thesis Observation 4 p.18 and section 5.1 p.26; manuscript section 4.4 pp.15-16,O(n^2 m^2),,Zero/non-applicable bound
hurricane:EP031994__EP031978:a0.5|CPS-3F,237,hurricane,EP031994__EP031978,0.5,CPS-3F,29,35,historical attempt,output/paper_v1/hurricane_final_20/slots/29/attempts/final20_29_aa3ca4b72b8c4222901d54440e883ea9,validated,True,True,completed search,single_dense_A,841.0,841.0,100.0,k^2,"Dense indexing slots, not valid vertices",Thesis Observation 4 p.18 and section 5.1 p.26; manuscript section 4.4 pp.15-16,O(n^2 m^2),,
hurricane:EP031994__EP031978:a0.5|CPS-3F,237,hurricane,EP031994__EP031978,0.5,CPS-3F,29,35,historical attempt,output/paper_v1/hurricane_final_20/slots/29/attempts/final20_29_aa3ca4b72b8c4222901d54440e883ea9,validated,True,True,completed search,single_active_A,29.0,841.0,3.4482758620689653,k*(k+a),Anchored source/terminal included; single-graph construction complete,Thesis Observation 4 p.18 and section 5.1 p.26; manuscript section 4.4 pp.15-16,O(n^2 m^2),,
hurricane:EP031994__EP031978:a0.5|CPS-3F,237,hurricane,EP031994__EP031978,0.5,CPS-3F,29,35,historical attempt,output/paper_v1/hurricane_final_20/slots/29/attempts/final20_29_aa3ca4b72b8c4222901d54440e883ea9,validated,True,True,completed search,single_edges_with_waits_A,57.0,435.0,13.10344827586207,H*(H+1)/2,Unique forward transitions plus exactly H waits; completed graph,Finite derivation from chain_graph() enumeration and pruning,O(n^2 m^2),,
hurricane:EP031994__EP031978:a0.5|CPS-3F,237,hurricane,EP031994__EP031978,0.5,CPS-3F,29,35,historical attempt,output/paper_v1/hurricane_final_20/slots/29/attempts/final20_29_aa3ca4b72b8c4222901d54440e883ea9,validated,True,True,completed search,auxiliary_B,0.0,0.0,,0 (no auxiliary locations),Interior curve-parameter intersections; CPS-3F percentage not applicable,Thesis Observation 4 p.18 and section 5.1 p.26; manuscript section 4.4 pp.15-16,O(n^2 m^2),,Zero/non-applicable bound
hurricane:EP031994__EP031978:a0.5|CPS-3F,237,hurricane,EP031994__EP031978,0.5,CPS-3F,29,35,historical attempt,output/paper_v1/hurricane_final_20/slots/29/attempts/final20_29_aa3ca4b72b8c4222901d54440e883ea9,validated,True,True,completed search,single_dense_B,1225.0,1225.0,100.0,k^2,"Dense indexing slots, not valid vertices",Thesis Observation 4 p.18 and section 5.1 p.26; manuscript section 4.4 pp.15-16,O(n^2 m^2),,
hurricane:EP031994__EP031978:a0.5|CPS-3F,237,hurricane,EP031994__EP031978,0.5,CPS-3F,29,35,historical attempt,output/paper_v1/hurricane_final_20/slots/29/attempts/final20_29_aa3ca4b72b8c4222901d54440e883ea9,validated,True,True,completed search,single_active_B,39.0,1225.0,3.183673469387755,k*(k+a),Anchored source/terminal included; single-graph construction complete,Thesis Observation 4 p.18 and section 5.1 p.26; manuscript section 4.4 pp.15-16,O(n^2 m^2),,
hurricane:EP031994__EP031978:a0.5|CPS-3F,237,hurricane,EP031994__EP031978,0.5,CPS-3F,29,35,historical attempt,output/paper_v1/hurricane_final_20/slots/29/attempts/final20_29_aa3ca4b72b8c4222901d54440e883ea9,validated,True,True,completed search,single_edges_with_waits_B,88.0,780.0,11.282051282051285,H*(H+1)/2,Unique forward transitions plus exactly H waits; completed graph,Finite derivation from chain_graph() enumeration and pruning,O(n^2 m^2),,
hurricane:EP031994__EP031978:a0.5|CPS-3F,237,hurricane,EP031994__EP031978,0.5,CPS-3F,29,35,historical attempt,output/paper_v1/hurricane_final_20/slots/29/attempts/final20_29_aa3ca4b72b8c4222901d54440e883ea9,validated,True,True,completed search,configuration_states_input_bound,235.0,1030225.0,0.0228105510932077,n^2*m^2,All index combinations; includes source/terminal; no hidden asymptotic constant,Thesis Observation 4 p.18 and section 5.1 p.26; manuscript section 4.4 pp.15-16,O(n^2 m^2),,
hurricane:EP031994__EP031978:a0.5|CPS-3F,237,hurricane,EP031994__EP031978,0.5,CPS-3F,29,35,historical attempt,output/paper_v1/hurricane_final_20/slots/29/attempts/final20_29_aa3ca4b72b8c4222901d54440e883ea9,validated,True,True,completed search,configuration_states_active_bound,235.0,1131.0,20.778072502210435,H_A*H_B,Completed single graphs; includes coupling-invalid combinations,Thesis Observation 4 p.18 and section 5.1 p.26; manuscript section 4.4 pp.15-16,O(n^2 m^2),,
hurricane:EP031994__EP031978:a0.5|CPS-3F,237,hurricane,EP031994__EP031978,0.5,CPS-3F,29,35,historical attempt,output/paper_v1/hurricane_final_20/slots/29/attempts/final20_29_aa3ca4b72b8c4222901d54440e883ea9,validated,True,True,completed search,candidate_transition_checks,639.0,3885.0,16.44787644787645,E_A*E_B-H_A*H_B,No duplicate single-graph entries; each product source popped once; excludes simultaneous waits,Finite derivation from solve_cps() and chain_graph(); see graph_bounds.md,O(n^2 m^2),,
hurricane:EP031994__EP031978:a0.5|CPS-3F,237,hurricane,EP031994__EP031978,0.5,CPS-3F,29,35,historical attempt,output/paper_v1/hurricane_final_20/slots/29/attempts/final20_29_aa3ca4b72b8c4222901d54440e883ea9,validated,True,True,completed search,unique_configuration_edges,,639015.0,,"N*(N-1)/2, N=H_A*H_B",Product graph not materialized; no observed unique-edge count; strict forward topological order,Finite DAG counting derivation; not a transition-check measurement,O(n^2 m^2),Counter unavailable or phase not reached; historical runs not rerun,
hurricane:EP031994__EP031978:a0.5|CPS-3F,237,hurricane,EP031994__EP031978,0.5,CPS-3F,29,35,historical attempt,output/paper_v1/hurricane_final_20/slots/29/attempts/final20_29_aa3ca4b72b8c4222901d54440e883ea9,validated,True,True,completed search,dynamic_programming_labels,,32799.0,,n*H_A*H_B,At most n distinct A-hop counts per state; labels not instrumented,Thesis section5.1; manuscript section4.4; solve_cps values dictionaries,O(n^2 m^2),Counter unavailable or phase not reached; historical runs not rerun,
hurricane:EP031994__EP031978:a0.5|CPS-2F,240,hurricane,EP031994__EP031978,0.5,CPS-2F,29,35,historical attempt,output/paper_v1/hurricane_final_20/slots/32/attempts/final20_32_d7629be544a04b7c9a22f439d333fc89,validated,True,True,completed search,auxiliary_A,56.0,1624.0,3.4482758620689653,2 k(k-1),Interior curve-parameter intersections; CPS-3F percentage not applicable,Thesis Observation 4 p.18 and section 5.1 p.26; manuscript section 4.4 pp.15-16,O(n^3 m^3),,
hurricane:EP031994__EP031978:a0.5|CPS-2F,240,hurricane,EP031994__EP031978,0.5,CPS-2F,29,35,historical attempt,output/paper_v1/hurricane_final_20/slots/32/attempts/final20_32_d7629be544a04b7c9a22f439d333fc89,validated,True,True,completed search,single_dense_A,2465.0,47937.0,5.142165759225651,k*(k+2k(k-1)),"Dense indexing slots, not valid vertices",Thesis Observation 4 p.18 and section 5.1 p.26; manuscript section 4.4 pp.15-16,O(n^3 m^3),,
hurricane:EP031994__EP031978:a0.5|CPS-2F,240,hurricane,EP031994__EP031978,0.5,CPS-2F,29,35,historical attempt,output/paper_v1/hurricane_final_20/slots/32/attempts/final20_32_d7629be544a04b7c9a22f439d333fc89,validated,True,True,completed search,single_active_A,115.0,2465.0,4.665314401622718,k*(k+a),Anchored source/terminal included; single-graph construction complete,Thesis Observation 4 p.18 and section 5.1 p.26; manuscript section 4.4 pp.15-16,O(n^3 m^3),,
hurricane:EP031994__EP031978:a0.5|CPS-2F,240,hurricane,EP031994__EP031978,0.5,CPS-2F,29,35,historical attempt,output/paper_v1/hurricane_final_20/slots/32/attempts/final20_32_d7629be544a04b7c9a22f439d333fc89,validated,True,True,completed search,single_edges_with_waits_A,4798.0,6670.0,71.93403298350825,H*(H+1)/2,Unique forward transitions plus exactly H waits; completed graph,Finite derivation from chain_graph() enumeration and pruning,O(n^3 m^3),,
hurricane:EP031994__EP031978:a0.5|CPS-2F,240,hurricane,EP031994__EP031978,0.5,CPS-2F,29,35,historical attempt,output/paper_v1/hurricane_final_20/slots/32/attempts/final20_32_d7629be544a04b7c9a22f439d333fc89,validated,True,True,completed search,auxiliary_B,68.0,2380.0,2.857142857142857,2 k(k-1),Interior curve-parameter intersections; CPS-3F percentage not applicable,Thesis Observation 4 p.18 and section 5.1 p.26; manuscript section 4.4 pp.15-16,O(n^3 m^3),,
hurricane:EP031994__EP031978:a0.5|CPS-2F,240,hurricane,EP031994__EP031978,0.5,CPS-2F,29,35,historical attempt,output/paper_v1/hurricane_final_20/slots/32/attempts/final20_32_d7629be544a04b7c9a22f439d333fc89,validated,True,True,completed search,single_dense_B,3605.0,84525.0,4.265010351966874,k*(k+2k(k-1)),"Dense indexing slots, not valid vertices",Thesis Observation 4 p.18 and section 5.1 p.26; manuscript section 4.4 pp.15-16,O(n^3 m^3),,
hurricane:EP031994__EP031978:a0.5|CPS-2F,240,hurricane,EP031994__EP031978,0.5,CPS-2F,29,35,historical attempt,output/paper_v1/hurricane_final_20/slots/32/attempts/final20_32_d7629be544a04b7c9a22f439d333fc89,validated,True,True,completed search,single_active_B,147.0,3605.0,4.077669902912621,k*(k+a),Anchored source/terminal included; single-graph construction complete,Thesis Observation 4 p.18 and section 5.1 p.26; manuscript section 4.4 pp.15-16,O(n^3 m^3),,
hurricane:EP031994__EP031978:a0.5|CPS-2F,240,hurricane,EP031994__EP031978,0.5,CPS-2F,29,35,historical attempt,output/paper_v1/hurricane_final_20/slots/32/attempts/final20_32_d7629be544a04b7c9a22f439d333fc89,validated,True,True,completed search,single_edges_with_waits_B,4778.0,10878.0,43.92351535208678,H*(H+1)/2,Unique forward transitions plus exactly H waits; completed graph,Finite derivation from chain_graph() enumeration and pruning,O(n^3 m^3),,
hurricane:EP031994__EP031978:a0.5|CPS-2F,240,hurricane,EP031994__EP031978,0.5,CPS-2F,29,35,historical attempt,output/paper_v1/hurricane_final_20/slots/32/attempts/final20_32_d7629be544a04b7c9a22f439d333fc89,validated,True,True,completed search,configuration_states_input_bound,3403.0,4051874925.0,8.398581059359823e-05,n*m*(n+2n(n-1))*(m+2m(m-1)),All index combinations; includes source/terminal; no hidden asymptotic constant,Thesis Observation 4 p.18 and section 5.1 p.26; manuscript section 4.4 pp.15-16,O(n^3 m^3),,
hurricane:EP031994__EP031978:a0.5|CPS-2F,240,hurricane,EP031994__EP031978,0.5,CPS-2F,29,35,historical attempt,output/paper_v1/hurricane_final_20/slots/32/attempts/final20_32_d7629be544a04b7c9a22f439d333fc89,validated,True,True,completed search,configuration_states_extended_bound,3403.0,8886325.0,0.0382947956551217,n*m*(n+aA)*(m+aB),Actual extended-curve sizes; all index combinations,Thesis Observation 4 p.18 and section 5.1 p.26; manuscript section 4.4 pp.15-16,O(n^3 m^3),,
hurricane:EP031994__EP031978:a0.5|CPS-2F,240,hurricane,EP031994__EP031978,0.5,CPS-2F,29,35,historical attempt,output/paper_v1/hurricane_final_20/slots/32/attempts/final20_32_d7629be544a04b7c9a22f439d333fc89,validated,True,True,completed search,configuration_states_active_bound,3403.0,16905.0,20.13013901212659,H_A*H_B,Completed single graphs; includes coupling-invalid combinations,Thesis Observation 4 p.18 and section 5.1 p.26; manuscript section 4.4 pp.15-16,O(n^3 m^3),,
hurricane:EP031994__EP031978:a0.5|CPS-2F,240,hurricane,EP031994__EP031978,0.5,CPS-2F,29,35,historical attempt,output/paper_v1/hurricane_final_20/slots/32/attempts/final20_32_d7629be544a04b7c9a22f439d333fc89,validated,True,True,completed search,candidate_transition_checks,1648014.0,22907939.0,7.1940736353453705,E_A*E_B-H_A*H_B,No duplicate single-graph entries; each product source popped once; excludes simultaneous waits,Finite derivation from solve_cps() and chain_graph(); see graph_bounds.md,O(n^3 m^3),,
hurricane:EP031994__EP031978:a0.5|CPS-2F,240,hurricane,EP031994__EP031978,0.5,CPS-2F,29,35,historical attempt,output/paper_v1/hurricane_final_20/slots/32/attempts/final20_32_d7629be544a04b7c9a22f439d333fc89,validated,True,True,completed search,unique_configuration_edges,,142881060.0,,"N*(N-1)/2, N=H_A*H_B",Product graph not materialized; no observed unique-edge count; strict forward topological order,Finite DAG counting derivation; not a transition-check measurement,O(n^3 m^3),Counter unavailable or phase not reached; historical runs not rerun,
hurricane:EP031994__EP031978:a0.5|CPS-2F,240,hurricane,EP031994__EP031978,0.5,CPS-2F,29,35,historical attempt,output/paper_v1/hurricane_final_20/slots/32/attempts/final20_32_d7629be544a04b7c9a22f439d333fc89,validated,True,True,completed search,dynamic_programming_labels,,490245.0,,n*H_A*H_B,At most n distinct A-hop counts per state; labels not instrumented,Thesis section5.1; manuscript section4.4; solve_cps values dictionaries,O(n^3 m^3),Counter unavailable or phase not reached; historical runs not rerun,
hurricane:EP021985__EP181984:a0.5|CPS-2F,243,hurricane,EP021985__EP181984,0.5,CPS-2F,41,36,historical attempt,output/paper_v1/hurricane_final_20/slots/35/attempts/final20_35_ebb9bf586aa24487a1f9d9f887ce4018,validated,True,True,completed search,auxiliary_A,80.0,3280.0,2.4390243902439024,2 k(k-1),Interior curve-parameter intersections; CPS-3F percentage not applicable,Thesis Observation 4 p.18 and section 5.1 p.26; manuscript section 4.4 pp.15-16,O(n^3 m^3),,
hurricane:EP021985__EP181984:a0.5|CPS-2F,243,hurricane,EP021985__EP181984,0.5,CPS-2F,41,36,historical attempt,output/paper_v1/hurricane_final_20/slots/35/attempts/final20_35_ebb9bf586aa24487a1f9d9f887ce4018,validated,True,True,completed search,single_dense_A,4961.0,136161.0,3.643480879253237,k*(k+2k(k-1)),"Dense indexing slots, not valid vertices",Thesis Observation 4 p.18 and section 5.1 p.26; manuscript section 4.4 pp.15-16,O(n^3 m^3),,
hurricane:EP021985__EP181984:a0.5|CPS-2F,243,hurricane,EP021985__EP181984,0.5,CPS-2F,41,36,historical attempt,output/paper_v1/hurricane_final_20/slots/35/attempts/final20_35_ebb9bf586aa24487a1f9d9f887ce4018,validated,True,True,completed search,single_active_A,165.0,4961.0,3.3259423503325944,k*(k+a),Anchored source/terminal included; single-graph construction complete,Thesis Observation 4 p.18 and section 5.1 p.26; manuscript section 4.4 pp.15-16,O(n^3 m^3),,
hurricane:EP021985__EP181984:a0.5|CPS-2F,243,hurricane,EP021985__EP181984,0.5,CPS-2F,41,36,historical attempt,output/paper_v1/hurricane_final_20/slots/35/attempts/final20_35_ebb9bf586aa24487a1f9d9f887ce4018,validated,True,True,completed search,single_edges_with_waits_A,8477.0,13695.0,61.89850310332238,H*(H+1)/2,Unique forward transitions plus exactly H waits; completed graph,Finite derivation from chain_graph() enumeration and pruning,O(n^3 m^3),,
hurricane:EP021985__EP181984:a0.5|CPS-2F,243,hurricane,EP021985__EP181984,0.5,CPS-2F,41,36,historical attempt,output/paper_v1/hurricane_final_20/slots/35/attempts/final20_35_ebb9bf586aa24487a1f9d9f887ce4018,validated,True,True,completed search,auxiliary_B,69.0,2520.0,2.738095238095238,2 k(k-1),Interior curve-parameter intersections; CPS-3F percentage not applicable,Thesis Observation 4 p.18 and section 5.1 p.26; manuscript section 4.4 pp.15-16,O(n^3 m^3),,
hurricane:EP021985__EP181984:a0.5|CPS-2F,243,hurricane,EP021985__EP181984,0.5,CPS-2F,41,36,historical attempt,output/paper_v1/hurricane_final_20/slots/35/attempts/final20_35_ebb9bf586aa24487a1f9d9f887ce4018,validated,True,True,completed search,single_dense_B,3780.0,92016.0,4.107981220657277,k*(k+2k(k-1)),"Dense indexing slots, not valid vertices",Thesis Observation 4 p.18 and section 5.1 p.26; manuscript section 4.4 pp.15-16,O(n^3 m^3),,
hurricane:EP021985__EP181984:a0.5|CPS-2F,243,hurricane,EP021985__EP181984,0.5,CPS-2F,41,36,historical attempt,output/paper_v1/hurricane_final_20/slots/35/attempts/final20_35_ebb9bf586aa24487a1f9d9f887ce4018,validated,True,True,completed search,single_active_B,180.0,3780.0,4.761904761904762,k*(k+a),Anchored source/terminal included; single-graph construction complete,Thesis Observation 4 p.18 and section 5.1 p.26; manuscript section 4.4 pp.15-16,O(n^3 m^3),,
hurricane:EP021985__EP181984:a0.5|CPS-2F,243,hurricane,EP021985__EP181984,0.5,CPS-2F,41,36,historical attempt,output/paper_v1/hurricane_final_20/slots/35/attempts/final20_35_ebb9bf586aa24487a1f9d9f887ce4018,validated,True,True,completed search,single_edges_with_waits_B,9523.0,16290.0,58.45917740945365,H*(H+1)/2,Unique forward transitions plus exactly H waits; completed graph,Finite derivation from chain_graph() enumeration and pruning,O(n^3 m^3),,
hurricane:EP021985__EP181984:a0.5|CPS-2F,243,hurricane,EP021985__EP181984,0.5,CPS-2F,41,36,historical attempt,output/paper_v1/hurricane_final_20/slots/35/attempts/final20_35_ebb9bf586aa24487a1f9d9f887ce4018,validated,True,True,completed search,configuration_states_input_bound,6553.0,12528990576.0,5.230269717460437e-05,n*m*(n+2n(n-1))*(m+2m(m-1)),All index combinations; includes source/terminal; no hidden asymptotic constant,Thesis Observation 4 p.18 and section 5.1 p.26; manuscript section 4.4 pp.15-16,O(n^3 m^3),,
hurricane:EP021985__EP181984:a0.5|CPS-2F,243,hurricane,EP021985__EP181984,0.5,CPS-2F,41,36,historical attempt,output/paper_v1/hurricane_final_20/slots/35/attempts/final20_35_ebb9bf586aa24487a1f9d9f887ce4018,validated,True,True,completed search,configuration_states_extended_bound,6553.0,18752580.0,0.0349445249666979,n*m*(n+aA)*(m+aB),Actual extended-curve sizes; all index combinations,Thesis Observation 4 p.18 and section 5.1 p.26; manuscript section 4.4 pp.15-16,O(n^3 m^3),,
hurricane:EP021985__EP181984:a0.5|CPS-2F,243,hurricane,EP021985__EP181984,0.5,CPS-2F,41,36,historical attempt,output/paper_v1/hurricane_final_20/slots/35/attempts/final20_35_ebb9bf586aa24487a1f9d9f887ce4018,validated,True,True,completed search,configuration_states_active_bound,6553.0,29700.0,22.063973063973062,H_A*H_B,Completed single graphs; includes coupling-invalid combinations,Thesis Observation 4 p.18 and section 5.1 p.26; manuscript section 4.4 pp.15-16,O(n^3 m^3),,
hurricane:EP021985__EP181984:a0.5|CPS-2F,243,hurricane,EP021985__EP181984,0.5,CPS-2F,41,36,historical attempt,output/paper_v1/hurricane_final_20/slots/35/attempts/final20_35_ebb9bf586aa24487a1f9d9f887ce4018,validated,True,True,completed search,candidate_transition_checks,7885493.0,80696771.0,9.77175778198114,E_A*E_B-H_A*H_B,No duplicate single-graph entries; each product source popped once; excludes simultaneous waits,Finite derivation from solve_cps() and chain_graph(); see graph_bounds.md,O(n^3 m^3),,
hurricane:EP021985__EP181984:a0.5|CPS-2F,243,hurricane,EP021985__EP181984,0.5,CPS-2F,41,36,historical attempt,output/paper_v1/hurricane_final_20/slots/35/attempts/final20_35_ebb9bf586aa24487a1f9d9f887ce4018,validated,True,True,completed search,unique_configuration_edges,,441030150.0,,"N*(N-1)/2, N=H_A*H_B",Product graph not materialized; no observed unique-edge count; strict forward topological order,Finite DAG counting derivation; not a transition-check measurement,O(n^3 m^3),Counter unavailable or phase not reached; historical runs not rerun,
hurricane:EP021985__EP181984:a0.5|CPS-2F,243,hurricane,EP021985__EP181984,0.5,CPS-2F,41,36,historical attempt,output/paper_v1/hurricane_final_20/slots/35/attempts/final20_35_ebb9bf586aa24487a1f9d9f887ce4018,validated,True,True,completed search,dynamic_programming_labels,,1217700.0,,n*H_A*H_B,At most n distinct A-hop counts per state; labels not instrumented,Thesis section5.1; manuscript section4.4; solve_cps values dictionaries,O(n^3 m^3),Counter unavailable or phase not reached; historical runs not rerun,
hurricane:EP021985__EP181984:a0.5|CPS-3F,244,hurricane,EP021985__EP181984,0.5,CPS-3F,41,36,historical attempt,output/paper_v1/hurricane_final_20/slots/36/attempts/final20_36_4e04d78dd5974e99b6e05aa37ad0a368,validated,True,True,completed search,auxiliary_A,0.0,0.0,,0 (no auxiliary locations),Interior curve-parameter intersections; CPS-3F percentage not applicable,Thesis Observation 4 p.18 and section 5.1 p.26; manuscript section 4.4 pp.15-16,O(n^2 m^2),,Zero/non-applicable bound
hurricane:EP021985__EP181984:a0.5|CPS-3F,244,hurricane,EP021985__EP181984,0.5,CPS-3F,41,36,historical attempt,output/paper_v1/hurricane_final_20/slots/36/attempts/final20_36_4e04d78dd5974e99b6e05aa37ad0a368,validated,True,True,completed search,single_dense_A,1681.0,1681.0,100.0,k^2,"Dense indexing slots, not valid vertices",Thesis Observation 4 p.18 and section 5.1 p.26; manuscript section 4.4 pp.15-16,O(n^2 m^2),,
hurricane:EP021985__EP181984:a0.5|CPS-3F,244,hurricane,EP021985__EP181984,0.5,CPS-3F,41,36,historical attempt,output/paper_v1/hurricane_final_20/slots/36/attempts/final20_36_4e04d78dd5974e99b6e05aa37ad0a368,validated,True,True,completed search,single_active_A,41.0,1681.0,2.4390243902439024,k*(k+a),Anchored source/terminal included; single-graph construction complete,Thesis Observation 4 p.18 and section 5.1 p.26; manuscript section 4.4 pp.15-16,O(n^2 m^2),,
hurricane:EP021985__EP181984:a0.5|CPS-3F,244,hurricane,EP021985__EP181984,0.5,CPS-3F,41,36,historical attempt,output/paper_v1/hurricane_final_20/slots/36/attempts/final20_36_4e04d78dd5974e99b6e05aa37ad0a368,validated,True,True,completed search,single_edges_with_waits_A,81.0,861.0,9.40766550522648,H*(H+1)/2,Unique forward transitions plus exactly H waits; completed graph,Finite derivation from chain_graph() enumeration and pruning,O(n^2 m^2),,
hurricane:EP021985__EP181984:a0.5|CPS-3F,244,hurricane,EP021985__EP181984,0.5,CPS-3F,41,36,historical attempt,output/paper_v1/hurricane_final_20/slots/36/attempts/final20_36_4e04d78dd5974e99b6e05aa37ad0a368,validated,True,True,completed search,auxiliary_B,0.0,0.0,,0 (no auxiliary locations),Interior curve-parameter intersections; CPS-3F percentage not applicable,Thesis Observation 4 p.18 and section 5.1 p.26; manuscript section 4.4 pp.15-16,O(n^2 m^2),,Zero/non-applicable bound
hurricane:EP021985__EP181984:a0.5|CPS-3F,244,hurricane,EP021985__EP181984,0.5,CPS-3F,41,36,historical attempt,output/paper_v1/hurricane_final_20/slots/36/attempts/final20_36_4e04d78dd5974e99b6e05aa37ad0a368,validated,True,True,completed search,single_dense_B,1296.0,1296.0,100.0,k^2,"Dense indexing slots, not valid vertices",Thesis Observation 4 p.18 and section 5.1 p.26; manuscript section 4.4 pp.15-16,O(n^2 m^2),,
hurricane:EP021985__EP181984:a0.5|CPS-3F,244,hurricane,EP021985__EP181984,0.5,CPS-3F,41,36,historical attempt,output/paper_v1/hurricane_final_20/slots/36/attempts/final20_36_4e04d78dd5974e99b6e05aa37ad0a368,validated,True,True,completed search,single_active_B,52.0,1296.0,4.012345679012346,k*(k+a),Anchored source/terminal included; single-graph construction complete,Thesis Observation 4 p.18 and section 5.1 p.26; manuscript section 4.4 pp.15-16,O(n^2 m^2),,
hurricane:EP021985__EP181984:a0.5|CPS-3F,244,hurricane,EP021985__EP181984,0.5,CPS-3F,41,36,historical attempt,output/paper_v1/hurricane_final_20/slots/36/attempts/final20_36_4e04d78dd5974e99b6e05aa37ad0a368,validated,True,True,completed search,single_edges_with_waits_B,161.0,1378.0,11.683599419448475,H*(H+1)/2,Unique forward transitions plus exactly H waits; completed graph,Finite derivation from chain_graph() enumeration and pruning,O(n^2 m^2),,
hurricane:EP021985__EP181984:a0.5|CPS-3F,244,hurricane,EP021985__EP181984,0.5,CPS-3F,41,36,historical attempt,output/paper_v1/hurricane_final_20/slots/36/attempts/final20_36_4e04d78dd5974e99b6e05aa37ad0a368,validated,True,True,completed search,configuration_states_input_bound,504.0,2178576.0,0.0231343776852402,n^2*m^2,All index combinations; includes source/terminal; no hidden asymptotic constant,Thesis Observation 4 p.18 and section 5.1 p.26; manuscript section 4.4 pp.15-16,O(n^2 m^2),,
hurricane:EP021985__EP181984:a0.5|CPS-3F,244,hurricane,EP021985__EP181984,0.5,CPS-3F,41,36,historical attempt,output/paper_v1/hurricane_final_20/slots/36/attempts/final20_36_4e04d78dd5974e99b6e05aa37ad0a368,validated,True,True,completed search,configuration_states_active_bound,504.0,2132.0,23.63977485928705,H_A*H_B,Completed single graphs; includes coupling-invalid combinations,Thesis Observation 4 p.18 and section 5.1 p.26; manuscript section 4.4 pp.15-16,O(n^2 m^2),,
hurricane:EP021985__EP181984:a0.5|CPS-3F,244,hurricane,EP021985__EP181984,0.5,CPS-3F,41,36,historical attempt,output/paper_v1/hurricane_final_20/slots/36/attempts/final20_36_4e04d78dd5974e99b6e05aa37ad0a368,validated,True,True,completed search,candidate_transition_checks,2402.0,10909.0,22.01851682097351,E_A*E_B-H_A*H_B,No duplicate single-graph entries; each product source popped once; excludes simultaneous waits,Finite derivation from solve_cps() and chain_graph(); see graph_bounds.md,O(n^2 m^2),,
hurricane:EP021985__EP181984:a0.5|CPS-3F,244,hurricane,EP021985__EP181984,0.5,CPS-3F,41,36,historical attempt,output/paper_v1/hurricane_final_20/slots/36/attempts/final20_36_4e04d78dd5974e99b6e05aa37ad0a368,validated,True,True,completed search,unique_configuration_edges,,2271646.0,,"N*(N-1)/2, N=H_A*H_B",Product graph not materialized; no observed unique-edge count; strict forward topological order,Finite DAG counting derivation; not a transition-check measurement,O(n^2 m^2),Counter unavailable or phase not reached; historical runs not rerun,
hurricane:EP021985__EP181984:a0.5|CPS-3F,244,hurricane,EP021985__EP181984,0.5,CPS-3F,41,36,historical attempt,output/paper_v1/hurricane_final_20/slots/36/attempts/final20_36_4e04d78dd5974e99b6e05aa37ad0a368,validated,True,True,completed search,dynamic_programming_labels,,87412.0,,n*H_A*H_B,At most n distinct A-hop counts per state; labels not instrumented,Thesis section5.1; manuscript section4.4; solve_cps values dictionaries,O(n^2 m^2),Counter unavailable or phase not reached; historical runs not rerun,
hurricane:AL101886__AL051950:a0.5|CPS-2F,246,hurricane,AL101886__AL051950,0.5,CPS-2F,25,38,historical attempt,output/paper_v1/hurricane_final_20/slots/38/attempts/final20_38_58df75aaae554088a8460ccc5c84df2f,validated,True,True,completed search,auxiliary_A,48.0,1200.0,4.0,2 k(k-1),Interior curve-parameter intersections; CPS-3F percentage not applicable,Thesis Observation 4 p.18 and section 5.1 p.26; manuscript section 4.4 pp.15-16,O(n^3 m^3),,
hurricane:AL101886__AL051950:a0.5|CPS-2F,246,hurricane,AL101886__AL051950,0.5,CPS-2F,25,38,historical attempt,output/paper_v1/hurricane_final_20/slots/38/attempts/final20_38_58df75aaae554088a8460ccc5c84df2f,validated,True,True,completed search,single_dense_A,1825.0,30625.0,5.959183673469388,k*(k+2k(k-1)),"Dense indexing slots, not valid vertices",Thesis Observation 4 p.18 and section 5.1 p.26; manuscript section 4.4 pp.15-16,O(n^3 m^3),,
hurricane:AL101886__AL051950:a0.5|CPS-2F,246,hurricane,AL101886__AL051950,0.5,CPS-2F,25,38,historical attempt,output/paper_v1/hurricane_final_20/slots/38/attempts/final20_38_58df75aaae554088a8460ccc5c84df2f,validated,True,True,completed search,single_active_A,107.0,1825.0,5.863013698630137,k*(k+a),Anchored source/terminal included; single-graph construction complete,Thesis Observation 4 p.18 and section 5.1 p.26; manuscript section 4.4 pp.15-16,O(n^3 m^3),,
hurricane:AL101886__AL051950:a0.5|CPS-2F,246,hurricane,AL101886__AL051950,0.5,CPS-2F,25,38,historical attempt,output/paper_v1/hurricane_final_20/slots/38/attempts/final20_38_58df75aaae554088a8460ccc5c84df2f,validated,True,True,completed search,single_edges_with_waits_A,3162.0,5778.0,54.72481827622015,H*(H+1)/2,Unique forward transitions plus exactly H waits; completed graph,Finite derivation from chain_graph() enumeration and pruning,O(n^3 m^3),,
hurricane:AL101886__AL051950:a0.5|CPS-2F,246,hurricane,AL101886__AL051950,0.5,CPS-2F,25,38,historical attempt,output/paper_v1/hurricane_final_20/slots/38/attempts/final20_38_58df75aaae554088a8460ccc5c84df2f,validated,True,True,completed search,auxiliary_B,77.0,2812.0,2.7382645803698438,2 k(k-1),Interior curve-parameter intersections; CPS-3F percentage not applicable,Thesis Observation 4 p.18 and section 5.1 p.26; manuscript section 4.4 pp.15-16,O(n^3 m^3),,
hurricane:AL101886__AL051950:a0.5|CPS-2F,246,hurricane,AL101886__AL051950,0.5,CPS-2F,25,38,historical attempt,output/paper_v1/hurricane_final_20/slots/38/attempts/final20_38_58df75aaae554088a8460ccc5c84df2f,validated,True,True,completed search,single_dense_B,4370.0,108300.0,4.035087719298246,k*(k+2k(k-1)),"Dense indexing slots, not valid vertices",Thesis Observation 4 p.18 and section 5.1 p.26; manuscript section 4.4 pp.15-16,O(n^3 m^3),,
hurricane:AL101886__AL051950:a0.5|CPS-2F,246,hurricane,AL101886__AL051950,0.5,CPS-2F,25,38,historical attempt,output/paper_v1/hurricane_final_20/slots/38/attempts/final20_38_58df75aaae554088a8460ccc5c84df2f,validated,True,True,completed search,single_active_B,214.0,4370.0,4.897025171624714,k*(k+a),Anchored source/terminal included; single-graph construction complete,Thesis Observation 4 p.18 and section 5.1 p.26; manuscript section 4.4 pp.15-16,O(n^3 m^3),,
hurricane:AL101886__AL051950:a0.5|CPS-2F,246,hurricane,AL101886__AL051950,0.5,CPS-2F,25,38,historical attempt,output/paper_v1/hurricane_final_20/slots/38/attempts/final20_38_58df75aaae554088a8460ccc5c84df2f,validated,True,True,completed search,single_edges_with_waits_B,5464.0,23005.0,23.75135840034775,H*(H+1)/2,Unique forward transitions plus exactly H waits; completed graph,Finite derivation from chain_graph() enumeration and pruning,O(n^3 m^3),,
hurricane:AL101886__AL051950:a0.5|CPS-2F,246,hurricane,AL101886__AL051950,0.5,CPS-2F,25,38,historical attempt,output/paper_v1/hurricane_final_20/slots/38/attempts/final20_38_58df75aaae554088a8460ccc5c84df2f,validated,True,True,completed search,configuration_states_input_bound,11941.0,3316687500.0,0.000360027889272,n*m*(n+2n(n-1))*(m+2m(m-1)),All index combinations; includes source/terminal; no hidden asymptotic constant,Thesis Observation 4 p.18 and section 5.1 p.26; manuscript section 4.4 pp.15-16,O(n^3 m^3),,
hurricane:AL101886__AL051950:a0.5|CPS-2F,246,hurricane,AL101886__AL051950,0.5,CPS-2F,25,38,historical attempt,output/paper_v1/hurricane_final_20/slots/38/attempts/final20_38_58df75aaae554088a8460ccc5c84df2f,validated,True,True,completed search,configuration_states_extended_bound,11941.0,7975250.0,0.1497257139274631,n*m*(n+aA)*(m+aB),Actual extended-curve sizes; all index combinations,Thesis Observation 4 p.18 and section 5.1 p.26; manuscript section 4.4 pp.15-16,O(n^3 m^3),,
hurricane:AL101886__AL051950:a0.5|CPS-2F,246,hurricane,AL101886__AL051950,0.5,CPS-2F,25,38,historical attempt,output/paper_v1/hurricane_final_20/slots/38/attempts/final20_38_58df75aaae554088a8460ccc5c84df2f,validated,True,True,completed search,configuration_states_active_bound,11941.0,22898.0,52.1486592715521,H_A*H_B,Completed single graphs; includes coupling-invalid combinations,Thesis Observation 4 p.18 and section 5.1 p.26; manuscript section 4.4 pp.15-16,O(n^3 m^3),,
hurricane:AL101886__AL051950:a0.5|CPS-2F,246,hurricane,AL101886__AL051950,0.5,CPS-2F,25,38,historical attempt,output/paper_v1/hurricane_final_20/slots/38/attempts/final20_38_58df75aaae554088a8460ccc5c84df2f,validated,True,True,completed search,candidate_transition_checks,10421580.0,17254270.0,60.40000533201346,E_A*E_B-H_A*H_B,No duplicate single-graph entries; each product source popped once; excludes simultaneous waits,Finite derivation from solve_cps() and chain_graph(); see graph_bounds.md,O(n^3 m^3),,
hurricane:AL101886__AL051950:a0.5|CPS-2F,246,hurricane,AL101886__AL051950,0.5,CPS-2F,25,38,historical attempt,output/paper_v1/hurricane_final_20/slots/38/attempts/final20_38_58df75aaae554088a8460ccc5c84df2f,validated,True,True,completed search,unique_configuration_edges,,262147753.0,,"N*(N-1)/2, N=H_A*H_B",Product graph not materialized; no observed unique-edge count; strict forward topological order,Finite DAG counting derivation; not a transition-check measurement,O(n^3 m^3),Counter unavailable or phase not reached; historical runs not rerun,
hurricane:AL101886__AL051950:a0.5|CPS-2F,246,hurricane,AL101886__AL051950,0.5,CPS-2F,25,38,historical attempt,output/paper_v1/hurricane_final_20/slots/38/attempts/final20_38_58df75aaae554088a8460ccc5c84df2f,validated,True,True,completed search,dynamic_programming_labels,,572450.0,,n*H_A*H_B,At most n distinct A-hop counts per state; labels not instrumented,Thesis section5.1; manuscript section4.4; solve_cps values dictionaries,O(n^3 m^3),Counter unavailable or phase not reached; historical runs not rerun,
hurricane:AL101886__AL051950:a0.5|CPS-3F,247,hurricane,AL101886__AL051950,0.5,CPS-3F,25,38,historical attempt,output/paper_v1/hurricane_final_20/slots/39/attempts/final20_39_f320fc4065b8426997773f0f0db07068,validated,True,True,completed search,auxiliary_A,0.0,0.0,,0 (no auxiliary locations),Interior curve-parameter intersections; CPS-3F percentage not applicable,Thesis Observation 4 p.18 and section 5.1 p.26; manuscript section 4.4 pp.15-16,O(n^2 m^2),,Zero/non-applicable bound
hurricane:AL101886__AL051950:a0.5|CPS-3F,247,hurricane,AL101886__AL051950,0.5,CPS-3F,25,38,historical attempt,output/paper_v1/hurricane_final_20/slots/39/attempts/final20_39_f320fc4065b8426997773f0f0db07068,validated,True,True,completed search,single_dense_A,625.0,625.0,100.0,k^2,"Dense indexing slots, not valid vertices",Thesis Observation 4 p.18 and section 5.1 p.26; manuscript section 4.4 pp.15-16,O(n^2 m^2),,
hurricane:AL101886__AL051950:a0.5|CPS-3F,247,hurricane,AL101886__AL051950,0.5,CPS-3F,25,38,historical attempt,output/paper_v1/hurricane_final_20/slots/39/attempts/final20_39_f320fc4065b8426997773f0f0db07068,validated,True,True,completed search,single_active_A,27.0,625.0,4.32,k*(k+a),Anchored source/terminal included; single-graph construction complete,Thesis Observation 4 p.18 and section 5.1 p.26; manuscript section 4.4 pp.15-16,O(n^2 m^2),,
hurricane:AL101886__AL051950:a0.5|CPS-3F,247,hurricane,AL101886__AL051950,0.5,CPS-3F,25,38,historical attempt,output/paper_v1/hurricane_final_20/slots/39/attempts/final20_39_f320fc4065b8426997773f0f0db07068,validated,True,True,completed search,single_edges_with_waits_A,57.0,378.0,15.07936507936508,H*(H+1)/2,Unique forward transitions plus exactly H waits; completed graph,Finite derivation from chain_graph() enumeration and pruning,O(n^2 m^2),,
hurricane:AL101886__AL051950:a0.5|CPS-3F,247,hurricane,AL101886__AL051950,0.5,CPS-3F,25,38,historical attempt,output/paper_v1/hurricane_final_20/slots/39/attempts/final20_39_f320fc4065b8426997773f0f0db07068,validated,True,True,completed search,auxiliary_B,0.0,0.0,,0 (no auxiliary locations),Interior curve-parameter intersections; CPS-3F percentage not applicable,Thesis Observation 4 p.18 and section 5.1 p.26; manuscript section 4.4 pp.15-16,O(n^2 m^2),,Zero/non-applicable bound
hurricane:AL101886__AL051950:a0.5|CPS-3F,247,hurricane,AL101886__AL051950,0.5,CPS-3F,25,38,historical attempt,output/paper_v1/hurricane_final_20/slots/39/attempts/final20_39_f320fc4065b8426997773f0f0db07068,validated,True,True,completed search,single_dense_B,1444.0,1444.0,100.0,k^2,"Dense indexing slots, not valid vertices",Thesis Observation 4 p.18 and section 5.1 p.26; manuscript section 4.4 pp.15-16,O(n^2 m^2),,
hurricane:AL101886__AL051950:a0.5|CPS-3F,247,hurricane,AL101886__AL051950,0.5,CPS-3F,25,38,historical attempt,output/paper_v1/hurricane_final_20/slots/39/attempts/final20_39_f320fc4065b8426997773f0f0db07068,validated,True,True,completed search,single_active_B,62.0,1444.0,4.293628808864266,k*(k+a),Anchored source/terminal included; single-graph construction complete,Thesis Observation 4 p.18 and section 5.1 p.26; manuscript section 4.4 pp.15-16,O(n^2 m^2),,
hurricane:AL101886__AL051950:a0.5|CPS-3F,247,hurricane,AL101886__AL051950,0.5,CPS-3F,25,38,historical attempt,output/paper_v1/hurricane_final_20/slots/39/attempts/final20_39_f320fc4065b8426997773f0f0db07068,validated,True,True,completed search,single_edges_with_waits_B,194.0,1953.0,9.933435739887353,H*(H+1)/2,Unique forward transitions plus exactly H waits; completed graph,Finite derivation from chain_graph() enumeration and pruning,O(n^2 m^2),,
hurricane:AL101886__AL051950:a0.5|CPS-3F,247,hurricane,AL101886__AL051950,0.5,CPS-3F,25,38,historical attempt,output/paper_v1/hurricane_final_20/slots/39/attempts/final20_39_f320fc4065b8426997773f0f0db07068,validated,True,True,completed search,configuration_states_input_bound,761.0,902500.0,0.0843213296398892,n^2*m^2,All index combinations; includes source/terminal; no hidden asymptotic constant,Thesis Observation 4 p.18 and section 5.1 p.26; manuscript section 4.4 pp.15-16,O(n^2 m^2),,
hurricane:AL101886__AL051950:a0.5|CPS-3F,247,hurricane,AL101886__AL051950,0.5,CPS-3F,25,38,historical attempt,output/paper_v1/hurricane_final_20/slots/39/attempts/final20_39_f320fc4065b8426997773f0f0db07068,validated,True,True,completed search,configuration_states_active_bound,761.0,1674.0,45.45997610513739,H_A*H_B,Completed single graphs; includes coupling-invalid combinations,Thesis Observation 4 p.18 and section 5.1 p.26; manuscript section 4.4 pp.15-16,O(n^2 m^2),,
hurricane:AL101886__AL051950:a0.5|CPS-3F,247,hurricane,AL101886__AL051950,0.5,CPS-3F,25,38,historical attempt,output/paper_v1/hurricane_final_20/slots/39/attempts/final20_39_f320fc4065b8426997773f0f0db07068,validated,True,True,completed search,candidate_transition_checks,3952.0,9384.0,42.11423699914749,E_A*E_B-H_A*H_B,No duplicate single-graph entries; each product source popped once; excludes simultaneous waits,Finite derivation from solve_cps() and chain_graph(); see graph_bounds.md,O(n^2 m^2),,
hurricane:AL101886__AL051950:a0.5|CPS-3F,247,hurricane,AL101886__AL051950,0.5,CPS-3F,25,38,historical attempt,output/paper_v1/hurricane_final_20/slots/39/attempts/final20_39_f320fc4065b8426997773f0f0db07068,validated,True,True,completed search,unique_configuration_edges,,1400301.0,,"N*(N-1)/2, N=H_A*H_B",Product graph not materialized; no observed unique-edge count; strict forward topological order,Finite DAG counting derivation; not a transition-check measurement,O(n^2 m^2),Counter unavailable or phase not reached; historical runs not rerun,
hurricane:AL101886__AL051950:a0.5|CPS-3F,247,hurricane,AL101886__AL051950,0.5,CPS-3F,25,38,historical attempt,output/paper_v1/hurricane_final_20/slots/39/attempts/final20_39_f320fc4065b8426997773f0f0db07068,validated,True,True,completed search,dynamic_programming_labels,,41850.0,,n*H_A*H_B,At most n distinct A-hop counts per state; labels not instrumented,Thesis section5.1; manuscript section4.4; solve_cps values dictionaries,O(n^2 m^2),Counter unavailable or phase not reached; historical runs not rerun,
hurricane:AL091947__AL011953:a0.5|CPS-2F,249,hurricane,AL091947__AL011953,0.5,CPS-2F,36,53,historical attempt,output/paper_v1/hurricane_final_20/slots/41/attempts/final20_41_0a466baa66464fb3943e4e57645c28be,validated,True,True,completed search,auxiliary_A,70.0,2520.0,2.7777777777777777,2 k(k-1),Interior curve-parameter intersections; CPS-3F percentage not applicable,Thesis Observation 4 p.18 and section 5.1 p.26; manuscript section 4.4 pp.15-16,O(n^3 m^3),,
hurricane:AL091947__AL011953:a0.5|CPS-2F,249,hurricane,AL091947__AL011953,0.5,CPS-2F,36,53,historical attempt,output/paper_v1/hurricane_final_20/slots/41/attempts/final20_41_0a466baa66464fb3943e4e57645c28be,validated,True,True,completed search,single_dense_A,3816.0,92016.0,4.147104851330203,k*(k+2k(k-1)),"Dense indexing slots, not valid vertices",Thesis Observation 4 p.18 and section 5.1 p.26; manuscript section 4.4 pp.15-16,O(n^3 m^3),,
hurricane:AL091947__AL011953:a0.5|CPS-2F,249,hurricane,AL091947__AL011953,0.5,CPS-2F,36,53,historical attempt,output/paper_v1/hurricane_final_20/slots/41/attempts/final20_41_0a466baa66464fb3943e4e57645c28be,validated,True,True,completed search,single_active_A,144.0,3816.0,3.7735849056603774,k*(k+a),Anchored source/terminal included; single-graph construction complete,Thesis Observation 4 p.18 and section 5.1 p.26; manuscript section 4.4 pp.15-16,O(n^3 m^3),,
hurricane:AL091947__AL011953:a0.5|CPS-2F,249,hurricane,AL091947__AL011953,0.5,CPS-2F,36,53,historical attempt,output/paper_v1/hurricane_final_20/slots/41/attempts/final20_41_0a466baa66464fb3943e4e57645c28be,validated,True,True,completed search,single_edges_with_waits_A,3093.0,10440.0,29.6264367816092,H*(H+1)/2,Unique forward transitions plus exactly H waits; completed graph,Finite derivation from chain_graph() enumeration and pruning,O(n^3 m^3),,
hurricane:AL091947__AL011953:a0.5|CPS-2F,249,hurricane,AL091947__AL011953,0.5,CPS-2F,36,53,historical attempt,output/paper_v1/hurricane_final_20/slots/41/attempts/final20_41_0a466baa66464fb3943e4e57645c28be,validated,True,True,completed search,auxiliary_B,116.0,5512.0,2.1044992743105952,2 k(k-1),Interior curve-parameter intersections; CPS-3F percentage not applicable,Thesis Observation 4 p.18 and section 5.1 p.26; manuscript section 4.4 pp.15-16,O(n^3 m^3),,
hurricane:AL091947__AL011953:a0.5|CPS-2F,249,hurricane,AL091947__AL011953,0.5,CPS-2F,36,53,historical attempt,output/paper_v1/hurricane_final_20/slots/41/attempts/final20_41_0a466baa66464fb3943e4e57645c28be,validated,True,True,completed search,single_dense_B,8957.0,294945.0,3.036837376460018,k*(k+2k(k-1)),"Dense indexing slots, not valid vertices",Thesis Observation 4 p.18 and section 5.1 p.26; manuscript section 4.4 pp.15-16,O(n^3 m^3),,
hurricane:AL091947__AL011953:a0.5|CPS-2F,249,hurricane,AL091947__AL011953,0.5,CPS-2F,36,53,historical attempt,output/paper_v1/hurricane_final_20/slots/41/attempts/final20_41_0a466baa66464fb3943e4e57645c28be,validated,True,True,completed search,single_active_B,261.0,8957.0,2.913922072122362,k*(k+a),Anchored source/terminal included; single-graph construction complete,Thesis Observation 4 p.18 and section 5.1 p.26; manuscript section 4.4 pp.15-16,O(n^3 m^3),,
hurricane:AL091947__AL011953:a0.5|CPS-2F,249,hurricane,AL091947__AL011953,0.5,CPS-2F,36,53,historical attempt,output/paper_v1/hurricane_final_20/slots/41/attempts/final20_41_0a466baa66464fb3943e4e57645c28be,validated,True,True,completed search,single_edges_with_waits_B,6912.0,34191.0,20.21584627533561,H*(H+1)/2,Unique forward transitions plus exactly H waits; completed graph,Finite derivation from chain_graph() enumeration and pruning,O(n^3 m^3),,
hurricane:AL091947__AL011953:a0.5|CPS-2F,249,hurricane,AL091947__AL011953,0.5,CPS-2F,36,53,historical attempt,output/paper_v1/hurricane_final_20/slots/41/attempts/final20_41_0a466baa66464fb3943e4e57645c28be,validated,True,True,completed search,configuration_states_input_bound,15604.0,27139659120.0,5.749519524547366e-05,n*m*(n+2n(n-1))*(m+2m(m-1)),All index combinations; includes source/terminal; no hidden asymptotic constant,Thesis Observation 4 p.18 and section 5.1 p.26; manuscript section 4.4 pp.15-16,O(n^3 m^3),,
hurricane:AL091947__AL011953:a0.5|CPS-2F,249,hurricane,AL091947__AL011953,0.5,CPS-2F,36,53,historical attempt,output/paper_v1/hurricane_final_20/slots/41/attempts/final20_41_0a466baa66464fb3943e4e57645c28be,validated,True,True,completed search,configuration_states_extended_bound,15604.0,34179912.0,0.0456525458579296,n*m*(n+aA)*(m+aB),Actual extended-curve sizes; all index combinations,Thesis Observation 4 p.18 and section 5.1 p.26; manuscript section 4.4 pp.15-16,O(n^3 m^3),,
hurricane:AL091947__AL011953:a0.5|CPS-2F,249,hurricane,AL091947__AL011953,0.5,CPS-2F,36,53,historical attempt,output/paper_v1/hurricane_final_20/slots/41/attempts/final20_41_0a466baa66464fb3943e4e57645c28be,validated,True,True,completed search,configuration_states_active_bound,15604.0,37584.0,41.51766709237974,H_A*H_B,Completed single graphs; includes coupling-invalid combinations,Thesis Observation 4 p.18 and section 5.1 p.26; manuscript section 4.4 pp.15-16,O(n^3 m^3),,
hurricane:AL091947__AL011953:a0.5|CPS-2F,249,hurricane,AL091947__AL011953,0.5,CPS-2F,36,53,historical attempt,output/paper_v1/hurricane_final_20/slots/41/attempts/final20_41_0a466baa66464fb3943e4e57645c28be,validated,True,True,completed search,candidate_transition_checks,7636068.0,21341232.0,35.78082090106138,E_A*E_B-H_A*H_B,No duplicate single-graph entries; each product source popped once; excludes simultaneous waits,Finite derivation from solve_cps() and chain_graph(); see graph_bounds.md,O(n^3 m^3),,
hurricane:AL091947__AL011953:a0.5|CPS-2F,249,hurricane,AL091947__AL011953,0.5,CPS-2F,36,53,historical attempt,output/paper_v1/hurricane_final_20/slots/41/attempts/final20_41_0a466baa66464fb3943e4e57645c28be,validated,True,True,completed search,unique_configuration_edges,,706259736.0,,"N*(N-1)/2, N=H_A*H_B",Product graph not materialized; no observed unique-edge count; strict forward topological order,Finite DAG counting derivation; not a transition-check measurement,O(n^3 m^3),Counter unavailable or phase not reached; historical runs not rerun,
hurricane:AL091947__AL011953:a0.5|CPS-2F,249,hurricane,AL091947__AL011953,0.5,CPS-2F,36,53,historical attempt,output/paper_v1/hurricane_final_20/slots/41/attempts/final20_41_0a466baa66464fb3943e4e57645c28be,validated,True,True,completed search,dynamic_programming_labels,,1353024.0,,n*H_A*H_B,At most n distinct A-hop counts per state; labels not instrumented,Thesis section5.1; manuscript section4.4; solve_cps values dictionaries,O(n^3 m^3),Counter unavailable or phase not reached; historical runs not rerun,
hurricane:AL091947__AL011953:a0.5|CPS-3F,250,hurricane,AL091947__AL011953,0.5,CPS-3F,36,53,historical attempt,output/paper_v1/hurricane_final_20/slots/42/attempts/final20_42_d2895748c5d14bdeb6a05676e77abfb5,validated,True,True,completed search,auxiliary_A,0.0,0.0,,0 (no auxiliary locations),Interior curve-parameter intersections; CPS-3F percentage not applicable,Thesis Observation 4 p.18 and section 5.1 p.26; manuscript section 4.4 pp.15-16,O(n^2 m^2),,Zero/non-applicable bound
hurricane:AL091947__AL011953:a0.5|CPS-3F,250,hurricane,AL091947__AL011953,0.5,CPS-3F,36,53,historical attempt,output/paper_v1/hurricane_final_20/slots/42/attempts/final20_42_d2895748c5d14bdeb6a05676e77abfb5,validated,True,True,completed search,single_dense_A,1296.0,1296.0,100.0,k^2,"Dense indexing slots, not valid vertices",Thesis Observation 4 p.18 and section 5.1 p.26; manuscript section 4.4 pp.15-16,O(n^2 m^2),,
hurricane:AL091947__AL011953:a0.5|CPS-3F,250,hurricane,AL091947__AL011953,0.5,CPS-3F,36,53,historical attempt,output/paper_v1/hurricane_final_20/slots/42/attempts/final20_42_d2895748c5d14bdeb6a05676e77abfb5,validated,True,True,completed search,single_active_A,40.0,1296.0,3.08641975308642,k*(k+a),Anchored source/terminal included; single-graph construction complete,Thesis Observation 4 p.18 and section 5.1 p.26; manuscript section 4.4 pp.15-16,O(n^2 m^2),,
hurricane:AL091947__AL011953:a0.5|CPS-3F,250,hurricane,AL091947__AL011953,0.5,CPS-3F,36,53,historical attempt,output/paper_v1/hurricane_final_20/slots/42/attempts/final20_42_d2895748c5d14bdeb6a05676e77abfb5,validated,True,True,completed search,single_edges_with_waits_A,87.0,820.0,10.609756097560975,H*(H+1)/2,Unique forward transitions plus exactly H waits; completed graph,Finite derivation from chain_graph() enumeration and pruning,O(n^2 m^2),,
hurricane:AL091947__AL011953:a0.5|CPS-3F,250,hurricane,AL091947__AL011953,0.5,CPS-3F,36,53,historical attempt,output/paper_v1/hurricane_final_20/slots/42/attempts/final20_42_d2895748c5d14bdeb6a05676e77abfb5,validated,True,True,completed search,auxiliary_B,0.0,0.0,,0 (no auxiliary locations),Interior curve-parameter intersections; CPS-3F percentage not applicable,Thesis Observation 4 p.18 and section 5.1 p.26; manuscript section 4.4 pp.15-16,O(n^2 m^2),,Zero/non-applicable bound
hurricane:AL091947__AL011953:a0.5|CPS-3F,250,hurricane,AL091947__AL011953,0.5,CPS-3F,36,53,historical attempt,output/paper_v1/hurricane_final_20/slots/42/attempts/final20_42_d2895748c5d14bdeb6a05676e77abfb5,validated,True,True,completed search,single_dense_B,2809.0,2809.0,100.0,k^2,"Dense indexing slots, not valid vertices",Thesis Observation 4 p.18 and section 5.1 p.26; manuscript section 4.4 pp.15-16,O(n^2 m^2),,
hurricane:AL091947__AL011953:a0.5|CPS-3F,250,hurricane,AL091947__AL011953,0.5,CPS-3F,36,53,historical attempt,output/paper_v1/hurricane_final_20/slots/42/attempts/final20_42_d2895748c5d14bdeb6a05676e77abfb5,validated,True,True,completed search,single_active_B,70.0,2809.0,2.491990032039872,k*(k+a),Anchored source/terminal included; single-graph construction complete,Thesis Observation 4 p.18 and section 5.1 p.26; manuscript section 4.4 pp.15-16,O(n^2 m^2),,
hurricane:AL091947__AL011953:a0.5|CPS-3F,250,hurricane,AL091947__AL011953,0.5,CPS-3F,36,53,historical attempt,output/paper_v1/hurricane_final_20/slots/42/attempts/final20_42_d2895748c5d14bdeb6a05676e77abfb5,validated,True,True,completed search,single_edges_with_waits_B,185.0,2485.0,7.44466800804829,H*(H+1)/2,Unique forward transitions plus exactly H waits; completed graph,Finite derivation from chain_graph() enumeration and pruning,O(n^2 m^2),,
hurricane:AL091947__AL011953:a0.5|CPS-3F,250,hurricane,AL091947__AL011953,0.5,CPS-3F,36,53,historical attempt,output/paper_v1/hurricane_final_20/slots/42/attempts/final20_42_d2895748c5d14bdeb6a05676e77abfb5,validated,True,True,completed search,configuration_states_input_bound,1237.0,3640464.0,0.033979185070914,n^2*m^2,All index combinations; includes source/terminal; no hidden asymptotic constant,Thesis Observation 4 p.18 and section 5.1 p.26; manuscript section 4.4 pp.15-16,O(n^2 m^2),,
hurricane:AL091947__AL011953:a0.5|CPS-3F,250,hurricane,AL091947__AL011953,0.5,CPS-3F,36,53,historical attempt,output/paper_v1/hurricane_final_20/slots/42/attempts/final20_42_d2895748c5d14bdeb6a05676e77abfb5,validated,True,True,completed search,configuration_states_active_bound,1237.0,2800.0,44.17857142857143,H_A*H_B,Completed single graphs; includes coupling-invalid combinations,Thesis Observation 4 p.18 and section 5.1 p.26; manuscript section 4.4 pp.15-16,O(n^2 m^2),,
hurricane:AL091947__AL011953:a0.5|CPS-3F,250,hurricane,AL091947__AL011953,0.5,CPS-3F,36,53,historical attempt,output/paper_v1/hurricane_final_20/slots/42/attempts/final20_42_d2895748c5d14bdeb6a05676e77abfb5,validated,True,True,completed search,candidate_transition_checks,5869.0,13295.0,44.14441519368184,E_A*E_B-H_A*H_B,No duplicate single-graph entries; each product source popped once; excludes simultaneous waits,Finite derivation from solve_cps() and chain_graph(); see graph_bounds.md,O(n^2 m^2),,
hurricane:AL091947__AL011953:a0.5|CPS-3F,250,hurricane,AL091947__AL011953,0.5,CPS-3F,36,53,historical attempt,output/paper_v1/hurricane_final_20/slots/42/attempts/final20_42_d2895748c5d14bdeb6a05676e77abfb5,validated,True,True,completed search,unique_configuration_edges,,3918600.0,,"N*(N-1)/2, N=H_A*H_B",Product graph not materialized; no observed unique-edge count; strict forward topological order,Finite DAG counting derivation; not a transition-check measurement,O(n^2 m^2),Counter unavailable or phase not reached; historical runs not rerun,
hurricane:AL091947__AL011953:a0.5|CPS-3F,250,hurricane,AL091947__AL011953,0.5,CPS-3F,36,53,historical attempt,output/paper_v1/hurricane_final_20/slots/42/attempts/final20_42_d2895748c5d14bdeb6a05676e77abfb5,validated,True,True,completed search,dynamic_programming_labels,,100800.0,,n*H_A*H_B,At most n distinct A-hop counts per state; labels not instrumented,Thesis section5.1; manuscript section4.4; solve_cps values dictionaries,O(n^2 m^2),Counter unavailable or phase not reached; historical runs not rerun,
hurricane:EP072011__EP092011:a0.5|CPS-3F,253,hurricane,EP072011__EP092011,0.5,CPS-3F,26,50,historical attempt,output/paper_v1/hurricane_final_20/slots/45/attempts/final20_45_0821628804ba483ba30cbc671c8e4102,validated,True,True,completed search,auxiliary_A,0.0,0.0,,0 (no auxiliary locations),Interior curve-parameter intersections; CPS-3F percentage not applicable,Thesis Observation 4 p.18 and section 5.1 p.26; manuscript section 4.4 pp.15-16,O(n^2 m^2),,Zero/non-applicable bound
hurricane:EP072011__EP092011:a0.5|CPS-3F,253,hurricane,EP072011__EP092011,0.5,CPS-3F,26,50,historical attempt,output/paper_v1/hurricane_final_20/slots/45/attempts/final20_45_0821628804ba483ba30cbc671c8e4102,validated,True,True,completed search,single_dense_A,676.0,676.0,100.0,k^2,"Dense indexing slots, not valid vertices",Thesis Observation 4 p.18 and section 5.1 p.26; manuscript section 4.4 pp.15-16,O(n^2 m^2),,
hurricane:EP072011__EP092011:a0.5|CPS-3F,253,hurricane,EP072011__EP092011,0.5,CPS-3F,26,50,historical attempt,output/paper_v1/hurricane_final_20/slots/45/attempts/final20_45_0821628804ba483ba30cbc671c8e4102,validated,True,True,completed search,single_active_A,26.0,676.0,3.8461538461538463,k*(k+a),Anchored source/terminal included; single-graph construction complete,Thesis Observation 4 p.18 and section 5.1 p.26; manuscript section 4.4 pp.15-16,O(n^2 m^2),,
hurricane:EP072011__EP092011:a0.5|CPS-3F,253,hurricane,EP072011__EP092011,0.5,CPS-3F,26,50,historical attempt,output/paper_v1/hurricane_final_20/slots/45/attempts/final20_45_0821628804ba483ba30cbc671c8e4102,validated,True,True,completed search,single_edges_with_waits_A,51.0,351.0,14.52991452991453,H*(H+1)/2,Unique forward transitions plus exactly H waits; completed graph,Finite derivation from chain_graph() enumeration and pruning,O(n^2 m^2),,
hurricane:EP072011__EP092011:a0.5|CPS-3F,253,hurricane,EP072011__EP092011,0.5,CPS-3F,26,50,historical attempt,output/paper_v1/hurricane_final_20/slots/45/attempts/final20_45_0821628804ba483ba30cbc671c8e4102,validated,True,True,completed search,auxiliary_B,0.0,0.0,,0 (no auxiliary locations),Interior curve-parameter intersections; CPS-3F percentage not applicable,Thesis Observation 4 p.18 and section 5.1 p.26; manuscript section 4.4 pp.15-16,O(n^2 m^2),,Zero/non-applicable bound
hurricane:EP072011__EP092011:a0.5|CPS-3F,253,hurricane,EP072011__EP092011,0.5,CPS-3F,26,50,historical attempt,output/paper_v1/hurricane_final_20/slots/45/attempts/final20_45_0821628804ba483ba30cbc671c8e4102,validated,True,True,completed search,single_dense_B,2500.0,2500.0,100.0,k^2,"Dense indexing slots, not valid vertices",Thesis Observation 4 p.18 and section 5.1 p.26; manuscript section 4.4 pp.15-16,O(n^2 m^2),,
hurricane:EP072011__EP092011:a0.5|CPS-3F,253,hurricane,EP072011__EP092011,0.5,CPS-3F,26,50,historical attempt,output/paper_v1/hurricane_final_20/slots/45/attempts/final20_45_0821628804ba483ba30cbc671c8e4102,validated,True,True,completed search,single_active_B,62.0,2500.0,2.48,k*(k+a),Anchored source/terminal included; single-graph construction complete,Thesis Observation 4 p.18 and section 5.1 p.26; manuscript section 4.4 pp.15-16,O(n^2 m^2),,
hurricane:EP072011__EP092011:a0.5|CPS-3F,253,hurricane,EP072011__EP092011,0.5,CPS-3F,26,50,historical attempt,output/paper_v1/hurricane_final_20/slots/45/attempts/final20_45_0821628804ba483ba30cbc671c8e4102,validated,True,True,completed search,single_edges_with_waits_B,157.0,1953.0,8.038914490527393,H*(H+1)/2,Unique forward transitions plus exactly H waits; completed graph,Finite derivation from chain_graph() enumeration and pruning,O(n^2 m^2),,
hurricane:EP072011__EP092011:a0.5|CPS-3F,253,hurricane,EP072011__EP092011,0.5,CPS-3F,26,50,historical attempt,output/paper_v1/hurricane_final_20/slots/45/attempts/final20_45_0821628804ba483ba30cbc671c8e4102,validated,True,True,completed search,configuration_states_input_bound,260.0,1690000.0,0.0153846153846153,n^2*m^2,All index combinations; includes source/terminal; no hidden asymptotic constant,Thesis Observation 4 p.18 and section 5.1 p.26; manuscript section 4.4 pp.15-16,O(n^2 m^2),,
hurricane:EP072011__EP092011:a0.5|CPS-3F,253,hurricane,EP072011__EP092011,0.5,CPS-3F,26,50,historical attempt,output/paper_v1/hurricane_final_20/slots/45/attempts/final20_45_0821628804ba483ba30cbc671c8e4102,validated,True,True,completed search,configuration_states_active_bound,260.0,1612.0,16.129032258064516,H_A*H_B,Completed single graphs; includes coupling-invalid combinations,Thesis Observation 4 p.18 and section 5.1 p.26; manuscript section 4.4 pp.15-16,O(n^2 m^2),,
hurricane:EP072011__EP092011:a0.5|CPS-3F,253,hurricane,EP072011__EP092011,0.5,CPS-3F,26,50,historical attempt,output/paper_v1/hurricane_final_20/slots/45/attempts/final20_45_0821628804ba483ba30cbc671c8e4102,validated,True,True,completed search,candidate_transition_checks,798.0,6395.0,12.478498827208757,E_A*E_B-H_A*H_B,No duplicate single-graph entries; each product source popped once; excludes simultaneous waits,Finite derivation from solve_cps() and chain_graph(); see graph_bounds.md,O(n^2 m^2),,
hurricane:EP072011__EP092011:a0.5|CPS-3F,253,hurricane,EP072011__EP092011,0.5,CPS-3F,26,50,historical attempt,output/paper_v1/hurricane_final_20/slots/45/attempts/final20_45_0821628804ba483ba30cbc671c8e4102,validated,True,True,completed search,unique_configuration_edges,,1298466.0,,"N*(N-1)/2, N=H_A*H_B",Product graph not materialized; no observed unique-edge count; strict forward topological order,Finite DAG counting derivation; not a transition-check measurement,O(n^2 m^2),Counter unavailable or phase not reached; historical runs not rerun,
hurricane:EP072011__EP092011:a0.5|CPS-3F,253,hurricane,EP072011__EP092011,0.5,CPS-3F,26,50,historical attempt,output/paper_v1/hurricane_final_20/slots/45/attempts/final20_45_0821628804ba483ba30cbc671c8e4102,validated,True,True,completed search,dynamic_programming_labels,,41912.0,,n*H_A*H_B,At most n distinct A-hop counts per state; labels not instrumented,Thesis section5.1; manuscript section4.4; solve_cps values dictionaries,O(n^2 m^2),Counter unavailable or phase not reached; historical runs not rerun,
hurricane:EP072011__EP092011:a0.5|CPS-2F,256,hurricane,EP072011__EP092011,0.5,CPS-2F,26,50,historical attempt,output/paper_v1/hurricane_final_20/slots/48/attempts/final20_48_2edd7361056443178e128d82458295ee,validated,True,True,completed search,auxiliary_A,50.0,1300.0,3.8461538461538463,2 k(k-1),Interior curve-parameter intersections; CPS-3F percentage not applicable,Thesis Observation 4 p.18 and section 5.1 p.26; manuscript section 4.4 pp.15-16,O(n^3 m^3),,
hurricane:EP072011__EP092011:a0.5|CPS-2F,256,hurricane,EP072011__EP092011,0.5,CPS-2F,26,50,historical attempt,output/paper_v1/hurricane_final_20/slots/48/attempts/final20_48_2edd7361056443178e128d82458295ee,validated,True,True,completed search,single_dense_A,1976.0,34476.0,5.731523378582202,k*(k+2k(k-1)),"Dense indexing slots, not valid vertices",Thesis Observation 4 p.18 and section 5.1 p.26; manuscript section 4.4 pp.15-16,O(n^3 m^3),,
hurricane:EP072011__EP092011:a0.5|CPS-2F,256,hurricane,EP072011__EP092011,0.5,CPS-2F,26,50,historical attempt,output/paper_v1/hurricane_final_20/slots/48/attempts/final20_48_2edd7361056443178e128d82458295ee,validated,True,True,completed search,single_active_A,106.0,1976.0,5.364372469635628,k*(k+a),Anchored source/terminal included; single-graph construction complete,Thesis Observation 4 p.18 and section 5.1 p.26; manuscript section 4.4 pp.15-16,O(n^3 m^3),,
hurricane:EP072011__EP092011:a0.5|CPS-2F,256,hurricane,EP072011__EP092011,0.5,CPS-2F,26,50,historical attempt,output/paper_v1/hurricane_final_20/slots/48/attempts/final20_48_2edd7361056443178e128d82458295ee,validated,True,True,completed search,single_edges_with_waits_A,4449.0,5671.0,78.45177217421971,H*(H+1)/2,Unique forward transitions plus exactly H waits; completed graph,Finite derivation from chain_graph() enumeration and pruning,O(n^3 m^3),,
hurricane:EP072011__EP092011:a0.5|CPS-2F,256,hurricane,EP072011__EP092011,0.5,CPS-2F,26,50,historical attempt,output/paper_v1/hurricane_final_20/slots/48/attempts/final20_48_2edd7361056443178e128d82458295ee,validated,True,True,completed search,auxiliary_B,98.0,4900.0,2.0,2 k(k-1),Interior curve-parameter intersections; CPS-3F percentage not applicable,Thesis Observation 4 p.18 and section 5.1 p.26; manuscript section 4.4 pp.15-16,O(n^3 m^3),,
hurricane:EP072011__EP092011:a0.5|CPS-2F,256,hurricane,EP072011__EP092011,0.5,CPS-2F,26,50,historical attempt,output/paper_v1/hurricane_final_20/slots/48/attempts/final20_48_2edd7361056443178e128d82458295ee,validated,True,True,completed search,single_dense_B,7400.0,247500.0,2.98989898989899,k*(k+2k(k-1)),"Dense indexing slots, not valid vertices",Thesis Observation 4 p.18 and section 5.1 p.26; manuscript section 4.4 pp.15-16,O(n^3 m^3),,
hurricane:EP072011__EP092011:a0.5|CPS-2F,256,hurricane,EP072011__EP092011,0.5,CPS-2F,26,50,historical attempt,output/paper_v1/hurricane_final_20/slots/48/attempts/final20_48_2edd7361056443178e128d82458295ee,validated,True,True,completed search,single_active_B,214.0,7400.0,2.891891891891892,k*(k+a),Anchored source/terminal included; single-graph construction complete,Thesis Observation 4 p.18 and section 5.1 p.26; manuscript section 4.4 pp.15-16,O(n^3 m^3),,
hurricane:EP072011__EP092011:a0.5|CPS-2F,256,hurricane,EP072011__EP092011,0.5,CPS-2F,26,50,historical attempt,output/paper_v1/hurricane_final_20/slots/48/attempts/final20_48_2edd7361056443178e128d82458295ee,validated,True,True,completed search,single_edges_with_waits_B,6338.0,23005.0,27.55053249293632,H*(H+1)/2,Unique forward transitions plus exactly H waits; completed graph,Finite derivation from chain_graph() enumeration and pruning,O(n^3 m^3),,
hurricane:EP072011__EP092011:a0.5|CPS-2F,256,hurricane,EP072011__EP092011,0.5,CPS-2F,26,50,historical attempt,output/paper_v1/hurricane_final_20/slots/48/attempts/final20_48_2edd7361056443178e128d82458295ee,validated,True,True,completed search,configuration_states_input_bound,3992.0,8532810000.0,4.678411918230923e-05,n*m*(n+2n(n-1))*(m+2m(m-1)),All index combinations; includes source/terminal; no hidden asymptotic constant,Thesis Observation 4 p.18 and section 5.1 p.26; manuscript section 4.4 pp.15-16,O(n^3 m^3),,
hurricane:EP072011__EP092011:a0.5|CPS-2F,256,hurricane,EP072011__EP092011,0.5,CPS-2F,26,50,historical attempt,output/paper_v1/hurricane_final_20/slots/48/attempts/final20_48_2edd7361056443178e128d82458295ee,validated,True,True,completed search,configuration_states_extended_bound,3992.0,14622400.0,0.0273005799321588,n*m*(n+aA)*(m+aB),Actual extended-curve sizes; all index combinations,Thesis Observation 4 p.18 and section 5.1 p.26; manuscript section 4.4 pp.15-16,O(n^3 m^3),,
hurricane:EP072011__EP092011:a0.5|CPS-2F,256,hurricane,EP072011__EP092011,0.5,CPS-2F,26,50,historical attempt,output/paper_v1/hurricane_final_20/slots/48/attempts/final20_48_2edd7361056443178e128d82458295ee,validated,True,True,completed search,configuration_states_active_bound,3992.0,22684.0,17.59830717686475,H_A*H_B,Completed single graphs; includes coupling-invalid combinations,Thesis Observation 4 p.18 and section 5.1 p.26; manuscript section 4.4 pp.15-16,O(n^3 m^3),,
hurricane:EP072011__EP092011:a0.5|CPS-2F,256,hurricane,EP072011__EP092011,0.5,CPS-2F,26,50,historical attempt,output/paper_v1/hurricane_final_20/slots/48/attempts/final20_48_2edd7361056443178e128d82458295ee,validated,True,True,completed search,candidate_transition_checks,2000225.0,28175078.0,7.099270497139352,E_A*E_B-H_A*H_B,No duplicate single-graph entries; each product source popped once; excludes simultaneous waits,Finite derivation from solve_cps() and chain_graph(); see graph_bounds.md,O(n^3 m^3),,
hurricane:EP072011__EP092011:a0.5|CPS-2F,256,hurricane,EP072011__EP092011,0.5,CPS-2F,26,50,historical attempt,output/paper_v1/hurricane_final_20/slots/48/attempts/final20_48_2edd7361056443178e128d82458295ee,validated,True,True,completed search,unique_configuration_edges,,257270586.0,,"N*(N-1)/2, N=H_A*H_B",Product graph not materialized; no observed unique-edge count; strict forward topological order,Finite DAG counting derivation; not a transition-check measurement,O(n^3 m^3),Counter unavailable or phase not reached; historical runs not rerun,
hurricane:EP072011__EP092011:a0.5|CPS-2F,256,hurricane,EP072011__EP092011,0.5,CPS-2F,26,50,historical attempt,output/paper_v1/hurricane_final_20/slots/48/attempts/final20_48_2edd7361056443178e128d82458295ee,validated,True,True,completed search,dynamic_programming_labels,,589784.0,,n*H_A*H_B,At most n distinct A-hop counts per state; labels not instrumented,Thesis section5.1; manuscript section4.4; solve_cps values dictionaries,O(n^3 m^3),Counter unavailable or phase not reached; historical runs not rerun,
hurricane:AL171980__AL112009:a0.5|CPS-2F,259,hurricane,AL171980__AL112009,0.5,CPS-2F,25,31,historical attempt,output/paper_v1/hurricane_final_20/slots/51/attempts/final20_51_14a139201f594820b2f7e7b3059dcaad,validated,True,True,completed search,auxiliary_A,48.0,1200.0,4.0,2 k(k-1),Interior curve-parameter intersections; CPS-3F percentage not applicable,Thesis Observation 4 p.18 and section 5.1 p.26; manuscript section 4.4 pp.15-16,O(n^3 m^3),,
hurricane:AL171980__AL112009:a0.5|CPS-2F,259,hurricane,AL171980__AL112009,0.5,CPS-2F,25,31,historical attempt,output/paper_v1/hurricane_final_20/slots/51/attempts/final20_51_14a139201f594820b2f7e7b3059dcaad,validated,True,True,completed search,single_dense_A,1825.0,30625.0,5.959183673469388,k*(k+2k(k-1)),"Dense indexing slots, not valid vertices",Thesis Observation 4 p.18 and section 5.1 p.26; manuscript section 4.4 pp.15-16,O(n^3 m^3),,
hurricane:AL171980__AL112009:a0.5|CPS-2F,259,hurricane,AL171980__AL112009,0.5,CPS-2F,25,31,historical attempt,output/paper_v1/hurricane_final_20/slots/51/attempts/final20_51_14a139201f594820b2f7e7b3059dcaad,validated,True,True,completed search,single_active_A,103.0,1825.0,5.6438356164383565,k*(k+a),Anchored source/terminal included; single-graph construction complete,Thesis Observation 4 p.18 and section 5.1 p.26; manuscript section 4.4 pp.15-16,O(n^3 m^3),,
hurricane:AL171980__AL112009:a0.5|CPS-2F,259,hurricane,AL171980__AL112009,0.5,CPS-2F,25,31,historical attempt,output/paper_v1/hurricane_final_20/slots/51/attempts/final20_51_14a139201f594820b2f7e7b3059dcaad,validated,True,True,completed search,single_edges_with_waits_A,2527.0,5356.0,47.18073188946976,H*(H+1)/2,Unique forward transitions plus exactly H waits; completed graph,Finite derivation from chain_graph() enumeration and pruning,O(n^3 m^3),,
hurricane:AL171980__AL112009:a0.5|CPS-2F,259,hurricane,AL171980__AL112009,0.5,CPS-2F,25,31,historical attempt,output/paper_v1/hurricane_final_20/slots/51/attempts/final20_51_14a139201f594820b2f7e7b3059dcaad,validated,True,True,completed search,auxiliary_B,60.0,1860.0,3.225806451612903,2 k(k-1),Interior curve-parameter intersections; CPS-3F percentage not applicable,Thesis Observation 4 p.18 and section 5.1 p.26; manuscript section 4.4 pp.15-16,O(n^3 m^3),,
hurricane:AL171980__AL112009:a0.5|CPS-2F,259,hurricane,AL171980__AL112009,0.5,CPS-2F,25,31,historical attempt,output/paper_v1/hurricane_final_20/slots/51/attempts/final20_51_14a139201f594820b2f7e7b3059dcaad,validated,True,True,completed search,single_dense_B,2821.0,58621.0,4.812268640930725,k*(k+2k(k-1)),"Dense indexing slots, not valid vertices",Thesis Observation 4 p.18 and section 5.1 p.26; manuscript section 4.4 pp.15-16,O(n^3 m^3),,
hurricane:AL171980__AL112009:a0.5|CPS-2F,259,hurricane,AL171980__AL112009,0.5,CPS-2F,25,31,historical attempt,output/paper_v1/hurricane_final_20/slots/51/attempts/final20_51_14a139201f594820b2f7e7b3059dcaad,validated,True,True,completed search,single_active_B,141.0,2821.0,4.99822757887274,k*(k+a),Anchored source/terminal included; single-graph construction complete,Thesis Observation 4 p.18 and section 5.1 p.26; manuscript section 4.4 pp.15-16,O(n^3 m^3),,
hurricane:AL171980__AL112009:a0.5|CPS-2F,259,hurricane,AL171980__AL112009,0.5,CPS-2F,25,31,historical attempt,output/paper_v1/hurricane_final_20/slots/51/attempts/final20_51_14a139201f594820b2f7e7b3059dcaad,validated,True,True,completed search,single_edges_with_waits_B,3701.0,10011.0,36.969333732893816,H*(H+1)/2,Unique forward transitions plus exactly H waits; completed graph,Finite derivation from chain_graph() enumeration and pruning,O(n^3 m^3),,
hurricane:AL171980__AL112009:a0.5|CPS-2F,259,hurricane,AL171980__AL112009,0.5,CPS-2F,25,31,historical attempt,output/paper_v1/hurricane_final_20/slots/51/attempts/final20_51_14a139201f594820b2f7e7b3059dcaad,validated,True,True,completed search,configuration_states_input_bound,4509.0,1795268125.0,0.0002511602549619,n*m*(n+2n(n-1))*(m+2m(m-1)),All index combinations; includes source/terminal; no hidden asymptotic constant,Thesis Observation 4 p.18 and section 5.1 p.26; manuscript section 4.4 pp.15-16,O(n^3 m^3),,
hurricane:AL171980__AL112009:a0.5|CPS-2F,259,hurricane,AL171980__AL112009,0.5,CPS-2F,25,31,historical attempt,output/paper_v1/hurricane_final_20/slots/51/attempts/final20_51_14a139201f594820b2f7e7b3059dcaad,validated,True,True,completed search,configuration_states_extended_bound,4509.0,5148325.0,0.0875818834281052,n*m*(n+aA)*(m+aB),Actual extended-curve sizes; all index combinations,Thesis Observation 4 p.18 and section 5.1 p.26; manuscript section 4.4 pp.15-16,O(n^3 m^3),,
hurricane:AL171980__AL112009:a0.5|CPS-2F,259,hurricane,AL171980__AL112009,0.5,CPS-2F,25,31,historical attempt,output/paper_v1/hurricane_final_20/slots/51/attempts/final20_51_14a139201f594820b2f7e7b3059dcaad,validated,True,True,completed search,configuration_states_active_bound,4509.0,14523.0,31.04730427597604,H_A*H_B,Completed single graphs; includes coupling-invalid combinations,Thesis Observation 4 p.18 and section 5.1 p.26; manuscript section 4.4 pp.15-16,O(n^3 m^3),,
hurricane:AL171980__AL112009:a0.5|CPS-2F,259,hurricane,AL171980__AL112009,0.5,CPS-2F,25,31,historical attempt,output/paper_v1/hurricane_final_20/slots/51/attempts/final20_51_14a139201f594820b2f7e7b3059dcaad,validated,True,True,completed search,candidate_transition_checks,2370136.0,9337904.0,25.381884414318247,E_A*E_B-H_A*H_B,No duplicate single-graph entries; each product source popped once; excludes simultaneous waits,Finite derivation from solve_cps() and chain_graph(); see graph_bounds.md,O(n^3 m^3),,
hurricane:AL171980__AL112009:a0.5|CPS-2F,259,hurricane,AL171980__AL112009,0.5,CPS-2F,25,31,historical attempt,output/paper_v1/hurricane_final_20/slots/51/attempts/final20_51_14a139201f594820b2f7e7b3059dcaad,validated,True,True,completed search,unique_configuration_edges,,105451503.0,,"N*(N-1)/2, N=H_A*H_B",Product graph not materialized; no observed unique-edge count; strict forward topological order,Finite DAG counting derivation; not a transition-check measurement,O(n^3 m^3),Counter unavailable or phase not reached; historical runs not rerun,
hurricane:AL171980__AL112009:a0.5|CPS-2F,259,hurricane,AL171980__AL112009,0.5,CPS-2F,25,31,historical attempt,output/paper_v1/hurricane_final_20/slots/51/attempts/final20_51_14a139201f594820b2f7e7b3059dcaad,validated,True,True,completed search,dynamic_programming_labels,,363075.0,,n*H_A*H_B,At most n distinct A-hop counts per state; labels not instrumented,Thesis section5.1; manuscript section4.4; solve_cps values dictionaries,O(n^3 m^3),Counter unavailable or phase not reached; historical runs not rerun,
hurricane:AL171980__AL112009:a0.5|CPS-3F,260,hurricane,AL171980__AL112009,0.5,CPS-3F,25,31,historical attempt,output/paper_v1/hurricane_final_20/slots/52/attempts/final20_52_b4f045f5d8844464bd2f0bcf54eea3e8,validated,True,True,completed search,auxiliary_A,0.0,0.0,,0 (no auxiliary locations),Interior curve-parameter intersections; CPS-3F percentage not applicable,Thesis Observation 4 p.18 and section 5.1 p.26; manuscript section 4.4 pp.15-16,O(n^2 m^2),,Zero/non-applicable bound
hurricane:AL171980__AL112009:a0.5|CPS-3F,260,hurricane,AL171980__AL112009,0.5,CPS-3F,25,31,historical attempt,output/paper_v1/hurricane_final_20/slots/52/attempts/final20_52_b4f045f5d8844464bd2f0bcf54eea3e8,validated,True,True,completed search,single_dense_A,625.0,625.0,100.0,k^2,"Dense indexing slots, not valid vertices",Thesis Observation 4 p.18 and section 5.1 p.26; manuscript section 4.4 pp.15-16,O(n^2 m^2),,
hurricane:AL171980__AL112009:a0.5|CPS-3F,260,hurricane,AL171980__AL112009,0.5,CPS-3F,25,31,historical attempt,output/paper_v1/hurricane_final_20/slots/52/attempts/final20_52_b4f045f5d8844464bd2f0bcf54eea3e8,validated,True,True,completed search,single_active_A,25.0,625.0,4.0,k*(k+a),Anchored source/terminal included; single-graph construction complete,Thesis Observation 4 p.18 and section 5.1 p.26; manuscript section 4.4 pp.15-16,O(n^2 m^2),,
hurricane:AL171980__AL112009:a0.5|CPS-3F,260,hurricane,AL171980__AL112009,0.5,CPS-3F,25,31,historical attempt,output/paper_v1/hurricane_final_20/slots/52/attempts/final20_52_b4f045f5d8844464bd2f0bcf54eea3e8,validated,True,True,completed search,single_edges_with_waits_A,49.0,325.0,15.076923076923077,H*(H+1)/2,Unique forward transitions plus exactly H waits; completed graph,Finite derivation from chain_graph() enumeration and pruning,O(n^2 m^2),,
hurricane:AL171980__AL112009:a0.5|CPS-3F,260,hurricane,AL171980__AL112009,0.5,CPS-3F,25,31,historical attempt,output/paper_v1/hurricane_final_20/slots/52/attempts/final20_52_b4f045f5d8844464bd2f0bcf54eea3e8,validated,True,True,completed search,auxiliary_B,0.0,0.0,,0 (no auxiliary locations),Interior curve-parameter intersections; CPS-3F percentage not applicable,Thesis Observation 4 p.18 and section 5.1 p.26; manuscript section 4.4 pp.15-16,O(n^2 m^2),,Zero/non-applicable bound
hurricane:AL171980__AL112009:a0.5|CPS-3F,260,hurricane,AL171980__AL112009,0.5,CPS-3F,25,31,historical attempt,output/paper_v1/hurricane_final_20/slots/52/attempts/final20_52_b4f045f5d8844464bd2f0bcf54eea3e8,validated,True,True,completed search,single_dense_B,961.0,961.0,100.0,k^2,"Dense indexing slots, not valid vertices",Thesis Observation 4 p.18 and section 5.1 p.26; manuscript section 4.4 pp.15-16,O(n^2 m^2),,
hurricane:AL171980__AL112009:a0.5|CPS-3F,260,hurricane,AL171980__AL112009,0.5,CPS-3F,25,31,historical attempt,output/paper_v1/hurricane_final_20/slots/52/attempts/final20_52_b4f045f5d8844464bd2f0bcf54eea3e8,validated,True,True,completed search,single_active_B,37.0,961.0,3.850156087408949,k*(k+a),Anchored source/terminal included; single-graph construction complete,Thesis Observation 4 p.18 and section 5.1 p.26; manuscript section 4.4 pp.15-16,O(n^2 m^2),,
hurricane:AL171980__AL112009:a0.5|CPS-3F,260,hurricane,AL171980__AL112009,0.5,CPS-3F,25,31,historical attempt,output/paper_v1/hurricane_final_20/slots/52/attempts/final20_52_b4f045f5d8844464bd2f0bcf54eea3e8,validated,True,True,completed search,single_edges_with_waits_B,88.0,703.0,12.517780938833573,H*(H+1)/2,Unique forward transitions plus exactly H waits; completed graph,Finite derivation from chain_graph() enumeration and pruning,O(n^2 m^2),,
hurricane:AL171980__AL112009:a0.5|CPS-3F,260,hurricane,AL171980__AL112009,0.5,CPS-3F,25,31,historical attempt,output/paper_v1/hurricane_final_20/slots/52/attempts/final20_52_b4f045f5d8844464bd2f0bcf54eea3e8,validated,True,True,completed search,configuration_states_input_bound,270.0,600625.0,0.0449531737773152,n^2*m^2,All index combinations; includes source/terminal; no hidden asymptotic constant,Thesis Observation 4 p.18 and section 5.1 p.26; manuscript section 4.4 pp.15-16,O(n^2 m^2),,
hurricane:AL171980__AL112009:a0.5|CPS-3F,260,hurricane,AL171980__AL112009,0.5,CPS-3F,25,31,historical attempt,output/paper_v1/hurricane_final_20/slots/52/attempts/final20_52_b4f045f5d8844464bd2f0bcf54eea3e8,validated,True,True,completed search,configuration_states_active_bound,270.0,925.0,29.18918918918919,H_A*H_B,Completed single graphs; includes coupling-invalid combinations,Thesis Observation 4 p.18 and section 5.1 p.26; manuscript section 4.4 pp.15-16,O(n^2 m^2),,
hurricane:AL171980__AL112009:a0.5|CPS-3F,260,hurricane,AL171980__AL112009,0.5,CPS-3F,25,31,historical attempt,output/paper_v1/hurricane_final_20/slots/52/attempts/final20_52_b4f045f5d8844464bd2f0bcf54eea3e8,validated,True,True,completed search,candidate_transition_checks,795.0,3387.0,23.472099202834368,E_A*E_B-H_A*H_B,No duplicate single-graph entries; each product source popped once; excludes simultaneous waits,Finite derivation from solve_cps() and chain_graph(); see graph_bounds.md,O(n^2 m^2),,
hurricane:AL171980__AL112009:a0.5|CPS-3F,260,hurricane,AL171980__AL112009,0.5,CPS-3F,25,31,historical attempt,output/paper_v1/hurricane_final_20/slots/52/attempts/final20_52_b4f045f5d8844464bd2f0bcf54eea3e8,validated,True,True,completed search,unique_configuration_edges,,427350.0,,"N*(N-1)/2, N=H_A*H_B",Product graph not materialized; no observed unique-edge count; strict forward topological order,Finite DAG counting derivation; not a transition-check measurement,O(n^2 m^2),Counter unavailable or phase not reached; historical runs not rerun,
hurricane:AL171980__AL112009:a0.5|CPS-3F,260,hurricane,AL171980__AL112009,0.5,CPS-3F,25,31,historical attempt,output/paper_v1/hurricane_final_20/slots/52/attempts/final20_52_b4f045f5d8844464bd2f0bcf54eea3e8,validated,True,True,completed search,dynamic_programming_labels,,23125.0,,n*H_A*H_B,At most n distinct A-hop counts per state; labels not instrumented,Thesis section5.1; manuscript section4.4; solve_cps values dictionaries,O(n^2 m^2),Counter unavailable or phase not reached; historical runs not rerun,
hurricane:AL102008__AL061989:a0.5|CPS-2F,262,hurricane,AL102008__AL061989,0.5,CPS-2F,33,36,historical attempt,output/paper_v1/hurricane_final_20/slots/54/attempts/final20_54_5781486474d142eca33fd1ac3ecba66e,validated,True,True,completed search,auxiliary_A,64.0,2112.0,3.0303030303030303,2 k(k-1),Interior curve-parameter intersections; CPS-3F percentage not applicable,Thesis Observation 4 p.18 and section 5.1 p.26; manuscript section 4.4 pp.15-16,O(n^3 m^3),,
hurricane:AL102008__AL061989:a0.5|CPS-2F,262,hurricane,AL102008__AL061989,0.5,CPS-2F,33,36,historical attempt,output/paper_v1/hurricane_final_20/slots/54/attempts/final20_54_5781486474d142eca33fd1ac3ecba66e,validated,True,True,completed search,single_dense_A,3201.0,70785.0,4.522144522144522,k*(k+2k(k-1)),"Dense indexing slots, not valid vertices",Thesis Observation 4 p.18 and section 5.1 p.26; manuscript section 4.4 pp.15-16,O(n^3 m^3),,
hurricane:AL102008__AL061989:a0.5|CPS-2F,262,hurricane,AL102008__AL061989,0.5,CPS-2F,33,36,historical attempt,output/paper_v1/hurricane_final_20/slots/54/attempts/final20_54_5781486474d142eca33fd1ac3ecba66e,validated,True,True,completed search,single_active_A,145.0,3201.0,4.529834426741643,k*(k+a),Anchored source/terminal included; single-graph construction complete,Thesis Observation 4 p.18 and section 5.1 p.26; manuscript section 4.4 pp.15-16,O(n^3 m^3),,
hurricane:AL102008__AL061989:a0.5|CPS-2F,262,hurricane,AL102008__AL061989,0.5,CPS-2F,33,36,historical attempt,output/paper_v1/hurricane_final_20/slots/54/attempts/final20_54_5781486474d142eca33fd1ac3ecba66e,validated,True,True,completed search,single_edges_with_waits_A,5970.0,10585.0,56.400566839867736,H*(H+1)/2,Unique forward transitions plus exactly H waits; completed graph,Finite derivation from chain_graph() enumeration and pruning,O(n^3 m^3),,
hurricane:AL102008__AL061989:a0.5|CPS-2F,262,hurricane,AL102008__AL061989,0.5,CPS-2F,33,36,historical attempt,output/paper_v1/hurricane_final_20/slots/54/attempts/final20_54_5781486474d142eca33fd1ac3ecba66e,validated,True,True,completed search,auxiliary_B,83.0,2520.0,3.293650793650793,2 k(k-1),Interior curve-parameter intersections; CPS-3F percentage not applicable,Thesis Observation 4 p.18 and section 5.1 p.26; manuscript section 4.4 pp.15-16,O(n^3 m^3),,
hurricane:AL102008__AL061989:a0.5|CPS-2F,262,hurricane,AL102008__AL061989,0.5,CPS-2F,33,36,historical attempt,output/paper_v1/hurricane_final_20/slots/54/attempts/final20_54_5781486474d142eca33fd1ac3ecba66e,validated,True,True,completed search,single_dense_B,4284.0,92016.0,4.655712050078248,k*(k+2k(k-1)),"Dense indexing slots, not valid vertices",Thesis Observation 4 p.18 and section 5.1 p.26; manuscript section 4.4 pp.15-16,O(n^3 m^3),,
hurricane:AL102008__AL061989:a0.5|CPS-2F,262,hurricane,AL102008__AL061989,0.5,CPS-2F,33,36,historical attempt,output/paper_v1/hurricane_final_20/slots/54/attempts/final20_54_5781486474d142eca33fd1ac3ecba66e,validated,True,True,completed search,single_active_B,272.0,4284.0,6.349206349206349,k*(k+a),Anchored source/terminal included; single-graph construction complete,Thesis Observation 4 p.18 and section 5.1 p.26; manuscript section 4.4 pp.15-16,O(n^3 m^3),,
hurricane:AL102008__AL061989:a0.5|CPS-2F,262,hurricane,AL102008__AL061989,0.5,CPS-2F,33,36,historical attempt,output/paper_v1/hurricane_final_20/slots/54/attempts/final20_54_5781486474d142eca33fd1ac3ecba66e,validated,True,True,completed search,single_edges_with_waits_B,21310.0,37128.0,57.396035337211806,H*(H+1)/2,Unique forward transitions plus exactly H waits; completed graph,Finite derivation from chain_graph() enumeration and pruning,O(n^3 m^3),,
hurricane:AL102008__AL061989:a0.5|CPS-2F,262,hurricane,AL102008__AL061989,0.5,CPS-2F,33,36,historical attempt,output/paper_v1/hurricane_final_20/slots/54/attempts/final20_54_5781486474d142eca33fd1ac3ecba66e,validated,True,True,completed search,configuration_states_input_bound,3833.0,6513352560.0,5.8848342150850807e-05,n*m*(n+2n(n-1))*(m+2m(m-1)),All index combinations; includes source/terminal; no hidden asymptotic constant,Thesis Observation 4 p.18 and section 5.1 p.26; manuscript section 4.4 pp.15-16,O(n^3 m^3),,
hurricane:AL102008__AL061989:a0.5|CPS-2F,262,hurricane,AL102008__AL061989,0.5,CPS-2F,33,36,historical attempt,output/paper_v1/hurricane_final_20/slots/54/attempts/final20_54_5781486474d142eca33fd1ac3ecba66e,validated,True,True,completed search,configuration_states_extended_bound,3833.0,13713084.0,0.0279514075754221,n*m*(n+aA)*(m+aB),Actual extended-curve sizes; all index combinations,Thesis Observation 4 p.18 and section 5.1 p.26; manuscript section 4.4 pp.15-16,O(n^3 m^3),,
hurricane:AL102008__AL061989:a0.5|CPS-2F,262,hurricane,AL102008__AL061989,0.5,CPS-2F,33,36,historical attempt,output/paper_v1/hurricane_final_20/slots/54/attempts/final20_54_5781486474d142eca33fd1ac3ecba66e,validated,True,True,completed search,configuration_states_active_bound,3833.0,39440.0,9.718559837728195,H_A*H_B,Completed single graphs; includes coupling-invalid combinations,Thesis Observation 4 p.18 and section 5.1 p.26; manuscript section 4.4 pp.15-16,O(n^3 m^3),,
hurricane:AL102008__AL061989:a0.5|CPS-2F,262,hurricane,AL102008__AL061989,0.5,CPS-2F,33,36,historical attempt,output/paper_v1/hurricane_final_20/slots/54/attempts/final20_54_5781486474d142eca33fd1ac3ecba66e,validated,True,True,completed search,candidate_transition_checks,1865958.0,127181260.0,1.467164266181983,E_A*E_B-H_A*H_B,No duplicate single-graph entries; each product source popped once; excludes simultaneous waits,Finite derivation from solve_cps() and chain_graph(); see graph_bounds.md,O(n^3 m^3),,
hurricane:AL102008__AL061989:a0.5|CPS-2F,262,hurricane,AL102008__AL061989,0.5,CPS-2F,33,36,historical attempt,output/paper_v1/hurricane_final_20/slots/54/attempts/final20_54_5781486474d142eca33fd1ac3ecba66e,validated,True,True,completed search,unique_configuration_edges,,777737080.0,,"N*(N-1)/2, N=H_A*H_B",Product graph not materialized; no observed unique-edge count; strict forward topological order,Finite DAG counting derivation; not a transition-check measurement,O(n^3 m^3),Counter unavailable or phase not reached; historical runs not rerun,
hurricane:AL102008__AL061989:a0.5|CPS-2F,262,hurricane,AL102008__AL061989,0.5,CPS-2F,33,36,historical attempt,output/paper_v1/hurricane_final_20/slots/54/attempts/final20_54_5781486474d142eca33fd1ac3ecba66e,validated,True,True,completed search,dynamic_programming_labels,,1301520.0,,n*H_A*H_B,At most n distinct A-hop counts per state; labels not instrumented,Thesis section5.1; manuscript section4.4; solve_cps values dictionaries,O(n^3 m^3),Counter unavailable or phase not reached; historical runs not rerun,
hurricane:AL102008__AL061989:a0.5|CPS-3F,263,hurricane,AL102008__AL061989,0.5,CPS-3F,33,36,historical attempt,output/paper_v1/hurricane_final_20/slots/55/attempts/final20_55_f8e5c012d43b42c6bfe76bb8c06d1308,validated,True,True,completed search,auxiliary_A,0.0,0.0,,0 (no auxiliary locations),Interior curve-parameter intersections; CPS-3F percentage not applicable,Thesis Observation 4 p.18 and section 5.1 p.26; manuscript section 4.4 pp.15-16,O(n^2 m^2),,Zero/non-applicable bound
hurricane:AL102008__AL061989:a0.5|CPS-3F,263,hurricane,AL102008__AL061989,0.5,CPS-3F,33,36,historical attempt,output/paper_v1/hurricane_final_20/slots/55/attempts/final20_55_f8e5c012d43b42c6bfe76bb8c06d1308,validated,True,True,completed search,single_dense_A,1089.0,1089.0,100.0,k^2,"Dense indexing slots, not valid vertices",Thesis Observation 4 p.18 and section 5.1 p.26; manuscript section 4.4 pp.15-16,O(n^2 m^2),,
hurricane:AL102008__AL061989:a0.5|CPS-3F,263,hurricane,AL102008__AL061989,0.5,CPS-3F,33,36,historical attempt,output/paper_v1/hurricane_final_20/slots/55/attempts/final20_55_f8e5c012d43b42c6bfe76bb8c06d1308,validated,True,True,completed search,single_active_A,35.0,1089.0,3.2139577594123048,k*(k+a),Anchored source/terminal included; single-graph construction complete,Thesis Observation 4 p.18 and section 5.1 p.26; manuscript section 4.4 pp.15-16,O(n^2 m^2),,
hurricane:AL102008__AL061989:a0.5|CPS-3F,263,hurricane,AL102008__AL061989,0.5,CPS-3F,33,36,historical attempt,output/paper_v1/hurricane_final_20/slots/55/attempts/final20_55_f8e5c012d43b42c6bfe76bb8c06d1308,validated,True,True,completed search,single_edges_with_waits_A,73.0,630.0,11.587301587301589,H*(H+1)/2,Unique forward transitions plus exactly H waits; completed graph,Finite derivation from chain_graph() enumeration and pruning,O(n^2 m^2),,
hurricane:AL102008__AL061989:a0.5|CPS-3F,263,hurricane,AL102008__AL061989,0.5,CPS-3F,33,36,historical attempt,output/paper_v1/hurricane_final_20/slots/55/attempts/final20_55_f8e5c012d43b42c6bfe76bb8c06d1308,validated,True,True,completed search,auxiliary_B,0.0,0.0,,0 (no auxiliary locations),Interior curve-parameter intersections; CPS-3F percentage not applicable,Thesis Observation 4 p.18 and section 5.1 p.26; manuscript section 4.4 pp.15-16,O(n^2 m^2),,Zero/non-applicable bound
hurricane:AL102008__AL061989:a0.5|CPS-3F,263,hurricane,AL102008__AL061989,0.5,CPS-3F,33,36,historical attempt,output/paper_v1/hurricane_final_20/slots/55/attempts/final20_55_f8e5c012d43b42c6bfe76bb8c06d1308,validated,True,True,completed search,single_dense_B,1296.0,1296.0,100.0,k^2,"Dense indexing slots, not valid vertices",Thesis Observation 4 p.18 and section 5.1 p.26; manuscript section 4.4 pp.15-16,O(n^2 m^2),,
hurricane:AL102008__AL061989:a0.5|CPS-3F,263,hurricane,AL102008__AL061989,0.5,CPS-3F,33,36,historical attempt,output/paper_v1/hurricane_final_20/slots/55/attempts/final20_55_f8e5c012d43b42c6bfe76bb8c06d1308,validated,True,True,completed search,single_active_B,88.0,1296.0,6.790123456790123,k*(k+a),Anchored source/terminal included; single-graph construction complete,Thesis Observation 4 p.18 and section 5.1 p.26; manuscript section 4.4 pp.15-16,O(n^2 m^2),,
hurricane:AL102008__AL061989:a0.5|CPS-3F,263,hurricane,AL102008__AL061989,0.5,CPS-3F,33,36,historical attempt,output/paper_v1/hurricane_final_20/slots/55/attempts/final20_55_f8e5c012d43b42c6bfe76bb8c06d1308,validated,True,True,completed search,single_edges_with_waits_B,534.0,3916.0,13.636363636363637,H*(H+1)/2,Unique forward transitions plus exactly H waits; completed graph,Finite derivation from chain_graph() enumeration and pruning,O(n^2 m^2),,
hurricane:AL102008__AL061989:a0.5|CPS-3F,263,hurricane,AL102008__AL061989,0.5,CPS-3F,33,36,historical attempt,output/paper_v1/hurricane_final_20/slots/55/attempts/final20_55_f8e5c012d43b42c6bfe76bb8c06d1308,validated,True,True,completed search,configuration_states_input_bound,321.0,1411344.0,0.0227442777947828,n^2*m^2,All index combinations; includes source/terminal; no hidden asymptotic constant,Thesis Observation 4 p.18 and section 5.1 p.26; manuscript section 4.4 pp.15-16,O(n^2 m^2),,
hurricane:AL102008__AL061989:a0.5|CPS-3F,263,hurricane,AL102008__AL061989,0.5,CPS-3F,33,36,historical attempt,output/paper_v1/hurricane_final_20/slots/55/attempts/final20_55_f8e5c012d43b42c6bfe76bb8c06d1308,validated,True,True,completed search,configuration_states_active_bound,321.0,3080.0,10.42207792207792,H_A*H_B,Completed single graphs; includes coupling-invalid combinations,Thesis Observation 4 p.18 and section 5.1 p.26; manuscript section 4.4 pp.15-16,O(n^2 m^2),,
hurricane:AL102008__AL061989:a0.5|CPS-3F,263,hurricane,AL102008__AL061989,0.5,CPS-3F,33,36,historical attempt,output/paper_v1/hurricane_final_20/slots/55/attempts/final20_55_f8e5c012d43b42c6bfe76bb8c06d1308,validated,True,True,completed search,candidate_transition_checks,1202.0,35902.0,3.348002896774553,E_A*E_B-H_A*H_B,No duplicate single-graph entries; each product source popped once; excludes simultaneous waits,Finite derivation from solve_cps() and chain_graph(); see graph_bounds.md,O(n^2 m^2),,
hurricane:AL102008__AL061989:a0.5|CPS-3F,263,hurricane,AL102008__AL061989,0.5,CPS-3F,33,36,historical attempt,output/paper_v1/hurricane_final_20/slots/55/attempts/final20_55_f8e5c012d43b42c6bfe76bb8c06d1308,validated,True,True,completed search,unique_configuration_edges,,4741660.0,,"N*(N-1)/2, N=H_A*H_B",Product graph not materialized; no observed unique-edge count; strict forward topological order,Finite DAG counting derivation; not a transition-check measurement,O(n^2 m^2),Counter unavailable or phase not reached; historical runs not rerun,
hurricane:AL102008__AL061989:a0.5|CPS-3F,263,hurricane,AL102008__AL061989,0.5,CPS-3F,33,36,historical attempt,output/paper_v1/hurricane_final_20/slots/55/attempts/final20_55_f8e5c012d43b42c6bfe76bb8c06d1308,validated,True,True,completed search,dynamic_programming_labels,,101640.0,,n*H_A*H_B,At most n distinct A-hop counts per state; labels not instrumented,Thesis section5.1; manuscript section4.4; solve_cps values dictionaries,O(n^2 m^2),Counter unavailable or phase not reached; historical runs not rerun,
hurricane:EP102002__EP042014:a0.5|CPS-2F,265,hurricane,EP102002__EP042014,0.5,CPS-2F,31,42,historical attempt,output/paper_v1/hurricane_final_20/slots/57/attempts/final20_57_3b593e011f1945c8b0d3ed5a26fd0127,validated,True,True,completed search,auxiliary_A,60.0,1860.0,3.225806451612903,2 k(k-1),Interior curve-parameter intersections; CPS-3F percentage not applicable,Thesis Observation 4 p.18 and section 5.1 p.26; manuscript section 4.4 pp.15-16,O(n^3 m^3),,
hurricane:EP102002__EP042014:a0.5|CPS-2F,265,hurricane,EP102002__EP042014,0.5,CPS-2F,31,42,historical attempt,output/paper_v1/hurricane_final_20/slots/57/attempts/final20_57_3b593e011f1945c8b0d3ed5a26fd0127,validated,True,True,completed search,single_dense_A,2821.0,58621.0,4.812268640930725,k*(k+2k(k-1)),"Dense indexing slots, not valid vertices",Thesis Observation 4 p.18 and section 5.1 p.26; manuscript section 4.4 pp.15-16,O(n^3 m^3),,
hurricane:EP102002__EP042014:a0.5|CPS-2F,265,hurricane,EP102002__EP042014,0.5,CPS-2F,31,42,historical attempt,output/paper_v1/hurricane_final_20/slots/57/attempts/final20_57_3b593e011f1945c8b0d3ed5a26fd0127,validated,True,True,completed search,single_active_A,127.0,2821.0,4.501949663239986,k*(k+a),Anchored source/terminal included; single-graph construction complete,Thesis Observation 4 p.18 and section 5.1 p.26; manuscript section 4.4 pp.15-16,O(n^3 m^3),,
hurricane:EP102002__EP042014:a0.5|CPS-2F,265,hurricane,EP102002__EP042014,0.5,CPS-2F,31,42,historical attempt,output/paper_v1/hurricane_final_20/slots/57/attempts/final20_57_3b593e011f1945c8b0d3ed5a26fd0127,validated,True,True,completed search,single_edges_with_waits_A,3550.0,8128.0,43.67618110236221,H*(H+1)/2,Unique forward transitions plus exactly H waits; completed graph,Finite derivation from chain_graph() enumeration and pruning,O(n^3 m^3),,
hurricane:EP102002__EP042014:a0.5|CPS-2F,265,hurricane,EP102002__EP042014,0.5,CPS-2F,31,42,historical attempt,output/paper_v1/hurricane_final_20/slots/57/attempts/final20_57_3b593e011f1945c8b0d3ed5a26fd0127,validated,True,True,completed search,auxiliary_B,80.0,3444.0,2.3228803716608595,2 k(k-1),Interior curve-parameter intersections; CPS-3F percentage not applicable,Thesis Observation 4 p.18 and section 5.1 p.26; manuscript section 4.4 pp.15-16,O(n^3 m^3),,
hurricane:EP102002__EP042014:a0.5|CPS-2F,265,hurricane,EP102002__EP042014,0.5,CPS-2F,31,42,historical attempt,output/paper_v1/hurricane_final_20/slots/57/attempts/final20_57_3b593e011f1945c8b0d3ed5a26fd0127,validated,True,True,completed search,single_dense_B,5124.0,146412.0,3.499713138267355,k*(k+2k(k-1)),"Dense indexing slots, not valid vertices",Thesis Observation 4 p.18 and section 5.1 p.26; manuscript section 4.4 pp.15-16,O(n^3 m^3),,
hurricane:EP102002__EP042014:a0.5|CPS-2F,265,hurricane,EP102002__EP042014,0.5,CPS-2F,31,42,historical attempt,output/paper_v1/hurricane_final_20/slots/57/attempts/final20_57_3b593e011f1945c8b0d3ed5a26fd0127,validated,True,True,completed search,single_active_B,229.0,5124.0,4.469164715066355,k*(k+a),Anchored source/terminal included; single-graph construction complete,Thesis Observation 4 p.18 and section 5.1 p.26; manuscript section 4.4 pp.15-16,O(n^3 m^3),,
hurricane:EP102002__EP042014:a0.5|CPS-2F,265,hurricane,EP102002__EP042014,0.5,CPS-2F,31,42,historical attempt,output/paper_v1/hurricane_final_20/slots/57/attempts/final20_57_3b593e011f1945c8b0d3ed5a26fd0127,validated,True,True,completed search,single_edges_with_waits_B,14166.0,26335.0,53.7915321815075,H*(H+1)/2,Unique forward transitions plus exactly H waits; completed graph,Finite derivation from chain_graph() enumeration and pruning,O(n^3 m^3),,
hurricane:EP102002__EP042014:a0.5|CPS-2F,265,hurricane,EP102002__EP042014,0.5,CPS-2F,31,42,historical attempt,output/paper_v1/hurricane_final_20/slots/57/attempts/final20_57_3b593e011f1945c8b0d3ed5a26fd0127,validated,True,True,completed search,configuration_states_input_bound,5120.0,8582817852.0,5.965406802623591e-05,n*m*(n+2n(n-1))*(m+2m(m-1)),All index combinations; includes source/terminal; no hidden asymptotic constant,Thesis Observation 4 p.18 and section 5.1 p.26; manuscript section 4.4 pp.15-16,O(n^3 m^3),,
hurricane:EP102002__EP042014:a0.5|CPS-2F,265,hurricane,EP102002__EP042014,0.5,CPS-2F,31,42,historical attempt,output/paper_v1/hurricane_final_20/slots/57/attempts/final20_57_3b593e011f1945c8b0d3ed5a26fd0127,validated,True,True,completed search,configuration_states_extended_bound,5120.0,14454804.0,0.0354207500841934,n*m*(n+aA)*(m+aB),Actual extended-curve sizes; all index combinations,Thesis Observation 4 p.18 and section 5.1 p.26; manuscript section 4.4 pp.15-16,O(n^3 m^3),,
hurricane:EP102002__EP042014:a0.5|CPS-2F,265,hurricane,EP102002__EP042014,0.5,CPS-2F,31,42,historical attempt,output/paper_v1/hurricane_final_20/slots/57/attempts/final20_57_3b593e011f1945c8b0d3ed5a26fd0127,validated,True,True,completed search,configuration_states_active_bound,5120.0,29083.0,17.60478630127566,H_A*H_B,Completed single graphs; includes coupling-invalid combinations,Thesis Observation 4 p.18 and section 5.1 p.26; manuscript section 4.4 pp.15-16,O(n^3 m^3),,
hurricane:EP102002__EP042014:a0.5|CPS-2F,265,hurricane,EP102002__EP042014,0.5,CPS-2F,31,42,historical attempt,output/paper_v1/hurricane_final_20/slots/57/attempts/final20_57_3b593e011f1945c8b0d3ed5a26fd0127,validated,True,True,completed search,candidate_transition_checks,4028404.0,50260217.0,8.015094721934846,E_A*E_B-H_A*H_B,No duplicate single-graph entries; each product source popped once; excludes simultaneous waits,Finite derivation from solve_cps() and chain_graph(); see graph_bounds.md,O(n^3 m^3),,
hurricane:EP102002__EP042014:a0.5|CPS-2F,265,hurricane,EP102002__EP042014,0.5,CPS-2F,31,42,historical attempt,output/paper_v1/hurricane_final_20/slots/57/attempts/final20_57_3b593e011f1945c8b0d3ed5a26fd0127,validated,True,True,completed search,unique_configuration_edges,,422895903.0,,"N*(N-1)/2, N=H_A*H_B",Product graph not materialized; no observed unique-edge count; strict forward topological order,Finite DAG counting derivation; not a transition-check measurement,O(n^3 m^3),Counter unavailable or phase not reached; historical runs not rerun,
hurricane:EP102002__EP042014:a0.5|CPS-2F,265,hurricane,EP102002__EP042014,0.5,CPS-2F,31,42,historical attempt,output/paper_v1/hurricane_final_20/slots/57/attempts/final20_57_3b593e011f1945c8b0d3ed5a26fd0127,validated,True,True,completed search,dynamic_programming_labels,,901573.0,,n*H_A*H_B,At most n distinct A-hop counts per state; labels not instrumented,Thesis section5.1; manuscript section4.4; solve_cps values dictionaries,O(n^3 m^3),Counter unavailable or phase not reached; historical runs not rerun,
hurricane:EP102002__EP042014:a0.5|CPS-3F,266,hurricane,EP102002__EP042014,0.5,CPS-3F,31,42,historical attempt,output/paper_v1/hurricane_final_20/slots/58/attempts/final20_58_ea2ce80db7c94079a2cb369e959559f5,validated,True,True,completed search,auxiliary_A,0.0,0.0,,0 (no auxiliary locations),Interior curve-parameter intersections; CPS-3F percentage not applicable,Thesis Observation 4 p.18 and section 5.1 p.26; manuscript section 4.4 pp.15-16,O(n^2 m^2),,Zero/non-applicable bound
hurricane:EP102002__EP042014:a0.5|CPS-3F,266,hurricane,EP102002__EP042014,0.5,CPS-3F,31,42,historical attempt,output/paper_v1/hurricane_final_20/slots/58/attempts/final20_58_ea2ce80db7c94079a2cb369e959559f5,validated,True,True,completed search,single_dense_A,961.0,961.0,100.0,k^2,"Dense indexing slots, not valid vertices",Thesis Observation 4 p.18 and section 5.1 p.26; manuscript section 4.4 pp.15-16,O(n^2 m^2),,
hurricane:EP102002__EP042014:a0.5|CPS-3F,266,hurricane,EP102002__EP042014,0.5,CPS-3F,31,42,historical attempt,output/paper_v1/hurricane_final_20/slots/58/attempts/final20_58_ea2ce80db7c94079a2cb369e959559f5,validated,True,True,completed search,single_active_A,35.0,961.0,3.6420395421436,k*(k+a),Anchored source/terminal included; single-graph construction complete,Thesis Observation 4 p.18 and section 5.1 p.26; manuscript section 4.4 pp.15-16,O(n^2 m^2),,
hurricane:EP102002__EP042014:a0.5|CPS-3F,266,hurricane,EP102002__EP042014,0.5,CPS-3F,31,42,historical attempt,output/paper_v1/hurricane_final_20/slots/58/attempts/final20_58_ea2ce80db7c94079a2cb369e959559f5,validated,True,True,completed search,single_edges_with_waits_A,80.0,630.0,12.698412698412698,H*(H+1)/2,Unique forward transitions plus exactly H waits; completed graph,Finite derivation from chain_graph() enumeration and pruning,O(n^2 m^2),,
hurricane:EP102002__EP042014:a0.5|CPS-3F,266,hurricane,EP102002__EP042014,0.5,CPS-3F,31,42,historical attempt,output/paper_v1/hurricane_final_20/slots/58/attempts/final20_58_ea2ce80db7c94079a2cb369e959559f5,validated,True,True,completed search,auxiliary_B,0.0,0.0,,0 (no auxiliary locations),Interior curve-parameter intersections; CPS-3F percentage not applicable,Thesis Observation 4 p.18 and section 5.1 p.26; manuscript section 4.4 pp.15-16,O(n^2 m^2),,Zero/non-applicable bound
hurricane:EP102002__EP042014:a0.5|CPS-3F,266,hurricane,EP102002__EP042014,0.5,CPS-3F,31,42,historical attempt,output/paper_v1/hurricane_final_20/slots/58/attempts/final20_58_ea2ce80db7c94079a2cb369e959559f5,validated,True,True,completed search,single_dense_B,1764.0,1764.0,100.0,k^2,"Dense indexing slots, not valid vertices",Thesis Observation 4 p.18 and section 5.1 p.26; manuscript section 4.4 pp.15-16,O(n^2 m^2),,
hurricane:EP102002__EP042014:a0.5|CPS-3F,266,hurricane,EP102002__EP042014,0.5,CPS-3F,31,42,historical attempt,output/paper_v1/hurricane_final_20/slots/58/attempts/final20_58_ea2ce80db7c94079a2cb369e959559f5,validated,True,True,completed search,single_active_B,74.0,1764.0,4.195011337868481,k*(k+a),Anchored source/terminal included; single-graph construction complete,Thesis Observation 4 p.18 and section 5.1 p.26; manuscript section 4.4 pp.15-16,O(n^2 m^2),,
hurricane:EP102002__EP042014:a0.5|CPS-3F,266,hurricane,EP102002__EP042014,0.5,CPS-3F,31,42,historical attempt,output/paper_v1/hurricane_final_20/slots/58/attempts/final20_58_ea2ce80db7c94079a2cb369e959559f5,validated,True,True,completed search,single_edges_with_waits_B,273.0,2775.0,9.83783783783784,H*(H+1)/2,Unique forward transitions plus exactly H waits; completed graph,Finite derivation from chain_graph() enumeration and pruning,O(n^2 m^2),,
hurricane:EP102002__EP042014:a0.5|CPS-3F,266,hurricane,EP102002__EP042014,0.5,CPS-3F,31,42,historical attempt,output/paper_v1/hurricane_final_20/slots/58/attempts/final20_58_ea2ce80db7c94079a2cb369e959559f5,validated,True,True,completed search,configuration_states_input_bound,487.0,1695204.0,0.0287281058798823,n^2*m^2,All index combinations; includes source/terminal; no hidden asymptotic constant,Thesis Observation 4 p.18 and section 5.1 p.26; manuscript section 4.4 pp.15-16,O(n^2 m^2),,
hurricane:EP102002__EP042014:a0.5|CPS-3F,266,hurricane,EP102002__EP042014,0.5,CPS-3F,31,42,historical attempt,output/paper_v1/hurricane_final_20/slots/58/attempts/final20_58_ea2ce80db7c94079a2cb369e959559f5,validated,True,True,completed search,configuration_states_active_bound,487.0,2590.0,18.8030888030888,H_A*H_B,Completed single graphs; includes coupling-invalid combinations,Thesis Observation 4 p.18 and section 5.1 p.26; manuscript section 4.4 pp.15-16,O(n^2 m^2),,
hurricane:EP102002__EP042014:a0.5|CPS-3F,266,hurricane,EP102002__EP042014,0.5,CPS-3F,31,42,historical attempt,output/paper_v1/hurricane_final_20/slots/58/attempts/final20_58_ea2ce80db7c94079a2cb369e959559f5,validated,True,True,completed search,candidate_transition_checks,3100.0,19250.0,16.103896103896105,E_A*E_B-H_A*H_B,No duplicate single-graph entries; each product source popped once; excludes simultaneous waits,Finite derivation from solve_cps() and chain_graph(); see graph_bounds.md,O(n^2 m^2),,
hurricane:EP102002__EP042014:a0.5|CPS-3F,266,hurricane,EP102002__EP042014,0.5,CPS-3F,31,42,historical attempt,output/paper_v1/hurricane_final_20/slots/58/attempts/final20_58_ea2ce80db7c94079a2cb369e959559f5,validated,True,True,completed search,unique_configuration_edges,,3352755.0,,"N*(N-1)/2, N=H_A*H_B",Product graph not materialized; no observed unique-edge count; strict forward topological order,Finite DAG counting derivation; not a transition-check measurement,O(n^2 m^2),Counter unavailable or phase not reached; historical runs not rerun,
hurricane:EP102002__EP042014:a0.5|CPS-3F,266,hurricane,EP102002__EP042014,0.5,CPS-3F,31,42,historical attempt,output/paper_v1/hurricane_final_20/slots/58/attempts/final20_58_ea2ce80db7c94079a2cb369e959559f5,validated,True,True,completed search,dynamic_programming_labels,,80290.0,,n*H_A*H_B,At most n distinct A-hop counts per state; labels not instrumented,Thesis section5.1; manuscript section4.4; solve_cps values dictionaries,O(n^2 m^2),Counter unavailable or phase not reached; historical runs not rerun,
hurricane:EP032000__EP041975:a0.5|CPS-3F,269,hurricane,EP032000__EP041975,0.5,CPS-3F,27,41,historical attempt,output/paper_v1/hurricane_final_20/slots/61/attempts/final20_61_4070de11bcbf480b88acbf4063e461e3,validated,True,True,completed search,auxiliary_A,0.0,0.0,,0 (no auxiliary locations),Interior curve-parameter intersections; CPS-3F percentage not applicable,Thesis Observation 4 p.18 and section 5.1 p.26; manuscript section 4.4 pp.15-16,O(n^2 m^2),,Zero/non-applicable bound
hurricane:EP032000__EP041975:a0.5|CPS-3F,269,hurricane,EP032000__EP041975,0.5,CPS-3F,27,41,historical attempt,output/paper_v1/hurricane_final_20/slots/61/attempts/final20_61_4070de11bcbf480b88acbf4063e461e3,validated,True,True,completed search,single_dense_A,729.0,729.0,100.0,k^2,"Dense indexing slots, not valid vertices",Thesis Observation 4 p.18 and section 5.1 p.26; manuscript section 4.4 pp.15-16,O(n^2 m^2),,
hurricane:EP032000__EP041975:a0.5|CPS-3F,269,hurricane,EP032000__EP041975,0.5,CPS-3F,27,41,historical attempt,output/paper_v1/hurricane_final_20/slots/61/attempts/final20_61_4070de11bcbf480b88acbf4063e461e3,validated,True,True,completed search,single_active_A,27.0,729.0,3.703703703703704,k*(k+a),Anchored source/terminal included; single-graph construction complete,Thesis Observation 4 p.18 and section 5.1 p.26; manuscript section 4.4 pp.15-16,O(n^2 m^2),,
hurricane:EP032000__EP041975:a0.5|CPS-3F,269,hurricane,EP032000__EP041975,0.5,CPS-3F,27,41,historical attempt,output/paper_v1/hurricane_final_20/slots/61/attempts/final20_61_4070de11bcbf480b88acbf4063e461e3,validated,True,True,completed search,single_edges_with_waits_A,53.0,378.0,14.02116402116402,H*(H+1)/2,Unique forward transitions plus exactly H waits; completed graph,Finite derivation from chain_graph() enumeration and pruning,O(n^2 m^2),,
hurricane:EP032000__EP041975:a0.5|CPS-3F,269,hurricane,EP032000__EP041975,0.5,CPS-3F,27,41,historical attempt,output/paper_v1/hurricane_final_20/slots/61/attempts/final20_61_4070de11bcbf480b88acbf4063e461e3,validated,True,True,completed search,auxiliary_B,0.0,0.0,,0 (no auxiliary locations),Interior curve-parameter intersections; CPS-3F percentage not applicable,Thesis Observation 4 p.18 and section 5.1 p.26; manuscript section 4.4 pp.15-16,O(n^2 m^2),,Zero/non-applicable bound
hurricane:EP032000__EP041975:a0.5|CPS-3F,269,hurricane,EP032000__EP041975,0.5,CPS-3F,27,41,historical attempt,output/paper_v1/hurricane_final_20/slots/61/attempts/final20_61_4070de11bcbf480b88acbf4063e461e3,validated,True,True,completed search,single_dense_B,1681.0,1681.0,100.0,k^2,"Dense indexing slots, not valid vertices",Thesis Observation 4 p.18 and section 5.1 p.26; manuscript section 4.4 pp.15-16,O(n^2 m^2),,
hurricane:EP032000__EP041975:a0.5|CPS-3F,269,hurricane,EP032000__EP041975,0.5,CPS-3F,27,41,historical attempt,output/paper_v1/hurricane_final_20/slots/61/attempts/final20_61_4070de11bcbf480b88acbf4063e461e3,validated,True,True,completed search,single_active_B,63.0,1681.0,3.747769185008923,k*(k+a),Anchored source/terminal included; single-graph construction complete,Thesis Observation 4 p.18 and section 5.1 p.26; manuscript section 4.4 pp.15-16,O(n^2 m^2),,
hurricane:EP032000__EP041975:a0.5|CPS-3F,269,hurricane,EP032000__EP041975,0.5,CPS-3F,27,41,historical attempt,output/paper_v1/hurricane_final_20/slots/61/attempts/final20_61_4070de11bcbf480b88acbf4063e461e3,validated,True,True,completed search,single_edges_with_waits_B,213.0,2016.0,10.56547619047619,H*(H+1)/2,Unique forward transitions plus exactly H waits; completed graph,Finite derivation from chain_graph() enumeration and pruning,O(n^2 m^2),,
hurricane:EP032000__EP041975:a0.5|CPS-3F,269,hurricane,EP032000__EP041975,0.5,CPS-3F,27,41,historical attempt,output/paper_v1/hurricane_final_20/slots/61/attempts/final20_61_4070de11bcbf480b88acbf4063e461e3,validated,True,True,completed search,configuration_states_input_bound,449.0,1225449.0,0.0366396316778584,n^2*m^2,All index combinations; includes source/terminal; no hidden asymptotic constant,Thesis Observation 4 p.18 and section 5.1 p.26; manuscript section 4.4 pp.15-16,O(n^2 m^2),,
hurricane:EP032000__EP041975:a0.5|CPS-3F,269,hurricane,EP032000__EP041975,0.5,CPS-3F,27,41,historical attempt,output/paper_v1/hurricane_final_20/slots/61/attempts/final20_61_4070de11bcbf480b88acbf4063e461e3,validated,True,True,completed search,configuration_states_active_bound,449.0,1701.0,26.39623750734862,H_A*H_B,Completed single graphs; includes coupling-invalid combinations,Thesis Observation 4 p.18 and section 5.1 p.26; manuscript section 4.4 pp.15-16,O(n^2 m^2),,
hurricane:EP032000__EP041975:a0.5|CPS-3F,269,hurricane,EP032000__EP041975,0.5,CPS-3F,27,41,historical attempt,output/paper_v1/hurricane_final_20/slots/61/attempts/final20_61_4070de11bcbf480b88acbf4063e461e3,validated,True,True,completed search,candidate_transition_checks,2006.0,9588.0,20.92198581560284,E_A*E_B-H_A*H_B,No duplicate single-graph entries; each product source popped once; excludes simultaneous waits,Finite derivation from solve_cps() and chain_graph(); see graph_bounds.md,O(n^2 m^2),,
hurricane:EP032000__EP041975:a0.5|CPS-3F,269,hurricane,EP032000__EP041975,0.5,CPS-3F,27,41,historical attempt,output/paper_v1/hurricane_final_20/slots/61/attempts/final20_61_4070de11bcbf480b88acbf4063e461e3,validated,True,True,completed search,unique_configuration_edges,,1445850.0,,"N*(N-1)/2, N=H_A*H_B",Product graph not materialized; no observed unique-edge count; strict forward topological order,Finite DAG counting derivation; not a transition-check measurement,O(n^2 m^2),Counter unavailable or phase not reached; historical runs not rerun,
hurricane:EP032000__EP041975:a0.5|CPS-3F,269,hurricane,EP032000__EP041975,0.5,CPS-3F,27,41,historical attempt,output/paper_v1/hurricane_final_20/slots/61/attempts/final20_61_4070de11bcbf480b88acbf4063e461e3,validated,True,True,completed search,dynamic_programming_labels,,45927.0,,n*H_A*H_B,At most n distinct A-hop counts per state; labels not instrumented,Thesis section5.1; manuscript section4.4; solve_cps values dictionaries,O(n^2 m^2),Counter unavailable or phase not reached; historical runs not rerun,
hurricane:EP032000__EP041975:a0.5|CPS-2F,272,hurricane,EP032000__EP041975,0.5,CPS-2F,27,41,historical attempt,output/paper_v1/hurricane_final_20/slots/64/attempts/final20_64_4b3df03886be47cba638b38fd36fc6e7,validated,True,True,completed search,auxiliary_A,52.0,1404.0,3.703703703703704,2 k(k-1),Interior curve-parameter intersections; CPS-3F percentage not applicable,Thesis Observation 4 p.18 and section 5.1 p.26; manuscript section 4.4 pp.15-16,O(n^3 m^3),,
hurricane:EP032000__EP041975:a0.5|CPS-2F,272,hurricane,EP032000__EP041975,0.5,CPS-2F,27,41,historical attempt,output/paper_v1/hurricane_final_20/slots/64/attempts/final20_64_4b3df03886be47cba638b38fd36fc6e7,validated,True,True,completed search,single_dense_A,2133.0,38637.0,5.520614954577218,k*(k+2k(k-1)),"Dense indexing slots, not valid vertices",Thesis Observation 4 p.18 and section 5.1 p.26; manuscript section 4.4 pp.15-16,O(n^3 m^3),,
hurricane:EP032000__EP041975:a0.5|CPS-2F,272,hurricane,EP032000__EP041975,0.5,CPS-2F,27,41,historical attempt,output/paper_v1/hurricane_final_20/slots/64/attempts/final20_64_4b3df03886be47cba638b38fd36fc6e7,validated,True,True,completed search,single_active_A,103.0,2133.0,4.828879512423816,k*(k+a),Anchored source/terminal included; single-graph construction complete,Thesis Observation 4 p.18 and section 5.1 p.26; manuscript section 4.4 pp.15-16,O(n^3 m^3),,
hurricane:EP032000__EP041975:a0.5|CPS-2F,272,hurricane,EP032000__EP041975,0.5,CPS-2F,27,41,historical attempt,output/paper_v1/hurricane_final_20/slots/64/attempts/final20_64_4b3df03886be47cba638b38fd36fc6e7,validated,True,True,completed search,single_edges_with_waits_A,3738.0,5356.0,69.79088872292756,H*(H+1)/2,Unique forward transitions plus exactly H waits; completed graph,Finite derivation from chain_graph() enumeration and pruning,O(n^3 m^3),,
hurricane:EP032000__EP041975:a0.5|CPS-2F,272,hurricane,EP032000__EP041975,0.5,CPS-2F,27,41,historical attempt,output/paper_v1/hurricane_final_20/slots/64/attempts/final20_64_4b3df03886be47cba638b38fd36fc6e7,validated,True,True,completed search,auxiliary_B,79.0,3280.0,2.408536585365854,2 k(k-1),Interior curve-parameter intersections; CPS-3F percentage not applicable,Thesis Observation 4 p.18 and section 5.1 p.26; manuscript section 4.4 pp.15-16,O(n^3 m^3),,
hurricane:EP032000__EP041975:a0.5|CPS-2F,272,hurricane,EP032000__EP041975,0.5,CPS-2F,27,41,historical attempt,output/paper_v1/hurricane_final_20/slots/64/attempts/final20_64_4b3df03886be47cba638b38fd36fc6e7,validated,True,True,completed search,single_dense_B,4920.0,136161.0,3.613369467028003,k*(k+2k(k-1)),"Dense indexing slots, not valid vertices",Thesis Observation 4 p.18 and section 5.1 p.26; manuscript section 4.4 pp.15-16,O(n^3 m^3),,
hurricane:EP032000__EP041975:a0.5|CPS-2F,272,hurricane,EP032000__EP041975,0.5,CPS-2F,27,41,historical attempt,output/paper_v1/hurricane_final_20/slots/64/attempts/final20_64_4b3df03886be47cba638b38fd36fc6e7,validated,True,True,completed search,single_active_B,215.0,4920.0,4.369918699186992,k*(k+a),Anchored source/terminal included; single-graph construction complete,Thesis Observation 4 p.18 and section 5.1 p.26; manuscript section 4.4 pp.15-16,O(n^3 m^3),,
hurricane:EP032000__EP041975:a0.5|CPS-2F,272,hurricane,EP032000__EP041975,0.5,CPS-2F,27,41,historical attempt,output/paper_v1/hurricane_final_20/slots/64/attempts/final20_64_4b3df03886be47cba638b38fd36fc6e7,validated,True,True,completed search,single_edges_with_waits_B,8794.0,23220.0,37.87252368647717,H*(H+1)/2,Unique forward transitions plus exactly H waits; completed graph,Finite derivation from chain_graph() enumeration and pruning,O(n^3 m^3),,
hurricane:EP032000__EP041975:a0.5|CPS-2F,272,hurricane,EP032000__EP041975,0.5,CPS-2F,27,41,historical attempt,output/paper_v1/hurricane_final_20/slots/64/attempts/final20_64_4b3df03886be47cba638b38fd36fc6e7,validated,True,True,completed search,configuration_states_input_bound,6319.0,5260852557.0,0.0001201136114638,n*m*(n+2n(n-1))*(m+2m(m-1)),All index combinations; includes source/terminal; no hidden asymptotic constant,Thesis Observation 4 p.18 and section 5.1 p.26; manuscript section 4.4 pp.15-16,O(n^3 m^3),,
hurricane:EP032000__EP041975:a0.5|CPS-2F,272,hurricane,EP032000__EP041975,0.5,CPS-2F,27,41,historical attempt,output/paper_v1/hurricane_final_20/slots/64/attempts/final20_64_4b3df03886be47cba638b38fd36fc6e7,validated,True,True,completed search,configuration_states_extended_bound,6319.0,10494360.0,0.0602132955225473,n*m*(n+aA)*(m+aB),Actual extended-curve sizes; all index combinations,Thesis Observation 4 p.18 and section 5.1 p.26; manuscript section 4.4 pp.15-16,O(n^3 m^3),,
hurricane:EP032000__EP041975:a0.5|CPS-2F,272,hurricane,EP032000__EP041975,0.5,CPS-2F,27,41,historical attempt,output/paper_v1/hurricane_final_20/slots/64/attempts/final20_64_4b3df03886be47cba638b38fd36fc6e7,validated,True,True,completed search,configuration_states_active_bound,6319.0,22145.0,28.534657936328745,H_A*H_B,Completed single graphs; includes coupling-invalid combinations,Thesis Observation 4 p.18 and section 5.1 p.26; manuscript section 4.4 pp.15-16,O(n^3 m^3),,
hurricane:EP032000__EP041975:a0.5|CPS-2F,272,hurricane,EP032000__EP041975,0.5,CPS-2F,27,41,historical attempt,output/paper_v1/hurricane_final_20/slots/64/attempts/final20_64_4b3df03886be47cba638b38fd36fc6e7,validated,True,True,completed search,candidate_transition_checks,4551767.0,32849827.0,13.856289106180071,E_A*E_B-H_A*H_B,No duplicate single-graph entries; each product source popped once; excludes simultaneous waits,Finite derivation from solve_cps() and chain_graph(); see graph_bounds.md,O(n^3 m^3),,
hurricane:EP032000__EP041975:a0.5|CPS-2F,272,hurricane,EP032000__EP041975,0.5,CPS-2F,27,41,historical attempt,output/paper_v1/hurricane_final_20/slots/64/attempts/final20_64_4b3df03886be47cba638b38fd36fc6e7,validated,True,True,completed search,unique_configuration_edges,,245189440.0,,"N*(N-1)/2, N=H_A*H_B",Product graph not materialized; no observed unique-edge count; strict forward topological order,Finite DAG counting derivation; not a transition-check measurement,O(n^3 m^3),Counter unavailable or phase not reached; historical runs not rerun,
hurricane:EP032000__EP041975:a0.5|CPS-2F,272,hurricane,EP032000__EP041975,0.5,CPS-2F,27,41,historical attempt,output/paper_v1/hurricane_final_20/slots/64/attempts/final20_64_4b3df03886be47cba638b38fd36fc6e7,validated,True,True,completed search,dynamic_programming_labels,,597915.0,,n*H_A*H_B,At most n distinct A-hop counts per state; labels not instrumented,Thesis section5.1; manuscript section4.4; solve_cps values dictionaries,O(n^3 m^3),Counter unavailable or phase not reached; historical runs not rerun,
hurricane:EP081993__EP121989:a0.5|CPS-2F,275,hurricane,EP081993__EP121989,0.5,CPS-2F,56,45,historical attempt,output/paper_v1/hurricane_final_20/slots/67/attempts/final20_67_b9613bc87fb644248f17fad70973d282,validated,True,True,completed search,auxiliary_A,110.0,6160.0,1.7857142857142858,2 k(k-1),Interior curve-parameter intersections; CPS-3F percentage not applicable,Thesis Observation 4 p.18 and section 5.1 p.26; manuscript section 4.4 pp.15-16,O(n^3 m^3),,
hurricane:EP081993__EP121989:a0.5|CPS-2F,275,hurricane,EP081993__EP121989,0.5,CPS-2F,56,45,historical attempt,output/paper_v1/hurricane_final_20/slots/67/attempts/final20_67_b9613bc87fb644248f17fad70973d282,validated,True,True,completed search,single_dense_A,9296.0,348096.0,2.6705276705276706,k*(k+2k(k-1)),"Dense indexing slots, not valid vertices",Thesis Observation 4 p.18 and section 5.1 p.26; manuscript section 4.4 pp.15-16,O(n^3 m^3),,
hurricane:EP081993__EP121989:a0.5|CPS-2F,275,hurricane,EP081993__EP121989,0.5,CPS-2F,56,45,historical attempt,output/paper_v1/hurricane_final_20/slots/67/attempts/final20_67_b9613bc87fb644248f17fad70973d282,validated,True,True,completed search,single_active_A,230.0,9296.0,2.474182444061962,k*(k+a),Anchored source/terminal included; single-graph construction complete,Thesis Observation 4 p.18 and section 5.1 p.26; manuscript section 4.4 pp.15-16,O(n^3 m^3),,
hurricane:EP081993__EP121989:a0.5|CPS-2F,275,hurricane,EP081993__EP121989,0.5,CPS-2F,56,45,historical attempt,output/paper_v1/hurricane_final_20/slots/67/attempts/final20_67_b9613bc87fb644248f17fad70973d282,validated,True,True,completed search,single_edges_with_waits_A,7573.0,26565.0,28.50743459439112,H*(H+1)/2,Unique forward transitions plus exactly H waits; completed graph,Finite derivation from chain_graph() enumeration and pruning,O(n^3 m^3),,
hurricane:EP081993__EP121989:a0.5|CPS-2F,275,hurricane,EP081993__EP121989,0.5,CPS-2F,56,45,historical attempt,output/paper_v1/hurricane_final_20/slots/67/attempts/final20_67_b9613bc87fb644248f17fad70973d282,validated,True,True,completed search,auxiliary_B,87.0,3960.0,2.196969696969697,2 k(k-1),Interior curve-parameter intersections; CPS-3F percentage not applicable,Thesis Observation 4 p.18 and section 5.1 p.26; manuscript section 4.4 pp.15-16,O(n^3 m^3),,
hurricane:EP081993__EP121989:a0.5|CPS-2F,275,hurricane,EP081993__EP121989,0.5,CPS-2F,56,45,historical attempt,output/paper_v1/hurricane_final_20/slots/67/attempts/final20_67_b9613bc87fb644248f17fad70973d282,validated,True,True,completed search,single_dense_B,5940.0,180225.0,3.295880149812734,k*(k+2k(k-1)),"Dense indexing slots, not valid vertices",Thesis Observation 4 p.18 and section 5.1 p.26; manuscript section 4.4 pp.15-16,O(n^3 m^3),,
hurricane:EP081993__EP121989:a0.5|CPS-2F,275,hurricane,EP081993__EP121989,0.5,CPS-2F,56,45,historical attempt,output/paper_v1/hurricane_final_20/slots/67/attempts/final20_67_b9613bc87fb644248f17fad70973d282,validated,True,True,completed search,single_active_B,167.0,5940.0,2.8114478114478114,k*(k+a),Anchored source/terminal included; single-graph construction complete,Thesis Observation 4 p.18 and section 5.1 p.26; manuscript section 4.4 pp.15-16,O(n^3 m^3),,
hurricane:EP081993__EP121989:a0.5|CPS-2F,275,hurricane,EP081993__EP121989,0.5,CPS-2F,56,45,historical attempt,output/paper_v1/hurricane_final_20/slots/67/attempts/final20_67_b9613bc87fb644248f17fad70973d282,validated,True,True,completed search,single_edges_with_waits_B,6071.0,14028.0,43.27773025377816,H*(H+1)/2,Unique forward transitions plus exactly H waits; completed graph,Finite derivation from chain_graph() enumeration and pruning,O(n^3 m^3),,
hurricane:EP081993__EP121989:a0.5|CPS-2F,275,hurricane,EP081993__EP121989,0.5,CPS-2F,56,45,historical attempt,output/paper_v1/hurricane_final_20/slots/67/attempts/final20_67_b9613bc87fb644248f17fad70973d282,validated,True,True,completed search,configuration_states_input_bound,5661.0,62735601600.0,9.023584464996986e-06,n*m*(n+2n(n-1))*(m+2m(m-1)),All index combinations; includes source/terminal; no hidden asymptotic constant,Thesis Observation 4 p.18 and section 5.1 p.26; manuscript section 4.4 pp.15-16,O(n^3 m^3),,
hurricane:EP081993__EP121989:a0.5|CPS-2F,275,hurricane,EP081993__EP121989,0.5,CPS-2F,56,45,historical attempt,output/paper_v1/hurricane_final_20/slots/67/attempts/final20_67_b9613bc87fb644248f17fad70973d282,validated,True,True,completed search,configuration_states_extended_bound,5661.0,55218240.0,0.0102520471496375,n*m*(n+aA)*(m+aB),Actual extended-curve sizes; all index combinations,Thesis Observation 4 p.18 and section 5.1 p.26; manuscript section 4.4 pp.15-16,O(n^3 m^3),,
hurricane:EP081993__EP121989:a0.5|CPS-2F,275,hurricane,EP081993__EP121989,0.5,CPS-2F,56,45,historical attempt,output/paper_v1/hurricane_final_20/slots/67/attempts/final20_67_b9613bc87fb644248f17fad70973d282,validated,True,True,completed search,configuration_states_active_bound,5661.0,38410.0,14.73834938818016,H_A*H_B,Completed single graphs; includes coupling-invalid combinations,Thesis Observation 4 p.18 and section 5.1 p.26; manuscript section 4.4 pp.15-16,O(n^3 m^3),,
hurricane:EP081993__EP121989:a0.5|CPS-2F,275,hurricane,EP081993__EP121989,0.5,CPS-2F,56,45,historical attempt,output/paper_v1/hurricane_final_20/slots/67/attempts/final20_67_b9613bc87fb644248f17fad70973d282,validated,True,True,completed search,candidate_transition_checks,3278530.0,45937273.0,7.13697132174128,E_A*E_B-H_A*H_B,No duplicate single-graph entries; each product source popped once; excludes simultaneous waits,Finite derivation from solve_cps() and chain_graph(); see graph_bounds.md,O(n^3 m^3),,
hurricane:EP081993__EP121989:a0.5|CPS-2F,275,hurricane,EP081993__EP121989,0.5,CPS-2F,56,45,historical attempt,output/paper_v1/hurricane_final_20/slots/67/attempts/final20_67_b9613bc87fb644248f17fad70973d282,validated,True,True,completed search,unique_configuration_edges,,737644845.0,,"N*(N-1)/2, N=H_A*H_B",Product graph not materialized; no observed unique-edge count; strict forward topological order,Finite DAG counting derivation; not a transition-check measurement,O(n^3 m^3),Counter unavailable or phase not reached; historical runs not rerun,
hurricane:EP081993__EP121989:a0.5|CPS-2F,275,hurricane,EP081993__EP121989,0.5,CPS-2F,56,45,historical attempt,output/paper_v1/hurricane_final_20/slots/67/attempts/final20_67_b9613bc87fb644248f17fad70973d282,validated,True,True,completed search,dynamic_programming_labels,,2150960.0,,n*H_A*H_B,At most n distinct A-hop counts per state; labels not instrumented,Thesis section5.1; manuscript section4.4; solve_cps values dictionaries,O(n^3 m^3),Counter unavailable or phase not reached; historical runs not rerun,
hurricane:EP081993__EP121989:a0.5|CPS-3F,276,hurricane,EP081993__EP121989,0.5,CPS-3F,56,45,historical attempt,output/paper_v1/hurricane_final_20/slots/68/attempts/final20_68_2303304f7720454ab54fd261efac9fa1,validated,True,True,completed search,auxiliary_A,0.0,0.0,,0 (no auxiliary locations),Interior curve-parameter intersections; CPS-3F percentage not applicable,Thesis Observation 4 p.18 and section 5.1 p.26; manuscript section 4.4 pp.15-16,O(n^2 m^2),,Zero/non-applicable bound
hurricane:EP081993__EP121989:a0.5|CPS-3F,276,hurricane,EP081993__EP121989,0.5,CPS-3F,56,45,historical attempt,output/paper_v1/hurricane_final_20/slots/68/attempts/final20_68_2303304f7720454ab54fd261efac9fa1,validated,True,True,completed search,single_dense_A,3136.0,3136.0,100.0,k^2,"Dense indexing slots, not valid vertices",Thesis Observation 4 p.18 and section 5.1 p.26; manuscript section 4.4 pp.15-16,O(n^2 m^2),,
hurricane:EP081993__EP121989:a0.5|CPS-3F,276,hurricane,EP081993__EP121989,0.5,CPS-3F,56,45,historical attempt,output/paper_v1/hurricane_final_20/slots/68/attempts/final20_68_2303304f7720454ab54fd261efac9fa1,validated,True,True,completed search,single_active_A,62.0,3136.0,1.9770408163265305,k*(k+a),Anchored source/terminal included; single-graph construction complete,Thesis Observation 4 p.18 and section 5.1 p.26; manuscript section 4.4 pp.15-16,O(n^2 m^2),,
hurricane:EP081993__EP121989:a0.5|CPS-3F,276,hurricane,EP081993__EP121989,0.5,CPS-3F,56,45,historical attempt,output/paper_v1/hurricane_final_20/slots/68/attempts/final20_68_2303304f7720454ab54fd261efac9fa1,validated,True,True,completed search,single_edges_with_waits_A,142.0,1953.0,7.270865335381464,H*(H+1)/2,Unique forward transitions plus exactly H waits; completed graph,Finite derivation from chain_graph() enumeration and pruning,O(n^2 m^2),,
hurricane:EP081993__EP121989:a0.5|CPS-3F,276,hurricane,EP081993__EP121989,0.5,CPS-3F,56,45,historical attempt,output/paper_v1/hurricane_final_20/slots/68/attempts/final20_68_2303304f7720454ab54fd261efac9fa1,validated,True,True,completed search,auxiliary_B,0.0,0.0,,0 (no auxiliary locations),Interior curve-parameter intersections; CPS-3F percentage not applicable,Thesis Observation 4 p.18 and section 5.1 p.26; manuscript section 4.4 pp.15-16,O(n^2 m^2),,Zero/non-applicable bound
hurricane:EP081993__EP121989:a0.5|CPS-3F,276,hurricane,EP081993__EP121989,0.5,CPS-3F,56,45,historical attempt,output/paper_v1/hurricane_final_20/slots/68/attempts/final20_68_2303304f7720454ab54fd261efac9fa1,validated,True,True,completed search,single_dense_B,2025.0,2025.0,100.0,k^2,"Dense indexing slots, not valid vertices",Thesis Observation 4 p.18 and section 5.1 p.26; manuscript section 4.4 pp.15-16,O(n^2 m^2),,
hurricane:EP081993__EP121989:a0.5|CPS-3F,276,hurricane,EP081993__EP121989,0.5,CPS-3F,56,45,historical attempt,output/paper_v1/hurricane_final_20/slots/68/attempts/final20_68_2303304f7720454ab54fd261efac9fa1,validated,True,True,completed search,single_active_B,47.0,2025.0,2.320987654320988,k*(k+a),Anchored source/terminal included; single-graph construction complete,Thesis Observation 4 p.18 and section 5.1 p.26; manuscript section 4.4 pp.15-16,O(n^2 m^2),,
hurricane:EP081993__EP121989:a0.5|CPS-3F,276,hurricane,EP081993__EP121989,0.5,CPS-3F,56,45,historical attempt,output/paper_v1/hurricane_final_20/slots/68/attempts/final20_68_2303304f7720454ab54fd261efac9fa1,validated,True,True,completed search,single_edges_with_waits_B,96.0,1128.0,8.51063829787234,H*(H+1)/2,Unique forward transitions plus exactly H waits; completed graph,Finite derivation from chain_graph() enumeration and pruning,O(n^2 m^2),,
hurricane:EP081993__EP121989:a0.5|CPS-3F,276,hurricane,EP081993__EP121989,0.5,CPS-3F,56,45,historical attempt,output/paper_v1/hurricane_final_20/slots/68/attempts/final20_68_2303304f7720454ab54fd261efac9fa1,validated,True,True,completed search,configuration_states_input_bound,469.0,6350400.0,0.0073853615520282,n^2*m^2,All index combinations; includes source/terminal; no hidden asymptotic constant,Thesis Observation 4 p.18 and section 5.1 p.26; manuscript section 4.4 pp.15-16,O(n^2 m^2),,
hurricane:EP081993__EP121989:a0.5|CPS-3F,276,hurricane,EP081993__EP121989,0.5,CPS-3F,56,45,historical attempt,output/paper_v1/hurricane_final_20/slots/68/attempts/final20_68_2303304f7720454ab54fd261efac9fa1,validated,True,True,completed search,configuration_states_active_bound,469.0,2914.0,16.09471516815374,H_A*H_B,Completed single graphs; includes coupling-invalid combinations,Thesis Observation 4 p.18 and section 5.1 p.26; manuscript section 4.4 pp.15-16,O(n^2 m^2),,
hurricane:EP081993__EP121989:a0.5|CPS-3F,276,hurricane,EP081993__EP121989,0.5,CPS-3F,56,45,historical attempt,output/paper_v1/hurricane_final_20/slots/68/attempts/final20_68_2303304f7720454ab54fd261efac9fa1,validated,True,True,completed search,candidate_transition_checks,1556.0,10718.0,14.5176338869192,E_A*E_B-H_A*H_B,No duplicate single-graph entries; each product source popped once; excludes simultaneous waits,Finite derivation from solve_cps() and chain_graph(); see graph_bounds.md,O(n^2 m^2),,
hurricane:EP081993__EP121989:a0.5|CPS-3F,276,hurricane,EP081993__EP121989,0.5,CPS-3F,56,45,historical attempt,output/paper_v1/hurricane_final_20/slots/68/attempts/final20_68_2303304f7720454ab54fd261efac9fa1,validated,True,True,completed search,unique_configuration_edges,,4244241.0,,"N*(N-1)/2, N=H_A*H_B",Product graph not materialized; no observed unique-edge count; strict forward topological order,Finite DAG counting derivation; not a transition-check measurement,O(n^2 m^2),Counter unavailable or phase not reached; historical runs not rerun,
hurricane:EP081993__EP121989:a0.5|CPS-3F,276,hurricane,EP081993__EP121989,0.5,CPS-3F,56,45,historical attempt,output/paper_v1/hurricane_final_20/slots/68/attempts/final20_68_2303304f7720454ab54fd261efac9fa1,validated,True,True,completed search,dynamic_programming_labels,,163184.0,,n*H_A*H_B,At most n distinct A-hop counts per state; labels not instrumented,Thesis section5.1; manuscript section4.4; solve_cps values dictionaries,O(n^2 m^2),Counter unavailable or phase not reached; historical runs not rerun,
hurricane:EP032006__EP201992:a0.5|CPS-2F,278,hurricane,EP032006__EP201992,0.5,CPS-2F,27,69,historical attempt,output/paper_v1/hurricane_final_20/slots/70/attempts/final20_70_20db140a05394c369c27539bd6baa588,validated,True,True,completed search,auxiliary_A,52.0,1404.0,3.703703703703704,2 k(k-1),Interior curve-parameter intersections; CPS-3F percentage not applicable,Thesis Observation 4 p.18 and section 5.1 p.26; manuscript section 4.4 pp.15-16,O(n^3 m^3),,
hurricane:EP032006__EP201992:a0.5|CPS-2F,278,hurricane,EP032006__EP201992,0.5,CPS-2F,27,69,historical attempt,output/paper_v1/hurricane_final_20/slots/70/attempts/final20_70_20db140a05394c369c27539bd6baa588,validated,True,True,completed search,single_dense_A,2133.0,38637.0,5.520614954577218,k*(k+2k(k-1)),"Dense indexing slots, not valid vertices",Thesis Observation 4 p.18 and section 5.1 p.26; manuscript section 4.4 pp.15-16,O(n^3 m^3),,
hurricane:EP032006__EP201992:a0.5|CPS-2F,278,hurricane,EP032006__EP201992,0.5,CPS-2F,27,69,historical attempt,output/paper_v1/hurricane_final_20/slots/70/attempts/final20_70_20db140a05394c369c27539bd6baa588,validated,True,True,completed search,single_active_A,101.0,2133.0,4.735114861697141,k*(k+a),Anchored source/terminal included; single-graph construction complete,Thesis Observation 4 p.18 and section 5.1 p.26; manuscript section 4.4 pp.15-16,O(n^3 m^3),,
hurricane:EP032006__EP201992:a0.5|CPS-2F,278,hurricane,EP032006__EP201992,0.5,CPS-2F,27,69,historical attempt,output/paper_v1/hurricane_final_20/slots/70/attempts/final20_70_20db140a05394c369c27539bd6baa588,validated,True,True,completed search,single_edges_with_waits_A,4807.0,5151.0,93.32168510968744,H*(H+1)/2,Unique forward transitions plus exactly H waits; completed graph,Finite derivation from chain_graph() enumeration and pruning,O(n^3 m^3),,
hurricane:EP032006__EP201992:a0.5|CPS-2F,278,hurricane,EP032006__EP201992,0.5,CPS-2F,27,69,historical attempt,output/paper_v1/hurricane_final_20/slots/70/attempts/final20_70_20db140a05394c369c27539bd6baa588,validated,True,True,completed search,auxiliary_B,140.0,9384.0,1.4919011082693947,2 k(k-1),Interior curve-parameter intersections; CPS-3F percentage not applicable,Thesis Observation 4 p.18 and section 5.1 p.26; manuscript section 4.4 pp.15-16,O(n^3 m^3),,
hurricane:EP032006__EP201992:a0.5|CPS-2F,278,hurricane,EP032006__EP201992,0.5,CPS-2F,27,69,historical attempt,output/paper_v1/hurricane_final_20/slots/70/attempts/final20_70_20db140a05394c369c27539bd6baa588,validated,True,True,completed search,single_dense_B,14421.0,652257.0,2.2109383264572093,k*(k+2k(k-1)),"Dense indexing slots, not valid vertices",Thesis Observation 4 p.18 and section 5.1 p.26; manuscript section 4.4 pp.15-16,O(n^3 m^3),,
hurricane:EP032006__EP201992:a0.5|CPS-2F,278,hurricane,EP032006__EP201992,0.5,CPS-2F,27,69,historical attempt,output/paper_v1/hurricane_final_20/slots/70/attempts/final20_70_20db140a05394c369c27539bd6baa588,validated,True,True,completed search,single_active_B,360.0,14421.0,2.49635947576451,k*(k+a),Anchored source/terminal included; single-graph construction complete,Thesis Observation 4 p.18 and section 5.1 p.26; manuscript section 4.4 pp.15-16,O(n^3 m^3),,
hurricane:EP032006__EP201992:a0.5|CPS-2F,278,hurricane,EP032006__EP201992,0.5,CPS-2F,27,69,historical attempt,output/paper_v1/hurricane_final_20/slots/70/attempts/final20_70_20db140a05394c369c27539bd6baa588,validated,True,True,completed search,single_edges_with_waits_B,15710.0,64980.0,24.17666974453678,H*(H+1)/2,Unique forward transitions plus exactly H waits; completed graph,Finite derivation from chain_graph() enumeration and pruning,O(n^3 m^3),,
hurricane:EP032006__EP201992:a0.5|CPS-2F,278,hurricane,EP032006__EP201992,0.5,CPS-2F,27,69,historical attempt,output/paper_v1/hurricane_final_20/slots/70/attempts/final20_70_20db140a05394c369c27539bd6baa588,validated,True,True,completed search,configuration_states_input_bound,10730.0,25201253709.0,4.2577246846128325e-05,n*m*(n+2n(n-1))*(m+2m(m-1)),All index combinations; includes source/terminal; no hidden asymptotic constant,Thesis Observation 4 p.18 and section 5.1 p.26; manuscript section 4.4 pp.15-16,O(n^3 m^3),,
hurricane:EP032006__EP201992:a0.5|CPS-2F,278,hurricane,EP032006__EP201992,0.5,CPS-2F,27,69,historical attempt,output/paper_v1/hurricane_final_20/slots/70/attempts/final20_70_20db140a05394c369c27539bd6baa588,validated,True,True,completed search,configuration_states_extended_bound,10730.0,30759993.0,0.0348829728277246,n*m*(n+aA)*(m+aB),Actual extended-curve sizes; all index combinations,Thesis Observation 4 p.18 and section 5.1 p.26; manuscript section 4.4 pp.15-16,O(n^3 m^3),,
hurricane:EP032006__EP201992:a0.5|CPS-2F,278,hurricane,EP032006__EP201992,0.5,CPS-2F,27,69,historical attempt,output/paper_v1/hurricane_final_20/slots/70/attempts/final20_70_20db140a05394c369c27539bd6baa588,validated,True,True,completed search,configuration_states_active_bound,10730.0,36360.0,29.51045104510451,H_A*H_B,Completed single graphs; includes coupling-invalid combinations,Thesis Observation 4 p.18 and section 5.1 p.26; manuscript section 4.4 pp.15-16,O(n^3 m^3),,
hurricane:EP032006__EP201992:a0.5|CPS-2F,278,hurricane,EP032006__EP201992,0.5,CPS-2F,27,69,historical attempt,output/paper_v1/hurricane_final_20/slots/70/attempts/final20_70_20db140a05394c369c27539bd6baa588,validated,True,True,completed search,candidate_transition_checks,13139250.0,75481610.0,17.40722011626408,E_A*E_B-H_A*H_B,No duplicate single-graph entries; each product source popped once; excludes simultaneous waits,Finite derivation from solve_cps() and chain_graph(); see graph_bounds.md,O(n^3 m^3),,
hurricane:EP032006__EP201992:a0.5|CPS-2F,278,hurricane,EP032006__EP201992,0.5,CPS-2F,27,69,historical attempt,output/paper_v1/hurricane_final_20/slots/70/attempts/final20_70_20db140a05394c369c27539bd6baa588,validated,True,True,completed search,unique_configuration_edges,,661006620.0,,"N*(N-1)/2, N=H_A*H_B",Product graph not materialized; no observed unique-edge count; strict forward topological order,Finite DAG counting derivation; not a transition-check measurement,O(n^3 m^3),Counter unavailable or phase not reached; historical runs not rerun,
hurricane:EP032006__EP201992:a0.5|CPS-2F,278,hurricane,EP032006__EP201992,0.5,CPS-2F,27,69,historical attempt,output/paper_v1/hurricane_final_20/slots/70/attempts/final20_70_20db140a05394c369c27539bd6baa588,validated,True,True,completed search,dynamic_programming_labels,,981720.0,,n*H_A*H_B,At most n distinct A-hop counts per state; labels not instrumented,Thesis section5.1; manuscript section4.4; solve_cps values dictionaries,O(n^3 m^3),Counter unavailable or phase not reached; historical runs not rerun,
hurricane:EP032006__EP201992:a0.5|CPS-3F,279,hurricane,EP032006__EP201992,0.5,CPS-3F,27,69,historical attempt,output/paper_v1/hurricane_final_20/slots/71/attempts/final20_71_4d535e933a604b2e9ccbe57363192e3c,validated,True,True,completed search,auxiliary_A,0.0,0.0,,0 (no auxiliary locations),Interior curve-parameter intersections; CPS-3F percentage not applicable,Thesis Observation 4 p.18 and section 5.1 p.26; manuscript section 4.4 pp.15-16,O(n^2 m^2),,Zero/non-applicable bound
hurricane:EP032006__EP201992:a0.5|CPS-3F,279,hurricane,EP032006__EP201992,0.5,CPS-3F,27,69,historical attempt,output/paper_v1/hurricane_final_20/slots/71/attempts/final20_71_4d535e933a604b2e9ccbe57363192e3c,validated,True,True,completed search,single_dense_A,729.0,729.0,100.0,k^2,"Dense indexing slots, not valid vertices",Thesis Observation 4 p.18 and section 5.1 p.26; manuscript section 4.4 pp.15-16,O(n^2 m^2),,
hurricane:EP032006__EP201992:a0.5|CPS-3F,279,hurricane,EP032006__EP201992,0.5,CPS-3F,27,69,historical attempt,output/paper_v1/hurricane_final_20/slots/71/attempts/final20_71_4d535e933a604b2e9ccbe57363192e3c,validated,True,True,completed search,single_active_A,27.0,729.0,3.703703703703704,k*(k+a),Anchored source/terminal included; single-graph construction complete,Thesis Observation 4 p.18 and section 5.1 p.26; manuscript section 4.4 pp.15-16,O(n^2 m^2),,
hurricane:EP032006__EP201992:a0.5|CPS-3F,279,hurricane,EP032006__EP201992,0.5,CPS-3F,27,69,historical attempt,output/paper_v1/hurricane_final_20/slots/71/attempts/final20_71_4d535e933a604b2e9ccbe57363192e3c,validated,True,True,completed search,single_edges_with_waits_A,53.0,378.0,14.02116402116402,H*(H+1)/2,Unique forward transitions plus exactly H waits; completed graph,Finite derivation from chain_graph() enumeration and pruning,O(n^2 m^2),,
hurricane:EP032006__EP201992:a0.5|CPS-3F,279,hurricane,EP032006__EP201992,0.5,CPS-3F,27,69,historical attempt,output/paper_v1/hurricane_final_20/slots/71/attempts/final20_71_4d535e933a604b2e9ccbe57363192e3c,validated,True,True,completed search,auxiliary_B,0.0,0.0,,0 (no auxiliary locations),Interior curve-parameter intersections; CPS-3F percentage not applicable,Thesis Observation 4 p.18 and section 5.1 p.26; manuscript section 4.4 pp.15-16,O(n^2 m^2),,Zero/non-applicable bound
hurricane:EP032006__EP201992:a0.5|CPS-3F,279,hurricane,EP032006__EP201992,0.5,CPS-3F,27,69,historical attempt,output/paper_v1/hurricane_final_20/slots/71/attempts/final20_71_4d535e933a604b2e9ccbe57363192e3c,validated,True,True,completed search,single_dense_B,4761.0,4761.0,100.0,k^2,"Dense indexing slots, not valid vertices",Thesis Observation 4 p.18 and section 5.1 p.26; manuscript section 4.4 pp.15-16,O(n^2 m^2),,
hurricane:EP032006__EP201992:a0.5|CPS-3F,279,hurricane,EP032006__EP201992,0.5,CPS-3F,27,69,historical attempt,output/paper_v1/hurricane_final_20/slots/71/attempts/final20_71_4d535e933a604b2e9ccbe57363192e3c,validated,True,True,completed search,single_active_B,101.0,4761.0,2.121403066582651,k*(k+a),Anchored source/terminal included; single-graph construction complete,Thesis Observation 4 p.18 and section 5.1 p.26; manuscript section 4.4 pp.15-16,O(n^2 m^2),,
hurricane:EP032006__EP201992:a0.5|CPS-3F,279,hurricane,EP032006__EP201992,0.5,CPS-3F,27,69,historical attempt,output/paper_v1/hurricane_final_20/slots/71/attempts/final20_71_4d535e933a604b2e9ccbe57363192e3c,validated,True,True,completed search,single_edges_with_waits_B,300.0,5151.0,5.824111822947001,H*(H+1)/2,Unique forward transitions plus exactly H waits; completed graph,Finite derivation from chain_graph() enumeration and pruning,O(n^2 m^2),,
hurricane:EP032006__EP201992:a0.5|CPS-3F,279,hurricane,EP032006__EP201992,0.5,CPS-3F,27,69,historical attempt,output/paper_v1/hurricane_final_20/slots/71/attempts/final20_71_4d535e933a604b2e9ccbe57363192e3c,validated,True,True,completed search,configuration_states_input_bound,827.0,3470769.0,0.0238275725062659,n^2*m^2,All index combinations; includes source/terminal; no hidden asymptotic constant,Thesis Observation 4 p.18 and section 5.1 p.26; manuscript section 4.4 pp.15-16,O(n^2 m^2),,
hurricane:EP032006__EP201992:a0.5|CPS-3F,279,hurricane,EP032006__EP201992,0.5,CPS-3F,27,69,historical attempt,output/paper_v1/hurricane_final_20/slots/71/attempts/final20_71_4d535e933a604b2e9ccbe57363192e3c,validated,True,True,completed search,configuration_states_active_bound,827.0,2727.0,30.326365969930325,H_A*H_B,Completed single graphs; includes coupling-invalid combinations,Thesis Observation 4 p.18 and section 5.1 p.26; manuscript section 4.4 pp.15-16,O(n^2 m^2),,
hurricane:EP032006__EP201992:a0.5|CPS-3F,279,hurricane,EP032006__EP201992,0.5,CPS-3F,27,69,historical attempt,output/paper_v1/hurricane_final_20/slots/71/attempts/final20_71_4d535e933a604b2e9ccbe57363192e3c,validated,True,True,completed search,candidate_transition_checks,3845.0,13173.0,29.18849161162985,E_A*E_B-H_A*H_B,No duplicate single-graph entries; each product source popped once; excludes simultaneous waits,Finite derivation from solve_cps() and chain_graph(); see graph_bounds.md,O(n^2 m^2),,
hurricane:EP032006__EP201992:a0.5|CPS-3F,279,hurricane,EP032006__EP201992,0.5,CPS-3F,27,69,historical attempt,output/paper_v1/hurricane_final_20/slots/71/attempts/final20_71_4d535e933a604b2e9ccbe57363192e3c,validated,True,True,completed search,unique_configuration_edges,,3716901.0,,"N*(N-1)/2, N=H_A*H_B",Product graph not materialized; no observed unique-edge count; strict forward topological order,Finite DAG counting derivation; not a transition-check measurement,O(n^2 m^2),Counter unavailable or phase not reached; historical runs not rerun,
hurricane:EP032006__EP201992:a0.5|CPS-3F,279,hurricane,EP032006__EP201992,0.5,CPS-3F,27,69,historical attempt,output/paper_v1/hurricane_final_20/slots/71/attempts/final20_71_4d535e933a604b2e9ccbe57363192e3c,validated,True,True,completed search,dynamic_programming_labels,,73629.0,,n*H_A*H_B,At most n distinct A-hop counts per state; labels not instrumented,Thesis section5.1; manuscript section4.4; solve_cps values dictionaries,O(n^2 m^2),Counter unavailable or phase not reached; historical runs not rerun,
hurricane:AL022011__AL071977:a0.5|CPS-2F,281,hurricane,AL022011__AL071977,0.5,CPS-2F,29,27,historical attempt,output/paper_v1/hurricane_final_20/slots/73/attempts/final20_73_b1dda7d0a6b44fad905cf9786dcf9244,validated,True,True,completed search,auxiliary_A,56.0,1624.0,3.4482758620689653,2 k(k-1),Interior curve-parameter intersections; CPS-3F percentage not applicable,Thesis Observation 4 p.18 and section 5.1 p.26; manuscript section 4.4 pp.15-16,O(n^3 m^3),,
hurricane:AL022011__AL071977:a0.5|CPS-2F,281,hurricane,AL022011__AL071977,0.5,CPS-2F,29,27,historical attempt,output/paper_v1/hurricane_final_20/slots/73/attempts/final20_73_b1dda7d0a6b44fad905cf9786dcf9244,validated,True,True,completed search,single_dense_A,2465.0,47937.0,5.142165759225651,k*(k+2k(k-1)),"Dense indexing slots, not valid vertices",Thesis Observation 4 p.18 and section 5.1 p.26; manuscript section 4.4 pp.15-16,O(n^3 m^3),,
hurricane:AL022011__AL071977:a0.5|CPS-2F,281,hurricane,AL022011__AL071977,0.5,CPS-2F,29,27,historical attempt,output/paper_v1/hurricane_final_20/slots/73/attempts/final20_73_b1dda7d0a6b44fad905cf9786dcf9244,validated,True,True,completed search,single_active_A,137.0,2465.0,5.557809330628803,k*(k+a),Anchored source/terminal included; single-graph construction complete,Thesis Observation 4 p.18 and section 5.1 p.26; manuscript section 4.4 pp.15-16,O(n^3 m^3),,
hurricane:AL022011__AL071977:a0.5|CPS-2F,281,hurricane,AL022011__AL071977,0.5,CPS-2F,29,27,historical attempt,output/paper_v1/hurricane_final_20/slots/73/attempts/final20_73_b1dda7d0a6b44fad905cf9786dcf9244,validated,True,True,completed search,single_edges_with_waits_A,5028.0,9453.0,53.189463662329416,H*(H+1)/2,Unique forward transitions plus exactly H waits; completed graph,Finite derivation from chain_graph() enumeration and pruning,O(n^3 m^3),,
hurricane:AL022011__AL071977:a0.5|CPS-2F,281,hurricane,AL022011__AL071977,0.5,CPS-2F,29,27,historical attempt,output/paper_v1/hurricane_final_20/slots/73/attempts/final20_73_b1dda7d0a6b44fad905cf9786dcf9244,validated,True,True,completed search,auxiliary_B,56.0,1404.0,3.988603988603989,2 k(k-1),Interior curve-parameter intersections; CPS-3F percentage not applicable,Thesis Observation 4 p.18 and section 5.1 p.26; manuscript section 4.4 pp.15-16,O(n^3 m^3),,
hurricane:AL022011__AL071977:a0.5|CPS-2F,281,hurricane,AL022011__AL071977,0.5,CPS-2F,29,27,historical attempt,output/paper_v1/hurricane_final_20/slots/73/attempts/final20_73_b1dda7d0a6b44fad905cf9786dcf9244,validated,True,True,completed search,single_dense_B,2241.0,38637.0,5.800139762403913,k*(k+2k(k-1)),"Dense indexing slots, not valid vertices",Thesis Observation 4 p.18 and section 5.1 p.26; manuscript section 4.4 pp.15-16,O(n^3 m^3),,
hurricane:AL022011__AL071977:a0.5|CPS-2F,281,hurricane,AL022011__AL071977,0.5,CPS-2F,29,27,historical attempt,output/paper_v1/hurricane_final_20/slots/73/attempts/final20_73_b1dda7d0a6b44fad905cf9786dcf9244,validated,True,True,completed search,single_active_B,128.0,2241.0,5.71173583221776,k*(k+a),Anchored source/terminal included; single-graph construction complete,Thesis Observation 4 p.18 and section 5.1 p.26; manuscript section 4.4 pp.15-16,O(n^3 m^3),,
hurricane:AL022011__AL071977:a0.5|CPS-2F,281,hurricane,AL022011__AL071977,0.5,CPS-2F,29,27,historical attempt,output/paper_v1/hurricane_final_20/slots/73/attempts/final20_73_b1dda7d0a6b44fad905cf9786dcf9244,validated,True,True,completed search,single_edges_with_waits_B,3445.0,8256.0,41.72722868217054,H*(H+1)/2,Unique forward transitions plus exactly H waits; completed graph,Finite derivation from chain_graph() enumeration and pruning,O(n^3 m^3),,
hurricane:AL022011__AL071977:a0.5|CPS-2F,281,hurricane,AL022011__AL071977,0.5,CPS-2F,29,27,historical attempt,output/paper_v1/hurricane_final_20/slots/73/attempts/final20_73_b1dda7d0a6b44fad905cf9786dcf9244,validated,True,True,completed search,configuration_states_input_bound,5112.0,1852141869.0,0.0002760047750964,n*m*(n+2n(n-1))*(m+2m(m-1)),All index combinations; includes source/terminal; no hidden asymptotic constant,Thesis Observation 4 p.18 and section 5.1 p.26; manuscript section 4.4 pp.15-16,O(n^3 m^3),,
hurricane:AL022011__AL071977:a0.5|CPS-2F,281,hurricane,AL022011__AL071977,0.5,CPS-2F,29,27,historical attempt,output/paper_v1/hurricane_final_20/slots/73/attempts/final20_73_b1dda7d0a6b44fad905cf9786dcf9244,validated,True,True,completed search,configuration_states_extended_bound,5112.0,5524065.0,0.092540547585881,n*m*(n+aA)*(m+aB),Actual extended-curve sizes; all index combinations,Thesis Observation 4 p.18 and section 5.1 p.26; manuscript section 4.4 pp.15-16,O(n^3 m^3),,
hurricane:AL022011__AL071977:a0.5|CPS-2F,281,hurricane,AL022011__AL071977,0.5,CPS-2F,29,27,historical attempt,output/paper_v1/hurricane_final_20/slots/73/attempts/final20_73_b1dda7d0a6b44fad905cf9786dcf9244,validated,True,True,completed search,configuration_states_active_bound,5112.0,17536.0,29.1514598540146,H_A*H_B,Completed single graphs; includes coupling-invalid combinations,Thesis Observation 4 p.18 and section 5.1 p.26; manuscript section 4.4 pp.15-16,O(n^3 m^3),,
hurricane:AL022011__AL071977:a0.5|CPS-2F,281,hurricane,AL022011__AL071977,0.5,CPS-2F,29,27,historical attempt,output/paper_v1/hurricane_final_20/slots/73/attempts/final20_73_b1dda7d0a6b44fad905cf9786dcf9244,validated,True,True,completed search,candidate_transition_checks,3389373.0,17303924.0,19.58730863589091,E_A*E_B-H_A*H_B,No duplicate single-graph entries; each product source popped once; excludes simultaneous waits,Finite derivation from solve_cps() and chain_graph(); see graph_bounds.md,O(n^3 m^3),,
hurricane:AL022011__AL071977:a0.5|CPS-2F,281,hurricane,AL022011__AL071977,0.5,CPS-2F,29,27,historical attempt,output/paper_v1/hurricane_final_20/slots/73/attempts/final20_73_b1dda7d0a6b44fad905cf9786dcf9244,validated,True,True,completed search,unique_configuration_edges,,153746880.0,,"N*(N-1)/2, N=H_A*H_B",Product graph not materialized; no observed unique-edge count; strict forward topological order,Finite DAG counting derivation; not a transition-check measurement,O(n^3 m^3),Counter unavailable or phase not reached; historical runs not rerun,
hurricane:AL022011__AL071977:a0.5|CPS-2F,281,hurricane,AL022011__AL071977,0.5,CPS-2F,29,27,historical attempt,output/paper_v1/hurricane_final_20/slots/73/attempts/final20_73_b1dda7d0a6b44fad905cf9786dcf9244,validated,True,True,completed search,dynamic_programming_labels,,508544.0,,n*H_A*H_B,At most n distinct A-hop counts per state; labels not instrumented,Thesis section5.1; manuscript section4.4; solve_cps values dictionaries,O(n^3 m^3),Counter unavailable or phase not reached; historical runs not rerun,
hurricane:AL022011__AL071977:a0.5|CPS-3F,282,hurricane,AL022011__AL071977,0.5,CPS-3F,29,27,historical attempt,output/paper_v1/hurricane_final_20/slots/74/attempts/final20_74_ee94d0d551c84e2781b4167a658e706c,validated,True,True,completed search,auxiliary_A,0.0,0.0,,0 (no auxiliary locations),Interior curve-parameter intersections; CPS-3F percentage not applicable,Thesis Observation 4 p.18 and section 5.1 p.26; manuscript section 4.4 pp.15-16,O(n^2 m^2),,Zero/non-applicable bound
hurricane:AL022011__AL071977:a0.5|CPS-3F,282,hurricane,AL022011__AL071977,0.5,CPS-3F,29,27,historical attempt,output/paper_v1/hurricane_final_20/slots/74/attempts/final20_74_ee94d0d551c84e2781b4167a658e706c,validated,True,True,completed search,single_dense_A,841.0,841.0,100.0,k^2,"Dense indexing slots, not valid vertices",Thesis Observation 4 p.18 and section 5.1 p.26; manuscript section 4.4 pp.15-16,O(n^2 m^2),,
hurricane:AL022011__AL071977:a0.5|CPS-3F,282,hurricane,AL022011__AL071977,0.5,CPS-3F,29,27,historical attempt,output/paper_v1/hurricane_final_20/slots/74/attempts/final20_74_ee94d0d551c84e2781b4167a658e706c,validated,True,True,completed search,single_active_A,33.0,841.0,3.923900118906064,k*(k+a),Anchored source/terminal included; single-graph construction complete,Thesis Observation 4 p.18 and section 5.1 p.26; manuscript section 4.4 pp.15-16,O(n^2 m^2),,
hurricane:AL022011__AL071977:a0.5|CPS-3F,282,hurricane,AL022011__AL071977,0.5,CPS-3F,29,27,historical attempt,output/paper_v1/hurricane_final_20/slots/74/attempts/final20_74_ee94d0d551c84e2781b4167a658e706c,validated,True,True,completed search,single_edges_with_waits_A,76.0,561.0,13.54723707664884,H*(H+1)/2,Unique forward transitions plus exactly H waits; completed graph,Finite derivation from chain_graph() enumeration and pruning,O(n^2 m^2),,
hurricane:AL022011__AL071977:a0.5|CPS-3F,282,hurricane,AL022011__AL071977,0.5,CPS-3F,29,27,historical attempt,output/paper_v1/hurricane_final_20/slots/74/attempts/final20_74_ee94d0d551c84e2781b4167a658e706c,validated,True,True,completed search,auxiliary_B,0.0,0.0,,0 (no auxiliary locations),Interior curve-parameter intersections; CPS-3F percentage not applicable,Thesis Observation 4 p.18 and section 5.1 p.26; manuscript section 4.4 pp.15-16,O(n^2 m^2),,Zero/non-applicable bound
hurricane:AL022011__AL071977:a0.5|CPS-3F,282,hurricane,AL022011__AL071977,0.5,CPS-3F,29,27,historical attempt,output/paper_v1/hurricane_final_20/slots/74/attempts/final20_74_ee94d0d551c84e2781b4167a658e706c,validated,True,True,completed search,single_dense_B,729.0,729.0,100.0,k^2,"Dense indexing slots, not valid vertices",Thesis Observation 4 p.18 and section 5.1 p.26; manuscript section 4.4 pp.15-16,O(n^2 m^2),,
hurricane:AL022011__AL071977:a0.5|CPS-3F,282,hurricane,AL022011__AL071977,0.5,CPS-3F,29,27,historical attempt,output/paper_v1/hurricane_final_20/slots/74/attempts/final20_74_ee94d0d551c84e2781b4167a658e706c,validated,True,True,completed search,single_active_B,31.0,729.0,4.252400548696845,k*(k+a),Anchored source/terminal included; single-graph construction complete,Thesis Observation 4 p.18 and section 5.1 p.26; manuscript section 4.4 pp.15-16,O(n^2 m^2),,
hurricane:AL022011__AL071977:a0.5|CPS-3F,282,hurricane,AL022011__AL071977,0.5,CPS-3F,29,27,historical attempt,output/paper_v1/hurricane_final_20/slots/74/attempts/final20_74_ee94d0d551c84e2781b4167a658e706c,validated,True,True,completed search,single_edges_with_waits_B,72.0,496.0,14.516129032258064,H*(H+1)/2,Unique forward transitions plus exactly H waits; completed graph,Finite derivation from chain_graph() enumeration and pruning,O(n^2 m^2),,
hurricane:AL022011__AL071977:a0.5|CPS-3F,282,hurricane,AL022011__AL071977,0.5,CPS-3F,29,27,historical attempt,output/paper_v1/hurricane_final_20/slots/74/attempts/final20_74_ee94d0d551c84e2781b4167a658e706c,validated,True,True,completed search,configuration_states_input_bound,284.0,613089.0,0.0463228014203484,n^2*m^2,All index combinations; includes source/terminal; no hidden asymptotic constant,Thesis Observation 4 p.18 and section 5.1 p.26; manuscript section 4.4 pp.15-16,O(n^2 m^2),,
hurricane:AL022011__AL071977:a0.5|CPS-3F,282,hurricane,AL022011__AL071977,0.5,CPS-3F,29,27,historical attempt,output/paper_v1/hurricane_final_20/slots/74/attempts/final20_74_ee94d0d551c84e2781b4167a658e706c,validated,True,True,completed search,configuration_states_active_bound,284.0,1023.0,27.761485826001955,H_A*H_B,Completed single graphs; includes coupling-invalid combinations,Thesis Observation 4 p.18 and section 5.1 p.26; manuscript section 4.4 pp.15-16,O(n^2 m^2),,
hurricane:AL022011__AL071977:a0.5|CPS-3F,282,hurricane,AL022011__AL071977,0.5,CPS-3F,29,27,historical attempt,output/paper_v1/hurricane_final_20/slots/74/attempts/final20_74_ee94d0d551c84e2781b4167a658e706c,validated,True,True,completed search,candidate_transition_checks,833.0,4449.0,18.723308608676103,E_A*E_B-H_A*H_B,No duplicate single-graph entries; each product source popped once; excludes simultaneous waits,Finite derivation from solve_cps() and chain_graph(); see graph_bounds.md,O(n^2 m^2),,
hurricane:AL022011__AL071977:a0.5|CPS-3F,282,hurricane,AL022011__AL071977,0.5,CPS-3F,29,27,historical attempt,output/paper_v1/hurricane_final_20/slots/74/attempts/final20_74_ee94d0d551c84e2781b4167a658e706c,validated,True,True,completed search,unique_configuration_edges,,522753.0,,"N*(N-1)/2, N=H_A*H_B",Product graph not materialized; no observed unique-edge count; strict forward topological order,Finite DAG counting derivation; not a transition-check measurement,O(n^2 m^2),Counter unavailable or phase not reached; historical runs not rerun,
hurricane:AL022011__AL071977:a0.5|CPS-3F,282,hurricane,AL022011__AL071977,0.5,CPS-3F,29,27,historical attempt,output/paper_v1/hurricane_final_20/slots/74/attempts/final20_74_ee94d0d551c84e2781b4167a658e706c,validated,True,True,completed search,dynamic_programming_labels,,29667.0,,n*H_A*H_B,At most n distinct A-hop counts per state; labels not instrumented,Thesis section5.1; manuscript section4.4; solve_cps values dictionaries,O(n^2 m^2),Counter unavailable or phase not reached; historical runs not rerun,
hurricane:EP101972__EP141967:a0.5|CPS-3F,285,hurricane,EP101972__EP141967,0.5,CPS-3F,29,37,historical attempt,output/paper_v1/hurricane_final_20/slots/77/attempts/final20_77_dbc630bc997a4eac921ad233c09583b2,validated,True,True,completed search,auxiliary_A,0.0,0.0,,0 (no auxiliary locations),Interior curve-parameter intersections; CPS-3F percentage not applicable,Thesis Observation 4 p.18 and section 5.1 p.26; manuscript section 4.4 pp.15-16,O(n^2 m^2),,Zero/non-applicable bound
hurricane:EP101972__EP141967:a0.5|CPS-3F,285,hurricane,EP101972__EP141967,0.5,CPS-3F,29,37,historical attempt,output/paper_v1/hurricane_final_20/slots/77/attempts/final20_77_dbc630bc997a4eac921ad233c09583b2,validated,True,True,completed search,single_dense_A,841.0,841.0,100.0,k^2,"Dense indexing slots, not valid vertices",Thesis Observation 4 p.18 and section 5.1 p.26; manuscript section 4.4 pp.15-16,O(n^2 m^2),,
hurricane:EP101972__EP141967:a0.5|CPS-3F,285,hurricane,EP101972__EP141967,0.5,CPS-3F,29,37,historical attempt,output/paper_v1/hurricane_final_20/slots/77/attempts/final20_77_dbc630bc997a4eac921ad233c09583b2,validated,True,True,completed search,single_active_A,31.0,841.0,3.686087990487515,k*(k+a),Anchored source/terminal included; single-graph construction complete,Thesis Observation 4 p.18 and section 5.1 p.26; manuscript section 4.4 pp.15-16,O(n^2 m^2),,
hurricane:EP101972__EP141967:a0.5|CPS-3F,285,hurricane,EP101972__EP141967,0.5,CPS-3F,29,37,historical attempt,output/paper_v1/hurricane_final_20/slots/77/attempts/final20_77_dbc630bc997a4eac921ad233c09583b2,validated,True,True,completed search,single_edges_with_waits_A,65.0,496.0,13.10483870967742,H*(H+1)/2,Unique forward transitions plus exactly H waits; completed graph,Finite derivation from chain_graph() enumeration and pruning,O(n^2 m^2),,
hurricane:EP101972__EP141967:a0.5|CPS-3F,285,hurricane,EP101972__EP141967,0.5,CPS-3F,29,37,historical attempt,output/paper_v1/hurricane_final_20/slots/77/attempts/final20_77_dbc630bc997a4eac921ad233c09583b2,validated,True,True,completed search,auxiliary_B,0.0,0.0,,0 (no auxiliary locations),Interior curve-parameter intersections; CPS-3F percentage not applicable,Thesis Observation 4 p.18 and section 5.1 p.26; manuscript section 4.4 pp.15-16,O(n^2 m^2),,Zero/non-applicable bound
hurricane:EP101972__EP141967:a0.5|CPS-3F,285,hurricane,EP101972__EP141967,0.5,CPS-3F,29,37,historical attempt,output/paper_v1/hurricane_final_20/slots/77/attempts/final20_77_dbc630bc997a4eac921ad233c09583b2,validated,True,True,completed search,single_dense_B,1369.0,1369.0,100.0,k^2,"Dense indexing slots, not valid vertices",Thesis Observation 4 p.18 and section 5.1 p.26; manuscript section 4.4 pp.15-16,O(n^2 m^2),,
hurricane:EP101972__EP141967:a0.5|CPS-3F,285,hurricane,EP101972__EP141967,0.5,CPS-3F,29,37,historical attempt,output/paper_v1/hurricane_final_20/slots/77/attempts/final20_77_dbc630bc997a4eac921ad233c09583b2,validated,True,True,completed search,single_active_B,49.0,1369.0,3.579254930606282,k*(k+a),Anchored source/terminal included; single-graph construction complete,Thesis Observation 4 p.18 and section 5.1 p.26; manuscript section 4.4 pp.15-16,O(n^2 m^2),,
hurricane:EP101972__EP141967:a0.5|CPS-3F,285,hurricane,EP101972__EP141967,0.5,CPS-3F,29,37,historical attempt,output/paper_v1/hurricane_final_20/slots/77/attempts/final20_77_dbc630bc997a4eac921ad233c09583b2,validated,True,True,completed search,single_edges_with_waits_B,137.0,1225.0,11.183673469387756,H*(H+1)/2,Unique forward transitions plus exactly H waits; completed graph,Finite derivation from chain_graph() enumeration and pruning,O(n^2 m^2),,
hurricane:EP101972__EP141967:a0.5|CPS-3F,285,hurricane,EP101972__EP141967,0.5,CPS-3F,29,37,historical attempt,output/paper_v1/hurricane_final_20/slots/77/attempts/final20_77_dbc630bc997a4eac921ad233c09583b2,validated,True,True,completed search,configuration_states_input_bound,519.0,1151329.0,0.0450783399011055,n^2*m^2,All index combinations; includes source/terminal; no hidden asymptotic constant,Thesis Observation 4 p.18 and section 5.1 p.26; manuscript section 4.4 pp.15-16,O(n^2 m^2),,
hurricane:EP101972__EP141967:a0.5|CPS-3F,285,hurricane,EP101972__EP141967,0.5,CPS-3F,29,37,historical attempt,output/paper_v1/hurricane_final_20/slots/77/attempts/final20_77_dbc630bc997a4eac921ad233c09583b2,validated,True,True,completed search,configuration_states_active_bound,519.0,1519.0,34.167215273206054,H_A*H_B,Completed single graphs; includes coupling-invalid combinations,Thesis Observation 4 p.18 and section 5.1 p.26; manuscript section 4.4 pp.15-16,O(n^2 m^2),,
hurricane:EP101972__EP141967:a0.5|CPS-3F,285,hurricane,EP101972__EP141967,0.5,CPS-3F,29,37,historical attempt,output/paper_v1/hurricane_final_20/slots/77/attempts/final20_77_dbc630bc997a4eac921ad233c09583b2,validated,True,True,completed search,candidate_transition_checks,2565.0,7386.0,34.72786352558895,E_A*E_B-H_A*H_B,No duplicate single-graph entries; each product source popped once; excludes simultaneous waits,Finite derivation from solve_cps() and chain_graph(); see graph_bounds.md,O(n^2 m^2),,
hurricane:EP101972__EP141967:a0.5|CPS-3F,285,hurricane,EP101972__EP141967,0.5,CPS-3F,29,37,historical attempt,output/paper_v1/hurricane_final_20/slots/77/attempts/final20_77_dbc630bc997a4eac921ad233c09583b2,validated,True,True,completed search,unique_configuration_edges,,1152921.0,,"N*(N-1)/2, N=H_A*H_B",Product graph not materialized; no observed unique-edge count; strict forward topological order,Finite DAG counting derivation; not a transition-check measurement,O(n^2 m^2),Counter unavailable or phase not reached; historical runs not rerun,
hurricane:EP101972__EP141967:a0.5|CPS-3F,285,hurricane,EP101972__EP141967,0.5,CPS-3F,29,37,historical attempt,output/paper_v1/hurricane_final_20/slots/77/attempts/final20_77_dbc630bc997a4eac921ad233c09583b2,validated,True,True,completed search,dynamic_programming_labels,,44051.0,,n*H_A*H_B,At most n distinct A-hop counts per state; labels not instrumented,Thesis section5.1; manuscript section4.4; solve_cps values dictionaries,O(n^2 m^2),Counter unavailable or phase not reached; historical runs not rerun,
hurricane:EP101972__EP141967:a0.5|CPS-2F,288,hurricane,EP101972__EP141967,0.5,CPS-2F,29,37,historical attempt,output/paper_v1/hurricane_final_20/slots/80/attempts/final20_80_bf6c654f7b404c9f8617a00187e97b14,validated,True,True,completed search,auxiliary_A,56.0,1624.0,3.4482758620689653,2 k(k-1),Interior curve-parameter intersections; CPS-3F percentage not applicable,Thesis Observation 4 p.18 and section 5.1 p.26; manuscript section 4.4 pp.15-16,O(n^3 m^3),,
hurricane:EP101972__EP141967:a0.5|CPS-2F,288,hurricane,EP101972__EP141967,0.5,CPS-2F,29,37,historical attempt,output/paper_v1/hurricane_final_20/slots/80/attempts/final20_80_bf6c654f7b404c9f8617a00187e97b14,validated,True,True,completed search,single_dense_A,2465.0,47937.0,5.142165759225651,k*(k+2k(k-1)),"Dense indexing slots, not valid vertices",Thesis Observation 4 p.18 and section 5.1 p.26; manuscript section 4.4 pp.15-16,O(n^3 m^3),,
hurricane:EP101972__EP141967:a0.5|CPS-2F,288,hurricane,EP101972__EP141967,0.5,CPS-2F,29,37,historical attempt,output/paper_v1/hurricane_final_20/slots/80/attempts/final20_80_bf6c654f7b404c9f8617a00187e97b14,validated,True,True,completed search,single_active_A,121.0,2465.0,4.9087221095334685,k*(k+a),Anchored source/terminal included; single-graph construction complete,Thesis Observation 4 p.18 and section 5.1 p.26; manuscript section 4.4 pp.15-16,O(n^3 m^3),,
hurricane:EP101972__EP141967:a0.5|CPS-2F,288,hurricane,EP101972__EP141967,0.5,CPS-2F,29,37,historical attempt,output/paper_v1/hurricane_final_20/slots/80/attempts/final20_80_bf6c654f7b404c9f8617a00187e97b14,validated,True,True,completed search,single_edges_with_waits_A,3706.0,7381.0,50.20999864517003,H*(H+1)/2,Unique forward transitions plus exactly H waits; completed graph,Finite derivation from chain_graph() enumeration and pruning,O(n^3 m^3),,
hurricane:EP101972__EP141967:a0.5|CPS-2F,288,hurricane,EP101972__EP141967,0.5,CPS-2F,29,37,historical attempt,output/paper_v1/hurricane_final_20/slots/80/attempts/final20_80_bf6c654f7b404c9f8617a00187e97b14,validated,True,True,completed search,auxiliary_B,72.0,2664.0,2.702702702702702,2 k(k-1),Interior curve-parameter intersections; CPS-3F percentage not applicable,Thesis Observation 4 p.18 and section 5.1 p.26; manuscript section 4.4 pp.15-16,O(n^3 m^3),,
hurricane:EP101972__EP141967:a0.5|CPS-2F,288,hurricane,EP101972__EP141967,0.5,CPS-2F,29,37,historical attempt,output/paper_v1/hurricane_final_20/slots/80/attempts/final20_80_bf6c654f7b404c9f8617a00187e97b14,validated,True,True,completed search,single_dense_B,4033.0,99937.0,4.035542391706775,k*(k+2k(k-1)),"Dense indexing slots, not valid vertices",Thesis Observation 4 p.18 and section 5.1 p.26; manuscript section 4.4 pp.15-16,O(n^3 m^3),,
hurricane:EP101972__EP141967:a0.5|CPS-2F,288,hurricane,EP101972__EP141967,0.5,CPS-2F,29,37,historical attempt,output/paper_v1/hurricane_final_20/slots/80/attempts/final20_80_bf6c654f7b404c9f8617a00187e97b14,validated,True,True,completed search,single_active_B,181.0,4033.0,4.487974212744855,k*(k+a),Anchored source/terminal included; single-graph construction complete,Thesis Observation 4 p.18 and section 5.1 p.26; manuscript section 4.4 pp.15-16,O(n^3 m^3),,
hurricane:EP101972__EP141967:a0.5|CPS-2F,288,hurricane,EP101972__EP141967,0.5,CPS-2F,29,37,historical attempt,output/paper_v1/hurricane_final_20/slots/80/attempts/final20_80_bf6c654f7b404c9f8617a00187e97b14,validated,True,True,completed search,single_edges_with_waits_B,7517.0,16471.0,45.637787626737904,H*(H+1)/2,Unique forward transitions plus exactly H waits; completed graph,Finite derivation from chain_graph() enumeration and pruning,O(n^3 m^3),,
hurricane:EP101972__EP141967:a0.5|CPS-2F,288,hurricane,EP101972__EP141967,0.5,CPS-2F,29,37,historical attempt,output/paper_v1/hurricane_final_20/slots/80/attempts/final20_80_bf6c654f7b404c9f8617a00187e97b14,validated,True,True,completed search,configuration_states_input_bound,7735.0,4790679969.0,0.000161459334584,n*m*(n+2n(n-1))*(m+2m(m-1)),All index combinations; includes source/terminal; no hidden asymptotic constant,Thesis Observation 4 p.18 and section 5.1 p.26; manuscript section 4.4 pp.15-16,O(n^3 m^3),,
hurricane:EP101972__EP141967:a0.5|CPS-2F,288,hurricane,EP101972__EP141967,0.5,CPS-2F,29,37,historical attempt,output/paper_v1/hurricane_final_20/slots/80/attempts/final20_80_bf6c654f7b404c9f8617a00187e97b14,validated,True,True,completed search,configuration_states_extended_bound,7735.0,9941345.0,0.0778063732824884,n*m*(n+aA)*(m+aB),Actual extended-curve sizes; all index combinations,Thesis Observation 4 p.18 and section 5.1 p.26; manuscript section 4.4 pp.15-16,O(n^3 m^3),,
hurricane:EP101972__EP141967:a0.5|CPS-2F,288,hurricane,EP101972__EP141967,0.5,CPS-2F,29,37,historical attempt,output/paper_v1/hurricane_final_20/slots/80/attempts/final20_80_bf6c654f7b404c9f8617a00187e97b14,validated,True,True,completed search,configuration_states_active_bound,7735.0,21901.0,35.318022008127485,H_A*H_B,Completed single graphs; includes coupling-invalid combinations,Thesis Observation 4 p.18 and section 5.1 p.26; manuscript section 4.4 pp.15-16,O(n^3 m^3),,
hurricane:EP101972__EP141967:a0.5|CPS-2F,288,hurricane,EP101972__EP141967,0.5,CPS-2F,29,37,historical attempt,output/paper_v1/hurricane_final_20/slots/80/attempts/final20_80_bf6c654f7b404c9f8617a00187e97b14,validated,True,True,completed search,candidate_transition_checks,7193899.0,27836101.0,25.84377388198153,E_A*E_B-H_A*H_B,No duplicate single-graph entries; each product source popped once; excludes simultaneous waits,Finite derivation from solve_cps() and chain_graph(); see graph_bounds.md,O(n^3 m^3),,
hurricane:EP101972__EP141967:a0.5|CPS-2F,288,hurricane,EP101972__EP141967,0.5,CPS-2F,29,37,historical attempt,output/paper_v1/hurricane_final_20/slots/80/attempts/final20_80_bf6c654f7b404c9f8617a00187e97b14,validated,True,True,completed search,unique_configuration_edges,,239815950.0,,"N*(N-1)/2, N=H_A*H_B",Product graph not materialized; no observed unique-edge count; strict forward topological order,Finite DAG counting derivation; not a transition-check measurement,O(n^3 m^3),Counter unavailable or phase not reached; historical runs not rerun,
hurricane:EP101972__EP141967:a0.5|CPS-2F,288,hurricane,EP101972__EP141967,0.5,CPS-2F,29,37,historical attempt,output/paper_v1/hurricane_final_20/slots/80/attempts/final20_80_bf6c654f7b404c9f8617a00187e97b14,validated,True,True,completed search,dynamic_programming_labels,,635129.0,,n*H_A*H_B,At most n distinct A-hop counts per state; labels not instrumented,Thesis section5.1; manuscript section4.4; solve_cps values dictionaries,O(n^3 m^3),Counter unavailable or phase not reached; historical runs not rerun,
