domain,pair,nA,nB,units,input_file,input_sha256,delta1,delta2,delta3,eligible,blocked_reason,stratum,size_quartile,ratio_group,selection_order,plan_order,configuration_id,alpha,method,reuse_path,configuration_json
hurricane,EP092002__EP171994,26,31,projected km,output\paper_v1\hurricane_final_20\inputs\hurricane_EP092002__EP171994.npz,d9373018d366573f51130baa294c338f83ffeedf55f6b14210dc3ec268db151d,45.83754024662439,41.177371201851194,366.7686943223481,True,,Q1_balanced,1,balanced,1,1,hurricane:EP092002__EP171994:a0.5|Independent continuous,0.5,Independent continuous,,"{""domain"": ""hurricane"", ""pair"": ""EP092002__EP171994"", ""case"": ""hurricane:EP092002__EP171994:a0.5"", ""nA"": 26, ""nB"": 31, ""units"": ""projected km"", ""alpha"": 0.5, ""s_A"": 91.67508049324879, ""s_B"": 82.35474240370239, ""delta1"": 45.83754024662439, ""delta2"": 41.177371201851194, ""delta3"": 366.7686943223481, ""input_file"": ""output\\paper_v1\\hurricane_final_20\\inputs\\hurricane_EP092002__EP171994.npz"", ""method"": ""Independent continuous"", ""diagnostic"": ""final20_01"", ""certificate"": false, ""input_sha256"": ""d9373018d366573f51130baa294c338f83ffeedf55f6b14210dc3ec268db151d"", ""algorithms"": {""curve_algorithms.py"": ""85e1f6444f23091810a3042decc3e2945a273d2b83cb5da3c6b76f8b495c98e7"", ""cps_paper_algorithms.py"": ""49bca757aacc4d81c9263416c79b91da6fbb2df5358e9e4bb80d97d08802d876""}, ""graph_limits"": {""seconds"": 55.0, ""max_states"": 100000, ""max_transitions"": 20000000, ""max_chain_edges"": 800000}, ""phase_budgets"": {""startup"": 60.0, ""input_loading"": 15.0, ""warmup"": 120.0, ""solver"": 60.0, ""checkpoint"": 5.0, ""validation"": 30.0, ""optional_measurements"": 30.0, ""reporting"": 10.0}, ""memory_mib"": 512, ""configuration_id"": ""hurricane:EP092002__EP171994:a0.5|Independent continuous""}"
hurricane,EP092002__EP171994,26,31,projected km,output\paper_v1\hurricane_final_20\inputs\hurricane_EP092002__EP171994.npz,d9373018d366573f51130baa294c338f83ffeedf55f6b14210dc3ec268db151d,45.83754024662439,41.177371201851194,366.7686943223481,True,,Q1_balanced,1,balanced,1,2,hurricane:EP092002__EP171994:a0.5|Independent discrete,0.5,Independent discrete,,"{""domain"": ""hurricane"", ""pair"": ""EP092002__EP171994"", ""case"": ""hurricane:EP092002__EP171994:a0.5"", ""nA"": 26, ""nB"": 31, ""units"": ""projected km"", ""alpha"": 0.5, ""s_A"": 91.67508049324879, ""s_B"": 82.35474240370239, ""delta1"": 45.83754024662439, ""delta2"": 41.177371201851194, ""delta3"": 366.7686943223481, ""input_file"": ""output\\paper_v1\\hurricane_final_20\\inputs\\hurricane_EP092002__EP171994.npz"", ""method"": ""Independent discrete"", ""diagnostic"": ""final20_02"", ""certificate"": false, ""input_sha256"": ""d9373018d366573f51130baa294c338f83ffeedf55f6b14210dc3ec268db151d"", ""algorithms"": {""curve_algorithms.py"": ""85e1f6444f23091810a3042decc3e2945a273d2b83cb5da3c6b76f8b495c98e7"", ""cps_paper_algorithms.py"": ""49bca757aacc4d81c9263416c79b91da6fbb2df5358e9e4bb80d97d08802d876""}, ""graph_limits"": {""seconds"": 55.0, ""max_states"": 100000, ""max_transitions"": 20000000, ""max_chain_edges"": 800000}, ""phase_budgets"": {""startup"": 60.0, ""input_loading"": 15.0, ""warmup"": 120.0, ""solver"": 60.0, ""checkpoint"": 5.0, ""validation"": 30.0, ""optional_measurements"": 30.0, ""reporting"": 10.0}, ""memory_mib"": 512, ""configuration_id"": ""hurricane:EP092002__EP171994:a0.5|Independent discrete""}"
hurricane,EP092002__EP171994,26,31,projected km,output\paper_v1\hurricane_final_20\inputs\hurricane_EP092002__EP171994.npz,d9373018d366573f51130baa294c338f83ffeedf55f6b14210dc3ec268db151d,45.83754024662439,41.177371201851194,366.7686943223481,True,,Q1_balanced,1,balanced,1,3,hurricane:EP092002__EP171994:a0.5|CPS-2F,0.5,CPS-2F,,"{""domain"": ""hurricane"", ""pair"": ""EP092002__EP171994"", ""case"": ""hurricane:EP092002__EP171994:a0.5"", ""nA"": 26, ""nB"": 31, ""units"": ""projected km"", ""alpha"": 0.5, ""s_A"": 91.67508049324879, ""s_B"": 82.35474240370239, ""delta1"": 45.83754024662439, ""delta2"": 41.177371201851194, ""delta3"": 366.7686943223481, ""input_file"": ""output\\paper_v1\\hurricane_final_20\\inputs\\hurricane_EP092002__EP171994.npz"", ""method"": ""CPS-2F"", ""diagnostic"": ""final20_03"", ""certificate"": false, ""input_sha256"": ""d9373018d366573f51130baa294c338f83ffeedf55f6b14210dc3ec268db151d"", ""algorithms"": {""curve_algorithms.py"": ""85e1f6444f23091810a3042decc3e2945a273d2b83cb5da3c6b76f8b495c98e7"", ""cps_paper_algorithms.py"": ""49bca757aacc4d81c9263416c79b91da6fbb2df5358e9e4bb80d97d08802d876""}, ""graph_limits"": {""seconds"": 55.0, ""max_states"": 100000, ""max_transitions"": 20000000, ""max_chain_edges"": 800000}, ""phase_budgets"": {""startup"": 60.0, ""input_loading"": 15.0, ""warmup"": 120.0, ""solver"": 60.0, ""checkpoint"": 5.0, ""validation"": 30.0, ""optional_measurements"": 30.0, ""reporting"": 10.0}, ""memory_mib"": 512, ""configuration_id"": ""hurricane:EP092002__EP171994:a0.5|CPS-2F""}"
hurricane,EP092002__EP171994,26,31,projected km,output\paper_v1\hurricane_final_20\inputs\hurricane_EP092002__EP171994.npz,d9373018d366573f51130baa294c338f83ffeedf55f6b14210dc3ec268db151d,45.83754024662439,41.177371201851194,366.7686943223481,True,,Q1_balanced,1,balanced,1,4,hurricane:EP092002__EP171994:a0.5|CPS-3F,0.5,CPS-3F,,"{""domain"": ""hurricane"", ""pair"": ""EP092002__EP171994"", ""case"": ""hurricane:EP092002__EP171994:a0.5"", ""nA"": 26, ""nB"": 31, ""units"": ""projected km"", ""alpha"": 0.5, ""s_A"": 91.67508049324879, ""s_B"": 82.35474240370239, ""delta1"": 45.83754024662439, ""delta2"": 41.177371201851194, ""delta3"": 366.7686943223481, ""input_file"": ""output\\paper_v1\\hurricane_final_20\\inputs\\hurricane_EP092002__EP171994.npz"", ""method"": ""CPS-3F"", ""diagnostic"": ""final20_04"", ""certificate"": false, ""input_sha256"": ""d9373018d366573f51130baa294c338f83ffeedf55f6b14210dc3ec268db151d"", ""algorithms"": {""curve_algorithms.py"": ""85e1f6444f23091810a3042decc3e2945a273d2b83cb5da3c6b76f8b495c98e7"", ""cps_paper_algorithms.py"": ""49bca757aacc4d81c9263416c79b91da6fbb2df5358e9e4bb80d97d08802d876""}, ""graph_limits"": {""seconds"": 55.0, ""max_states"": 100000, ""max_transitions"": 20000000, ""max_chain_edges"": 800000}, ""phase_budgets"": {""startup"": 60.0, ""input_loading"": 15.0, ""warmup"": 120.0, ""solver"": 60.0, ""checkpoint"": 5.0, ""validation"": 30.0, ""optional_measurements"": 30.0, ""reporting"": 10.0}, ""memory_mib"": 512, ""configuration_id"": ""hurricane:EP092002__EP171994:a0.5|CPS-3F""}"
hurricane,AL091944__AL031917,29,35,projected km,output\paper_v1\hurricane_final_20\inputs\hurricane_AL091944__AL031917.npz,db58d5a0ccf7f77010e45e75cfb88aa32c39e3bba6f00c9a54ceb25a6f6a955d,121.98706822368263,110.72765278464297,780.7843688813,True,,Q2_balanced,2,balanced,2,5,hurricane:AL091944__AL031917:a0.5|Independent discrete,0.5,Independent discrete,,"{""domain"": ""hurricane"", ""pair"": ""AL091944__AL031917"", ""case"": ""hurricane:AL091944__AL031917:a0.5"", ""nA"": 29, ""nB"": 35, ""units"": ""projected km"", ""alpha"": 0.5, ""s_A"": 243.97413644736525, ""s_B"": 221.45530556928594, ""delta1"": 121.98706822368263, ""delta2"": 110.72765278464297, ""delta3"": 780.7843688813, ""input_file"": ""output\\paper_v1\\hurricane_final_20\\inputs\\hurricane_AL091944__AL031917.npz"", ""method"": ""Independent discrete"", ""diagnostic"": ""final20_05"", ""certificate"": false, ""input_sha256"": ""db58d5a0ccf7f77010e45e75cfb88aa32c39e3bba6f00c9a54ceb25a6f6a955d"", ""algorithms"": {""curve_algorithms.py"": ""85e1f6444f23091810a3042decc3e2945a273d2b83cb5da3c6b76f8b495c98e7"", ""cps_paper_algorithms.py"": ""49bca757aacc4d81c9263416c79b91da6fbb2df5358e9e4bb80d97d08802d876""}, ""graph_limits"": {""seconds"": 55.0, ""max_states"": 100000, ""max_transitions"": 20000000, ""max_chain_edges"": 800000}, ""phase_budgets"": {""startup"": 60.0, ""input_loading"": 15.0, ""warmup"": 120.0, ""solver"": 60.0, ""checkpoint"": 5.0, ""validation"": 30.0, ""optional_measurements"": 30.0, ""reporting"": 10.0}, ""memory_mib"": 512, ""configuration_id"": ""hurricane:AL091944__AL031917:a0.5|Independent discrete""}"
hurricane,AL091944__AL031917,29,35,projected km,output\paper_v1\hurricane_final_20\inputs\hurricane_AL091944__AL031917.npz,db58d5a0ccf7f77010e45e75cfb88aa32c39e3bba6f00c9a54ceb25a6f6a955d,121.98706822368263,110.72765278464297,780.7843688813,True,,Q2_balanced,2,balanced,2,6,hurricane:AL091944__AL031917:a0.5|CPS-2F,0.5,CPS-2F,,"{""domain"": ""hurricane"", ""pair"": ""AL091944__AL031917"", ""case"": ""hurricane:AL091944__AL031917:a0.5"", ""nA"": 29, ""nB"": 35, ""units"": ""projected km"", ""alpha"": 0.5, ""s_A"": 243.97413644736525, ""s_B"": 221.45530556928594, ""delta1"": 121.98706822368263, ""delta2"": 110.72765278464297, ""delta3"": 780.7843688813, ""input_file"": ""output\\paper_v1\\hurricane_final_20\\inputs\\hurricane_AL091944__AL031917.npz"", ""method"": ""CPS-2F"", ""diagnostic"": ""final20_06"", ""certificate"": false, ""input_sha256"": ""db58d5a0ccf7f77010e45e75cfb88aa32c39e3bba6f00c9a54ceb25a6f6a955d"", ""algorithms"": {""curve_algorithms.py"": ""85e1f6444f23091810a3042decc3e2945a273d2b83cb5da3c6b76f8b495c98e7"", ""cps_paper_algorithms.py"": ""49bca757aacc4d81c9263416c79b91da6fbb2df5358e9e4bb80d97d08802d876""}, ""graph_limits"": {""seconds"": 55.0, ""max_states"": 100000, ""max_transitions"": 20000000, ""max_chain_edges"": 800000}, ""phase_budgets"": {""startup"": 60.0, ""input_loading"": 15.0, ""warmup"": 120.0, ""solver"": 60.0, ""checkpoint"": 5.0, ""validation"": 30.0, ""optional_measurements"": 30.0, ""reporting"": 10.0}, ""memory_mib"": 512, ""configuration_id"": ""hurricane:AL091944__AL031917:a0.5|CPS-2F""}"
hurricane,AL091944__AL031917,29,35,projected km,output\paper_v1\hurricane_final_20\inputs\hurricane_AL091944__AL031917.npz,db58d5a0ccf7f77010e45e75cfb88aa32c39e3bba6f00c9a54ceb25a6f6a955d,121.98706822368263,110.72765278464297,780.7843688813,True,,Q2_balanced,2,balanced,2,7,hurricane:AL091944__AL031917:a0.5|CPS-3F,0.5,CPS-3F,,"{""domain"": ""hurricane"", ""pair"": ""AL091944__AL031917"", ""case"": ""hurricane:AL091944__AL031917:a0.5"", ""nA"": 29, ""nB"": 35, ""units"": ""projected km"", ""alpha"": 0.5, ""s_A"": 243.97413644736525, ""s_B"": 221.45530556928594, ""delta1"": 121.98706822368263, ""delta2"": 110.72765278464297, ""delta3"": 780.7843688813, ""input_file"": ""output\\paper_v1\\hurricane_final_20\\inputs\\hurricane_AL091944__AL031917.npz"", ""method"": ""CPS-3F"", ""diagnostic"": ""final20_07"", ""certificate"": false, ""input_sha256"": ""db58d5a0ccf7f77010e45e75cfb88aa32c39e3bba6f00c9a54ceb25a6f6a955d"", ""algorithms"": {""curve_algorithms.py"": ""85e1f6444f23091810a3042decc3e2945a273d2b83cb5da3c6b76f8b495c98e7"", ""cps_paper_algorithms.py"": ""49bca757aacc4d81c9263416c79b91da6fbb2df5358e9e4bb80d97d08802d876""}, ""graph_limits"": {""seconds"": 55.0, ""max_states"": 100000, ""max_transitions"": 20000000, ""max_chain_edges"": 800000}, ""phase_budgets"": {""startup"": 60.0, ""input_loading"": 15.0, ""warmup"": 120.0, ""solver"": 60.0, ""checkpoint"": 5.0, ""validation"": 30.0, ""optional_measurements"": 30.0, ""reporting"": 10.0}, ""memory_mib"": 512, ""configuration_id"": ""hurricane:AL091944__AL031917:a0.5|CPS-3F""}"
hurricane,AL091944__AL031917,29,35,projected km,output\paper_v1\hurricane_final_20\inputs\hurricane_AL091944__AL031917.npz,db58d5a0ccf7f77010e45e75cfb88aa32c39e3bba6f00c9a54ceb25a6f6a955d,121.98706822368263,110.72765278464297,780.7843688813,True,,Q2_balanced,2,balanced,2,8,hurricane:AL091944__AL031917:a0.5|Independent continuous,0.5,Independent continuous,,"{""domain"": ""hurricane"", ""pair"": ""AL091944__AL031917"", ""case"": ""hurricane:AL091944__AL031917:a0.5"", ""nA"": 29, ""nB"": 35, ""units"": ""projected km"", ""alpha"": 0.5, ""s_A"": 243.97413644736525, ""s_B"": 221.45530556928594, ""delta1"": 121.98706822368263, ""delta2"": 110.72765278464297, ""delta3"": 780.7843688813, ""input_file"": ""output\\paper_v1\\hurricane_final_20\\inputs\\hurricane_AL091944__AL031917.npz"", ""method"": ""Independent continuous"", ""diagnostic"": ""final20_08"", ""certificate"": false, ""input_sha256"": ""db58d5a0ccf7f77010e45e75cfb88aa32c39e3bba6f00c9a54ceb25a6f6a955d"", ""algorithms"": {""curve_algorithms.py"": ""85e1f6444f23091810a3042decc3e2945a273d2b83cb5da3c6b76f8b495c98e7"", ""cps_paper_algorithms.py"": ""49bca757aacc4d81c9263416c79b91da6fbb2df5358e9e4bb80d97d08802d876""}, ""graph_limits"": {""seconds"": 55.0, ""max_states"": 100000, ""max_transitions"": 20000000, ""max_chain_edges"": 800000}, ""phase_budgets"": {""startup"": 60.0, ""input_loading"": 15.0, ""warmup"": 120.0, ""solver"": 60.0, ""checkpoint"": 5.0, ""validation"": 30.0, ""optional_measurements"": 30.0, ""reporting"": 10.0}, ""memory_mib"": 512, ""configuration_id"": ""hurricane:AL091944__AL031917:a0.5|Independent continuous""}"
hurricane,EP101985__EP151985,37,38,projected km,output\paper_v1\hurricane_final_20\inputs\hurricane_EP101985__EP151985.npz,198a2064c5a3b34d6c35ed1796113bb59541fac26e1f7574831025b960c8a87f,47.80687237861397,51.042034331067995,406.85909889789855,True,,Q3_balanced,3,balanced,3,9,hurricane:EP101985__EP151985:a0.5|CPS-2F,0.5,CPS-2F,,"{""domain"": ""hurricane"", ""pair"": ""EP101985__EP151985"", ""case"": ""hurricane:EP101985__EP151985:a0.5"", ""nA"": 37, ""nB"": 38, ""units"": ""projected km"", ""alpha"": 0.5, ""s_A"": 95.61374475722793, ""s_B"": 102.08406866213599, ""delta1"": 47.80687237861397, ""delta2"": 51.042034331067995, ""delta3"": 406.85909889789855, ""input_file"": ""output\\paper_v1\\hurricane_final_20\\inputs\\hurricane_EP101985__EP151985.npz"", ""method"": ""CPS-2F"", ""diagnostic"": ""final20_09"", ""certificate"": false, ""input_sha256"": ""198a2064c5a3b34d6c35ed1796113bb59541fac26e1f7574831025b960c8a87f"", ""algorithms"": {""curve_algorithms.py"": ""85e1f6444f23091810a3042decc3e2945a273d2b83cb5da3c6b76f8b495c98e7"", ""cps_paper_algorithms.py"": ""49bca757aacc4d81c9263416c79b91da6fbb2df5358e9e4bb80d97d08802d876""}, ""graph_limits"": {""seconds"": 55.0, ""max_states"": 100000, ""max_transitions"": 20000000, ""max_chain_edges"": 800000}, ""phase_budgets"": {""startup"": 60.0, ""input_loading"": 15.0, ""warmup"": 120.0, ""solver"": 60.0, ""checkpoint"": 5.0, ""validation"": 30.0, ""optional_measurements"": 30.0, ""reporting"": 10.0}, ""memory_mib"": 512, ""configuration_id"": ""hurricane:EP101985__EP151985:a0.5|CPS-2F""}"
hurricane,EP101985__EP151985,37,38,projected km,output\paper_v1\hurricane_final_20\inputs\hurricane_EP101985__EP151985.npz,198a2064c5a3b34d6c35ed1796113bb59541fac26e1f7574831025b960c8a87f,47.80687237861397,51.042034331067995,406.85909889789855,True,,Q3_balanced,3,balanced,3,10,hurricane:EP101985__EP151985:a0.5|CPS-3F,0.5,CPS-3F,,"{""domain"": ""hurricane"", ""pair"": ""EP101985__EP151985"", ""case"": ""hurricane:EP101985__EP151985:a0.5"", ""nA"": 37, ""nB"": 38, ""units"": ""projected km"", ""alpha"": 0.5, ""s_A"": 95.61374475722793, ""s_B"": 102.08406866213599, ""delta1"": 47.80687237861397, ""delta2"": 51.042034331067995, ""delta3"": 406.85909889789855, ""input_file"": ""output\\paper_v1\\hurricane_final_20\\inputs\\hurricane_EP101985__EP151985.npz"", ""method"": ""CPS-3F"", ""diagnostic"": ""final20_10"", ""certificate"": false, ""input_sha256"": ""198a2064c5a3b34d6c35ed1796113bb59541fac26e1f7574831025b960c8a87f"", ""algorithms"": {""curve_algorithms.py"": ""85e1f6444f23091810a3042decc3e2945a273d2b83cb5da3c6b76f8b495c98e7"", ""cps_paper_algorithms.py"": ""49bca757aacc4d81c9263416c79b91da6fbb2df5358e9e4bb80d97d08802d876""}, ""graph_limits"": {""seconds"": 55.0, ""max_states"": 100000, ""max_transitions"": 20000000, ""max_chain_edges"": 800000}, ""phase_budgets"": {""startup"": 60.0, ""input_loading"": 15.0, ""warmup"": 120.0, ""solver"": 60.0, ""checkpoint"": 5.0, ""validation"": 30.0, ""optional_measurements"": 30.0, ""reporting"": 10.0}, ""memory_mib"": 512, ""configuration_id"": ""hurricane:EP101985__EP151985:a0.5|CPS-3F""}"
hurricane,EP101985__EP151985,37,38,projected km,output\paper_v1\hurricane_final_20\inputs\hurricane_EP101985__EP151985.npz,198a2064c5a3b34d6c35ed1796113bb59541fac26e1f7574831025b960c8a87f,47.80687237861397,51.042034331067995,406.85909889789855,True,,Q3_balanced,3,balanced,3,11,hurricane:EP101985__EP151985:a0.5|Independent continuous,0.5,Independent continuous,,"{""domain"": ""hurricane"", ""pair"": ""EP101985__EP151985"", ""case"": ""hurricane:EP101985__EP151985:a0.5"", ""nA"": 37, ""nB"": 38, ""units"": ""projected km"", ""alpha"": 0.5, ""s_A"": 95.61374475722793, ""s_B"": 102.08406866213599, ""delta1"": 47.80687237861397, ""delta2"": 51.042034331067995, ""delta3"": 406.85909889789855, ""input_file"": ""output\\paper_v1\\hurricane_final_20\\inputs\\hurricane_EP101985__EP151985.npz"", ""method"": ""Independent continuous"", ""diagnostic"": ""final20_11"", ""certificate"": false, ""input_sha256"": ""198a2064c5a3b34d6c35ed1796113bb59541fac26e1f7574831025b960c8a87f"", ""algorithms"": {""curve_algorithms.py"": ""85e1f6444f23091810a3042decc3e2945a273d2b83cb5da3c6b76f8b495c98e7"", ""cps_paper_algorithms.py"": ""49bca757aacc4d81c9263416c79b91da6fbb2df5358e9e4bb80d97d08802d876""}, ""graph_limits"": {""seconds"": 55.0, ""max_states"": 100000, ""max_transitions"": 20000000, ""max_chain_edges"": 800000}, ""phase_budgets"": {""startup"": 60.0, ""input_loading"": 15.0, ""warmup"": 120.0, ""solver"": 60.0, ""checkpoint"": 5.0, ""validation"": 30.0, ""optional_measurements"": 30.0, ""reporting"": 10.0}, ""memory_mib"": 512, ""configuration_id"": ""hurricane:EP101985__EP151985:a0.5|Independent continuous""}"
hurricane,EP101985__EP151985,37,38,projected km,output\paper_v1\hurricane_final_20\inputs\hurricane_EP101985__EP151985.npz,198a2064c5a3b34d6c35ed1796113bb59541fac26e1f7574831025b960c8a87f,47.80687237861397,51.042034331067995,406.85909889789855,True,,Q3_balanced,3,balanced,3,12,hurricane:EP101985__EP151985:a0.5|Independent discrete,0.5,Independent discrete,,"{""domain"": ""hurricane"", ""pair"": ""EP101985__EP151985"", ""case"": ""hurricane:EP101985__EP151985:a0.5"", ""nA"": 37, ""nB"": 38, ""units"": ""projected km"", ""alpha"": 0.5, ""s_A"": 95.61374475722793, ""s_B"": 102.08406866213599, ""delta1"": 47.80687237861397, ""delta2"": 51.042034331067995, ""delta3"": 406.85909889789855, ""input_file"": ""output\\paper_v1\\hurricane_final_20\\inputs\\hurricane_EP101985__EP151985.npz"", ""method"": ""Independent discrete"", ""diagnostic"": ""final20_12"", ""certificate"": false, ""input_sha256"": ""198a2064c5a3b34d6c35ed1796113bb59541fac26e1f7574831025b960c8a87f"", ""algorithms"": {""curve_algorithms.py"": ""85e1f6444f23091810a3042decc3e2945a273d2b83cb5da3c6b76f8b495c98e7"", ""cps_paper_algorithms.py"": ""49bca757aacc4d81c9263416c79b91da6fbb2df5358e9e4bb80d97d08802d876""}, ""graph_limits"": {""seconds"": 55.0, ""max_states"": 100000, ""max_transitions"": 20000000, ""max_chain_edges"": 800000}, ""phase_budgets"": {""startup"": 60.0, ""input_loading"": 15.0, ""warmup"": 120.0, ""solver"": 60.0, ""checkpoint"": 5.0, ""validation"": 30.0, ""optional_measurements"": 30.0, ""reporting"": 10.0}, ""memory_mib"": 512, ""configuration_id"": ""hurricane:EP101985__EP151985:a0.5|Independent discrete""}"
hurricane,EP031965__EP141991,25,42,projected km,output\paper_v1\hurricane_final_20\inputs\hurricane_EP031965__EP141991.npz,5f0259d773d05eb0b0d9aa87bec1a403edc2ebe426ac37986dc304fb3a2b70cf,48.708645368633796,35.45293164546874,434.6913296711127,True,,Q3_unequal,3,unequal,4,13,hurricane:EP031965__EP141991:a0.5|CPS-3F,0.5,CPS-3F,,"{""domain"": ""hurricane"", ""pair"": ""EP031965__EP141991"", ""case"": ""hurricane:EP031965__EP141991:a0.5"", ""nA"": 25, ""nB"": 42, ""units"": ""projected km"", ""alpha"": 0.5, ""s_A"": 97.41729073726759, ""s_B"": 70.90586329093748, ""delta1"": 48.708645368633796, ""delta2"": 35.45293164546874, ""delta3"": 434.6913296711127, ""input_file"": ""output\\paper_v1\\hurricane_final_20\\inputs\\hurricane_EP031965__EP141991.npz"", ""method"": ""CPS-3F"", ""diagnostic"": ""final20_13"", ""certificate"": false, ""input_sha256"": ""5f0259d773d05eb0b0d9aa87bec1a403edc2ebe426ac37986dc304fb3a2b70cf"", ""algorithms"": {""curve_algorithms.py"": ""85e1f6444f23091810a3042decc3e2945a273d2b83cb5da3c6b76f8b495c98e7"", ""cps_paper_algorithms.py"": ""49bca757aacc4d81c9263416c79b91da6fbb2df5358e9e4bb80d97d08802d876""}, ""graph_limits"": {""seconds"": 55.0, ""max_states"": 100000, ""max_transitions"": 20000000, ""max_chain_edges"": 800000}, ""phase_budgets"": {""startup"": 60.0, ""input_loading"": 15.0, ""warmup"": 120.0, ""solver"": 60.0, ""checkpoint"": 5.0, ""validation"": 30.0, ""optional_measurements"": 30.0, ""reporting"": 10.0}, ""memory_mib"": 512, ""configuration_id"": ""hurricane:EP031965__EP141991:a0.5|CPS-3F""}"
hurricane,EP031965__EP141991,25,42,projected km,output\paper_v1\hurricane_final_20\inputs\hurricane_EP031965__EP141991.npz,5f0259d773d05eb0b0d9aa87bec1a403edc2ebe426ac37986dc304fb3a2b70cf,48.708645368633796,35.45293164546874,434.6913296711127,True,,Q3_unequal,3,unequal,4,14,hurricane:EP031965__EP141991:a0.5|Independent continuous,0.5,Independent continuous,,"{""domain"": ""hurricane"", ""pair"": ""EP031965__EP141991"", ""case"": ""hurricane:EP031965__EP141991:a0.5"", ""nA"": 25, ""nB"": 42, ""units"": ""projected km"", ""alpha"": 0.5, ""s_A"": 97.41729073726759, ""s_B"": 70.90586329093748, ""delta1"": 48.708645368633796, ""delta2"": 35.45293164546874, ""delta3"": 434.6913296711127, ""input_file"": ""output\\paper_v1\\hurricane_final_20\\inputs\\hurricane_EP031965__EP141991.npz"", ""method"": ""Independent continuous"", ""diagnostic"": ""final20_14"", ""certificate"": false, ""input_sha256"": ""5f0259d773d05eb0b0d9aa87bec1a403edc2ebe426ac37986dc304fb3a2b70cf"", ""algorithms"": {""curve_algorithms.py"": ""85e1f6444f23091810a3042decc3e2945a273d2b83cb5da3c6b76f8b495c98e7"", ""cps_paper_algorithms.py"": ""49bca757aacc4d81c9263416c79b91da6fbb2df5358e9e4bb80d97d08802d876""}, ""graph_limits"": {""seconds"": 55.0, ""max_states"": 100000, ""max_transitions"": 20000000, ""max_chain_edges"": 800000}, ""phase_budgets"": {""startup"": 60.0, ""input_loading"": 15.0, ""warmup"": 120.0, ""solver"": 60.0, ""checkpoint"": 5.0, ""validation"": 30.0, ""optional_measurements"": 30.0, ""reporting"": 10.0}, ""memory_mib"": 512, ""configuration_id"": ""hurricane:EP031965__EP141991:a0.5|Independent continuous""}"
hurricane,EP031965__EP141991,25,42,projected km,output\paper_v1\hurricane_final_20\inputs\hurricane_EP031965__EP141991.npz,5f0259d773d05eb0b0d9aa87bec1a403edc2ebe426ac37986dc304fb3a2b70cf,48.708645368633796,35.45293164546874,434.6913296711127,True,,Q3_unequal,3,unequal,4,15,hurricane:EP031965__EP141991:a0.5|Independent discrete,0.5,Independent discrete,,"{""domain"": ""hurricane"", ""pair"": ""EP031965__EP141991"", ""case"": ""hurricane:EP031965__EP141991:a0.5"", ""nA"": 25, ""nB"": 42, ""units"": ""projected km"", ""alpha"": 0.5, ""s_A"": 97.41729073726759, ""s_B"": 70.90586329093748, ""delta1"": 48.708645368633796, ""delta2"": 35.45293164546874, ""delta3"": 434.6913296711127, ""input_file"": ""output\\paper_v1\\hurricane_final_20\\inputs\\hurricane_EP031965__EP141991.npz"", ""method"": ""Independent discrete"", ""diagnostic"": ""final20_15"", ""certificate"": false, ""input_sha256"": ""5f0259d773d05eb0b0d9aa87bec1a403edc2ebe426ac37986dc304fb3a2b70cf"", ""algorithms"": {""curve_algorithms.py"": ""85e1f6444f23091810a3042decc3e2945a273d2b83cb5da3c6b76f8b495c98e7"", ""cps_paper_algorithms.py"": ""49bca757aacc4d81c9263416c79b91da6fbb2df5358e9e4bb80d97d08802d876""}, ""graph_limits"": {""seconds"": 55.0, ""max_states"": 100000, ""max_transitions"": 20000000, ""max_chain_edges"": 800000}, ""phase_budgets"": {""startup"": 60.0, ""input_loading"": 15.0, ""warmup"": 120.0, ""solver"": 60.0, ""checkpoint"": 5.0, ""validation"": 30.0, ""optional_measurements"": 30.0, ""reporting"": 10.0}, ""memory_mib"": 512, ""configuration_id"": ""hurricane:EP031965__EP141991:a0.5|Independent discrete""}"
hurricane,EP031965__EP141991,25,42,projected km,output\paper_v1\hurricane_final_20\inputs\hurricane_EP031965__EP141991.npz,5f0259d773d05eb0b0d9aa87bec1a403edc2ebe426ac37986dc304fb3a2b70cf,48.708645368633796,35.45293164546874,434.6913296711127,True,,Q3_unequal,3,unequal,4,16,hurricane:EP031965__EP141991:a0.5|CPS-2F,0.5,CPS-2F,,"{""domain"": ""hurricane"", ""pair"": ""EP031965__EP141991"", ""case"": ""hurricane:EP031965__EP141991:a0.5"", ""nA"": 25, ""nB"": 42, ""units"": ""projected km"", ""alpha"": 0.5, ""s_A"": 97.41729073726759, ""s_B"": 70.90586329093748, ""delta1"": 48.708645368633796, ""delta2"": 35.45293164546874, ""delta3"": 434.6913296711127, ""input_file"": ""output\\paper_v1\\hurricane_final_20\\inputs\\hurricane_EP031965__EP141991.npz"", ""method"": ""CPS-2F"", ""diagnostic"": ""final20_16"", ""certificate"": false, ""input_sha256"": ""5f0259d773d05eb0b0d9aa87bec1a403edc2ebe426ac37986dc304fb3a2b70cf"", ""algorithms"": {""curve_algorithms.py"": ""85e1f6444f23091810a3042decc3e2945a273d2b83cb5da3c6b76f8b495c98e7"", ""cps_paper_algorithms.py"": ""49bca757aacc4d81c9263416c79b91da6fbb2df5358e9e4bb80d97d08802d876""}, ""graph_limits"": {""seconds"": 55.0, ""max_states"": 100000, ""max_transitions"": 20000000, ""max_chain_edges"": 800000}, ""phase_budgets"": {""startup"": 60.0, ""input_loading"": 15.0, ""warmup"": 120.0, ""solver"": 60.0, ""checkpoint"": 5.0, ""validation"": 30.0, ""optional_measurements"": 30.0, ""reporting"": 10.0}, ""memory_mib"": 512, ""configuration_id"": ""hurricane:EP031965__EP141991:a0.5|CPS-2F""}"
hurricane,AL061921__AL101926,43,57,projected km,output\paper_v1\hurricane_final_20\inputs\hurricane_AL061921__AL101926.npz,075b62ae7810f20aaee5716a08592d9c34d29821f5cad9ce1f78dbd209b3c638,58.88759553114429,62.830460127712165,1227.852607303796,True,,Q4_balanced,4,balanced,5,17,hurricane:AL061921__AL101926:a0.5|Independent continuous,0.5,Independent continuous,,"{""domain"": ""hurricane"", ""pair"": ""AL061921__AL101926"", ""case"": ""hurricane:AL061921__AL101926:a0.5"", ""nA"": 43, ""nB"": 57, ""units"": ""projected km"", ""alpha"": 0.5, ""s_A"": 117.77519106228858, ""s_B"": 125.66092025542433, ""delta1"": 58.88759553114429, ""delta2"": 62.830460127712165, ""delta3"": 1227.852607303796, ""input_file"": ""output\\paper_v1\\hurricane_final_20\\inputs\\hurricane_AL061921__AL101926.npz"", ""method"": ""Independent continuous"", ""diagnostic"": ""final20_17"", ""certificate"": false, ""input_sha256"": ""075b62ae7810f20aaee5716a08592d9c34d29821f5cad9ce1f78dbd209b3c638"", ""algorithms"": {""curve_algorithms.py"": ""85e1f6444f23091810a3042decc3e2945a273d2b83cb5da3c6b76f8b495c98e7"", ""cps_paper_algorithms.py"": ""49bca757aacc4d81c9263416c79b91da6fbb2df5358e9e4bb80d97d08802d876""}, ""graph_limits"": {""seconds"": 55.0, ""max_states"": 100000, ""max_transitions"": 20000000, ""max_chain_edges"": 800000}, ""phase_budgets"": {""startup"": 60.0, ""input_loading"": 15.0, ""warmup"": 120.0, ""solver"": 60.0, ""checkpoint"": 5.0, ""validation"": 30.0, ""optional_measurements"": 30.0, ""reporting"": 10.0}, ""memory_mib"": 512, ""configuration_id"": ""hurricane:AL061921__AL101926:a0.5|Independent continuous""}"
hurricane,AL061921__AL101926,43,57,projected km,output\paper_v1\hurricane_final_20\inputs\hurricane_AL061921__AL101926.npz,075b62ae7810f20aaee5716a08592d9c34d29821f5cad9ce1f78dbd209b3c638,58.88759553114429,62.830460127712165,1227.852607303796,True,,Q4_balanced,4,balanced,5,18,hurricane:AL061921__AL101926:a0.5|Independent discrete,0.5,Independent discrete,,"{""domain"": ""hurricane"", ""pair"": ""AL061921__AL101926"", ""case"": ""hurricane:AL061921__AL101926:a0.5"", ""nA"": 43, ""nB"": 57, ""units"": ""projected km"", ""alpha"": 0.5, ""s_A"": 117.77519106228858, ""s_B"": 125.66092025542433, ""delta1"": 58.88759553114429, ""delta2"": 62.830460127712165, ""delta3"": 1227.852607303796, ""input_file"": ""output\\paper_v1\\hurricane_final_20\\inputs\\hurricane_AL061921__AL101926.npz"", ""method"": ""Independent discrete"", ""diagnostic"": ""final20_18"", ""certificate"": false, ""input_sha256"": ""075b62ae7810f20aaee5716a08592d9c34d29821f5cad9ce1f78dbd209b3c638"", ""algorithms"": {""curve_algorithms.py"": ""85e1f6444f23091810a3042decc3e2945a273d2b83cb5da3c6b76f8b495c98e7"", ""cps_paper_algorithms.py"": ""49bca757aacc4d81c9263416c79b91da6fbb2df5358e9e4bb80d97d08802d876""}, ""graph_limits"": {""seconds"": 55.0, ""max_states"": 100000, ""max_transitions"": 20000000, ""max_chain_edges"": 800000}, ""phase_budgets"": {""startup"": 60.0, ""input_loading"": 15.0, ""warmup"": 120.0, ""solver"": 60.0, ""checkpoint"": 5.0, ""validation"": 30.0, ""optional_measurements"": 30.0, ""reporting"": 10.0}, ""memory_mib"": 512, ""configuration_id"": ""hurricane:AL061921__AL101926:a0.5|Independent discrete""}"
hurricane,AL061921__AL101926,43,57,projected km,output\paper_v1\hurricane_final_20\inputs\hurricane_AL061921__AL101926.npz,075b62ae7810f20aaee5716a08592d9c34d29821f5cad9ce1f78dbd209b3c638,58.88759553114429,62.830460127712165,1227.852607303796,True,,Q4_balanced,4,balanced,5,19,hurricane:AL061921__AL101926:a0.5|CPS-2F,0.5,CPS-2F,,"{""domain"": ""hurricane"", ""pair"": ""AL061921__AL101926"", ""case"": ""hurricane:AL061921__AL101926:a0.5"", ""nA"": 43, ""nB"": 57, ""units"": ""projected km"", ""alpha"": 0.5, ""s_A"": 117.77519106228858, ""s_B"": 125.66092025542433, ""delta1"": 58.88759553114429, ""delta2"": 62.830460127712165, ""delta3"": 1227.852607303796, ""input_file"": ""output\\paper_v1\\hurricane_final_20\\inputs\\hurricane_AL061921__AL101926.npz"", ""method"": ""CPS-2F"", ""diagnostic"": ""final20_19"", ""certificate"": false, ""input_sha256"": ""075b62ae7810f20aaee5716a08592d9c34d29821f5cad9ce1f78dbd209b3c638"", ""algorithms"": {""curve_algorithms.py"": ""85e1f6444f23091810a3042decc3e2945a273d2b83cb5da3c6b76f8b495c98e7"", ""cps_paper_algorithms.py"": ""49bca757aacc4d81c9263416c79b91da6fbb2df5358e9e4bb80d97d08802d876""}, ""graph_limits"": {""seconds"": 55.0, ""max_states"": 100000, ""max_transitions"": 20000000, ""max_chain_edges"": 800000}, ""phase_budgets"": {""startup"": 60.0, ""input_loading"": 15.0, ""warmup"": 120.0, ""solver"": 60.0, ""checkpoint"": 5.0, ""validation"": 30.0, ""optional_measurements"": 30.0, ""reporting"": 10.0}, ""memory_mib"": 512, ""configuration_id"": ""hurricane:AL061921__AL101926:a0.5|CPS-2F""}"
hurricane,AL061921__AL101926,43,57,projected km,output\paper_v1\hurricane_final_20\inputs\hurricane_AL061921__AL101926.npz,075b62ae7810f20aaee5716a08592d9c34d29821f5cad9ce1f78dbd209b3c638,58.88759553114429,62.830460127712165,1227.852607303796,True,,Q4_balanced,4,balanced,5,20,hurricane:AL061921__AL101926:a0.5|CPS-3F,0.5,CPS-3F,,"{""domain"": ""hurricane"", ""pair"": ""AL061921__AL101926"", ""case"": ""hurricane:AL061921__AL101926:a0.5"", ""nA"": 43, ""nB"": 57, ""units"": ""projected km"", ""alpha"": 0.5, ""s_A"": 117.77519106228858, ""s_B"": 125.66092025542433, ""delta1"": 58.88759553114429, ""delta2"": 62.830460127712165, ""delta3"": 1227.852607303796, ""input_file"": ""output\\paper_v1\\hurricane_final_20\\inputs\\hurricane_AL061921__AL101926.npz"", ""method"": ""CPS-3F"", ""diagnostic"": ""final20_20"", ""certificate"": false, ""input_sha256"": ""075b62ae7810f20aaee5716a08592d9c34d29821f5cad9ce1f78dbd209b3c638"", ""algorithms"": {""curve_algorithms.py"": ""85e1f6444f23091810a3042decc3e2945a273d2b83cb5da3c6b76f8b495c98e7"", ""cps_paper_algorithms.py"": ""49bca757aacc4d81c9263416c79b91da6fbb2df5358e9e4bb80d97d08802d876""}, ""graph_limits"": {""seconds"": 55.0, ""max_states"": 100000, ""max_transitions"": 20000000, ""max_chain_edges"": 800000}, ""phase_budgets"": {""startup"": 60.0, ""input_loading"": 15.0, ""warmup"": 120.0, ""solver"": 60.0, ""checkpoint"": 5.0, ""validation"": 30.0, ""optional_measurements"": 30.0, ""reporting"": 10.0}, ""memory_mib"": 512, ""configuration_id"": ""hurricane:AL061921__AL101926:a0.5|CPS-3F""}"
hurricane,EP041976__EP041984,30,48,projected km,output\paper_v1\hurricane_final_20\inputs\hurricane_EP041976__EP041984.npz,2b36cf5f84c94603b94c277ea7970c2e6cf82612160bc26c97cfa9ab20d6faf9,83.64402051056445,50.39076854793013,436.5324275155856,True,,Q4_unequal,4,unequal,6,21,hurricane:EP041976__EP041984:a0.5|Independent discrete,0.5,Independent discrete,,"{""domain"": ""hurricane"", ""pair"": ""EP041976__EP041984"", ""case"": ""hurricane:EP041976__EP041984:a0.5"", ""nA"": 30, ""nB"": 48, ""units"": ""projected km"", ""alpha"": 0.5, ""s_A"": 167.2880410211289, ""s_B"": 100.78153709586026, ""delta1"": 83.64402051056445, ""delta2"": 50.39076854793013, ""delta3"": 436.5324275155856, ""input_file"": ""output\\paper_v1\\hurricane_final_20\\inputs\\hurricane_EP041976__EP041984.npz"", ""method"": ""Independent discrete"", ""diagnostic"": ""final20_21"", ""certificate"": false, ""input_sha256"": ""2b36cf5f84c94603b94c277ea7970c2e6cf82612160bc26c97cfa9ab20d6faf9"", ""algorithms"": {""curve_algorithms.py"": ""85e1f6444f23091810a3042decc3e2945a273d2b83cb5da3c6b76f8b495c98e7"", ""cps_paper_algorithms.py"": ""49bca757aacc4d81c9263416c79b91da6fbb2df5358e9e4bb80d97d08802d876""}, ""graph_limits"": {""seconds"": 55.0, ""max_states"": 100000, ""max_transitions"": 20000000, ""max_chain_edges"": 800000}, ""phase_budgets"": {""startup"": 60.0, ""input_loading"": 15.0, ""warmup"": 120.0, ""solver"": 60.0, ""checkpoint"": 5.0, ""validation"": 30.0, ""optional_measurements"": 30.0, ""reporting"": 10.0}, ""memory_mib"": 512, ""configuration_id"": ""hurricane:EP041976__EP041984:a0.5|Independent discrete""}"
hurricane,EP041976__EP041984,30,48,projected km,output\paper_v1\hurricane_final_20\inputs\hurricane_EP041976__EP041984.npz,2b36cf5f84c94603b94c277ea7970c2e6cf82612160bc26c97cfa9ab20d6faf9,83.64402051056445,50.39076854793013,436.5324275155856,True,,Q4_unequal,4,unequal,6,22,hurricane:EP041976__EP041984:a0.5|CPS-2F,0.5,CPS-2F,,"{""domain"": ""hurricane"", ""pair"": ""EP041976__EP041984"", ""case"": ""hurricane:EP041976__EP041984:a0.5"", ""nA"": 30, ""nB"": 48, ""units"": ""projected km"", ""alpha"": 0.5, ""s_A"": 167.2880410211289, ""s_B"": 100.78153709586026, ""delta1"": 83.64402051056445, ""delta2"": 50.39076854793013, ""delta3"": 436.5324275155856, ""input_file"": ""output\\paper_v1\\hurricane_final_20\\inputs\\hurricane_EP041976__EP041984.npz"", ""method"": ""CPS-2F"", ""diagnostic"": ""final20_22"", ""certificate"": false, ""input_sha256"": ""2b36cf5f84c94603b94c277ea7970c2e6cf82612160bc26c97cfa9ab20d6faf9"", ""algorithms"": {""curve_algorithms.py"": ""85e1f6444f23091810a3042decc3e2945a273d2b83cb5da3c6b76f8b495c98e7"", ""cps_paper_algorithms.py"": ""49bca757aacc4d81c9263416c79b91da6fbb2df5358e9e4bb80d97d08802d876""}, ""graph_limits"": {""seconds"": 55.0, ""max_states"": 100000, ""max_transitions"": 20000000, ""max_chain_edges"": 800000}, ""phase_budgets"": {""startup"": 60.0, ""input_loading"": 15.0, ""warmup"": 120.0, ""solver"": 60.0, ""checkpoint"": 5.0, ""validation"": 30.0, ""optional_measurements"": 30.0, ""reporting"": 10.0}, ""memory_mib"": 512, ""configuration_id"": ""hurricane:EP041976__EP041984:a0.5|CPS-2F""}"
hurricane,EP041976__EP041984,30,48,projected km,output\paper_v1\hurricane_final_20\inputs\hurricane_EP041976__EP041984.npz,2b36cf5f84c94603b94c277ea7970c2e6cf82612160bc26c97cfa9ab20d6faf9,83.64402051056445,50.39076854793013,436.5324275155856,True,,Q4_unequal,4,unequal,6,23,hurricane:EP041976__EP041984:a0.5|CPS-3F,0.5,CPS-3F,,"{""domain"": ""hurricane"", ""pair"": ""EP041976__EP041984"", ""case"": ""hurricane:EP041976__EP041984:a0.5"", ""nA"": 30, ""nB"": 48, ""units"": ""projected km"", ""alpha"": 0.5, ""s_A"": 167.2880410211289, ""s_B"": 100.78153709586026, ""delta1"": 83.64402051056445, ""delta2"": 50.39076854793013, ""delta3"": 436.5324275155856, ""input_file"": ""output\\paper_v1\\hurricane_final_20\\inputs\\hurricane_EP041976__EP041984.npz"", ""method"": ""CPS-3F"", ""diagnostic"": ""final20_23"", ""certificate"": false, ""input_sha256"": ""2b36cf5f84c94603b94c277ea7970c2e6cf82612160bc26c97cfa9ab20d6faf9"", ""algorithms"": {""curve_algorithms.py"": ""85e1f6444f23091810a3042decc3e2945a273d2b83cb5da3c6b76f8b495c98e7"", ""cps_paper_algorithms.py"": ""49bca757aacc4d81c9263416c79b91da6fbb2df5358e9e4bb80d97d08802d876""}, ""graph_limits"": {""seconds"": 55.0, ""max_states"": 100000, ""max_transitions"": 20000000, ""max_chain_edges"": 800000}, ""phase_budgets"": {""startup"": 60.0, ""input_loading"": 15.0, ""warmup"": 120.0, ""solver"": 60.0, ""checkpoint"": 5.0, ""validation"": 30.0, ""optional_measurements"": 30.0, ""reporting"": 10.0}, ""memory_mib"": 512, ""configuration_id"": ""hurricane:EP041976__EP041984:a0.5|CPS-3F""}"
hurricane,EP041976__EP041984,30,48,projected km,output\paper_v1\hurricane_final_20\inputs\hurricane_EP041976__EP041984.npz,2b36cf5f84c94603b94c277ea7970c2e6cf82612160bc26c97cfa9ab20d6faf9,83.64402051056445,50.39076854793013,436.5324275155856,True,,Q4_unequal,4,unequal,6,24,hurricane:EP041976__EP041984:a0.5|Independent continuous,0.5,Independent continuous,,"{""domain"": ""hurricane"", ""pair"": ""EP041976__EP041984"", ""case"": ""hurricane:EP041976__EP041984:a0.5"", ""nA"": 30, ""nB"": 48, ""units"": ""projected km"", ""alpha"": 0.5, ""s_A"": 167.2880410211289, ""s_B"": 100.78153709586026, ""delta1"": 83.64402051056445, ""delta2"": 50.39076854793013, ""delta3"": 436.5324275155856, ""input_file"": ""output\\paper_v1\\hurricane_final_20\\inputs\\hurricane_EP041976__EP041984.npz"", ""method"": ""Independent continuous"", ""diagnostic"": ""final20_24"", ""certificate"": false, ""input_sha256"": ""2b36cf5f84c94603b94c277ea7970c2e6cf82612160bc26c97cfa9ab20d6faf9"", ""algorithms"": {""curve_algorithms.py"": ""85e1f6444f23091810a3042decc3e2945a273d2b83cb5da3c6b76f8b495c98e7"", ""cps_paper_algorithms.py"": ""49bca757aacc4d81c9263416c79b91da6fbb2df5358e9e4bb80d97d08802d876""}, ""graph_limits"": {""seconds"": 55.0, ""max_states"": 100000, ""max_transitions"": 20000000, ""max_chain_edges"": 800000}, ""phase_budgets"": {""startup"": 60.0, ""input_loading"": 15.0, ""warmup"": 120.0, ""solver"": 60.0, ""checkpoint"": 5.0, ""validation"": 30.0, ""optional_measurements"": 30.0, ""reporting"": 10.0}, ""memory_mib"": 512, ""configuration_id"": ""hurricane:EP041976__EP041984:a0.5|Independent continuous""}"
hurricane,EP081967__EP101980,25,26,projected km,output\paper_v1\hurricane_final_20\inputs\hurricane_EP081967__EP101980.npz,0946514b39933f9ee0d804e81a1a0d4ec1b8e11aaa85884cc2187bcb3030e97c,58.49826189155207,56.24516977788647,275.4479155672447,True,,Q1_balanced,1,balanced,7,25,hurricane:EP081967__EP101980:a0.5|CPS-2F,0.5,CPS-2F,,"{""domain"": ""hurricane"", ""pair"": ""EP081967__EP101980"", ""case"": ""hurricane:EP081967__EP101980:a0.5"", ""nA"": 25, ""nB"": 26, ""units"": ""projected km"", ""alpha"": 0.5, ""s_A"": 116.99652378310414, ""s_B"": 112.49033955577293, ""delta1"": 58.49826189155207, ""delta2"": 56.24516977788647, ""delta3"": 275.4479155672447, ""input_file"": ""output\\paper_v1\\hurricane_final_20\\inputs\\hurricane_EP081967__EP101980.npz"", ""method"": ""CPS-2F"", ""diagnostic"": ""final20_25"", ""certificate"": false, ""input_sha256"": ""0946514b39933f9ee0d804e81a1a0d4ec1b8e11aaa85884cc2187bcb3030e97c"", ""algorithms"": {""curve_algorithms.py"": ""85e1f6444f23091810a3042decc3e2945a273d2b83cb5da3c6b76f8b495c98e7"", ""cps_paper_algorithms.py"": ""49bca757aacc4d81c9263416c79b91da6fbb2df5358e9e4bb80d97d08802d876""}, ""graph_limits"": {""seconds"": 55.0, ""max_states"": 100000, ""max_transitions"": 20000000, ""max_chain_edges"": 800000}, ""phase_budgets"": {""startup"": 60.0, ""input_loading"": 15.0, ""warmup"": 120.0, ""solver"": 60.0, ""checkpoint"": 5.0, ""validation"": 30.0, ""optional_measurements"": 30.0, ""reporting"": 10.0}, ""memory_mib"": 512, ""configuration_id"": ""hurricane:EP081967__EP101980:a0.5|CPS-2F""}"
hurricane,EP081967__EP101980,25,26,projected km,output\paper_v1\hurricane_final_20\inputs\hurricane_EP081967__EP101980.npz,0946514b39933f9ee0d804e81a1a0d4ec1b8e11aaa85884cc2187bcb3030e97c,58.49826189155207,56.24516977788647,275.4479155672447,True,,Q1_balanced,1,balanced,7,26,hurricane:EP081967__EP101980:a0.5|CPS-3F,0.5,CPS-3F,,"{""domain"": ""hurricane"", ""pair"": ""EP081967__EP101980"", ""case"": ""hurricane:EP081967__EP101980:a0.5"", ""nA"": 25, ""nB"": 26, ""units"": ""projected km"", ""alpha"": 0.5, ""s_A"": 116.99652378310414, ""s_B"": 112.49033955577293, ""delta1"": 58.49826189155207, ""delta2"": 56.24516977788647, ""delta3"": 275.4479155672447, ""input_file"": ""output\\paper_v1\\hurricane_final_20\\inputs\\hurricane_EP081967__EP101980.npz"", ""method"": ""CPS-3F"", ""diagnostic"": ""final20_26"", ""certificate"": false, ""input_sha256"": ""0946514b39933f9ee0d804e81a1a0d4ec1b8e11aaa85884cc2187bcb3030e97c"", ""algorithms"": {""curve_algorithms.py"": ""85e1f6444f23091810a3042decc3e2945a273d2b83cb5da3c6b76f8b495c98e7"", ""cps_paper_algorithms.py"": ""49bca757aacc4d81c9263416c79b91da6fbb2df5358e9e4bb80d97d08802d876""}, ""graph_limits"": {""seconds"": 55.0, ""max_states"": 100000, ""max_transitions"": 20000000, ""max_chain_edges"": 800000}, ""phase_budgets"": {""startup"": 60.0, ""input_loading"": 15.0, ""warmup"": 120.0, ""solver"": 60.0, ""checkpoint"": 5.0, ""validation"": 30.0, ""optional_measurements"": 30.0, ""reporting"": 10.0}, ""memory_mib"": 512, ""configuration_id"": ""hurricane:EP081967__EP101980:a0.5|CPS-3F""}"
hurricane,EP081967__EP101980,25,26,projected km,output\paper_v1\hurricane_final_20\inputs\hurricane_EP081967__EP101980.npz,0946514b39933f9ee0d804e81a1a0d4ec1b8e11aaa85884cc2187bcb3030e97c,58.49826189155207,56.24516977788647,275.4479155672447,True,,Q1_balanced,1,balanced,7,27,hurricane:EP081967__EP101980:a0.5|Independent continuous,0.5,Independent continuous,,"{""domain"": ""hurricane"", ""pair"": ""EP081967__EP101980"", ""case"": ""hurricane:EP081967__EP101980:a0.5"", ""nA"": 25, ""nB"": 26, ""units"": ""projected km"", ""alpha"": 0.5, ""s_A"": 116.99652378310414, ""s_B"": 112.49033955577293, ""delta1"": 58.49826189155207, ""delta2"": 56.24516977788647, ""delta3"": 275.4479155672447, ""input_file"": ""output\\paper_v1\\hurricane_final_20\\inputs\\hurricane_EP081967__EP101980.npz"", ""method"": ""Independent continuous"", ""diagnostic"": ""final20_27"", ""certificate"": false, ""input_sha256"": ""0946514b39933f9ee0d804e81a1a0d4ec1b8e11aaa85884cc2187bcb3030e97c"", ""algorithms"": {""curve_algorithms.py"": ""85e1f6444f23091810a3042decc3e2945a273d2b83cb5da3c6b76f8b495c98e7"", ""cps_paper_algorithms.py"": ""49bca757aacc4d81c9263416c79b91da6fbb2df5358e9e4bb80d97d08802d876""}, ""graph_limits"": {""seconds"": 55.0, ""max_states"": 100000, ""max_transitions"": 20000000, ""max_chain_edges"": 800000}, ""phase_budgets"": {""startup"": 60.0, ""input_loading"": 15.0, ""warmup"": 120.0, ""solver"": 60.0, ""checkpoint"": 5.0, ""validation"": 30.0, ""optional_measurements"": 30.0, ""reporting"": 10.0}, ""memory_mib"": 512, ""configuration_id"": ""hurricane:EP081967__EP101980:a0.5|Independent continuous""}"
hurricane,EP081967__EP101980,25,26,projected km,output\paper_v1\hurricane_final_20\inputs\hurricane_EP081967__EP101980.npz,0946514b39933f9ee0d804e81a1a0d4ec1b8e11aaa85884cc2187bcb3030e97c,58.49826189155207,56.24516977788647,275.4479155672447,True,,Q1_balanced,1,balanced,7,28,hurricane:EP081967__EP101980:a0.5|Independent discrete,0.5,Independent discrete,,"{""domain"": ""hurricane"", ""pair"": ""EP081967__EP101980"", ""case"": ""hurricane:EP081967__EP101980:a0.5"", ""nA"": 25, ""nB"": 26, ""units"": ""projected km"", ""alpha"": 0.5, ""s_A"": 116.99652378310414, ""s_B"": 112.49033955577293, ""delta1"": 58.49826189155207, ""delta2"": 56.24516977788647, ""delta3"": 275.4479155672447, ""input_file"": ""output\\paper_v1\\hurricane_final_20\\inputs\\hurricane_EP081967__EP101980.npz"", ""method"": ""Independent discrete"", ""diagnostic"": ""final20_28"", ""certificate"": false, ""input_sha256"": ""0946514b39933f9ee0d804e81a1a0d4ec1b8e11aaa85884cc2187bcb3030e97c"", ""algorithms"": {""curve_algorithms.py"": ""85e1f6444f23091810a3042decc3e2945a273d2b83cb5da3c6b76f8b495c98e7"", ""cps_paper_algorithms.py"": ""49bca757aacc4d81c9263416c79b91da6fbb2df5358e9e4bb80d97d08802d876""}, ""graph_limits"": {""seconds"": 55.0, ""max_states"": 100000, ""max_transitions"": 20000000, ""max_chain_edges"": 800000}, ""phase_budgets"": {""startup"": 60.0, ""input_loading"": 15.0, ""warmup"": 120.0, ""solver"": 60.0, ""checkpoint"": 5.0, ""validation"": 30.0, ""optional_measurements"": 30.0, ""reporting"": 10.0}, ""memory_mib"": 512, ""configuration_id"": ""hurricane:EP081967__EP101980:a0.5|Independent discrete""}"
hurricane,EP031994__EP031978,29,35,projected km,output\paper_v1\hurricane_final_20\inputs\hurricane_EP031994__EP031978.npz,1d28bc38a35762d764489667768030a48b0d3b023d8e11cf8dd1e994b766d591,55.959134751814815,50.925845594557714,569.7520381273594,True,,Q2_balanced,2,balanced,8,29,hurricane:EP031994__EP031978:a0.5|CPS-3F,0.5,CPS-3F,,"{""domain"": ""hurricane"", ""pair"": ""EP031994__EP031978"", ""case"": ""hurricane:EP031994__EP031978:a0.5"", ""nA"": 29, ""nB"": 35, ""units"": ""projected km"", ""alpha"": 0.5, ""s_A"": 111.91826950362963, ""s_B"": 101.85169118911543, ""delta1"": 55.959134751814815, ""delta2"": 50.925845594557714, ""delta3"": 569.7520381273594, ""input_file"": ""output\\paper_v1\\hurricane_final_20\\inputs\\hurricane_EP031994__EP031978.npz"", ""method"": ""CPS-3F"", ""diagnostic"": ""final20_29"", ""certificate"": false, ""input_sha256"": ""1d28bc38a35762d764489667768030a48b0d3b023d8e11cf8dd1e994b766d591"", ""algorithms"": {""curve_algorithms.py"": ""85e1f6444f23091810a3042decc3e2945a273d2b83cb5da3c6b76f8b495c98e7"", ""cps_paper_algorithms.py"": ""49bca757aacc4d81c9263416c79b91da6fbb2df5358e9e4bb80d97d08802d876""}, ""graph_limits"": {""seconds"": 55.0, ""max_states"": 100000, ""max_transitions"": 20000000, ""max_chain_edges"": 800000}, ""phase_budgets"": {""startup"": 60.0, ""input_loading"": 15.0, ""warmup"": 120.0, ""solver"": 60.0, ""checkpoint"": 5.0, ""validation"": 30.0, ""optional_measurements"": 30.0, ""reporting"": 10.0}, ""memory_mib"": 512, ""configuration_id"": ""hurricane:EP031994__EP031978:a0.5|CPS-3F""}"
hurricane,EP031994__EP031978,29,35,projected km,output\paper_v1\hurricane_final_20\inputs\hurricane_EP031994__EP031978.npz,1d28bc38a35762d764489667768030a48b0d3b023d8e11cf8dd1e994b766d591,55.959134751814815,50.925845594557714,569.7520381273594,True,,Q2_balanced,2,balanced,8,30,hurricane:EP031994__EP031978:a0.5|Independent continuous,0.5,Independent continuous,,"{""domain"": ""hurricane"", ""pair"": ""EP031994__EP031978"", ""case"": ""hurricane:EP031994__EP031978:a0.5"", ""nA"": 29, ""nB"": 35, ""units"": ""projected km"", ""alpha"": 0.5, ""s_A"": 111.91826950362963, ""s_B"": 101.85169118911543, ""delta1"": 55.959134751814815, ""delta2"": 50.925845594557714, ""delta3"": 569.7520381273594, ""input_file"": ""output\\paper_v1\\hurricane_final_20\\inputs\\hurricane_EP031994__EP031978.npz"", ""method"": ""Independent continuous"", ""diagnostic"": ""final20_30"", ""certificate"": false, ""input_sha256"": ""1d28bc38a35762d764489667768030a48b0d3b023d8e11cf8dd1e994b766d591"", ""algorithms"": {""curve_algorithms.py"": ""85e1f6444f23091810a3042decc3e2945a273d2b83cb5da3c6b76f8b495c98e7"", ""cps_paper_algorithms.py"": ""49bca757aacc4d81c9263416c79b91da6fbb2df5358e9e4bb80d97d08802d876""}, ""graph_limits"": {""seconds"": 55.0, ""max_states"": 100000, ""max_transitions"": 20000000, ""max_chain_edges"": 800000}, ""phase_budgets"": {""startup"": 60.0, ""input_loading"": 15.0, ""warmup"": 120.0, ""solver"": 60.0, ""checkpoint"": 5.0, ""validation"": 30.0, ""optional_measurements"": 30.0, ""reporting"": 10.0}, ""memory_mib"": 512, ""configuration_id"": ""hurricane:EP031994__EP031978:a0.5|Independent continuous""}"
hurricane,EP031994__EP031978,29,35,projected km,output\paper_v1\hurricane_final_20\inputs\hurricane_EP031994__EP031978.npz,1d28bc38a35762d764489667768030a48b0d3b023d8e11cf8dd1e994b766d591,55.959134751814815,50.925845594557714,569.7520381273594,True,,Q2_balanced,2,balanced,8,31,hurricane:EP031994__EP031978:a0.5|Independent discrete,0.5,Independent discrete,,"{""domain"": ""hurricane"", ""pair"": ""EP031994__EP031978"", ""case"": ""hurricane:EP031994__EP031978:a0.5"", ""nA"": 29, ""nB"": 35, ""units"": ""projected km"", ""alpha"": 0.5, ""s_A"": 111.91826950362963, ""s_B"": 101.85169118911543, ""delta1"": 55.959134751814815, ""delta2"": 50.925845594557714, ""delta3"": 569.7520381273594, ""input_file"": ""output\\paper_v1\\hurricane_final_20\\inputs\\hurricane_EP031994__EP031978.npz"", ""method"": ""Independent discrete"", ""diagnostic"": ""final20_31"", ""certificate"": false, ""input_sha256"": ""1d28bc38a35762d764489667768030a48b0d3b023d8e11cf8dd1e994b766d591"", ""algorithms"": {""curve_algorithms.py"": ""85e1f6444f23091810a3042decc3e2945a273d2b83cb5da3c6b76f8b495c98e7"", ""cps_paper_algorithms.py"": ""49bca757aacc4d81c9263416c79b91da6fbb2df5358e9e4bb80d97d08802d876""}, ""graph_limits"": {""seconds"": 55.0, ""max_states"": 100000, ""max_transitions"": 20000000, ""max_chain_edges"": 800000}, ""phase_budgets"": {""startup"": 60.0, ""input_loading"": 15.0, ""warmup"": 120.0, ""solver"": 60.0, ""checkpoint"": 5.0, ""validation"": 30.0, ""optional_measurements"": 30.0, ""reporting"": 10.0}, ""memory_mib"": 512, ""configuration_id"": ""hurricane:EP031994__EP031978:a0.5|Independent discrete""}"
hurricane,EP031994__EP031978,29,35,projected km,output\paper_v1\hurricane_final_20\inputs\hurricane_EP031994__EP031978.npz,1d28bc38a35762d764489667768030a48b0d3b023d8e11cf8dd1e994b766d591,55.959134751814815,50.925845594557714,569.7520381273594,True,,Q2_balanced,2,balanced,8,32,hurricane:EP031994__EP031978:a0.5|CPS-2F,0.5,CPS-2F,,"{""domain"": ""hurricane"", ""pair"": ""EP031994__EP031978"", ""case"": ""hurricane:EP031994__EP031978:a0.5"", ""nA"": 29, ""nB"": 35, ""units"": ""projected km"", ""alpha"": 0.5, ""s_A"": 111.91826950362963, ""s_B"": 101.85169118911543, ""delta1"": 55.959134751814815, ""delta2"": 50.925845594557714, ""delta3"": 569.7520381273594, ""input_file"": ""output\\paper_v1\\hurricane_final_20\\inputs\\hurricane_EP031994__EP031978.npz"", ""method"": ""CPS-2F"", ""diagnostic"": ""final20_32"", ""certificate"": false, ""input_sha256"": ""1d28bc38a35762d764489667768030a48b0d3b023d8e11cf8dd1e994b766d591"", ""algorithms"": {""curve_algorithms.py"": ""85e1f6444f23091810a3042decc3e2945a273d2b83cb5da3c6b76f8b495c98e7"", ""cps_paper_algorithms.py"": ""49bca757aacc4d81c9263416c79b91da6fbb2df5358e9e4bb80d97d08802d876""}, ""graph_limits"": {""seconds"": 55.0, ""max_states"": 100000, ""max_transitions"": 20000000, ""max_chain_edges"": 800000}, ""phase_budgets"": {""startup"": 60.0, ""input_loading"": 15.0, ""warmup"": 120.0, ""solver"": 60.0, ""checkpoint"": 5.0, ""validation"": 30.0, ""optional_measurements"": 30.0, ""reporting"": 10.0}, ""memory_mib"": 512, ""configuration_id"": ""hurricane:EP031994__EP031978:a0.5|CPS-2F""}"
hurricane,EP021985__EP181984,41,36,projected km,output\paper_v1\hurricane_final_20\inputs\hurricane_EP021985__EP181984.npz,55cb19cbe18e96961f064d76de7fb24a5594e61c951d573b5bcccb3346af57b6,43.37875585432532,36.58753352077068,472.3424551981962,True,,Q3_balanced,3,balanced,9,33,hurricane:EP021985__EP181984:a0.5|Independent continuous,0.5,Independent continuous,,"{""domain"": ""hurricane"", ""pair"": ""EP021985__EP181984"", ""case"": ""hurricane:EP021985__EP181984:a0.5"", ""nA"": 41, ""nB"": 36, ""units"": ""projected km"", ""alpha"": 0.5, ""s_A"": 86.75751170865064, ""s_B"": 73.17506704154135, ""delta1"": 43.37875585432532, ""delta2"": 36.58753352077068, ""delta3"": 472.3424551981962, ""input_file"": ""output\\paper_v1\\hurricane_final_20\\inputs\\hurricane_EP021985__EP181984.npz"", ""method"": ""Independent continuous"", ""diagnostic"": ""final20_33"", ""certificate"": false, ""input_sha256"": ""55cb19cbe18e96961f064d76de7fb24a5594e61c951d573b5bcccb3346af57b6"", ""algorithms"": {""curve_algorithms.py"": ""85e1f6444f23091810a3042decc3e2945a273d2b83cb5da3c6b76f8b495c98e7"", ""cps_paper_algorithms.py"": ""49bca757aacc4d81c9263416c79b91da6fbb2df5358e9e4bb80d97d08802d876""}, ""graph_limits"": {""seconds"": 55.0, ""max_states"": 100000, ""max_transitions"": 20000000, ""max_chain_edges"": 800000}, ""phase_budgets"": {""startup"": 60.0, ""input_loading"": 15.0, ""warmup"": 120.0, ""solver"": 60.0, ""checkpoint"": 5.0, ""validation"": 30.0, ""optional_measurements"": 30.0, ""reporting"": 10.0}, ""memory_mib"": 512, ""configuration_id"": ""hurricane:EP021985__EP181984:a0.5|Independent continuous""}"
hurricane,EP021985__EP181984,41,36,projected km,output\paper_v1\hurricane_final_20\inputs\hurricane_EP021985__EP181984.npz,55cb19cbe18e96961f064d76de7fb24a5594e61c951d573b5bcccb3346af57b6,43.37875585432532,36.58753352077068,472.3424551981962,True,,Q3_balanced,3,balanced,9,34,hurricane:EP021985__EP181984:a0.5|Independent discrete,0.5,Independent discrete,,"{""domain"": ""hurricane"", ""pair"": ""EP021985__EP181984"", ""case"": ""hurricane:EP021985__EP181984:a0.5"", ""nA"": 41, ""nB"": 36, ""units"": ""projected km"", ""alpha"": 0.5, ""s_A"": 86.75751170865064, ""s_B"": 73.17506704154135, ""delta1"": 43.37875585432532, ""delta2"": 36.58753352077068, ""delta3"": 472.3424551981962, ""input_file"": ""output\\paper_v1\\hurricane_final_20\\inputs\\hurricane_EP021985__EP181984.npz"", ""method"": ""Independent discrete"", ""diagnostic"": ""final20_34"", ""certificate"": false, ""input_sha256"": ""55cb19cbe18e96961f064d76de7fb24a5594e61c951d573b5bcccb3346af57b6"", ""algorithms"": {""curve_algorithms.py"": ""85e1f6444f23091810a3042decc3e2945a273d2b83cb5da3c6b76f8b495c98e7"", ""cps_paper_algorithms.py"": ""49bca757aacc4d81c9263416c79b91da6fbb2df5358e9e4bb80d97d08802d876""}, ""graph_limits"": {""seconds"": 55.0, ""max_states"": 100000, ""max_transitions"": 20000000, ""max_chain_edges"": 800000}, ""phase_budgets"": {""startup"": 60.0, ""input_loading"": 15.0, ""warmup"": 120.0, ""solver"": 60.0, ""checkpoint"": 5.0, ""validation"": 30.0, ""optional_measurements"": 30.0, ""reporting"": 10.0}, ""memory_mib"": 512, ""configuration_id"": ""hurricane:EP021985__EP181984:a0.5|Independent discrete""}"
hurricane,EP021985__EP181984,41,36,projected km,output\paper_v1\hurricane_final_20\inputs\hurricane_EP021985__EP181984.npz,55cb19cbe18e96961f064d76de7fb24a5594e61c951d573b5bcccb3346af57b6,43.37875585432532,36.58753352077068,472.3424551981962,True,,Q3_balanced,3,balanced,9,35,hurricane:EP021985__EP181984:a0.5|CPS-2F,0.5,CPS-2F,,"{""domain"": ""hurricane"", ""pair"": ""EP021985__EP181984"", ""case"": ""hurricane:EP021985__EP181984:a0.5"", ""nA"": 41, ""nB"": 36, ""units"": ""projected km"", ""alpha"": 0.5, ""s_A"": 86.75751170865064, ""s_B"": 73.17506704154135, ""delta1"": 43.37875585432532, ""delta2"": 36.58753352077068, ""delta3"": 472.3424551981962, ""input_file"": ""output\\paper_v1\\hurricane_final_20\\inputs\\hurricane_EP021985__EP181984.npz"", ""method"": ""CPS-2F"", ""diagnostic"": ""final20_35"", ""certificate"": false, ""input_sha256"": ""55cb19cbe18e96961f064d76de7fb24a5594e61c951d573b5bcccb3346af57b6"", ""algorithms"": {""curve_algorithms.py"": ""85e1f6444f23091810a3042decc3e2945a273d2b83cb5da3c6b76f8b495c98e7"", ""cps_paper_algorithms.py"": ""49bca757aacc4d81c9263416c79b91da6fbb2df5358e9e4bb80d97d08802d876""}, ""graph_limits"": {""seconds"": 55.0, ""max_states"": 100000, ""max_transitions"": 20000000, ""max_chain_edges"": 800000}, ""phase_budgets"": {""startup"": 60.0, ""input_loading"": 15.0, ""warmup"": 120.0, ""solver"": 60.0, ""checkpoint"": 5.0, ""validation"": 30.0, ""optional_measurements"": 30.0, ""reporting"": 10.0}, ""memory_mib"": 512, ""configuration_id"": ""hurricane:EP021985__EP181984:a0.5|CPS-2F""}"
hurricane,EP021985__EP181984,41,36,projected km,output\paper_v1\hurricane_final_20\inputs\hurricane_EP021985__EP181984.npz,55cb19cbe18e96961f064d76de7fb24a5594e61c951d573b5bcccb3346af57b6,43.37875585432532,36.58753352077068,472.3424551981962,True,,Q3_balanced,3,balanced,9,36,hurricane:EP021985__EP181984:a0.5|CPS-3F,0.5,CPS-3F,,"{""domain"": ""hurricane"", ""pair"": ""EP021985__EP181984"", ""case"": ""hurricane:EP021985__EP181984:a0.5"", ""nA"": 41, ""nB"": 36, ""units"": ""projected km"", ""alpha"": 0.5, ""s_A"": 86.75751170865064, ""s_B"": 73.17506704154135, ""delta1"": 43.37875585432532, ""delta2"": 36.58753352077068, ""delta3"": 472.3424551981962, ""input_file"": ""output\\paper_v1\\hurricane_final_20\\inputs\\hurricane_EP021985__EP181984.npz"", ""method"": ""CPS-3F"", ""diagnostic"": ""final20_36"", ""certificate"": false, ""input_sha256"": ""55cb19cbe18e96961f064d76de7fb24a5594e61c951d573b5bcccb3346af57b6"", ""algorithms"": {""curve_algorithms.py"": ""85e1f6444f23091810a3042decc3e2945a273d2b83cb5da3c6b76f8b495c98e7"", ""cps_paper_algorithms.py"": ""49bca757aacc4d81c9263416c79b91da6fbb2df5358e9e4bb80d97d08802d876""}, ""graph_limits"": {""seconds"": 55.0, ""max_states"": 100000, ""max_transitions"": 20000000, ""max_chain_edges"": 800000}, ""phase_budgets"": {""startup"": 60.0, ""input_loading"": 15.0, ""warmup"": 120.0, ""solver"": 60.0, ""checkpoint"": 5.0, ""validation"": 30.0, ""optional_measurements"": 30.0, ""reporting"": 10.0}, ""memory_mib"": 512, ""configuration_id"": ""hurricane:EP021985__EP181984:a0.5|CPS-3F""}"
hurricane,AL101886__AL051950,25,38,projected km,output\paper_v1\hurricane_final_20\inputs\hurricane_AL101886__AL051950.npz,f25f94d3a701d9a25b14646dc7b39b615e35be775c28cac17d3aa907bd4c8de6,43.474298909026594,35.76313176940481,820.0003849815315,True,,Q3_unequal,3,unequal,10,37,hurricane:AL101886__AL051950:a0.5|Independent discrete,0.5,Independent discrete,,"{""domain"": ""hurricane"", ""pair"": ""AL101886__AL051950"", ""case"": ""hurricane:AL101886__AL051950:a0.5"", ""nA"": 25, ""nB"": 38, ""units"": ""projected km"", ""alpha"": 0.5, ""s_A"": 86.94859781805319, ""s_B"": 71.52626353880962, ""delta1"": 43.474298909026594, ""delta2"": 35.76313176940481, ""delta3"": 820.0003849815315, ""input_file"": ""output\\paper_v1\\hurricane_final_20\\inputs\\hurricane_AL101886__AL051950.npz"", ""method"": ""Independent discrete"", ""diagnostic"": ""final20_37"", ""certificate"": false, ""input_sha256"": ""f25f94d3a701d9a25b14646dc7b39b615e35be775c28cac17d3aa907bd4c8de6"", ""algorithms"": {""curve_algorithms.py"": ""85e1f6444f23091810a3042decc3e2945a273d2b83cb5da3c6b76f8b495c98e7"", ""cps_paper_algorithms.py"": ""49bca757aacc4d81c9263416c79b91da6fbb2df5358e9e4bb80d97d08802d876""}, ""graph_limits"": {""seconds"": 55.0, ""max_states"": 100000, ""max_transitions"": 20000000, ""max_chain_edges"": 800000}, ""phase_budgets"": {""startup"": 60.0, ""input_loading"": 15.0, ""warmup"": 120.0, ""solver"": 60.0, ""checkpoint"": 5.0, ""validation"": 30.0, ""optional_measurements"": 30.0, ""reporting"": 10.0}, ""memory_mib"": 512, ""configuration_id"": ""hurricane:AL101886__AL051950:a0.5|Independent discrete""}"
hurricane,AL101886__AL051950,25,38,projected km,output\paper_v1\hurricane_final_20\inputs\hurricane_AL101886__AL051950.npz,f25f94d3a701d9a25b14646dc7b39b615e35be775c28cac17d3aa907bd4c8de6,43.474298909026594,35.76313176940481,820.0003849815315,True,,Q3_unequal,3,unequal,10,38,hurricane:AL101886__AL051950:a0.5|CPS-2F,0.5,CPS-2F,,"{""domain"": ""hurricane"", ""pair"": ""AL101886__AL051950"", ""case"": ""hurricane:AL101886__AL051950:a0.5"", ""nA"": 25, ""nB"": 38, ""units"": ""projected km"", ""alpha"": 0.5, ""s_A"": 86.94859781805319, ""s_B"": 71.52626353880962, ""delta1"": 43.474298909026594, ""delta2"": 35.76313176940481, ""delta3"": 820.0003849815315, ""input_file"": ""output\\paper_v1\\hurricane_final_20\\inputs\\hurricane_AL101886__AL051950.npz"", ""method"": ""CPS-2F"", ""diagnostic"": ""final20_38"", ""certificate"": false, ""input_sha256"": ""f25f94d3a701d9a25b14646dc7b39b615e35be775c28cac17d3aa907bd4c8de6"", ""algorithms"": {""curve_algorithms.py"": ""85e1f6444f23091810a3042decc3e2945a273d2b83cb5da3c6b76f8b495c98e7"", ""cps_paper_algorithms.py"": ""49bca757aacc4d81c9263416c79b91da6fbb2df5358e9e4bb80d97d08802d876""}, ""graph_limits"": {""seconds"": 55.0, ""max_states"": 100000, ""max_transitions"": 20000000, ""max_chain_edges"": 800000}, ""phase_budgets"": {""startup"": 60.0, ""input_loading"": 15.0, ""warmup"": 120.0, ""solver"": 60.0, ""checkpoint"": 5.0, ""validation"": 30.0, ""optional_measurements"": 30.0, ""reporting"": 10.0}, ""memory_mib"": 512, ""configuration_id"": ""hurricane:AL101886__AL051950:a0.5|CPS-2F""}"
hurricane,AL101886__AL051950,25,38,projected km,output\paper_v1\hurricane_final_20\inputs\hurricane_AL101886__AL051950.npz,f25f94d3a701d9a25b14646dc7b39b615e35be775c28cac17d3aa907bd4c8de6,43.474298909026594,35.76313176940481,820.0003849815315,True,,Q3_unequal,3,unequal,10,39,hurricane:AL101886__AL051950:a0.5|CPS-3F,0.5,CPS-3F,,"{""domain"": ""hurricane"", ""pair"": ""AL101886__AL051950"", ""case"": ""hurricane:AL101886__AL051950:a0.5"", ""nA"": 25, ""nB"": 38, ""units"": ""projected km"", ""alpha"": 0.5, ""s_A"": 86.94859781805319, ""s_B"": 71.52626353880962, ""delta1"": 43.474298909026594, ""delta2"": 35.76313176940481, ""delta3"": 820.0003849815315, ""input_file"": ""output\\paper_v1\\hurricane_final_20\\inputs\\hurricane_AL101886__AL051950.npz"", ""method"": ""CPS-3F"", ""diagnostic"": ""final20_39"", ""certificate"": false, ""input_sha256"": ""f25f94d3a701d9a25b14646dc7b39b615e35be775c28cac17d3aa907bd4c8de6"", ""algorithms"": {""curve_algorithms.py"": ""85e1f6444f23091810a3042decc3e2945a273d2b83cb5da3c6b76f8b495c98e7"", ""cps_paper_algorithms.py"": ""49bca757aacc4d81c9263416c79b91da6fbb2df5358e9e4bb80d97d08802d876""}, ""graph_limits"": {""seconds"": 55.0, ""max_states"": 100000, ""max_transitions"": 20000000, ""max_chain_edges"": 800000}, ""phase_budgets"": {""startup"": 60.0, ""input_loading"": 15.0, ""warmup"": 120.0, ""solver"": 60.0, ""checkpoint"": 5.0, ""validation"": 30.0, ""optional_measurements"": 30.0, ""reporting"": 10.0}, ""memory_mib"": 512, ""configuration_id"": ""hurricane:AL101886__AL051950:a0.5|CPS-3F""}"
hurricane,AL101886__AL051950,25,38,projected km,output\paper_v1\hurricane_final_20\inputs\hurricane_AL101886__AL051950.npz,f25f94d3a701d9a25b14646dc7b39b615e35be775c28cac17d3aa907bd4c8de6,43.474298909026594,35.76313176940481,820.0003849815315,True,,Q3_unequal,3,unequal,10,40,hurricane:AL101886__AL051950:a0.5|Independent continuous,0.5,Independent continuous,,"{""domain"": ""hurricane"", ""pair"": ""AL101886__AL051950"", ""case"": ""hurricane:AL101886__AL051950:a0.5"", ""nA"": 25, ""nB"": 38, ""units"": ""projected km"", ""alpha"": 0.5, ""s_A"": 86.94859781805319, ""s_B"": 71.52626353880962, ""delta1"": 43.474298909026594, ""delta2"": 35.76313176940481, ""delta3"": 820.0003849815315, ""input_file"": ""output\\paper_v1\\hurricane_final_20\\inputs\\hurricane_AL101886__AL051950.npz"", ""method"": ""Independent continuous"", ""diagnostic"": ""final20_40"", ""certificate"": false, ""input_sha256"": ""f25f94d3a701d9a25b14646dc7b39b615e35be775c28cac17d3aa907bd4c8de6"", ""algorithms"": {""curve_algorithms.py"": ""85e1f6444f23091810a3042decc3e2945a273d2b83cb5da3c6b76f8b495c98e7"", ""cps_paper_algorithms.py"": ""49bca757aacc4d81c9263416c79b91da6fbb2df5358e9e4bb80d97d08802d876""}, ""graph_limits"": {""seconds"": 55.0, ""max_states"": 100000, ""max_transitions"": 20000000, ""max_chain_edges"": 800000}, ""phase_budgets"": {""startup"": 60.0, ""input_loading"": 15.0, ""warmup"": 120.0, ""solver"": 60.0, ""checkpoint"": 5.0, ""validation"": 30.0, ""optional_measurements"": 30.0, ""reporting"": 10.0}, ""memory_mib"": 512, ""configuration_id"": ""hurricane:AL101886__AL051950:a0.5|Independent continuous""}"
hurricane,AL091947__AL011953,36,53,projected km,output\paper_v1\hurricane_final_20\inputs\hurricane_AL091947__AL011953.npz,4031a8fd96ff75fa97fa22b47e517942f0d69918d5e7e816aeefb1b31df04589,52.29511935829839,32.915760399141355,1009.5226098832308,True,,Q4_balanced,4,balanced,11,41,hurricane:AL091947__AL011953:a0.5|CPS-2F,0.5,CPS-2F,,"{""domain"": ""hurricane"", ""pair"": ""AL091947__AL011953"", ""case"": ""hurricane:AL091947__AL011953:a0.5"", ""nA"": 36, ""nB"": 53, ""units"": ""projected km"", ""alpha"": 0.5, ""s_A"": 104.59023871659679, ""s_B"": 65.83152079828271, ""delta1"": 52.29511935829839, ""delta2"": 32.915760399141355, ""delta3"": 1009.5226098832308, ""input_file"": ""output\\paper_v1\\hurricane_final_20\\inputs\\hurricane_AL091947__AL011953.npz"", ""method"": ""CPS-2F"", ""diagnostic"": ""final20_41"", ""certificate"": false, ""input_sha256"": ""4031a8fd96ff75fa97fa22b47e517942f0d69918d5e7e816aeefb1b31df04589"", ""algorithms"": {""curve_algorithms.py"": ""85e1f6444f23091810a3042decc3e2945a273d2b83cb5da3c6b76f8b495c98e7"", ""cps_paper_algorithms.py"": ""49bca757aacc4d81c9263416c79b91da6fbb2df5358e9e4bb80d97d08802d876""}, ""graph_limits"": {""seconds"": 55.0, ""max_states"": 100000, ""max_transitions"": 20000000, ""max_chain_edges"": 800000}, ""phase_budgets"": {""startup"": 60.0, ""input_loading"": 15.0, ""warmup"": 120.0, ""solver"": 60.0, ""checkpoint"": 5.0, ""validation"": 30.0, ""optional_measurements"": 30.0, ""reporting"": 10.0}, ""memory_mib"": 512, ""configuration_id"": ""hurricane:AL091947__AL011953:a0.5|CPS-2F""}"
hurricane,AL091947__AL011953,36,53,projected km,output\paper_v1\hurricane_final_20\inputs\hurricane_AL091947__AL011953.npz,4031a8fd96ff75fa97fa22b47e517942f0d69918d5e7e816aeefb1b31df04589,52.29511935829839,32.915760399141355,1009.5226098832308,True,,Q4_balanced,4,balanced,11,42,hurricane:AL091947__AL011953:a0.5|CPS-3F,0.5,CPS-3F,,"{""domain"": ""hurricane"", ""pair"": ""AL091947__AL011953"", ""case"": ""hurricane:AL091947__AL011953:a0.5"", ""nA"": 36, ""nB"": 53, ""units"": ""projected km"", ""alpha"": 0.5, ""s_A"": 104.59023871659679, ""s_B"": 65.83152079828271, ""delta1"": 52.29511935829839, ""delta2"": 32.915760399141355, ""delta3"": 1009.5226098832308, ""input_file"": ""output\\paper_v1\\hurricane_final_20\\inputs\\hurricane_AL091947__AL011953.npz"", ""method"": ""CPS-3F"", ""diagnostic"": ""final20_42"", ""certificate"": false, ""input_sha256"": ""4031a8fd96ff75fa97fa22b47e517942f0d69918d5e7e816aeefb1b31df04589"", ""algorithms"": {""curve_algorithms.py"": ""85e1f6444f23091810a3042decc3e2945a273d2b83cb5da3c6b76f8b495c98e7"", ""cps_paper_algorithms.py"": ""49bca757aacc4d81c9263416c79b91da6fbb2df5358e9e4bb80d97d08802d876""}, ""graph_limits"": {""seconds"": 55.0, ""max_states"": 100000, ""max_transitions"": 20000000, ""max_chain_edges"": 800000}, ""phase_budgets"": {""startup"": 60.0, ""input_loading"": 15.0, ""warmup"": 120.0, ""solver"": 60.0, ""checkpoint"": 5.0, ""validation"": 30.0, ""optional_measurements"": 30.0, ""reporting"": 10.0}, ""memory_mib"": 512, ""configuration_id"": ""hurricane:AL091947__AL011953:a0.5|CPS-3F""}"
hurricane,AL091947__AL011953,36,53,projected km,output\paper_v1\hurricane_final_20\inputs\hurricane_AL091947__AL011953.npz,4031a8fd96ff75fa97fa22b47e517942f0d69918d5e7e816aeefb1b31df04589,52.29511935829839,32.915760399141355,1009.5226098832308,True,,Q4_balanced,4,balanced,11,43,hurricane:AL091947__AL011953:a0.5|Independent continuous,0.5,Independent continuous,,"{""domain"": ""hurricane"", ""pair"": ""AL091947__AL011953"", ""case"": ""hurricane:AL091947__AL011953:a0.5"", ""nA"": 36, ""nB"": 53, ""units"": ""projected km"", ""alpha"": 0.5, ""s_A"": 104.59023871659679, ""s_B"": 65.83152079828271, ""delta1"": 52.29511935829839, ""delta2"": 32.915760399141355, ""delta3"": 1009.5226098832308, ""input_file"": ""output\\paper_v1\\hurricane_final_20\\inputs\\hurricane_AL091947__AL011953.npz"", ""method"": ""Independent continuous"", ""diagnostic"": ""final20_43"", ""certificate"": false, ""input_sha256"": ""4031a8fd96ff75fa97fa22b47e517942f0d69918d5e7e816aeefb1b31df04589"", ""algorithms"": {""curve_algorithms.py"": ""85e1f6444f23091810a3042decc3e2945a273d2b83cb5da3c6b76f8b495c98e7"", ""cps_paper_algorithms.py"": ""49bca757aacc4d81c9263416c79b91da6fbb2df5358e9e4bb80d97d08802d876""}, ""graph_limits"": {""seconds"": 55.0, ""max_states"": 100000, ""max_transitions"": 20000000, ""max_chain_edges"": 800000}, ""phase_budgets"": {""startup"": 60.0, ""input_loading"": 15.0, ""warmup"": 120.0, ""solver"": 60.0, ""checkpoint"": 5.0, ""validation"": 30.0, ""optional_measurements"": 30.0, ""reporting"": 10.0}, ""memory_mib"": 512, ""configuration_id"": ""hurricane:AL091947__AL011953:a0.5|Independent continuous""}"
hurricane,AL091947__AL011953,36,53,projected km,output\paper_v1\hurricane_final_20\inputs\hurricane_AL091947__AL011953.npz,4031a8fd96ff75fa97fa22b47e517942f0d69918d5e7e816aeefb1b31df04589,52.29511935829839,32.915760399141355,1009.5226098832308,True,,Q4_balanced,4,balanced,11,44,hurricane:AL091947__AL011953:a0.5|Independent discrete,0.5,Independent discrete,,"{""domain"": ""hurricane"", ""pair"": ""AL091947__AL011953"", ""case"": ""hurricane:AL091947__AL011953:a0.5"", ""nA"": 36, ""nB"": 53, ""units"": ""projected km"", ""alpha"": 0.5, ""s_A"": 104.59023871659679, ""s_B"": 65.83152079828271, ""delta1"": 52.29511935829839, ""delta2"": 32.915760399141355, ""delta3"": 1009.5226098832308, ""input_file"": ""output\\paper_v1\\hurricane_final_20\\inputs\\hurricane_AL091947__AL011953.npz"", ""method"": ""Independent discrete"", ""diagnostic"": ""final20_44"", ""certificate"": false, ""input_sha256"": ""4031a8fd96ff75fa97fa22b47e517942f0d69918d5e7e816aeefb1b31df04589"", ""algorithms"": {""curve_algorithms.py"": ""85e1f6444f23091810a3042decc3e2945a273d2b83cb5da3c6b76f8b495c98e7"", ""cps_paper_algorithms.py"": ""49bca757aacc4d81c9263416c79b91da6fbb2df5358e9e4bb80d97d08802d876""}, ""graph_limits"": {""seconds"": 55.0, ""max_states"": 100000, ""max_transitions"": 20000000, ""max_chain_edges"": 800000}, ""phase_budgets"": {""startup"": 60.0, ""input_loading"": 15.0, ""warmup"": 120.0, ""solver"": 60.0, ""checkpoint"": 5.0, ""validation"": 30.0, ""optional_measurements"": 30.0, ""reporting"": 10.0}, ""memory_mib"": 512, ""configuration_id"": ""hurricane:AL091947__AL011953:a0.5|Independent discrete""}"
hurricane,EP072011__EP092011,26,50,projected km,output\paper_v1\hurricane_final_20\inputs\hurricane_EP072011__EP092011.npz,713b56e638ff3d937cd45d4d877fd079194042f824e2bf0397f43daf6fc357df,61.390107461780424,38.9242234382456,401.5857984622588,True,,Q4_unequal,4,unequal,12,45,hurricane:EP072011__EP092011:a0.5|CPS-3F,0.5,CPS-3F,,"{""domain"": ""hurricane"", ""pair"": ""EP072011__EP092011"", ""case"": ""hurricane:EP072011__EP092011:a0.5"", ""nA"": 26, ""nB"": 50, ""units"": ""projected km"", ""alpha"": 0.5, ""s_A"": 122.78021492356085, ""s_B"": 77.8484468764912, ""delta1"": 61.390107461780424, ""delta2"": 38.9242234382456, ""delta3"": 401.5857984622588, ""input_file"": ""output\\paper_v1\\hurricane_final_20\\inputs\\hurricane_EP072011__EP092011.npz"", ""method"": ""CPS-3F"", ""diagnostic"": ""final20_45"", ""certificate"": false, ""input_sha256"": ""713b56e638ff3d937cd45d4d877fd079194042f824e2bf0397f43daf6fc357df"", ""algorithms"": {""curve_algorithms.py"": ""85e1f6444f23091810a3042decc3e2945a273d2b83cb5da3c6b76f8b495c98e7"", ""cps_paper_algorithms.py"": ""49bca757aacc4d81c9263416c79b91da6fbb2df5358e9e4bb80d97d08802d876""}, ""graph_limits"": {""seconds"": 55.0, ""max_states"": 100000, ""max_transitions"": 20000000, ""max_chain_edges"": 800000}, ""phase_budgets"": {""startup"": 60.0, ""input_loading"": 15.0, ""warmup"": 120.0, ""solver"": 60.0, ""checkpoint"": 5.0, ""validation"": 30.0, ""optional_measurements"": 30.0, ""reporting"": 10.0}, ""memory_mib"": 512, ""configuration_id"": ""hurricane:EP072011__EP092011:a0.5|CPS-3F""}"
hurricane,EP072011__EP092011,26,50,projected km,output\paper_v1\hurricane_final_20\inputs\hurricane_EP072011__EP092011.npz,713b56e638ff3d937cd45d4d877fd079194042f824e2bf0397f43daf6fc357df,61.390107461780424,38.9242234382456,401.5857984622588,True,,Q4_unequal,4,unequal,12,46,hurricane:EP072011__EP092011:a0.5|Independent continuous,0.5,Independent continuous,,"{""domain"": ""hurricane"", ""pair"": ""EP072011__EP092011"", ""case"": ""hurricane:EP072011__EP092011:a0.5"", ""nA"": 26, ""nB"": 50, ""units"": ""projected km"", ""alpha"": 0.5, ""s_A"": 122.78021492356085, ""s_B"": 77.8484468764912, ""delta1"": 61.390107461780424, ""delta2"": 38.9242234382456, ""delta3"": 401.5857984622588, ""input_file"": ""output\\paper_v1\\hurricane_final_20\\inputs\\hurricane_EP072011__EP092011.npz"", ""method"": ""Independent continuous"", ""diagnostic"": ""final20_46"", ""certificate"": false, ""input_sha256"": ""713b56e638ff3d937cd45d4d877fd079194042f824e2bf0397f43daf6fc357df"", ""algorithms"": {""curve_algorithms.py"": ""85e1f6444f23091810a3042decc3e2945a273d2b83cb5da3c6b76f8b495c98e7"", ""cps_paper_algorithms.py"": ""49bca757aacc4d81c9263416c79b91da6fbb2df5358e9e4bb80d97d08802d876""}, ""graph_limits"": {""seconds"": 55.0, ""max_states"": 100000, ""max_transitions"": 20000000, ""max_chain_edges"": 800000}, ""phase_budgets"": {""startup"": 60.0, ""input_loading"": 15.0, ""warmup"": 120.0, ""solver"": 60.0, ""checkpoint"": 5.0, ""validation"": 30.0, ""optional_measurements"": 30.0, ""reporting"": 10.0}, ""memory_mib"": 512, ""configuration_id"": ""hurricane:EP072011__EP092011:a0.5|Independent continuous""}"
hurricane,EP072011__EP092011,26,50,projected km,output\paper_v1\hurricane_final_20\inputs\hurricane_EP072011__EP092011.npz,713b56e638ff3d937cd45d4d877fd079194042f824e2bf0397f43daf6fc357df,61.390107461780424,38.9242234382456,401.5857984622588,True,,Q4_unequal,4,unequal,12,47,hurricane:EP072011__EP092011:a0.5|Independent discrete,0.5,Independent discrete,,"{""domain"": ""hurricane"", ""pair"": ""EP072011__EP092011"", ""case"": ""hurricane:EP072011__EP092011:a0.5"", ""nA"": 26, ""nB"": 50, ""units"": ""projected km"", ""alpha"": 0.5, ""s_A"": 122.78021492356085, ""s_B"": 77.8484468764912, ""delta1"": 61.390107461780424, ""delta2"": 38.9242234382456, ""delta3"": 401.5857984622588, ""input_file"": ""output\\paper_v1\\hurricane_final_20\\inputs\\hurricane_EP072011__EP092011.npz"", ""method"": ""Independent discrete"", ""diagnostic"": ""final20_47"", ""certificate"": false, ""input_sha256"": ""713b56e638ff3d937cd45d4d877fd079194042f824e2bf0397f43daf6fc357df"", ""algorithms"": {""curve_algorithms.py"": ""85e1f6444f23091810a3042decc3e2945a273d2b83cb5da3c6b76f8b495c98e7"", ""cps_paper_algorithms.py"": ""49bca757aacc4d81c9263416c79b91da6fbb2df5358e9e4bb80d97d08802d876""}, ""graph_limits"": {""seconds"": 55.0, ""max_states"": 100000, ""max_transitions"": 20000000, ""max_chain_edges"": 800000}, ""phase_budgets"": {""startup"": 60.0, ""input_loading"": 15.0, ""warmup"": 120.0, ""solver"": 60.0, ""checkpoint"": 5.0, ""validation"": 30.0, ""optional_measurements"": 30.0, ""reporting"": 10.0}, ""memory_mib"": 512, ""configuration_id"": ""hurricane:EP072011__EP092011:a0.5|Independent discrete""}"
hurricane,EP072011__EP092011,26,50,projected km,output\paper_v1\hurricane_final_20\inputs\hurricane_EP072011__EP092011.npz,713b56e638ff3d937cd45d4d877fd079194042f824e2bf0397f43daf6fc357df,61.390107461780424,38.9242234382456,401.5857984622588,True,,Q4_unequal,4,unequal,12,48,hurricane:EP072011__EP092011:a0.5|CPS-2F,0.5,CPS-2F,,"{""domain"": ""hurricane"", ""pair"": ""EP072011__EP092011"", ""case"": ""hurricane:EP072011__EP092011:a0.5"", ""nA"": 26, ""nB"": 50, ""units"": ""projected km"", ""alpha"": 0.5, ""s_A"": 122.78021492356085, ""s_B"": 77.8484468764912, ""delta1"": 61.390107461780424, ""delta2"": 38.9242234382456, ""delta3"": 401.5857984622588, ""input_file"": ""output\\paper_v1\\hurricane_final_20\\inputs\\hurricane_EP072011__EP092011.npz"", ""method"": ""CPS-2F"", ""diagnostic"": ""final20_48"", ""certificate"": false, ""input_sha256"": ""713b56e638ff3d937cd45d4d877fd079194042f824e2bf0397f43daf6fc357df"", ""algorithms"": {""curve_algorithms.py"": ""85e1f6444f23091810a3042decc3e2945a273d2b83cb5da3c6b76f8b495c98e7"", ""cps_paper_algorithms.py"": ""49bca757aacc4d81c9263416c79b91da6fbb2df5358e9e4bb80d97d08802d876""}, ""graph_limits"": {""seconds"": 55.0, ""max_states"": 100000, ""max_transitions"": 20000000, ""max_chain_edges"": 800000}, ""phase_budgets"": {""startup"": 60.0, ""input_loading"": 15.0, ""warmup"": 120.0, ""solver"": 60.0, ""checkpoint"": 5.0, ""validation"": 30.0, ""optional_measurements"": 30.0, ""reporting"": 10.0}, ""memory_mib"": 512, ""configuration_id"": ""hurricane:EP072011__EP092011:a0.5|CPS-2F""}"
hurricane,AL171980__AL112009,25,31,projected km,output\paper_v1\hurricane_final_20\inputs\hurricane_AL171980__AL112009.npz,5de1fe8932de570845156bf23d5f0b282c1e5938a22df37324c8f517a6fe250f,46.16236679818303,45.7059501167157,581.976309646647,True,,Q1_balanced,1,balanced,13,49,hurricane:AL171980__AL112009:a0.5|Independent continuous,0.5,Independent continuous,,"{""domain"": ""hurricane"", ""pair"": ""AL171980__AL112009"", ""case"": ""hurricane:AL171980__AL112009:a0.5"", ""nA"": 25, ""nB"": 31, ""units"": ""projected km"", ""alpha"": 0.5, ""s_A"": 92.32473359636606, ""s_B"": 91.4119002334314, ""delta1"": 46.16236679818303, ""delta2"": 45.7059501167157, ""delta3"": 581.976309646647, ""input_file"": ""output\\paper_v1\\hurricane_final_20\\inputs\\hurricane_AL171980__AL112009.npz"", ""method"": ""Independent continuous"", ""diagnostic"": ""final20_49"", ""certificate"": false, ""input_sha256"": ""5de1fe8932de570845156bf23d5f0b282c1e5938a22df37324c8f517a6fe250f"", ""algorithms"": {""curve_algorithms.py"": ""85e1f6444f23091810a3042decc3e2945a273d2b83cb5da3c6b76f8b495c98e7"", ""cps_paper_algorithms.py"": ""49bca757aacc4d81c9263416c79b91da6fbb2df5358e9e4bb80d97d08802d876""}, ""graph_limits"": {""seconds"": 55.0, ""max_states"": 100000, ""max_transitions"": 20000000, ""max_chain_edges"": 800000}, ""phase_budgets"": {""startup"": 60.0, ""input_loading"": 15.0, ""warmup"": 120.0, ""solver"": 60.0, ""checkpoint"": 5.0, ""validation"": 30.0, ""optional_measurements"": 30.0, ""reporting"": 10.0}, ""memory_mib"": 512, ""configuration_id"": ""hurricane:AL171980__AL112009:a0.5|Independent continuous""}"
hurricane,AL171980__AL112009,25,31,projected km,output\paper_v1\hurricane_final_20\inputs\hurricane_AL171980__AL112009.npz,5de1fe8932de570845156bf23d5f0b282c1e5938a22df37324c8f517a6fe250f,46.16236679818303,45.7059501167157,581.976309646647,True,,Q1_balanced,1,balanced,13,50,hurricane:AL171980__AL112009:a0.5|Independent discrete,0.5,Independent discrete,,"{""domain"": ""hurricane"", ""pair"": ""AL171980__AL112009"", ""case"": ""hurricane:AL171980__AL112009:a0.5"", ""nA"": 25, ""nB"": 31, ""units"": ""projected km"", ""alpha"": 0.5, ""s_A"": 92.32473359636606, ""s_B"": 91.4119002334314, ""delta1"": 46.16236679818303, ""delta2"": 45.7059501167157, ""delta3"": 581.976309646647, ""input_file"": ""output\\paper_v1\\hurricane_final_20\\inputs\\hurricane_AL171980__AL112009.npz"", ""method"": ""Independent discrete"", ""diagnostic"": ""final20_50"", ""certificate"": false, ""input_sha256"": ""5de1fe8932de570845156bf23d5f0b282c1e5938a22df37324c8f517a6fe250f"", ""algorithms"": {""curve_algorithms.py"": ""85e1f6444f23091810a3042decc3e2945a273d2b83cb5da3c6b76f8b495c98e7"", ""cps_paper_algorithms.py"": ""49bca757aacc4d81c9263416c79b91da6fbb2df5358e9e4bb80d97d08802d876""}, ""graph_limits"": {""seconds"": 55.0, ""max_states"": 100000, ""max_transitions"": 20000000, ""max_chain_edges"": 800000}, ""phase_budgets"": {""startup"": 60.0, ""input_loading"": 15.0, ""warmup"": 120.0, ""solver"": 60.0, ""checkpoint"": 5.0, ""validation"": 30.0, ""optional_measurements"": 30.0, ""reporting"": 10.0}, ""memory_mib"": 512, ""configuration_id"": ""hurricane:AL171980__AL112009:a0.5|Independent discrete""}"
hurricane,AL171980__AL112009,25,31,projected km,output\paper_v1\hurricane_final_20\inputs\hurricane_AL171980__AL112009.npz,5de1fe8932de570845156bf23d5f0b282c1e5938a22df37324c8f517a6fe250f,46.16236679818303,45.7059501167157,581.976309646647,True,,Q1_balanced,1,balanced,13,51,hurricane:AL171980__AL112009:a0.5|CPS-2F,0.5,CPS-2F,,"{""domain"": ""hurricane"", ""pair"": ""AL171980__AL112009"", ""case"": ""hurricane:AL171980__AL112009:a0.5"", ""nA"": 25, ""nB"": 31, ""units"": ""projected km"", ""alpha"": 0.5, ""s_A"": 92.32473359636606, ""s_B"": 91.4119002334314, ""delta1"": 46.16236679818303, ""delta2"": 45.7059501167157, ""delta3"": 581.976309646647, ""input_file"": ""output\\paper_v1\\hurricane_final_20\\inputs\\hurricane_AL171980__AL112009.npz"", ""method"": ""CPS-2F"", ""diagnostic"": ""final20_51"", ""certificate"": false, ""input_sha256"": ""5de1fe8932de570845156bf23d5f0b282c1e5938a22df37324c8f517a6fe250f"", ""algorithms"": {""curve_algorithms.py"": ""85e1f6444f23091810a3042decc3e2945a273d2b83cb5da3c6b76f8b495c98e7"", ""cps_paper_algorithms.py"": ""49bca757aacc4d81c9263416c79b91da6fbb2df5358e9e4bb80d97d08802d876""}, ""graph_limits"": {""seconds"": 55.0, ""max_states"": 100000, ""max_transitions"": 20000000, ""max_chain_edges"": 800000}, ""phase_budgets"": {""startup"": 60.0, ""input_loading"": 15.0, ""warmup"": 120.0, ""solver"": 60.0, ""checkpoint"": 5.0, ""validation"": 30.0, ""optional_measurements"": 30.0, ""reporting"": 10.0}, ""memory_mib"": 512, ""configuration_id"": ""hurricane:AL171980__AL112009:a0.5|CPS-2F""}"
hurricane,AL171980__AL112009,25,31,projected km,output\paper_v1\hurricane_final_20\inputs\hurricane_AL171980__AL112009.npz,5de1fe8932de570845156bf23d5f0b282c1e5938a22df37324c8f517a6fe250f,46.16236679818303,45.7059501167157,581.976309646647,True,,Q1_balanced,1,balanced,13,52,hurricane:AL171980__AL112009:a0.5|CPS-3F,0.5,CPS-3F,,"{""domain"": ""hurricane"", ""pair"": ""AL171980__AL112009"", ""case"": ""hurricane:AL171980__AL112009:a0.5"", ""nA"": 25, ""nB"": 31, ""units"": ""projected km"", ""alpha"": 0.5, ""s_A"": 92.32473359636606, ""s_B"": 91.4119002334314, ""delta1"": 46.16236679818303, ""delta2"": 45.7059501167157, ""delta3"": 581.976309646647, ""input_file"": ""output\\paper_v1\\hurricane_final_20\\inputs\\hurricane_AL171980__AL112009.npz"", ""method"": ""CPS-3F"", ""diagnostic"": ""final20_52"", ""certificate"": false, ""input_sha256"": ""5de1fe8932de570845156bf23d5f0b282c1e5938a22df37324c8f517a6fe250f"", ""algorithms"": {""curve_algorithms.py"": ""85e1f6444f23091810a3042decc3e2945a273d2b83cb5da3c6b76f8b495c98e7"", ""cps_paper_algorithms.py"": ""49bca757aacc4d81c9263416c79b91da6fbb2df5358e9e4bb80d97d08802d876""}, ""graph_limits"": {""seconds"": 55.0, ""max_states"": 100000, ""max_transitions"": 20000000, ""max_chain_edges"": 800000}, ""phase_budgets"": {""startup"": 60.0, ""input_loading"": 15.0, ""warmup"": 120.0, ""solver"": 60.0, ""checkpoint"": 5.0, ""validation"": 30.0, ""optional_measurements"": 30.0, ""reporting"": 10.0}, ""memory_mib"": 512, ""configuration_id"": ""hurricane:AL171980__AL112009:a0.5|CPS-3F""}"
hurricane,AL102008__AL061989,33,36,projected km,output\paper_v1\hurricane_final_20\inputs\hurricane_AL102008__AL061989.npz,03522b5f4b1b9d80013b557a1f4bb0e1c36cd495e0a8eba67de65ca6b2db84e8,55.4905898744148,66.59347000338767,700.5236944883802,True,,Q2_balanced,2,balanced,14,53,hurricane:AL102008__AL061989:a0.5|Independent discrete,0.5,Independent discrete,,"{""domain"": ""hurricane"", ""pair"": ""AL102008__AL061989"", ""case"": ""hurricane:AL102008__AL061989:a0.5"", ""nA"": 33, ""nB"": 36, ""units"": ""projected km"", ""alpha"": 0.5, ""s_A"": 110.9811797488296, ""s_B"": 133.18694000677533, ""delta1"": 55.4905898744148, ""delta2"": 66.59347000338767, ""delta3"": 700.5236944883802, ""input_file"": ""output\\paper_v1\\hurricane_final_20\\inputs\\hurricane_AL102008__AL061989.npz"", ""method"": ""Independent discrete"", ""diagnostic"": ""final20_53"", ""certificate"": false, ""input_sha256"": ""03522b5f4b1b9d80013b557a1f4bb0e1c36cd495e0a8eba67de65ca6b2db84e8"", ""algorithms"": {""curve_algorithms.py"": ""85e1f6444f23091810a3042decc3e2945a273d2b83cb5da3c6b76f8b495c98e7"", ""cps_paper_algorithms.py"": ""49bca757aacc4d81c9263416c79b91da6fbb2df5358e9e4bb80d97d08802d876""}, ""graph_limits"": {""seconds"": 55.0, ""max_states"": 100000, ""max_transitions"": 20000000, ""max_chain_edges"": 800000}, ""phase_budgets"": {""startup"": 60.0, ""input_loading"": 15.0, ""warmup"": 120.0, ""solver"": 60.0, ""checkpoint"": 5.0, ""validation"": 30.0, ""optional_measurements"": 30.0, ""reporting"": 10.0}, ""memory_mib"": 512, ""configuration_id"": ""hurricane:AL102008__AL061989:a0.5|Independent discrete""}"
hurricane,AL102008__AL061989,33,36,projected km,output\paper_v1\hurricane_final_20\inputs\hurricane_AL102008__AL061989.npz,03522b5f4b1b9d80013b557a1f4bb0e1c36cd495e0a8eba67de65ca6b2db84e8,55.4905898744148,66.59347000338767,700.5236944883802,True,,Q2_balanced,2,balanced,14,54,hurricane:AL102008__AL061989:a0.5|CPS-2F,0.5,CPS-2F,,"{""domain"": ""hurricane"", ""pair"": ""AL102008__AL061989"", ""case"": ""hurricane:AL102008__AL061989:a0.5"", ""nA"": 33, ""nB"": 36, ""units"": ""projected km"", ""alpha"": 0.5, ""s_A"": 110.9811797488296, ""s_B"": 133.18694000677533, ""delta1"": 55.4905898744148, ""delta2"": 66.59347000338767, ""delta3"": 700.5236944883802, ""input_file"": ""output\\paper_v1\\hurricane_final_20\\inputs\\hurricane_AL102008__AL061989.npz"", ""method"": ""CPS-2F"", ""diagnostic"": ""final20_54"", ""certificate"": false, ""input_sha256"": ""03522b5f4b1b9d80013b557a1f4bb0e1c36cd495e0a8eba67de65ca6b2db84e8"", ""algorithms"": {""curve_algorithms.py"": ""85e1f6444f23091810a3042decc3e2945a273d2b83cb5da3c6b76f8b495c98e7"", ""cps_paper_algorithms.py"": ""49bca757aacc4d81c9263416c79b91da6fbb2df5358e9e4bb80d97d08802d876""}, ""graph_limits"": {""seconds"": 55.0, ""max_states"": 100000, ""max_transitions"": 20000000, ""max_chain_edges"": 800000}, ""phase_budgets"": {""startup"": 60.0, ""input_loading"": 15.0, ""warmup"": 120.0, ""solver"": 60.0, ""checkpoint"": 5.0, ""validation"": 30.0, ""optional_measurements"": 30.0, ""reporting"": 10.0}, ""memory_mib"": 512, ""configuration_id"": ""hurricane:AL102008__AL061989:a0.5|CPS-2F""}"
hurricane,AL102008__AL061989,33,36,projected km,output\paper_v1\hurricane_final_20\inputs\hurricane_AL102008__AL061989.npz,03522b5f4b1b9d80013b557a1f4bb0e1c36cd495e0a8eba67de65ca6b2db84e8,55.4905898744148,66.59347000338767,700.5236944883802,True,,Q2_balanced,2,balanced,14,55,hurricane:AL102008__AL061989:a0.5|CPS-3F,0.5,CPS-3F,,"{""domain"": ""hurricane"", ""pair"": ""AL102008__AL061989"", ""case"": ""hurricane:AL102008__AL061989:a0.5"", ""nA"": 33, ""nB"": 36, ""units"": ""projected km"", ""alpha"": 0.5, ""s_A"": 110.9811797488296, ""s_B"": 133.18694000677533, ""delta1"": 55.4905898744148, ""delta2"": 66.59347000338767, ""delta3"": 700.5236944883802, ""input_file"": ""output\\paper_v1\\hurricane_final_20\\inputs\\hurricane_AL102008__AL061989.npz"", ""method"": ""CPS-3F"", ""diagnostic"": ""final20_55"", ""certificate"": false, ""input_sha256"": ""03522b5f4b1b9d80013b557a1f4bb0e1c36cd495e0a8eba67de65ca6b2db84e8"", ""algorithms"": {""curve_algorithms.py"": ""85e1f6444f23091810a3042decc3e2945a273d2b83cb5da3c6b76f8b495c98e7"", ""cps_paper_algorithms.py"": ""49bca757aacc4d81c9263416c79b91da6fbb2df5358e9e4bb80d97d08802d876""}, ""graph_limits"": {""seconds"": 55.0, ""max_states"": 100000, ""max_transitions"": 20000000, ""max_chain_edges"": 800000}, ""phase_budgets"": {""startup"": 60.0, ""input_loading"": 15.0, ""warmup"": 120.0, ""solver"": 60.0, ""checkpoint"": 5.0, ""validation"": 30.0, ""optional_measurements"": 30.0, ""reporting"": 10.0}, ""memory_mib"": 512, ""configuration_id"": ""hurricane:AL102008__AL061989:a0.5|CPS-3F""}"
hurricane,AL102008__AL061989,33,36,projected km,output\paper_v1\hurricane_final_20\inputs\hurricane_AL102008__AL061989.npz,03522b5f4b1b9d80013b557a1f4bb0e1c36cd495e0a8eba67de65ca6b2db84e8,55.4905898744148,66.59347000338767,700.5236944883802,True,,Q2_balanced,2,balanced,14,56,hurricane:AL102008__AL061989:a0.5|Independent continuous,0.5,Independent continuous,,"{""domain"": ""hurricane"", ""pair"": ""AL102008__AL061989"", ""case"": ""hurricane:AL102008__AL061989:a0.5"", ""nA"": 33, ""nB"": 36, ""units"": ""projected km"", ""alpha"": 0.5, ""s_A"": 110.9811797488296, ""s_B"": 133.18694000677533, ""delta1"": 55.4905898744148, ""delta2"": 66.59347000338767, ""delta3"": 700.5236944883802, ""input_file"": ""output\\paper_v1\\hurricane_final_20\\inputs\\hurricane_AL102008__AL061989.npz"", ""method"": ""Independent continuous"", ""diagnostic"": ""final20_56"", ""certificate"": false, ""input_sha256"": ""03522b5f4b1b9d80013b557a1f4bb0e1c36cd495e0a8eba67de65ca6b2db84e8"", ""algorithms"": {""curve_algorithms.py"": ""85e1f6444f23091810a3042decc3e2945a273d2b83cb5da3c6b76f8b495c98e7"", ""cps_paper_algorithms.py"": ""49bca757aacc4d81c9263416c79b91da6fbb2df5358e9e4bb80d97d08802d876""}, ""graph_limits"": {""seconds"": 55.0, ""max_states"": 100000, ""max_transitions"": 20000000, ""max_chain_edges"": 800000}, ""phase_budgets"": {""startup"": 60.0, ""input_loading"": 15.0, ""warmup"": 120.0, ""solver"": 60.0, ""checkpoint"": 5.0, ""validation"": 30.0, ""optional_measurements"": 30.0, ""reporting"": 10.0}, ""memory_mib"": 512, ""configuration_id"": ""hurricane:AL102008__AL061989:a0.5|Independent continuous""}"
hurricane,EP102002__EP042014,31,42,projected km,output\paper_v1\hurricane_final_20\inputs\hurricane_EP102002__EP042014.npz,c7e12ce495215ad4ea07cd2563504d9596457095f47999d9c2f0a69fe0758f68,45.982674841101485,33.04288866454094,408.6856459982538,True,,Q3_balanced,3,balanced,15,57,hurricane:EP102002__EP042014:a0.5|CPS-2F,0.5,CPS-2F,,"{""domain"": ""hurricane"", ""pair"": ""EP102002__EP042014"", ""case"": ""hurricane:EP102002__EP042014:a0.5"", ""nA"": 31, ""nB"": 42, ""units"": ""projected km"", ""alpha"": 0.5, ""s_A"": 91.96534968220297, ""s_B"": 66.08577732908188, ""delta1"": 45.982674841101485, ""delta2"": 33.04288866454094, ""delta3"": 408.6856459982538, ""input_file"": ""output\\paper_v1\\hurricane_final_20\\inputs\\hurricane_EP102002__EP042014.npz"", ""method"": ""CPS-2F"", ""diagnostic"": ""final20_57"", ""certificate"": false, ""input_sha256"": ""c7e12ce495215ad4ea07cd2563504d9596457095f47999d9c2f0a69fe0758f68"", ""algorithms"": {""curve_algorithms.py"": ""85e1f6444f23091810a3042decc3e2945a273d2b83cb5da3c6b76f8b495c98e7"", ""cps_paper_algorithms.py"": ""49bca757aacc4d81c9263416c79b91da6fbb2df5358e9e4bb80d97d08802d876""}, ""graph_limits"": {""seconds"": 55.0, ""max_states"": 100000, ""max_transitions"": 20000000, ""max_chain_edges"": 800000}, ""phase_budgets"": {""startup"": 60.0, ""input_loading"": 15.0, ""warmup"": 120.0, ""solver"": 60.0, ""checkpoint"": 5.0, ""validation"": 30.0, ""optional_measurements"": 30.0, ""reporting"": 10.0}, ""memory_mib"": 512, ""configuration_id"": ""hurricane:EP102002__EP042014:a0.5|CPS-2F""}"
hurricane,EP102002__EP042014,31,42,projected km,output\paper_v1\hurricane_final_20\inputs\hurricane_EP102002__EP042014.npz,c7e12ce495215ad4ea07cd2563504d9596457095f47999d9c2f0a69fe0758f68,45.982674841101485,33.04288866454094,408.6856459982538,True,,Q3_balanced,3,balanced,15,58,hurricane:EP102002__EP042014:a0.5|CPS-3F,0.5,CPS-3F,,"{""domain"": ""hurricane"", ""pair"": ""EP102002__EP042014"", ""case"": ""hurricane:EP102002__EP042014:a0.5"", ""nA"": 31, ""nB"": 42, ""units"": ""projected km"", ""alpha"": 0.5, ""s_A"": 91.96534968220297, ""s_B"": 66.08577732908188, ""delta1"": 45.982674841101485, ""delta2"": 33.04288866454094, ""delta3"": 408.6856459982538, ""input_file"": ""output\\paper_v1\\hurricane_final_20\\inputs\\hurricane_EP102002__EP042014.npz"", ""method"": ""CPS-3F"", ""diagnostic"": ""final20_58"", ""certificate"": false, ""input_sha256"": ""c7e12ce495215ad4ea07cd2563504d9596457095f47999d9c2f0a69fe0758f68"", ""algorithms"": {""curve_algorithms.py"": ""85e1f6444f23091810a3042decc3e2945a273d2b83cb5da3c6b76f8b495c98e7"", ""cps_paper_algorithms.py"": ""49bca757aacc4d81c9263416c79b91da6fbb2df5358e9e4bb80d97d08802d876""}, ""graph_limits"": {""seconds"": 55.0, ""max_states"": 100000, ""max_transitions"": 20000000, ""max_chain_edges"": 800000}, ""phase_budgets"": {""startup"": 60.0, ""input_loading"": 15.0, ""warmup"": 120.0, ""solver"": 60.0, ""checkpoint"": 5.0, ""validation"": 30.0, ""optional_measurements"": 30.0, ""reporting"": 10.0}, ""memory_mib"": 512, ""configuration_id"": ""hurricane:EP102002__EP042014:a0.5|CPS-3F""}"
hurricane,EP102002__EP042014,31,42,projected km,output\paper_v1\hurricane_final_20\inputs\hurricane_EP102002__EP042014.npz,c7e12ce495215ad4ea07cd2563504d9596457095f47999d9c2f0a69fe0758f68,45.982674841101485,33.04288866454094,408.6856459982538,True,,Q3_balanced,3,balanced,15,59,hurricane:EP102002__EP042014:a0.5|Independent continuous,0.5,Independent continuous,,"{""domain"": ""hurricane"", ""pair"": ""EP102002__EP042014"", ""case"": ""hurricane:EP102002__EP042014:a0.5"", ""nA"": 31, ""nB"": 42, ""units"": ""projected km"", ""alpha"": 0.5, ""s_A"": 91.96534968220297, ""s_B"": 66.08577732908188, ""delta1"": 45.982674841101485, ""delta2"": 33.04288866454094, ""delta3"": 408.6856459982538, ""input_file"": ""output\\paper_v1\\hurricane_final_20\\inputs\\hurricane_EP102002__EP042014.npz"", ""method"": ""Independent continuous"", ""diagnostic"": ""final20_59"", ""certificate"": false, ""input_sha256"": ""c7e12ce495215ad4ea07cd2563504d9596457095f47999d9c2f0a69fe0758f68"", ""algorithms"": {""curve_algorithms.py"": ""85e1f6444f23091810a3042decc3e2945a273d2b83cb5da3c6b76f8b495c98e7"", ""cps_paper_algorithms.py"": ""49bca757aacc4d81c9263416c79b91da6fbb2df5358e9e4bb80d97d08802d876""}, ""graph_limits"": {""seconds"": 55.0, ""max_states"": 100000, ""max_transitions"": 20000000, ""max_chain_edges"": 800000}, ""phase_budgets"": {""startup"": 60.0, ""input_loading"": 15.0, ""warmup"": 120.0, ""solver"": 60.0, ""checkpoint"": 5.0, ""validation"": 30.0, ""optional_measurements"": 30.0, ""reporting"": 10.0}, ""memory_mib"": 512, ""configuration_id"": ""hurricane:EP102002__EP042014:a0.5|Independent continuous""}"
hurricane,EP102002__EP042014,31,42,projected km,output\paper_v1\hurricane_final_20\inputs\hurricane_EP102002__EP042014.npz,c7e12ce495215ad4ea07cd2563504d9596457095f47999d9c2f0a69fe0758f68,45.982674841101485,33.04288866454094,408.6856459982538,True,,Q3_balanced,3,balanced,15,60,hurricane:EP102002__EP042014:a0.5|Independent discrete,0.5,Independent discrete,,"{""domain"": ""hurricane"", ""pair"": ""EP102002__EP042014"", ""case"": ""hurricane:EP102002__EP042014:a0.5"", ""nA"": 31, ""nB"": 42, ""units"": ""projected km"", ""alpha"": 0.5, ""s_A"": 91.96534968220297, ""s_B"": 66.08577732908188, ""delta1"": 45.982674841101485, ""delta2"": 33.04288866454094, ""delta3"": 408.6856459982538, ""input_file"": ""output\\paper_v1\\hurricane_final_20\\inputs\\hurricane_EP102002__EP042014.npz"", ""method"": ""Independent discrete"", ""diagnostic"": ""final20_60"", ""certificate"": false, ""input_sha256"": ""c7e12ce495215ad4ea07cd2563504d9596457095f47999d9c2f0a69fe0758f68"", ""algorithms"": {""curve_algorithms.py"": ""85e1f6444f23091810a3042decc3e2945a273d2b83cb5da3c6b76f8b495c98e7"", ""cps_paper_algorithms.py"": ""49bca757aacc4d81c9263416c79b91da6fbb2df5358e9e4bb80d97d08802d876""}, ""graph_limits"": {""seconds"": 55.0, ""max_states"": 100000, ""max_transitions"": 20000000, ""max_chain_edges"": 800000}, ""phase_budgets"": {""startup"": 60.0, ""input_loading"": 15.0, ""warmup"": 120.0, ""solver"": 60.0, ""checkpoint"": 5.0, ""validation"": 30.0, ""optional_measurements"": 30.0, ""reporting"": 10.0}, ""memory_mib"": 512, ""configuration_id"": ""hurricane:EP102002__EP042014:a0.5|Independent discrete""}"
hurricane,EP032000__EP041975,27,41,projected km,output\paper_v1\hurricane_final_20\inputs\hurricane_EP032000__EP041975.npz,4f61048028e7f2e99bbb36e29c5c6f0bd6dad7d99299932738a2ec913d7ea67a,54.744544807367404,42.88395494751405,654.008303422923,True,,Q3_unequal,3,unequal,16,61,hurricane:EP032000__EP041975:a0.5|CPS-3F,0.5,CPS-3F,,"{""domain"": ""hurricane"", ""pair"": ""EP032000__EP041975"", ""case"": ""hurricane:EP032000__EP041975:a0.5"", ""nA"": 27, ""nB"": 41, ""units"": ""projected km"", ""alpha"": 0.5, ""s_A"": 109.48908961473481, ""s_B"": 85.7679098950281, ""delta1"": 54.744544807367404, ""delta2"": 42.88395494751405, ""delta3"": 654.008303422923, ""input_file"": ""output\\paper_v1\\hurricane_final_20\\inputs\\hurricane_EP032000__EP041975.npz"", ""method"": ""CPS-3F"", ""diagnostic"": ""final20_61"", ""certificate"": false, ""input_sha256"": ""4f61048028e7f2e99bbb36e29c5c6f0bd6dad7d99299932738a2ec913d7ea67a"", ""algorithms"": {""curve_algorithms.py"": ""85e1f6444f23091810a3042decc3e2945a273d2b83cb5da3c6b76f8b495c98e7"", ""cps_paper_algorithms.py"": ""49bca757aacc4d81c9263416c79b91da6fbb2df5358e9e4bb80d97d08802d876""}, ""graph_limits"": {""seconds"": 55.0, ""max_states"": 100000, ""max_transitions"": 20000000, ""max_chain_edges"": 800000}, ""phase_budgets"": {""startup"": 60.0, ""input_loading"": 15.0, ""warmup"": 120.0, ""solver"": 60.0, ""checkpoint"": 5.0, ""validation"": 30.0, ""optional_measurements"": 30.0, ""reporting"": 10.0}, ""memory_mib"": 512, ""configuration_id"": ""hurricane:EP032000__EP041975:a0.5|CPS-3F""}"
hurricane,EP032000__EP041975,27,41,projected km,output\paper_v1\hurricane_final_20\inputs\hurricane_EP032000__EP041975.npz,4f61048028e7f2e99bbb36e29c5c6f0bd6dad7d99299932738a2ec913d7ea67a,54.744544807367404,42.88395494751405,654.008303422923,True,,Q3_unequal,3,unequal,16,62,hurricane:EP032000__EP041975:a0.5|Independent continuous,0.5,Independent continuous,,"{""domain"": ""hurricane"", ""pair"": ""EP032000__EP041975"", ""case"": ""hurricane:EP032000__EP041975:a0.5"", ""nA"": 27, ""nB"": 41, ""units"": ""projected km"", ""alpha"": 0.5, ""s_A"": 109.48908961473481, ""s_B"": 85.7679098950281, ""delta1"": 54.744544807367404, ""delta2"": 42.88395494751405, ""delta3"": 654.008303422923, ""input_file"": ""output\\paper_v1\\hurricane_final_20\\inputs\\hurricane_EP032000__EP041975.npz"", ""method"": ""Independent continuous"", ""diagnostic"": ""final20_62"", ""certificate"": false, ""input_sha256"": ""4f61048028e7f2e99bbb36e29c5c6f0bd6dad7d99299932738a2ec913d7ea67a"", ""algorithms"": {""curve_algorithms.py"": ""85e1f6444f23091810a3042decc3e2945a273d2b83cb5da3c6b76f8b495c98e7"", ""cps_paper_algorithms.py"": ""49bca757aacc4d81c9263416c79b91da6fbb2df5358e9e4bb80d97d08802d876""}, ""graph_limits"": {""seconds"": 55.0, ""max_states"": 100000, ""max_transitions"": 20000000, ""max_chain_edges"": 800000}, ""phase_budgets"": {""startup"": 60.0, ""input_loading"": 15.0, ""warmup"": 120.0, ""solver"": 60.0, ""checkpoint"": 5.0, ""validation"": 30.0, ""optional_measurements"": 30.0, ""reporting"": 10.0}, ""memory_mib"": 512, ""configuration_id"": ""hurricane:EP032000__EP041975:a0.5|Independent continuous""}"
hurricane,EP032000__EP041975,27,41,projected km,output\paper_v1\hurricane_final_20\inputs\hurricane_EP032000__EP041975.npz,4f61048028e7f2e99bbb36e29c5c6f0bd6dad7d99299932738a2ec913d7ea67a,54.744544807367404,42.88395494751405,654.008303422923,True,,Q3_unequal,3,unequal,16,63,hurricane:EP032000__EP041975:a0.5|Independent discrete,0.5,Independent discrete,,"{""domain"": ""hurricane"", ""pair"": ""EP032000__EP041975"", ""case"": ""hurricane:EP032000__EP041975:a0.5"", ""nA"": 27, ""nB"": 41, ""units"": ""projected km"", ""alpha"": 0.5, ""s_A"": 109.48908961473481, ""s_B"": 85.7679098950281, ""delta1"": 54.744544807367404, ""delta2"": 42.88395494751405, ""delta3"": 654.008303422923, ""input_file"": ""output\\paper_v1\\hurricane_final_20\\inputs\\hurricane_EP032000__EP041975.npz"", ""method"": ""Independent discrete"", ""diagnostic"": ""final20_63"", ""certificate"": false, ""input_sha256"": ""4f61048028e7f2e99bbb36e29c5c6f0bd6dad7d99299932738a2ec913d7ea67a"", ""algorithms"": {""curve_algorithms.py"": ""85e1f6444f23091810a3042decc3e2945a273d2b83cb5da3c6b76f8b495c98e7"", ""cps_paper_algorithms.py"": ""49bca757aacc4d81c9263416c79b91da6fbb2df5358e9e4bb80d97d08802d876""}, ""graph_limits"": {""seconds"": 55.0, ""max_states"": 100000, ""max_transitions"": 20000000, ""max_chain_edges"": 800000}, ""phase_budgets"": {""startup"": 60.0, ""input_loading"": 15.0, ""warmup"": 120.0, ""solver"": 60.0, ""checkpoint"": 5.0, ""validation"": 30.0, ""optional_measurements"": 30.0, ""reporting"": 10.0}, ""memory_mib"": 512, ""configuration_id"": ""hurricane:EP032000__EP041975:a0.5|Independent discrete""}"
hurricane,EP032000__EP041975,27,41,projected km,output\paper_v1\hurricane_final_20\inputs\hurricane_EP032000__EP041975.npz,4f61048028e7f2e99bbb36e29c5c6f0bd6dad7d99299932738a2ec913d7ea67a,54.744544807367404,42.88395494751405,654.008303422923,True,,Q3_unequal,3,unequal,16,64,hurricane:EP032000__EP041975:a0.5|CPS-2F,0.5,CPS-2F,,"{""domain"": ""hurricane"", ""pair"": ""EP032000__EP041975"", ""case"": ""hurricane:EP032000__EP041975:a0.5"", ""nA"": 27, ""nB"": 41, ""units"": ""projected km"", ""alpha"": 0.5, ""s_A"": 109.48908961473481, ""s_B"": 85.7679098950281, ""delta1"": 54.744544807367404, ""delta2"": 42.88395494751405, ""delta3"": 654.008303422923, ""input_file"": ""output\\paper_v1\\hurricane_final_20\\inputs\\hurricane_EP032000__EP041975.npz"", ""method"": ""CPS-2F"", ""diagnostic"": ""final20_64"", ""certificate"": false, ""input_sha256"": ""4f61048028e7f2e99bbb36e29c5c6f0bd6dad7d99299932738a2ec913d7ea67a"", ""algorithms"": {""curve_algorithms.py"": ""85e1f6444f23091810a3042decc3e2945a273d2b83cb5da3c6b76f8b495c98e7"", ""cps_paper_algorithms.py"": ""49bca757aacc4d81c9263416c79b91da6fbb2df5358e9e4bb80d97d08802d876""}, ""graph_limits"": {""seconds"": 55.0, ""max_states"": 100000, ""max_transitions"": 20000000, ""max_chain_edges"": 800000}, ""phase_budgets"": {""startup"": 60.0, ""input_loading"": 15.0, ""warmup"": 120.0, ""solver"": 60.0, ""checkpoint"": 5.0, ""validation"": 30.0, ""optional_measurements"": 30.0, ""reporting"": 10.0}, ""memory_mib"": 512, ""configuration_id"": ""hurricane:EP032000__EP041975:a0.5|CPS-2F""}"
hurricane,EP081993__EP121989,56,45,projected km,output\paper_v1\hurricane_final_20\inputs\hurricane_EP081993__EP121989.npz,4ac28373bff6ea6afc5eb44c48cbbb5bb19ff12c6caef7db2d6707a2952d1834,39.58488478955462,52.77038708832474,457.382013117886,True,,Q4_balanced,4,balanced,17,65,hurricane:EP081993__EP121989:a0.5|Independent continuous,0.5,Independent continuous,,"{""domain"": ""hurricane"", ""pair"": ""EP081993__EP121989"", ""case"": ""hurricane:EP081993__EP121989:a0.5"", ""nA"": 56, ""nB"": 45, ""units"": ""projected km"", ""alpha"": 0.5, ""s_A"": 79.16976957910924, ""s_B"": 105.54077417664948, ""delta1"": 39.58488478955462, ""delta2"": 52.77038708832474, ""delta3"": 457.382013117886, ""input_file"": ""output\\paper_v1\\hurricane_final_20\\inputs\\hurricane_EP081993__EP121989.npz"", ""method"": ""Independent continuous"", ""diagnostic"": ""final20_65"", ""certificate"": false, ""input_sha256"": ""4ac28373bff6ea6afc5eb44c48cbbb5bb19ff12c6caef7db2d6707a2952d1834"", ""algorithms"": {""curve_algorithms.py"": ""85e1f6444f23091810a3042decc3e2945a273d2b83cb5da3c6b76f8b495c98e7"", ""cps_paper_algorithms.py"": ""49bca757aacc4d81c9263416c79b91da6fbb2df5358e9e4bb80d97d08802d876""}, ""graph_limits"": {""seconds"": 55.0, ""max_states"": 100000, ""max_transitions"": 20000000, ""max_chain_edges"": 800000}, ""phase_budgets"": {""startup"": 60.0, ""input_loading"": 15.0, ""warmup"": 120.0, ""solver"": 60.0, ""checkpoint"": 5.0, ""validation"": 30.0, ""optional_measurements"": 30.0, ""reporting"": 10.0}, ""memory_mib"": 512, ""configuration_id"": ""hurricane:EP081993__EP121989:a0.5|Independent continuous""}"
hurricane,EP081993__EP121989,56,45,projected km,output\paper_v1\hurricane_final_20\inputs\hurricane_EP081993__EP121989.npz,4ac28373bff6ea6afc5eb44c48cbbb5bb19ff12c6caef7db2d6707a2952d1834,39.58488478955462,52.77038708832474,457.382013117886,True,,Q4_balanced,4,balanced,17,66,hurricane:EP081993__EP121989:a0.5|Independent discrete,0.5,Independent discrete,,"{""domain"": ""hurricane"", ""pair"": ""EP081993__EP121989"", ""case"": ""hurricane:EP081993__EP121989:a0.5"", ""nA"": 56, ""nB"": 45, ""units"": ""projected km"", ""alpha"": 0.5, ""s_A"": 79.16976957910924, ""s_B"": 105.54077417664948, ""delta1"": 39.58488478955462, ""delta2"": 52.77038708832474, ""delta3"": 457.382013117886, ""input_file"": ""output\\paper_v1\\hurricane_final_20\\inputs\\hurricane_EP081993__EP121989.npz"", ""method"": ""Independent discrete"", ""diagnostic"": ""final20_66"", ""certificate"": false, ""input_sha256"": ""4ac28373bff6ea6afc5eb44c48cbbb5bb19ff12c6caef7db2d6707a2952d1834"", ""algorithms"": {""curve_algorithms.py"": ""85e1f6444f23091810a3042decc3e2945a273d2b83cb5da3c6b76f8b495c98e7"", ""cps_paper_algorithms.py"": ""49bca757aacc4d81c9263416c79b91da6fbb2df5358e9e4bb80d97d08802d876""}, ""graph_limits"": {""seconds"": 55.0, ""max_states"": 100000, ""max_transitions"": 20000000, ""max_chain_edges"": 800000}, ""phase_budgets"": {""startup"": 60.0, ""input_loading"": 15.0, ""warmup"": 120.0, ""solver"": 60.0, ""checkpoint"": 5.0, ""validation"": 30.0, ""optional_measurements"": 30.0, ""reporting"": 10.0}, ""memory_mib"": 512, ""configuration_id"": ""hurricane:EP081993__EP121989:a0.5|Independent discrete""}"
hurricane,EP081993__EP121989,56,45,projected km,output\paper_v1\hurricane_final_20\inputs\hurricane_EP081993__EP121989.npz,4ac28373bff6ea6afc5eb44c48cbbb5bb19ff12c6caef7db2d6707a2952d1834,39.58488478955462,52.77038708832474,457.382013117886,True,,Q4_balanced,4,balanced,17,67,hurricane:EP081993__EP121989:a0.5|CPS-2F,0.5,CPS-2F,,"{""domain"": ""hurricane"", ""pair"": ""EP081993__EP121989"", ""case"": ""hurricane:EP081993__EP121989:a0.5"", ""nA"": 56, ""nB"": 45, ""units"": ""projected km"", ""alpha"": 0.5, ""s_A"": 79.16976957910924, ""s_B"": 105.54077417664948, ""delta1"": 39.58488478955462, ""delta2"": 52.77038708832474, ""delta3"": 457.382013117886, ""input_file"": ""output\\paper_v1\\hurricane_final_20\\inputs\\hurricane_EP081993__EP121989.npz"", ""method"": ""CPS-2F"", ""diagnostic"": ""final20_67"", ""certificate"": false, ""input_sha256"": ""4ac28373bff6ea6afc5eb44c48cbbb5bb19ff12c6caef7db2d6707a2952d1834"", ""algorithms"": {""curve_algorithms.py"": ""85e1f6444f23091810a3042decc3e2945a273d2b83cb5da3c6b76f8b495c98e7"", ""cps_paper_algorithms.py"": ""49bca757aacc4d81c9263416c79b91da6fbb2df5358e9e4bb80d97d08802d876""}, ""graph_limits"": {""seconds"": 55.0, ""max_states"": 100000, ""max_transitions"": 20000000, ""max_chain_edges"": 800000}, ""phase_budgets"": {""startup"": 60.0, ""input_loading"": 15.0, ""warmup"": 120.0, ""solver"": 60.0, ""checkpoint"": 5.0, ""validation"": 30.0, ""optional_measurements"": 30.0, ""reporting"": 10.0}, ""memory_mib"": 512, ""configuration_id"": ""hurricane:EP081993__EP121989:a0.5|CPS-2F""}"
hurricane,EP081993__EP121989,56,45,projected km,output\paper_v1\hurricane_final_20\inputs\hurricane_EP081993__EP121989.npz,4ac28373bff6ea6afc5eb44c48cbbb5bb19ff12c6caef7db2d6707a2952d1834,39.58488478955462,52.77038708832474,457.382013117886,True,,Q4_balanced,4,balanced,17,68,hurricane:EP081993__EP121989:a0.5|CPS-3F,0.5,CPS-3F,,"{""domain"": ""hurricane"", ""pair"": ""EP081993__EP121989"", ""case"": ""hurricane:EP081993__EP121989:a0.5"", ""nA"": 56, ""nB"": 45, ""units"": ""projected km"", ""alpha"": 0.5, ""s_A"": 79.16976957910924, ""s_B"": 105.54077417664948, ""delta1"": 39.58488478955462, ""delta2"": 52.77038708832474, ""delta3"": 457.382013117886, ""input_file"": ""output\\paper_v1\\hurricane_final_20\\inputs\\hurricane_EP081993__EP121989.npz"", ""method"": ""CPS-3F"", ""diagnostic"": ""final20_68"", ""certificate"": false, ""input_sha256"": ""4ac28373bff6ea6afc5eb44c48cbbb5bb19ff12c6caef7db2d6707a2952d1834"", ""algorithms"": {""curve_algorithms.py"": ""85e1f6444f23091810a3042decc3e2945a273d2b83cb5da3c6b76f8b495c98e7"", ""cps_paper_algorithms.py"": ""49bca757aacc4d81c9263416c79b91da6fbb2df5358e9e4bb80d97d08802d876""}, ""graph_limits"": {""seconds"": 55.0, ""max_states"": 100000, ""max_transitions"": 20000000, ""max_chain_edges"": 800000}, ""phase_budgets"": {""startup"": 60.0, ""input_loading"": 15.0, ""warmup"": 120.0, ""solver"": 60.0, ""checkpoint"": 5.0, ""validation"": 30.0, ""optional_measurements"": 30.0, ""reporting"": 10.0}, ""memory_mib"": 512, ""configuration_id"": ""hurricane:EP081993__EP121989:a0.5|CPS-3F""}"
hurricane,EP032006__EP201992,27,69,projected km,output\paper_v1\hurricane_final_20\inputs\hurricane_EP032006__EP201992.npz,a628134f9a46e9e7913c849105762a52bc7f7dbbf60d096ab68d220e7e118227,74.05334739689872,36.45256714563898,950.7159634797607,True,,Q4_unequal,4,unequal,18,69,hurricane:EP032006__EP201992:a0.5|Independent discrete,0.5,Independent discrete,,"{""domain"": ""hurricane"", ""pair"": ""EP032006__EP201992"", ""case"": ""hurricane:EP032006__EP201992:a0.5"", ""nA"": 27, ""nB"": 69, ""units"": ""projected km"", ""alpha"": 0.5, ""s_A"": 148.10669479379743, ""s_B"": 72.90513429127796, ""delta1"": 74.05334739689872, ""delta2"": 36.45256714563898, ""delta3"": 950.7159634797607, ""input_file"": ""output\\paper_v1\\hurricane_final_20\\inputs\\hurricane_EP032006__EP201992.npz"", ""method"": ""Independent discrete"", ""diagnostic"": ""final20_69"", ""certificate"": false, ""input_sha256"": ""a628134f9a46e9e7913c849105762a52bc7f7dbbf60d096ab68d220e7e118227"", ""algorithms"": {""curve_algorithms.py"": ""85e1f6444f23091810a3042decc3e2945a273d2b83cb5da3c6b76f8b495c98e7"", ""cps_paper_algorithms.py"": ""49bca757aacc4d81c9263416c79b91da6fbb2df5358e9e4bb80d97d08802d876""}, ""graph_limits"": {""seconds"": 55.0, ""max_states"": 100000, ""max_transitions"": 20000000, ""max_chain_edges"": 800000}, ""phase_budgets"": {""startup"": 60.0, ""input_loading"": 15.0, ""warmup"": 120.0, ""solver"": 60.0, ""checkpoint"": 5.0, ""validation"": 30.0, ""optional_measurements"": 30.0, ""reporting"": 10.0}, ""memory_mib"": 512, ""configuration_id"": ""hurricane:EP032006__EP201992:a0.5|Independent discrete""}"
hurricane,EP032006__EP201992,27,69,projected km,output\paper_v1\hurricane_final_20\inputs\hurricane_EP032006__EP201992.npz,a628134f9a46e9e7913c849105762a52bc7f7dbbf60d096ab68d220e7e118227,74.05334739689872,36.45256714563898,950.7159634797607,True,,Q4_unequal,4,unequal,18,70,hurricane:EP032006__EP201992:a0.5|CPS-2F,0.5,CPS-2F,,"{""domain"": ""hurricane"", ""pair"": ""EP032006__EP201992"", ""case"": ""hurricane:EP032006__EP201992:a0.5"", ""nA"": 27, ""nB"": 69, ""units"": ""projected km"", ""alpha"": 0.5, ""s_A"": 148.10669479379743, ""s_B"": 72.90513429127796, ""delta1"": 74.05334739689872, ""delta2"": 36.45256714563898, ""delta3"": 950.7159634797607, ""input_file"": ""output\\paper_v1\\hurricane_final_20\\inputs\\hurricane_EP032006__EP201992.npz"", ""method"": ""CPS-2F"", ""diagnostic"": ""final20_70"", ""certificate"": false, ""input_sha256"": ""a628134f9a46e9e7913c849105762a52bc7f7dbbf60d096ab68d220e7e118227"", ""algorithms"": {""curve_algorithms.py"": ""85e1f6444f23091810a3042decc3e2945a273d2b83cb5da3c6b76f8b495c98e7"", ""cps_paper_algorithms.py"": ""49bca757aacc4d81c9263416c79b91da6fbb2df5358e9e4bb80d97d08802d876""}, ""graph_limits"": {""seconds"": 55.0, ""max_states"": 100000, ""max_transitions"": 20000000, ""max_chain_edges"": 800000}, ""phase_budgets"": {""startup"": 60.0, ""input_loading"": 15.0, ""warmup"": 120.0, ""solver"": 60.0, ""checkpoint"": 5.0, ""validation"": 30.0, ""optional_measurements"": 30.0, ""reporting"": 10.0}, ""memory_mib"": 512, ""configuration_id"": ""hurricane:EP032006__EP201992:a0.5|CPS-2F""}"
hurricane,EP032006__EP201992,27,69,projected km,output\paper_v1\hurricane_final_20\inputs\hurricane_EP032006__EP201992.npz,a628134f9a46e9e7913c849105762a52bc7f7dbbf60d096ab68d220e7e118227,74.05334739689872,36.45256714563898,950.7159634797607,True,,Q4_unequal,4,unequal,18,71,hurricane:EP032006__EP201992:a0.5|CPS-3F,0.5,CPS-3F,,"{""domain"": ""hurricane"", ""pair"": ""EP032006__EP201992"", ""case"": ""hurricane:EP032006__EP201992:a0.5"", ""nA"": 27, ""nB"": 69, ""units"": ""projected km"", ""alpha"": 0.5, ""s_A"": 148.10669479379743, ""s_B"": 72.90513429127796, ""delta1"": 74.05334739689872, ""delta2"": 36.45256714563898, ""delta3"": 950.7159634797607, ""input_file"": ""output\\paper_v1\\hurricane_final_20\\inputs\\hurricane_EP032006__EP201992.npz"", ""method"": ""CPS-3F"", ""diagnostic"": ""final20_71"", ""certificate"": false, ""input_sha256"": ""a628134f9a46e9e7913c849105762a52bc7f7dbbf60d096ab68d220e7e118227"", ""algorithms"": {""curve_algorithms.py"": ""85e1f6444f23091810a3042decc3e2945a273d2b83cb5da3c6b76f8b495c98e7"", ""cps_paper_algorithms.py"": ""49bca757aacc4d81c9263416c79b91da6fbb2df5358e9e4bb80d97d08802d876""}, ""graph_limits"": {""seconds"": 55.0, ""max_states"": 100000, ""max_transitions"": 20000000, ""max_chain_edges"": 800000}, ""phase_budgets"": {""startup"": 60.0, ""input_loading"": 15.0, ""warmup"": 120.0, ""solver"": 60.0, ""checkpoint"": 5.0, ""validation"": 30.0, ""optional_measurements"": 30.0, ""reporting"": 10.0}, ""memory_mib"": 512, ""configuration_id"": ""hurricane:EP032006__EP201992:a0.5|CPS-3F""}"
hurricane,EP032006__EP201992,27,69,projected km,output\paper_v1\hurricane_final_20\inputs\hurricane_EP032006__EP201992.npz,a628134f9a46e9e7913c849105762a52bc7f7dbbf60d096ab68d220e7e118227,74.05334739689872,36.45256714563898,950.7159634797607,True,,Q4_unequal,4,unequal,18,72,hurricane:EP032006__EP201992:a0.5|Independent continuous,0.5,Independent continuous,,"{""domain"": ""hurricane"", ""pair"": ""EP032006__EP201992"", ""case"": ""hurricane:EP032006__EP201992:a0.5"", ""nA"": 27, ""nB"": 69, ""units"": ""projected km"", ""alpha"": 0.5, ""s_A"": 148.10669479379743, ""s_B"": 72.90513429127796, ""delta1"": 74.05334739689872, ""delta2"": 36.45256714563898, ""delta3"": 950.7159634797607, ""input_file"": ""output\\paper_v1\\hurricane_final_20\\inputs\\hurricane_EP032006__EP201992.npz"", ""method"": ""Independent continuous"", ""diagnostic"": ""final20_72"", ""certificate"": false, ""input_sha256"": ""a628134f9a46e9e7913c849105762a52bc7f7dbbf60d096ab68d220e7e118227"", ""algorithms"": {""curve_algorithms.py"": ""85e1f6444f23091810a3042decc3e2945a273d2b83cb5da3c6b76f8b495c98e7"", ""cps_paper_algorithms.py"": ""49bca757aacc4d81c9263416c79b91da6fbb2df5358e9e4bb80d97d08802d876""}, ""graph_limits"": {""seconds"": 55.0, ""max_states"": 100000, ""max_transitions"": 20000000, ""max_chain_edges"": 800000}, ""phase_budgets"": {""startup"": 60.0, ""input_loading"": 15.0, ""warmup"": 120.0, ""solver"": 60.0, ""checkpoint"": 5.0, ""validation"": 30.0, ""optional_measurements"": 30.0, ""reporting"": 10.0}, ""memory_mib"": 512, ""configuration_id"": ""hurricane:EP032006__EP201992:a0.5|Independent continuous""}"
hurricane,AL022011__AL071977,29,27,projected km,output\paper_v1\hurricane_final_20\inputs\hurricane_AL022011__AL071977.npz,a69c2f5a77f296d5f57f506e9da0631ddc262a181f84e681436a40bcac9cca41,51.843902769443424,56.32007199263512,670.4440211411239,True,,Q1_balanced,1,balanced,19,73,hurricane:AL022011__AL071977:a0.5|CPS-2F,0.5,CPS-2F,,"{""domain"": ""hurricane"", ""pair"": ""AL022011__AL071977"", ""case"": ""hurricane:AL022011__AL071977:a0.5"", ""nA"": 29, ""nB"": 27, ""units"": ""projected km"", ""alpha"": 0.5, ""s_A"": 103.68780553888685, ""s_B"": 112.64014398527024, ""delta1"": 51.843902769443424, ""delta2"": 56.32007199263512, ""delta3"": 670.4440211411239, ""input_file"": ""output\\paper_v1\\hurricane_final_20\\inputs\\hurricane_AL022011__AL071977.npz"", ""method"": ""CPS-2F"", ""diagnostic"": ""final20_73"", ""certificate"": false, ""input_sha256"": ""a69c2f5a77f296d5f57f506e9da0631ddc262a181f84e681436a40bcac9cca41"", ""algorithms"": {""curve_algorithms.py"": ""85e1f6444f23091810a3042decc3e2945a273d2b83cb5da3c6b76f8b495c98e7"", ""cps_paper_algorithms.py"": ""49bca757aacc4d81c9263416c79b91da6fbb2df5358e9e4bb80d97d08802d876""}, ""graph_limits"": {""seconds"": 55.0, ""max_states"": 100000, ""max_transitions"": 20000000, ""max_chain_edges"": 800000}, ""phase_budgets"": {""startup"": 60.0, ""input_loading"": 15.0, ""warmup"": 120.0, ""solver"": 60.0, ""checkpoint"": 5.0, ""validation"": 30.0, ""optional_measurements"": 30.0, ""reporting"": 10.0}, ""memory_mib"": 512, ""configuration_id"": ""hurricane:AL022011__AL071977:a0.5|CPS-2F""}"
hurricane,AL022011__AL071977,29,27,projected km,output\paper_v1\hurricane_final_20\inputs\hurricane_AL022011__AL071977.npz,a69c2f5a77f296d5f57f506e9da0631ddc262a181f84e681436a40bcac9cca41,51.843902769443424,56.32007199263512,670.4440211411239,True,,Q1_balanced,1,balanced,19,74,hurricane:AL022011__AL071977:a0.5|CPS-3F,0.5,CPS-3F,,"{""domain"": ""hurricane"", ""pair"": ""AL022011__AL071977"", ""case"": ""hurricane:AL022011__AL071977:a0.5"", ""nA"": 29, ""nB"": 27, ""units"": ""projected km"", ""alpha"": 0.5, ""s_A"": 103.68780553888685, ""s_B"": 112.64014398527024, ""delta1"": 51.843902769443424, ""delta2"": 56.32007199263512, ""delta3"": 670.4440211411239, ""input_file"": ""output\\paper_v1\\hurricane_final_20\\inputs\\hurricane_AL022011__AL071977.npz"", ""method"": ""CPS-3F"", ""diagnostic"": ""final20_74"", ""certificate"": false, ""input_sha256"": ""a69c2f5a77f296d5f57f506e9da0631ddc262a181f84e681436a40bcac9cca41"", ""algorithms"": {""curve_algorithms.py"": ""85e1f6444f23091810a3042decc3e2945a273d2b83cb5da3c6b76f8b495c98e7"", ""cps_paper_algorithms.py"": ""49bca757aacc4d81c9263416c79b91da6fbb2df5358e9e4bb80d97d08802d876""}, ""graph_limits"": {""seconds"": 55.0, ""max_states"": 100000, ""max_transitions"": 20000000, ""max_chain_edges"": 800000}, ""phase_budgets"": {""startup"": 60.0, ""input_loading"": 15.0, ""warmup"": 120.0, ""solver"": 60.0, ""checkpoint"": 5.0, ""validation"": 30.0, ""optional_measurements"": 30.0, ""reporting"": 10.0}, ""memory_mib"": 512, ""configuration_id"": ""hurricane:AL022011__AL071977:a0.5|CPS-3F""}"
hurricane,AL022011__AL071977,29,27,projected km,output\paper_v1\hurricane_final_20\inputs\hurricane_AL022011__AL071977.npz,a69c2f5a77f296d5f57f506e9da0631ddc262a181f84e681436a40bcac9cca41,51.843902769443424,56.32007199263512,670.4440211411239,True,,Q1_balanced,1,balanced,19,75,hurricane:AL022011__AL071977:a0.5|Independent continuous,0.5,Independent continuous,,"{""domain"": ""hurricane"", ""pair"": ""AL022011__AL071977"", ""case"": ""hurricane:AL022011__AL071977:a0.5"", ""nA"": 29, ""nB"": 27, ""units"": ""projected km"", ""alpha"": 0.5, ""s_A"": 103.68780553888685, ""s_B"": 112.64014398527024, ""delta1"": 51.843902769443424, ""delta2"": 56.32007199263512, ""delta3"": 670.4440211411239, ""input_file"": ""output\\paper_v1\\hurricane_final_20\\inputs\\hurricane_AL022011__AL071977.npz"", ""method"": ""Independent continuous"", ""diagnostic"": ""final20_75"", ""certificate"": false, ""input_sha256"": ""a69c2f5a77f296d5f57f506e9da0631ddc262a181f84e681436a40bcac9cca41"", ""algorithms"": {""curve_algorithms.py"": ""85e1f6444f23091810a3042decc3e2945a273d2b83cb5da3c6b76f8b495c98e7"", ""cps_paper_algorithms.py"": ""49bca757aacc4d81c9263416c79b91da6fbb2df5358e9e4bb80d97d08802d876""}, ""graph_limits"": {""seconds"": 55.0, ""max_states"": 100000, ""max_transitions"": 20000000, ""max_chain_edges"": 800000}, ""phase_budgets"": {""startup"": 60.0, ""input_loading"": 15.0, ""warmup"": 120.0, ""solver"": 60.0, ""checkpoint"": 5.0, ""validation"": 30.0, ""optional_measurements"": 30.0, ""reporting"": 10.0}, ""memory_mib"": 512, ""configuration_id"": ""hurricane:AL022011__AL071977:a0.5|Independent continuous""}"
hurricane,AL022011__AL071977,29,27,projected km,output\paper_v1\hurricane_final_20\inputs\hurricane_AL022011__AL071977.npz,a69c2f5a77f296d5f57f506e9da0631ddc262a181f84e681436a40bcac9cca41,51.843902769443424,56.32007199263512,670.4440211411239,True,,Q1_balanced,1,balanced,19,76,hurricane:AL022011__AL071977:a0.5|Independent discrete,0.5,Independent discrete,,"{""domain"": ""hurricane"", ""pair"": ""AL022011__AL071977"", ""case"": ""hurricane:AL022011__AL071977:a0.5"", ""nA"": 29, ""nB"": 27, ""units"": ""projected km"", ""alpha"": 0.5, ""s_A"": 103.68780553888685, ""s_B"": 112.64014398527024, ""delta1"": 51.843902769443424, ""delta2"": 56.32007199263512, ""delta3"": 670.4440211411239, ""input_file"": ""output\\paper_v1\\hurricane_final_20\\inputs\\hurricane_AL022011__AL071977.npz"", ""method"": ""Independent discrete"", ""diagnostic"": ""final20_76"", ""certificate"": false, ""input_sha256"": ""a69c2f5a77f296d5f57f506e9da0631ddc262a181f84e681436a40bcac9cca41"", ""algorithms"": {""curve_algorithms.py"": ""85e1f6444f23091810a3042decc3e2945a273d2b83cb5da3c6b76f8b495c98e7"", ""cps_paper_algorithms.py"": ""49bca757aacc4d81c9263416c79b91da6fbb2df5358e9e4bb80d97d08802d876""}, ""graph_limits"": {""seconds"": 55.0, ""max_states"": 100000, ""max_transitions"": 20000000, ""max_chain_edges"": 800000}, ""phase_budgets"": {""startup"": 60.0, ""input_loading"": 15.0, ""warmup"": 120.0, ""solver"": 60.0, ""checkpoint"": 5.0, ""validation"": 30.0, ""optional_measurements"": 30.0, ""reporting"": 10.0}, ""memory_mib"": 512, ""configuration_id"": ""hurricane:AL022011__AL071977:a0.5|Independent discrete""}"
hurricane,EP101972__EP141967,29,37,projected km,output\paper_v1\hurricane_final_20\inputs\hurricane_EP101972__EP141967.npz,1136560945b718482100845d30314a5c97fde7b5a2ae428ea6275b9cbb457171,53.18383484536521,31.385526077068157,529.4905368904152,True,,Q2_balanced,2,balanced,20,77,hurricane:EP101972__EP141967:a0.5|CPS-3F,0.5,CPS-3F,,"{""domain"": ""hurricane"", ""pair"": ""EP101972__EP141967"", ""case"": ""hurricane:EP101972__EP141967:a0.5"", ""nA"": 29, ""nB"": 37, ""units"": ""projected km"", ""alpha"": 0.5, ""s_A"": 106.36766969073042, ""s_B"": 62.771052154136314, ""delta1"": 53.18383484536521, ""delta2"": 31.385526077068157, ""delta3"": 529.4905368904152, ""input_file"": ""output\\paper_v1\\hurricane_final_20\\inputs\\hurricane_EP101972__EP141967.npz"", ""method"": ""CPS-3F"", ""diagnostic"": ""final20_77"", ""certificate"": false, ""input_sha256"": ""1136560945b718482100845d30314a5c97fde7b5a2ae428ea6275b9cbb457171"", ""algorithms"": {""curve_algorithms.py"": ""85e1f6444f23091810a3042decc3e2945a273d2b83cb5da3c6b76f8b495c98e7"", ""cps_paper_algorithms.py"": ""49bca757aacc4d81c9263416c79b91da6fbb2df5358e9e4bb80d97d08802d876""}, ""graph_limits"": {""seconds"": 55.0, ""max_states"": 100000, ""max_transitions"": 20000000, ""max_chain_edges"": 800000}, ""phase_budgets"": {""startup"": 60.0, ""input_loading"": 15.0, ""warmup"": 120.0, ""solver"": 60.0, ""checkpoint"": 5.0, ""validation"": 30.0, ""optional_measurements"": 30.0, ""reporting"": 10.0}, ""memory_mib"": 512, ""configuration_id"": ""hurricane:EP101972__EP141967:a0.5|CPS-3F""}"
hurricane,EP101972__EP141967,29,37,projected km,output\paper_v1\hurricane_final_20\inputs\hurricane_EP101972__EP141967.npz,1136560945b718482100845d30314a5c97fde7b5a2ae428ea6275b9cbb457171,53.18383484536521,31.385526077068157,529.4905368904152,True,,Q2_balanced,2,balanced,20,78,hurricane:EP101972__EP141967:a0.5|Independent continuous,0.5,Independent continuous,,"{""domain"": ""hurricane"", ""pair"": ""EP101972__EP141967"", ""case"": ""hurricane:EP101972__EP141967:a0.5"", ""nA"": 29, ""nB"": 37, ""units"": ""projected km"", ""alpha"": 0.5, ""s_A"": 106.36766969073042, ""s_B"": 62.771052154136314, ""delta1"": 53.18383484536521, ""delta2"": 31.385526077068157, ""delta3"": 529.4905368904152, ""input_file"": ""output\\paper_v1\\hurricane_final_20\\inputs\\hurricane_EP101972__EP141967.npz"", ""method"": ""Independent continuous"", ""diagnostic"": ""final20_78"", ""certificate"": false, ""input_sha256"": ""1136560945b718482100845d30314a5c97fde7b5a2ae428ea6275b9cbb457171"", ""algorithms"": {""curve_algorithms.py"": ""85e1f6444f23091810a3042decc3e2945a273d2b83cb5da3c6b76f8b495c98e7"", ""cps_paper_algorithms.py"": ""49bca757aacc4d81c9263416c79b91da6fbb2df5358e9e4bb80d97d08802d876""}, ""graph_limits"": {""seconds"": 55.0, ""max_states"": 100000, ""max_transitions"": 20000000, ""max_chain_edges"": 800000}, ""phase_budgets"": {""startup"": 60.0, ""input_loading"": 15.0, ""warmup"": 120.0, ""solver"": 60.0, ""checkpoint"": 5.0, ""validation"": 30.0, ""optional_measurements"": 30.0, ""reporting"": 10.0}, ""memory_mib"": 512, ""configuration_id"": ""hurricane:EP101972__EP141967:a0.5|Independent continuous""}"
hurricane,EP101972__EP141967,29,37,projected km,output\paper_v1\hurricane_final_20\inputs\hurricane_EP101972__EP141967.npz,1136560945b718482100845d30314a5c97fde7b5a2ae428ea6275b9cbb457171,53.18383484536521,31.385526077068157,529.4905368904152,True,,Q2_balanced,2,balanced,20,79,hurricane:EP101972__EP141967:a0.5|Independent discrete,0.5,Independent discrete,,"{""domain"": ""hurricane"", ""pair"": ""EP101972__EP141967"", ""case"": ""hurricane:EP101972__EP141967:a0.5"", ""nA"": 29, ""nB"": 37, ""units"": ""projected km"", ""alpha"": 0.5, ""s_A"": 106.36766969073042, ""s_B"": 62.771052154136314, ""delta1"": 53.18383484536521, ""delta2"": 31.385526077068157, ""delta3"": 529.4905368904152, ""input_file"": ""output\\paper_v1\\hurricane_final_20\\inputs\\hurricane_EP101972__EP141967.npz"", ""method"": ""Independent discrete"", ""diagnostic"": ""final20_79"", ""certificate"": false, ""input_sha256"": ""1136560945b718482100845d30314a5c97fde7b5a2ae428ea6275b9cbb457171"", ""algorithms"": {""curve_algorithms.py"": ""85e1f6444f23091810a3042decc3e2945a273d2b83cb5da3c6b76f8b495c98e7"", ""cps_paper_algorithms.py"": ""49bca757aacc4d81c9263416c79b91da6fbb2df5358e9e4bb80d97d08802d876""}, ""graph_limits"": {""seconds"": 55.0, ""max_states"": 100000, ""max_transitions"": 20000000, ""max_chain_edges"": 800000}, ""phase_budgets"": {""startup"": 60.0, ""input_loading"": 15.0, ""warmup"": 120.0, ""solver"": 60.0, ""checkpoint"": 5.0, ""validation"": 30.0, ""optional_measurements"": 30.0, ""reporting"": 10.0}, ""memory_mib"": 512, ""configuration_id"": ""hurricane:EP101972__EP141967:a0.5|Independent discrete""}"
hurricane,EP101972__EP141967,29,37,projected km,output\paper_v1\hurricane_final_20\inputs\hurricane_EP101972__EP141967.npz,1136560945b718482100845d30314a5c97fde7b5a2ae428ea6275b9cbb457171,53.18383484536521,31.385526077068157,529.4905368904152,True,,Q2_balanced,2,balanced,20,80,hurricane:EP101972__EP141967:a0.5|CPS-2F,0.5,CPS-2F,,"{""domain"": ""hurricane"", ""pair"": ""EP101972__EP141967"", ""case"": ""hurricane:EP101972__EP141967:a0.5"", ""nA"": 29, ""nB"": 37, ""units"": ""projected km"", ""alpha"": 0.5, ""s_A"": 106.36766969073042, ""s_B"": 62.771052154136314, ""delta1"": 53.18383484536521, ""delta2"": 31.385526077068157, ""delta3"": 529.4905368904152, ""input_file"": ""output\\paper_v1\\hurricane_final_20\\inputs\\hurricane_EP101972__EP141967.npz"", ""method"": ""CPS-2F"", ""diagnostic"": ""final20_80"", ""certificate"": false, ""input_sha256"": ""1136560945b718482100845d30314a5c97fde7b5a2ae428ea6275b9cbb457171"", ""algorithms"": {""curve_algorithms.py"": ""85e1f6444f23091810a3042decc3e2945a273d2b83cb5da3c6b76f8b495c98e7"", ""cps_paper_algorithms.py"": ""49bca757aacc4d81c9263416c79b91da6fbb2df5358e9e4bb80d97d08802d876""}, ""graph_limits"": {""seconds"": 55.0, ""max_states"": 100000, ""max_transitions"": 20000000, ""max_chain_edges"": 800000}, ""phase_budgets"": {""startup"": 60.0, ""input_loading"": 15.0, ""warmup"": 120.0, ""solver"": 60.0, ""checkpoint"": 5.0, ""validation"": 30.0, ""optional_measurements"": 30.0, ""reporting"": 10.0}, ""memory_mib"": 512, ""configuration_id"": ""hurricane:EP101972__EP141967:a0.5|CPS-2F""}"
